,SEDOL,HOLDINGS,TICKER,% OF FUNDS*,SUB-INDUSTRY,COUNTRY,SECURITYDEPOSITORYRECEIPTTYPE,MARKET VALUE*,SHARES,YFINANCE_TICKER,RENORMALIZED_WEIGHT
,2379504,NVIDIA Corp,NVDA,4.00%,Semiconductors,US,---,"$3,970,775,578.00","19,779,704",NVDA,0.043719450313183646
,2046251,Apple Inc,AAPL,3.82%,"Technology Hardware, Storage & Peripherals",US,---,"$3,785,666,410.47","12,254,917",AAPL,0.04168134191512131
,2588173,Microsoft Corp,MSFT,2.95%,Systems Software,US,---,"$2,925,928,703.92","6,296,111",MSFT,0.032215367521570934
,2000019,Amazon.com Inc,AMZN,2.25%,Broadline Retail,US,---,"$2,232,963,892.76","8,222,122",AMZN,0.02458561357673737
,BYVY8G0,Alphabet Inc,GOOGL,1.80%,Interactive Media & Services,US,---,"$1,788,662,925.00","5,022,500",GOOGL,0.019693724397277238
,BDZ78H9,Broadcom Inc,AVGO,1.55%,Semiconductors,US,---,"$1,535,296,963.20","3,943,940",AVGO,0.016904087874040043
,6889106,Taiwan Semiconductor Manufacturing Co Ltd,2330,1.54%,Semiconductors,TW,---,"$1,525,627,428.12","20,626,276",2330.TW,0.016797623343326226
,BYY88Y7,Alphabet Inc,GOOG,1.42%,Interactive Media & Services,US,---,"$1,408,147,642.30","3,948,262",GOOG,0.015504135066774491
,B7TL820,Meta Platforms Inc,META,1.05%,Interactive Media & Services,US,---,"$1,037,170,214.85","1,863,035",META,0.011419560431891167
,2190385,JPMorgan Chase & Co,JPM,0.80%,Diversified Banks,US,---,"$797,105,130.45","2,265,855",JPM,0.008776370625973601
,2588184,Micron Technology Inc,MU,0.79%,Semiconductors,US,---,"$786,597,754.02","955,734",MU,0.008660681206430862
,2516152,Eli Lilly & Co,LLY,0.78%,Pharmaceuticals,US,---,"$777,727,917.12","676,968",LLY,0.008563021596609521
,B616C79,Tesla Inc,TSLA,0.78%,Automobile Manufacturers,US,---,"$770,531,996.83","2,475,923",TSLA,0.008483792319256419
,2073390,Berkshire Hathaway Inc,BRK/B,0.71%,Multi-Sector Holdings,US,---,"$709,364,794.96","1,386,724",BRK-B,0.007810322768932731
,6771720,Samsung Electronics Co Ltd,005930,0.69%,"Technology Hardware, Storage & Peripherals",KR,---,"$682,113,929.47","3,918,961",005930.KS,0.007510282427599367
,2007849,Advanced Micro Devices Inc,AMD,0.66%,Semiconductors,US,---,"$656,636,085.95","1,379,053",AMD,0.0072297635989777955
,BVSRPD7,ExxonMobil Holdings Corp,XOM,0.55%,Integrated Oil & Gas,US,---,"$548,312,734.72","3,527,488",XOM,0.00603709046023474
,B929F46,ASML Holding NV,ASML,0.54%,Semiconductor Materials & Equipment,NL,---,"$540,155,140.42","327,775",ASML.AS,0.0059472728586936335
,6450267,SK hynix Inc,000660,0.54%,Semiconductors,KR,---,"$534,515,330.73","470,667",000660.KS,0.005885176833704491
,2475833,Johnson & Johnson,JNJ,0.53%,Pharmaceuticals,US,---,"$521,734,030.35","2,035,241",JNJ,0.0057444508178608215
,B2PZN04,Visa Inc,V,0.52%,Transaction & Payment Processing Services,US,---,"$512,555,638.64","1,399,928",V,0.005643393925463393
,2936921,Walmart Inc,WMT,0.42%,Consumer Staples Merchandise Retail,US,---,"$412,736,925.60","3,711,663",WMT,0.004544359447348595
,B121557,Mastercard Inc,MA,0.39%,Transaction & Payment Processing Services,US,---,"$390,762,504.00","681,840",MA,0.004302414362709477
,2198163,Cisco Systems Inc,CSCO,0.39%,Communications Equipment,US,---,"$388,696,408.80","3,351,120",CSCO,0.004279666024339721
,B92SR70,AbbVie Inc,ABBV,0.38%,Biotechnology,US,---,"$376,689,547.16","1,501,114",ABBV,0.004147466815249278
,2701271,Costco Wholesale Corp,COST,0.36%,Consumer Staples Merchandise Retail,US,---,"$357,014,911.51","375,059",COST,0.003930843075419736
,2295677,Bank of America Corp,BAC,0.35%,Diversified Banks,US,---,"$345,208,135.65","5,572,367",BAC,0.0038008468717989417
,2046552,Applied Materials Inc,AMAT,0.34%,Semiconductor Materials & Equipment,US,---,"$341,531,438.81","672,743",AMAT,0.0037603653180935115
,2463247,Intel Corp,INTC,0.34%,Semiconductors,US,---,"$335,466,067.20","3,719,136",INTC,0.003693583726556688
,BMMV2K8,Tencent Holdings Ltd,700,0.33%,Interactive Media & Services,HK,---,"$324,065,917.80","5,303,602",0700.HK,0.0035680646042931204
,2917766,UnitedHealth Group Inc,UNH,0.32%,Managed Health Care,US,---,"$317,330,944.00","765,760",UNH,0.0034939104883966983
,BL59CR9,General Electric Co,GE,0.32%,Aerospace & Defense,US,---,"$315,406,917.20","875,960",GE,0.0034727263664458418
,2180201,Caterpillar Inc,CAT,0.32%,Construction Machinery & Heavy Transportation Equipment,US,---,"$313,897,404.40","385,240",CAT,0.0034561061700735364
,BSML4N7,Lam Research Corp,LRCX,0.31%,Semiconductor Materials & Equipment,US,---,"$310,771,151.60","1,060,580",LRCX,0.0034216851731495826
,2838555,Chevron Corp,CVX,0.31%,Integrated Oil & Gas,US,---,"$309,493,326.87","1,572,389",CVX,0.003407615933099423
,0540528,HSBC Holdings PLC,HSBA,0.31%,Diversified Banks,GB,---,"$309,175,124.98","14,518,462",HSBA.L,0.003404112433229903
,2206657,Coca-Cola Co/The,KO,0.29%,Soft Drinks & Non-alcoholic Beverages,US,---,"$285,920,825.31","3,264,309",KO,0.003148075500640899
,2704407,Procter & Gamble Co/The,PG,0.29%,Household Products,US,---,"$284,220,210.42","1,967,058",PG,0.0031293512119661255
,2434209,Home Depot Inc/The,HD,0.28%,Home Improvement Retail,US,---,"$279,434,301.16","841,771",HD,0.003076656891175182
,2778844,Merck & Co Inc,MRK,0.28%,Pharmaceuticals,US,---,"$273,266,364.00","2,098,820",MRK,0.0030087460216474504
,2857817,Netflix Inc,NFLX,0.26%,Movies & Entertainment,US,---,"$255,197,532.24","3,558,744",NFLX,0.0028098026724626348
,B2PKRQ3,Philip Morris International Inc,PM,0.25%,Tobacco,US,---,"$251,764,473.24","1,319,382",PM,0.002772003645692069
,7103065,Novartis AG,NOVN,0.25%,Pharmaceuticals,CH,---,"$248,581,407.73","1,589,479",NOVN.SW,0.0027369571235015236
,2754383,Royal Bank of Canada,RY,0.25%,Diversified Banks,CA,---,"$245,375,192.42","1,172,350",RY.TO,0.0027016557149516307
,BM5M5Y3,RTX Corp,RTX,0.25%,Aerospace & Defense,US,---,"$244,505,631.06","1,136,073",RTX,0.0026920815791371027
,2407966,Goldman Sachs Group Inc/The,GS,0.24%,Investment Banking & Brokerage,US,---,"$237,958,744.32","233,664",GS,0.0026199983591431797
,BK6YZP5,Alibaba Group Holding Ltd,9988,0.24%,Broadline Retail,HK,---,"$236,500,251.83","15,525,120",9988.HK,0.0026039399119466193
,BTMJD19,Roche Holding AG,ROP,0.24%,Pharmaceuticals,CH,---,"$234,332,216.01","536,116",ROP.SW,0.0025800691762558766
,BN78DQ4,Palantir Technologies Inc,PLTR,0.23%,Application Software,US,---,"$231,608,149.50","1,882,075",PLTR,0.002550076373063071
,B87ZMX0,Palo Alto Networks Inc,PANW,0.23%,Systems Software,US,---,"$226,641,549.15","683,005",PANW,0.00249539258825531
,BP6H4Y1,GE Vernova Inc,GEV,0.23%,Heavy Electrical Equipment,US,---,"$226,090,139.03","228,307",GEV,0.002489321394638352
,2649100,Wells Fargo & Co,WFC,0.23%,Diversified Banks,US,---,"$224,641,448.85","2,598,513",WFC,0.002473370873864874
,BP6MXD8,Shell PLC,SHEL,0.22%,Integrated Oil & Gas,GB,---,"$218,381,223.56","4,771,098",SHEL.L,0.0024044438838753406
,7123870,Nestle SA,NESN,0.22%,Packaged Foods & Meats,CH,---,"$217,594,677.98","2,177,014",NESN.SW,0.0023957837771207842
,0989529,AstraZeneca PLC,AZN,0.22%,Pharmaceuticals,GB,---,"$215,934,447.52","1,269,379",AZN.L,0.0023775041333387093
,2885409,Texas Instruments Inc,TXN,0.21%,Semiconductors,US,---,"$212,666,956.66","771,259",TXN,0.0023415280622925325
,6335171,Mitsubishi UFJ Financial Group Inc,8306,0.21%,Diversified Banks,JP,---,"$206,638,515.25","9,251,160",8306.T,0.0022751530835224696
,5727973,Siemens AG,SIE,0.21%,Industrial Conglomerates,DE,---,"$204,096,162.91","622,916",SIE.DE,0.0022471610087693504
,2480138,KLA Corp,KLAC,0.20%,Semiconductor Materials & Equipment,US,---,"$203,019,416.16","1,110,488",KLAC,0.00223530569861349
,2262314,Morgan Stanley,MS,0.20%,Investment Banking & Brokerage,US,---,"$199,560,013.38","948,389",MS,0.0021972166187895228
,2661568,Oracle Corp,ORCL,0.19%,Systems Software,US,---,"$188,642,538.63","1,452,549",ORCL,0.0020770118916519417
,BNZHB81,Linde PLC,LIN,0.19%,Industrial Gases,US,---,"$187,152,780.36","391,222",LIN,0.0020606091986806294
,2297907,Citigroup Inc,C,0.19%,Diversified Banks,US,---,"$184,376,095.35","1,392,043",C,0.0020300370497526856
,2886907,Thermo Fisher Scientific Inc,TMO,0.18%,Life Sciences Tools & Services,US,---,"$181,569,539.40","316,158",TMO,0.0019991360126638564
,6144690,BHP Group Ltd,BHP,0.18%,Diversified Metals & Mining,AU,---,"$181,152,846.15","4,297,757",BHP.AX,0.0019945480928780725
,2005973,International Business Machines Corp,IBM,0.18%,IT Consulting & Other Services,US,---,"$178,165,404.90","796,626",IBM,0.001961655453461086
,6215035,Commonwealth Bank of Australia,CBA,0.18%,Diversified Banks,AU,---,"$177,043,189.57","1,416,291",CBA.AX,0.0019492995203702161
,2023607,Amgen Inc,AMGN,0.18%,Biotechnology,US,---,"$175,705,370.08","456,188",AMGN,0.0019345697197123502
,5705946,Banco Santander SA,SAN,0.18%,Diversified Banks,ES,---,"$175,054,322.20","12,308,467",SAN.MC,0.0019274014839654433
,6900643,Toyota Motor Corp,7203,0.17%,Automobile Manufacturers,JP,---,"$170,814,784.59","9,026,040",7203.T,0.0018807228816998815
,2897222,Toronto-Dominion Bank/The,TD,0.17%,Diversified Banks,CA,---,"$167,989,175.05","1,401,426",TD.TO,0.001849612058773266
,2145084,Amphenol Corp,APH,0.17%,Electronic Components,US,---,"$166,943,837.80","1,038,854",APH,0.0018381025767931955
,2090571,Verizon Communications Inc,VZ,0.17%,Integrated Telecommunication Services,US,---,"$166,259,945.24","3,551,804",VZ,0.0018305727111009279
,BKVD2N4,Seagate Technology Holdings PLC,STX,0.16%,"Technology Hardware, Storage & Peripherals",US,---,"$162,549,122.45","189,865",STX,0.0017897154202766124
,BJJP138,Crowdstrike Holdings Inc,CRWD,0.16%,Systems Software,US,---,"$162,284,440.80","850,280",CRWD,0.001786801194574687
,2550707,McDonald's Corp,MCD,0.16%,Restaurants,US,---,"$162,208,895.92","599,353",MCD,0.0017859694224025512
,2681511,PepsiCo Inc,PEP,0.16%,Soft Drinks & Non-alcoholic Beverages,US,---,"$161,094,387.12","1,154,302",PEP,0.0017736983405576923
,4846288,SAP SE,SAP,0.16%,Application Software,DE,---,"$160,497,050.09","875,621",SAP.DE,0.0017671214776526214
,BL9XPM3,Arista Networks Inc,ANET,0.16%,Communications Equipment,US,---,"$159,572,056.85","884,791",ANET,0.0017569370199309942
,5231485,Allianz SE,ALV,0.16%,Multi-line Insurance,DE,---,"$158,912,938.94","319,037",ALV.DE,0.001749679930692199
,2954699,Western Digital Corp,WDC,0.16%,"Technology Hardware, Storage & Peripherals",US,---,"$156,286,809.16","286,849",WDC,0.0017207654407701797
,4834108,Schneider Electric SE,SU,0.16%,Electrical Components & Equipment,FR,---,"$154,699,051.21","460,434",SU.PA,0.0017032837414293798
,2002305,Abbott Laboratories,ABT,0.16%,Health Care Equipment,US,---,"$154,354,661.30","1,460,309",ABT,0.0016994919034715695
,2328915,NextEra Energy Inc,NEE,0.15%,Electric Utilities,US,---,"$153,063,425.48","1,760,969",NEE,0.0016852750032297463
,2032067,Analog Devices Inc,ADI,0.15%,Semiconductors,US,---,"$152,360,150.67","414,687",ADI,0.0016775317330528414
,2026082,American Express Co,AXP,0.15%,Consumer Finance,US,---,"$151,949,021.25","451,893",AXP,0.0016730050727324839
,2989301,TJX Cos Inc/The,TJX,0.15%,Apparel Retail,US,---,"$148,114,369.10","941,365",TJX,0.0016307843828830945
,2914734,Union Pacific Corp,UNP,0.15%,Rail Transportation,US,---,"$147,037,208.64","503,328",UNP,0.0016189245176539404
,2779397,Charles Schwab Corp/The,SCHW,0.15%,Investment Banking & Brokerage,US,---,"$145,967,669.52","1,386,998",SCHW,0.001607148565702912
,2270726,Walt Disney Co/The,DIS,0.15%,Movies & Entertainment,US,---,"$144,396,388.02","1,501,158",DIS,0.0015898482771023975
,B15C557,TotalEnergies SE,TTE,0.14%,Integrated Oil & Gas,FR,---,"$142,870,985.79","1,620,579",TTE.PA,0.0015730531332590642
,BMZBBT7,Blackrock Inc,BLK,0.14%,Asset Management & Custody Banks,US,---,"$140,160,911.38","128,542",BLK,0.0015432143873552468
,BYVYHH4,Welltower Inc,WELL,0.14%,Health Care REITs,US,---,"$139,877,453.80","596,645",WELL,0.0015400934329368292
,BRJL176,UBS Group AG,UBSG,0.14%,Diversified Capital Markets,CH,---,"$139,574,645.41","2,640,577",UBSG.SW,0.001536759420197764
,2108601,Boeing Co/The,BA,0.14%,Aerospace & Defense,US,---,"$138,897,615.92","642,628",BA,0.0015293051189996278
,BNKJSM5,Marvell Technology Inc,MRVL,0.14%,Semiconductors,US,---,"$138,707,934.84","739,539",MRVL,0.0015272166724507076
,2369174,Gilead Sciences Inc,GILD,0.14%,Biotechnology,US,---,"$137,491,733.83","1,055,923",GILD,0.0015138259283547341
,B8KQN82,Eaton Corp PLC,ETN,0.14%,Electrical Components & Equipment,US,---,"$137,193,290.40","330,427",ETN,0.0015105399751567062
,B288C92,Iberdrola SA,IBE,0.14%,Electric Utilities,ES,---,"$136,348,561.75","5,740,126",IBE.MC,0.0015012392550539599
,5501906,Banco Bilbao Vizcaya Argentaria SA,BBVA,0.14%,Diversified Banks,ES,---,"$134,636,395.91","4,802,973",BBVA.MC,0.0014823877868963176
,2831811,AT&T Inc,T,0.13%,Integrated Telecommunication Services,US,---,"$133,724,700.00","5,751,600",T,0.0014723497368340542
,6372480,MediaTek Inc,2454,0.13%,Semiconductors,TW,---,"$132,697,699.84","1,245,664",2454.TW,0.0014610421518082171
,6563024,Sumitomo Mitsui Financial Group Inc,8316,0.13%,Diversified Banks,JP,---,"$132,475,031.30","3,083,044",8316.T,0.001458590503262584
,2714923,QUALCOMM Inc,QCOM,0.13%,Semiconductors,US,---,"$132,206,601.28","895,648",QCOM,0.0014556350068635991
,7108899,ABB Ltd,ABBN,0.13%,Electrical Components & Equipment,CH,---,"$129,978,362.35","1,317,452",ABBN.SW,0.0014311014165680972
,BDRXDB4,Booking Holdings Inc,BKNG,0.13%,"Hotels, Resorts & Cruise Lines",US,---,"$126,901,386.90","657,861",BKNG,0.001397222978298635
,2685717,ConocoPhillips,COP,0.13%,Oil & Gas Exploration & Production,US,---,"$124,986,795.36","1,037,407",COP,0.0013761427414384015
,6895675,Tokyo Electron Ltd,8035,0.13%,Semiconductor Materials & Equipment,JP,---,"$124,707,720.02","373,000",8035.T,0.001373070036819091
,2310525,Salesforce Inc,CRM,0.13%,Application Software,US,---,"$124,501,675.32","676,566",CRM,0.0013708014218226014
,2261203,Deere & Co,DE,0.12%,Agricultural & Farm Machinery,US,---,"$123,411,081.43","208,229",DE,0.0013587936504315698
,6429104,Hitachi Ltd,6501,0.12%,Industrial Conglomerates,JP,---,"$122,655,526.32","3,742,860",6501.T,0.0013504747582046878
,BX865C7,Shopify Inc,SHOP,0.12%,Internet Services & Infrastructure,CA,---,"$121,896,198.45","1,040,810",SHOP.TO,0.0013421143267394067
,6870490,Advantest Corp,6857,0.12%,Semiconductor Materials & Equipment,JP,---,"$121,642,508.54","615,656",6857.T,0.0013393211234476743
,BYMXPS7,UniCredit SpA,UCG,0.12%,Diversified Banks,IT,---,"$120,530,991.99","1,278,005",UCG.MI,0.0013270829871880362
,2684703,Pfizer Inc,PFE,0.12%,Pharmaceuticals,US,---,"$119,905,818.15","4,794,315",PFE,0.0013201996325138473
,6821506,Sony Group Corp,6758,0.12%,Consumer Electronics,JP,---,"$117,578,102.40","5,031,400",6758.T,0.001294570772086888
,BK6N347,Uber Technologies Inc,UBER,0.12%,Passenger Ground Transportation,US,---,"$117,150,807.20","1,665,020",UBER,0.001289866121597708
,4012250,Airbus SE,AIR,0.12%,Aerospace & Defense,FR,---,"$116,331,988.55","495,539",AIR.PA,0.0012808506784982483
,B058TZ6,Safran SA,SAF,0.12%,Aerospace & Defense,FR,---,"$115,560,077.16","294,060",SAF.PA,0.0012723516986394361
,4061412,LVMH Moet Hennessy Louis Vuitton SE,MC,0.12%,"Apparel, Accessories & Luxury Goods",FR,---,"$115,131,089.24","209,659",MC.PA,0.0012676284107867282
,BVZK7T9,Unilever PLC,ULVR,0.12%,Personal Care Products,GB,---,"$114,380,520.51","1,797,656",ULVR.L,0.0012593644201246339
,2577609,CVS Health Corp,CVS,0.11%,Health Care Services,US,---,"$113,199,091.53","1,083,971",CVS,0.0012463565266854178
,B44WZD7,Prologis Inc,PLD,0.11%,Industrial REITs,US,---,"$112,965,572.14","781,174",PLD,0.0012437854069714672
,2126335,Bristol-Myers Squibb Co,BMY,0.11%,Pharmaceuticals,US,---,"$112,573,410.18","1,723,678",BMY,0.001239467584171324
,2654461,Capital One Financial Corp,COF,0.11%,Consumer Finance,US,---,"$109,799,223.30","525,330",COF,0.001208922940416681
,BMTVQK9,Siemens Energy AG,ENR,0.11%,Heavy Electrical Equipment,DE,---,"$109,538,532.01","641,165",ENR.DE,0.0012060526497955288
,2076009,Bank of Montreal,BMO,0.11%,Diversified Banks,CA,---,"$106,314,846.49","592,665",BMO.TO,0.0011705588889046254
,7309681,BNP Paribas SA,BNP,0.11%,Diversified Banks,FR,---,"$105,965,681.07","833,925",BNP.PA,0.0011667144711250486
,BCRWZ18,Cie Financiere Richemont SA,CFR,0.11%,"Apparel, Accessories & Luxury Goods",CH,---,"$105,960,033.94","448,334",CFR.SW,0.0011666522945012138
,2871301,Intuitive Surgical Inc,ISRG,0.11%,Health Care Equipment,US,---,"$105,384,559.13","298,261",ISRG,0.001160316141306941
,0287580,British American Tobacco PLC,BATS,0.11%,Tobacco,GB,---,"$104,936,132.25","1,729,880",BATS.L,0.0011553788245751981
,B3BQMF6,Chubb Ltd,CB,0.11%,Property & Casualty Insurance,US,---,"$104,667,459.60","298,470",CB,0.0011524206567459039
,2705024,Progressive Corp/The,PGR,0.11%,Property & Casualty Insurance,US,---,"$104,302,154.22","493,341",PGR,0.001148398533083581
,6591014,Mizuho Financial Group Inc,8411,0.11%,Diversified Banks,JP,---,"$104,243,633.17","2,010,710",8411.T,0.0011477541984724975
,2671501,Parker-Hannifin Corp,PH,0.10%,Industrial Machinery & Supplies & Components,US,---,"$103,647,917.67","106,139",PH,0.0011411951891073394
,2250870,Danaher Corp,DHR,0.10%,Life Sciences Tools & Services,US,---,"$103,567,916.56","531,172",DHR,0.0011403143524836268
,BHKD3S6,Dell Technologies Inc,DELL,0.10%,"Technology Hardware, Storage & Peripherals",US,---,"$103,560,279.27","255,471",DELL,0.0011402302635911364
,BYV2325,S&P Global Inc,SPGI,0.10%,Financial Exchanges & Data,US,---,"$103,487,526.18","251,226",SPGI,0.0011394292298784765
,2931034,Vertex Pharmaceuticals Inc,VRTX,0.10%,Biotechnology,US,---,"$102,610,851.20","215,072",VRTX,0.0011297767709378917
,2842255,Starbucks Corp,SBUX,0.10%,Restaurants,US,---,"$101,195,454.25","961,477",SBUX,0.0011141928187820953
,2522096,Lockheed Martin Corp,LMT,0.10%,Aerospace & Defense,US,---,"$100,619,384.84","172,666",LMT,0.001107850118860453
,2466149,Enbridge Inc,ENB,0.10%,Oil & Gas Storage & Transportation,CA,---,"$99,626,843.87","1,830,911",ENB.TO,0.0010969219400275485
,6770620,SoftBank Group Corp,9984,0.10%,Wireless Telecommunication Services,JP,---,"$99,427,734.03","3,192,160",9984.T,0.0010947296799549882
,2536763,Lowe's Cos Inc,LOW,0.10%,Home Improvement Retail,US,---,"$98,649,069.48","474,708",LOW,0.0010861563457446705
,B80NXX8,ServiceNow Inc,NOW,0.10%,Systems Software,US,---,"$97,127,815.68","873,216",NOW,0.0010694068773810263
,4076836,Intesa Sanpaolo SpA,ISP,0.10%,Diversified Banks,IT,---,"$97,105,188.51","12,845,782",ISP.MI,0.0010691577453373962
,2692632,Altria Group Inc,MO,0.10%,Tobacco,US,---,"$97,021,562.01","1,419,897",MO,0.0010682369920639373
,BKLJ8V2,Howmet Aerospace Inc,HWM,0.10%,Aerospace & Defense,US,---,"$95,722,269.28","339,128",HWM,0.0010539313827854276
,5983816,Zurich Insurance Group AG,ZURN,0.10%,Multi-line Insurance,CH,---,"$95,184,782.66","124,959",ZURN.SW,0.0010480134911505326
,2853688,Stryker Corp,SYK,0.09%,Health Care Equipment,US,---,"$94,166,384.00","289,120",SYK,0.0010368006112633978
,2170525,Canadian Imperial Bank of Commerce,CM,0.09%,Diversified Banks,CA,---,"$92,968,305.23","784,917",CM.TO,0.0010236093985576226
,2224701,Corning Inc,GLW,0.09%,Electronic Components,US,---,"$92,622,246.50","669,962",GLW,0.0010197991863825748
,BTN1Y11,Medtronic PLC,MDT,0.09%,Health Care Equipment,US,---,"$91,733,537.71","1,074,289",MDT,0.001010014231523236
,2065308,Automatic Data Processing Inc,ADP,0.09%,Human Resource & Employment Services,US,---,"$91,230,841.26","342,381",ADP,0.0010044793902720319
,BQRRZ00,Recruit Holdings Co Ltd,6098,0.09%,Human Resource & Employment Services,JP,---,"$90,462,679.67","1,143,927",6098.T,0.0009960216968550152
,2076281,Bank of Nova Scotia/The,BNS,0.09%,Diversified Banks,CA,---,"$90,245,515.01","1,028,793",BNS.TO,0.0009936306477070218
,B1Z77F6,Bank of New York Mellon Corp/The,BNY,0.09%,Asset Management & Custody Banks,US,---,"$89,821,746.45","574,565",BNY,0.0009889648265999672
,B4TX8S1,AIA Group Ltd,1299,0.09%,Life & Health Insurance,HK,---,"$89,701,595.38","8,898,182",1299.HK,0.0009876419266697761
,2378534,McKesson Corp,MCK,0.09%,Health Care Distributors,US,---,"$89,380,242.67","104,393",MCK,0.0009841037353109665
,5842359,Deutsche Telekom AG,DTE,0.09%,Integrated Telecommunication Services,DE,---,"$89,362,918.69","2,895,661",DTE.DE,0.00098391299300686
,2829601,Southern Co/The,SO,0.09%,Electric Utilities,US,---,"$88,478,378.82","935,883",SO,0.0009741739392283605
,BN7SWP6,GSK PLC,GSK,0.09%,Pharmaceuticals,GB,---,"$87,920,232.24","3,381,176",GSK.L,0.0009680285751319908
,B0LMTQ3,China Construction Bank Corp,939,0.09%,Diversified Banks,HK,---,"$87,644,381.76","74,691,026",0939.HK,0.0009649913772049546
,B4BNMY3,Accenture PLC,ACN,0.09%,IT Consulting & Other Services,US,---,"$86,649,065.28","522,234",ACN,0.0009540326391603405
,BZ57390,ING Groep NV,INGA,0.09%,Diversified Banks,NL,---,"$86,472,731.18","2,460,698",INGA.AS,0.0009520911469324284
,2008154,Adobe Inc,ADBE,0.09%,Application Software,US,---,"$86,365,156.95","344,895",ADBE,0.0009509067218469309
,BK9ZQ96,Trane Technologies PLC,TT,0.09%,Building Products,US,---,"$85,502,848.05","187,939",TT,0.000941412437829209
,6773812,SAMSUNG ELECTRONICS-PREF,005935,0.09%,"Technology Hardware, Storage & Peripherals",KR,---,"$85,497,513.76","680,361",005935.KS,0.000941353705669199
,2093666,Berkshire Hathaway Inc,BRK/A,0.09%,Multi-Sector Holdings,US,---,"$85,092,601.11",111,BRK-A,0.0009368954938828327
,BVLZX12,Equinix Inc,EQIX,0.09%,Data Center REITs,US,---,"$84,635,914.80","83,035",EQIX,0.0009318672383074288
,2150204,Quanta Services Inc,PWR,0.08%,Construction & Engineering,US,---,"$84,152,093.92","126,097",PWR,0.0009265402228395099
,B5B2106,Fortinet Inc,FTNT,0.08%,Systems Software,US,---,"$83,564,580.50","515,990",FTNT,0.0009200715208770192
,0718875,Rio Tinto PLC,RIO,0.08%,Diversified Metals & Mining,GB,---,"$83,454,905.33","858,858",RIO.L,0.0009188639638012753
,2692665,PNC Financial Services Group Inc/The,PNC,0.08%,Diversified Banks,US,---,"$83,258,433.09","333,207",PNC,0.0009167007445092583
,BN134B7,Snowflake Inc,SNOW,0.08%,Internet Services & Infrastructure,US,---,"$83,253,100.32","283,869",SNOW,0.0009166420290849117
,2171573,Canadian Natural Resources Ltd,CNQ,0.08%,Oil & Gas Exploration & Production,CA,---,"$82,816,679.77","1,738,493",CNQ.TO,0.0009118369057087407
,2365161,General Dynamics Corp,GD,0.08%,Aerospace & Defense,US,---,"$81,920,366.94","213,657",GD,0.0009019682280495536
,6490995,Keyence Corp,6861,0.08%,Electronic Equipment & Instruments,JP,---,"$81,473,717.43","162,432",6861.T,0.0008970504807036591
,2965839,CME Group Inc,CME,0.08%,Financial Exchanges & Data,US,---,"$81,317,914.77","303,663",CME,0.0008953350458928197
,2736035,US Bancorp,USB,0.08%,Diversified Banks,US,---,"$81,210,816.56","1,288,856",USB,0.0008941558619327219
,6596785,Mitsubishi Corp,8058,0.08%,Trading Companies & Distributors,JP,---,"$80,695,527.27","2,699,500",8058.T,0.0008884823696719435
,BMV3LG4,AppLovin Corp,APP,0.08%,Advertising,US,---,"$80,541,500.10","203,439",APP,0.0008867864835475789
,6513126,Tokio Marine Holdings Inc,8766,0.08%,Property & Casualty Insurance,JP,---,"$80,524,597.03","1,579,956",8766.T,0.0008866003755909624
,B7VD3F2,Duke Energy Corp,DUK,0.08%,Electric Utilities,US,---,"$80,342,054.19","640,533",DUK,0.0008845905232418082
,6260734,Delta Electronics Inc,2308,0.08%,Electronic Components,TW,---,"$80,314,417.76","1,632,486",2308.TW,0.0008842862377176115
,BKF2SL7,Blackstone Inc,BX,0.08%,Asset Management & Custody Banks,US,---,"$80,302,500.25","628,591",BX,0.0008841550222973322
,3134865,Barclays PLC,BARC,0.08%,Diversified Banks,GB,---,"$80,276,399.20","11,679,051",BARC.L,0.0008838676417752703
,5889505,Infineon Technologies AG,IFX,0.08%,Semiconductors,DE,---,"$79,910,412.24","1,113,524",IFX.DE,0.0008798380137092457
,2160753,CSX Corp,CSX,0.08%,Rail Transportation,US,---,"$79,638,652.80","1,580,132",CSX,0.000876845859380493
,BMGYJ02,Kioxia Holdings Corp,285A,0.08%,Semiconductors,JP,---,"$79,523,489.68","285,300",285A.T,0.0008755778783012685
,2636607,Newmont Corp,NEM,0.08%,Gold,US,---,"$79,515,465.17","848,527",NEM,0.0008754895259984647
,B3K3L40,Marathon Petroleum Corp,MPC,0.08%,Oil & Gas Refining & Marketing,US,---,"$79,404,221.82","250,906",MPC,0.0008742647027825813
,2302232,Cadence Design Systems Inc,CDNS,0.08%,Application Software,US,---,"$79,377,328.98","233,449",CDNS,0.000873968604411101
,2041364,Valero Energy Corp,VLO,0.08%,Oil & Gas Refining & Marketing,US,---,"$78,882,090.00","252,100",VLO,0.0008685158721793368
,6438564,Hon Hai Precision Industry Co Ltd,2317,0.08%,Electronic Manufacturing Services,TW,---,"$78,776,788.65","10,315,140",2317.TW,0.0008673564721959324
,BL3LWS8,Vertiv Holdings Co,VRT,0.08%,Electrical Components & Equipment,US,---,"$78,513,631.98","325,014",VRT,0.000864459036988969
,2595708,3M Co,MMM,0.08%,Industrial Conglomerates,US,---,"$78,484,968.12","445,229",MMM,0.000864143439147077
,5671735,Sanofi SA,SAN,0.08%,Pharmaceuticals,FR,---,"$78,357,814.93","909,956",SAN.PA,0.0008627434437398404
,2567741,Marsh & McLennan Cos Inc,MRSH,0.08%,Insurance Brokers,US,---,"$77,671,415.85","409,465",MRSH,0.0008551859804978129
,6332439,Fast Retailing Co Ltd,9983,0.08%,Apparel Retail,JP,---,"$77,122,909.59","157,500",9983.T,0.0008491467592652147
,0870612,Lloyds Banking Group PLC,LLOY,0.08%,Diversified Banks,GB,---,"$77,094,209.00","49,879,300",LLOY.L,0.0008488307570148191
,6076146,Westpac Banking Corp,WBC,0.08%,Diversified Banks,AU,---,"$76,468,802.16","2,883,736",WBC.AX,0.0008419448369395582
,2352118,Freeport-McMoRan Inc,FCX,0.08%,Copper,US,---,"$76,215,010.67","1,216,909",FCX,0.000839150515221041
,BY7QL61,Johnson Controls International plc,JCI,0.08%,Building Products,US,---,"$75,784,355.10","516,735",JCI,0.0008344088660331524
,BPCPYT4,Brookfield Corp,BN,0.08%,Asset Management & Custody Banks,CA,---,"$75,741,337.97","1,782,108",BN.TO,0.0008339352343104052
,6624608,National Australia Bank Ltd,NAB,0.08%,Diversified Banks,AU,---,"$74,956,297.39","2,588,631",NAB.AX,0.0008252916980649169
,B23X1H3,MercadoLibre Inc,MELI,0.08%,Broadline Retail,US,---,"$74,926,449.10","39,898",MELI,0.00082496305928744
,BJXC5M2,Cloudflare Inc,NET,0.08%,Internet Services & Infrastructure,US,---,"$74,721,166.26","267,837",NET,0.0008227028326019398
,BKT9Y49,Datadog Inc,DDOG,0.08%,Application Software,US,---,"$74,599,900.33","278,389",DDOG,0.0008213676577230846
,2240202,Cummins Inc,CMI,0.07%,Construction Machinery & Heavy Transportation Equipment,US,---,"$73,740,336.60","116,273",CMI,0.0008119035988644175
,2967181,Williams Cos Inc/The,WMB,0.07%,Oil & Gas Storage & Transportation,US,---,"$73,338,515.60","1,025,140",WMB,0.0008074794270875924
,7144569,Enel SpA,ENEL,0.07%,Electric Utilities,IT,---,"$73,057,501.27","6,469,045",ENEL.MI,0.0008043853735969351
,BFSSDS9,Intercontinental Exchange Inc,ICE,0.07%,Financial Exchanges & Data,US,---,"$73,011,693.44","478,828",ICE,0.0008038810154159451
,2459020,Intuit Inc,INTU,0.07%,Application Software,US,---,"$72,980,563.00","230,900",INTU,0.0008035382597758762
,2044545,Comcast Corp,CMCSA,0.07%,Integrated Telecommunication Services,US,---,"$72,258,663.84","3,015,804",CMCSA,0.0007955899298245155
,B78C4Y8,Phillips 66,PSX,0.07%,Oil & Gas Refining & Marketing,US,---,"$72,129,960.00","340,750",PSX,0.0007941728612877864
,2313405,Emerson Electric Co,EMR,0.07%,Electrical Components & Equipment,US,---,"$71,502,943.38","477,259",EMR,0.000787269217043697
,BMH4FS1,Constellation Energy Corp,CEG,0.07%,Electric Utilities,US,---,"$71,445,140.75","271,913",CEG,0.0007866327924559521
,B94Q9V0,T-Mobile US Inc,TMUS,0.07%,Wireless Telecommunication Services,US,---,"$70,917,316.65","410,615",TMUS,0.0007808212881136006
,2937667,Waste Management Inc,WM,0.07%,Environmental & Facilities Services,US,---,"$70,219,399.05","309,951",WM,0.0007731370024528971
,BYYHL23,Anheuser-Busch InBev SA/NV,ABI,0.07%,Brewers,BE,---,"$69,824,595.95","803,931",ABI.BR,0.0007687900998957311
,7088429,AXA SA,CS,0.07%,Multi-line Insurance,FR,---,"$69,823,748.97","1,347,179",CS.PA,0.0007687807743875781
,2210614,Marriott International Inc/MD,MAR,0.07%,"Hotels, Resorts & Cruise Lines",US,---,"$69,247,580.05","185,735",MAR,0.0007624369788304823
,BSPHGL4,Elevance Health Inc,ELV,0.07%,Managed Health Care,US,---,"$68,779,095.84","183,001",ELV,0.0007572788247773836
,B3NB1P2,Suncor Energy Inc,SU,0.07%,Integrated Oil & Gas,CA,---,"$68,743,319.97","1,023,665",SU.TO,0.0007568849215360265
,B7FBFL2,American Tower Corp,AMT,0.07%,Telecom Tower REITs,US,---,"$68,632,183.84","395,894",AMT,0.0007556612788450483
,2318024,EOG Resources Inc,EOG,0.07%,Oil & Gas Exploration & Production,US,---,"$68,418,216.60","460,140",EOG,0.0007533054342665588
,2754907,Royal Caribbean Cruises Ltd,RCL,0.07%,"Hotels, Resorts & Cruise Lines",US,---,"$68,319,912.00","214,640",RCL,0.000752223070634862
,B8CKK03,Mondelez International Inc,MDLZ,0.07%,Packaged Foods & Meats,US,---,"$68,116,419.66","1,093,186",MDLZ,0.0007499825579005149
,2457552,Illinois Tool Works Inc,ITW,0.07%,Industrial Machinery & Supplies & Components,US,---,"$68,104,139.10","237,338",ITW,0.0007498473451889951
,B665KZ5,General Motors Co,GM,0.07%,Automobile Manufacturers,US,---,"$68,044,189.56","765,746",GM,0.0007491872824672817
,2746711,Ross Stores Inc,ROST,0.07%,Apparel Retail,US,---,"$67,949,584.80","270,640",ROST,0.000748145655202541
,BMBQR09,Canadian Pacific Kansas City Ltd,CP,0.07%,Rail Transportation,CA,---,"$67,789,830.30","763,180",CP.TO,0.0007463867094278782
,2769503,Travelers Cos Inc/The,TRV,0.07%,Property & Casualty Insurance,US,---,"$67,301,317.72","179,777",TRV,0.0007410080369118574
,6610403,Murata Manufacturing Co Ltd,6981,0.07%,Electronic Components,JP,---,"$67,267,604.94","1,476,322",6981.T,0.0007406368489207015
,BFZ1K46,Spotify Technology SA,SPOT,0.07%,Movies & Entertainment,US,---,"$66,969,962.64","133,956",SPOT,0.0007373597164083407
,6467803,ITOCHU Corp,8001,0.07%,Trading Companies & Distributors,JP,---,"$66,321,428.71","5,284,740",8001.T,0.0007302191600177603
,6065586,ANZ Group Holdings Ltd,ANZ,0.07%,Diversified Banks,AU,---,"$66,265,887.76","2,535,516",ANZ.AX,0.0007296076372166919
,2804211,Sherwin-Williams Co/The,SHW,0.07%,Specialty Chemicals,US,---,"$66,206,704.00","194,240",SHW,0.0007289560059663632
,6099626,Reliance Industries Ltd,RELIANCE,0.07%,Oil & Gas Refining & Marketing,IN,---,"$66,204,395.66","4,835,457",RELIANCE.NS,0.0007289305904388539
,5294121,Muenchener Rueckversicherungs-Gesellschaft AG in Muenchen,MUV2,0.07%,Reinsurance,DE,---,"$65,988,042.82","109,852",MUV2.DE,0.0007265484796766887
,2730190,Regeneron Pharmaceuticals Inc,REGN,0.07%,Biotechnology,US,---,"$65,973,596.04","86,508",REGN,0.0007263894162222102
,2517382,United Parcel Service Inc,UPS,0.07%,Air Freight & Logistics,US,---,"$65,197,009.62","625,571",UPS,0.0007178389628570809
,BN7RHC5,Honeywell International Inc,HON,0.07%,Industrial Conglomerates,US,---,"$65,181,149.00","268,180",HON,0.0007176643325929412
,6597067,Mitsubishi Heavy Industries Ltd,7011,0.07%,Industrial Machinery & Supplies & Components,JP,---,"$64,876,479.16","2,776,970",7011.T,0.000714309824721581
,B1G1QD8,Industrial & Commercial Bank of China Ltd,1398,0.07%,Diversified Banks,HK,---,"$64,545,968.96","67,475,245",1398.HK,0.0007106708066045767
,6597302,Mitsui & Co Ltd,8031,0.06%,Trading Companies & Distributors,JP,---,"$64,231,392.78","2,093,300",8031.T,0.0007072072269081012
,BLP1HW5,Aon PLC,AON,0.06%,Insurance Brokers,US,---,"$63,971,304.85","177,427",AON,0.0007043435794645906
,BM8PJY7,NatWest Group PLC,NWG,0.06%,Diversified Banks,GB,---,"$63,965,544.88","6,781,303",NWG.L,0.0007042801604379362
,B65LWX6,O'Reilly Automotive Inc,ORLY,0.06%,Automotive Retail,US,---,"$63,683,676.40","712,744",ORLY,0.0007011767024952388
,B4T3BW6,Glencore PLC,GLEN,0.06%,Diversified Metals & Mining,GB,---,"$63,597,900.91","8,634,743",GLEN.L,0.0007002322881863765
,2641894,Norfolk Southern Corp,NSC,0.06%,Rail Transportation,US,---,"$63,594,595.24","189,563",NSC,0.0007001958917513533
,2779201,SLB Ltd,SLB,0.06%,Oil & Gas Equipment & Services,US,---,"$63,505,350.72","1,280,608",SLB,0.0006992132823640383
,2009823,Agnico Eagle Mines Ltd,AEM,0.06%,Gold,CA,---,"$62,915,314.93","433,362",AEM.TO,0.000692716808338453
,2492519,Manulife Financial Corp,MFC,0.06%,Life & Health Insurance,CA,---,"$62,728,954.12","1,412,409",MFC.TO,0.0006906649189750095
,BHJ0775,Cigna Group/The,CI,0.06%,Health Care Services,US,---,"$62,247,404.45","223,069",CI,0.0006853629102219742
,BN13P03,DoorDash Inc,DASH,0.06%,Restaurants,US,---,"$62,187,820.16","317,026",DASH,0.0006847068690141722
,2812452,Simon Property Group Inc,SPG,0.06%,Retail REITs,US,---,"$61,892,512.69","269,837",SPG,0.0006814554436923011
,2867719,Synopsys Inc,SNPS,0.06%,Application Software,US,---,"$61,616,904.96","158,496",SNPS,0.0006784209185168105
,B5BKPQ4,Motorola Solutions Inc,MSI,0.06%,Communications Equipment,US,---,"$61,345,320.75","140,781",MSI,0.0006754306935238078
,2252058,Moody's Corp,MCO,0.06%,Financial Exchanges & Data,US,---,"$61,211,112.90","127,955",MCO,0.0006739530241580992
,BYVMW06,Hilton Worldwide Holdings Inc,HLT,0.06%,"Hotels, Resorts & Cruise Lines",US,---,"$61,201,731.87","190,963",HLT,0.0006738497361563184
,2648806,Northrop Grumman Corp,NOC,0.06%,Aerospace & Defense,US,---,"$61,103,319.76","112,637",NOC,0.000672766188806728
,2209106,Colgate-Palmolive Co,CL,0.06%,Household Products,US,---,"$60,996,434.40","668,088",CL,0.0006715893483900554
,BP9DL90,Industria de Diseno Textil SA,ITX,0.06%,Apparel Retail,ES,---,"$60,838,468.71","932,196",ITX.MC,0.0006698500979591304
,6597045,Mitsubishi Electric Corp,6503,0.06%,Heavy Electrical Equipment,JP,---,"$60,534,638.17","1,680,440",6503.T,0.0006665048310367807
,6948836,Wesfarmers Ltd,WES,0.06%,Broadline Retail,AU,---,"$59,754,357.23","954,004",WES.AX,0.0006579136998795178
,2180632,Canadian National Railway Co,CNR,0.06%,Rail Transportation,CA,---,"$59,706,915.50","469,566",CNR.TO,0.0006573913519611419
,B1XH026,Vinci SA,DG,0.06%,Construction & Engineering,FR,---,"$59,193,502.06","419,239",DG.PA,0.0006517385133810511
,B11FJK3,TransDigm Group Inc,TDG,0.06%,Aerospace & Defense,US,---,"$58,835,439.52","46,904",TDG,0.0006477961355964001
,2197137,Cintas Corp,CTAS,0.06%,Diversified Support Services,US,---,"$58,705,277.55","286,885",CTAS,0.0006463630126035998
,BG1FRR1,KKR & Co Inc,KKR,0.06%,Asset Management & Custody Banks,US,---,"$58,616,498.43","577,901",KKR,0.000645385527412245
,2113434,Boston Scientific Corp,BSX,0.06%,Health Care Equipment,US,---,"$58,593,438.56","1,253,872",BSX,0.0006451316312096294
,BJMY6G0,TC Energy Corp,TRP,0.06%,Oil & Gas Storage & Transportation,CA,---,"$58,553,319.68","869,523",TRP.TO,0.0006446899101034307
,BYVW0F7,PDD HOLDINGS INC,PDD,0.06%,Broadline Retail,US,ADR,"$57,991,390.56","654,826",PDD,0.0006385028990878787
,2026242,American Electric Power Co Inc,AEP,0.06%,Electric Utilities,US,---,"$57,882,041.90","452,734",AEP,0.0006372989369868296
,B03GQS4,Digital Realty Trust Inc,DLR,0.06%,Data Center REITs,US,---,"$57,877,902.24","307,012",DLR,0.0006372533580675157
,2019952,Allstate Corp/The,ALL,0.06%,Property & Casualty Insurance,US,---,"$57,776,742.80","218,785",ALL,0.0006361395617766114
,2304227,Ecolab Inc,ECL,0.06%,Specialty Chemicals,US,---,"$57,619,330.20","207,540",ECL,0.0006344064010352947
,2134781,United Rentals Inc,URI,0.06%,Trading Companies & Distributors,US,---,"$57,401,522.36","53,186",URI,0.0006320082702793132
,B01Z7J1,Monolithic Power Systems Inc,MPWR,0.06%,Semiconductors,US,---,"$57,256,530.53","40,151",MPWR,0.0006304118660043843
,2665861,PACCAR Inc,PCAR,0.06%,Construction Machinery & Heavy Transportation Equipment,US,---,"$57,201,797.68","431,126",PCAR,0.0006298092406308095
,BZ07BW4,Monster Beverage Corp,MNST,0.06%,Soft Drinks & Non-alcoholic Beverages,US,---,"$56,636,839.58","587,641",MNST,0.0006235888796215324
,2142784,FedEx Corp,FDX,0.06%,Air Freight & Logistics,US,---,"$56,494,586.80","183,782",FDX,0.0006220226331225915
,BP0TQN6,Robinhood Markets Inc,HOOD,0.06%,Investment Banking & Brokerage,US,---,"$56,344,414.24","650,929",HOOD,0.0006203691874300928
,2259101,Target Corp,TGT,0.06%,Consumer Staples Merchandise Retail,US,---,"$56,075,557.57","388,093",TGT,0.0006174089934844674
,6804585,Shin-Etsu Chemical Co Ltd,4063,0.06%,Specialty Chemicals,JP,---,"$55,820,221.84","1,565,780",4063.T,0.0006145976692125129
,BKP7287,Truist Financial Corp,TFC,0.06%,Regional Banks,US,---,"$55,145,007.36","1,063,754",TFC,0.0006071633518281064
,BGJW376,Meituan,3690,0.06%,Restaurants,HK,---,"$54,889,809.08","4,649,127",3690.HK,0.0006043535409225781
,2011602,Air Products and Chemicals Inc,APD,0.06%,Industrial Gases,US,---,"$54,756,354.76","185,684",APD,0.0006028841681520176
,5966516,Societe Generale SA,GLE,0.05%,Diversified Banks,FR,---,"$54,199,874.41","576,615",GLE.PA,0.0005967571497561952
,5750355,Deutsche Bank AG,DBK,0.05%,Diversified Capital Markets,DE,---,"$54,165,554.23","1,471,651",DBK.DE,0.000596379274105765
,BYVYWS0,Hewlett Packard Enterprise Co,HPE,0.05%,"Technology Hardware, Storage & Peripherals",US,---,"$53,932,334.40","1,125,936",HPE,0.0005938114526387885
,BG0ZMJ9,Xiaomi Corp,1810,0.05%,"Technology Hardware, Storage & Peripherals",HK,---,"$53,791,684.30","14,659,200",1810.HK,0.0005922628521355107
,2359506,Arthur J Gallagher & Co,AJG,0.05%,Insurance Brokers,US,---,"$53,747,515.80","215,490",AJG,0.0005917765434778628
,BMGYYH4,Airbnb Inc,ABNB,0.05%,"Hotels, Resorts & Cruise Lines",US,---,"$53,668,990.08","354,204",ABNB,0.0005909119513480865
,B2B0DG9,RELX PLC,REL,0.05%,Research & Consulting Services,GB,---,"$53,548,334.09","1,522,473",REL.L,0.0005895834920946804
,BM8JYX3,Warner Bros Discovery Inc,WBD,0.05%,Movies & Entertainment,US,---,"$53,469,504.30","2,033,061",WBD,0.000588715552061454
,B01ZKD6,CRH PLC,CRH,0.05%,Construction Materials,US,---,"$53,378,518.20","561,820",CRH,0.0005877137673471077
,2077303,National Bank of Canada,NA,0.05%,Diversified Banks,CA,---,"$52,549,516.71","324,880",NA.TO,0.0005785862080731923
,B3NQ4P8,Kinder Morgan Inc,KMI,0.05%,Oil & Gas Storage & Transportation,US,---,"$52,321,751.62","1,625,909",KMI,0.0005760784449574666
,6267359,Hong Kong Exchanges & Clearing Ltd,388,0.05%,Financial Exchanges & Data,HK,---,"$52,270,783.68","1,003,224",0388.HK,0.0005755172723913965
,4617859,Deutsche Post AG,DHL,0.05%,Air Freight & Logistics,DE,---,"$52,158,275.96","780,792",DHL.DE,0.0005742785280761442
,BNM23Q1,Barrick Mining Corp,ABX,0.05%,Gold,CA,---,"$52,137,052.11","1,420,570",ABX.TO,0.0005740448470137669
,BMG3GS6,SK Square Co Ltd,402340,0.05%,Industrial Conglomerates,KR,---,"$51,958,096.03","75,563",402340.KS,0.0005720744859862764
,B28YTC2,Macquarie Group Ltd,MQG,0.05%,Diversified Capital Markets,AU,---,"$51,720,425.98","291,352",MQG.AX,0.0005694576662396564
,6572707,Panasonic Holdings Corp,6752,0.05%,Consumer Electronics,JP,---,"$51,548,495.37","1,949,459",6752.T,0.000567564657779834
,BRC3N84,TE Connectivity PLC,TEL,0.05%,Electronic Manufacturing Services,US,---,"$51,496,548.40","250,360",TEL,0.0005669927057948316
,5334588,Rheinmetall AG,RHM,0.05%,Aerospace & Defense,DE,---,"$51,414,545.72","38,893",RHM.DE,0.0005660898312748838
,B4MGBG6,HCA Healthcare Inc,HCA,0.05%,Health Care Facilities,US,---,"$51,304,861.83","127,437",HCA,0.00056488217818928
,2036047,Comfort Systems USA Inc,FIX,0.05%,Construction & Engineering,US,---,"$51,243,795.94","29,626",FIX,0.000564209824113548
,BDHLTQ5,Baker Hughes Co,BKR,0.05%,Oil & Gas Equipment & Services,US,---,"$51,241,502.43","847,107",BKR,0.0005641845718688623
,5253973,Hermes International SCA,RMS,0.05%,"Apparel, Accessories & Luxury Goods",FR,---,"$50,810,241.40","28,676",RMS.PA,0.0005594362563816913
,2542049,Dominion Energy Inc,D,0.05%,Multi-Utilities,US,---,"$50,678,507.22","732,666",D,0.0005579858228772224
,2380863,WW Grainger Inc,GWW,0.05%,Trading Companies & Distributors,US,---,"$50,633,483.04","36,632",GWW,0.0005574900929217679
,2026361,Aflac Inc,AFL,0.05%,Life & Health Insurance,US,---,"$49,577,864.36","388,907",AFL,0.0005458674092612691
,B505PN7,NXP Semiconductors NV,NXPI,0.05%,Semiconductors,US,---,"$49,469,685.84","215,874",NXPI,0.000544676330758546
,2724193,Realty Income Corp,O,0.05%,Retail REITs,US,---,"$49,295,504.70","771,810",O,0.0005427585432769479
,2884183,Teradyne Inc,TER,0.05%,Semiconductor Materials & Equipment,US,---,"$49,130,737.80","133,620",TER,0.0005409444094493606
,2795393,Cencora Inc,COR,0.05%,Health Care Distributors,US,---,"$48,820,914.06","156,809",COR,0.0005375331555669146
,B55PZY3,Targa Resources Corp,TRGP,0.05%,Oil & Gas Storage & Transportation,US,---,"$48,763,122.09","180,357",TRGP,0.0005368968483490213
,2615468,Ford Motor Co,F,0.05%,Automobile Manufacturers,US,---,"$48,618,574.56","3,311,892",F,0.0005353053359526163
,2651086,Nucor Corp,NUE,0.05%,Steel,US,---,"$48,322,149.48","187,812",NUE,0.0005320416054037422
,BJDS7L3,Prosus NV,PRX,0.05%,Broadline Retail,NL,---,"$47,887,661.50","1,030,445",PRX.AS,0.00052725776021276
,BFXZDY1,ASE Technology Holding Co Ltd,3711,0.05%,Semiconductors,TW,---,"$47,885,666.65","2,806,158",3711.TW,0.0005272357963057741
,2130109,ONEOK Inc,OKE,0.05%,Oil & Gas Storage & Transportation,US,---,"$47,784,312.81","526,201",OKE,0.0005261198596115723
,2138158,Sempra,SRE,0.05%,Multi-Utilities,US,---,"$47,671,246.70","538,354",SRE,0.0005248749672520953
,2654364,Cheniere Energy Inc,LNG,0.05%,Oil & Gas Storage & Transportation,US,---,"$47,327,156.34","179,562",LNG,0.0005210864274311563
,7021963,Deutsche Boerse AG,DB1,0.05%,Financial Exchanges & Data,DE,---,"$47,063,674.27","156,245",DB1.DE,0.0005181854094709365
,5069211,Bayer AG,BAYN,0.05%,Pharmaceuticals,DE,---,"$46,952,828.22","846,062",BAYN.DE,0.0005169649606492409
,BTK05J6,Anglo American PLC,AAL,0.05%,Diversified Metals & Mining,GB,---,"$46,847,668.80","925,450",AAL.L,0.0005158071233584291
,BDD1BB8,Bloom Energy Corp,BE,0.05%,Heavy Electrical Equipment,US,---,"$46,819,099.47","227,487",BE,0.0005154925663206716
,BQZJ0Q9,Keysight Technologies Inc,KEYS,0.05%,Electronic Equipment & Instruments,US,---,"$46,805,845.20","146,690",KEYS,0.0005153466327650425
,2089212,AMETEK Inc,AME,0.05%,Electrical Components & Equipment,US,---,"$46,632,385.17","192,927",AME,0.0005134367849245035
,7212477,EssilorLuxottica SA,EL,0.05%,Health Care Supplies,FR,---,"$46,531,319.08","245,779",EL.PA,0.0005123240164455736
,2754060,Rockwell Automation Inc,ROK,0.05%,Electrical Components & Equipment,US,---,"$46,347,403.28","96,541",ROK,0.0005102990473880276
,2852533,Public Storage,PSA,0.05%,Self-Storage REITs,US,---,"$46,231,828.72","142,616",PSA,0.0005090265362289021
,2175672,Cardinal Health Inc,CAH,0.05%,Health Care Distributors,US,---,"$46,162,650.43","200,681",CAH,0.0005082648621546575
,2332262,Fastenal Co,FAST,0.05%,Trading Companies & Distributors,US,---,"$46,086,524.12","965,972",FAST,0.0005074266882608695
,6870445,Takeda Pharmaceutical Co Ltd,4502,0.05%,Pharmaceuticals,JP,---,"$45,853,131.95","1,335,439",4502.T,0.0005048569692779244
,BD6K457,Compass Group PLC,CPG,0.05%,Restaurants,GB,---,"$45,633,953.22","1,437,025",CPG.L,0.0005024437446048826
,BNHKYX4,Argenx SE,ARGX,0.05%,Biotechnology,BE,---,"$45,521,102.34","53,148",ARGX.BR,0.0005012012219933569
,0408284,Standard Chartered PLC,STAN,0.05%,Diversified Banks,GB,---,"$45,455,880.26","1,537,354",STAN.L,0.0005004831069979688
,B1FLZ21,Ciena Corp,CIEN,0.05%,Communications Equipment,US,---,"$45,189,065.45","119,849",CIEN,0.0004975453945537686
,B0SWJX3,London Stock Exchange Group PLC,LSEG,0.05%,Financial Exchanges & Data,GB,---,"$45,188,593.31","401,703",LSEG.L,0.0004975401961483525
,BK73B42,Corteva Inc,CTVA,0.05%,Fertilizers & Agricultural Chemicals,US,---,"$45,075,800.22","572,682",CTVA,0.0004962983098223545
,B283W97,CaixaBank SA,CABK,0.05%,Diversified Banks,ES,---,"$44,901,128.74","3,091,016",CABK.MC,0.0004943751235477888
,BN44JF6,Apollo Global Management Inc,APO,0.04%,Diversified Financial Services,US,---,"$44,621,624.64","355,296",APO,0.0004912976981500945
,2573209,MetLife Inc,MET,0.04%,Life & Health Insurance,US,---,"$44,501,172.51","462,927",MET,0.0004899714834574715
,7145056,Eni SpA,ENI,0.04%,Integrated Oil & Gas,IT,---,"$44,471,302.00","1,598,728",ENI.MI,0.000489642600031017
,6248990,KDDI Corp,9433,0.04%,Wireless Telecommunication Services,JP,---,"$44,334,829.48","2,406,400",9433.T,0.00048813999595781975
,5086577,BASF SE,BAS,0.04%,Diversified Chemicals,DE,---,"$44,257,568.00","762,357",BAS.DE,0.00048728932349607256
,2196286,Vale SA,VALE3,0.04%,Steel,BR,---,"$44,128,472.44","2,932,536",VALE3.SA,0.00048586794200265775
,2336747,Fifth Third Bancorp,FITB,0.04%,Diversified Banks,US,---,"$43,705,914.00","773,556",FITB,0.00048121544468592416
,BK9DTN5,L3Harris Technologies Inc,LHX,0.04%,Aerospace & Defense,US,---,"$43,704,275.58","157,743",LHX,0.0004811974051819595
,2480677,Devon Energy Corp,DVN,0.04%,Oil & Gas Exploration & Production,US,---,"$43,455,722.13","962,901",DVN,0.0004784607558815932
,2293819,eBay Inc,EBAY,0.04%,Broadline Retail,US,---,"$43,416,604.14","380,814",EBAY,0.00047803005487959447
,6441506,Hoya Corp,7741,0.04%,Health Care Supplies,JP,---,"$43,405,619.84","283,851",7741.T,0.00047790911438607087
,BYM9ZP2,Lumentum Holdings Inc,LITE,0.04%,Communications Equipment,US,---,"$43,040,586.84","60,286",LITE,0.00047388998971063134
,2065159,Autodesk Inc,ADSK,0.04%,Application Software,US,---,"$42,986,004.80","183,544",ADSK,0.00047328902480115777
,2065955,AutoZone Inc,AZO,0.04%,Automotive Retail,US,---,"$42,767,408.75","14,179",AZO,0.0004708822156126499
,BF13KN5,Wheaton Precious Metals Corp,WPM,0.04%,Gold,CA,---,"$42,557,240.33","391,257",WPM.TO,0.0004685681972011087
,BZ8VJQ8,Vistra Corp,VST,0.04%,Independent Power Producers & Energy Traders,US,---,"$42,478,663.50","286,650",VST,0.00046770304233464233
,B0J7D57,Ameriprise Financial Inc,AMP,0.04%,Asset Management & Custody Banks,US,---,"$42,448,885.12","77,768",AMP,0.00046737517328759
,BN6NP19,NU Holdings Ltd/Cayman Islands,NU,0.04%,Diversified Banks,US,---,"$42,417,287.22","2,960,034",NU,0.00046702727077033255
,2842040,State Street Corp,STT,0.04%,Asset Management & Custody Banks,US,---,"$42,346,487.04","229,944",STT,0.00046624773919246547
,B1Y9TB3,Danone SA,BN,0.04%,Packaged Foods & Meats,FR,---,"$42,305,751.37","543,873",BN.PA,0.00046579922704022834
,B1YXBJ7,Air Liquide SA,AI,0.04%,Industrial Gases,FR,---,"$42,298,505.77","214,704",AI.PA,0.0004657194507741145
,7333378,Lonza Group AG,LONN,0.04%,Life Sciences Tools & Services,CH,---,"$42,257,763.54","60,630",LONN.SW,0.00046527086639427636
,6639550,Nintendo Co Ltd,7974,0.04%,Interactive Home Entertainment,JP,---,"$41,942,573.51","879,260",7974.T,0.0004618005280220593
,2567116,Edwards Lifesciences Corp,EW,0.04%,Health Care Equipment,US,---,"$41,898,187.44","486,792",EW,0.0004613118238523464
,B545MG5,Swiss Re AG,SREN,0.04%,Reinsurance,CH,---,"$41,883,000.36","251,678",SREN.SW,0.00046114460946905544
,0237400,Diageo PLC,DGE,0.04%,Distillers & Vintners,GB,---,"$41,698,894.44","1,898,136",DGE.L,0.00045911754713231736
,BM93SF4,NetEase Inc,9999,0.04%,Interactive Home Entertainment,HK,---,"$41,674,772.00","1,566,355",9999.HK,0.00045885195170988763
,BL56KN2,Alimentation Couche-Tard Inc,ATD,0.04%,Food Retail,CA,---,"$41,610,497.82","640,937",ATD.TO,0.000458144273382636
,2955733,Westinghouse Air Brake Technologies Corp,WAB,0.04%,Construction Machinery & Heavy Transportation Equipment,US,---,"$41,599,088.06","143,021",WAB,0.00045801864844473495
,B01FLR7,Ping An Insurance Group Co of China Ltd,2318,0.04%,Life & Health Insurance,HK,---,"$41,507,345.78","5,555,966",2318.HK,0.0004570085379579321
,2640147,NIKE Inc,NKE,0.04%,Footwear,US,---,"$41,425,078.99","993,169",NKE,0.00045610275550632314
,BK4N0D7,Carrier Global Corp,CARR,0.04%,Building Products,US,---,"$41,344,832.62","668,902",CARR,0.00045521921849519956
,6474535,Japan Tobacco Inc,2914,0.04%,Tobacco,JP,---,"$41,121,674.61","922,282",2914.T,0.0004527621807355642
,B3Z5T14,Garmin Ltd,GRMN,0.04%,Consumer Electronics,US,---,"$41,091,008.60","139,870",GRMN,0.0004524245386114597
,2317087,Entergy Corp,ETR,0.04%,Electric Utilities,US,---,"$41,038,842.22","381,331",ETR,0.0004518501708554311
,6569464,Marubeni Corp,8002,0.04%,Trading Companies & Distributors,JP,---,"$40,876,850.99","1,264,728",8002.T,0.0004500665980012021
,B0X7DZ3,Chipotle Mexican Grill Inc,CMG,0.04%,Restaurants,US,---,"$40,735,354.56","1,094,448",CMG,0.0004485086791464695
,4056719,Generali,G,0.04%,Multi-line Insurance,IT,---,"$40,658,005.50","802,265",G.MI,0.00044765704240220784
,4942904,E.ON SE,EOAN,0.04%,Multi-Utilities,DE,---,"$40,590,990.46","1,884,162",EOAN.DE,0.0004469191863703161
,2614807,Xcel Energy Inc,XEL,0.04%,Electric Utilities,US,---,"$40,577,276.20","518,891",XEL,0.000446768188184477
,BMTQ7V2,Astera Labs Inc,ALAB,0.04%,Semiconductors,US,---,"$40,410,725.66","129,842",ALAB,0.00044493441593642877
,B154564,Bank of China Ltd,3988,0.04%,Diversified Banks,HK,---,"$40,328,393.77","57,488,410",3988.HK,0.00044402791671396244
,2087807,Becton Dickinson & Co,BDX,0.04%,Health Care Equipment,US,---,"$39,823,163.38","240,449",BDX,0.0004384651760104345
,BYW36M8,PayPal Holdings Inc,PYPL,0.04%,Transaction & Payment Processing Services,US,---,"$39,726,967.26","694,406",PYPL,0.00043740602738668384
,4768962,RWE AG,RWE,0.04%,Independent Power Producers & Energy Traders,DE,---,"$39,707,375.64","603,612",RWE.DE,0.00043719031767448297
,5902941,Nokia Oyj,NOKIA,0.04%,Communications Equipment,FI,---,"$39,504,387.12","4,274,011",NOKIA.HE,0.0004349553521520153
,BNG8Z81,Coherent Corp,COHR,0.04%,Electronic Components,US,---,"$39,487,655.34","150,206",COHR,0.0004347711301505469
,BD6G507,Ferrari NV,RACE,0.04%,Automobile Manufacturers,IT,---,"$39,395,186.06","100,193",RACE.MI,0.00043375301517198844
,2670519,Exelon Corp,EXC,0.04%,Electric Utilities,US,---,"$39,032,820.86","851,873",EXC,0.0004297632637883037
,6220103,Rio Tinto Ltd,RIO,0.04%,Diversified Metals & Mining,AU,---,"$38,848,816.92","325,963",RIO.AX,0.00042773732428247254
,2566124,Sun Life Financial Inc,SLF,0.04%,Life & Health Insurance,CA,---,"$38,797,103.19","467,610",SLF.TO,0.00042716794034101507
,BSZBP53,Reckitt Benckiser Group PLC,RKT,0.04%,Household Products,GB,---,"$38,756,004.66","549,128",RKT.L,0.0004267154329894953
,6661144,ORIX Corp,8591,0.04%,Diversified Financial Services,JP,---,"$38,614,193.41","956,760",8591.T,0.0004251540478705337
,2122117,Take-Two Interactive Software Inc,TTWO,0.04%,Interactive Home Entertainment,US,---,"$38,291,965.44","157,632",TTWO,0.0004216062196321449
,7110753,Holcim AG,HOLN,0.04%,Construction Materials,CH,---,"$38,274,919.62","421,418",HOLN.SW,0.0004214185399544854
,BS6VHW3,Ferguson Enterprises Inc,FERG,0.04%,Trading Companies & Distributors,US,---,"$38,268,666.63","163,311",FERG,0.00042134969262724577
,2927925,Ventas Inc,VTR,0.04%,Health Care REITs,US,---,"$38,137,024.89","407,839",VTR,0.0004199002769153737
,BMGT167,Woodside Energy Group Ltd,WDS,0.04%,Oil & Gas Exploration & Production,AU,---,"$38,090,416.99","1,627,453",WDS.AX,0.0004193871097196396
,BMX86B7,Haleon PLC,HLN,0.04%,Pharmaceuticals,GB,---,"$37,592,570.34","7,678,911",HLN.L,0.0004139056662457622
,6536651,BYD Co Ltd,1211,0.04%,Automobile Manufacturers,HK,---,"$37,585,750.92","3,143,980",1211.HK,0.0004138305823514453
,2459202,IDEXX Laboratories Inc,IDXX,0.04%,Health Care Equipment,US,---,"$37,580,126.33","67,219",IDXX,0.00041376865389988537
,2445063,Humana Inc,HUM,0.04%,Managed Health Care,US,---,"$37,209,779.04","102,264",HUM,0.0004096910172705364
,7380482,Cie de Saint-Gobain SA,SGO,0.04%,Building Products,FR,---,"$37,200,180.76","395,801",SGO.PA,0.00040958533727998824
,5165294,ASM International NV,ASM,0.04%,Semiconductor Materials & Equipment,NL,---,"$37,193,206.79","40,159",ASM.AS,0.00040950855174302914
,B6WVMH3,CBRE Group Inc,CBRE,0.04%,Real Estate Services,US,---,"$36,976,007.03","251,863",CBRE,0.00040711711613332943
,BYQHPG3,Carvana Co,CVNA,0.04%,Automotive Retail,US,---,"$36,672,544.08","588,078",CVNA,0.000403775896489005
,6916628,United Microelectronics Corp,2303,0.04%,Semiconductors,TW,---,"$36,356,013.60","9,718,008",2303.TW,0.00040029079935341265
,BYQFRK5,Waste Connections Inc,WCN,0.04%,Environmental & Facilities Services,CA,---,"$36,339,431.58","216,924",WCN.TO,0.0004001082262552252
,B03FYZ4,GOODMAN GROUP,GMG,0.04%,Industrial REITs,AU,---,"$36,293,347.48","1,743,287",GMG.AX,0.00039960082625726493
,B15C4L6,Constellation Software Inc/Canada,CSU,0.04%,Application Software,CA,---,"$36,249,667.78","16,922",CSU.TO,0.00039911989943671513
,BYNZGK1,Block Inc,XYZ,0.04%,Transaction & Payment Processing Services,US,---,"$36,232,146.36","445,989",XYZ,0.000398926983257984
,2965107,Nasdaq Inc,NDAQ,0.04%,Financial Exchanges & Data,US,---,"$36,152,099.99","383,821",NDAQ,0.0003980456483078662
,6185495,CSL Ltd,CSL,0.04%,Biotechnology,AU,---,"$36,059,197.63","417,061",CSL.AX,0.00039702276498640606
,B601QS4,Daiichi Life Group Inc,8750,0.04%,Life & Health Insurance,JP,---,"$35,846,541.47","2,973,000",8750.T,0.00039468135579863336
,2098876,Yum! Brands Inc,YUM,0.04%,Restaurants,US,---,"$35,823,988.48","233,716",YUM,0.0003944330404994304
,2027342,American International Group Inc,AIG,0.04%,Property & Casualty Insurance,US,---,"$35,807,491.56","455,682",AIG,0.000394251404378201
,2819118,Prudential Financial Inc,PRU,0.04%,Life & Health Insurance,US,---,"$35,782,014.24","293,103",PRU,0.00039397089131369434
,6771689,Samsung Electro-Mechanics Co Ltd,009150,0.04%,Electronic Components,KR,---,"$35,714,690.69","46,738",009150.KS,0.00039322963849259813
,5176177,Orange SA,ORA,0.04%,Integrated Telecommunication Services,FR,---,"$35,709,871.32","1,869,463",ORA.PA,0.0003931765757588533
,4057808,L'Oreal SA,OR,0.04%,Personal Care Products,FR,---,"$35,661,903.29","80,068",OR.PA,0.0003926484331169409
,B1WT5G2,DSV A/S,DSV,0.04%,Air Freight & Logistics,DK,---,"$35,654,110.90","164,973",DSV.CO,0.0003925626365261405
,2684532,PETROBRAS - PETROLEO BRAS-PR,PETR4,0.04%,Integrated Oil & Gas,BR,---,"$35,568,895.84","4,152,558",PETR4.SA,0.0003916243927225254
,2353058,Flex Ltd,FLEX,0.04%,Electronic Manufacturing Services,US,---,"$35,566,440.00","312,672",FLEX,0.0003915973531750243
,2868165,Sysco Corp,SYY,0.04%,Food Distributors,US,---,"$35,543,289.96","416,979",SYY,0.0003913424641732042
,BLGZ986,Tesco PLC,TSCO,0.04%,Food Retail,GB,---,"$35,513,916.13","5,395,482",TSCO.L,0.00039101904934505126
,6858946,Sumitomo Corp,8053,0.04%,Trading Companies & Distributors,JP,---,"$35,486,997.45","3,418,800",8053.T,0.0003907226664672888
,6356707,Fujikura Ltd,5803,0.04%,Electrical Components & Equipment,JP,---,"$35,465,977.07","1,397,600",5803.T,0.00039049122567167544
,7108918,Roche Holding AG,RO,0.04%,Pharmaceuticals,CH,---,"$35,441,483.33","79,950",RO.SW,0.0003902215421229886
,B29NF31,Franco-Nevada Corp,FNV,0.04%,Gold,CA,---,"$35,422,023.41","166,498",FNV.TO,0.0003900072824679599
,2262530,Republic Services Inc,RSG,0.04%,Environmental & Facilities Services,US,---,"$35,311,972.15","167,713",RSG,0.0003887955845265979
,6316121,Elite Material Co Ltd,2383,0.04%,Electronic Components,TW,---,"$35,170,382.95","245,000",2383.TW,0.0003872366442458679
,6882172,Teva Pharmaceutical Industries Ltd,TEVA,0.04%,Pharmaceuticals,IL,---,"$35,041,136.01","984,876",TEVA.TA,0.00038581359601247786
,2749602,Roper Technologies Inc,ROP,0.04%,Application Software,US,---,"$35,022,519.50","89,350",ROP,0.0003856086225588132
,BV2FFX7,Naspers Ltd,NPN,0.04%,Broadline Retail,ZA,---,"$34,915,784.51","664,523",NPN.JO,0.00038443343776170774
,2655408,Occidental Petroleum Corp,OXY,0.04%,Integrated Oil & Gas,US,---,"$34,745,928.10","608,830",OXY,0.0003825632668765753
,B57FG04,Cenovus Energy Inc,CVE,0.04%,Integrated Oil & Gas,CA,---,"$34,742,119.61","1,152,194",CVE.TO,0.0003825213342399776
,6250724,Daikin Industries Ltd,6367,0.03%,Building Products,JP,---,"$34,716,328.33","239,663",6367.T,0.00038223736438010417
,BD3W133,Keurig Dr Pepper Inc,KDP,0.03%,Soft Drinks & Non-alcoholic Beverages,US,---,"$34,666,466.32","1,113,961",KDP,0.00038168836844067406
,BDT5S35,Axon Enterprise Inc,AXON,0.03%,Aerospace & Defense,US,---,"$34,541,364.24","65,449",AXON,0.00038031095638018416
,BRC2T72,Galderma Group AG,GALD,0.03%,Pharmaceuticals,CH,---,"$34,514,458.53","158,606",GALD.SW,0.00038001471630607795
,5529027,Mercedes-Benz Group AG,MBG,0.03%,Automobile Manufacturers,DE,---,"$34,511,528.00","638,285",MBG.DE,0.000379982450276883
,B2972D2,MSCI Inc,MSCI,0.03%,Financial Exchanges & Data,US,---,"$34,435,114.24","60,176",MSCI,0.00037914111147091447
,2520153,Agilent Technologies Inc,A,0.03%,Life Sciences Tools & Services,US,---,"$34,295,281.24","247,852",A,0.00037760150748787527
,B5BSZB3,Nebius Group NV,NBIS,0.03%,Systems Software,US,---,"$34,210,203.06","179,666",NBIS,0.0003766647707748124
,BKPQZT6,JD.com Inc,9618,0.03%,Broadline Retail,HK,---,"$34,155,274.68","2,076,312",9618.HK,0.0003760599925562954
,2656423,Old Dominion Freight Line Inc,ODFL,0.03%,Cargo Ground Transportation,US,---,"$34,120,809.74","160,841",ODFL,0.00037568052305410923
,B1W4V69,Prysmian SpA,PRY,0.03%,Electrical Components & Equipment,IT,---,"$34,116,745.64","247,235",PRY.MI,0.00037563577607344317
,BDR73G1,IQVIA Holdings Inc,IQV,0.03%,Life Sciences Tools & Services,US,---,"$33,880,483.20","144,160",IQV,0.00037303445454228424
,2592174,Microchip Technology Inc,MCHP,0.03%,Semiconductors,US,---,"$33,737,540.57","454,133",MCHP,0.00037146061258441955
,6858708,Sumitomo Electric Industries Ltd,5802,0.03%,Automotive Parts & Equipment,JP,---,"$33,643,600.79","2,542,000",5802.T,0.00037042630695231673
,B7Y8YR3,Diamondback Energy Inc,FANG,0.03%,Oil & Gas Exploration & Production,US,---,"$33,541,140.60","165,268",FANG,0.00036929818900714685
,B1VQ252,Sandvik AB,SAND,0.03%,Industrial Machinery & Supplies & Components,SE,---,"$33,539,034.37","896,892",SAND.ST,0.00036927499877238685
,B11ZRK9,Legrand SA,LR,0.03%,Electrical Components & Equipment,FR,---,"$33,391,545.77","219,639",LR.PA,0.0003676511042981721
,0790873,SSE PLC,SSE,0.03%,Electric Utilities,GB,---,"$33,357,587.76","1,055,839",SSE.L,0.00036727721624991397
,6356945,Fujitsu Ltd,6702,0.03%,IT Consulting & Other Services,JP,---,"$33,322,335.10","1,445,700",6702.T,0.00036688907371025076
,BF5M0K5,SoftBank Corp,9434,0.03%,Wireless Telecommunication Services,JP,---,"$33,304,554.11","23,728,330",9434.T,0.00036669329958664344
,6496584,Komatsu Ltd,6301,0.03%,Construction Machinery & Heavy Transportation Equipment,JP,---,"$33,200,034.51","765,150",6301.T,0.0003655425069091949
,2674458,Paychex Inc,PAYX,0.03%,Human Resource & Employment Services,US,---,"$33,158,140.44","283,791",PAYX,0.0003650812404196129
,2047317,Archer-Daniels-Midland Co,ADM,0.03%,Agricultural Products & Services,US,---,"$32,805,017.53","413,839",ADM,0.00036119324946798934
,2476193,Hartford Insurance Group Inc/The,HIG,0.03%,Property & Casualty Insurance,US,---,"$32,764,890.35","230,885",HIG,0.000360751436976259
,2216850,Consolidated Edison Inc,ED,0.03%,Multi-Utilities,US,---,"$32,740,882.65","300,789",ED,0.00036048710487622814
,B62G7K6,Sompo Holdings Inc,8630,0.03%,Property & Casualty Insurance,JP,---,"$32,730,283.87","737,225",8630.T,0.00036037040907549905
,B1WT4X2,Interactive Brokers Group Inc,IBKR,0.03%,Investment Banking & Brokerage,US,---,"$32,687,317.11","371,489",IBKR,0.0003598973319418161
,2689560,PG&E Corp,PCG,0.03%,Electric Utilities,US,---,"$32,606,652.76","1,876,102",PCG,0.00035900919284339683
,0709954,Prudential PLC,PRU,0.03%,Life & Health Insurance,GB,---,"$32,585,559.15","2,168,244",PRU.L,0.00035877694576314623
,B1YW440,3i Group PLC,III,0.03%,Asset Management & Custody Banks,GB,---,"$32,532,982.36","845,061",III.L,0.00035819805926783104
,B037HR3,ITAU UNIBANCO HOLDING S-PREF,ITUB4,0.03%,Diversified Banks,BR,---,"$32,489,317.78","3,839,898",ITUB4.SA,0.00035771729892309316
,2340168,M&T Bank Corp,MTB,0.03%,Regional Banks,US,---,"$32,478,262.30","131,870",MTB,0.00035759557471605756
,6435145,Honda Motor Co Ltd,7267,0.03%,Automobile Manufacturers,JP,---,"$32,225,792.17","3,197,123",7267.T,0.00035481580157419257
,BSCB6L9,Celestica Inc,CLS,0.03%,Electronic Manufacturing Services,CA,---,"$32,200,390.51","97,312",CLS.TO,0.0003545361215493643
,6356934,FANUC Corp,6954,0.03%,Industrial Machinery & Supplies & Components,JP,---,"$32,198,299.67","799,055",6954.T,0.00035451310076319866
,5289837,Erste Group Bank AG,EBS,0.03%,Diversified Banks,AT,---,"$32,181,798.94","246,183",EBS.VI,0.00035433142269270705
,2166160,Cameco Corp,CCO,0.03%,Coal & Consumable Fuels,CA,---,"$32,098,254.63","371,937",CCO.TO,0.0003534115743562181
,2937689,Waters Corp,WAT,0.03%,Life Sciences Tools & Services,US,---,"$32,075,877.72","85,012",WAT,0.0003531651977515246
,B2Q4CS1,MS&AD Insurance Group Holdings Inc,8725,0.03%,Property & Casualty Insurance,JP,---,"$31,936,963.50","1,037,468",8725.T,0.0003516357098165394
,2707677,Public Service Enterprise Group Inc,PEG,0.03%,Multi-Utilities,US,---,"$31,847,197.68","415,326",PEG,0.00035064736075721316
,BF2DSG3,Sika AG,SIKA,0.03%,Specialty Chemicals,CH,---,"$31,660,451.10","140,719",SIKA.SW,0.00034859122394839876
,4588825,Danske Bank A/S,DANSKE,0.03%,Diversified Banks,DK,---,"$31,612,374.80","549,306",DANSKE.CO,0.0003480618892207609
,6640400,NEC Corp,6701,0.03%,IT Consulting & Other Services,JP,---,"$31,537,439.33","1,061,200",6701.T,0.0003472368268386128
,2491839,Kimberly-Clark Corp,KMB,0.03%,Household Products,US,---,"$31,523,692.28","288,388",KMB,0.0003470854676248719
,2697701,Power Corp of Canada,POW,0.03%,Life & Health Insurance,CA,---,"$31,523,075.94","461,280",POW.TO,0.0003470786815334706
,B4TP9G2,Dollarama Inc,DOL,0.03%,Broadline Retail,CA,---,"$31,469,284.03","231,006",DOL.TO,0.0003464864161963093
,BQ84ZQ6,Kenvue Inc,KVUE,0.03%,Personal Care Products,US,---,"$31,447,626.08","1,634,492",KVUE,0.000346247955560519
,6869302,TDK Corp,6762,0.03%,Electronic Components,JP,---,"$31,280,852.84","1,626,800",6762.T,0.000344411731317541
,BVFTF03,Iron Mountain Inc,IRM,0.03%,Other Specialized REITs,US,---,"$31,150,622.80","254,665",IRM,0.0003429778588532776
,BYQRG48,Natera Inc,NTRA,0.03%,Biotechnology,US,---,"$31,029,903.12","115,887",NTRA,0.00034164869835354427
,2250687,DR Horton Inc,DHI,0.03%,Homebuilding,US,---,"$31,024,993.02","216,867",DHI,0.00034159463665482415
,BD0Q398,Koninklijke Ahold Delhaize NV,AD,0.03%,Food Retail,NL,---,"$30,860,239.76","780,185",AD.AS,0.0003397806530077975
,6076425,Bank Leumi Le-Israel BM,LUMI,0.03%,Diversified Banks,IL,---,"$30,666,201.98","1,297,858",LUMI.TA,0.00033764423786295986
,BRF6FX9,Anglogold Ashanti Plc,ANG,0.03%,Gold,ZA,---,"$30,421,549.27","402,280",ANG.JO,0.0003349505368998301
,BL71K91,Revolution Medicines Inc,RVMD,0.03%,Biotechnology,US,---,"$30,420,741.54","162,218",RVMD,0.0003349416435461495
,2474164,EMCOR Group Inc,EME,0.03%,Construction & Engineering,US,---,"$30,384,475.29","38,103",EME,0.00033454234107141255
,BVV7RC7,Carnival Corp Ltd,CCL,0.03%,"Hotels, Resorts & Cruise Lines",US,---,"$30,368,937.15","1,092,015",CCL,0.00033437126141043825
,6451055,Hyundai Motor Co,005380,0.03%,Automobile Manufacturers,KR,---,"$30,262,581.26","114,217",005380.KS,0.0003332002506199691
,2630643,NetApp Inc,NTAP,0.03%,"Technology Hardware, Storage & Peripherals",US,---,"$30,231,474.00","169,364",NTAP,0.00033285775019877066
,2566351,Fairfax Financial Holdings Ltd,FFH,0.03%,Property & Casualty Insurance,CA,---,"$30,171,550.82","18,017",FFH.TO,0.0003321979777086977
,2931205,Vulcan Materials Co,VMC,0.03%,Construction Materials,US,---,"$30,165,513.83","112,319",VMC,0.0003321315086073442
,B3DF0Y6,KB Financial Group Inc,105560,0.03%,Diversified Banks,KR,---,"$30,130,061.75","257,441",105560.KS,0.0003317411703926522
,2445966,Huntington Bancshares Inc/OH,HBAN,0.03%,Regional Banks,US,---,"$29,862,395.52","1,752,488",HBAN,0.0003287940835545448
,2740542,Arch Capital Group Ltd,ACGL,0.03%,Property & Casualty Insurance,US,---,"$29,776,784.94","296,198",ACGL,0.0003278514849550848
,BYT8165,Japan Post Bank Co Ltd,7182,0.03%,Diversified Banks,JP,---,"$29,759,390.80","1,539,136",7182.T,0.0003276599701679777
,6527666,CTBC Financial Holding Co Ltd,2891,0.03%,Diversified Banks,TW,---,"$29,746,159.96","14,903,382",2891.TW,0.0003275142945837955
,B04YJV1,Intact Financial Corp,IFC,0.03%,Property & Casualty Insurance,CA,---,"$29,718,399.97","151,356",IFC.TO,0.0003272086486263096
,B19NLV4,Experian PLC,EXPN,0.03%,Research & Consulting Services,GB,---,"$29,666,120.58","786,280",EXPN.L,0.0003266330365957098
,7320154,OTP Bank Nyrt,OTP,0.03%,Diversified Banks,HU,---,"$29,622,878.73","199,963",OTP.BD,0.0003261569306372166
,BT6C8Z3,Rocket Lab Corp,RKLB,0.03%,Aerospace & Defense,US,---,"$29,582,256.90","455,462",RKLB,0.0003257096718981039
,BLPLD38,Sandoz Group AG,SDZ,0.03%,Pharmaceuticals,CH,---,"$29,511,901.49","362,030",SDZ.SW,0.0003249350373736043
,6981239,Woolworths Group Ltd,WOW,0.03%,Food Retail,AU,---,"$29,507,252.77","1,057,395",WOW.AX,0.00032488385354841265
,2421041,Grupo Financiero Banorte SAB de CV,GFNORTEO,0.03%,Diversified Banks,MX,---,"$29,344,392.49","2,533,803",GFNORTEO.MX,0.0003230907121885986
,2643674,Grupo Mexico SAB de CV,GMEXICOB,0.03%,Diversified Metals & Mining,MX,---,"$29,315,307.30","2,444,283",GMEXICOB.MX,0.0003227704753748891
,BJT1GR5,Alcon AG,ALC,0.03%,Health Care Supplies,CH,---,"$29,191,344.67","425,039",ALC.SW,0.0003214056090064638
,5962343,STMicroelectronics NV,STMMI,0.03%,Semiconductors,IT,---,"$29,162,953.95","547,956",STMMI.MI,0.0003210930185192873
,2648668,Northern Trust Corp,NTRS,0.03%,Asset Management & Custody Banks,US,---,"$29,082,625.32","159,628",NTRS,0.0003202085758004722
,5669354,Repsol SA,REP,0.03%,Integrated Oil & Gas,ES,---,"$29,032,789.67","951,239",REP.MC,0.0003196598700926826
,2849472,Steel Dynamics Inc,STLD,0.03%,Steel,US,---,"$28,986,107.38","115,363",STLD,0.0003191458838403573
,BLD13F2,Credo Technology Group Holding Ltd,CRDO,0.03%,Semiconductors,US,---,"$28,947,344.51","139,849",CRDO,0.00031871909281788036
,7437805,Swiss Life Holding AG,SLHN,0.03%,Life & Health Insurance,CH,---,"$28,886,349.25","24,480",SLHN.SW,0.0003180475163999925
,B748CK2,Expedia Group Inc,EXPE,0.03%,"Hotels, Resorts & Cruise Lines",US,---,"$28,853,867.04","97,896",EXPE,0.0003176898773598953
,6200882,Transurban Group,TCL,0.03%,Highways & Railtracks,AU,---,"$28,729,791.80","2,766,534",TCL.AX,0.00031632377112102074
,BDRJLN0,Nutrien Ltd,NTR,0.03%,Fertilizers & Agricultural Chemicals,CA,---,"$28,596,674.79","414,306",NTR.TO,0.00031485811223644946
,BTGQCX1,Crown Castle Inc,CCI,0.03%,Telecom Tower REITs,US,---,"$28,563,820.60","374,362",CCI,0.0003144963775830878
,BL5GZ82,Ingersoll Rand Inc,IR,0.03%,Industrial Machinery & Supplies & Components,US,---,"$28,507,205.10","341,895",IR,0.0003138730236587512
,B8K6ZD1,Workday Inc,WDAY,0.03%,Application Software,US,---,"$28,504,283.16","177,774",WDAY,0.0003138408522080764
,6606996,FirstRand Ltd,FSR,0.03%,Diversified Financial Services,ZA,---,"$28,361,900.61","4,742,340",FSR.JO,0.00031227317690185206
,4497749,KBC Group NV,KBC,0.03%,Diversified Banks,BE,---,"$28,326,931.16","196,908",KBC.BR,0.00031188815259067595
,2471789,Jabil Inc,JBL,0.03%,Electronic Manufacturing Services,US,---,"$28,308,187.65","89,853",JBL,0.0003116817808282727
,6635677,Renesas Electronics Corp,6723,0.03%,Semiconductors,JP,---,"$28,129,862.79","1,403,423",6723.T,0.00030971836972552234
,B95WG16,Zoetis Inc,ZTS,0.03%,Pharmaceuticals,US,---,"$28,108,363.46","363,674",ZTS,0.0003094816555443156
,6075808,Bank Hapoalim BM,POLI,0.03%,Diversified Banks,IL,---,"$28,036,717.13","1,154,822",POLI.TA,0.0003086928075968487
,6411673,Fubon Financial Holding Co Ltd,2881,0.03%,Life & Health Insurance,TW,---,"$27,982,092.92","7,020,145",2881.TW,0.0003080913783828122
,BYY8XK8,WEC Energy Group Inc,WEC,0.03%,Multi-Utilities,US,---,"$27,915,449.24","255,122",WEC,0.00030735761113779577
,2497406,Kroger Co/The,KR,0.03%,Food Retail,US,---,"$27,786,277.94","481,231",KR,0.00030593539572387816
,2179414,Casey's General Stores Inc,CASY,0.03%,Food Retail,US,---,"$27,742,221.00","31,851",CASY,0.0003054503153758593
,BDB6Q21,Willis Towers Watson PLC,WTW,0.03%,Insurance Brokers,US,---,"$27,693,580.72","82,441",WTW,0.00030491477105639147
,2319414,EQT Corp,EQT,0.03%,Oil & Gas Exploration & Production,US,---,"$27,644,507.24","518,756",EQT,0.0003043744570727854
,B5834C5,Cboe Global Markets Inc,CBOE,0.03%,Financial Exchanges & Data,US,---,"$27,494,133.75","88,625",CBOE,0.0003027187990796972
,B02HWR9,Extra Space Storage Inc,EXR,0.03%,Self-Storage REITs,US,---,"$27,489,547.60","185,690",EXR,0.0003026683041692912
,2583576,ON Semiconductor Corp,ON,0.03%,Semiconductors,US,---,"$27,458,827.04","336,464",ON,0.00030233006143304725
,B0796X4,Dexcom Inc,DXCM,0.03%,Health Care Equipment,US,---,"$27,451,962.35","328,963",DXCM,0.00030225447910222166
,BMC9P69,Coinbase Global Inc,COIN,0.03%,Financial Exchanges & Data,US,---,"$27,372,851.52","187,152",COIN,0.0003013834447328701
,BQRX1X3,Citizens Financial Group Inc,CFG,0.03%,Regional Banks,US,---,"$27,265,332.75","380,535",CFG,0.00030019963027888954
,6005214,Accton Technology Corp,2345,0.03%,Communications Equipment,TW,---,"$27,223,114.04","420,000",2345.TW,0.0002997347894038831
,6503138,Kuwait Finance House KSCP,KFH,0.03%,Diversified Banks,KW,---,"$27,207,119.17","10,724,606",KFH.KW,0.00029955868100629314
,2572079,Martin Marietta Materials Inc,MLM,0.03%,Construction Materials,US,---,"$27,089,872.04","51,586",MLM,0.0002982677543412863
,2613990,Illumina Inc,ILMN,0.03%,Life Sciences Tools & Services,US,---,"$26,910,555.70","131,207",ILMN,0.00029629342674130624
,BL6JPG8,GE HealthCare Technologies Inc,GEHC,0.03%,Health Care Equipment,US,---,"$26,813,756.08","394,204",GEHC,0.000295227633398471
,2503477,Teledyne Technologies Inc,TDY,0.03%,Electronic Equipment & Instruments,US,---,"$26,681,699.00","40,700",TDY,0.0002937736446665085
,5980613,Givaudan SA,GIVN,0.03%,Specialty Chemicals,CH,---,"$26,635,033.85","6,664",GIVN.SW,0.0002932598471308115
,5596991,UCB SA,UCB,0.03%,Pharmaceuticals,BE,---,"$26,623,460.29","103,721",UCB.BR,0.00029313241870494673
,4031976,adidas AG,ADS,0.03%,"Apparel, Accessories & Luxury Goods",DE,---,"$26,614,638.68","143,845",ADS.DE,0.00029303529008800497
,BFH3N85,Veeva Systems Inc,VEEV,0.03%,Health Care Technology,US,---,"$26,596,346.70","130,515",VEEV,0.0002928338898086312
,B5LTM93,Otsuka Holdings Co Ltd,4578,0.03%,Pharmaceuticals,JP,---,"$26,515,387.43","382,400",4578.T,0.00029194250355105296
,BF09HX3,Tapestry Inc,TPR,0.03%,"Apparel, Accessories & Luxury Goods",US,---,"$26,456,460.21","173,633",TPR,0.00029129369688437603
,6270948,Disco Corp,6146,0.03%,Semiconductor Materials & Equipment,JP,---,"$26,378,648.31","73,800",6146.T,0.0002904369641305351
,BRS7CF0,Ferrovial NV,FER,0.03%,Construction & Engineering,ES,---,"$26,342,456.41","402,138",FER.MC,0.00029003848027197703
,2718992,Raymond James Financial Inc,RJF,0.03%,Investment Banking & Brokerage,US,---,"$26,298,979.14","149,443",RJF,0.000289559782267474
,2807061,Centene Corp,CNC,0.03%,Managed Health Care,US,---,"$26,225,730.00","421,500",CNC,0.0002887532868930045
,6137720,Unimicron Technology Corp,3037,0.03%,Electronic Components,TW,---,"$26,224,137.73","1,117,682",3037.TW,0.0002887357555146169
,2732903,ResMed Inc,RMD,0.03%,Health Care Equipment,US,---,"$26,083,246.42","123,629",RMD,0.0002871844992156631
,2974329,Strategy Inc,MSTR,0.03%,Application Software,US,---,"$25,944,246.24","278,133",MSTR,0.0002856540648348577
,2455965,Biogen Inc,BIIB,0.03%,Biotechnology,US,---,"$25,905,755.70","127,646",BIIB,0.0002852302722487491
,BYPBS67,ArcelorMittal SA,MT,0.03%,Steel,NL,---,"$25,789,406.54","365,096",MT.AS,0.0002839492325073486
,6421553,Resona Holdings Inc,8308,0.03%,Regional Banks,JP,---,"$25,715,193.92","1,896,289",8308.T,0.00028313212892419035
,B0J2D41,Baidu Inc,9888,0.03%,Interactive Media & Services,HK,---,"$25,470,828.63","1,838,704",9888.HK,0.0002804415925429318
,2126249,Mettler-Toledo International Inc,MTD,0.03%,Life Sciences Tools & Services,US,---,"$25,442,413.20","17,964",MTD,0.00028012872999111805
,BH4HKS3,Vodafone Group PLC,VOD,0.03%,Wireless Telecommunication Services,GB,---,"$25,353,374.42","15,975,763",VOD.L,0.00027914838586395966
,B4PT2P8,Pembina Pipeline Corp,PPL,0.03%,Oil & Gas Storage & Transportation,CA,---,"$25,149,684.33","514,387",PPL.TO,0.00027690569584179313
,0454492,Imperial Brands PLC,IMB,0.03%,Tobacco,GB,---,"$25,098,347.42","661,338",IMB.L,0.00027634046080347657
,6425663,Cathay Financial Holding Co Ltd,2882,0.03%,Life & Health Insurance,TW,---,"$25,006,052.28","8,034,640",2882.TW,0.0002753242631594358
,2682365,Petroleo Brasileiro SA - Petrobras,PETR3,0.03%,Integrated Oil & Gas,BR,---,"$24,992,662.34","2,583,433",PETR3.SA,0.00027517683583572347
,6280215,Gold Fields Ltd,GFI,0.03%,Gold,ZA,---,"$24,970,188.90","773,240",GFI.JO,0.0002749293964062856
,B0J7D91,Daiichi Sankyo Co Ltd,4568,0.03%,Pharmaceuticals,JP,---,"$24,948,546.69","1,543,700",4568.T,0.0002746911090726965
,6499260,Kyocera Corp,6971,0.03%,Electronic Components,JP,---,"$24,927,817.70","1,093,000",6971.T,0.00027446287656986536
,7133608,Equinor ASA,EQNR,0.03%,Integrated Oil & Gas,NO,---,"$24,910,552.81","606,821",EQNR.OL,0.0002742727848646833
,2342034,Fiserv Inc,FISV,0.03%,Transaction & Payment Processing Services,US,---,"$24,907,280.46","461,759",FISV,0.0002742367552930235
,6397502,Shinhan Financial Group Co Ltd,055550,0.03%,Diversified Banks,KR,---,"$24,892,458.10","358,578",055550.KS,0.00027407355658818245
,6010906,Ajinomoto Co Inc,2802,0.03%,Packaged Foods & Meats,JP,---,"$24,861,885.11","806,200",2802.T,0.00027373693864265157
,6900580,Toyota Tsusho Corp,8015,0.03%,Trading Companies & Distributors,JP,---,"$24,845,093.23","598,600",8015.T,0.00027355205492185096
,BDSFG98,TechnipFMC PLC,FTI,0.03%,Oil & Gas Equipment & Services,US,---,"$24,838,000.94","346,609",FTI,0.00027347396664560095
,BD6P5Q0,Twilio Inc,TWLO,0.02%,Internet Services & Infrastructure,US,---,"$24,749,663.50","125,410",TWLO,0.0002725013444857711
,BP6VLQ4,Daimler Truck Holding AG,DTG,0.02%,Construction Machinery & Heavy Transportation Equipment,DE,---,"$24,539,239.89","433,857",DTG.DE,0.0002701845163544897
,B90LKT4,Commerzbank AG,CBK,0.02%,Diversified Banks,DE,---,"$24,506,398.93","561,893",CBK.DE,0.0002698229273674635
,2278407,Dover Corp,DOV,0.02%,Industrial Machinery & Supplies & Components,US,---,"$24,423,238.58","119,359",DOV,0.00026890730654769324
,B3P2CN8,Xylem Inc/NY,XYL,0.02%,Industrial Machinery & Supplies & Components,US,---,"$24,389,063.79","208,507",XYL,0.00026853103168551106
,B75JX34,LPL Financial Holdings Inc,LPLA,0.02%,Investment Banking & Brokerage,US,---,"$24,303,788.10","68,713",LPLA,0.000267592120327102
,2829515,Edison International,EIX,0.02%,Electric Utilities,US,---,"$24,301,538.03","331,219",EIX,0.0002675673463700667
,2050832,Ameren Corp,AEE,0.02%,Multi-Utilities,US,---,"$24,232,030.75","221,075",AEE,0.00026680205001557085
,B01R311,Regions Financial Corp,RF,0.02%,Regional Banks,US,---,"$24,145,394.90","780,142",RF,0.00026584816288067434
,B5B1S13,Dollar General Corp,DG,0.02%,Consumer Staples Merchandise Retail,US,---,"$24,101,766.15","189,703",DG,0.00026536779703516565
,BNYK8H9,Trip.com Group Ltd,9961,0.02%,"Hotels, Resorts & Cruise Lines",HK,---,"$24,050,731.11","513,351",9961.HK,0.000264805885677628
,6356525,FUJIFILM Holdings Corp,4901,0.02%,"Technology Hardware, Storage & Peripherals",JP,---,"$24,036,308.34","1,021,100",4901.T,0.00026464708658057324
,6643108,Nomura Holdings Inc,8604,0.02%,Investment Banking & Brokerage,JP,---,"$23,988,868.34","2,479,600",8604.T,0.00026412475771002495
,B0T7YX2,Live Nation Entertainment Inc,LYV,0.02%,Movies & Entertainment,US,---,"$23,927,203.30","137,410",LYV,0.0002634458068100352
,2232878,Credicorp Ltd,BAP,0.02%,Diversified Banks,US,---,"$23,917,029.48","59,706",BAP,0.00026333378994853094
,B03Z841,Kinross Gold Corp,K,0.02%,Gold,CA,---,"$23,911,773.96","1,037,151",K.TO,0.000263275925070248
,6431897,Sumitomo Mitsui Trust Group Inc,8309,0.02%,Diversified Banks,JP,---,"$23,814,360.46","2,315,968",8309.T,0.00026220337272136194
,6196408,Chugai Pharmaceutical Co Ltd,4519,0.02%,Pharmaceuticals,JP,---,"$23,756,760.98","547,500",4519.T,0.0002615691848770835
,BYMD5K9,Banco BPM SpA,BAMI,0.02%,Diversified Banks,IT,---,"$23,738,623.40","1,300,163",BAMI.MI,0.00026136948458880605
,B0166K8,Larsen & Toubro Ltd,LT,0.02%,Construction & Engineering,IN,---,"$23,737,177.70","575,504",LT.NS,0.0002613535669908265
,BK531S8,Otis Worldwide Corp,OTIS,0.02%,Industrial Machinery & Supplies & Components,US,---,"$23,729,685.60","329,808",OTIS,0.0002612710766845231
,2280220,DTE Energy Co,DTE,0.02%,Multi-Utilities,US,---,"$23,690,161.95","166,985",DTE,0.00026083590924218654
,6718976,China Life Insurance Co Ltd,2628,0.02%,Life & Health Insurance,HK,---,"$23,652,849.45","6,353,271",2628.HK,0.00026042508723581357
,BZ1HM42,Adyen NV,ADYEN,0.02%,Transaction & Payment Processing Services,NL,---,"$23,577,026.16","23,178",ADYEN.AS,0.0002595902496846552
,B030GJ7,Standard Bank Group Ltd,SBK,0.02%,Diversified Banks,ZA,---,"$23,483,617.51","1,179,369",SBK.JO,0.0002585617919558622
,2967589,Williams-Sonoma Inc,WSM,0.02%,Homefurnishing Retail,US,---,"$23,476,293.54","102,669",WSM,0.0002584811528121432
,B0FS5D6,Seven & i Holdings Co Ltd,3382,0.02%,Food Retail,JP,---,"$23,435,929.55","1,767,400",3382.T,0.00025803673297007906
,2212922,NRG Energy Inc,NRG,0.02%,Electric Utilities,US,---,"$23,431,053.49","174,481",NRG,0.0002579830460621422
,B3MSM28,Amadeus IT Group SA,AMS,0.02%,"Hotels, Resorts & Cruise Lines",ES,---,"$23,429,305.95","379,625",AMS.MC,0.00025796380511369283
,2405302,Halliburton Co,HAL,0.02%,Oil & Gas Equipment & Services,US,---,"$23,419,305.00","726,180",HAL,0.00025785369160361883
,2241205,Curtiss-Wright Corp,CW,0.02%,Aerospace & Defense,US,---,"$23,371,444.00","32,281",CW,0.0002573267273946536
,2131179,AvalonBay Communities Inc,AVB,0.02%,Multi-Family Residential REITs,US,---,"$23,342,313.60","125,760",AVB,0.0002570059928050537
,2347200,Fortis Inc/Canada,FTS,0.02%,Electric Utilities,CA,---,"$23,291,569.85","409,164",FTS.TO,0.00025644728863926774
,B03NGS5,Powszechna Kasa Oszczednosci Bank Polski SA,PKO,0.02%,Diversified Banks,PL,---,"$23,235,856.35","775,747",PKO.WA,0.00025583386601006684
,B00FWN1,Alnylam Pharmaceuticals Inc,ALNY,0.02%,Biotechnology,US,---,"$23,218,827.52","112,976",ALNY,0.0002556463733974897
,6596729,Mitsubishi Estate Co Ltd,8802,0.02%,Diversified Real Estate Activities,JP,---,"$23,152,917.91","953,691",8802.T,0.0002549206884870855
,2315359,Atmos Energy Corp,ATO,0.02%,Gas Utilities,US,---,"$23,140,598.18","133,931",ATO,0.00025478504450191766
,BVVN4Q8,Eversource Energy,ES,0.02%,Electric Utilities,US,---,"$23,136,670.97","323,183",ES,0.000254741804721907
,BPBPJ01,Cie Generale des Etablissements Michelin SCA,ML,0.02%,Tires & Rubber,FR,---,"$23,011,001.00","569,291",ML.PA,0.0002533581400192945
,2257019,Cognizant Technology Solutions Corp,CTSH,0.02%,IT Consulting & Other Services,US,---,"$22,989,013.65","415,339",CTSH,0.00025311605258902787
,BN4MYF5,Vestas Wind Systems A/S,VWS,0.02%,Heavy Electrical Equipment,DK,---,"$22,988,988.96","854,055",VWS.CO,0.00025311578074459673
,2196888,Cincinnati Financial Corp,CINF,0.02%,Property & Casualty Insurance,US,---,"$22,964,251.60","129,245",CINF,0.0002528434148653989
,BP96PS6,Synchrony Financial,SYF,0.02%,Consumer Finance,US,---,"$22,826,053.25","301,175",SYF,0.00025132180887747443
,2680905,PPL Corp,PPL,0.02%,Electric Utilities,US,---,"$22,742,702.36","645,916",PPL,0.0002504040901541841
,B2R3PV1,American Water Works Co Inc,AWK,0.02%,Water Utilities,US,---,"$22,723,702.05","169,365",AWK,0.00025019489094544955
,6725299,Zijin Mining Group Co Ltd,2899,0.02%,Diversified Metals & Mining,HK,---,"$22,696,037.36","5,345,301",2899.HK,0.00024989029427003283
,2440637,CenterPoint Energy Inc,CNP,0.02%,Multi-Utilities,US,---,"$22,660,064.48","539,012",CNP,0.0002494942218884821
,BYWH073,VICI Properties Inc,VICI,0.02%,Other Specialized REITs,US,---,"$22,657,390.05","859,863",VICI,0.00024946477559840497
,6715740,QBE Insurance Group Ltd,QBE,0.02%,Property & Casualty Insurance,AU,---,"$22,646,814.47","1,305,686",QBE.AX,0.00024934833523675246
,6440859,Capitec Bank Holdings Ltd,CPI,0.02%,Diversified Banks,ZA,---,"$22,632,643.64","79,264",CPI.JO,0.00024919231007594655
,6132101,Bridgestone Corp,5108,0.02%,Tires & Rubber,JP,---,"$22,616,260.50","915,808",5108.T,0.00024901192670722327
,2702791,Quest Diagnostics Inc,DGX,0.02%,Health Care Services,US,---,"$22,605,698.16","97,016",DGX,0.00024889563212200937
,2319157,Equity Residential,EQR,0.02%,Multi-Family Residential REITs,US,---,"$22,593,332.25","340,005",EQR,0.00024875947968095536
,2521800,Loblaw Cos Ltd,L,0.02%,Food Retail,CA,---,"$22,590,126.93","481,203",L.TO,0.00024872418813004163
,BK93RS6,Banca Monte dei Paschi di Siena SpA,BMPS,0.02%,Diversified Banks,IT,---,"$22,587,282.59","1,686,451",BMPS.MI,0.0002486928710790371
,6226576,PetroChina Co Ltd,857,0.02%,Integrated Oil & Gas,HK,---,"$22,578,513.71","17,744,000",0857.HK,0.00024859632303547946
,BYQP136,ABN AMRO BANK NV-CVA,ABN,0.02%,Diversified Banks,NL,Dutch Cert,"$22,576,954.80","499,076",ABN.AS,0.00024857915896086766
,BF2FJ99,MongoDB Inc,MDB,0.02%,Internet Services & Infrastructure,US,---,"$22,478,192.88","66,606",MDB,0.00024749176009647515
,BSBK800,Labcorp Holdings Inc,LH,0.02%,Health Care Services,US,---,"$22,425,657.60","72,528",LH,0.00024691333063892165
,4162791,Thales SA,HO,0.02%,Aerospace & Defense,FR,---,"$22,397,804.00","78,677",HO.PA,0.000246606654006782
,BNG7113,DNB Bank ASA,DNB,0.02%,Diversified Banks,NO,---,"$22,334,464.38","693,647",DNB.OL,0.00024590926547019774
,B4P9W92,Verisk Analytics Inc,VRSK,0.02%,Research & Consulting Services,US,---,"$22,294,542.15","114,419",VRSK,0.000245469709540483
,2422806,Hershey Co/The,HSY,0.02%,Packaged Foods & Meats,US,---,"$22,249,030.05","127,101",HSY,0.000244968607436999
,B0DJNG0,Leonardo SpA,LDO,0.02%,Aerospace & Defense,IT,---,"$22,246,784.15","349,054",LDO.MI,0.00024494387939293566
,BGSP7M9,Zoom Communications Inc,ZM,0.02%,Application Software,US,---,"$22,146,344.61","230,523",ZM,0.00024383800942062142
,4031879,Veolia Environnement SA,VIE,0.02%,Multi-Utilities,FR,---,"$22,101,109.65","555,397",VIE.PA,0.000243339958713073
,2208073,Copart Inc,CPRT,0.02%,Diversified Support Services,US,---,"$22,090,257.28","758,594",CPRT,0.00024322047080909174
,6597603,Mitsui Fudosan Co Ltd,8801,0.02%,Diversified Real Estate Activities,JP,---,"$22,071,109.25","2,265,700",8801.T,0.00024300964515809836
,BNG8PQ9,NN Group NV,NN,0.02%,Life & Health Insurance,NL,---,"$22,070,112.64","234,138",NN.AS,0.000242998672178004
,2100920,FirstEnergy Corp,FE,0.02%,Electric Utilities,US,---,"$22,056,510.22","456,562",FE,0.0002428489053846793
,BDFG6S3,Hubbell Inc,HUBB,0.02%,Electrical Components & Equipment,US,---,"$21,997,202.50","46,550",HUBB,0.00024219590929693913
,BMXX645,Sampo Oyj,SAMPO,0.02%,Property & Casualty Insurance,FI,---,"$21,890,798.31","1,977,177",SAMPO.HE,0.00024102436670873708
,4380429,Publicis Groupe SA,PUB,0.02%,Advertising,FR,---,"$21,888,079.06","205,078",PUB.PA,0.00024099442693678857
,2526117,ATI Inc,ATI,0.02%,Aerospace & Defense,US,---,"$21,828,887.52","116,458",ATI,0.0002403427100262866
,6985383,Astellas Pharma Inc,4503,0.02%,Pharmaceuticals,JP,---,"$21,771,036.02","1,585,100",4503.T,0.0002397057473649349
,BTF8CF0,Restaurant Brands International Inc,QSR,0.02%,Restaurants,CA,---,"$21,738,593.77","293,926",QSR.TO,0.00023934854829662665
,6451680,TS Financial Holding Co Ltd,2887,0.02%,Diversified Banks,TW,---,"$21,738,385.46","19,742,354",2887.TW,0.00023934625473998617
,2330299,Fair Isaac Corp,FICO,0.02%,Application Software,US,---,"$21,718,239.80","19,340",FICO,0.0002391244448783873
,4116099,BPER Banca SPA,BPE,0.02%,Diversified Banks,IT,---,"$21,709,992.41","1,336,065",BPE.MI,0.00023903363859879896
,2698470,PPG Industries Inc,PPG,0.02%,Specialty Chemicals,US,---,"$21,656,283.48","195,949",PPG,0.00023844228689674888
,6253983,Aristocrat Leisure Ltd,ALL,0.02%,Casinos & Gaming,AU,---,"$21,603,015.29","480,654",ALL.AX,0.000237855787876537
,2803014,Principal Financial Group Inc,PFG,0.02%,Life & Health Insurance,US,---,"$21,575,712.00","189,760",PFG,0.00023755517032535758
,BYX4D52,HP Inc,HPQ,0.02%,"Technology Hardware, Storage & Peripherals",US,---,"$21,494,650.32","788,216",HPQ,0.00023666265650244134
,2177504,Carpenter Technology Corp,CRS,0.02%,Aerospace & Defense,US,---,"$21,493,137.60","41,360",CRS,0.00023664600099381877
,BDVJJQ5,nVent Electric PLC,NVT,0.02%,Electrical Components & Equipment,US,---,"$21,457,746.70","139,490",NVT,0.00023625633638958842
,7792559,Heineken NV,HEIA,0.02%,Brewers,NL,---,"$21,420,932.10","236,590",HEIA.AS,0.00023585099641408914
,6456102,Ibiden Co Ltd,4062,0.02%,Electronic Components,JP,---,"$21,389,160.12","213,800",4062.T,0.00023550117722293223
,2708841,PulteGroup Inc,PHM,0.02%,Homebuilding,US,---,"$21,352,941.86","168,838",PHM,0.00023510240313273358
,B0C2CQ3,Engie SA,ENGI,0.02%,Multi-Utilities,FR,---,"$21,351,428.80","684,975",ENGI.PA,0.0002350857438806073
,6298542,East Japan Railway Co,9020,0.02%,Rail Transportation,JP,---,"$21,324,661.46","926,815",9020.T,0.00023479102730240782
,BW9P816,CK Hutchison Holdings Ltd,1,0.02%,Industrial Conglomerates,HK,---,"$21,309,394.95","2,274,391",0001.HK,0.0002346229383705884
,BMX5GK7,Corpay Inc,CPAY,0.02%,Transaction & Payment Processing Services,US,---,"$21,238,438.02","55,582",CPAY,0.00023384168092740809
,B01NPJ1,Tata Consultancy Services Ltd,TCS,0.02%,IT Consulting & Other Services,IN,---,"$21,214,106.33","855,078",TCS.NS,0.0002335737815986511
,6320605,Tower Semiconductor Ltd,TSEM,0.02%,Semiconductors,IL,---,"$21,199,041.80","96,770",TSEM.TA,0.00023340791652824133
,BF14BT1,Ares Management Corp,ARES,0.02%,Asset Management & Custody Banks,US,---,"$21,186,214.09","165,401",ARES,0.0002332666795283252
,2195841,Church & Dwight Co Inc,CHD,0.02%,Household Products,US,---,"$21,111,349.36","213,656",CHD,0.00023244239601515483
,B1HHKD3,AerCap Holdings NV,AER,0.02%,Trading Companies & Distributors,US,---,"$21,109,702.80","139,892",AER,0.00023242426688730727
,BYT8143,Japan Post Holdings Co Ltd,6178,0.02%,Life & Health Insurance,JP,---,"$21,078,294.20","1,424,752",6178.T,0.0002320784486207916
,B60LZR6,Agricultural Bank of China Ltd,1288,0.02%,Diversified Banks,HK,---,"$20,836,331.97","25,916,500",1288.HK,0.0002294143706631347
,6641373,NTT Inc,9432,0.02%,Integrated Telecommunication Services,JP,---,"$20,807,979.42","21,708,600",9432.T,0.00022910220043930116
,B1DYPZ5,China Merchants Bank Co Ltd,3968,0.02%,Diversified Banks,HK,---,"$20,803,352.18","3,206,398",3968.HK,0.00022905125311546145
,BRK49M5,Smurfit Westrock PLC,SW,0.02%,Paper & Plastic Packaging Products & Materials,US,---,"$20,752,788.74","451,442",SW,0.00022849453421777517
,2950482,West Pharmaceutical Services Inc,WST,0.02%,Life Sciences Tools & Services,US,---,"$20,729,345.12","60,797",WST,0.0002282364128106048
,2702337,T Rowe Price Group Inc,TROW,0.02%,Asset Management & Custody Banks,US,---,"$20,703,475.50","185,266",TROW,0.00022795158040343546
,BYZ62T3,Everpure Inc,P,0.02%,"Technology Hardware, Storage & Peripherals",US,---,"$20,695,450.60","268,180",P,0.00022786322380661291
,BDFZSP1,Okta Inc,OKTA,0.02%,Internet Services & Infrastructure,US,---,"$20,588,081.94","145,058",OKTA,0.00022668106210952012
,5120679,Heidelberg Materials AG,HEI,0.02%,Construction Materials,DE,---,"$20,563,774.26","110,460",HEI.DE,0.0002264134271381869
,2142922,VeriSign Inc,VRSN,0.02%,Internet Services & Infrastructure,US,---,"$20,467,871.48","70,574",VRSN,0.00022535750827731334
,5810066,ORLEN SA,PKN,0.02%,Oil & Gas Refining & Marketing,PL,---,"$20,427,571.10","514,791",PKN.WA,0.00022491378880075207
,3208986,Next PLC,NXT,0.02%,Broadline Retail,GB,---,"$20,371,651.04","101,727",NXT.L,0.00022429809188294448
,6865504,Suzuki Motor Corp,7269,0.02%,Automobile Manufacturers,JP,---,"$20,365,931.10","1,560,184",7269.T,0.00022423511359880022
,2289874,Darden Restaurants Inc,DRI,0.02%,Restaurants,US,---,"$20,331,127.44","99,868",DRI,0.00022385191468609478
,2272476,Dollar Tree Inc,DLTR,0.02%,Consumer Staples Merchandise Retail,US,---,"$20,329,048.47","159,807",DLTR,0.00022382902459224983
,2769796,Fidelity National Information Services Inc,FIS,0.02%,Transaction & Payment Processing Services,US,---,"$20,309,731.42","453,646",FIS,0.00022361633797950058
,B01FLQ6,ACS Actividades de Construccion y Servicios SA,ACS,0.02%,Construction & Engineering,ES,---,"$20,264,933.24","158,977",ACS.MC,0.00022312309635298246
,B0190C7,Techtronic Industries Co Ltd,669,0.02%,Industrial Machinery & Supplies & Components,HK,---,"$20,235,546.55","1,204,500",0669.HK,0.00022279953993230685
,BF311Y5,Burlington Stores Inc,BURL,0.02%,Apparel Retail,US,---,"$20,195,283.36","54,807",BURL,0.00022235622992898958
,BMVP7Y0,Royalty Pharma PLC,RPRX,0.02%,Pharmaceuticals,US,---,"$20,191,771.96","345,572",RPRX,0.0002223175683439128
,BHJYC05,InterContinental Hotels Group PLC,IHG,0.02%,"Hotels, Resorts & Cruise Lines",GB,---,"$20,110,865.94","124,366",IHG.L,0.0002214267683850773
,5505072,Kering SA,KER,0.02%,"Apparel, Accessories & Luxury Goods",FR,---,"$20,103,116.31","60,905",KER.PA,0.00022134144259491987
,B09DHL9,MTU Aero Engines AG,MTX,0.02%,Aerospace & Defense,DE,---,"$20,100,193.68","47,940",MTX.DE,0.00022130926354713466
,6141011,Quanta Computer Inc,2382,0.02%,"Technology Hardware, Storage & Peripherals",TW,---,"$20,058,245.52","2,254,773",2382.TW,0.00022084740151015364
,BM99VY2,Texas Pacific Land Corp,TPL,0.02%,Oil & Gas Exploration & Production,US,---,"$20,036,406.60","49,770",TPL,0.0002206069483394624
,BYWR0T5,Coles Group Ltd,COL,0.02%,Food Retail,AU,---,"$20,022,380.69","1,185,249",COL.AX,0.00022045251879206123
,2427599,F5 Inc,FFIV,0.02%,Communications Equipment,US,---,"$19,950,564.06","49,558",FFIV,0.00021966179578964797
,6984380,Yageo Corp,2327,0.02%,Electronic Components,TW,---,"$19,929,368.39","1,324,096",2327.TW,0.00021942842499766624
,BPGMZQ5,Veralto Corp,VLTO,0.02%,Environmental & Facilities Services,US,---,"$19,880,511.21","211,113",VLTO,0.00021889049254303778
,6536112,BOC Hong Kong Holdings Ltd,2388,0.02%,Diversified Banks,HK,---,"$19,871,714.80","2,988,200",2388.HK,0.00021879364138578273
,6621580,Nan Ya Plastics Corp,1303,0.02%,Commodity Chemicals,TW,---,"$19,806,142.17","4,168,545",1303.TW,0.00021807166672796696
,6172323,Canon Inc,7751,0.02%,"Technology Hardware, Storage & Peripherals",JP,---,"$19,804,675.74","711,500",7751.T,0.00021805552088636408
,B6Z1355,XPO Inc,XPO,0.02%,Cargo Ground Transportation,US,---,"$19,802,578.95","98,535",XPO,0.00021803243458888357
,6889526,National Bank of Kuwait SAKP,NBK,0.02%,Diversified Banks,KW,---,"$19,781,022.37","7,126,462",NBK.KW,0.00021779509006771404
,6218089,Lenovo Group Ltd,992,0.02%,"Technology Hardware, Storage & Peripherals",HK,---,"$19,749,808.10","6,458,000",0992.HK,0.00021745141143377457
,6212100,Chroma ATE Inc,2360,0.02%,Electronic Equipment & Instruments,TW,---,"$19,727,381.55","314,000",2360.TW,0.00021720448827753942
,2325507,Expeditors International of Washington Inc,EXPD,0.02%,Air Freight & Logistics,US,---,"$19,685,102.50","117,250",EXPD,0.00021673898304072755
,B0RNRF5,Hana Financial Group Inc,086790,0.02%,Diversified Banks,KR,---,"$19,670,752.79","227,568",086790.KS,0.00021658098835655818
,6763965,SMC Corp,6273,0.02%,Industrial Machinery & Supplies & Components,JP,---,"$19,615,536.45","45,400",6273.T,0.0002159730396106052
,BDCPN04,Coca-Cola Europacific Partners PLC,CCEP,0.02%,Soft Drinks & Non-alcoholic Beverages,GB,---,"$19,603,995.81","177,945",CCEP.L,0.000215845973643982
,B28TS42,Ulta Beauty Inc,ULTA,0.02%,Other Specialty Retail,US,---,"$19,594,208.64","38,208",ULTA,0.000215738213916917
,6424110,Yuanta Financial Holding Co Ltd,2885,0.02%,Diversified Financial Services,TW,---,"$19,576,387.18","9,383,810",2885.TW,0.0002155419942062652
,2279303,Omnicom Group Inc,OMC,0.02%,Advertising,US,---,"$19,548,293.00","248,390",OMC,0.00021523266871494183
,BYVFC94,US Foods Holding Corp,USFD,0.02%,Food Distributors,US,---,"$19,532,867.97","194,183",USFD,0.00021506283442956927
,BFY8C75,STERIS PLC,STE,0.02%,Health Care Equipment,US,---,"$19,526,144.40","85,491",STE,0.00021498880587298935
,BYRY499,Kraft Heinz Co/The,KHC,0.02%,Packaged Foods & Meats,US,---,"$19,444,731.90","752,214",KHC,0.00021409242941486305
,2242059,Fomento Economico Mexicano SAB de CV,FEMSAUBD,0.02%,Soft Drinks & Non-alcoholic Beverages,MX,---,"$19,403,850.61","1,517,566",FEMSAUBD.MX,0.00021364231394200772
,2490911,KeyCorp,KEY,0.02%,Diversified Banks,US,---,"$19,384,388.64","858,096",KEY,0.00021342803171585376
,0560399,Legal & General Group PLC,LGEN,0.02%,Life & Health Insurance,GB,---,"$19,364,510.93","4,769,167",LGEN.L,0.00021320917206548725
,2645409,NiSource Inc,NI,0.02%,Multi-Utilities,US,---,"$19,351,886.37","435,559",NI,0.00021307017180903766
,5756029,Bayerische Motoren Werke AG,BMW,0.02%,Automobile Manufacturers,DE,---,"$19,340,696.59","282,167",BMW.DE,0.00021294696891803675
,2818740,Snap-on Inc,SNA,0.02%,Industrial Machinery & Supplies & Components,US,---,"$19,323,744.44","47,084",SNA,0.0002127603205756492
,B1WGG93,Geberit AG,GEBN,0.02%,Building Products,CH,---,"$19,316,982.98","29,317",GEBN.SW,0.00021268587483861174
,BTMKJR0,Aena SME SA,AENA,0.02%,Airport Services,ES,---,"$19,273,322.86","625,192",AENA.MC,0.00021220516359983426
,2504566,Packaging Corp of America,PKG,0.02%,Paper & Plastic Packaging Products & Materials,US,---,"$19,245,338.56","78,284",PKG,0.00021189704792082742
,BPLYVN5,Liberty Media Corp-Liberty Formula One,FWONK,0.02%,Movies & Entertainment,US,---,"$19,206,199.86","195,722",FWONK,0.0002114661188954116
,BMWBC20,ROBLOX Corp,RBLX,0.02%,Interactive Home Entertainment,US,---,"$19,179,606.80","538,753",RBLX,0.0002111733211931725
,B627LW9,ENEOS Holdings Inc,5020,0.02%,Oil & Gas Refining & Marketing,JP,---,"$19,144,146.87","2,318,107",5020.T,0.00021078289654758608
,2566436,Markel Group Inc,MKL,0.02%,Property & Casualty Insurance,US,---,"$19,135,868.44","10,166",MKL,0.00021069174850812963
,BK6QWF0,Helvetia Baloise Holding AG,HBAN,0.02%,Multi-line Insurance,CH,---,"$19,078,372.59","71,143",HBAN.SW,0.0002100587016617613
,6544892,Asia Vital Components Co Ltd,3017,0.02%,"Technology Hardware, Storage & Peripherals",TW,---,"$19,075,296.48","271,234",3017.TW,0.00021002483275236035
,4352097,Fresenius SE & Co KGaA,FRE,0.02%,Health Care Services,DE,---,"$18,960,073.73","368,893",FRE.DE,0.00020875619512864687
,B8DMK08,Tenet Healthcare Corp,THC,0.02%,Health Care Facilities,US,---,"$18,940,090.42","74,339",THC,0.0002085361727900694
,6308913,Elbit Systems Ltd,ESLT,0.02%,Aerospace & Defense,IL,---,"$18,886,324.05","23,379",ESLT.TA,0.00020794418865609845
,4741844,Merck KGaA,MRK,0.02%,Pharmaceuticals,DE,---,"$18,852,307.08","114,071",MRK.DE,0.00020756965144025577
,6640381,Denso Corp,6902,0.02%,Automotive Parts & Equipment,JP,---,"$18,731,468.11","1,525,500",6902.T,0.0002062391775212356
,5986622,Koninklijke Philips NV,PHIA,0.02%,Health Care Equipment,NL,---,"$18,730,679.15","710,900",PHIA.AS,0.0002062304908309804
,2219224,CMS Energy Corp,CMS,0.02%,Multi-Utilities,US,---,"$18,687,092.21","259,579",CMS,0.00020575058532632494
,BHXCF84,Dow Inc,DOW,0.02%,Commodity Chemicals,US,---,"$18,676,389.94","616,586",DOW,0.00020563275006912844
,2430412,United Therapeutics Corp,UTHR,0.02%,Biotechnology,US,---,"$18,673,799.70","36,070",UTHR,0.0002056042307366316
,2465254,International Paper Co,IP,0.02%,Paper & Plastic Packaging Products & Materials,US,---,"$18,657,227.67","456,949",IP,0.00020542176763139146
,2948089,Woodward Inc,WWD,0.02%,Aerospace & Defense,US,---,"$18,603,156.00","51,568",WWD,0.00020482642205129535
,6563206,MTN Group Ltd,MTN,0.02%,Wireless Telecommunication Services,ZA,---,"$18,563,727.53","1,497,429",MTN.JO,0.00020439230256979142
,6885074,Terumo Corp,4543,0.02%,Health Care Equipment,JP,---,"$18,562,639.50","1,265,356",4543.T,0.00020438032302761135
,6183552,Central Japan Railway Co,9022,0.02%,Rail Transportation,JP,---,"$18,544,057.80","745,195",9022.T,0.00020417573284266477
,BMZ5LZ5,Expand Energy Corp,EXE,0.02%,Oil & Gas Exploration & Production,US,---,"$18,532,842.85","197,095",EXE,0.00020405225282228625
,B1HMF22,First Solar Inc,FSLR,0.02%,Semiconductors,US,---,"$18,374,593.13","87,071",FSLR,0.00020230987513442407
,6480048,Aeon Co Ltd,8267,0.02%,Consumer Staples Merchandise Retail,JP,---,"$18,368,560.70","2,140,928",8267.T,0.00020224345624006147
,6648891,Oriental Land Co Ltd/Japan,4661,0.02%,Leisure Facilities,JP,---,"$18,330,946.22","918,400",4661.T,0.000201829309341776
,BV7DQ55,Amcor PLC,AMCR,0.02%,Paper & Plastic Packaging Products & Materials,US,---,"$18,250,721.28","406,656",AMCR,0.00020094600828148931
,6560393,NAVER Corp,035420,0.02%,Interactive Media & Services,KR,---,"$18,230,222.23","127,341",035420.KS,0.00020072030748819646
,2445416,JB Hunt Transport Services Inc,JBHT,0.02%,Cargo Ground Transportation,US,---,"$18,173,009.50","66,874",JBHT,0.00020009037787938776
,BFMXGR0,Evergy Inc,EVRG,0.02%,Electric Utilities,US,---,"$18,146,318.04","218,604",EVRG,0.00019979649676313388
,2729068,Reliance Inc,RS,0.02%,Steel,US,---,"$18,139,674.80","44,668",RS,0.0001997233526643569
,2692687,Brown & Brown Inc,BRO,0.02%,Insurance Brokers,US,---,"$18,030,214.40","256,111",BRO,0.00019851816027182393
,5533976,Swisscom AG,SCMN,0.02%,Integrated Telecommunication Services,CH,---,"$18,000,838.84","23,425",SCMN.SW,0.00019819472639584325
,2614487,Insmed Inc,INSM,0.02%,Biotechnology,US,---,"$17,993,316.80","182,488",INSM,0.0001981119064410073
,2319146,Equifax Inc,EFX,0.02%,Research & Consulting Services,US,---,"$17,992,527.84","104,232",EFX,0.00019810321975075206
,BMBQHZ4,SGS SA,SGSN,0.02%,Research & Consulting Services,CH,---,"$17,959,072.60","151,558",SGSN.SW,0.00019773486735355305
,BLKFTK4,FTAI Aviation Ltd,FTAI,0.02%,Aerospace & Defense,US,---,"$17,901,194.00","86,899",FTAI,0.00019709760631293505
,6086253,Fortescue Ltd,FMG,0.02%,Steel,AU,---,"$17,893,008.43","1,378,904",FMG.AX,0.0001970074806904036
,2320524,Estee Lauder Cos Inc/The,EL,0.02%,Personal Care Products,US,---,"$17,865,582.10","212,939",EL,0.0001967055084312935
,BMWS3X9,Viatris Inc,VTRS,0.02%,Pharmaceuticals,US,---,"$17,847,053.32","1,016,347",VTRS,0.00019650150091168897
,6490928,Kia Corp,000270,0.02%,Automobile Manufacturers,KR,---,"$17,825,126.94","197,705",000270.KS,0.00019626008477971991
,2464165,International Flavors & Fragrances Inc,IFF,0.02%,Specialty Chemicals,US,---,"$17,814,597.50","224,875",IFF,0.00019614415243354144
,BPCPSD6,DSM-Firmenich AG,DSFIR,0.02%,Specialty Chemicals,NL,---,"$17,713,893.54","164,310",DSFIR.AS,0.00019503537111637155
,BNYHDF3,Coupang Inc,CPNG,0.02%,Broadline Retail,US,---,"$17,704,254.15","1,082,829",CPNG,0.00019492923849218362
,BM8J4C2,SoFi Technologies Inc,SOFI,0.02%,Consumer Finance,US,---,"$17,663,305.94","1,082,974",SOFI,0.00019447838620971584
,6859927,Sun Hung Kai Properties Ltd,16,0.02%,Diversified Real Estate Activities,HK,---,"$17,632,882.66","1,123,482",0016.HK,0.00019414341661695076
,BD1RP61,Bank of Ireland Group PLC,BIRG,0.02%,Diversified Banks,IE,---,"$17,583,943.27","837,335",BIRG.IR,0.00019360457900514594
,BYZWMR9,VAT Group AG,VACN,0.02%,Industrial Machinery & Supplies & Components,CH,---,"$17,512,884.85","23,398",VACN.SW,0.0001928222041261083
,6772671,Hanwha Aerospace Co Ltd,012450,0.02%,Aerospace & Defense,KR,---,"$17,505,072.46","27,267",012450.KS,0.00019273618732920734
,BFXC911,Guardant Health Inc,GH,0.02%,Health Care Services,US,---,"$17,478,721.00","107,900",GH,0.00019244604971666309
,2471950,Incyte Corp,INCY,0.02%,Biotechnology,US,---,"$17,420,398.56","145,753",INCY,0.0001918039018622613
,2404871,MKS Inc,MKSI,0.02%,Semiconductor Materials & Equipment,US,---,"$17,419,266.90","58,562",MKSI,0.00019179144194047282
,B10RB15,Inpex Corp,1605,0.02%,Oil & Gas Exploration & Production,JP,---,"$17,337,207.23","752,200",1605.T,0.0001908879399432413
,6294670,Doosan Enerbility Co Ltd,034020,0.02%,Heavy Electrical Equipment,KR,---,"$17,307,393.11","377,653",034020.KS,0.00019055967738788738
,BMVRB77,America Movil SAB de CV,AMXB,0.02%,Wireless Telecommunication Services,MX,---,"$17,288,081.71","13,566,875",AMXB.MX,0.00019034705298336154
,BMF9NM8,Affirm Holdings Inc,AFRM,0.02%,Transaction & Payment Processing Services,US,---,"$17,262,657.02","241,402",AFRM,0.0001900671193912085
,6761000,Valterra Platinum Ltd,VAL,0.02%,Precious Metals & Minerals,ZA,---,"$17,232,281.91","230,130",VAL.JO,0.00018973268016483666
,2002554,TD SYNNEX Corp,SNX,0.02%,Technology Distributors,US,---,"$17,182,017.20","67,196",SNX,0.00018917925037557153
,BVDKGC7,BeOne Medicines Ltd,6160,0.02%,Biotechnology,HK,---,"$17,153,197.20","693,900",6160.HK,0.00018886193338465244
,BGSXTS3,Moderna Inc,MRNA,0.02%,Biotechnology,US,---,"$17,115,516.66","312,213",MRNA,0.00018844705914561685
,6057378,Asics Corp,7936,0.02%,Footwear,JP,---,"$17,056,737.69","578,500",7936.T,0.00018779988475666048
,2367026,General Mills Inc,GIS,0.02%,Packaged Foods & Meats,US,---,"$17,048,567.25","476,883",GIS,0.00018770992572004407
,6642569,Nippon Steel Corp,5401,0.02%,Steel,JP,---,"$17,011,006.86","4,175,690",5401.T,0.0001872963743691576
,5956078,Koninklijke KPN NV,KPN,0.02%,Integrated Telecommunication Services,NL,---,"$16,976,297.36","3,595,272",KPN.AS,0.00018691421218677362
,2316619,Essex Property Trust Inc,ESS,0.02%,Multi-Family Residential REITs,US,---,"$16,974,239.46","59,739",ESS,0.00018689155408005566
,B5ZN1N8,Segro PLC,SGRO,0.02%,Industrial REITs,GB,---,"$16,901,431.38","1,293,869",SGRO.L,0.00018608991491072198
,6483809,Kao Corp,4452,0.02%,Personal Care Products,JP,---,"$16,868,220.56","820,596",4452.T,0.000185724253652278
,BZ6TS23,SBA Communications Corp,SBAC,0.02%,Telecom Tower REITs,US,---,"$16,805,983.78","92,861",SBAC,0.00018503900772049133
,B0G4K50,CF Industries Holdings Inc,CF,0.02%,Fertilizers & Agricultural Chemicals,US,---,"$16,597,314.63","132,577",CF,0.00018274149672897004
,2237561,HEICO Corp,HEI/A,0.02%,Aerospace & Defense,US,---,"$16,566,516.48","64,391",HEI-A,0.00018240239970315896
,BD81GW9,Invitation Homes Inc,INVH,0.02%,Single-Family Residential REITs,US,---,"$16,553,415.88","556,979",INVH,0.00018225815810110364
,6717456,Northern Star Resources Ltd,NST,0.02%,Gold,AU,---,"$16,551,524.05","1,194,297",NST.AX,0.00018223732847574172
,BW60F13,DuPont de Nemours Inc,DD,0.02%,Industrial Conglomerates,US,---,"$16,531,516.00","120,668",DD,0.00018201703374221782
,BZ1LFG7,Roku Inc,ROKU,0.02%,Movies & Entertainment,US,---,"$16,479,371.43","113,643",ROKU,0.00018144290612094198
,B1FJ0C0,Brambles Ltd,BXB,0.02%,Diversified Support Services,AU,---,"$16,464,053.76","1,199,331",BXB.AX,0.00018127425390191727
,7262610,Credit Agricole SA,ACA,0.02%,Diversified Banks,FR,---,"$16,460,980.43","736,659",ACA.PA,0.00018124041560116432
,BBM5MD6,CDW Corp/DE,CDW,0.02%,Technology Distributors,US,---,"$16,460,565.03","111,363",CDW,0.0001812358419204555
,2347608,First Quantum Minerals Ltd,FM,0.02%,Copper,CA,---,"$16,392,053.63","591,333",FM.TO,0.00018048151050853136
,2487407,East West Bancorp Inc,EWBC,0.02%,Regional Banks,US,---,"$16,371,332.00","124,972",EWBC,0.00018025335904154528
,6444066,Mega Financial Holding Co Ltd,2886,0.02%,Diversified Banks,TW,---,"$16,335,955.04","9,965,973",2886.TW,0.00017986384792096702
,2958936,Weyerhaeuser Co,WY,0.02%,Timber REITs,US,---,"$16,319,534.97","651,999",WY,0.00017968305794167902
,0405207,Halma PLC,HLMA,0.02%,Electronic Equipment & Instruments,GB,---,"$16,315,284.62","341,487",HLMA.L,0.00017963626029170147
,4163437,Capgemini SE,CAP,0.02%,IT Consulting & Other Services,FR,---,"$16,304,599.18","137,174",CAP.PA,0.00017951861033793857
,B1VP7R6,Broadridge Financial Solutions Inc,BR,0.02%,Data Processing & Outsourced Services,US,---,"$16,284,215.20","105,776",BR,0.00017929417650044534
,6148197,Qatar National Bank QPSC,QNBK,0.02%,Diversified Banks,QA,---,"$16,281,627.06","3,574,207",QNBK.QA,0.0001792656802895891
,B4R2R50,Julius Baer Group Ltd,BAER,0.02%,Asset Management & Custody Banks,CH,---,"$16,174,483.54","183,967",BAER.SW,0.00017808599745257038
,2783815,Zimmer Biomet Holdings Inc,ZBH,0.02%,Health Care Equipment,US,---,"$16,143,185.52","171,864",ZBH,0.00017774139670558478
,BYT3MK1,Fortive Corp,FTV,0.02%,Industrial Machinery & Supplies & Components,US,---,"$16,128,804.00","272,400",FTV,0.00017758305178361246
,B0C5YV1,Celltrion Inc,068270,0.02%,Biotechnology,KR,---,"$16,119,049.08","125,078",068270.KS,0.0001774756471388846
,B09N7M0,China Shenhua Energy Co Ltd,1088,0.02%,Coal & Consumable Fuels,HK,---,"$16,087,797.85","2,904,000",1088.HK,0.00017713156156407128
,B1X8QN2,Banco de Sabadell SA,SAB,0.02%,Diversified Banks,ES,---,"$16,082,244.09","4,188,933",SAB.MC,0.0001770704129724166
,6776703,Santos Ltd,STO,0.02%,Oil & Gas Exploration & Production,AU,---,"$16,025,602.79","2,885,547",STO.AX,0.00017644677498221035
,2491594,Kimco Realty Corp,KIM,0.02%,Retail REITs,US,---,"$16,016,880.88","628,606",KIM,0.00017635074409267992
,BBJPFY1,VONOVIA SE,VNA,0.02%,Real Estate Operating Companies,DE,---,"$16,014,251.03","660,092",VNA.DE,0.00017632178864200091
,BMVNLY2,Reddit Inc,RDDT,0.02%,Interactive Media & Services,US,---,"$15,964,778.97","113,491",RDDT,0.0001757770861710166
,BZBY209,ITT Inc,ITT,0.02%,Industrial Machinery & Supplies & Components,US,---,"$15,949,048.38","81,381",ITT,0.00017560388757683956
,B119QG0,Partners Group Holding AG,PGHN,0.02%,Asset Management & Custody Banks,CH,---,"$15,947,067.93","19,132",PGHN.SW,0.00017558208221824602
,5671519,Wolters Kluwer NV,WKL,0.02%,Research & Consulting Services,NL,---,"$15,939,680.07","203,031",WKL.AS,0.00017550073962613877
,B09M9D2,Kone Oyj,KNEBV,0.02%,Industrial Machinery & Supplies & Components,FI,---,"$15,917,896.12","275,888",KNEBV.HE,0.00017526089169191489
,2456612,IDEX Corp,IEX,0.02%,Industrial Machinery & Supplies & Components,US,---,"$15,875,009.15","68,887",IEX,0.00017478869307047018
,BL6B9P1,Wuxi Biologics Cayman Inc,2269,0.02%,Life Sciences Tools & Services,HK,---,"$15,826,870.91","3,206,740",2269.HK,0.00017425867636453884
,2406457,Cemex SAB de CV,CEMEXCPO,0.02%,Construction Materials,MX,---,"$15,811,868.88","13,352,202",CEMEXCPO.MX,0.00017409349943819333
,BJ01KB6,Ovintiv Inc,OVV,0.02%,Oil & Gas Exploration & Production,US,---,"$15,770,775.24","252,494",OVV,0.00017364104592706522
,2554475,Magna International Inc,MG,0.02%,Automotive Parts & Equipment,CA,---,"$15,768,715.67","229,929",MG.TO,0.0001736183694331378
,2599700,Entegris Inc,ENTG,0.02%,Semiconductor Materials & Equipment,US,---,"$15,728,290.75","132,115",ENTG,0.00017317327873318832
,BNGN9Z1,FinecoBank Banca Fineco SpA,FBK,0.02%,Diversified Banks,IT,---,"$15,720,257.50","573,798",FBK.MI,0.00017308483020031878
,2170473,Constellation Brands Inc,STZ,0.02%,Distillers & Vintners,US,---,"$15,716,807.55","120,685",STZ,0.00017304684519848596
,BSXN8K7,Samsung C&T Corp,028260,0.02%,Industrial Conglomerates,KR,---,"$15,713,328.87","67,450",028260.KS,0.0001730085438705897
,2567503,Host Hotels & Resorts Inc,HST,0.02%,Hotel & Resort REITs,US,---,"$15,701,676.34","624,818",HST,0.00017288024596093685
,BRDXKH1,Viking Holdings Ltd,VIK,0.02%,"Hotels, Resorts & Cruise Lines",US,---,"$15,697,266.15","150,429",VIK,0.00017283168842380359
,2355582,First Citizens BancShares Inc/NC,FCNCA,0.02%,Diversified Banks,US,---,"$15,689,213.75","7,175",FCNCA,0.00017274302904359272
,2367480,Genuine Parts Co,GPC,0.02%,Distributors,US,---,"$15,679,699.01","126,073",GPC,0.00017263826885392659
,7332687,Alfa Laval AB,ALFA,0.02%,Industrial Machinery & Supplies & Components,SE,---,"$15,660,881.58","264,640",ALFA.ST,0.00017243108320977565
,BJ7W9K4,EQT AB,EQT,0.02%,Asset Management & Custody Banks,SE,---,"$15,628,052.76","460,112",EQT.ST,0.00017206962788785253
,BGR6KX5,Innovent Biologics Inc,1801,0.02%,Biotechnology,HK,---,"$15,624,045.40","1,414,941",1801.HK,0.00017202550563189382
,2073022,Ball Corp,BALL,0.02%,"Metal, Glass & Plastic Containers",US,---,"$15,596,119.00","240,310",BALL,0.00017171802744954815
,4595739,Genmab A/S,GMAB,0.02%,Biotechnology,DK,---,"$15,583,859.52","54,141",GMAB.CO,0.0001715830468352583
,6449544,Hyundai Mobis Co Ltd,012330,0.02%,Automotive Parts & Equipment,KR,---,"$15,577,168.19","48,166",012330.KS,0.00017150937325091252
,6791591,Secom Co Ltd,9735,0.02%,Security & Alarm Services,JP,---,"$15,523,481.23","360,374",9735.T,0.0001709182634452639
,2669272,Pan American Silver Corp,PAAS,0.02%,Gold,CA,---,"$15,510,218.58","360,222",PAAS.TO,0.0001707722376232787
,BX90C05,Cellnex Telecom SA,CLNX,0.02%,Integrated Telecommunication Services,ES,---,"$15,497,732.30","498,896",CLNX.MC,0.00017063475987180843
,5497168,VOLKSWAGEN AG-PREF,VOW3,0.02%,Automobile Manufacturers,DE,---,"$15,493,306.29","179,275",VOW3.DE,0.00017058602815164957
,6433912,E.Sun Financial Holding Co Ltd,2884,0.02%,Diversified Banks,TW,---,"$15,480,680.00","12,979,405",2884.TW,0.0001704470088473723
,2511920,Lennar Corp,LEN,0.02%,Homebuilding,US,---,"$15,477,435.45","187,947",LEN,0.00017041128536219232
,BPCPYH2,Brookfield Asset Management Ltd,BAM,0.02%,Asset Management & Custody Banks,CA,---,"$15,414,349.50","318,664",BAM.TO,0.00016971668980968462
,2523022,Loews Corp,L,0.02%,Property & Casualty Insurance,US,---,"$15,404,967.90","132,790",L,0.00016961339553203
,B0GLYB5,RBC Bearings Inc,RBC,0.02%,Industrial Machinery & Supplies & Components,US,---,"$15,388,164.72","27,912",RBC,0.00016942838739478254
,BYVYD43,Performance Food Group Co,PFGC,0.02%,Food Distributors,US,---,"$15,362,805.78","134,302",PFGC,0.00016914917773018512
,2632876,Sterling Infrastructure Inc,STRL,0.02%,Construction & Engineering,US,---,"$15,348,924.40","25,720",STRL,0.00016899633950216968
,2973821,Alliant Energy Corp,LNT,0.02%,Electric Utilities,US,---,"$15,303,343.80","216,210",LNT,0.00016849448319279127
,BHQPSY7,Contemporary Amperex Technology Co Ltd,300750,0.02%,Electrical Components & Equipment,CN,---,"$15,247,231.44","260,082",300750.SZ,0.00016787666899332668
,2712013,Global Payments Inc,GPN,0.02%,Transaction & Payment Processing Services,US,---,"$15,231,428.32","181,154",GPN,0.00016770267182172598
,4511809,Hannover Rueck SE,HNR1,0.02%,Reinsurance,DE,---,"$15,209,902.80","52,767",HNR1.DE,0.00016746566928063061
,6251363,Daiwa House Industry Co Ltd,1925,0.02%,Diversified Real Estate Activities,JP,---,"$15,208,929.97","517,900",1925.T,0.0001674549581255898
,2116228,CH Robinson Worldwide Inc,CHRW,0.02%,Air Freight & Logistics,US,---,"$15,182,803.02","102,774",CHRW,0.0001671672924366275
,B58YSC6,SS&C Technologies Holdings Inc,SSNC,0.02%,Data Processing & Outsourced Services,US,---,"$15,152,884.15","196,663",SSNC,0.00016683787655182185
,B0JDQD4,Bandai Namco Holdings Inc,7832,0.02%,Leisure Products,JP,---,"$15,133,519.67","522,400",7832.T,0.00016662466772030508
,2637785,NVR Inc,NVR,0.02%,Homebuilding,US,---,"$15,066,419.55","2,451",NVR,0.00016588587493166146
,2454241,Imperial Oil Ltd,IMO,0.02%,Integrated Oil & Gas,CA,---,"$15,003,499.13","115,723",IMO.TO,0.00016519310191494513
,BF2PQ09,Unibail-Rodamco-Westfield,URW,0.02%,Retail REITs,FR,---,"$15,003,184.83","123,140",URW.PA,0.0001651896413760747
,2094670,Best Buy Co Inc,BBY,0.02%,Computer & Electronics Retail,US,---,"$14,949,979.38","173,313",BBY,0.0001646038331424003
,2755706,Royal Gold Inc,RGLD,0.02%,Gold,US,---,"$14,895,886.65","75,099",RGLD,0.00016400825568528029
,B01C1P6,Bank Central Asia Tbk PT,BBCA,0.02%,Diversified Banks,ID,---,"$14,890,136.57","42,485,620",BBCA.JK,0.00016394494555054247
,B95N910,PTC Inc,PTC,0.02%,Application Software,US,---,"$14,879,065.60","108,448",PTC,0.00016382305079388197
,B037HF1,NTPC Ltd,NTPC,0.01%,Independent Power Producers & Energy Traders,IN,---,"$14,867,708.19","4,088,347",NTPC.NS,0.00016369800224544912
,0045614,Antofagasta PLC,ANTO,0.01%,Copper,GB,---,"$14,818,458.38","297,316",ANTO.L,0.0001631557468147574
,BQ1PC76,Atlassian Corp,TEAM,0.01%,Application Software,US,---,"$14,817,385.28","146,685",TEAM,0.00016314393165643137
,2589132,Mid-America Apartment Communities Inc,MAA,0.01%,Multi-Family Residential REITs,US,---,"$14,799,846.88","111,832",MAA,0.00016295082852272092
,6497509,Kubota Corp,6326,0.01%,Agricultural & Farm Machinery,JP,---,"$14,798,991.16","872,300",6326.T,0.000162941406784502
,B3QJ0H8,Tourmaline Oil Corp,TOU,0.01%,Oil & Gas Exploration & Production,CA,---,"$14,766,231.67","334,357",TOU.TO,0.00016258071480702648
,6506267,Lasertec Corp,6920,0.01%,Semiconductor Materials & Equipment,JP,---,"$14,725,830.55","64,100",6920.T,0.00016213588615233667
,2506658,Lattice Semiconductor Corp,LSCC,0.01%,Semiconductors,US,---,"$14,715,929.13","118,419",LSCC,0.00016202686849792216
,BLC90T0,Kuaishou Technology,1024,0.01%,Interactive Media & Services,HK,---,"$14,689,726.12","2,637,700",1024.HK,0.0001617383653651594
,4103596,EDP SA,EDP,0.01%,Electric Utilities,PT,---,"$14,649,883.83","2,845,024",EDP.LS,0.0001612996895992286
,BZ1GZ06,BAWAG Group AG,BG,0.01%,Diversified Banks,AT,---,"$14,649,543.53","72,238",BG.VI,0.00016129594279242743
,BV6GRD0,Pinnacle Financial Partners Inc,PNFP,0.01%,Regional Banks,US,---,"$14,632,231.50","139,050",PNFP,0.00016110533206146628
,BHR3R21,WSP Global Inc,WSP,0.01%,Construction & Engineering,CA,---,"$14,612,287.01","119,602",WSP.TO,0.00016088573714292996
,2866857,Lundin Mining Corp,LUN,0.01%,Copper,CA,---,"$14,612,269.95","590,153",LUN.TO,0.00016088554930712617
,B5B15Y5,MACOM Technology Solutions Holdings Inc,MTSI,0.01%,Semiconductors,US,---,"$14,575,473.92","57,968",MTSI,0.00016048041379299128
,2040640,Jones Lang LaSalle Inc,JLL,0.01%,Real Estate Services,US,---,"$14,564,750.72","41,024",JLL,0.00016036234809011052
,2623911,Neurocrine Biosciences Inc,NBIX,0.01%,Biotechnology,US,---,"$14,548,963.20","87,224",NBIX,0.00016018852267926819
,BNBNSG0,Euronext NV,ENX,0.01%,Financial Exchanges & Data,FR,---,"$14,441,713.89","78,983",ENX.PA,0.00015900767506208058
,2860257,Sun Communities Inc,SUI,0.01%,Single-Family Residential REITs,US,---,"$14,437,652.04","116,923",SUI,0.00015896295285460085
,BP3R2F1,Kweichow Moutai Co Ltd,600519,0.01%,Distillers & Vintners,CN,---,"$14,437,141.84","72,205",600519.SS,0.00015895733539697537
,BNZGVV1,Universal Music Group NV,UMG,0.01%,Movies & Entertainment,NL,---,"$14,405,312.86","873,073",UMG.AS,0.00015860688861843187
,BN2BD13,Yum China Holdings Inc,9987,0.01%,Restaurants,HK,---,"$14,400,905.97","303,916",9987.HK,0.00015855836741530518
,2416973,WESCO International Inc,WCC,0.01%,Trading Companies & Distributors,US,---,"$14,397,383.35","41,915",WCC,0.00015851958229460593
,2900335,Tractor Supply Co,TSCO,0.01%,Other Specialty Retail,US,---,"$14,391,375.16","467,708",TSCO,0.00015845343029003724
,2507457,Akamai Technologies Inc,AKAM,0.01%,Internet Services & Infrastructure,US,---,"$14,339,334.10","124,495",AKAM,0.0001578804423454349
,BF4QXG5,Wiwynn Corp,6669,0.01%,"Technology Hardware, Storage & Peripherals",TW,---,"$14,327,064.62","88,000",6669.TW,0.00015774535162809477
,BQPCHB2,Permian Resources Corp,PR,0.01%,Oil & Gas Exploration & Production,US,---,"$14,254,813.06","668,926",PR,0.00015694983991371557
,2093644,W R Berkley Corp,WRB,0.01%,Property & Casualty Insurance,US,---,"$14,249,685.06","196,439",WRB,0.00015689337906952982
,BG087C6,National Bank of Greece SA,ETE,0.01%,Diversified Banks,GR,---,"$14,203,590.71","759,102",ETE.AT,0.00015638586621594304
,BNGC0D3,Jacobs Solutions Inc,J,0.01%,Research & Consulting Services,US,---,"$14,190,048.38","105,166",J,0.0001562367610318475
,BMJ6DW5,Informa PLC,INF,0.01%,Advertising,GB,---,"$14,173,390.29","1,183,125",INF.L,0.0001560533503797566
,2155306,MasTec Inc,MTZ,0.01%,Construction & Engineering,US,---,"$14,141,098.80","53,748",MTZ,0.00015569781122503444
,6051046,Asustek Computer Inc,2357,0.01%,"Technology Hardware, Storage & Peripherals",TW,---,"$14,135,114.13","569,677",2357.TW,0.00015563191818283997
,BMW4NZ9,Roivant Sciences Ltd,ROIV,0.01%,Biotechnology,US,---,"$14,116,495.63","416,293",ROIV,0.00015542692281866834
,2731193,Reinsurance Group of America Inc,RGA,0.01%,Reinsurance,US,---,"$14,111,759.85","59,581",RGA,0.00015537478043632083
,2641838,Nordson Corp,NDSN,0.01%,Industrial Machinery & Supplies & Components,US,---,"$14,107,923.06","47,377",NDSN,0.00015533253620809084
,B12C0T9,Samsung Life Insurance Co Ltd,032830,0.01%,Life & Health Insurance,KR,---,"$14,101,154.29","67,270",032830.KS,0.0001552580099857236
,4525189,Wartsila OYJ Abp,WRT1V,0.01%,Industrial Machinery & Supplies & Components,FI,---,"$14,099,302.15","415,758",WRT1V.HE,0.00015523761735936826
,BG0SCK9,BE Semiconductor Industries NV,BESI,0.01%,Semiconductor Materials & Equipment,NL,---,"$14,089,577.73","61,441",BESI.AS,0.0001551305485289438
,B3X0F91,Evolution Mining Ltd,EVN,0.01%,Gold,AU,---,"$14,025,948.29","1,768,870",EVN.AX,0.0001544299689857562
,2909730,Tyson Foods Inc,TSN,0.01%,Packaged Foods & Meats,US,---,"$13,996,702.44","241,489",TSN,0.00015410796325644076
,BJBLRK3,Healthpeak Properties Inc,DOC,0.01%,Health Care REITs,US,---,"$13,941,489.37","638,639",DOC,0.0001535000505141852
,BLZH0Z7,Scentre Group,SCG,0.01%,Retail REITs,AU,---,"$13,935,166.70","5,075,611",SCG.AX,0.00015343043598889115
,6466985,IHI Corp,7013,0.01%,Industrial Machinery & Supplies & Components,JP,---,"$13,926,764.43","796,500",7013.T,0.00015333792443326
,BMWGTH9,RB Global Inc,RBA,0.01%,Diversified Support Services,CA,---,"$13,922,362.82","126,932",RBA.TO,0.00015328946136454387
,2384951,Great-West Lifeco Inc,GWO,0.01%,Life & Health Insurance,CA,---,"$13,904,105.10","209,721",GWO.TO,0.00015308843829822037
,2202473,Clean Harbors Inc,CLH,0.01%,Environmental & Facilities Services,US,---,"$13,874,663.60","44,345",CLH,0.00015276427840272614
,2650050,Emera Inc,EMA,0.01%,Electric Utilities,CA,---,"$13,858,336.64","259,342",EMA.TO,0.0001525845135929393
,BM8H5Y5,Dassault Systemes SE,DSY,0.01%,Application Software,FR,---,"$13,854,770.50","595,520",DSY.PA,0.00015254524930376524
,B3SPXZ3,LyondellBasell Industries NV,LYB,0.01%,Commodity Chemicals,US,---,"$13,836,266.24","222,878",LYB,0.00015234151175684004
,BZ00V34,Zscaler Inc,ZS,0.01%,Systems Software,US,---,"$13,759,048.80","90,999",ZS,0.00015149132418892626
,5732524,Telefonica SA,TEF,0.01%,Integrated Telecommunication Services,ES,---,"$13,744,645.86","3,329,058",TEF.MC,0.00015133274342622022
,6672481,Wistron Corp,3231,0.01%,"Technology Hardware, Storage & Peripherals",TW,---,"$13,730,076.40","2,560,152",3231.TW,0.00015117232922752085
,5076705,HENKEL AG & CO KGAA VOR-PREF,HEN3,0.01%,Household Products,DE,---,"$13,726,895.32","157,457",HEN3.DE,0.00015113730456640104
,6525875,SinoPac Financial Holdings Co Ltd,2890,0.01%,Diversified Banks,TW,---,"$13,711,069.52","10,994,015",2890.TW,0.00015096305768108224
,6493745,Kirin Holdings Co Ltd,2503,0.01%,Brewers,JP,---,"$13,693,515.07","740,200",2503.T,0.0001507697778319761
,2823777,Southern Copper Corp,SCCO,0.01%,Copper,US,---,"$13,676,208.92","74,852",SCCO,0.0001505792318416085
,6531827,Geely Automobile Holdings Ltd,175,0.01%,Automobile Manufacturers,HK,---,"$13,653,639.02","5,390,200",0175.HK,0.00015033073035814756
,BMBPH06,API Group Corp,APG,0.01%,Construction & Engineering,US,---,"$13,606,629.12","342,909",APG,0.000149813137019792
,BP6D7B7,Toast Inc,TOST,0.01%,Transaction & Payment Processing Services,US,---,"$13,585,347.30","420,990",TOST,0.00014957881769003207
,B86S2N0,Ageas SA/NV,AGS,0.01%,Multi-line Insurance,BE,---,"$13,575,969.80","164,046",AGS.BR,0.00014947556855462803
,B01BN57,Terna - Rete Elettrica Nazionale,TRN,0.01%,Electric Utilities,IT,---,"$13,554,115.83","1,182,307",TRN.MI,0.00014923494967884605
,BYMWL86,TransUnion,TRU,0.01%,Research & Consulting Services,US,---,"$13,508,173.92","171,816",TRU,0.00014872911523615783
,BZ0W624,BWX Technologies Inc,BWXT,0.01%,Aerospace & Defense,US,---,"$13,504,772.40","80,052",BWXT,0.00014869166346339756
,BRC3N73,Super Micro Computer Inc,SMCI,0.01%,"Technology Hardware, Storage & Peripherals",US,---,"$13,487,273.60","474,904",SMCI,0.00014849899633776622
,6483489,Kansai Electric Power Co Inc/The,9503,0.01%,Electric Utilities,JP,---,"$13,472,525.44","889,600",9503.T,0.00014833661459755825
,BJN4XN5,Gen Digital Inc,GEN,0.01%,Systems Software,US,---,"$13,449,594.15","489,967",GEN,0.00014808413409996308
,6771645,Samsung SDI Co Ltd,006400,0.01%,Electronic Components,KR,---,"$13,435,284.60","49,271",006400.KS,0.00014792658158964365
,6097017,CLP Holdings Ltd,2,0.01%,Electric Utilities,HK,---,"$13,398,103.65","1,347,580",0002.HK,0.00014751720798889721
,2570200,Masco Corp,MAS,0.01%,Building Products,US,---,"$13,392,850.20","187,365",MAS,0.00014745936590194564
,6302700,Ebara Corp,6361,0.01%,Industrial Machinery & Supplies & Components,JP,---,"$13,378,744.59","394,100",6361.T,0.00014730405883323368
,B4JSZL8,Fabrinet,FN,0.01%,Electronic Manufacturing Services,US,---,"$13,377,101.43","30,723",FN,0.00014728596714042318
,2043274,Omega Healthcare Investors Inc,OHI,0.01%,Health Care REITs,US,---,"$13,365,459.29","263,983",OHI,0.00014715778362783962
,6054409,Asahi Group Holdings Ltd,2502,0.01%,Brewers,JP,---,"$13,344,301.74","1,278,656",2502.T,0.00014692483254868556
,2419217,HEICO Corp,HEI,0.01%,Aerospace & Defense,US,---,"$13,342,474.76","37,441",HEI,0.00014690471694160472
,BGHWH98,Woori Financial Group Inc,316140,0.01%,Diversified Banks,KR,---,"$13,336,284.10","576,098",316140.KS,0.00014683655588667747
,6585084,Suncorp Group Ltd,SUN,0.01%,Property & Casualty Insurance,AU,---,"$13,291,241.65","987,848",SUN.AX,0.0001463406247729501
,B18ZRK2,Logitech International SA,LOGN,0.01%,"Technology Hardware, Storage & Peripherals",CH,---,"$13,278,672.79","130,017",LOGN.SW,0.00014620223779049057
,BJJMGY5,Fox Corp,FOX,0.01%,Broadcasting,US,---,"$13,273,942.22","255,563",FOX,0.00014615015277183227
,B418WK4,Whitecap Resources Inc,WCP,0.01%,Oil & Gas Exploration & Production,CA,---,"$13,265,980.24","1,124,360",WCP.TO,0.00014606248894340212
,2176318,Carlisle Cos Inc,CSL,0.01%,Building Products,US,---,"$13,228,859.60","36,755",CSL,0.0001456537793741519
,BG36ZK1,B3 SA - Brasil Bolsa Balcao,B3SA3,0.01%,Financial Exchanges & Data,BR,---,"$13,209,057.38","4,256,751",B3SA3.SA,0.000145435750891712
,2208136,Coeur Mining Inc,CDE,0.01%,Gold,US,---,"$13,185,077.01","884,311",CDE,0.00014517171970331762
,6251448,Daiwa Securities Group Inc,8601,0.01%,Investment Banking & Brokerage,JP,---,"$13,178,976.64","1,178,100",8601.T,0.0001451045527688314
,2885937,Textron Inc,TXT,0.01%,Aerospace & Defense,US,---,"$13,147,518.30","154,205",TXT,0.00014475818684974362
,6805469,Resonac Holdings Corp,4004,0.01%,Diversified Chemicals,JP,---,"$13,143,594.32","157,788",4004.T,0.00014471498263301822
,B3Q2FJ4,Stanley Black & Decker Inc,SWK,0.01%,Industrial Machinery & Supplies & Components,US,---,"$13,117,678.52","138,694",SWK,0.00014442964176996265
,BYQBFT8,Nutanix Inc,NTNX,0.01%,Application Software,US,---,"$13,067,410.44","221,444",NTNX,0.00014387617487596958
,2556868,Everest Group Ltd,EG,0.01%,Reinsurance,US,---,"$13,059,705.75","34,905",EG,0.00014379134388892018
,BRRF114,Talen Energy Corp,TLN,0.01%,Independent Power Producers & Energy Traders,US,---,"$13,030,234.10","39,001",TLN,0.0001434668520327293
,2516851,Lincoln Electric Holdings Inc,LECO,0.01%,Industrial Machinery & Supplies & Components,US,---,"$13,023,951.71","49,841",LECO,0.0001433976810025218
,B1W9D46,Delta Air Lines Inc,DAL,0.01%,Passenger Airlines,US,---,"$13,000,054.56","148,674",DAL,0.0001431345660917119
,6858902,Sumitomo Realty & Development Co Ltd,8830,0.01%,Diversified Real Estate Activities,JP,---,"$12,962,025.58","578,292",8830.T,0.00014271585542199218
,6180412,Computershare Ltd,CPU,0.01%,Data Processing & Outsourced Services,AU,---,"$12,937,845.16","450,277",CPU.AX,0.00014244962162207687
,6640682,NIDEC CORP,6594,0.01%,Electrical Components & Equipment,JP,---,"$12,931,244.15","805,292",6594.T,0.00014237694248848121
,4682329,Pernod Ricard SA,RI,0.01%,Distillers & Vintners,FR,---,"$12,926,171.20","165,862",RI.PA,0.00014232108776158727
,BQPDXR3,Cooper Cos Inc/The,COO,0.01%,Health Care Supplies,US,---,"$12,883,301.76","178,143",COO,0.0001418490821507897
,B826YT8,WP Carey Inc,WPC,0.01%,Diversified REITs,US,---,"$12,874,112.00","174,920",WPC,0.00014174790009005174
,6641801,Nitto Denko Corp,6988,0.01%,Specialty Chemicals,JP,---,"$12,870,451.46","609,500",6988.T,0.000141707596428083
,BDV82B8,Leidos Holdings Inc,LDOS,0.01%,Research & Consulting Services,US,---,"$12,865,817.60","111,296",LDOS,0.000141656576216024
,2896092,Toll Brothers Inc,TOL,0.01%,Homebuilding,US,---,"$12,843,572.04","88,036",TOL,0.00014141164581489592
,BWZMZF4,Flutter Entertainment PLC,FLUT,0.01%,Casinos & Gaming,US,---,"$12,840,930.05","122,915",FLUT,0.0001413825566991139
,B60QWJ2,JAMES HARDIE INDUSTRIES-CDI,JHX,0.01%,Construction Materials,AU,CDI,"$12,831,358.21","497,056",JHX.AX,0.00014127716782103068
,BNLZ3X8,AST SpaceMobile Inc,ASTS,0.01%,Alternative Carriers,US,---,"$12,821,957.10","217,395",ASTS,0.00014117365873232492
,2066408,Avery Dennison Corp,AVY,0.01%,Paper & Plastic Packaging Products & Materials,US,---,"$12,803,582.55","75,435",AVY,0.00014097134933206497
,B4Q5ZN4,Jazz Pharmaceuticals PLC,JAZZ,0.01%,Pharmaceuticals,US,---,"$12,794,210.28","50,598",JAZZ,0.00014086815778055625
,6744294,T&D Holdings Inc,8795,0.01%,Life & Health Insurance,JP,---,"$12,776,516.53","405,400",8795.T,0.00014067334419595964
,2609717,Mueller Industries Inc,MLI,0.01%,Industrial Machinery & Supplies & Components,US,---,"$12,765,795.07","192,227",MLI,0.0001405552976510096
,6706250,PICC Property & Casualty Co Ltd,2328,0.01%,Property & Casualty Insurance,HK,---,"$12,765,059.29","6,116,330",2328.HK,0.00014054719648877578
,BPYTZ57,Boliden AB,BOL,0.01%,Diversified Metals & Mining,SE,---,"$12,665,132.87","251,704",BOL.ST,0.00013944697612417774
,BN7L880,DT Midstream Inc,DTM,0.01%,Oil & Gas Storage & Transportation,US,---,"$12,661,224.00","91,748",DTM,0.00013940393827316128
,6431756,KGI Financial Holding Co Ltd,2883,0.01%,Life & Health Insurance,TW,---,"$12,646,041.25","13,385,158",2883.TW,0.00013923677156449103
,B0PB4M7,Link REIT,823,0.01%,Retail REITs,HK,---,"$12,638,620.02","2,535,588",0823.HK,0.00013915506155850495
,6804682,Shionogi & Co Ltd,4507,0.01%,Pharmaceuticals,JP,---,"$12,637,013.06","698,900",4507.T,0.0001391373684387365
,B80VKP3,ASPEED Technology Inc,5274,0.01%,Semiconductors,TW,---,"$12,635,046.70","28,930",5274.TWO,0.0001391157182153408
,BFRT3W7,Allegion plc,ALLE,0.01%,Building Products,US,---,"$12,634,340.60","80,269",ALLE,0.00013910794383896024
,2989356,Zebra Technologies Corp,ZBRA,0.01%,Electronic Equipment & Instruments,US,---,"$12,631,909.44","42,992",ZBRA,0.00013908117602578734
,B06YV46,Neste Oyj,NESTE,0.01%,Oil & Gas Refining & Marketing,FI,---,"$12,618,508.22","356,069",NESTE.HE,0.00013893362450583435
,5962280,Chocoladefabriken Lindt & Spruengli AG,LISP,0.01%,Packaged Foods & Meats,CH,---,"$12,615,479.14","1,093",LISP.SW,0.00013890027341107887
,BWSW5D9,South32 Ltd,S32,0.01%,Diversified Metals & Mining,AU,---,"$12,611,932.81","3,955,937",S32.AX,0.00013886122723604747
,5271782,Endesa SA,ELE,0.01%,Electric Utilities,ES,---,"$12,605,655.23","258,870",ELE.MC,0.00013879210916540712
,5051252,UPM-Kymmene Oyj,UPM,0.01%,Paper Products,FI,---,"$12,580,606.49","462,424",UPM.HE,0.00013851631489742952
,6340250,Fisher & Paykel Healthcare Corp Ltd,FPH,0.01%,Health Care Equipment,NZ,---,"$12,543,925.35","524,482",FPH.NZ,0.0001381124443572393
,5650422,Naturgy Energy Group SA,NTGY,0.01%,Gas Utilities,ES,---,"$12,543,871.87","376,017",NTGY.MC,0.00013811185552612638
,6643960,Nippon Yusen KK,9101,0.01%,Marine Transportation,JP,---,"$12,529,095.85","326,300",9101.T,0.00013794916703882033
,6481320,Kajima Corp,1812,0.01%,Construction & Engineering,JP,---,"$12,506,941.96","374,300",1812.T,0.00013770524595235428
,B4V9661,Ralph Lauren Corp,RL,0.01%,"Apparel, Accessories & Luxury Goods",US,---,"$12,462,600.78","32,767",RL,0.00013721703603523415
,BH3XG17,Aramark,ARMK,0.01%,Restaurants,US,---,"$12,455,522.01","218,633",ARMK,0.00013713909661830812
,B1JB4K8,Symrise AG,SY1,0.01%,Specialty Chemicals,DE,---,"$12,445,136.79","121,274",SY1.DE,0.00013702475217832084
,BD594Y4,Siemens Healthineers AG,SHL,0.01%,Health Care Equipment,DE,---,"$12,436,232.45","292,036",SHL.DE,0.0001369267126788441
,6693233,POSCO Holdings Inc,005490,0.01%,Steel,KR,---,"$12,395,040.34","57,405",005490.KS,0.00013647317498297987
,0182663,Diploma PLC,DPLM,0.01%,Trading Companies & Distributors,GB,---,"$12,388,719.02","125,097",DPLM.L,0.0001364035753215976
,BJ2ZH37,iA Financial Corp Inc,IAG,0.01%,Life & Health Insurance,CA,---,"$12,387,260.12","83,780",IAG.TO,0.00013638751238759163
,2756174,RPM International Inc,RPM,0.01%,Specialty Chemicals,US,---,"$12,373,972.83","115,569",RPM,0.00013624121527169055
,2433842,Unum Group,UNM,0.01%,Life & Health Insurance,US,---,"$12,360,918.28","143,548",UNM,0.00013609748069418176
,2583952,Metro Inc/CN,MRU,0.01%,Food Retail,CA,---,"$12,358,572.04","185,929",MRU.TO,0.0001360716478761119
,6743882,Japan Exchange Group Inc,8697,0.01%,Financial Exchanges & Data,JP,---,"$12,358,420.72","908,500",8697.T,0.00013606998179675498
,6054603,Asahi Kasei Corp,3407,0.01%,Commodity Chemicals,JP,---,"$12,333,828.19","1,155,400",3407.T,0.0001357992105400344
,2414580,Hasbro Inc,HAS,0.01%,Leisure Products,US,---,"$12,331,503.80","131,270",HAS,0.0001357736182971294
,7156036,Sonova Holding AG,SOON,0.01%,Health Care Equipment,CH,---,"$12,308,920.32","45,178",SOON.SW,0.00013552496729372614
,BKRMR96,Equitable Holdings Inc,EQH,0.01%,Diversified Financial Services,US,---,"$12,268,159.60","257,464",EQH,0.00013507617933334812
,2903958,Trimble Inc,TRMB,0.01%,Application Software,US,---,"$12,258,170.16","216,652",TRMB,0.000134966192551885
,BQ6BPG9,Bunge Global SA,BG,0.01%,Agricultural Products & Services,US,---,"$12,241,732.74","115,238",BG,0.00013478521154380475
,BXNT952,Telecom Italia SpA/Milano,TIT,0.01%,Integrated Telecommunication Services,IT,---,"$12,217,154.14","1,438,691",TIT.MI,0.0001345145936606332
,2427986,Crown Holdings Inc,CCK,0.01%,"Metal, Glass & Plastic Containers",US,---,"$12,206,195.90","103,574",CCK,0.00013439394009565856
,B6463M8,ARC Resources Ltd,ARX,0.01%,Oil & Gas Exploration & Production,CA,---,"$12,147,147.51","507,858",ARX.TO,0.0001337437993103214
,BL6P210,Eternal Ltd,ETERNAL,0.01%,Restaurants,IN,---,"$12,146,539.57","3,832,760",ETERNAL.NS,0.00013373710570548244
,BK6YKG1,Globe Life Inc,GL,0.01%,Life & Health Insurance,US,---,"$12,110,877.00","66,452",GL,0.000133344449931685
,2458771,ITAUSA SA - PREFERRED SHARES,ITSA4,0.01%,Diversified Banks,BR,---,"$12,110,740.96","4,442,197",ITSA4.SA,0.00013334295208978898
,BQ7ZV06,Straumann Holding AG,STMN,0.01%,Health Care Equipment,CH,---,"$12,097,206.49","97,684",STMN.SW,0.00013319393344669094
,2728429,RenaissanceRe Holdings Ltd,RNR,0.01%,Reinsurance,US,---,"$12,060,366.18","37,691",RNR,0.00013278831039624937
,6271026,Insurance Australia Group Ltd,IAG,0.01%,Property & Casualty Insurance,AU,---,"$12,041,126.53","2,020,938",IAG.AX,0.0001325764759811093
,BVLKBV3,Piraeus Bank SA,TPEIR,0.01%,Diversified Banks,GR,---,"$12,039,705.59","1,032,205",TPEIR.AT,0.00013256083099828222
,BN6PP37,Pop Mart International Group Ltd,9992,0.01%,Other Specialty Retail,HK,---,"$12,023,471.66","579,400",9992.HK,0.0001323820904771722
,2046853,Albemarle Corp,ALB,0.01%,Specialty Chemicals,US,---,"$11,984,457.36","101,874",ALB,0.00013195253113370187
,6451271,Israel Discount Bank Ltd,DSCT,0.01%,Diversified Banks,IL,---,"$11,976,170.62","1,147,528",DSCT.TA,0.00013186129159861064
,2331430,Assurant Inc,AIZ,0.01%,Property & Casualty Insurance,US,---,"$11,966,362.59","42,861",AIZ,0.00013175330219658275
,2730082,Regal Rexnord Corp,RRX,0.01%,Electrical Components & Equipment,US,---,"$11,948,490.60","58,220",RRX,0.00013155652613521787
,BPMQ7X2,Annaly Capital Management Inc,NLY,0.01%,Mortgage REITs,US,---,"$11,939,973.44","525,527",NLY,0.000131462749605642
,BJV2RD9,Dynatrace Inc,DT,0.01%,Application Software,US,---,"$11,917,825.28","268,904",DT,0.00013121889160822375
,BSPHGN6,Lamar Advertising Co,LAMR,0.01%,Other Specialized REITs,US,---,"$11,917,020.00","74,500",LAMR,0.00013121002522979044
,2216991,Somnigroup International Inc,SGI,0.01%,Home Furnishings,US,---,"$11,915,473.37","182,389",SGI,0.00013119299636172435
,BP484B3,IonQ Inc,IONQ,0.01%,"Technology Hardware, Storage & Peripherals",US,---,"$11,900,648.08","326,582",IONQ,0.00013102976539668956
,2267278,Deckers Outdoor Corp,DECK,0.01%,Footwear,US,---,"$11,891,729.36","122,747",DECK,0.00013093156756902648
,2909644,Tyler Technologies Inc,TYL,0.01%,Application Software,US,---,"$11,886,163.20","38,392",TYL,0.00013087028244958946
,B1FN8X9,Metso Oyj,METSO,0.01%,Construction Machinery & Heavy Transportation Equipment,FI,---,"$11,862,308.09","633,731",METSO.HE,0.00013060763041200296
,BV9B624,Axia Energia SA,AXIA3,0.01%,Electric Utilities,BR,---,"$11,842,645.90","1,136,542",AXIA3.SA,0.0001303911437025762
,B00FM53,BANCO BRADESCO SA-PREF,BBDC4,0.01%,Diversified Banks,BR,---,"$11,831,215.42","3,254,162",BBDC4.SA,0.00013026529063115493
,BNBRDD4,Fidelity National Financial Inc,FNF,0.01%,Property & Casualty Insurance,US,---,"$11,798,271.87","228,693",FNF,0.00012990257209693587
,2442053,Lennox International Inc,LII,0.01%,Building Products,US,---,"$11,708,685.52","28,154",LII,0.00012891619905705304
,6195609,Chubu Electric Power Co Inc,9502,0.01%,Electric Utilities,JP,---,"$11,701,000.85","675,770",9502.T,0.0001288315884963103
,2945143,Webster Financial Corp,WBS,0.01%,Regional Banks,US,---,"$11,696,667.84","151,472",WBS,0.00012878388073451908
,B083BH4,Swiss Prime Site AG,SPSN,0.01%,Real Estate Operating Companies,CH,---,"$11,693,296.72","71,694",SPSN.SW,0.0001287467636750317
,2576941,Exelixis Inc,EXEL,0.01%,Biotechnology,US,---,"$11,690,092.29","220,443",EXEL,0.00012871148192328946
,B033TJ7,Texas Roadhouse Inc,TXRH,0.01%,Restaurants,US,---,"$11,672,895.36","56,819",TXRH,0.00012852213847843705
,BW9DW63,Eurobank SA,EUROB,0.01%,Diversified Banks,GR,---,"$11,640,834.70","2,252,682",EUROB.AT,0.00012816914083242458
,B02T2J7,Las Vegas Sands Corp,LVS,0.01%,Casinos & Gaming,US,---,"$11,624,477.52","237,768",LVS,0.0001279890432912198
,2305844,Revvity Inc,RVTY,0.01%,Life Sciences Tools & Services,US,---,"$11,622,753.40","103,295",RVTY,0.0001279700602041142
,2111955,BorgWarner Inc,BWA,0.01%,Automotive Parts & Equipment,US,---,"$11,619,228.34","182,291",BWA,0.0001279312482182707
,BF5L3T2,Elanco Animal Health Inc,ELAN,0.01%,Pharmaceuticals,US,---,"$11,614,481.91","440,443",ELAN,0.00012787898857617467
,B8C3BL0,Sage Group PLC/The,SGE,0.01%,Application Software,GB,---,"$11,608,338.79","881,224",SGE.L,0.00012781135095114846
,2550161,McCormick & Co Inc/MD,MKC,0.01%,Packaged Foods & Meats,US,---,"$11,596,852.40","227,836",MKC,0.00012768488229357306
,B9895B7,Coca-Cola HBC AG,CCH,0.01%,Soft Drinks & Non-alcoholic Beverages,GB,---,"$11,594,622.07","171,951",CCH.L,0.000127660325679959
,6214861,Origin Energy Ltd,ORG,0.01%,Electric Utilities,AU,---,"$11,588,544.39","1,536,042",ORG.AX,0.00012759340856929389
,BNNF1C1,Apa Corp,APA,0.01%,Oil & Gas Exploration & Production,US,---,"$11,579,089.80","310,265",APA,0.00012748931064947524
,6251028,SCREEN Holdings Co Ltd,7735,0.01%,Semiconductor Materials & Equipment,JP,---,"$11,572,377.36","151,700",7735.T,0.00012741540463759025
,5474008,Bankinter SA,BKT,0.01%,Diversified Banks,ES,---,"$11,567,035.75","628,817",BKT.MC,0.0001273565918821474
,6656407,Obayashi Corp,1802,0.01%,Construction & Engineering,JP,---,"$11,539,031.05","587,100",1802.T,0.000127048251592918
,BL98841,Rivian Automotive Inc,RIVN,0.01%,Automobile Manufacturers,US,---,"$11,524,781.86","757,213",RIVN,0.00012689136366461008
,6460590,Phoenix Financial Ltd,PHOE,0.01%,Multi-line Insurance,IL,---,"$11,504,725.87","205,187",PHOE.TA,0.0001266705410970631
,6484620,Kawasaki Heavy Industries Ltd,7012,0.01%,Industrial Machinery & Supplies & Components,JP,---,"$11,487,718.56","672,400",7012.T,0.00012648328542625022
,B5M6XQ7,International Consolidated Airlines Group SA,IAG,0.01%,Passenger Airlines,GB,---,"$11,470,990.96","1,956,868",IAG.L,0.0001262991094478568
,6574457,MPI Corp,6223,0.01%,Semiconductor Materials & Equipment,TW,---,"$11,460,649.49","72,000",6223.TWO,0.00012618524670871453
,BFZNZF8,BJ's Wholesale Club Holdings Inc,BJ,0.01%,Consumer Staples Merchandise Retail,US,---,"$11,453,264.74","117,133",BJ,0.00012610393835865588
,B40SSC9,Huntington Ingalls Industries Inc,HII,0.01%,Aerospace & Defense,US,---,"$11,448,275.05","35,069",HII,0.00012604900034975865
,BMZQ9C1,HF Sinclair Corp,DINO,0.01%,Oil & Gas Refining & Marketing,US,---,"$11,441,707.89","125,087",DINO,0.00012597669391498822
,B72XK05,Ally Financial Inc,ALLY,0.01%,Consumer Finance,US,---,"$11,413,771.95","263,415",ALLY,0.00012566911069433252
,B39Z8L3,SK Inc,034730,0.01%,Industrial Conglomerates,KR,---,"$11,406,630.69","30,532",034730.KS,0.00012559048324344525
,2945422,WEG SA,WEGE3,0.01%,Electrical Components & Equipment,BR,---,"$11,404,016.85","1,224,760",WEGE3.SA,0.00012556170406774977
,B1YVKN8,ANTA Sports Products Ltd,2020,0.01%,"Apparel, Accessories & Luxury Goods",HK,---,"$11,306,362.21","1,123,400",2020.HK,0.00012448649669390916
,BSTRB82,Kongsberg Gruppen ASA,KOG,0.01%,Aerospace & Defense,NO,---,"$11,294,439.28","362,425",KOG.OL,0.00012435522159777665
,BK1KWG8,Bridgebio Pharma Inc,BBIO,0.01%,Biotechnology,US,---,"$11,278,033.53","140,817",BBIO,0.00012417458928605665
,BR1GTS6,Nextpower Inc,NXT,0.01%,Electrical Components & Equipment,US,---,"$11,275,629.42","125,466",NXT,0.00012414811930163477
,6793906,Sekisui House Ltd,1928,0.01%,Homebuilding,JP,---,"$11,246,057.49","513,700",1928.T,0.00012382252333205566
,7251470,Snam SpA,SRG,0.01%,Gas Utilities,IT,---,"$11,245,354.96","1,658,407",SRG.MI,0.00012381478826246404
,2951452,J M Smucker Co/The,SJM,0.01%,Packaged Foods & Meats,US,---,"$11,222,127.48","94,098",SJM,0.0001235590466226225
,BGLP232,Moncler SpA,MONC,0.01%,"Apparel, Accessories & Luxury Goods",IT,---,"$11,208,412.22","197,058",MONC.MI,0.00012340803742647843
,6250025,Daifuku Co Ltd,6383,0.01%,Industrial Machinery & Supplies & Components,JP,---,"$11,205,567.37","304,200",6383.T,0.0001233767147602183
,2086309,Applied Industrial Technologies Inc,AIT,0.01%,Trading Companies & Distributors,US,---,"$11,196,886.35","32,435",AIT,0.00012328113408206046
,BMD8KX7,Stellantis NV,STLAM,0.01%,Automobile Manufacturers,IT,---,"$11,177,144.13","1,941,297",STLAM.MI,0.0001230637662179223
,2727910,UDR Inc,UDR,0.01%,Multi-Family Residential REITs,US,---,"$11,169,012.24","292,689",UDR,0.00012297423162856472
,BVFC8Q9,Thomson Reuters Corp,TRI,0.01%,Research & Consulting Services,CA,---,"$11,123,242.69","113,388",TRI.TO,0.00012247029492205117
,BRS7681,SharkNinja Inc,SN,0.01%,Household Appliances,US,---,"$11,106,642.89","68,657",SN,0.0001222875260606404
,BSQCB24,State Bank of India,SBIN,0.01%,Diversified Banks,IN,---,"$11,077,740.29","1,029,298",SBIN.NS,0.00012196929961852595
,2969637,Dick's Sporting Goods Inc,DKS,0.01%,Other Specialty Retail,US,---,"$11,070,090.46","56,506",DKS,0.00012188507265681041
,6390921,Nomura Research Institute Ltd,4307,0.01%,IT Consulting & Other Services,JP,---,"$11,033,745.81","372,969",4307.T,0.00012148490697415922
,BKZ7N95,Onto Innovation Inc,ONTO,0.01%,Semiconductor Materials & Equipment,US,---,"$11,024,816.88","42,636",ONTO,0.0001213865967312818
,B01H720,King Slide Works Co Ltd,2059,0.01%,"Technology Hardware, Storage & Peripherals",TW,---,"$11,022,583.37","46,000",2059.TW,0.00012136200510489775
,2276467,Donaldson Co Inc,DCI,0.01%,Industrial Machinery & Supplies & Components,US,---,"$11,018,729.28","116,922",DCI,0.00012131957039839076
,2897103,Toromont Industries Ltd,TIH,0.01%,Trading Companies & Distributors,CA,---,"$11,016,654.46","73,238",TIH.TO,0.00012129672599731172
,2085102,Baxter International Inc,BAX,0.01%,Health Care Equipment,US,---,"$11,013,569.28","421,008",BAX,0.00012126275722444411
,6193766,China Resources Land Ltd,1109,0.01%,Real Estate Development,HK,---,"$11,005,563.89","2,601,409",1109.HK,0.00012117461543867266
,B7JYSG3,Guidewire Software Inc,GWRE,0.01%,Application Software,US,---,"$11,001,519.58","72,407",GWRE,0.00012113008635194316
,BZBZVC7,Banco BTG Pactual SA,BPAC11,0.01%,Diversified Capital Markets,BR,---,"$11,000,251.17","981,724",BPAC11.SA,0.00012111612077094206
,6821807,Washington H Soul Pattinson & Co Ltd,SOL,0.01%,Multi-Sector Holdings,AU,---,"$10,961,227.79","337,738",SOL.AX,0.00012068646145390208
,BYYN701,Poste Italiane SpA,PST,0.01%,Diversified Financial Services,IT,---,"$10,945,889.87","361,817",PST.MI,0.00012051758627620056
,BD9PNF2,ASR Nederland NV,ASRNL,0.01%,Multi-line Insurance,NL,---,"$10,945,114.88","133,874",ASRNL.AS,0.0001205090533999066
,2563125,Equity LifeStyle Properties Inc,ELS,0.01%,Single-Family Residential REITs,US,---,"$10,939,698.54","168,122",ELS,0.00012044941784436895
,BD97JW7,Yokohama Financial Group Inc,7186,0.01%,Regional Banks,JP,---,"$10,922,693.91","959,579",7186.T,0.00012026219168117352
,6291819,China Petroleum & Chemical Corp,386,0.01%,Integrated Oil & Gas,HK,---,"$10,922,392.62","19,327,337",0386.HK,0.00012025887438637151
,BDCBC61,Medpace Holdings Inc,MEDP,0.01%,Life Sciences Tools & Services,US,---,"$10,916,612.76","18,916",MEDP,0.00012019523636474995
,2425258,Wintrust Financial Corp,WTFC,0.01%,Regional Banks,US,---,"$10,915,407.72","68,418",WTFC,0.0001201819685067785
,BRDY9L1,QXO Inc,QXO,0.01%,Trading Companies & Distributors,US,---,"$10,900,919.40","819,618",QXO,0.00012002244768422914
,6357562,Furukawa Electric Co Ltd,5801,0.01%,Electrical Components & Equipment,JP,---,"$10,886,235.41","570,500",5801.T,0.00011986077247529485
,BFPK4S5,Gaming and Leisure Properties Inc,GLPI,0.01%,Other Specialized REITs,US,---,"$10,881,103.44","242,936",GLPI,0.00011980426792019813
,6858849,Sumitomo Metal Mining Co Ltd,5713,0.01%,Diversified Metals & Mining,JP,---,"$10,857,333.44","216,000",5713.T,0.00011954255296967259
,B0744B3,Bunzl PLC,BNZL,0.01%,Trading Companies & Distributors,GB,---,"$10,856,781.48","287,695",BNZL.L,0.00011953647572170911
,6758455,Ryohin Keikaku Co Ltd,7453,0.01%,Broadline Retail,JP,---,"$10,855,132.08","413,840",7453.T,0.00011951831532459523
,B86QM90,Popular Inc,BPOP,0.01%,Regional Banks,US,---,"$10,803,974.23","61,663",BPOP,0.00011895505179149704
,4557104,GEA Group AG,G1A,0.01%,Industrial Machinery & Supplies & Components,DE,---,"$10,795,252.62","151,957",G1A.DE,0.0001188590242050581
,6580119,First Financial Holding Co Ltd,2892,0.01%,Diversified Banks,TW,---,"$10,772,102.77","9,481,990",2892.TW,0.00011860413729519591
,BYZQ077,CK Asset Holdings Ltd,1113,0.01%,Real Estate Development,HK,---,"$10,749,122.31","1,764,750",1113.HK,0.00011835111542090251
,6895448,Tokyo Gas Co Ltd,9531,0.01%,Gas Utilities,JP,---,"$10,739,872.39","278,200",9531.T,0.00011824927098021402
,6356365,Fuji Electric Co Ltd,6504,0.01%,Electrical Components & Equipment,JP,---,"$10,723,386.04","122,877",6504.T,0.00011806775123790869
,6087289,Telstra Group Ltd,TLS,0.01%,Integrated Telecommunication Services,AU,---,"$10,690,745.22","3,028,220",TLS.AX,0.00011770836585333093
,6916703,Mizrahi Tefahot Bank Ltd,MZTF,0.01%,Diversified Banks,IL,---,"$10,668,799.37","143,363",MZTF.TA,0.00011746673535072294
,BMD6Y84,Rocket Cos Inc,RKT,0.01%,Commercial & Residential Mortgage Finance,US,---,"$10,661,011.50","826,435",RKT,0.00011738098852650127
,B11HK39,Norsk Hydro ASA,NHY,0.01%,Aluminum,NO,---,"$10,633,936.16","1,152,852",NHY.OL,0.00011708288077435307
,6534161,Nova Ltd,NVMI,0.01%,Semiconductor Materials & Equipment,IL,---,"$10,618,552.68","26,722",NVMI.TA,0.00011691350396715446
,2726177,Regency Centers Corp,REG,0.01%,Retail REITs,US,---,"$10,603,980.59","132,071",REG,0.00011675306081135287
,2632003,New York Times Co/The,NYT,0.01%,Publishing,US,---,"$10,597,459.23","141,507",NYT,0.00011668125864855273
,6155250,Samsung Fire & Marine Insurance Co Ltd,000810,0.01%,Property & Casualty Insurance,KR,---,"$10,587,199.17","24,462",000810.KS,0.00011656829225834281
,2437071,BioMarin Pharmaceutical Inc,BMRN,0.01%,Biotechnology,US,---,"$10,571,562.68","176,134",BMRN,0.00011639612973386897
,B1BHXZ2,Evercore Inc,EVR,0.01%,Investment Banking & Brokerage,US,---,"$10,561,169.76","32,946",EVR,0.000116281700514533
,BPK3058,Samsara Inc,IOT,0.01%,Application Software,US,---,"$10,560,230.88","283,344",IOT,0.00011627136315934792
,5852842,Accor SA,AC,0.01%,"Hotels, Resorts & Cruise Lines",FR,---,"$10,557,894.75","203,013",AC.PA,0.00011624564165546187
,2204026,Clorox Co/The,CLX,0.01%,Household Products,US,---,"$10,547,562.83","110,411",CLX,0.00011613188406473262
,BKFB1C6,M&G PLC,MNG,0.01%,Diversified Financial Services,GB,---,"$10,530,768.66","2,179,967",MNG.L,0.00011594697513033347
,6661768,Osaka Gas Co Ltd,9532,0.01%,Gas Utilities,JP,---,"$10,529,405.06","306,900",9532.T,0.00011593196147839672
,BPH0Y27,Aegon Ltd,AGN,0.01%,Life & Health Insurance,NL,---,"$10,521,452.43","1,107,125",AGN.AS,0.00011584440059631855
,BTDN8H1,Aptiv PLC,APTV,0.01%,Automotive Parts & Equipment,US,---,"$10,505,227.04","186,032",APTV,0.00011566575410321345
,BJ2Z0H2,Pinterest Inc,PINS,0.01%,Interactive Media & Services,US,---,"$10,484,518.73","436,673",PINS,0.00011543774929349037
,BN7P9B2,Federal Realty Investment Trust,FRT,0.01%,Retail REITs,US,---,"$10,483,619.56","84,484",FRT,0.00011542784915751797
,BKRTG56,Carlyle Group Inc/The,CG,0.01%,Asset Management & Custody Banks,US,---,"$10,468,675.62","227,481",CG,0.00011526331181979153
,6870100,Taisei Corp,1801,0.01%,Construction & Engineering,JP,---,"$10,465,432.33","129,199",1801.T,0.00011522760220759592
,6767677,Enlight Renewable Energy Ltd,ENLT,0.01%,Renewable Electricity,IL,---,"$10,423,825.99","122,821.6",ENLT.TA,0.00011476950371307974
,B1WY233,Smiths Group PLC,SMIN,0.01%,Industrial Conglomerates,GB,---,"$10,422,093.23","291,857",SMIN.L,0.00011475042549693869
,2455761,EastGroup Properties Inc,EGP,0.01%,Industrial REITs,US,---,"$10,410,788.10","49,810",EGP,0.00011462595256725275
,B1FH8J7,Severn Trent PLC,SVT,0.01%,Water Utilities,GB,---,"$10,402,045.83","256,499",SVT.L,0.00011452969750791193
,2341484,First Horizon Corp,FHN,0.01%,Regional Banks,US,---,"$10,393,148.36","405,349",FHN,0.0001144317336492307
,BJ2KSG2,Akzo Nobel NV,AKZA,0.01%,Specialty Chemicals,NL,---,"$10,387,583.51","148,304",AKZA.AS,0.0001143704629532933
,BZ3DNP6,Alamos Gold Inc,AGI,0.01%,Gold,CA,---,"$10,370,499.73","373,149",AGI.TO,0.00011418236532445488
,6175076,KT&G Corp,033780,0.01%,Tobacco,KR,---,"$10,367,583.92","83,315",033780.KS,0.00011415026136694994
,5978384,Telia Co AB,TELIA,0.01%,Integrated Telecommunication Services,SE,---,"$10,349,879.62","2,233,367",TELIA.ST,0.00011395533162363527
,6283601,Nanya Technology Corp,2408,0.01%,Semiconductors,TW,---,"$10,341,883.81","967,324",2408.TW,0.00011386729531658599
,6411877,Hua Nan Financial Holdings Co Ltd,2880,0.01%,Diversified Banks,TW,---,"$10,298,388.69","7,667,009",2880.TW,0.00011338840077813821
,6519481,Lite-On Technology Corp,2301,0.01%,"Technology Hardware, Storage & Peripherals",TW,---,"$10,279,258.97","1,622,030",2301.TW,0.00011317777672582995
,BYNF418,Alcoa Corp,AA,0.01%,Aluminum,US,---,"$10,266,733.14","226,839",AA,0.0001130398635167958
,2262864,CoStar Group Inc,CSGP,0.01%,Real Estate Services,US,---,"$10,261,884.36","356,811",CSGP,0.00011298647696998008
,B1L95G3,Aker BP ASA,AKRBP,0.01%,Oil & Gas Exploration & Production,NO,---,"$10,257,663.92","287,697",AKRBP.OL,0.00011294000863822594
,B94G471,ICON PLC,ICLR,0.01%,Life Sciences Tools & Services,US,---,"$10,252,417.77","62,681",ICLR,0.00011288224692650109
,BMTQB43,Solventum Corp,SOLV,0.01%,Health Care Supplies,US,---,"$10,247,844.48","119,942",SOLV,0.00011283189360861766
,B28DTJ6,Bureau Veritas SA,BVI,0.01%,Research & Consulting Services,FR,---,"$10,239,527.60","320,085",BVI.PA,0.00011274032222293289
,5263251,KGHM Polska Miedz SA,KGH,0.01%,Copper,PL,---,"$10,218,306.22","123,269",KGH.WA,0.00011250666835600887
,3163836,Intertek Group PLC,ITRK,0.01%,Research & Consulting Services,GB,---,"$10,215,525.85","129,338",ITRK.L,0.00011247605563421699
,BKS48R6,SiTime Corp,SITM,0.01%,Semiconductors,US,---,"$10,215,362.40","19,087",SITM,0.00011247425599986011
,BYYXJY9,Hydro One Ltd,H,0.01%,Electric Utilities,CA,---,"$10,214,553.05","245,193",H.TO,0.00011246534480948535
,6496681,Konami Group Corp,9766,0.01%,Interactive Home Entertainment,JP,---,"$10,202,505.92","79,200",9766.T,0.00011233270223346831
,2849234,Stifel Financial Corp,SF,0.01%,Investment Banking & Brokerage,US,---,"$10,177,782.87","122,757",SF,0.0001120604939117354
,3127489,Marks & Spencer Group PLC,MKS,0.01%,Food Retail,GB,---,"$10,167,656.38","1,860,038",MKS.L,0.00011194899816796817
,2469193,Jack Henry & Associates Inc,JKHY,0.01%,Transaction & Payment Processing Services,US,---,"$10,151,081.96","65,899",JKHY,0.00011176650874809901
,6287841,Chunghwa Telecom Co Ltd,2412,0.01%,Integrated Telecommunication Services,TW,---,"$10,146,697.07","2,360,000",2412.TW,0.00011171822977168293
,B1YCHL8,Cia de Saneamento Basico do Estado de Sao Paulo SABESP,SBSP3,0.01%,Water Utilities,BR,---,"$10,146,195.00","1,856,772",SBSP3.SA,0.0001117127018278373
,BMQ80V2,IREN Ltd,IREN,0.01%,Application Software,US,---,"$10,131,481.60","275,312",IREN,0.00011155070280583214
,B23FN39,Lululemon Athletica Inc,LULU,0.01%,"Apparel, Accessories & Luxury Goods",US,---,"$10,127,248.52","85,196",LULU,0.00011150409530382243
,B85KFY9,Five Below Inc,FIVE,0.01%,Other Specialty Retail,US,---,"$10,119,560.78","46,606",FIVE,0.00011141945094144324
,2918510,UMB Financial Corp,UMBF,0.01%,Regional Banks,US,---,"$10,114,536.38","69,406",UMBF,0.00011136413076485847
,B02J639,Admiral Group PLC,ADM,0.01%,Property & Casualty Insurance,GB,---,"$10,110,714.85","199,452",ADM.L,0.00011132205455388318
,B082RF1,Rentokil Initial PLC,RTO,0.01%,Environmental & Facilities Services,GB,---,"$10,108,166.76","2,194,919",RTO.L,0.00011129399930574332
,BYQKH33,Grasim Industries Ltd,GRASIM,0.01%,Construction Materials,IN,---,"$10,106,463.46","311,154",GRASIM.NS,0.00011127524545318842
,2679204,Align Technology Inc,ALGN,0.01%,Health Care Supplies,US,---,"$10,104,941.76","59,736",ALGN,0.00011125849107202665
,2635659,TTM Technologies Inc,TTMI,0.01%,Electronic Manufacturing Services,US,---,"$10,100,307.36","87,494",TTMI,0.00011120746491440294
,BYNJCV6,Samsung Biologics Co Ltd,207940,0.01%,Life Sciences Tools & Services,KR,---,"$10,086,730.18","9,804",207940.KS,0.00011105797602117717
,2289841,Dycom Industries Inc,DY,0.01%,Construction & Engineering,US,---,"$10,074,878.40","25,120",DY,0.00011092748430824744
,6966515,Winbond Electronics Corp,2344,0.01%,Semiconductors,TW,---,"$10,041,663.30","2,603,569",2344.TW,0.00011056177592569795
,BVDCQB2,SOUTHSTATE BANK CORP,SSB,0.01%,Regional Banks,US,---,"$10,039,457.88","95,532",SSB,0.00011053749357878218
,BZBYJJ7,JSW Steel Ltd,JSTL,0.01%,Steel,IN,---,"$9,998,942.92","751,192",JSTL.BO,0.00011009141151096791
,6658801,Olympus Corp,7733,0.01%,Health Care Equipment,JP,---,"$9,988,133.51","873,900",7733.T,0.00010997239660969063
,6619604,Niterra Co Ltd,5334,0.01%,Automotive Parts & Equipment,JP,---,"$9,980,324.61","170,900",5334.T,0.00010988641823875419
,B6197Q2,Generac Holdings Inc,GNRC,0.01%,Electrical Components & Equipment,US,---,"$9,980,270.63","50,633",GNRC,0.00010988582390248878
,0677608,Pearson PLC,PSON,0.01%,Education Services,GB,---,"$9,966,756.37","590,635",PSON.L,0.00010973702777765538
,BR4T3B3,HubSpot Inc,HUBS,0.01%,Application Software,US,---,"$9,962,948.64","41,974",HUBS,0.00010969510350888951
,B43WJC5,AltaGas Ltd,ALA,0.01%,Gas Utilities,CA,---,"$9,962,291.69","250,370",ALA.TO,0.00010968787028900108
,BLS09M3,Pentair PLC,PNR,0.01%,Industrial Machinery & Supplies & Components,US,---,"$9,934,839.04","151,816",PNR,0.00010938560823866261
,B1XGNW4,Insulet Corp,PODD,0.01%,Health Care Equipment,US,---,"$9,917,362.30","59,978",PODD,0.00010919318400036022
,BN7SX97,KE Holdings Inc,2423,<0.01%,Real Estate Services,HK,---,"$9,901,952.20","1,765,400",2423.HK,0.00010902351409884173
,6446620,HD Korea Shipbuilding & Offshore Engineering Co Ltd,009540,<0.01%,Construction Machinery & Heavy Transportation Equipment,KR,---,"$9,878,295.64","37,198",009540.KS,0.00010876304815731862
,BQBBFD1,TKO Group Holdings Inc,TKO,<0.01%,Movies & Entertainment,US,---,"$9,878,282.73","54,333",TKO,0.0001087629060142807
,BRB3857,Hua Hong Grace Semiconductor Ltd,1347,<0.01%,Semiconductors,HK,---,"$9,877,389.91","606,084",1347.HK,0.00010875307579374522
,B11TCY0,Schindler Holding AG,SCHP,<0.01%,Industrial Machinery & Supplies & Components,CH,---,"$9,871,816.01","31,361",SCHP.SW,0.00010869170545454731
,BZ0V201,Penumbra Inc,PEN,<0.01%,Health Care Equipment,US,---,"$9,847,043.02","30,658",PEN,0.00010841894727818129
,B2NC471,EchoStar Corp,ECHO,<0.01%,Cable & Satellite,US,---,"$9,828,523.29","116,881",ECHO,0.00010821503940183728
,6451668,Largan Precision Co Ltd,3008,<0.01%,Electronic Components,TW,---,"$9,795,919.75","79,020",3008.TW,0.00010785606448143098
,BQ1L7V3,SPX Technologies Inc,SPXC,<0.01%,Industrial Machinery & Supplies & Components,US,---,"$9,787,145.68","44,564",SPXC,0.00010775945929439026
,6520739,LG Electronics Inc,066570,<0.01%,Consumer Electronics,KR,---,"$9,749,972.39","87,963",066570.KS,0.00010735017003258034
,2048804,Pinnacle West Capital Corp,PNW,<0.01%,Electric Utilities,US,---,"$9,735,032.04","96,396",PNW,0.00010718567222184894
,BLDDH12,DraftKings Inc,DKNG,<0.01%,Casinos & Gaming,US,---,"$9,726,049.96","414,227",DKNG,0.0001070867767812593
,6597584,Mitsui OSK Lines Ltd,9104,<0.01%,Marine Transportation,JP,---,"$9,723,741.30","263,217",9104.T,0.00010706135773045238
,2380443,Graco Inc,GGG,<0.01%,Industrial Machinery & Supplies & Components,US,---,"$9,662,689.26","121,727",GGG,0.00010638915614744503
,2943039,Watsco Inc,WSO,<0.01%,Trading Companies & Distributors,US,---,"$9,649,850.70","31,199",WSO,0.00010624779968571934
,BZ6VT82,Charter Communications Inc,CHTR,<0.01%,Cable & Satellite,US,---,"$9,626,527.02","66,399",CHTR,0.00010599099885453406
,6709099,Bank Rakyat Indonesia Persero Tbk PT,BBRI,<0.01%,Diversified Banks,ID,---,"$9,623,801.52","57,224,642",BBRI.JK,0.0001059609902681791
,6269861,Pan Pacific International Holdings Corp,7532,<0.01%,Broadline Retail,JP,---,"$9,611,969.04","1,693,800",7532.T,0.00010583071105413641
,BTRD974,Embraer SA,EMBJ3,<0.01%,Aerospace & Defense,BR,---,"$9,605,783.22","560,400",EMBJ3.SA,0.00010576260328908553
,2049175,Advanced Energy Industries Inc,AEIS,<0.01%,Electronic Equipment & Instruments,US,---,"$9,589,770.96","33,123",AEIS,0.00010558630342229113
,6897143,Toray Industries Inc,3402,<0.01%,Commodity Chemicals,JP,---,"$9,578,868.76","1,333,500",3402.T,0.00010546626687481028
,6700393,Uni-President Enterprises Corp,1216,<0.01%,Packaged Foods & Meats,TW,---,"$9,573,371.74","4,209,992",1216.TW,0.00010540574300786296
,B5SG8Y4,Bizlink Holding Inc,3665,<0.01%,Electrical Components & Equipment,TW,---,"$9,559,930.50","150,150",3665.TW,0.00010525775085550275
,BWFRFC6,GoDaddy Inc,GDDY,<0.01%,Internet Services & Infrastructure,US,---,"$9,515,017.26","114,999",GDDY,0.00010476324238328807
,BKDT649,GFL Environmental Inc,GFL,<0.01%,Environmental & Facilities Services,CA,---,"$9,474,245.56","229,426",GFL.TO,0.00010431433352976082
,BLFDXH8,Unity Software Inc,U,<0.01%,Application Software,US,---,"$9,466,608.27","298,537",U,0.0001042302446372703
,B142S60,Kuehne + Nagel International AG,KNIN,<0.01%,Marine Transportation,CH,---,"$9,463,991.37","37,163",KNIN.SW,0.00010420143177004143
,2051404,Arrow Electronics Inc,ARW,<0.01%,Technology Distributors,US,---,"$9,460,860.45","43,685",ARW,0.00010416695938582184
,2747305,Rollins Inc,ROL,<0.01%,Environmental & Facilities Services,US,---,"$9,458,099.18","249,094",ROL,0.00010413655696085602
,BYQBFJ8,Arrowhead Pharmaceuticals Inc,ARWR,<0.01%,Biotechnology,US,---,"$9,457,013.35","111,719",ARWR,0.00010412460164134701
,BF0LKD0,Knight-Swift Transportation Holdings Inc,KNX,<0.01%,Cargo Ground Transportation,US,---,"$9,456,497.18","136,006",KNX,0.00010411891845220049
,B1FW7Q2,Owens Corning,OC,<0.01%,Building Products,US,---,"$9,448,394.70","68,023",OC,0.0001040297076759138
,BMBQDF6,Allegro.eu SA,ALE,<0.01%,Broadline Retail,PL,---,"$9,423,231.51","782,260",ALE.WA,0.00010375265327852571
,2531832,Littelfuse Inc,LFUS,<0.01%,Electronic Components,US,---,"$9,413,831.96","21,292",LFUS,0.00010364916136589582
,BG7ZWY7,Ambev SA,ABEV3,<0.01%,Brewers,BR,---,"$9,411,998.87","2,983,792",ABEV3.SA,0.00010362897848585127
,2604336,Charles River Laboratories International Inc,CRL,<0.01%,Life Sciences Tools & Services,US,---,"$9,394,799.06","40,406",CRL,0.00010343960333132039
,BJXMVK2,Tradeweb Markets Inc,TW,<0.01%,Financial Exchanges & Data,US,---,"$9,393,735.00","93,470",TW,0.00010342788770615184
,2795542,Semtech Corp,SMTC,<0.01%,Semiconductors,US,---,"$9,388,840.16","79,688",SMTC,0.00010337399402468652
,BGXQNP2,Standard Life PLC,SDLF,<0.01%,Life & Health Insurance,GB,---,"$9,370,480.00","751,966",SDLF.L,0.00010317184306271592
,2797560,Service Corp International/US,SCI,<0.01%,Specialized Consumer Services,US,---,"$9,361,095.90","108,610",SCI,0.00010306852125929871
,2159267,CACI International Inc,CACI,<0.01%,Research & Consulting Services,US,---,"$9,354,713.50","18,794",CACI,0.00010299824908848532
,5473113,Bank Polska Kasa Opieki SA,PEO,<0.01%,Diversified Banks,PL,---,"$9,336,300.82","141,642",PEO.WA,0.00010279551986529462
,BSHZ3Q0,Bio-Techne Corp,TECH,<0.01%,Life Sciences Tools & Services,US,---,"$9,311,937.39","129,171",TECH,0.00010252727106945606
,2956662,George Weston Ltd,WN,<0.01%,Food Retail,CA,---,"$9,305,199.29","124,506",WN.TO,0.00010245308253314403
,2019479,BXP Inc,BXP,<0.01%,Office REITs,US,---,"$9,287,604.36","132,453",BXP,0.00010225935698689034
,2239471,Manhattan Associates Inc,MANH,<0.01%,Application Software,US,---,"$9,281,725.44","48,504",MANH,0.00010219462828445264
,B2Q5H56,China Pacific Insurance Group Co Ltd,2601,<0.01%,Multi-line Insurance,HK,---,"$9,277,600.37","2,377,000",2601.HK,0.00010214921000548906
,BSLQK57,Rubrik Inc,RBRK,<0.01%,Systems Software,US,---,"$9,270,111.96","128,111",RBRK,0.00010206676032721119
,B7SF135,Unipol Assicurazioni SpA,UNI,<0.01%,Multi-line Insurance,IT,---,"$9,251,240.45","295,666",UNI.MI,0.00010185897924576428
,B033F22,Centrica PLC,CNA,<0.01%,Multi-Utilities,GB,---,"$9,241,770.58","4,428,688",CNA.L,0.0001017547130884848
,B6SW913,CubeSmart,CUBE,<0.01%,Self-Storage REITs,US,---,"$9,227,876.58","222,573",CUBE,0.00010160173591041993
,B3SGMV5,Keyera Corp,KEY,<0.01%,Oil & Gas Storage & Transportation,CA,---,"$9,213,031.49","216,845",KEY.TO,0.00010143828694134558
,2208288,Cognex Corp,CGNX,<0.01%,Electronic Equipment & Instruments,US,---,"$9,211,039.88","141,187",CGNX,0.00010141635870774793
,BLCF3J9,Essential Utilities Inc,WTRG,<0.01%,Water Utilities,US,---,"$9,180,045.25","230,365",WTRG,0.00010107509837720488
,BMZ1C83,ZTO Express Cayman Inc,2057,<0.01%,Air Freight & Logistics,HK,---,"$9,175,218.03","383,400",2057.HK,0.00010102194921256558
,2601218,Moog Inc,MOG/A,<0.01%,Aerospace & Defense,US,---,"$9,153,678.00","23,480",MOG-A,0.00010078478691194425
,BMGWW30,Nongfu Spring Co Ltd,9633,<0.01%,Soft Drinks & Non-alcoholic Beverages,HK,---,"$9,149,873.79","1,643,000",9633.HK,0.00010074290139945207
,0946580,Weir Group PLC/The,WEIR,<0.01%,Industrial Machinery & Supplies & Components,GB,---,"$9,121,902.08","255,678",WEIR.L,0.00010043492434018556
,2760669,Ryder System Inc,R,<0.01%,Cargo Ground Transportation,US,---,"$9,111,371.86","35,533",R,0.00010031898340596918
,BFD2WR8,Antero Resources Corp,AR,<0.01%,Oil & Gas Exploration & Production,US,---,"$9,082,704.80","251,320",AR,0.00010000335033110114
,6713982,Qatar Islamic Bank QPSC,QIBK,<0.01%,Diversified Banks,QA,---,"$9,067,996.84","1,518,474",QIBK.QA,9.984141120515533e-05
,BYYZ7D0,InterGlobe Aviation Ltd,INDIGO,<0.01%,Passenger Airlines,IN,---,"$9,065,396.99","167,417",INDIGO.NS,9.981278606362719e-05
,2206721,Coca-Cola Consolidated Inc,COKE,<0.01%,Soft Drinks & Non-alcoholic Beverages,US,---,"$9,052,646.20","48,178",COKE,9.967239597637385e-05
,B00SCY1,Corcept Therapeutics Inc,CORT,<0.01%,Pharmaceuticals,US,---,"$9,042,992.65","78,985",CORT,9.956610744626674e-05
,BWFGD63,Tech Mahindra Ltd,TECHM,<0.01%,IT Consulting & Other Services,IN,---,"$9,040,343.33","520,657",TECHM.NS,9.953693762494885e-05
,BNGHNG2,Kokusai Electric Corp,6525,<0.01%,Semiconductor Materials & Equipment,JP,---,"$9,020,949.50","200,400",6525.T,9.93234056409795e-05
,BQQ8816,Hut 8 Corp,HUT,<0.01%,Application Software,US,---,"$9,016,703.25","83,775",HUT,9.927665313325258e-05
,6190563,Chiba Bank Ltd/The,8331,<0.01%,Regional Banks,JP,---,"$9,010,176.84","554,300",8331.T,9.920479536841204e-05
,BMDHSH4,HD Hyundai Heavy Industries Co Ltd,329180,<0.01%,Construction Machinery & Heavy Transportation Equipment,KR,---,"$8,994,824.94","26,865",329180.KS,9.903576626664622e-05
,2598354,Modine Manufacturing Co,MOD,<0.01%,Building Products,US,---,"$8,980,545.96","44,666",MOD,9.887855034135152e-05
,B8KH5G7,TMX Group Ltd,X,<0.01%,Financial Exchanges & Data,CA,---,"$8,979,327.06","245,661",X.TO,9.886512988055237e-05
,BNSP8W5,LG Energy Solution Ltd,373220,<0.01%,Electrical Components & Equipment,KR,---,"$8,960,972.11","39,610",373220.KS,9.866303628227094e-05
,BYYHJL8,AGNC Investment Corp,AGNC,<0.01%,Mortgage REITs,US,---,"$8,958,525.42","840,387",AGNC,9.863609747906096e-05
,B13X013,Eiffage SA,FGR,<0.01%,Construction & Engineering,FR,---,"$8,955,014.61","63,006",FGR.PA,9.859744239006413e-05
,BFFJRM7,Zhongji Innolight Co Ltd,300308,<0.01%,Communications Equipment,CN,---,"$8,922,061.63","67,000",300308.SZ,9.82346200286687e-05
,BD4HFR9,HD Hyundai Electric Co Ltd,267260,<0.01%,Heavy Electrical Equipment,KR,---,"$8,919,330.59","19,288",267260.KS,9.820455044522386e-05
,BFTDJL8,Brixmor Property Group Inc,BRX,<0.01%,Retail REITs,US,---,"$8,892,058.98","282,198",BRX,9.790428170050775e-05
,BCF5RR9,American Homes 4 Rent,AMH,<0.01%,Single-Family Residential REITs,US,---,"$8,857,971.00","265,050",AMH,9.752896264290504e-05
,BP0QDP8,Belimo Holding AG,BEAN,<0.01%,Building Products,CH,---,"$8,850,182.50","8,487",BEAN.SW,9.744320888219119e-05
,BDRXBF4,TFI International Inc,TFII,<0.01%,Cargo Ground Transportation,CA,---,"$8,848,242.44","65,494",TFII.TO,9.742184822981774e-05
,6435327,Power Assets Holdings Ltd,6,<0.01%,Electric Utilities,HK,---,"$8,845,914.92","1,175,000",0006.HK,9.739622152465799e-05
,BRJNZ47,AtkinsRealis Group Inc,ATRL,<0.01%,Construction & Engineering,CA,---,"$8,841,042.78","142,638",ATRL.TO,9.734257777711683e-05
,B50K3X8,Primerica Inc,PRI,<0.01%,Life & Health Insurance,US,---,"$8,824,816.76","27,581",PRI,9.716392434751958e-05
,B44ZV94,China Hongqiao Group Ltd,1378,<0.01%,Aluminum,HK,---,"$8,824,810.69","2,804,500",1378.HK,9.716385751496806e-05
,B63DG21,Powszechny Zaklad Ubezpieczen SA,PZU,<0.01%,Multi-line Insurance,PL,---,"$8,782,343.27","461,170",PZU.WA,9.6696278266998e-05
,6597346,Mitsui Kinzoku Co Ltd,5706,<0.01%,Diversified Metals & Mining,JP,---,"$8,773,521.36","46,600",5706.T,9.659914634696471e-05
,BL6K5J4,Endeavour Mining PLC,EDV,<0.01%,Gold,GB,---,"$8,754,799.95","183,518",EDV.L,9.639301791230258e-05
,BYX2YJ7,Encompass Health Corp,EHC,<0.01%,Health Care Facilities,US,---,"$8,751,538.51","78,793",EHC,9.635710846307069e-05
,2181334,Check Point Software Technologies Ltd,CHKP,<0.01%,Systems Software,US,---,"$8,747,942.43","68,811",CHKP,9.63175145253641e-05
,2166320,Camden Property Trust,CPT,<0.01%,Multi-Family Residential REITs,US,---,"$8,734,376.63","78,823",CPT,9.616815092940955e-05
,BNYD4F8,Crane Co,CR,<0.01%,Industrial Machinery & Supplies & Components,US,---,"$8,733,929.36","40,916",CR,9.616322635027948e-05
,BFYT7B7,Docusign Inc,DOCU,<0.01%,Application Software,US,---,"$8,725,426.88","159,136",DOCU,9.606961145198145e-05
,BQWNKQ4,American Healthcare REIT Inc,AHR,<0.01%,Health Care REITs,US,---,"$8,689,446.00","156,285",AHR,9.567345098799043e-05
,BJTCKZ4,PharmaEssentia Corp,6446,<0.01%,Biotechnology,TW,---,"$8,679,841.46","266,796",6446.TW,9.556770207293278e-05
,5129074,Fresenius Medical Care AG,FME,<0.01%,Health Care Services,DE,---,"$8,669,797.96","168,930",FME.DE,9.545712007437983e-05
,B1FFT76,Impala Platinum Holdings Ltd,IMP,<0.01%,Precious Metals & Minerals,ZA,---,"$8,669,615.70","794,926",IMP.JO,9.545511333618533e-05
,6651048,Bank Mandiri Persero Tbk PT,BMRI,<0.01%,Diversified Banks,ID,---,"$8,668,849.96","37,258,164",BMRI.JK,9.544668230521289e-05
,BP6NH40,Grab Holdings Ltd,GRAB,<0.01%,Passenger Ground Transportation,US,---,"$8,666,199.50","2,476,057",GRAB,9.541749993214725e-05
,4002121,Bouygues SA,EN,<0.01%,Construction & Engineering,FR,---,"$8,660,304.77","153,743",EN.PA,9.535259715678706e-05
,5641567,Carrefour SA,CA,<0.01%,Consumer Staples Merchandise Retail,FR,---,"$8,643,120.53","470,964",CA.PA,9.516339343270548e-05
,6309466,SBI Holdings Inc,8473,<0.01%,Investment Banking & Brokerage,JP,---,"$8,632,657.95","457,280",8473.T,9.504819723552123e-05
,B01SD70,Domino's Pizza Inc,DPZ,<0.01%,Restaurants,US,---,"$8,624,850.56","24,824",DPZ,9.49622354901454e-05
,BZCNN35,Banco Comercial Portugues SA,BCP,<0.01%,Diversified Banks,PT,---,"$8,620,813.35","6,996,818",BCP.LS,9.49177845765816e-05
,2372763,Gartner Inc,IT,<0.01%,IT Consulting & Other Services,US,---,"$8,575,368.66","56,783",IT,9.441742467775957e-05
,5579550,Fortum Oyj,FORTUM,<0.01%,Electric Utilities,FI,---,"$8,560,736.89","376,565",FORTUM.HE,9.425632442695388e-05
,BF13K02,Sigma Healthcare Ltd,SIG,<0.01%,Health Care Distributors,AU,---,"$8,555,502.17","4,149,138",SIG.AX,9.419868856301549e-05
,B0JQTJ0,Mitsubishi Chemical Group Corp,4188,<0.01%,Diversified Chemicals,JP,---,"$8,539,827.73","1,160,484",4188.T,9.402610819746584e-05
,5107401,Beiersdorf AG,BEI,<0.01%,Personal Care Products,DE,---,"$8,533,994.86","91,871",BEI.DE,9.396188651957469e-05
,6619507,NGK Corp,5333,<0.01%,Industrial Machinery & Supplies & Components,JP,---,"$8,519,379.21","249,000",5333.T,9.380096375488607e-05
,2002479,AES Corp/The,AES,<0.01%,Independent Power Producers & Energy Traders,US,---,"$8,485,025.32","577,999",AES,9.342271694707324e-05
,BYT16L4,Orsted AS,ORSTED,<0.01%,Renewable Electricity,DK,---,"$8,483,447.34","380,503",ORSTED.CO,9.34053429059445e-05
,2721967,Rambus Inc,RMBS,<0.01%,Semiconductors,US,---,"$8,452,135.50","92,850",RMBS,9.30605899965434e-05
,2818461,Acuity Inc,AYI,<0.01%,Electrical Components & Equipment,US,---,"$8,442,578.51","25,709",AYI,9.295536462148981e-05
,B0CC0M5,Innolux Corp,3481,<0.01%,Electronic Components,TW,---,"$8,434,591.30","6,146,073",3481.TW,9.286742300306379e-05
,6051422,Realtek Semiconductor Corp,2379,<0.01%,Semiconductors,TW,---,"$8,407,110.25","405,420",2379.TW,9.25648482600625e-05
,6139362,Oil & Natural Gas Corp Ltd,ONGC,<0.01%,Integrated Oil & Gas,IN,---,"$8,360,748.31","3,281,770",ONGC.NS,9.205438915895315e-05
,5962309,Chocoladefabriken Lindt & Spruengli AG,LISN,<0.01%,Packaged Foods & Meats,CH,---,"$8,360,293.29",71,LISN.SW,9.204937924995913e-05
,BFX05H3,Absa Group Ltd,ABG,<0.01%,Diversified Banks,ZA,---,"$8,351,201.96","605,912",ABG.JO,9.19492809335451e-05
,B05BDX1,Hudbay Minerals Inc,HBM,<0.01%,Diversified Metals & Mining,CA,---,"$8,349,271.23","367,948",HBM.TO,9.192802300731757e-05
,2523334,Range Resources Corp,RRC,<0.01%,Oil & Gas Exploration & Production,US,---,"$8,344,423.62","207,883",RRC,9.187464934255874e-05
,BC9ZHL9,Rexford Industrial Realty Inc,REXR,<0.01%,Industrial REITs,US,---,"$8,340,107.01","220,813",REXR,9.182712214977001e-05
,B0ZV104,Grupo Aeroportuario del Pacifico SAB de CV,GAPB,<0.01%,Airport Services,MX,---,"$8,327,705.72","383,055",GAPB.MX,9.169058016412411e-05
,2793610,SEI Investments Co,SEIC,<0.01%,Asset Management & Custody Banks,US,---,"$8,322,637.64","80,818",SEIC,9.163477905741566e-05
,6772217,Samsung Heavy Industries Co Ltd,010140,<0.01%,Construction Machinery & Heavy Transportation Equipment,KR,---,"$8,316,301.41","559,339",010140.KS,9.156501523238544e-05
,BCZWJ63,Murphy USA Inc,MUSA,<0.01%,Automotive Retail,US,---,"$8,314,156.80","13,680",MUSA,9.154140242211842e-05
,2212706,Molina Healthcare Inc,MOH,<0.01%,Managed Health Care,US,---,"$8,308,177.02","42,471",MOH,9.147556322031559e-05
,BDCG2C2,Aritzia Inc,ATZ,<0.01%,Apparel Retail,CA,---,"$8,296,305.48","83,263",ATZ.TO,9.134485394375849e-05
,BKWQ2N2,Voya Financial Inc,VOYA,<0.01%,Diversified Financial Services,US,---,"$8,265,814.76","83,132",VOYA,9.100914181602233e-05
,B92RRW2,Sanmina Corp,SANM,<0.01%,Electronic Manufacturing Services,US,---,"$8,260,574.52","44,517",SANM,9.095144517520019e-05
,BQPG2F3,Jio Financial Services Ltd,JIOFIN,<0.01%,Diversified Financial Services,IN,---,"$8,256,847.90","3,072,443",JIOFIN.NS,9.091041395227518e-05
,B1VZ431,AECOM,ACM,<0.01%,Construction & Engineering,US,---,"$8,255,862.33","114,047",ACM,9.089956252594832e-05
,B02L486,Mowi ASA,MOWI,<0.01%,Packaged Foods & Meats,NO,---,"$8,243,750.51","384,948",MOWI.OL,9.076620769329899e-05
,B28XP76,Invesco Ltd,IVZ,<0.01%,Asset Management & Custody Banks,US,---,"$8,232,085.60","278,111",IVZ,9.063777347606992e-05
,BBBSBJ5,Cytokinetics Inc,CYTK,<0.01%,Biotechnology,US,---,"$8,224,988.94","106,638",CYTK,9.055963708478693e-05
,B7FNMQ2,Element Fleet Management Corp,EFN,<0.01%,Diversified Support Services,CA,---,"$8,192,975.30","365,077",EFN.TO,9.020715714331687e-05
,BYY0144,PRIO SA/Brazil,PRIO3,<0.01%,Oil & Gas Exploration & Production,BR,---,"$8,144,067.54","678,447",PRIO3.SA,8.966866778746008e-05
,6533232,BlueScope Steel Ltd,BSL,<0.01%,Steel,AU,---,"$8,128,519.75","354,396",BSL.AX,8.949748187704224e-05
,BZCNB42,Delivery Hero SE,DHER,<0.01%,Restaurants,DE,---,"$8,123,736.62","186,355",DHER.DE,8.944481815675166e-05
,4651459,OMV AG,OMV,<0.01%,Integrated Oil & Gas,AT,---,"$8,123,399.68","111,089",OMV.VI,8.944110834457538e-05
,B734XQ4,Zhen Ding Technology Holding Ltd,4958,<0.01%,Electronic Components,TW,---,"$8,114,114.57","646,700",4958.TW,8.933887645125295e-05
,2658441,Old National Bancorp/IN,ONB,<0.01%,Regional Banks,US,---,"$8,094,670.56","303,854",ONB,8.912479197017727e-05
,BNC23Q1,DigitalOcean Holdings Inc,DOCN,<0.01%,Internet Services & Infrastructure,US,---,"$8,085,645.00","68,814",DOCN,8.902541780152497e-05
,B1FW751,Galp Energia SGPS SA,GALP,<0.01%,Integrated Oil & Gas,PT,---,"$8,079,229.78","355,747",GALP.LS,8.895478427250054e-05
,BP7RS59,Advanced Drainage Systems Inc,WMS,<0.01%,Building Products,US,---,"$8,062,721.04","58,223",WMS,8.877301800946565e-05
,B1YWPP8,Ensign Group Inc/The,ENSG,<0.01%,Health Care Facilities,US,---,"$8,061,027.36","45,246",ENSG,8.875437007604512e-05
,B17NY40,Orion Oyj,ORNBV,<0.01%,Pharmaceuticals,FI,---,"$8,057,471.12","86,188",ORNBV.HE,8.871521478889085e-05
,BYQ0JC6,Beazley PLC,BEZ,<0.01%,Property & Casualty Insurance,GB,---,"$8,055,346.24","463,483",BEZ.L,8.869181921194207e-05
,2127899,Affiliated Managers Group Inc,AMG,<0.01%,Asset Management & Custody Banks,US,---,"$8,044,589.28","21,936",AMG,8.857338180116354e-05
,B4QG225,United Airlines Holdings Inc,UAL,<0.01%,Passenger Airlines,US,---,"$8,031,318.02","66,194",UAL,8.842726118045205e-05
,2064253,Autoliv Inc,ALV,<0.01%,Automotive Parts & Equipment,US,---,"$7,989,545.22","64,866",ALV,8.796732991056085e-05
,6378217,LS Electric Co Ltd,010120,<0.01%,Electrical Components & Equipment,KR,---,"$7,973,503.66","63,324",010120.KS,8.779070744182913e-05
,2045247,AptarGroup Inc,ATR,<0.01%,"Metal, Glass & Plastic Containers",US,---,"$7,970,620.00","59,500",ATR,8.775895746563088e-05
,7582556,Klepierre SA,LI,<0.01%,Retail REITs,FR,---,"$7,965,985.67","175,381",LI.PA,8.770793207872851e-05
,5624030,CEZ AS,CEZ,<0.01%,Electric Utilities,CZ,---,"$7,965,760.94","123,657",CEZ.PR,8.770545773287947e-05
,BP6FB33,XPeng Inc,9868,<0.01%,Automobile Manufacturers,HK,---,"$7,959,515.63","1,227,128",9868.HK,8.763669496478243e-05
,BPR9XV6,NIO Inc,9866,<0.01%,Automobile Manufacturers,HK,---,"$7,949,362.35","1,620,057",9866.HK,8.752490425494346e-05
,2329770,FactSet Research Systems Inc,FDS,<0.01%,Financial Exchanges & Data,US,---,"$7,945,744.80","30,189",FDS,8.74850739259879e-05
,BSJN3Y0,GRUPO CIBEST SA-ADR,CIB,<0.01%,Diversified Banks,US,ADR,"$7,944,044.76","85,863",CIB,8.746635596702739e-05
,2975098,Halozyme Therapeutics Inc,HALO,<0.01%,Biotechnology,US,---,"$7,938,779.74","96,181",HALO,8.740838649084665e-05
,BRTNNQ5,Medibank Pvt Ltd,MPL,<0.01%,Life & Health Insurance,AU,---,"$7,919,911.17","2,184,959",MPL.AX,8.720063777969655e-05
,2946243,Viasat Inc,VSAT,<0.01%,Communications Equipment,US,---,"$7,902,941.97","102,729",VSAT,8.701380171160826e-05
,2134532,American Financial Group Inc/OH,AFG,<0.01%,Property & Casualty Insurance,US,---,"$7,886,151.12","55,646",AFG,8.682892933142181e-05
,6136749,Obic Co Ltd,4684,<0.01%,IT Consulting & Other Services,JP,---,"$7,876,505.55","274,600",4684.T,8.672272866354881e-05
,2989828,Zions Bancorp NA,ZION,<0.01%,Regional Banks,US,---,"$7,861,672.10","112,793",ZION,8.655940785442498e-05
,6356406,Subaru Corp,7270,<0.01%,Automobile Manufacturers,JP,---,"$7,850,749.92","461,200",7270.T,8.643915132104969e-05
,2982399,Saia Inc,SAIA,<0.01%,Cargo Ground Transportation,US,---,"$7,845,661.47","22,569",SAIA,8.63831259344278e-05
,2288406,Flowserve Corp,FLS,<0.01%,Industrial Machinery & Supplies & Components,US,---,"$7,836,012.81","103,119",FLS,8.627689124471228e-05
,2250289,Darling Ingredients Inc,DAR,<0.01%,Agricultural Products & Services,US,---,"$7,800,547.68","128,637",DAR,8.58864093455397e-05
,BPJM8Q3,BrightSpring Health Services Inc,BTSG,<0.01%,Health Care Services,US,---,"$7,789,647.18","130,458",BTSG,8.576639151557738e-05
,6436557,Hong Kong & China Gas Co Ltd,3,<0.01%,Gas Utilities,HK,---,"$7,785,304.78","8,696,365",0003.HK,8.571858036702199e-05
,BKX3XG2,Auckland International Airport Ltd,AIA,<0.01%,Airport Services,NZ,---,"$7,769,165.52","1,515,282",AIA.NZ,8.554088219148898e-05
,BYZR4X4,Axsome Therapeutics Inc,AXSM,<0.01%,Pharmaceuticals,US,---,"$7,755,866.21","35,579",AXSM,8.539445273172146e-05
,BDJ0LS6,Ionis Pharmaceuticals Inc,IONS,<0.01%,Biotechnology,US,---,"$7,751,573.87","149,731",IONS,8.534719275903578e-05
,BYMWL19,Glaukos Corp,GKOS,<0.01%,Health Care Equipment,US,---,"$7,746,478.08","46,464",GKOS,8.5291086556775e-05
,BP38QJ6,Shizuoka Financial Group Inc,5831,<0.01%,Regional Banks,JP,---,"$7,742,068.01","392,500",5831.T,8.52425303408783e-05
,B44XTX8,Pandora A/S,PNDORA,<0.01%,"Apparel, Accessories & Luxury Goods",DK,---,"$7,739,372.62","61,802",PNDORA.CO,8.521285327480774e-05
,2176608,Columbia Banking System Inc,COLB,<0.01%,Regional Banks,US,---,"$7,739,043.57","247,491",COLB,8.520923033393815e-05
,2905794,United Bankshares Inc/WV,UBSI,<0.01%,Regional Banks,US,---,"$7,719,441.60","159,328",UBSI,8.49934066650802e-05
,2961053,Skyworks Solutions Inc,SWKS,<0.01%,Semiconductors,US,---,"$7,714,125.36","123,862",SWKS,8.493487324107591e-05
,BGHH0L6,WuXi AppTec Co Ltd,2359,<0.01%,Life Sciences Tools & Services,HK,---,"$7,709,820.35","375,956",2359.HK,8.488747376782551e-05
,B2368L5,PLS Group Ltd,PLS,<0.01%,Diversified Metals & Mining,AU,---,"$7,705,288.21","2,651,849",PLS.AX,8.4837573523994e-05
,BJXSCH4,Evolution AB,EVO,<0.01%,Casinos & Gaming,SE,---,"$7,694,101.09","100,812",EVO.ST,8.471439992040445e-05
,6268976,Mitsubishi HC Capital Inc,8593,<0.01%,Specialized Finance,JP,---,"$7,678,345.49","833,950",8593.T,8.454092595849867e-05
,B056381,Global Unichip Corp,3443,<0.01%,Semiconductors,TW,---,"$7,672,250.64","67,000",3443.TW,8.44738198008962e-05
,2926825,Valmont Industries Inc,VMI,<0.01%,Construction & Engineering,US,---,"$7,661,438.50","15,905",VMI,8.43547748414862e-05
,BYZZ7S4,Abivax SA,ABVX,<0.01%,Biotechnology,FR,---,"$7,659,228.68","61,715",ABVX.PA,8.43304440492283e-05
,6465874,Galaxy Entertainment Group Ltd,27,<0.01%,Casinos & Gaming,HK,---,"$7,644,820.17","1,753,000",0027.HK,8.417180195912325e-05
,BNM73Q6,Accelleron Industries AG,ACLN,<0.01%,Heavy Electrical Equipment,CH,---,"$7,641,459.86","84,402",ACLN.SW,8.413480392103321e-05
,BK80XH9,Match Group Inc,MTCH,<0.01%,Interactive Media & Services,US,---,"$7,624,928.57","193,477",MTCH,8.395278937561992e-05
,2100845,Banco de Chile,CHILE,<0.01%,Diversified Banks,CL,---,"$7,618,463.98","36,566,346",CHILE.SN,8.388161226783625e-05
,BMB5YK5,H World Group Ltd,1179,<0.01%,"Hotels, Resorts & Cruise Lines",HK,---,"$7,616,681.42","1,792,870",1179.HK,8.386198573850478e-05
,2009210,Alexandria Real Estate Equities Inc,ARE,<0.01%,Health Care REITs,US,---,"$7,585,582.20","147,436",ARE,8.351957384015882e-05
,B1CC9H0,Swedish Orphan Biovitrum AB,SOBI,<0.01%,Biotechnology,SE,---,"$7,580,615.44","152,970",SOBI.ST,8.346488829755586e-05
,B73XCZ3,Taiwan Cooperative Financial Holding Co Ltd,5880,<0.01%,Diversified Banks,TW,---,"$7,576,035.58","8,890,862",5880.TW,8.34144626419684e-05
,B0JGGP5,ITC Ltd,ITC,<0.01%,Tobacco,IN,---,"$7,574,635.14","2,572,943",ITC.NS,8.339904337039439e-05
,2418601,Hecla Mining Co,HL,<0.01%,Silver,US,---,"$7,567,303.36","535,928",HL,8.331831823619313e-05
,B4PZ892,Allison Transmission Holdings Inc,ALSN,<0.01%,Construction Machinery & Heavy Transportation Equipment,US,---,"$7,564,908.84","66,046",ALSN,8.329195384059646e-05
,2041308,FNB Corp/PA,FNB,<0.01%,Regional Banks,US,---,"$7,559,281.80","399,962",FNB,8.322999841378933e-05
,6804820,Shimano Inc,7309,<0.01%,Leisure Products,JP,---,"$7,535,938.59","59,700",7309.T,8.297298255134686e-05
,BMP8TL6,CareTrust REIT Inc,CTRE,<0.01%,Health Care REITs,US,---,"$7,527,013.74","179,471",CTRE,8.287471723051396e-05
,B3FJBY3,Jentech Precision Industrial Co Ltd,3653,<0.01%,Semiconductors,TW,---,"$7,519,718.43","72,598",3653.TW,8.279439364213707e-05
,BGLP8L2,IMI PLC,IMI,<0.01%,Industrial Machinery & Supplies & Components,GB,---,"$7,514,396.48","189,096",IMI.L,8.273579734929107e-05
,2659109,Old Republic International Corp,ORI,<0.01%,Property & Casualty Insurance,US,---,"$7,511,107.88","173,828",ORI,8.26995888601746e-05
,2418128,Millicom International Cellular SA,TIGO,<0.01%,Wireless Telecommunication Services,US,---,"$7,496,994.12","78,519",TIGO,8.254419205747668e-05
,6346333,Novatek Microelectronics Corp,3034,<0.01%,Semiconductors,TW,---,"$7,491,768.40","474,025",3034.TW,8.248665528628356e-05
,2193544,Brinker International Inc,EAT,<0.01%,Restaurants,US,---,"$7,489,971.30","35,049",EAT,8.246686866711698e-05
,2254645,Gildan Activewear Inc,GIL,<0.01%,"Apparel, Accessories & Luxury Goods",CA,---,"$7,438,384.99","134,375",GIL.TO,8.189888765872632e-05
,BN4MKV3,New Oriental Education & Technology Group Inc,9901,<0.01%,Education Services,HK,---,"$7,431,597.61","1,267,260",9901.HK,8.182415653458252e-05
,4598589,Continental AG,CON,<0.01%,Tires & Rubber,DE,---,"$7,429,554.98","89,337",CON.DE,8.180166655522231e-05
,6728469,Phison Electronics Corp,8299,<0.01%,Semiconductors,TW,---,"$7,418,373.54","150,733",8299.TWO,8.167855549016533e-05
,2892807,Timken Co/The,TKR,<0.01%,Industrial Machinery & Supplies & Components,US,---,"$7,404,041.40","53,828",TKR,8.15207542570553e-05
,2515030,Lithia Motors Inc,LAD,<0.01%,Automotive Retail,US,---,"$7,397,366.06","19,193",LAD,8.144725672748687e-05
,2657802,OGE Energy Corp,OGE,<0.01%,Electric Utilities,US,---,"$7,388,351.95","156,037",OGE,8.134800862682714e-05
,6121176,Lynas Rare Earths Ltd,LYC,<0.01%,Diversified Metals & Mining,AU,---,"$7,377,663.75","751,690",LYC.AX,8.123032828462237e-05
,BJLT387,Avantor Inc,AVTR,<0.01%,Life Sciences Tools & Services,US,---,"$7,369,668.02","534,809",AVTR,8.114229285839746e-05
,B0LLFT5,GameStop Corp,GME,<0.01%,Computer & Electronics Retail,US,---,"$7,357,128.72","338,726",GME,8.10042313405546e-05
,BDX85Z1,CNH Industrial NV,CNH,<0.01%,Agricultural & Farm Machinery,US,---,"$7,355,020.75","717,563",CNH,8.098102194786384e-05
,BNDPYV1,Eurofins Scientific SE,ERF,<0.01%,Life Sciences Tools & Services,FR,---,"$7,338,622.74","93,058",ERF.PA,8.080047485590475e-05
,BYXB201,Viavi Solutions Inc,VIAV,<0.01%,Communications Equipment,US,---,"$7,323,933.40","198,212",VIAV,8.063874074183856e-05
,BQXZP64,Wayfair Inc,W,<0.01%,Homefurnishing Retail,US,---,"$7,313,795.40","86,146",W,8.052711826946044e-05
,BZBFKT7,Bid Corp Ltd,BID,<0.01%,Food Distributors,ZA,---,"$7,299,891.45","266,112",BID.JO,8.037403153886053e-05
,6191997,CSPC Pharmaceutical Group Ltd,1093,<0.01%,Pharmaceuticals,HK,---,"$7,292,036.54","6,666,000",1093.HK,8.028754658378973e-05
,BQKY081,Wise Group PLC,WISE,<0.01%,Transaction & Payment Processing Services,GB,---,"$7,269,926.71","608,669",WISE.L,8.00441106113632e-05
,6642406,MINEBEA MITSUMI Inc,6479,<0.01%,Industrial Machinery & Supplies & Components,JP,---,"$7,260,026.10","318,784",6479.T,7.993510187529577e-05
,6986427,Yokogawa Electric Corp,6841,<0.01%,Electronic Equipment & Instruments,JP,---,"$7,254,199.44","203,400",6841.T,7.987094857139888e-05
,BNXKS92,Core & Main Inc,CNM,<0.01%,Trading Companies & Distributors,US,---,"$7,231,789.87","164,471",CNM,7.962421237014314e-05
,B011108,Cipla Ltd/India,CIPLA,<0.01%,Pharmaceuticals,IN,---,"$7,230,754.60","468,517",CIPLA.NS,7.961281373165635e-05
,2350684,Franklin Resources Inc,BEN,<0.01%,Asset Management & Custody Banks,US,---,"$7,226,976.82","213,437",BEN,7.957121922152609e-05
,B019KW7,J Sainsbury PLC,SBRY,<0.01%,Food Retail,GB,---,"$7,222,974.24","1,497,825",SBRY.L,7.952714959482543e-05
,BDDRN32,Trent Ltd,TRENT,<0.01%,Apparel Retail,IN,---,"$7,206,561.35","228,831",TRENT.NS,7.934643866952751e-05
,2310257,Prosperity Bancshares Inc,PB,<0.01%,Regional Banks,US,---,"$7,191,937.33","96,059",PB,7.918542374858579e-05
,BH0VTS2,Mebuki Financial Group Inc,7167,<0.01%,Regional Banks,JP,---,"$7,188,090.39","775,750",7167.T,7.914306776575976e-05
,B1VRCG6,CMOC Group Ltd,3993,<0.01%,Diversified Metals & Mining,HK,---,"$7,183,367.67","3,333,000",3993.HK,7.909106917799592e-05
,B17MTL9,Home BancShares Inc/AR,HOMB,<0.01%,Regional Banks,US,---,"$7,181,488.73","231,139",HOMB,7.907038147546583e-05
,B8P4LP4,Xero Ltd,XRO,<0.01%,Application Software,AU,---,"$7,168,535.80","143,586",XRO.AX,7.892776576515404e-05
,2854238,Stantec Inc,STN,<0.01%,Construction & Engineering,CA,---,"$7,160,277.96","101,462",STN.TO,7.883684442787816e-05
,BMW5M00,Li Auto Inc,2015,<0.01%,Automobile Manufacturers,HK,---,"$7,160,010.48","1,051,297",2015.HK,7.883389939148916e-05
,BLFJ7Y1,Akeso Inc,9926,<0.01%,Biotechnology,HK,---,"$7,153,069.95","597,000",9926.HK,7.875748203913024e-05
,BD6JX35,Krystal Biotech Inc,KRYS,<0.01%,Biotechnology,US,---,"$7,148,510.72","20,956",KRYS,7.870728352613553e-05
,BSTJWN0,Alteogen Inc,196170,<0.01%,Biotechnology,KR,---,"$7,146,845.81","33,345",196170.KQ,7.868895235919066e-05
,2663520,Oshkosh Corp,OSK,<0.01%,Construction Machinery & Heavy Transportation Equipment,US,---,"$7,130,041.47","50,067",OSK,7.850393144998935e-05
,BDD19F8,Crinetics Pharmaceuticals Inc,CRNX,<0.01%,Pharmaceuticals,US,---,"$7,128,599.04","85,352",CRNX,7.848804985570722e-05
,BZ60N32,SBI Life Insurance Co Ltd,SBILIFE,<0.01%,Life & Health Insurance,IN,---,"$7,125,454.51","361,447",SBILIFE.NS,7.84534276212362e-05
,2547419,MGM Resorts International,MGM,<0.01%,Casinos & Gaming,US,---,"$7,122,464.28","159,804",MGM,7.842050427683107e-05
,B1VP0K0,Rexel SA,RXL,<0.01%,Trading Companies & Distributors,FR,---,"$7,121,075.88","171,610",RXL.PA,7.840521756932961e-05
,BLDDYB1,Chord Energy Corp,CHRD,<0.01%,Oil & Gas Exploration & Production,US,---,"$7,118,950.56","50,712",CHRD,7.83818171478466e-05
,2512149,Kratos Defense & Security Solutions Inc,KTOS,<0.01%,Aerospace & Defense,US,---,"$7,117,963.60","152,746",KTOS,7.837095041719575e-05
,BJ1C2K1,Element Solutions Inc,ESI,<0.01%,Specialty Chemicals,US,---,"$7,111,809.52","193,624",ESI,7.830319211922644e-05
,BBGVT40,News Corp,NWSA,<0.01%,Publishing,US,---,"$7,104,251.44","257,774",NWSA,7.821997535299724e-05
,6747204,Rohm Co Ltd,6963,<0.01%,Semiconductors,JP,---,"$7,101,128.78","267,800",6963.T,7.81855939138972e-05
,B1W0JF2,China CITIC Bank Corp Ltd,998,<0.01%,Diversified Banks,HK,---,"$7,091,047.77","7,191,525",0998.HK,7.807459891880263e-05
,BD83175,Hyosung Heavy Industries Corp,298040,<0.01%,Heavy Electrical Equipment,KR,---,"$7,090,842.97","4,363",298040.KS,7.807234400833281e-05
,6211732,Hanwha Ocean Co Ltd,042660,<0.01%,Construction Machinery & Heavy Transportation Equipment,KR,---,"$7,085,608.61","119,689",042660.KS,7.801471210810426e-05
,B0CCGJ4,Western Alliance Bancorp,WAL,<0.01%,Regional Banks,US,---,"$7,070,563.56","87,844",WAL,7.78490615184364e-05
,B7D65M0,Globus Medical Inc,GMED,<0.01%,Health Care Equipment,US,---,"$7,067,620.58","89,702",GMED,7.781665841094386e-05
,2339177,Finning International Inc,FTT,<0.01%,Trading Companies & Distributors,CA,---,"$7,067,583.62","106,649",FTT.TO,7.781625147007002e-05
,B128R96,Equatorial SA,EQTL3,<0.01%,Electric Utilities,BR,---,"$7,061,956.38","925,973",EQTL3.SA,7.775429384120189e-05
,7097328,Groupe Bruxelles Lambert NV,GBLB,<0.01%,Multi-Sector Holdings,BE,---,"$7,059,071.53","78,263",GBLB.BR,7.772253076274064e-05
,6247306,APA Group,APA,<0.01%,Gas Utilities,AU,---,"$7,058,310.97","986,706",APA.AX,7.771415676514822e-05
,4852832,Storebrand ASA,STB,<0.01%,Life & Health Insurance,NO,---,"$7,057,363.66","331,560",STB.OL,7.770372659309176e-05
,B64BRQ5,STAG Industrial Inc,STAG,<0.01%,Industrial REITs,US,---,"$7,054,187.50","184,375",STAG,7.766875610267269e-05
,B0CCH46,Heineken Holding NV,HEIO,<0.01%,Brewers,NL,---,"$7,046,644.51","83,763",HEIO.AS,7.758570548194636e-05
,2062161,Agree Realty Corp,ADC,<0.01%,Retail REITs,US,---,"$7,045,490.20","90,559",ADC,7.757299617674901e-05
,BN320L4,PrairieSky Royalty Ltd,PSK,<0.01%,Oil & Gas Exploration & Production,CA,---,"$7,041,829.80","284,730",PSK.TO,7.753269405622296e-05
,BMX6JW3,JFrog Ltd,FROG,<0.01%,Systems Software,US,---,"$7,031,413.96","88,124",FROG,7.741801248069574e-05
,6716538,Taiwan Union Technology Corp,6274,<0.01%,Electronic Components,TW,---,"$7,031,218.91","210,000",6274.TWO,7.741586492069995e-05
,2298386,Eastman Chemical Co,EMN,<0.01%,Specialty Chemicals,US,---,"$7,029,065.65","100,487",EMN,7.739215687129446e-05
,6410562,Harmony Gold Mining Co Ltd,HAR,<0.01%,Gold,ZA,---,"$7,024,501.15","445,205",HAR.JO,7.734190033399223e-05
,6459286,Infratil Ltd,IFT,<0.01%,Multi-Sector Holdings,NZ,---,"$7,020,008.72","808,685",IFT.NZ,7.729243730937341e-05
,0371847,Games Workshop Group PLC,GAW,<0.01%,Leisure Products,GB,---,"$7,015,792.82","27,216",GAW.L,7.724601896440409e-05
,B0704T9,Raiffeisen Bank International AG,RBI,<0.01%,Diversified Banks,AT,---,"$7,013,264.56","102,147",RBI.VI,7.721818205061291e-05
,2416962,Henry Schein Inc,HSIC,<0.01%,Health Care Distributors,US,---,"$7,002,173.50","81,658",HSIC,7.709606609692441e-05
,B0L6750,Sanlam Ltd,SLM,<0.01%,Life & Health Insurance,ZA,---,"$6,989,355.07","1,312,810",SLM.JO,7.695493127263896e-05
,2239556,Cullen/Frost Bankers Inc,CFR,<0.01%,Regional Banks,US,---,"$6,984,450.26","41,989",CFR,7.69009278184325e-05
,2897040,Toro Co/The,TTC,<0.01%,Agricultural & Farm Machinery,US,---,"$6,982,579.35","76,005",TTC,7.688032852865177e-05
,6107585,Gold Circuit Electronics Ltd,2368,<0.01%,Electronic Components,TW,---,"$6,977,152.98","291,100",2368.TW,7.682058253975472e-05
,4732495,Telenor ASA,TEL,<0.01%,Integrated Telecommunication Services,NO,---,"$6,970,338.53","493,078",TEL.OL,7.67455533666538e-05
,6202673,Advantech Co Ltd,2395,<0.01%,"Technology Hardware, Storage & Peripherals",TW,---,"$6,967,031.01","409,015",2395.TW,7.670913656256617e-05
,2923785,Universal Health Services Inc,UHS,<0.01%,Health Care Facilities,US,---,"$6,945,454.96","41,234",UHS,7.647157767075774e-05
,B9CGTC3,Norwegian Cruise Line Holdings Ltd,NCLH,<0.01%,"Hotels, Resorts & Cruise Lines",US,---,"$6,930,590.60","374,020",NCLH,7.630791653310547e-05
,BP3R273,China Merchants Bank Co Ltd,600036,<0.01%,Diversified Banks,CN,---,"$6,925,203.63","1,179,754",600036.SS,7.624860435022651e-05
,6177878,Discovery Ltd,DSY,<0.01%,Life & Health Insurance,ZA,---,"$6,914,433.95","434,764",DSY.JO,7.613002688836804e-05
,B03MP41,Aselsan Elektronik Sanayi Ve Ticaret AS,ASELS,<0.01%,Aerospace & Defense,TR,---,"$6,913,896.44","959,720",ASELS.IS,7.612410873931222e-05
,BD59BS7,Madrigal Pharmaceuticals Inc,MDGL,<0.01%,Biotechnology,US,---,"$6,912,130.12","14,791",MDGL,7.61046610173344e-05
,5393307,Banca Transilvania SA,TLV,<0.01%,Diversified Banks,RO,---,"$6,903,083.12","850,788",TLV.RO,7.600505078774229e-05
,2883890,Tetra Tech Inc,TTEK,<0.01%,Environmental & Facilities Services,US,---,"$6,895,588.84","207,949",TTEK,7.59225364789739e-05
,2296937,IDACORP Inc,IDA,<0.01%,Electric Utilities,US,---,"$6,887,547.45","48,195",IDA,7.583399832222142e-05
,BNRQW72,Lottery Corp Ltd/The,TLC,<0.01%,Casinos & Gaming,AU,---,"$6,876,983.81","1,755,235",TLC.AX,7.571768942361097e-05
,BCGCR79,Sprouts Farmers Market Inc,SFM,<0.01%,Food Retail,US,---,"$6,873,350.44","78,859",SFM,7.567768491162987e-05
,2891826,FormFactor Inc,FORM,<0.01%,Semiconductor Materials & Equipment,US,---,"$6,856,484.40","64,562",FORM,7.549198466660833e-05
,2943620,Watts Water Technologies Inc,WTS,<0.01%,Industrial Machinery & Supplies & Components,US,---,"$6,854,595.17","19,823",WTS,7.547118366803947e-05
,B5367T7,Booz Allen Hamilton Holding Corp,BAH,<0.01%,Research & Consulting Services,US,---,"$6,846,992.04","98,207",BAH,7.538747088756875e-05
,B4YVF56,Brenntag SE,BNR,<0.01%,Trading Companies & Distributors,DE,---,"$6,844,682.32","97,065",BNR.DE,7.53620401658385e-05
,BLD4QD0,Haier Smart Home Co Ltd,6690,<0.01%,Household Appliances,HK,---,"$6,828,281.11","2,368,600",6690.HK,7.518145784090332e-05
,6098032,Bezeq The Israeli Telecommunication Corp Ltd,BEZQ,<0.01%,Integrated Telecommunication Services,IL,---,"$6,817,873.03","2,845,488",BEZQ.TA,7.506686170534311e-05
,BV6JKC9,QIAGEN NV,QIA,<0.01%,Life Sciences Tools & Services,DE,---,"$6,808,368.28","165,457",QIA.DE,7.496221150862423e-05
,BPF0FP9,On Holding AG,ONON,<0.01%,Footwear,US,---,"$6,781,663.68","187,132",ONON,7.466818571696225e-05
,BG0Q4Z2,Jefferies Financial Group Inc,JEF,<0.01%,Investment Banking & Brokerage,US,---,"$6,772,802.40","124,044",JEF,7.457062032122002e-05
,2162760,CAE Inc,CAE,<0.01%,Aerospace & Defense,CA,---,"$6,769,943.37","262,457",CAE.TO,7.453914152883462e-05
,BMF5Q83,FirstCash Holdings Inc,FCFS,<0.01%,Consumer Finance,US,---,"$6,756,199.17","33,117",FCFS,7.438781369446298e-05
,2898087,DaVita Inc,DVA,<0.01%,Health Care Services,US,---,"$6,755,172.24","28,136",DVA,7.437650688192015e-05
,BP8XZL1,HealthEquity Inc,HQY,<0.01%,Managed Health Care,US,---,"$6,746,805.99","67,059",HQY,7.428439191747614e-05
,BLLHKZ1,WH Group Ltd,288,<0.01%,Packaged Foods & Meats,HK,---,"$6,746,595.81","6,270,258",0288.HK,7.428207777156525e-05
,BW0BGZ3,CAR Group Ltd,CAR,<0.01%,Interactive Media & Services,AU,---,"$6,744,135.61","369,362",CAR.AX,7.425499021913435e-05
,BDCBCD8,Protagonist Therapeutics Inc,PTGX,<0.01%,Biotechnology,US,---,"$6,742,364.16","49,344",PTGX,7.423548601429174e-05
,BYZFYS3,SPIE SA,SPIE,<0.01%,Diversified Support Services,FR,---,"$6,737,865.37","125,284",SPIE.PA,7.418595296413293e-05
,7184725,Swatch Group AG/The,UHR,<0.01%,"Apparel, Accessories & Luxury Goods",CH,---,"$6,732,334.36","30,112",UHR.SW,7.412505485691769e-05
,6173694,Capcom Co Ltd,9697,<0.01%,Interactive Home Entertainment,JP,---,"$6,727,231.52","267,800",9697.T,7.406887103200646e-05
,2360757,First Industrial Realty Trust Inc,FR,<0.01%,Industrial REITs,US,---,"$6,699,351.68","101,752",FR,7.37619054894629e-05
,6307200,Eisai Co Ltd,4523,<0.01%,Pharmaceuticals,JP,---,"$6,694,994.08","222,700",4523.T,7.371392698427105e-05
,BMTX0G9,Corebridge Financial Inc,CRBG,<0.01%,Diversified Financial Services,US,---,"$6,690,816.42","214,518",CRBG,7.366792967336601e-05
,BN48ZR2,Phillips Edison & Co Inc,PECO,<0.01%,Retail REITs,US,---,"$6,675,051.53","157,097",PECO,7.349435342572651e-05
,5258246,Subsea 7 SA,SUBC,<0.01%,Oil & Gas Equipment & Services,NO,---,"$6,674,267.77","197,529",SUBC.OL,7.348572398905743e-05
,2983563,CarMax Inc,KMX,<0.01%,Automotive Retail,US,---,"$6,672,049.72","116,522",KMX,7.346130258198915e-05
,6870564,Taiyo Yuden Co Ltd,6976,<0.01%,Electronic Components,JP,---,"$6,666,472.60","107,800",6976.T,7.339989678960904e-05
,BJYRDP5,Gaztransport Et Technigaz SA,GTT,<0.01%,Oil & Gas Storage & Transportation,FR,---,"$6,655,812.82","29,448",GTT.PA,7.32825293602732e-05
,6194037,Kakao Corp,035720,<0.01%,Interactive Media & Services,KR,---,"$6,652,829.85","258,152",035720.KS,7.324968595068254e-05
,2211811,NNN REIT Inc,NNN,<0.01%,Retail REITs,US,---,"$6,650,804.16","139,958",NNN,7.322738248588954e-05
,BPCR7W4,DPM Metals Inc,DPM,<0.01%,Gold,CA,---,"$6,634,775.02","188,737",DPM.TO,7.305089676514627e-05
,BW0WZZ9,Viper Energy Inc,VNOM,<0.01%,Oil & Gas Exploration & Production,US,---,"$6,626,949.33","148,553",VNOM,7.296473353118842e-05
,BN2RYW9,NOV Inc,NOV,<0.01%,Oil & Gas Equipment & Services,US,---,"$6,618,479.76","340,632",NOV,7.287148098202885e-05
,2321583,ESCO Technologies Inc,ESE,<0.01%,Industrial Machinery & Supplies & Components,US,---,"$6,614,153.62","20,978",ESE,7.28238488610332e-05
,BMQ8XV3,StoneX Group Inc,SNEX,<0.01%,Investment Banking & Brokerage,US,---,"$6,603,243.66","86,238",SNEX,7.270372687358533e-05
,BN770G0,Compass Inc,COMP,<0.01%,Real Estate Services,US,---,"$6,603,215.82","579,738",COMP,7.270342034669335e-05
,B3P6D26,Alkermes PLC,ALKS,<0.01%,Biotechnology,US,---,"$6,581,512.56","134,344",ALKS,7.246446083398221e-05
,6801575,Shoprite Holdings Ltd,SHP,<0.01%,Food Retail,ZA,---,"$6,571,098.36","377,802",SHP.JO,7.234979731535525e-05
,2356585,Fulton Financial Corp,FULT,<0.01%,Regional Banks,US,---,"$6,570,803.10","270,070",FULT,7.234654641269255e-05
,6352493,King Yuan Electronics Co Ltd,2449,<0.01%,Semiconductors,TW,---,"$6,559,993.10","971,250",2449.TW,7.222752501533531e-05
,BD6FXN3,Redeia Corp SA,RED,<0.01%,Electric Utilities,ES,---,"$6,535,844.08","370,575",RED.MC,7.19616369389979e-05
,B5LMKP4,NEXTDC Ltd,NXT,<0.01%,Internet Services & Infrastructure,AU,---,"$6,535,544.60","694,857",NXT.AX,7.195833957284797e-05
,7153639,Erste Bank Polska SA,EBP,<0.01%,Diversified Banks,PL,---,"$6,522,106.42","33,081",EBP.WA,7.181038111202115e-05
,BG49KP9,Tritax Big Box REIT PLC,BBOX,<0.01%,Industrial REITs,GB,---,"$6,505,833.83","2,829,708",BBOX.L,7.163121493251873e-05
,6365866,GPT Group/The,GPT,<0.01%,Diversified REITs,AU,---,"$6,487,868.05","1,801,244",GPT.AX,7.143340621464522e-05
,6805265,Shiseido Co Ltd,4911,<0.01%,Personal Care Products,JP,---,"$6,473,264.08","327,700",4911.T,7.127261205031931e-05
,BMWP7H2,Dutch Bros Inc,BROS,<0.01%,Restaurants,US,---,"$6,472,010.62","98,314",BROS,7.12588110733784e-05
,B1TK1Y8,Fukuoka Financial Group Inc,8354,<0.01%,Regional Banks,JP,---,"$6,461,780.04","141,364",8354.T,7.114616926696073e-05
,B012877,PSP Swiss Property AG,PSPN,<0.01%,Real Estate Operating Companies,CH,---,"$6,451,491.17","35,759",PSPN.SW,7.103288566986296e-05
,0136701,British Land Co PLC/The,BLND,<0.01%,Diversified REITs,GB,---,"$6,446,320.83","1,078,047",BLND.L,7.097595864936232e-05
,2465737,InterDigital Inc,IDCC,<0.01%,Application Software,US,---,"$6,434,246.10","21,108",IDCC,7.08430121889265e-05
,B8QV5C9,Ryman Hospitality Properties Inc,RHP,<0.01%,Hotel & Resort REITs,US,---,"$6,431,505.30","48,122",RHP,7.081283514490459e-05
,BPBLV81,Vibra Energia SA,VBBR3,<0.01%,Automotive Retail,BR,---,"$6,417,407.06","902,380",VBBR3.SA,7.065760922214071e-05
,0096162,Balfour Beatty PLC,BBY,<0.01%,Construction & Engineering,GB,---,"$6,414,353.75","550,223",BBY.L,7.06239913476944e-05
,6196152,CITIC Ltd,267,<0.01%,Industrial Conglomerates,HK,---,"$6,414,158.29","4,075,000",0267.HK,7.062183927347354e-05
,6776349,Sanrio Co Ltd,8136,<0.01%,Other Specialty Retail,JP,---,"$6,411,111.42","798,980",8136.T,7.058829230539158e-05
,BMF0P92,Aurora Innovation Inc,AUR,<0.01%,Application Software,US,---,"$6,406,823.70","993,306",AUR,7.054108320031514e-05
,BQV0SV7,Zalando SE,ZAL,<0.01%,Apparel Retail,DE,---,"$6,376,204.73","195,498",ZAL.DE,7.020395900095907e-05
,BD3DWQ6,BSE Ltd,BSE,<0.01%,Financial Exchanges & Data,IN,---,"$6,365,032.99","166,642",BSE.NS,7.008095473586087e-05
,2764188,SM Energy Co,SM,<0.01%,Oil & Gas Exploration & Production,US,---,"$6,363,643.68","195,684",SM,7.006565800898182e-05
,7268298,Public Power Corp SA,PPC,<0.01%,Electric Utilities,GR,---,"$6,360,671.51","246,843",PPC.AT,7.00329335106855e-05
,6957995,West Japan Railway Co,9021,<0.01%,Rail Transportation,JP,---,"$6,356,560.33","336,864",9021.T,6.998766816485876e-05
,6743956,Weichai Power Co Ltd,2338,<0.01%,Construction Machinery & Heavy Transportation Equipment,HK,---,"$6,340,373.06","1,516,400",2338.HK,6.980944138458136e-05
,BD8FDD1,Trade Desk Inc/The,TTD,<0.01%,Advertising,US,---,"$6,336,135.08","351,227",TTD,6.976277993207701e-05
,B8F0TD6,Talanx AG,TLX,<0.01%,Multi-line Insurance,DE,---,"$6,321,948.34","47,564",TLX.DE,6.960657959731811e-05
,BQ721R4,Praxis Precision Medicines Inc,PRAX,<0.01%,Biotechnology,US,---,"$6,321,904.71","20,537",PRAX,6.960609921770973e-05
,6346913,LG Chem Ltd,051910,<0.01%,Commodity Chemicals,KR,---,"$6,321,337.70","35,690",051910.KS,6.959985626465556e-05
,BWTN5N1,Etsy Inc,ETSY,<0.01%,Broadline Retail,US,---,"$6,303,899.04","77,178",ETSY,6.940785129876864e-05
,BP3R2M8,China Yangtze Power Co Ltd,600900,<0.01%,Renewable Electricity,CN,---,"$6,303,849.08","1,462,294",600900.SS,6.940730122392942e-05
,BR9YYP4,Qorvo Inc,QRVO,<0.01%,Semiconductors,US,---,"$6,292,531.89","69,477",QRVO,6.928269550996483e-05
,6594143,Sojitz Corp,2768,<0.01%,Trading Companies & Distributors,JP,---,"$6,286,485.44","188,159",2768.T,6.921612225112574e-05
,BRBTW19,J&T Global Express Ltd,1519,<0.01%,Air Freight & Logistics,HK,---,"$6,285,715.82","4,886,400",1519.HK,6.920764850016976e-05
,BQB7ZL7,Midea Group Co Ltd,300,<0.01%,Household Appliances,HK,---,"$6,273,843.36","495,182",0300.HK,6.907692909413203e-05
,6986041,Yaskawa Electric Corp,6506,<0.01%,Industrial Machinery & Supplies & Components,JP,---,"$6,273,079.20","210,663",6506.T,6.906851545944153e-05
,BVZHXQ9,Hiscox Ltd,HSX,<0.01%,Property & Casualty Insurance,GB,---,"$6,261,968.57","256,492",HSX.L,6.89461840340836e-05
,B15F6S6,Charter Hall Group,CHC,<0.01%,Diversified REITs,AU,---,"$6,236,390.84","381,392",CHC.AX,6.8664565424849e-05
,6555805,Makita Corp,6586,<0.01%,Industrial Machinery & Supplies & Components,JP,---,"$6,232,713.23","193,500",6586.T,6.862407381697343e-05
,0673123,Associated British Foods PLC,ABF,<0.01%,Packaged Foods & Meats,GB,---,"$6,215,207.01","221,225",ABF.L,6.84313249948788e-05
,BD1MGQ3,Kinsale Capital Group Inc,KNSL,<0.01%,Property & Casualty Insurance,US,---,"$6,209,549.24","17,422",KNSL,6.836903122139816e-05
,7751259,Yara International ASA,YAR,<0.01%,Fertilizers & Agricultural Chemicals,NO,---,"$6,202,242.98","131,482",YAR.OL,6.82885870701812e-05
,BMHVLR3,Tenaris SA,TEN,<0.01%,Oil & Gas Equipment & Services,IT,---,"$6,197,271.87","216,011",TEN.MI,6.823385363275137e-05
,2516378,Lincoln National Corp,LNC,<0.01%,Life & Health Insurance,US,---,"$6,193,245.07","135,787",LNC,6.818951733646293e-05
,6467104,Isuzu Motors Ltd,7202,<0.01%,Automobile Manufacturers,JP,---,"$6,187,431.36","414,720",7202.T,6.812550661601614e-05
,2910118,UGI Corp,UGI,<0.01%,Gas Utilities,US,---,"$6,186,453.00","171,275",UGI,6.811473457398853e-05
,B62G1B5,Edenred SE,EDEN,<0.01%,Transaction & Payment Processing Services,FR,---,"$6,184,620.79","187,841",EDEN.PA,6.809456138301241e-05
,6777450,Sasol Ltd,SOL,<0.01%,Diversified Chemicals,ZA,---,"$6,184,383.60","521,871",SOL.JO,6.809194984876271e-05
,BD2P9X9,Knorr-Bremse AG,KBX,<0.01%,Construction Machinery & Heavy Transportation Equipment,DE,---,"$6,180,494.21","51,965",KBX.DE,6.804912647848823e-05
,BF1HPT8,Food & Life Cos Ltd,3563,<0.01%,Restaurants,JP,---,"$6,179,679.04","177,000",3563.T,6.80401512081382e-05
,B4TPSL0,Alchip Technologies Ltd,3661,<0.01%,Semiconductors,TW,---,"$6,172,791.40","66,882",3661.TW,6.796431619081226e-05
,2416779,Hexcel Corp,HXL,<0.01%,Aerospace & Defense,US,---,"$6,167,322.70","59,906",HXL,6.790410413570334e-05
,BNGDN82,Melrose Industries PLC,MRO,<0.01%,Aerospace & Defense,GB,---,"$6,160,060.95","1,001,428",MRO.L,6.782415005316322e-05
,B611LV1,Tata Motors Passenger Vehicles Limited,TMPV,<0.01%,Automobile Manufacturers,IN,---,"$6,158,252.29","1,730,063",TMPV.NS,6.78042361548705e-05
,BSFWCF5,Axalta Coating Systems Ltd,AXTA,<0.01%,Specialty Chemicals,US,---,"$6,147,538.51","171,671",AXTA,6.76862741690631e-05
,6229597,Rakuten Group Inc,4755,<0.01%,Broadline Retail,JP,---,"$6,145,916.50","1,178,700",4755.T,6.766841534420395e-05
,2415497,Hancock Whitney Corp,HWC,<0.01%,Regional Banks,US,---,"$6,139,210.00","79,730",HWC,6.759457473353084e-05
,BMZ8604,Cipher Digital Inc,CIFR,<0.01%,Application Software,US,---,"$6,138,200.88","275,009",CIFR,6.758346401452058e-05
,2626103,National Fuel Gas Co,NFG,<0.01%,Gas Utilities,US,---,"$6,137,774.39","74,569",NFG,6.757876822952899e-05
,B828K63,TG Therapeutics Inc,TGTX,<0.01%,Biotechnology,US,---,"$6,135,949.93","117,931",TGTX,6.755868036841686e-05
,2731654,Repligen Corp,RGEN,<0.01%,Life Sciences Tools & Services,US,---,"$6,135,204.09","43,509",RGEN,6.755046844251445e-05
,BMFX6P4,Jackson Financial Inc,JXN,<0.01%,Diversified Financial Services,US,---,"$6,124,516.08","50,086",JXN,6.743279019226764e-05
,6628008,Nedbank Group Ltd,NED,<0.01%,Diversified Banks,ZA,---,"$6,124,101.79","362,039",NED.JO,6.742822873299742e-05
,5108664,HOCHTIEF AG,HOT,<0.01%,Construction & Engineering,DE,---,"$6,118,516.20","11,938",HOT.DE,6.736672968333373e-05
,2809250,Simpson Manufacturing Co Inc,SSD,<0.01%,Building Products,US,---,"$6,111,687.96","32,554",SSD,6.729154867812646e-05
,BNDLH43,Nordnet AB publ,SAVE,<0.01%,Investment Banking & Brokerage,SE,---,"$6,111,500.06","159,531",SAVE.ST,6.728947984181162e-05
,6985264,Yamaha Motor Co Ltd,7272,<0.01%,Motorcycle Manufacturers,JP,---,"$6,111,381.17","730,600",7272.T,6.72881708266468e-05
,2963811,Wynn Resorts Ltd,WYNN,<0.01%,Casinos & Gaming,US,---,"$6,093,959.53","61,363",WYNN,6.709635325615146e-05
,BKY83Q6,Oscar Health Inc,OSCR,<0.01%,Life & Health Insurance,US,---,"$6,079,720.36","194,738",OSCR,6.693957565109993e-05
,BKSHP63,NIPPON EXPRESS HOLDINGS INC,9147,<0.01%,Air Freight & Logistics,JP,---,"$6,069,279.17","183,900",9147.T,6.682461496434023e-05
,6055208,AGC Inc,5201,<0.01%,Building Products,JP,---,"$6,068,020.40","160,900",5201.T,6.68107555226796e-05
,B86SZR5,ALS Ltd,ALQ,<0.01%,Research & Consulting Services,AU,---,"$6,065,336.12","401,858",ALQ.AX,6.678120078109791e-05
,6490809,Kikkoman Corp,2801,<0.01%,Packaged Foods & Meats,JP,---,"$6,062,485.21","588,650",2801.T,6.674981139238933e-05
,B61KF83,Capital Power Corp,CPX,<0.01%,Independent Power Producers & Energy Traders,CA,---,"$6,059,607.71","128,961",CPX.TO,6.671812923967004e-05
,2696838,Fluor Corp,FLR,<0.01%,Construction & Engineering,US,---,"$6,057,475.63","120,739",FLR,6.669465438852505e-05
,7127979,LPP SA,LPP,<0.01%,"Apparel, Accessories & Luxury Goods",PL,---,"$6,037,918.57","1,038",LPP.WA,6.647932519246593e-05
,2020415,Hanover Insurance Group Inc/The,THG,<0.01%,Property & Casualty Insurance,US,---,"$6,036,981.13","25,951",THG,6.646900369212009e-05
,BNHPMD5,Cambricon Technologies Corp Ltd,688256,<0.01%,Semiconductors,CN,---,"$6,029,548.30","36,857",688256.SS,6.638716596659569e-05
,BL95MY0,Paycom Software Inc,PAYC,<0.01%,Human Resource & Employment Services,US,---,"$5,991,918.20","36,545",PAYC,6.597284708734573e-05
,BNGNB77,Merlin Properties Socimi SA,MRL,<0.01%,Diversified REITs,ES,---,"$5,985,887.42","344,410",MRL.MC,6.590644635998641e-05
,6804400,Shimizu Corp,1803,<0.01%,Construction & Engineering,JP,---,"$5,985,134.45","406,300",1803.T,6.589815593060916e-05
,7106354,NKT A/S,NKT,<0.01%,Electrical Components & Equipment,DK,---,"$5,976,921.71","43,791",NKT.CO,6.580773115809005e-05
,BMZMBC3,South Bow Corp,SOBO,<0.01%,Oil & Gas Storage & Transportation,CA,---,"$5,975,669.89","161,158",SOBO.TO,6.579394823804937e-05
,B01B1L9,China Mengniu Dairy Co Ltd,2319,<0.01%,Packaged Foods & Meats,HK,---,"$5,957,840.40","2,469,236",2319.HK,6.55976401146482e-05
,B1G5XP1,Aedifica SA,AED,<0.01%,Health Care REITs,BE,---,"$5,954,035.16","73,630",AED.BR,6.555574326154185e-05
,2213260,Commercial Metals Co,CMC,<0.01%,Steel,US,---,"$5,949,983.76","86,583",CMC,6.55111361117497e-05
,2833583,First Majestic Silver Corp,AG,<0.01%,Silver,CA,---,"$5,949,088.70","396,375",AG.TO,6.550128122813097e-05
,2333986,Federal Signal Corp,FSS,<0.01%,Construction Machinery & Heavy Transportation Equipment,US,---,"$5,948,369.70","47,606",FSS,6.549336481881554e-05
,6129222,ASX Ltd,ASX,<0.01%,Financial Exchanges & Data,AU,---,"$5,947,411.93","154,183",ASX.AX,6.548281947896847e-05
,B0M0C89,SUMCO Corp,3436,<0.01%,Semiconductor Materials & Equipment,JP,---,"$5,940,959.15","292,226",3436.T,6.541177240288718e-05
,6911485,Unicharm Corp,8113,<0.01%,Household Products,JP,---,"$5,940,174.72","936,500",8113.T,6.540313558931373e-05
,BY7QXS7,Vicinity Ltd,VCX,<0.01%,Retail REITs,AU,---,"$5,936,823.41","3,158,984",VCX.AX,6.536623664396893e-05
,B1VQF42,Orkla ASA,ORK,<0.01%,Packaged Foods & Meats,NO,---,"$5,932,418.68","534,070",ORK.OL,6.531773922310109e-05
,6458001,Orica Ltd,ORI,<0.01%,Commodity Chemicals,AU,---,"$5,897,616.96","361,028",ORI.AX,6.493456167038739e-05
,6850856,Stockland,SGP,<0.01%,Diversified REITs,AU,---,"$5,893,417.73","1,968,824",SGP.AX,6.488832686720292e-05
,BD9F675,Riot Platforms Inc,RIOT,<0.01%,Application Software,US,---,"$5,884,073.08","291,724",RIOT,6.478543942031907e-05
,6348544,Formosa Plastics Corp,1301,<0.01%,Commodity Chemicals,TW,---,"$5,883,623.04","3,499,089",1301.TW,6.478048434264409e-05
,BHZJ5Y9,Eldorado Gold Corp,ELD,<0.01%,Gold,CA,---,"$5,880,542.20","194,839",ELD.TO,6.474656335450033e-05
,2677606,Axis Capital Holdings Ltd,AXS,<0.01%,Property & Casualty Insurance,US,---,"$5,862,005.88","55,659",AXS,6.454247281719591e-05
,BN4L6W3,Maplebear Inc,CART,<0.01%,Food Retail,US,---,"$5,859,235.80","131,373",CART,6.451197339144279e-05
,2190084,Chemed Corp,CHE,<0.01%,Health Care Services,US,---,"$5,856,346.75","11,003",CHE,6.448016406970042e-05
,2568131,Silicon Laboratories Inc,SLAB,<0.01%,Semiconductors,US,---,"$5,849,010.00","26,892",SLAB,6.439938421428317e-05
,B2Q4CL4,Isetan Mitsukoshi Holdings Ltd,3099,<0.01%,Broadline Retail,JP,---,"$5,843,204.28","261,800",3099.T,6.433546146617356e-05
,6243898,Commercial International Bank - Egypt (CIB),COMI,<0.01%,Diversified Banks,EG,---,"$5,840,633.92","2,107,877",COMI.CA,6.43071610185407e-05
,B4NFPK4,First American Financial Corp,FAF,<0.01%,Property & Casualty Insurance,US,---,"$5,838,496.43","77,857",FAF,6.42836266016455e-05
,2437264,Hormel Foods Corp,HRL,<0.01%,Packaged Foods & Meats,US,---,"$5,830,406.23","233,123",HRL,6.419455103190457e-05
,B0D0006,BIM Birlesik Magazalar AS,BIMAS,<0.01%,Food Retail,TR,---,"$5,827,402.45","709,495",BIMAS.IS,6.416147849786631e-05
,6543792,JFE Holdings Inc,5411,<0.01%,Steel,JP,---,"$5,819,425.54","512,900",5411.T,6.407365028558205e-05
,6084848,LY Corp,4689,<0.01%,Interactive Media & Services,JP,---,"$5,815,445.57","2,087,200",4689.T,6.402982960187809e-05
,BRDVMB3,NEWMONT CORP-CDI,NEM,<0.01%,Gold,AU,CDI,"$5,811,702.82","60,975",NEM.AX,6.398862078273297e-05
,6250906,Dai Nippon Printing Co Ltd,7912,<0.01%,Commercial Printing,JP,---,"$5,807,747.81","320,300",7912.T,6.39450749162425e-05
,BMCNFN8,Applied Digital Corp,APLD,<0.01%,Internet Services & Infrastructure,US,---,"$5,799,476.43","211,737",APLD,6.385400449943652e-05
,0242493,DCC Energy plc,DCC,<0.01%,Oil & Gas Refining & Marketing,GB,---,"$5,790,193.89","67,717",DCC.L,6.3751800902598e-05
,BPW6WJ3,UL Solutions Inc,ULS,<0.01%,Research & Consulting Services,US,---,"$5,787,066.00","63,150",ULS,6.371736187960266e-05
,B3N4753,Terreno Realty Corp,TRNO,<0.01%,Industrial REITs,US,---,"$5,777,856.00","80,640",TRNO,6.361595697029091e-05
,BD8GL18,Postal Savings Bank of China Co Ltd,1658,<0.01%,Diversified Banks,HK,---,"$5,776,772.07","8,919,000",1658.HK,6.360402257036146e-05
,B0BV2M7,Builders FirstSource Inc,BLDR,<0.01%,Building Products,US,---,"$5,774,233.96","86,909",BLDR,6.357607720506576e-05
,B020GQ5,EnerSys,ENS,<0.01%,Electrical Components & Equipment,US,---,"$5,769,968.65","31,013",ENS,6.3529114840925e-05
,B0B8Z29,Bank of Communications Co Ltd,3328,<0.01%,Diversified Banks,HK,---,"$5,766,452.73","5,985,058",3328.HK,6.349040348926947e-05
,6010702,Aisin Corp,7259,<0.01%,Automotive Parts & Equipment,JP,---,"$5,762,843.19","418,000",7259.T,6.345066135285719e-05
,2328595,Banco do Brasil SA,BBAS3,<0.01%,Diversified Banks,BR,---,"$5,762,686.84","1,368,240",BBAS3.SA,6.344893989166598e-05
,BDQZFJ3,Lamb Weston Holdings Inc,LW,<0.01%,Packaged Foods & Meats,US,---,"$5,762,422.80","109,656",LW,6.34460327307263e-05
,BYRJ5J1,Primary Health Properties PLC,PHP,<0.01%,Health Care REITs,GB,---,"$5,744,443.33","4,507,126",PHP.L,6.324807328177696e-05
,2066505,Avnet Inc,AVT,<0.01%,Technology Distributors,US,---,"$5,740,751.96","64,619",AVT,6.320743017210418e-05
,2849739,ITAU UNIBANCO H-SPON PRF ADR,ITUB,<0.01%,Diversified Banks,US,ADR,"$5,734,247.22","677,807",ITUB,6.313581100057361e-05
,2543967,Macerich Co/The,MAC,<0.01%,Retail REITs,US,---,"$5,732,965.76","221,864",MAC,6.312170173509189e-05
,BK4Y052,XP Inc,XP,<0.01%,Investment Banking & Brokerage,US,---,"$5,724,585.36","335,556",XP,6.302943097483173e-05
,B7F4TJ7,PBF Energy Inc,PBF,<0.01%,Oil & Gas Refining & Marketing,US,---,"$5,719,444.12","79,129",PBF,6.29728243542074e-05
,B3BRJZ8,JBT Marel Corp,JBTM,<0.01%,Industrial Machinery & Supplies & Components,US,---,"$5,719,226.41","41,303",JBTM,6.297042730069965e-05
,2884224,Terex Corp,TEX,<0.01%,Construction Machinery & Heavy Transportation Equipment,US,---,"$5,713,161.44","90,916",TEX,6.290365013101145e-05
,B3NPHP6,Mosaic Co/The,MOS,<0.01%,Fertilizers & Agricultural Chemicals,US,---,"$5,708,928.68","258,089",MOS,6.285704615229933e-05
,B17ZL56,Mineral Resources Ltd,MIN,<0.01%,Diversified Metals & Mining,AU,---,"$5,708,294.65","140,453",MIN.AX,6.285006528860218e-05
,2616137,Bruker Corp,BRKR,<0.01%,Life Sciences Tools & Services,US,---,"$5,707,065.96","90,819",BRKR,6.28365370369168e-05
,BVYVFW2,Autotrader Group PLC,AUTO,<0.01%,Interactive Media & Services,GB,---,"$5,698,340.06","806,995",AUTO.L,6.27404622162693e-05
,BBGVT51,News Corp,NWS,<0.01%,Publishing,US,---,"$5,693,422.71","182,073",NWS,6.26863206928378e-05
,2933632,Vornado Realty Trust,VNO,<0.01%,Office REITs,US,---,"$5,692,800.36","144,524",VNO,6.267946842950337e-05
,BKPVGH6,Vaxcyte Inc,PCVX,<0.01%,Biotechnology,US,---,"$5,684,024.32","105,104",PCVX,6.258284155216174e-05
,BMD2L36,FULL TRUCK ALLIANCE -SPN ADR,YMM,<0.01%,Cargo Ground Transportation,US,ADR,"$5,671,015.22","597,578",YMM,6.243960739301651e-05
,3319521,Kingfisher PLC,KGF,<0.01%,Home Improvement Retail,GB,---,"$5,659,469.28","1,356,556",KGF.L,6.231248307177668e-05
,BYSZB89,OneMain Holdings Inc,OMF,<0.01%,Consumer Finance,US,---,"$5,658,733.92","90,424",OMF,6.230438653387097e-05
,6324500,Evergreen Marine Corp Taiwan Ltd,2603,<0.01%,Marine Transportation,TW,---,"$5,653,704.85","899,608",2603.TW,6.224901493916169e-05
,0766937,St James's Place PLC,STJ,<0.01%,Asset Management & Custody Banks,GB,---,"$5,651,656.74","397,755",STJ.L,6.222646462332993e-05
,6190950,China Steel Corp,2002,<0.01%,Steel,TW,---,"$5,651,627.76","9,659,678",2002.TW,6.222614554469022e-05
,5636927,thyssenkrupp AG,TKA,<0.01%,Steel,DE,---,"$5,631,548.54","401,311",TKA.DE,6.200506720775744e-05
,BXDZ972,Tryg A/S,TRYG,<0.01%,Property & Casualty Insurance,DK,---,"$5,629,606.68","236,562",TRYG.CO,6.198368673683495e-05
,2161778,City Holding Co,CHCO,<0.01%,Regional Banks,US,---,"$5,629,542.45","38,795",CHCO,6.198297954494298e-05
,BDC6HG1,First Hawaiian Inc,FHB,<0.01%,Regional Banks,US,---,"$5,626,974.78","202,482",FHB,6.195470871503066e-05
,BFPM3C8,Hyundai Rotem Co Ltd,064350,<0.01%,Construction Machinery & Heavy Transportation Equipment,KR,---,"$5,623,739.74","60,516",064350.KS,6.19190899378515e-05
,BYT1DJ1,ICG PLC,ICG,<0.01%,Asset Management & Custody Banks,GB,---,"$5,616,287.49","219,971",ICG.L,6.183703839220346e-05
,BJBT0Q4,Antero Midstream Corp,AM,<0.01%,Oil & Gas Storage & Transportation,US,---,"$5,614,697.14","255,562",AM,6.181952815360151e-05
,B5B82X4,Hyatt Hotels Corp,H,<0.01%,"Hotels, Resorts & Cruise Lines",US,---,"$5,611,694.40","32,240",H,6.178646707028048e-05
,BMV4NR2,Kyoto Financial Group Inc,5844,<0.01%,Regional Banks,JP,---,"$5,609,268.98","203,500",5844.T,6.175976245625845e-05
,6821120,Sonic Healthcare Ltd,SHL,<0.01%,Health Care Services,AU,---,"$5,603,802.47","366,154",SHL.AX,6.169957451371753e-05
,BPJJWP1,OR Royalties Inc,OR,<0.01%,Gold,CA,---,"$5,601,194.95","188,479",OR.TO,6.167086492314982e-05
,BQZDHW6,Hygon Information Technology Co Ltd,688041,<0.01%,Semiconductors,CN,---,"$5,600,692.58","136,497",688041.SS,6.166533367621269e-05
,BYTBXV3,Ryanair Holdings PLC,RYA,<0.01%,Passenger Airlines,IE,---,"$5,598,035.34","199,634",RYA.IR,6.163607665327897e-05
,BN7CQS9,Blue Owl Capital Inc,OWL,<0.01%,Asset Management & Custody Banks,US,---,"$5,592,498.30","542,961",OWL,6.15751121539244e-05
,BG20N99,Foxconn Industrial Internet Co Ltd,601138,<0.01%,Electronic Manufacturing Services,CN,---,"$5,590,459.83","665,900",601138.SS,6.155266797743311e-05
,BKLNP13,Equinox Gold Corp,EQX,<0.01%,Gold,CA,---,"$5,587,665.67","623,652",EQX.TO,6.152190342353491e-05
,B61X7R5,SITC International Holdings Co Ltd,1308,<0.01%,Marine Transportation,HK,---,"$5,576,225.11","1,106,000",1308.HK,6.139593936823896e-05
,BPY0594,Gates Industrial Corp Ltd,GTES,<0.01%,Industrial Machinery & Supplies & Components,US,---,"$5,564,718.36","198,882",GTES,6.126924654085319e-05
,6644800,Nitori Holdings Co Ltd,9843,<0.01%,Homefurnishing Retail,JP,---,"$5,559,429.31","344,600",9843.T,6.121101248704262e-05
,BMJ1825,EXOR NV,EXO,<0.01%,Multi-Sector Holdings,NL,---,"$5,558,887.45","69,416",EXO.AS,6.120504644315991e-05
,2493534,Kirby Corp,KEX,<0.01%,Marine Transportation,US,---,"$5,558,368.90","42,385",KEX,6.119933704948742e-05
,BLH11J8,Procore Technologies Inc,PCOR,<0.01%,Application Software,US,---,"$5,553,842.31","101,403",PCOR,6.114949791284882e-05
,B125XQ6,Portland General Electric Co,POR,<0.01%,Electric Utilities,US,---,"$5,547,257.16","112,452",POR,6.107699340269093e-05
,BMV1ZD3,Zurn Elkay Water Solutions Corp,ZWS,<0.01%,Building Products,US,---,"$5,536,148.55","109,605",ZWS,6.095468421814915e-05
,B00XSF9,Sino Biopharmaceutical Ltd,1177,<0.01%,Pharmaceuticals,HK,---,"$5,524,215.81","8,610,250",1177.HK,6.082330111092431e-05
,BP6QXH4,Grupo Cibest SA,CIBEST,<0.01%,Diversified Banks,CO,---,"$5,522,549.86","194,853",CIBEST.CL,6.080495849326222e-05
,BM91201,Ampol Ltd,ALD,<0.01%,Oil & Gas Refining & Marketing,AU,---,"$5,513,385.73","195,412",ALD.AX,6.070405862664213e-05
,BPQWHP8,Healthcare Realty Trust Inc,HR,<0.01%,Health Care REITs,US,---,"$5,496,636.20","261,620",HR,6.051964119225944e-05
,BZ0RDZ1,LIG Defense&Aerospace Co Ltd,079550,<0.01%,Aerospace & Defense,KR,---,"$5,476,463.66","11,208",079550.KS,6.029753537366142e-05
,2055718,Associated Banc-Corp,ASB,<0.01%,Regional Banks,US,---,"$5,466,964.32","177,039",ASB,6.019294474269274e-05
,BMCCXH5,D-Wave Quantum Inc,QBTS,<0.01%,Application Software,US,---,"$5,465,638.24","302,303",QBTS,6.0178344197400655e-05
,2213204,Commerce Bancshares Inc/MO,CBSH,<0.01%,Regional Banks,US,---,"$5,462,619.55","92,165",CBSH,6.0145107499714406e-05
,BFMBMT8,Sensata Technologies Holding PLC,ST,<0.01%,Electrical Components & Equipment,US,---,"$5,453,147.16","117,804",ST,6.004081359646625e-05
,2810133,Simmons First National Corp,SFNC,<0.01%,Regional Banks,US,---,"$5,448,841.79","230,981",SFNC,5.9993410159506036e-05
,BWFGQN1,Spirax Group PLC,SPX,<0.01%,Industrial Machinery & Supplies & Components,GB,---,"$5,445,028.20","58,076",SPX.L,5.99514213703527e-05
,BPH0546,Life Time Group Holdings Inc,LTH,<0.01%,Leisure Facilities,US,---,"$5,443,209.20","120,692",LTH,5.9931393625506e-05
,2141941,Descartes Systems Group Inc/The,DSG,<0.01%,Application Software,CA,---,"$5,438,271.31","72,413",DSG.TO,5.987702595040921e-05
,6897024,TOPPAN Holdings Inc,7911,<0.01%,Commercial Printing,JP,---,"$5,434,317.40","193,800",7911.T,5.9833492195254295e-05
,2197308,Cirrus Logic Inc,CRUS,<0.01%,Semiconductors,US,---,"$5,419,506.30","41,898",CRUS,5.967041746644785e-05
,2692160,Plexus Corp,PLXS,<0.01%,Electronic Manufacturing Services,US,---,"$5,415,622.98","21,547",PLXS,5.9627660928724886e-05
,2191399,Eagle Materials Inc,EXP,<0.01%,Construction Materials,US,---,"$5,414,104.92","26,418",EXP,5.961094662507343e-05
,2503994,Landstar System Inc,LSTR,<0.01%,Cargo Ground Transportation,US,---,"$5,412,801.67","30,971",LSTR,5.959659744504514e-05
,2112226,Saputo Inc,SAP,<0.01%,Packaged Foods & Meats,CA,---,"$5,403,556.84","192,112",SAP.TO,5.949480904680925e-05
,6640541,Nippon Sanso Holdings Corp,4091,<0.01%,Industrial Gases,JP,---,"$5,403,170.99","150,300",4091.T,5.949056072061404e-05
,B0LDBX7,Indutrade AB,INDT,<0.01%,Industrial Machinery & Supplies & Components,SE,---,"$5,402,490.87","215,178",INDT.ST,5.94830723919581e-05
,2215460,Conagra Brands Inc,CAG,<0.01%,Packaged Foods & Meats,US,---,"$5,398,808.25","372,075",CAG,5.944252562245434e-05
,6400626,Hachijuni Nagano Bank Ltd,8359,<0.01%,Regional Banks,JP,---,"$5,396,357.76","347,300",8359.T,5.941554498008525e-05
,BGPZ5W8,Arcosa Inc,ACA,<0.01%,Construction & Engineering,US,---,"$5,394,180.00","37,150",ACA,5.9391567178206556e-05
,BRBD9F4,Cava Group Inc,CAVA,<0.01%,Restaurants,US,---,"$5,393,999.16","82,692",CAVA,5.938957607464522e-05
,6302410,Technology One Ltd,TNE,<0.01%,Application Software,AU,---,"$5,386,239.48","246,955",TNE.AX,5.930413963092229e-05
,6897466,TOTO Ltd,5332,<0.01%,Building Products,JP,---,"$5,385,837.24","124,100",5332.T,5.929971084582765e-05
,BYVZ186,Cleveland-Cliffs Inc,CLF,<0.01%,Steel,US,---,"$5,385,335.04","467,477",CLF,5.929418147064237e-05
,B1LB9P6,SCOR SE,SCR,<0.01%,Reinsurance,FR,---,"$5,384,628.14","136,109",SCR.PA,5.928639828601778e-05
,6495730,Korea Electric Power Corp,015760,<0.01%,Electric Utilities,KR,---,"$5,380,757.08","223,915",015760.KS,5.9243776734634465e-05
,BS7JP33,Globalwafers Co Ltd,6488,<0.01%,Semiconductor Materials & Equipment,TW,---,"$5,379,991.19","213,000",6488.TWO,5.9235344052116256e-05
,6290054,MTR Corp Ltd,66,<0.01%,Rail Transportation,HK,---,"$5,376,595.46","1,274,326",0066.HK,5.9197956029022084e-05
,2935326,Valley National Bancorp,VLY,<0.01%,Regional Banks,US,---,"$5,374,769.09","376,121",VLY,5.917784713822733e-05
,B08K3S0,Localiza Rent a Car SA,RENT3,<0.01%,Passenger Ground Transportation,BR,---,"$5,372,973.73","724,180",RENT3.SA,5.915807967699151e-05
,6410700,Harel Insurance Investments & Financial Services Ltd,HARL,<0.01%,Multi-line Insurance,IL,---,"$5,367,638.51","93,631",HARL.TA,5.9099337277397774e-05
,6192150,China Overseas Land & Investment Ltd,688,<0.01%,Real Estate Development,HK,---,"$5,365,439.57","3,119,480",0688.HK,5.907512627725859e-05
,BD4T6W7,Telkom Indonesia Persero Tbk PT,TLKM,<0.01%,Integrated Telecommunication Services,ID,---,"$5,359,763.29","36,713,040",TLKM.JK,5.901262870303186e-05
,BYXJF62,Zillow Group Inc,Z,<0.01%,Real Estate Services,US,---,"$5,358,761.98","157,333",Z,5.900160397450386e-05
,B1FT462,Armstrong World Industries Inc,AWI,<0.01%,Building Products,US,---,"$5,355,424.92","30,662",AWI,5.896486192600571e-05
,2657750,CNO Financial Group Inc,CNO,<0.01%,Life & Health Insurance,US,---,"$5,349,183.91","97,099",CNO,5.889614650222029e-05
,B0R7JF1,Ipsen SA,IPN,<0.01%,Pharmaceuticals,FR,---,"$5,346,547.56","27,670",IPN.PA,5.8867119484558604e-05
,6640507,Nippon Paint Holdings Co Ltd,4612,<0.01%,Specialty Chemicals,JP,---,"$5,342,921.43","708,053",4612.T,5.882719468718589e-05
,2345022,Macy's Inc,M,<0.01%,Broadline Retail,US,---,"$5,337,466.54","215,047",M,5.876713468438942e-05
,2446646,IAMGOLD Corp,IMG,<0.01%,Gold,CA,---,"$5,332,690.83","376,796",IMG.TO,5.871455266056214e-05
,BQPDNZ1,StandardAero Inc,SARO,<0.01%,Aerospace & Defense,US,---,"$5,329,144.20","181,820",SARO,5.867550318243919e-05
,BD978B9,IES Holdings Inc,IESC,<0.01%,Construction & Engineering,US,---,"$5,327,928.24","7,156",IESC,5.866211509193683e-05
,BKM4S16,MSA Safety Inc,MSA,<0.01%,Office Services & Supplies,US,---,"$5,327,560.00","28,000",MSA,5.8658060657213166e-05
,BYT9340,Scout24 SE,G24,<0.01%,Interactive Media & Services,DE,---,"$5,325,428.48","62,116",G24.DE,5.8634591971838995e-05
,6804369,Shimadzu Corp,7701,<0.01%,Electronic Equipment & Instruments,JP,---,"$5,323,025.00","209,300",7701.T,5.860812892390928e-05
,BP3R217,Industrial & Commercial Bank of China Ltd,601398,<0.01%,Diversified Banks,CN,---,"$5,314,888.13","4,489,385",601398.SS,5.851853950323267e-05
,BP3R400,Zijin Mining Group Co Ltd,601899,<0.01%,Diversified Metals & Mining,CN,---,"$5,312,061.03","1,085,712",601899.SS,5.8487412269886826e-05
,BN6TZY0,Amer Sports Inc,AS,<0.01%,"Apparel, Accessories & Luxury Goods",US,---,"$5,306,685.42","149,442",AS,5.842822516407299e-05
,BP3R228,Agricultural Bank of China Ltd,601288,<0.01%,Diversified Banks,CN,---,"$5,306,089.79","5,189,235",601288.SS,5.8421667096088915e-05
,B570P91,Lear Corp,LEA,<0.01%,Automotive Parts & Equipment,US,---,"$5,304,898.48","40,607",LEA,5.8408550409605514e-05
,BNBRMS2,Terawulf Inc,WULF,<0.01%,Application Software,US,---,"$5,295,757.18","299,873",WULF,5.8307901908249205e-05
,2951292,Enpro Inc,NPO,<0.01%,Industrial Machinery & Supplies & Components,US,---,"$5,289,238.08","16,849",NPO,5.823612462873843e-05
,5701513,Elisa Oyj,ELISA,<0.01%,Integrated Telecommunication Services,FI,---,"$5,285,612.30","131,063",ELISA.HE,5.819620368497248e-05
,BP8S8J5,Lantheus Holdings Inc,LNTH,<0.01%,Health Care Supplies,US,---,"$5,270,258.52","52,893",LNTH,5.8027153883833206e-05
,2781585,Pool Corp,POOL,<0.01%,Distributors,US,---,"$5,263,207.11","28,341",POOL,5.794951570885277e-05
,BMXNX11,LIGHT & WONDER INC-CDI,LNW,<0.01%,Casinos & Gaming,AU,CDI,"$5,262,194.97","65,794",LNW.AX,5.7938371738721294e-05
,5072673,Stora Enso Oyj,STERV,<0.01%,Paper Products,FI,---,"$5,261,670.50","457,554",STERV.HE,5.793259716404304e-05
,BN70TG2,Core Scientific Inc,CORZ,<0.01%,Application Software,US,---,"$5,255,420.80","253,640",CORZ,5.7863786060706914e-05
,2260824,Open Text Corp,OTEX,<0.01%,Application Software,CA,---,"$5,255,387.02","207,295",OTEX.TO,5.786341413260305e-05
,6396800,Nippon Building Fund Inc,8951,<0.01%,Office REITs,JP,---,"$5,255,043.67","6,230",8951.T,5.7859633744371545e-05
,BYW0PQ6,Land Securities Group PLC,LAND,<0.01%,Diversified REITs,GB,---,"$5,253,505.96","551,553",LAND.L,5.784270308822629e-05
,6099723,Bharat Petroleum Corp Ltd,BPCL,<0.01%,Oil & Gas Refining & Marketing,IN,---,"$5,251,996.92","1,571,525",BPCL.NS,5.782608809752621e-05
,BF1KD82,Ringkjoebing Landbobank A/S,RILBA,<0.01%,Regional Banks,DK,---,"$5,244,646.71","19,518",RILBA.CO,5.774516004340326e-05
,B3N3363,Korea Aerospace Industries Ltd,047810,<0.01%,Aerospace & Defense,KR,---,"$5,242,794.24","58,885",047810.KS,5.772476378364726e-05
,B07DRZ5,Recordati Industria Chimica e Farmaceutica SpA,REC,<0.01%,Pharmaceuticals,IT,---,"$5,241,059.62","87,983",REC.MI,5.7705665088338865e-05
,B0T7Z62,Crocs Inc,CROX,<0.01%,Footwear,US,---,"$5,229,336.51","40,851",CROX,5.757659007135713e-05
,5579107,Acciona SA,ANA,<0.01%,Electric Utilities,ES,---,"$5,229,155.04","19,012",ANA.MC,5.757459203130363e-05
,6595179,MISUMI Group Inc,9962,<0.01%,Industrial Machinery & Supplies & Components,JP,---,"$5,226,871.25","219,700",9962.T,5.754944680678276e-05
,BVK9DQ0,Coforge Ltd,COFORGE,<0.01%,IT Consulting & Other Services,IN,---,"$5,225,816.43","289,743",COFORGE.NS,5.753783291683269e-05
,BYP20B9,BayCurrent Inc,6532,<0.01%,Research & Consulting Services,JP,---,"$5,221,701.05","115,770",6532.T,5.749252132772482e-05
,BLR6XK8,Cogent Biosciences Inc,COGT,<0.01%,Biotechnology,US,---,"$5,213,661.32","133,924",COGT,5.7404001448078685e-05
,6687872,Kinsus Interconnect Technology Corp,3189,<0.01%,Semiconductor Materials & Equipment,TW,---,"$5,208,029.94","274,669",3189.TW,5.7341998236547736e-05
,6002453,ASMPT Ltd,522,<0.01%,Semiconductor Materials & Equipment,HK,---,"$5,200,793.06","271,022",0522.HK,5.7262317980293655e-05
,BMW7F63,GLOBALFOUNDRIES Inc,GFS,<0.01%,Semiconductors,US,---,"$5,199,509.89","104,011",GFS,5.7248189887190334e-05
,BQB80M6,Varun Beverages Ltd,VBL,<0.01%,Soft Drinks & Non-alcoholic Beverages,IN,---,"$5,197,257.13","1,121,570",VBL.NS,5.722338631243451e-05
,B11WWH2,Schindler Holding AG,SCHN,<0.01%,Industrial Machinery & Supplies & Components,CH,---,"$5,193,737.36","16,980",SCHN.SW,5.7184632571104635e-05
,BMXPBZ7,Lottomatica Group Spa,LTMC,<0.01%,Casinos & Gaming,IT,---,"$5,191,530.36","192,036",LTMC.MI,5.716033282790691e-05
,6537030,LG Corp,003550,<0.01%,Industrial Conglomerates,KR,---,"$5,190,100.31","74,859",003550.KS,5.7144587541201e-05
,2473138,Rayonier Inc,RYN,<0.01%,Timber REITs,US,---,"$5,182,137.18","237,931",RYN,5.705691105092004e-05
,B8383P2,WEX Inc,WEX,<0.01%,Transaction & Payment Processing Services,US,---,"$5,179,913.76","27,706",WEX,5.7032430518513755e-05
,B0CSXQ8,Hanmi Semiconductor Co Ltd,042700,<0.01%,Semiconductor Materials & Equipment,KR,---,"$5,176,814.49","35,811",042700.KS,5.699830661044832e-05
,6659428,Omron Corp,6645,<0.01%,Electronic Components,JP,---,"$5,169,734.57","154,600",6645.T,5.692035453167151e-05
,BFFK0X2,Essential Properties Realty Trust Inc,EPRT,<0.01%,Diversified REITs,US,---,"$5,167,293.18","165,142",EPRT,5.6893474083078166e-05
,6408664,Hankyu Hanshin Holdings Inc,9042,<0.01%,Rail Transportation,JP,---,"$5,163,089.07","174,500",9042.T,5.684718554960513e-05
,BSVLTM2,Everus Construction Group Inc,ECG,<0.01%,Construction & Engineering,US,---,"$5,162,949.66","41,162",ECG,5.6845650602981125e-05
,B09M9F4,Elia Group SA/NV,ELI,<0.01%,Electric Utilities,BE,---,"$5,154,094.40","35,971",ELI.BR,5.674815148927515e-05
,2242929,Amkor Technology Inc,AMKR,<0.01%,Semiconductor Materials & Equipment,US,---,"$5,145,436.99","103,177",AMKR,5.665283076441905e-05
,BD5ZXH8,MOL Hungarian Oil & Gas PLC,MOL,<0.01%,Integrated Oil & Gas,HU,---,"$5,136,958.92","358,784",MOL.BD,5.655948462766674e-05
,BYQ3PM7,Houlihan Lokey Inc,HLI,<0.01%,Investment Banking & Brokerage,US,---,"$5,131,662.57","40,893",HLI,5.650117019862947e-05
,2192831,Cia Paranaense de Energia - Copel,CPLE3,<0.01%,Electric Utilities,BR,---,"$5,130,238.27","1,753,604",CPLE3.SA,5.648548822117748e-05
,BMPRZV5,Kymera Therapeutics Inc,KYMR,<0.01%,Biotechnology,US,---,"$5,126,985.60","49,584",KYMR,5.644967533232069e-05
,BMY5XY9,Capstone Copper Corp,CS,<0.01%,Copper,CA,---,"$5,126,892.18","539,980",CS.TO,5.644864674962494e-05
,5287488,Deutsche Lufthansa AG,LHA,<0.01%,Passenger Airlines,DE,---,"$5,111,469.32","487,130",LHA.DE,5.6278836356614314e-05
,6739739,Sandfire Resources Ltd,SFR,<0.01%,Copper,AU,---,"$5,108,461.84","385,912",SFR.AX,5.6245723084447435e-05
,BD4GT29,Guotai Haitong Securities Co Ltd,2611,<0.01%,Investment Banking & Brokerage,HK,---,"$5,104,922.42","2,679,226",2611.HK,5.620675299062374e-05
,BL0L913,Sibanye Stillwater Ltd,SSW,<0.01%,Precious Metals & Minerals,ZA,---,"$5,102,047.67","2,360,733",SSW.JO,5.617510111624329e-05
,4943402,voestalpine AG,VOE,<0.01%,Steel,AT,---,"$5,085,879.71","97,636",VOE.VI,5.599708694495598e-05
,B0DJ8Q5,Alstom SA,ALO,<0.01%,Construction Machinery & Heavy Transportation Equipment,FR,---,"$5,080,085.92","274,215",ALO.PA,5.5933295549785364e-05
,B5730Z1,New China Life Insurance Co Ltd,1336,<0.01%,Life & Health Insurance,HK,---,"$5,075,100.57","823,034",1336.HK,5.587840532561194e-05
,5002465,Henkel AG & Co KGaA,HEN,<0.01%,Household Products,DE,---,"$5,073,494.51","61,917",HEN.DE,5.5860722115117983e-05
,2821395,Sonoco Products Co,SON,<0.01%,Paper & Plastic Packaging Products & Materials,US,---,"$5,071,892.76","89,991",SON,5.5843086359038715e-05
,BNCBD46,IMCD NV,IMCD,<0.01%,Trading Companies & Distributors,NL,---,"$5,066,630.85","46,247",IMCD.AS,5.578515112490662e-05
,2942605,Avista Corp,AVA,<0.01%,Multi-Utilities,US,---,"$5,065,917.55","125,239",AVA,5.577729747432984e-05
,BS5YNY7,Horizon Robotics,9660,<0.01%,Application Software,HK,---,"$5,063,718.59","7,629,000",9660.HK,5.5753086253984545e-05
,BNNTGH3,Victoria's Secret & Co,VSXY,<0.01%,Apparel Retail,US,---,"$5,063,450.64","57,098",VSXY,5.575013604275218e-05
,BPSLYH4,Syensqo SA,SYENS,<0.01%,Specialty Chemicals,BE,---,"$5,060,864.31","56,891",SYENS.BR,5.5721659760548024e-05
,B2QPKJ1,Fresnillo PLC,FRES,<0.01%,Silver,GB,---,"$5,059,996.77","150,211",FRES.L,5.5712107880523665e-05
,6292782,Pro Medicus Ltd,PME,<0.01%,Health Care Technology,AU,---,"$5,055,785.73","44,443",PME.AX,5.5665743045636796e-05
,B0386J1,Jyske Bank A/S,JYSK,<0.01%,Diversified Banks,DK,---,"$5,055,556.12","31,851",JYSK.CO,5.566321496949922e-05
,B1B90H9,CG Power & Industrial Solutions Ltd,CGPOWER,<0.01%,Electrical Components & Equipment,IN,---,"$5,050,498.48","558,264",CGPOWER.NS,5.560752881037528e-05
,B4WFW71,LondonMetric Property PLC,LMP,<0.01%,Industrial REITs,GB,---,"$5,047,001.13","1,909,135",LMP.L,5.556902192008413e-05
,B292JQ9,Getlink SE,GET,<0.01%,Highways & Railtracks,FR,---,"$5,045,063.43","236,494",GET.PA,5.5547687252030555e-05
,B06QFB7,IG Group Holdings PLC,IGG,<0.01%,Investment Banking & Brokerage,GB,---,"$5,038,454.32","255,686",IGG.L,5.547491893496417e-05
,BMY36H7,Saipem SpA,SPM,<0.01%,Oil & Gas Equipment & Services,IT,---,"$5,031,377.08","1,037,088",SPM.MI,5.539699636380483e-05
,2831888,Southwest Gas Holdings Inc,SWX,<0.01%,Gas Utilities,US,---,"$5,028,034.80","56,242",SWX,5.5360196841514434e-05
,B6SNRV2,Bharat Heavy Electricals Ltd,BHEL,<0.01%,Heavy Electrical Equipment,IN,---,"$5,025,017.92","1,178,722",BHEL.NS,5.53269800724803e-05
,BMDH249,Lumen Technologies Inc,LUMN,<0.01%,Alternative Carriers,US,---,"$5,023,082.46","787,317",LUMN,5.530567006750999e-05
,BYQHP96,Floor & Decor Holdings Inc,FND,<0.01%,Home Improvement Retail,US,---,"$5,022,521.94","87,242",FND,5.529949857133546e-05
,BM91SH0,KANZHUN LTD - ADR,BZ,<0.01%,Human Resource & Employment Services,US,ADR,"$5,020,768.28","308,401",BZ,5.528019023981932e-05
,B188TH2,BCE Inc,BCE,<0.01%,Integrated Telecommunication Services,CA,---,"$5,014,889.60","231,178",BCE.TO,5.521546417985484e-05
,2268130,AAON Inc,AAON,<0.01%,Building Products,US,---,"$5,009,268.76","56,246",AAON,5.5153577016938894e-05
,B1KJJ40,Whitbread PLC,WTB,<0.01%,"Hotels, Resorts & Cruise Lines",GB,---,"$4,993,186.55","147,387",WTB.L,5.4976506979307775e-05
,2548616,MGIC Investment Corp,MTG,<0.01%,Commercial & Residential Mortgage Finance,US,---,"$4,989,133.32","166,083",MTG,5.493187968065743e-05
,BLNN369,Weatherford International PLC,WFRD,<0.01%,Oil & Gas Equipment & Services,US,---,"$4,987,876.64","56,816",WFRD,5.491804325053432e-05
,5485527,Aurubis AG,NDA,<0.01%,Copper,DE,---,"$4,973,739.93","23,637",NDA.DE,5.4762393761335985e-05
,BD2Z8S7,Italgas SpA,IG,<0.01%,Gas Utilities,IT,---,"$4,972,988.50","482,237",IG.MI,5.475412028782848e-05
,2370585,Glacier Bancorp Inc,GBCI,<0.01%,Regional Banks,US,---,"$4,972,473.78","100,882",GBCI,5.474845306362426e-05
,B1FF8P7,Idemitsu Kosan Co Ltd,5019,<0.01%,Oil & Gas Refining & Marketing,JP,---,"$4,970,615.32","607,170",5019.T,5.472799085214114e-05
,BF2GC59,Magnolia Oil & Gas Corp,MGY,<0.01%,Oil & Gas Exploration & Production,US,---,"$4,950,769.02","192,562",MGY,5.450947703545558e-05
,BMWWGB0,Caesars Entertainment Inc,CZR,<0.01%,Casinos & Gaming,US,---,"$4,949,448.00","166,368",CZR,5.449493220230695e-05
,6702623,JB Hi-Fi Ltd,JBH,<0.01%,Computer & Electronics Retail,AU,---,"$4,941,461.14","85,898",JBH.AX,5.440699443748765e-05
,BYZR014,Amundi SA,AMUN,<0.01%,Asset Management & Custody Banks,FR,---,"$4,931,768.85","45,134",AMUN.PA,5.430027936816374e-05
,BP3R284,Ping An Insurance Group Co of China Ltd,601318,<0.01%,Life & Health Insurance,CN,---,"$4,924,623.79","606,258",601318.SS,5.422161007811737e-05
,2881407,Teleflex Inc,TFX,<0.01%,Health Care Equipment,US,---,"$4,922,106.84","36,004",TFX,5.419389769087609e-05
,2010278,AGCO Corp,AGCO,<0.01%,Agricultural & Farm Machinery,US,---,"$4,921,047.20","48,170",AGCO,5.418223073125578e-05
,BG0R3M5,HDFC Asset Management Co Ltd,HDFCAMC,<0.01%,Asset Management & Custody Banks,IN,---,"$4,920,788.59","179,610",HDFCAMC.NS,5.417938335627237e-05
,BN15Y35,MP Materials Corp,MP,<0.01%,Diversified Metals & Mining,US,---,"$4,917,445.05","118,865",MP,5.4142569960997647e-05
,BYQCZ35,Madison Square Garden Sports Corp,MSGS,<0.01%,Movies & Entertainment,US,---,"$4,916,275.84","12,488",MSGS,5.412969660225537e-05
,7130836,Nexans SA,NEX,<0.01%,Electrical Components & Equipment,FR,---,"$4,906,727.26","32,213",NEX.PA,5.402456382386709e-05
,2590930,Middleby Corp/The,MIDD,<0.01%,Industrial Machinery & Supplies & Components,US,---,"$4,904,122.54","36,713",MIDD,5.399588506215346e-05
,B06JSP1,AL Sydbank,ALSYDB,<0.01%,Diversified Banks,DK,---,"$4,903,859.48","50,926",ALSYDB.CO,5.399298869131269e-05
,6187855,Chang Hwa Commercial Bank Ltd,2801,<0.01%,Diversified Banks,TW,---,"$4,898,628.11","6,301,003",2801.TW,5.393538971189616e-05
,BJT1RW7,Lyft Inc,LYFT,<0.01%,Passenger Ground Transportation,US,---,"$4,898,234.12","308,842",LYFT,5.393105176181801e-05
,BPK3C96,SenseTime Group Inc,20,<0.01%,Application Software,HK,---,"$4,897,449.37","26,433,000",0020.HK,5.392241142494696e-05
,B067BM3,Molson Coors Beverage Co,TAP,<0.01%,Brewers,US,---,"$4,895,435.52","117,792",TAP,5.3900238322165465e-05
,BMV3Y21,Topaz Energy Corp,TPZ,<0.01%,Oil & Gas Exploration & Production,CA,---,"$4,890,922.35","216,630",TPZ.TO,5.385054694382035e-05
,BNKBB55,TPG Inc,TPG,<0.01%,Asset Management & Custody Banks,US,---,"$4,888,173.60","111,960",TPG,5.382028236787348e-05
,2267171,American States Water Co,AWR,<0.01%,Water Utilities,US,---,"$4,884,306.12","57,033",AWR,5.377770023338217e-05
,6900289,Tosoh Corp,4042,<0.01%,Commodity Chemicals,JP,---,"$4,883,916.43","290,390",4042.T,5.377340962761564e-05
,6437947,Horiba Ltd,6856,<0.01%,Electronic Equipment & Instruments,JP,---,"$4,881,185.33","31,100",6856.T,5.374333938355252e-05
,BRJ3GY4,Xenon Pharmaceuticals Inc,XENE,<0.01%,Biotechnology,US,---,"$4,873,845.90","77,770",XENE,5.366253002051778e-05
,B118753,Nan Ya Printed Circuit Board Corp,8046,<0.01%,Electronic Components,TW,---,"$4,873,344.36","177,000",8046.TW,5.365700791213382e-05
,BN46048,Hims & Hers Health Inc,HIMS,<0.01%,Health Care Services,US,---,"$4,872,940.75","175,475",HIMS,5.3652564042921304e-05
,BD761B9,Eoptolink Technology Inc Ltd,300502,<0.01%,Electronic Components,CN,---,"$4,869,612.62","83,060",300502.SZ,5.361592031644707e-05
,6647133,Nice Ltd,NICE,<0.01%,Application Software,IL,---,"$4,868,196.87","49,962",NICE.TA,5.360033247710308e-05
,4712798,Renault SA,RNO,<0.01%,Automobile Manufacturers,FR,---,"$4,862,017.45","153,977",RNO.PA,5.3532295178004355e-05
,6421854,Far EasTone Telecommunications Co Ltd,4904,<0.01%,Wireless Telecommunication Services,TW,---,"$4,854,545.64","1,495,421",4904.TW,5.345002827078994e-05
,6109677,Vanguard International Semiconductor Corp,5347,<0.01%,Semiconductors,TW,---,"$4,852,195.48","1,058,420",5347.TWO,5.342415229232436e-05
,6250508,Daito Trust Construction Co Ltd,1878,<0.01%,Diversified Real Estate Activities,JP,---,"$4,847,676.87","229,660",1878.T,5.337440101791988e-05
,7635610,EMS-Chemie Holding AG,EMSN,<0.01%,Specialty Chemicals,CH,---,"$4,847,499.29","4,787",EMSN.SW,5.337244580795294e-05
,BFXCLC6,Elastic NV,ESTC,<0.01%,Application Software,US,---,"$4,844,380.86","73,634",ESTC,5.333811094244317e-05
,6484686,Kawasaki Kisen Kaisha Ltd,9107,<0.01%,Marine Transportation,JP,---,"$4,841,217.54","271,691",9107.T,5.330328182434066e-05
,B4WRJD2,Meritz Financial Group Inc,138040,<0.01%,Diversified Financial Services,KR,---,"$4,840,763.35","56,411",138040.KS,5.3298281053899795e-05
,6348715,Formosa Chemicals & Fibre Corp,1326,<0.01%,Commodity Chemicals,TW,---,"$4,838,395.25","2,778,551",1326.TW,5.327220755056199e-05
,B8RZJZ1,People's Insurance Co Group of China Ltd/The,1339,<0.01%,Property & Casualty Insurance,HK,---,"$4,833,679.07","6,953,000",1339.HK,5.322028097019306e-05
,BYW1G33,Avenue Supermarts Ltd,DMART,<0.01%,Food Retail,IN,---,"$4,830,614.98","117,476",DMART.NS,5.318654440465853e-05
,BP7L1B8,SentinelOne Inc,S,<0.01%,Systems Software,US,---,"$4,829,194.08","253,368",S,5.3170899862243646e-05
,2816023,A O Smith Corp,AOS,<0.01%,Building Products,US,---,"$4,829,160.56","80,312",AOS,5.317053079681908e-05
,B03MYT9,Turkiye Petrol Rafinerileri AS,TUPRS,<0.01%,Oil & Gas Refining & Marketing,TR,---,"$4,825,526.01","774,675.437",TUPRS.IS,5.3130513292678036e-05
,BF1YBK2,AU Small Finance Bank Ltd,AUBANK,<0.01%,Regional Banks,IN,---,"$4,819,598.43","439,139",AUBANK.NS,5.306524882879767e-05
,B11WFP1,Konecranes Oyj,KCR,<0.01%,Industrial Machinery & Supplies & Components,FI,---,"$4,817,436.95","154,426",KCR.HE,5.304145027468484e-05
,4490005,Kesko Oyj,KESKOB,<0.01%,Food Retail,FI,---,"$4,814,849.23","193,233",KESKOB.HE,5.30129586881567e-05
,BKJ9RT5,ISS A/S,ISS,<0.01%,Diversified Support Services,DK,---,"$4,810,148.40","108,529",ISS.CO,5.296120111596995e-05
,B03PGL4,Northwestern Energy Group Inc,NWE,<0.01%,Multi-Utilities,US,---,"$4,809,875.28","69,972",NWE,5.295819398146059e-05
,5715774,Ackermans & van Haaren NV,ACKB,<0.01%,Construction & Engineering,BE,---,"$4,809,308.93","15,496",ACKB.BR,5.295195829520774e-05
,BTVMCY5,China Tower Corp Ltd,788,<0.01%,Integrated Telecommunication Services,HK,---,"$4,808,084.40","3,761,257",0788.HK,5.293847584639129e-05
,BJFFLV0,Croda International PLC,CRDA,<0.01%,Specialty Chemicals,GB,---,"$4,802,659.57","110,935",CRDA.L,5.287874681336396e-05
,BD4HFT1,HD Hyundai Co Ltd,267250,<0.01%,Oil & Gas Refining & Marketing,KR,---,"$4,794,747.57","34,918",267250.KS,5.27916332799791e-05
,BYRGSX7,Archrock Inc,AROC,<0.01%,Oil & Gas Equipment & Services,US,---,"$4,789,587.12","133,937",AROC,5.273481515139518e-05
,B1WVF68,ANDRITZ AG,ANDR,<0.01%,Industrial Machinery & Supplies & Components,AT,---,"$4,777,804.97","50,721",ANDR.VI,5.260509008600457e-05
,BN6JDH9,Next Vision Stabilized Systems Ltd,NXSN,<0.01%,Electronic Equipment & Instruments,IL,---,"$4,769,038.23","61,349",NXSN.TA,5.250856560449972e-05
,BD3VFW7,Convatec Group PLC,CTEC,<0.01%,Health Care Supplies,GB,---,"$4,765,481.67","1,577,101",CTEC.L,5.246940679404784e-05
,B0R80X9,Avolta AG,AVOL,<0.01%,Other Specialty Retail,CH,---,"$4,763,780.09","79,351",AVOL.SW,5.245067187921758e-05
,6497963,Kurita Water Industries Ltd,6370,<0.01%,Industrial Machinery & Supplies & Components,JP,---,"$4,755,753.25","88,500",6370.T,5.2362293922403246e-05
,BF44466,Umicore SA,UMI,<0.01%,Specialty Chemicals,BE,---,"$4,750,936.39","190,343",UMI.BR,5.2309258824524045e-05
,6986461,Yokohama Rubber Co Ltd/The,5101,<0.01%,Tires & Rubber,JP,---,"$4,745,335.15","99,900",5101.T,5.2247587463586664e-05
,BNTYXL5,One 97 Communications Ltd,PAYTM,<0.01%,Transaction & Payment Processing Services,IN,---,"$4,740,959.48","336,952",PAYTM.NS,5.2199410002182954e-05
,BM8JV32,Planet Labs PBC,PL,<0.01%,Research & Consulting Services,US,---,"$4,739,747.84","231,433",PL,5.218606947619831e-05
,B52J816,Airtac International Group,1590,<0.01%,Industrial Machinery & Supplies & Components,TW,---,"$4,730,630.13","116,804",1590.TW,5.208568070793763e-05
,BLF9GQ6,NEPI Rockcastle NV,NRP,<0.01%,Real Estate Operating Companies,ZA,---,"$4,729,974.49","513,855",NRP.JO,5.2078461911548804e-05
,6793821,Sekisui Chemical Co Ltd,4204,<0.01%,Industrial Conglomerates,JP,---,"$4,726,734.72","284,000",4204.T,5.204279105562687e-05
,B03Q9D0,MarketAxess Holdings Inc,MKTX,<0.01%,Financial Exchanges & Data,US,---,"$4,724,066.10","29,107",MKTX,5.2013408735421924e-05
,B1P5YY8,AeroVironment Inc,AVAV,<0.01%,Aerospace & Defense,US,---,"$4,722,481.92","31,616",AVAV,5.1995966430402006e-05
,BJMKSJ5,FirstService Corp,FSV,<0.01%,Real Estate Services,CA,---,"$4,722,038.26","33,522",FSV.TO,5.199108159847309e-05
,2518932,Latam Airlines Group SA,LTM,<0.01%,Passenger Airlines,CL,---,"$4,717,122.12","177,273,415",LTM.SN,5.193695339751067e-05
,2098508,Bio-Rad Laboratories Inc,BIO,<0.01%,Life Sciences Tools & Services,US,---,"$4,716,205.20","14,490",BIO,5.1926857828624016e-05
,2598699,Mohawk Industries Inc,MHK,<0.01%,Home Furnishings,US,---,"$4,709,190.50","38,255",MHK,5.1849623841941156e-05
,6041995,Ramsay Health Care Ltd,RHC,<0.01%,Health Care Facilities,AU,---,"$4,697,340.90","151,148",RHC.AX,5.1719156131476384e-05
,B3RDWC8,MaxLinear Inc,MXL,<0.01%,Semiconductors,US,---,"$4,693,503.62","70,241",MXL,5.167690650819692e-05
,BG0T321,Dropbox Inc,DBX,<0.01%,Application Software,US,---,"$4,692,351.84","144,114",DBX,5.166422505907128e-05
,2362128,GATX Corp,GATX,<0.01%,Trading Companies & Distributors,US,---,"$4,691,760.10","26,230",GATX,5.1657709821173766e-05
,3174300,Burberry Group PLC,BRBY,<0.01%,"Apparel, Accessories & Luxury Goods",GB,---,"$4,684,928.89","290,657",BRBY.L,5.158249611536057e-05
,2889155,ACI Worldwide Inc,ACIW,<0.01%,Application Software,US,---,"$4,684,491.63","81,711",ACIW,5.157768174938384e-05
,BSWW128,G Mining Ventures Corp,GMIN,<0.01%,Gold,CA,---,"$4,683,215.32","153,643",GMIN.TO,5.156362918697302e-05
,6654586,Korea Investment Holdings Co Ltd,071050,<0.01%,Investment Banking & Brokerage,KR,---,"$4,676,662.92","33,127",071050.KS,5.149148526430479e-05
,2831543,Southwest Airlines Co,LUV,<0.01%,Passenger Airlines,US,---,"$4,672,158.15","103,895",LUV,5.1441886372521913e-05
,6641588,Nissan Chemical Corp,4021,<0.01%,Diversified Chemicals,JP,---,"$4,671,503.19","100,500",4021.T,5.14346750631405e-05
,6470588,Nippon Shokubai Co Ltd,4114,<0.01%,Specialty Chemicals,JP,---,"$4,650,394.35","345,700",4114.T,5.120226029594437e-05
,B987K72,NexGen Energy Ltd,NXE,<0.01%,Coal & Consumable Fuels,CA,---,"$4,643,650.28","507,777",NXE.TO,5.1128006028111355e-05
,BNNTGF1,GXO Logistics Inc,GXO,<0.01%,Air Freight & Logistics,US,---,"$4,640,853.36","92,521",GXO,5.109721108577127e-05
,6673570,Industries Qatar QSC,IQCD,<0.01%,Industrial Conglomerates,QA,---,"$4,622,362.51","1,592,966",IQCD.QA,5.089362118703649e-05
,BR858V2,SGH Ltd,SGH,<0.01%,Trading Companies & Distributors,AU,---,"$4,617,704.26","149,316",SGH.AX,5.084233243363785e-05
,BJBXT36,Powerchip Semiconductor Manufacturing Corp,6770,<0.01%,Semiconductors,TW,---,"$4,616,090.60","2,822,415",6770.TW,5.082456554482568e-05
,BMHDM54,Frontline PLC,FRO,<0.01%,Oil & Gas Storage & Transportation,NO,---,"$4,614,018.60","115,701",FRO.OL,5.080175219280679e-05
,B235ZT9,Ecopro Co Ltd,086520,<0.01%,Electrical Components & Equipment,KR,---,"$4,613,644.87","84,278",086520.KQ,5.079763731150852e-05
,BRS2KY0,Samsung SDS Co Ltd,018260,<0.01%,IT Consulting & Other Services,KR,---,"$4,610,350.24","32,705",018260.KS,5.076136243025274e-05
,BD73C40,Ivanhoe Mines Ltd,IVN,<0.01%,Diversified Metals & Mining,CA,---,"$4,610,147.07","641,781",IVN.TO,5.075912546658012e-05
,2501578,Ligand Pharmaceuticals Inc,LGND,<0.01%,Pharmaceuticals,US,---,"$4,609,553.74","16,031",LGND,5.0752592722297606e-05
,BN4KLB4,Swissquote Group Holding SA,SQN,<0.01%,Investment Banking & Brokerage,CH,---,"$4,609,234.25","88,470",SQN.SW,5.074907503994407e-05
,2120490,Casella Waste Systems Inc,CWST,<0.01%,Environmental & Facilities Services,US,---,"$4,609,120.38","51,378",CWST,5.074782129651048e-05
,BKM4N88,Paylocity Holding Corp,PCTY,<0.01%,Human Resource & Employment Services,US,---,"$4,608,726.69","33,422",PCTY,5.074348664952385e-05
,6042608,Zensho Holdings Co Ltd,7550,<0.01%,Restaurants,JP,---,"$4,608,181.52","73,800",7550.T,5.07374841615315e-05
,B3SJKB0,Freehold Royalties Ltd,FRU,<0.01%,Oil & Gas Exploration & Production,CA,---,"$4,607,922.16","377,314",FRU.TO,5.0734628528819336e-05
,6660107,Ono Pharmaceutical Co Ltd,4528,<0.01%,Pharmaceuticals,JP,---,"$4,606,046.74","308,200",4528.T,5.0713979582562934e-05
,BLF8533,Bilibili Inc,9626,<0.01%,Interactive Media & Services,HK,---,"$4,603,927.59","241,859",9626.HK,5.069064709466195e-05
,6146500,Brother Industries Ltd,6448,<0.01%,"Technology Hardware, Storage & Peripherals",JP,---,"$4,594,638.77","184,500",6448.T,5.0588374353107857e-05
,6574101,Macronix International Co Ltd,2337,<0.01%,Semiconductors,TW,---,"$4,592,289.29","1,528,903",2337.TW,5.056250586164968e-05
,2398822,INFOSYS LTD-SP ADR,INFY,<0.01%,IT Consulting & Other Services,US,ADR,"$4,591,911.15","381,705",INFY,5.055834242490624e-05
,BMT9L19,Dassault Aviation SA,AM,<0.01%,Aerospace & Defense,FR,---,"$4,591,026.53","13,290",AM.PA,5.0548602488871996e-05
,B02GKC7,Suzano SA,SUZB3,<0.01%,Paper Products,BR,---,"$4,587,519.76","536,815",SUZB3.SA,5.050999188150748e-05
,B7LV1N0,Shanghai Commercial & Savings Bank Ltd/The,5876,<0.01%,Diversified Banks,TW,---,"$4,586,083.20","3,270,228",5876.TW,5.049417491771585e-05
,B3MC7D6,Fortune Brands Innovations Inc,FBIN,<0.01%,Building Products,US,---,"$4,585,317.84","93,084",FBIN,5.04857480706593e-05
,6211798,Cochlear Ltd,COH,<0.01%,Health Care Equipment,AU,---,"$4,584,407.42","54,701",COH.AX,5.047572406875532e-05
,B06CF71,Nordex SE,NDX1,<0.01%,Heavy Electrical Equipment,DE,---,"$4,583,864.64","102,594",NDX1.DE,5.0469747895391994e-05
,BNC5412,Dixon Technologies India Ltd,DIXON,<0.01%,Consumer Electronics,IN,---,"$4,581,416.77","31,130",DIXON.NS,5.044279610002207e-05
,6899967,Toyo Suisan Kaisha Ltd,2875,<0.01%,Packaged Foods & Meats,JP,---,"$4,580,900.16","70,600",2875.T,5.043710806634135e-05
,6215273,Compeq Manufacturing Co Ltd,2313,<0.01%,Electronic Components,TW,---,"$4,575,496.53","894,300",2313.TW,5.0377612451780625e-05
,B60DQV3,MEIJI Holdings Co Ltd,2269,<0.01%,Packaged Foods & Meats,JP,---,"$4,570,377.93","192,168",2269.T,5.0321255104462147e-05
,B7MSLL8,Matador Resources Co,MTDR,<0.01%,Oil & Gas Exploration & Production,US,---,"$4,568,277.63","91,567",MTDR,5.0298130160810954e-05
,4476210,Indra Sistemas SA,IDR,<0.01%,IT Consulting & Other Services,ES,---,"$4,566,558.87","69,457",IDR.MC,5.0279206088940304e-05
,BGKG6G7,Twist Bioscience Corp,TWST,<0.01%,Biotechnology,US,---,"$4,565,140.75","49,865",TWST,5.0263592155173396e-05
,2149309,Brunswick Corp/DE,BC,<0.01%,Leisure Products,US,---,"$4,554,824.00","57,656",BC,5.015000159077144e-05
,B4PH0C5,Gjensidige Forsikring ASA,GJF,<0.01%,Multi-line Insurance,NO,---,"$4,551,513.73","152,577",GJF.OL,5.0113554508345016e-05
,BTKSSY6,Lundin Gold Inc,LUG,<0.01%,Gold,CA,---,"$4,546,300.26","81,198",LUG.TO,5.005615261338848e-05
,B7K24P7,Ingredion Inc,INGR,<0.01%,Agricultural Products & Services,US,---,"$4,543,133.88","45,678",INGR,5.00212898037526e-05
,BMD78K7,Oklo Inc,OKLO,<0.01%,Electric Utilities,US,---,"$4,537,130.18","116,846",OKLO,4.9955187235453465e-05
,BF7MPL9,SSR Mining Inc,SSRM,<0.01%,Gold,CA,---,"$4,536,955.14","177,459",SSRM.TO,4.995325999166129e-05
,2862156,United Community Banks Inc/GA,UCB,<0.01%,Regional Banks,US,---,"$4,535,292.24","127,971",UCB,4.9934950955429534e-05
,BD5CQ69,BYD Co Ltd,002594,<0.01%,Automobile Manufacturers,CN,---,"$4,530,378.55","319,298",002594.SZ,4.988084972971444e-05
,BKS3RS7,10X Genomics Inc,TXG,<0.01%,Life Sciences Tools & Services,US,---,"$4,527,047.90","95,770",TXG,4.984417825727153e-05
,6661111,Doosan Co Ltd,000150,<0.01%,Industrial Conglomerates,KR,---,"$4,525,118.97","5,731",000150.KS,4.982294014959305e-05
,6105136,United Integrated Services Co Ltd,2404,<0.01%,Construction & Engineering,TW,---,"$4,524,596.28","135,200",2404.TW,4.981718517325775e-05
,BD5GN60,SIG Group AG,SIGN,<0.01%,Paper & Plastic Packaging Products & Materials,CH,---,"$4,523,131.45","248,913",SIGN.SW,4.9801056948142965e-05
,B17VCN9,PTC Therapeutics Inc,PTCT,<0.01%,Biotechnology,US,---,"$4,516,204.05","66,405",PTCT,4.972478416108908e-05
,6290689,Remgro Ltd,REM,<0.01%,Multi-Sector Holdings,ZA,---,"$4,513,304.46","384,088",REM.JO,4.969285879073173e-05
,2971029,LKQ Corp,LKQ,<0.01%,Distributors,US,---,"$4,510,047.85","200,893",LKQ,4.9657002521273117e-05
,BN0SDX8,Hensoldt AG,HAG,<0.01%,Aerospace & Defense,DE,---,"$4,506,780.42","49,062",HAG.DE,4.9621027120314103e-05
,6129181,Gigabyte Technology Co Ltd,2376,<0.01%,"Technology Hardware, Storage & Peripherals",TW,---,"$4,499,728.68","436,000",2376.TW,4.954338531193299e-05
,BF0TRG6,HDFC Life Insurance Co Ltd,HDFCLIFE,<0.01%,Life & Health Insurance,IN,---,"$4,491,611.03","781,737",HDFCLIFE.NS,4.945400750931904e-05
,BPBSZJ1,Kite Realty Group Trust,KRG,<0.01%,Retail REITs,US,---,"$4,490,964.54","156,917",KRG,4.9446889457221215e-05
,BNDXX18,Primo Brands Corp,PRMB,<0.01%,Soft Drinks & Non-alcoholic Beverages,US,---,"$4,482,183.10","197,453",PRMB,4.9350203124232434e-05
,BQWS627,Sirius XM Holdings Inc,SIRI,<0.01%,Cable & Satellite,US,---,"$4,474,871.12","151,076",SIRI,4.9269695994070725e-05
,B44Z3T8,EPAM Systems Inc,EPAM,<0.01%,IT Consulting & Other Services,US,---,"$4,459,382.20","42,245",EPAM,4.909915826030992e-05
,2732635,AutoNation Inc,AN,<0.01%,Automotive Retail,US,---,"$4,457,214.00","20,985",AN,4.9075285716947294e-05
,BMY2ZT9,Definity Financial Corp,DFY,<0.01%,Property & Casualty Insurance,CA,---,"$4,456,812.10","78,068",DFY.TO,4.9070860675356366e-05
,BQXQY26,OceanaGold Corp,OGC,<0.01%,Gold,CA,---,"$4,438,086.96","184,069",OGC.TO,4.8864691172256485e-05
,0557681,Howden Joinery Group PLC,HWDN,<0.01%,Trading Companies & Distributors,GB,---,"$4,432,788.98","416,006",HWDN.L,4.880635879642202e-05
,2069355,Banco de Credito e Inversiones SA,BCI,<0.01%,Diversified Banks,CL,---,"$4,427,740.25","61,535",BCI.SN,4.875077073911588e-05
,BMC1PR6,Bentley Systems Inc,BSY,<0.01%,Application Software,US,---,"$4,427,412.88","124,927",BSY,4.874716629555872e-05
,BFZ9DB8,Atlantic Union Bankshares Corp,AUB,<0.01%,Regional Banks,US,---,"$4,411,192.52","103,964",AUB,4.856857518428792e-05
,BF8Q6K6,Aberdeen Group PLC,ABDN,<0.01%,Asset Management & Custody Banks,GB,---,"$4,410,960.07","1,355,104",ABDN.L,4.8566015838884073e-05
,B60FNV8,China Gold International Resources Corp Ltd,2099,<0.01%,Gold,HK,---,"$4,406,879.27","195,200",2099.HK,4.8521084986124094e-05
,B0P6L87,WPG Holdings Ltd,3702,<0.01%,Technology Distributors,TW,---,"$4,403,691.43","1,284,440",3702.TW,4.8485985895342294e-05
,6744807,International Games System Co Ltd,3293,<0.01%,Interactive Home Entertainment,TW,---,"$4,403,277.60","184,000",3293.TWO,4.8481429500812376e-05
,BNNJP32,APR Corp/Korea,278470,<0.01%,Personal Care Products,KR,---,"$4,400,523.71","19,828",278470.KS,4.8451108331897666e-05
,2144047,Mercury Systems Inc,MRCY,<0.01%,Aerospace & Defense,US,---,"$4,399,212.60","45,306",MRCY,4.843667261087185e-05
,B0V3XR5,Hyundai Glovis Co Ltd,086280,<0.01%,Air Freight & Logistics,KR,---,"$4,395,098.71","32,047",086280.KS,4.839137742711848e-05
,BJLFHW7,Chewy Inc,CHWY,<0.01%,Other Specialty Retail,US,---,"$4,393,824.20","194,417",CHWY,4.837734468325671e-05
,2001119,AAR Corp,AIR,<0.01%,Aerospace & Defense,US,---,"$4,391,934.48","31,362",AIR,4.8356538289638404e-05
,6894898,Tokyo Ohka Kogyo Co Ltd,4186,<0.01%,Specialty Chemicals,JP,---,"$4,386,785.22","81,000",4186.T,4.8299843366367756e-05
,2105505,H&R Block Inc,HRB,<0.01%,Specialized Consumer Services,US,---,"$4,378,519.32","99,444",HRB,4.820883328603333e-05
,2101741,Black Hills Corp,BKH,<0.01%,Multi-Utilities,US,---,"$4,374,430.30","61,430",BKH,4.816381192856602e-05
,BF8KKX9,OPC Energy Ltd,OPCE,<0.01%,Independent Power Producers & Energy Traders,IL,---,"$4,372,363.83","139,356.84",OPCE.TA,4.814105946353394e-05
,6091280,Bendigo & Adelaide Bank Ltd,BEN,<0.01%,Regional Banks,AU,---,"$4,367,798.48","543,301",BEN.AX,4.8090793567472445e-05
,B5MN1W0,Azrieli Group Ltd,AZRG,<0.01%,Real Estate Operating Companies,IL,---,"$4,363,913.29","33,057",AZRG.TA,4.804801644047907e-05
,6738220,Ricoh Co Ltd,7752,<0.01%,"Technology Hardware, Storage & Peripherals",JP,---,"$4,361,871.01","444,500",7752.T,4.802553031472563e-05
,B23DBK6,Genpact Ltd,G,<0.01%,Data Processing & Outsourced Services,US,---,"$4,357,738.85","123,905",G,4.798003397269938e-05
,BD5LYF1,NAURA Technology Group Co Ltd,002371,<0.01%,Semiconductor Materials & Equipment,CN,---,"$4,356,306.99","42,880",002371.SZ,4.79642687573414e-05
,6398088,Gunma Bank Ltd/The,8334,<0.01%,Regional Banks,JP,---,"$4,351,582.64","276,900",8334.T,4.791225222278037e-05
,BNDQ8P6,Rede D'Or Sao Luiz SA,RDOR3,<0.01%,Health Care Facilities,BR,---,"$4,350,468.02","636,639",RDOR3.SA,4.789997991658959e-05
,B03P2F0,Fuyo General Lease Co Ltd,8424,<0.01%,Specialized Finance,JP,---,"$4,346,338.87","153,100",8424.T,4.7854516715581495e-05
,2194105,Churchill Downs Inc,CHDN,<0.01%,Casinos & Gaming,US,---,"$4,344,822.00","51,540",CHDN,4.783781551419303e-05
,2766173,Selective Insurance Group Inc,SIGI,<0.01%,Property & Casualty Insurance,US,---,"$4,343,088.22","45,818",SIGI,4.781872606754085e-05
,2630513,New Jersey Resources Corp,NJR,<0.01%,Gas Utilities,US,---,"$4,342,907.80","75,020",NJR,4.781673958830763e-05
,BP9LHF2,Schroders PLC,SDR,<0.01%,Asset Management & Custody Banks,GB,---,"$4,341,091.13","547,287",SDR.L,4.779673749747164e-05
,BPGN2Q7,ServiceTitan Inc,TTAN,<0.01%,Application Software,US,---,"$4,337,725.44","52,224",TTAN,4.7759680223940544e-05
,2707826,TXNM Energy Inc,TXNM,<0.01%,Electric Utilities,US,---,"$4,332,937.28","74,809",TXNM,4.770696112181566e-05
,BVSS790,Elis SA,ELIS,<0.01%,Diversified Support Services,FR,---,"$4,330,866.59","150,986",ELIS.PA,4.768416219329636e-05
,BF4HYT8,Lion Finance Group PLC,BGEO,<0.01%,Diversified Banks,GB,---,"$4,330,412.53","27,568",BGEO.L,4.767916285419516e-05
,BYZ2QP5,Sartorius Stedim Biotech,DIM,<0.01%,Life Sciences Tools & Services,FR,---,"$4,330,042.91","22,396",DIM.PA,4.767509322525055e-05
,BYT8154,Japan Post Insurance Co Ltd,7181,<0.01%,Life & Health Insurance,JP,---,"$4,326,635.45","392,934",7181.T,4.7637576051278406e-05
,BFWGXR8,Essent Group Ltd,ESNT,<0.01%,Commercial & Residential Mortgage Finance,US,---,"$4,324,931.24","65,569",ESNT,4.761881217934592e-05
,6459219,Inaba Denki Sangyo Co Ltd,9934,<0.01%,Trading Companies & Distributors,JP,---,"$4,317,581.39","242,100",9934.T,4.753788808893278e-05
,BN4LSB6,Allegro MicroSystems Inc,ALGM,<0.01%,Semiconductors,US,---,"$4,314,838.00","103,972",ALGM,4.750768252822086e-05
,BMW8R04,JD Health International Inc,6618,<0.01%,Drug Retail,HK,---,"$4,314,426.21","857,361",6618.HK,4.750314859471321e-05
,2611206,Murphy Oil Corp,MUR,<0.01%,Oil & Gas Exploration & Production,US,---,"$4,307,935.22","108,403",MUR,4.743168081487678e-05
,BF2YWG4,Rhythm Pharmaceuticals Inc,RYTM,<0.01%,Biotechnology,US,---,"$4,295,540.00","43,280",RYTM,4.7295205661782404e-05
,BMCM6P4,Duolingo Inc,DUOL,<0.01%,Education Services,US,---,"$4,273,881.43","31,703",DUOL,4.7056738199603e-05
,2256908,Amdocs Ltd,DOX,<0.01%,IT Consulting & Other Services,US,---,"$4,271,272.32","76,656",DOX,4.70280111026503e-05
,BMZ1NS0,Northam Platinum Holdings Ltd,NPH,<0.01%,Precious Metals & Minerals,ZA,---,"$4,271,248.12","298,294",NPH.JO,4.702774465326861e-05
,B142B38,Commvault Systems Inc,CVLT,<0.01%,Systems Software,US,---,"$4,270,721.20","36,254",CVLT,4.702194310334303e-05
,B0B8Z18,COSCO SHIPPING Holdings Co Ltd,1919,<0.01%,Marine Transportation,HK,---,"$4,265,947.88","2,120,549",1919.HK,4.696938739414477e-05
,B9N3SQ0,BB Seguridade Participacoes SA,BBSE3,<0.01%,Multi-line Insurance,BR,---,"$4,264,565.68","523,939",BBSE3.SA,4.695416895053448e-05
,B249GC0,MatsukiyoCocokara & Co,3088,<0.01%,Drug Retail,JP,---,"$4,261,205.04","267,040",3088.T,4.691716727904377e-05
,B3KFWW1,Transocean Ltd,RIG,<0.01%,Oil & Gas Drilling,US,---,"$4,260,027.24","800,757",RIG,4.6904199341781306e-05
,B56XQT8,Energisa S/A,ENGI11,<0.01%,Electric Utilities,BR,---,"$4,239,440.56","431,446.7",ENGI11.SA,4.667753371545881e-05
,BFZQ0L8,Scholar Rock Holding Corp,SRRK,<0.01%,Biotechnology,US,---,"$4,238,483.31","89,618",SRRK,4.6666994100970355e-05
,B1Y1SQ7,Jeronimo Martins SGPS SA,JMT,<0.01%,Food Retail,PT,---,"$4,233,247.30","211,083",JMT.LS,4.6609344033738496e-05
,BLD30T1,Clear Secure Inc,YOU,<0.01%,Application Software,US,---,"$4,232,544.04","76,621",YOU,4.6601600926624206e-05
,2930774,Vicor Corp,VICR,<0.01%,Electrical Components & Equipment,US,---,"$4,230,970.11","20,403",VICR,4.658427147723083e-05
,2567655,MSC Industrial Direct Co Inc,MSM,<0.01%,Trading Companies & Distributors,US,---,"$4,230,152.00","34,280",MSM,4.657526383658402e-05
,BDTZZG7,Science Applications International Corp,SAIC,<0.01%,Research & Consulting Services,US,---,"$4,227,455.96","36,092",SAIC,4.6545579613815205e-05
,B232R05,SK Innovation Co Ltd,096770,<0.01%,Oil & Gas Refining & Marketing,KR,---,"$4,226,607.46","55,179",096770.KS,4.6536237369998585e-05
,BJYKB72,Hansoh Pharmaceutical Group Co Ltd,3692,<0.01%,Pharmaceuticals,HK,---,"$4,217,327.80","1,030,000",3692.HK,4.643406548283855e-05
,BMD02L5,UiPath Inc,PATH,<0.01%,Systems Software,US,---,"$4,208,260.76","329,801",PATH,4.633423460673366e-05
,4224992,Lotus Bakeries NV,LOTB,<0.01%,Packaged Foods & Meats,BE,---,"$4,206,994.70",328,LOTB.BR,4.6320294899949374e-05
,2949758,Nexstar Media Group Inc,NXST,<0.01%,Broadcasting,US,---,"$4,203,663.39","22,063",NXST,4.6283616160705144e-05
,BJXMLF7,Avanza Bank Holding AB,AZA,<0.01%,Investment Banking & Brokerage,SE,---,"$4,202,911.51","102,420",AZA.ST,4.6275337732560377e-05
,0081180,Barratt Redrow PLC,BTRW,<0.01%,Homebuilding,GB,---,"$4,202,736.16","1,057,501",BTRW.L,4.6273407075573644e-05
,BRJ9GW0,Rithm Capital Corp,RITM,<0.01%,Mortgage REITs,US,---,"$4,198,960.48","424,996",RITM,4.6231835687083944e-05
,6198578,REA Group Ltd,REA,<0.01%,Interactive Media & Services,AU,---,"$4,197,547.30","37,168",REA.AX,4.6216276144223874e-05
,BJSP4C9,Installed Building Products Inc,IBP,<0.01%,Homebuilding,US,---,"$4,196,622.56","18,824",IBP,4.620609447475189e-05
,BF108P4,Wyndham Hotels & Resorts Inc,WH,<0.01%,"Hotels, Resorts & Cruise Lines",US,---,"$4,191,336.54","55,989",WH,4.614789378216556e-05
,BN2QTL0,Noble Corp PLC,NE,<0.01%,Oil & Gas Drilling,US,---,"$4,189,798.40","98,816",NE,4.613095839158915e-05
,2923741,Sensient Technologies Corp,SXT,<0.01%,Specialty Chemicals,US,---,"$4,186,229.50","33,850",SXT,4.6091663713973216e-05
,BMWGSD8,RB Global Inc,RBA,<0.01%,Diversified Support Services,US,---,"$4,183,288.80","38,120",RBA,4.605928570997614e-05
,6152529,Contact Energy Ltd,CEN,<0.01%,Electric Utilities,NZ,---,"$4,180,832.30","781,809",CEN.NZ,4.603223889567382e-05
,2072074,Balchem Corp,BCPC,<0.01%,Specialty Chemicals,US,---,"$4,174,632.83","24,915",BCPC,4.596398083995928e-05
,BVBH523,Dyno Nobel Ltd,DNL,<0.01%,Diversified Chemicals,AU,---,"$4,173,076.60","1,576,581",DNL.AX,4.59468462729649e-05
,B4PLX17,Pegatron Corp,4938,<0.01%,"Technology Hardware, Storage & Peripherals",TW,---,"$4,171,055.44","1,611,954",4938.TW,4.592459268485366e-05
,BD8S5H8,Novanta Inc,NOVT,<0.01%,Electronic Equipment & Instruments,US,---,"$4,169,159.85","29,247",NOVT,4.590372166074484e-05
,6599676,Powertech Technology Inc,6239,<0.01%,Semiconductors,TW,---,"$4,168,224.71","583,000",6239.TW,4.589342548410055e-05
,6305721,Tripod Technology Corp,3044,<0.01%,Electronic Components,TW,---,"$4,165,602.88","371,000",3044.TW,4.586455833606789e-05
,2954194,Vail Resorts Inc,MTN,<0.01%,Leisure Facilities,US,---,"$4,165,461.30","27,885",MTN,4.5862999497081965e-05
,6133405,GAIL India Ltd,GAIL,<0.01%,Gas Utilities,IN,---,"$4,165,090.63","2,192,300",GAIL.NS,4.585891830731708e-05
,BGK38H3,Axos Financial Inc,AX,<0.01%,Regional Banks,US,---,"$4,160,548.07","41,027",AX,4.5808903336107176e-05
,2381189,Granite Construction Inc,GVA,<0.01%,Construction & Engineering,US,---,"$4,156,045.32","34,356",GVA,4.575932668514046e-05
,BMD6RR4,RENK Group AG,R3NK,<0.01%,Construction Machinery & Heavy Transportation Equipment,DE,---,"$4,154,577.96","74,862",R3NK.DE,4.574317060395396e-05
,6125286,Trend Micro Inc/Japan,4704,<0.01%,Systems Software,JP,---,"$4,154,091.07","103,100",4704.T,4.573780979653867e-05
,6869937,TCC Group Holdings Co Ltd,1101,<0.01%,Construction Materials,TW,---,"$4,151,535.21","5,544,524",1101.TW,4.5709668998328725e-05
,B58J1S8,Chailease Holding Co Ltd,5871,<0.01%,Specialized Finance,TW,---,"$4,148,135.49","1,208,332",5871.TW,4.567223704411751e-05
,6616508,Seiko Epson Corp,6724,<0.01%,"Technology Hardware, Storage & Peripherals",JP,---,"$4,145,148.78","226,300",6724.T,4.563935245598607e-05
,B05MZT4,Celanese Corp,CE,<0.01%,Specialty Chemicals,US,---,"$4,143,486.88","92,654",CE,4.562105443005934e-05
,BMWC6P4,Mondi PLC,MNDI,<0.01%,Paper Products,GB,---,"$4,139,915.81","343,363",MNDI.L,4.55817358600815e-05
,BNC0116,Technip Energies NV,TE,<0.01%,Oil & Gas Equipment & Services,FR,---,"$4,139,615.38","119,688",TE.PA,4.557842803414181e-05
,6022105,Amada Co Ltd,6113,<0.01%,Industrial Machinery & Supplies & Components,JP,---,"$4,138,063.92","241,200",6113.T,4.556134598630241e-05
,BFYF094,Frontdoor Inc,FTDR,<0.01%,Specialized Consumer Services,US,---,"$4,136,351.13","56,951",FTDR,4.5542487645952785e-05
,B2PXYH2,eMemory Technology Inc,3529,<0.01%,Semiconductors,TW,---,"$4,132,288.15","55,000",3529.TWO,4.549775299682841e-05
,B39Z8G8,LG Innotek Co Ltd,011070,<0.01%,Electronic Components,KR,---,"$4,129,804.64","11,957",011070.KS,4.547040879418728e-05
,B5NLBP6,Sabra Health Care REIT Inc,SBRA,<0.01%,Health Care REITs,US,---,"$4,127,239.69","194,957",SBRA,4.544216791230463e-05
,6200600,Clal Insurance Enterprises Holdings Ltd,CLIS,<0.01%,Multi-line Insurance,IL,---,"$4,126,321.13","54,525",CLIS.TA,4.5432054286517726e-05
,BYQCQ32,Galenica AG,GALE,<0.01%,Health Care Distributors,CH,---,"$4,118,387.72","38,768",GALE.SW,4.53447050225022e-05
,2928683,VF Corp,VFC,<0.01%,"Apparel, Accessories & Luxury Goods",US,---,"$4,113,992.80","287,290",VFC,4.529631561272669e-05
,BP38QH4,Iyogin Holdings Inc,5830,<0.01%,Regional Banks,JP,---,"$4,110,651.92","182,700",5830.T,4.5259531504863343e-05
,6417165,Hotai Motor Co Ltd,2207,<0.01%,Automotive Retail,TW,---,"$4,109,526.84","239,455",2207.TW,4.524714403088197e-05
,B6SPB49,CITIC Securities Co Ltd,6030,<0.01%,Investment Banking & Brokerage,HK,---,"$4,109,237.99","1,177,134",6030.HK,4.524396370427452e-05
,B164FY1,Aeroports de Paris SA,ADP,<0.01%,Airport Services,FR,---,"$4,108,130.08","29,639",ADP.PA,4.5231765277230476e-05
,BZ8GX83,WiseTech Global Ltd,WTC,<0.01%,Application Software,AU,---,"$4,104,529.25","159,245",WTC.AX,4.519211904057499e-05
,BZBZ020,Herc Holdings Inc,HRI,<0.01%,Trading Companies & Distributors,US,---,"$4,104,527.32","27,338",HRI,4.519209779068628e-05
,BHKDY38,Polycab India Ltd,POLYCAB,<0.01%,Electrical Components & Equipment,IN,---,"$4,103,964.10","43,023",POLYCAB.NS,4.5185896566688175e-05
,6687991,Hazama Ando Corp,1719,<0.01%,Construction & Engineering,JP,---,"$4,102,721.29","360,100",1719.T,4.51722128494958e-05
,B7XJTN8,Qualys Inc,QLYS,<0.01%,Systems Software,US,---,"$4,101,780.75","28,337",QLYS,4.516185721720437e-05
,B19HX21,Celsius Holdings Inc,CELH,<0.01%,Soft Drinks & Non-alcoholic Beverages,US,---,"$4,096,848.55","140,255",CELH,4.510755219074319e-05
,6397580,Japan Real Estate Investment Corp,8952,<0.01%,Office REITs,JP,---,"$4,092,555.87","5,348",8952.T,4.506028847455379e-05
,BCBHZ31,BlackBerry Ltd,BB,<0.01%,Systems Software,CA,---,"$4,088,657.84","480,443",BB.TO,4.5017369975243854e-05
,6483467,Kanematsu Corp,8020,<0.01%,Trading Companies & Distributors,JP,---,"$4,086,930.97","313,100",8020.T,4.4998356609799435e-05
,6710347,Qantas Airways Ltd,QAN,<0.01%,Passenger Airlines,AU,---,"$4,085,227.66","587,041",QAN.AX,4.497960264714147e-05
,6290991,WT Microelectronics Co Ltd,3036,<0.01%,Technology Distributors,TW,---,"$4,080,926.82","676,159",3036.TW,4.4932249086863036e-05
,BN45WL6,Rigetti Computing Inc,RGTI,<0.01%,Semiconductors,US,---,"$4,078,135.75","272,785",RGTI,4.490151855480736e-05
,6895404,Tokyo Electric Power Co Holdings Inc,9501,<0.01%,Electric Utilities,JP,---,"$4,076,077.68","1,262,600",9501.T,4.487885857633752e-05
,BHHP0S4,Coca-Cola Femsa SAB de CV,KOFUBL,<0.01%,Soft Drinks & Non-alcoholic Beverages,MX,---,"$4,065,994.72","376,060",KOFUBL.MX,4.4767842111148155e-05
,B2Q4CR0,TISI Inc,3626,<0.01%,IT Consulting & Other Services,JP,---,"$4,063,652.99","169,500",3626.T,4.474205894955396e-05
,BYWFSB7,United Spirits Ltd,UNITDSPR,<0.01%,Distillers & Vintners,IN,---,"$4,061,551.51","255,625",UNITDSPR.NS,4.4718921013742825e-05
,BYWP840,Banca Mediolanum SpA,BMED,<0.01%,Diversified Financial Services,IT,---,"$4,061,069.29","151,561",BMED.MI,4.471361162445202e-05
,BTXSLB1,Mycronic AB,MYCR,<0.01%,Electronic Equipment & Instruments,SE,---,"$4,059,605.93","122,862",MYCR.ST,4.469749958448563e-05
,BVLNNN8,Piper Sandler Cos,PIPR,<0.01%,Investment Banking & Brokerage,US,---,"$4,059,317.40","53,553",PIPR,4.469432278117578e-05
,BYQD1J6,CSW Industrials Inc,CSW,<0.01%,Building Products,US,---,"$4,057,427.46","12,722",CSW,4.467351396529037e-05
,2173911,Radian Group Inc,RDN,<0.01%,Commercial & Residential Mortgage Finance,US,---,"$4,057,182.43","104,057",RDN,4.467081611024925e-05
,BVFNZH2,Rotork PLC,ROR,<0.01%,Industrial Machinery & Supplies & Components,GB,---,"$4,055,735.00","615,634",ROR.L,4.465487946444196e-05
,B800MQ5,Astra International Tbk PT,ASII,<0.01%,Industrial Conglomerates,ID,---,"$4,052,100.94","14,263,930",ASII.JK,4.461486735535039e-05
,B64KR62,MIRAIT ONE corp,1417,<0.01%,Construction & Engineering,JP,---,"$4,046,863.41","183,200",1417.T,4.455720055245488e-05
,6148272,HYUNDAI MOTOR CO LTD-2ND PRF,005387,<0.01%,Automobile Manufacturers,KR,---,"$4,045,685.14","29,369",005387.KS,4.4544227440349044e-05
,B01CGF1,NewMarket Corp,NEU,<0.01%,Specialty Chemicals,US,---,"$4,043,360.96","4,756",NEU,4.451863750960809e-05
,BYQ8481,Flughafen Zurich AG,FHZN,<0.01%,Airport Services,CH,---,"$4,040,665.78","13,746",FHZN.SW,4.448896275570159e-05
,6896548,Tokyu Corp,9005,<0.01%,Rail Transportation,JP,---,"$4,027,806.68","366,900",9005.T,4.434738014231063e-05
,BTFK8V4,Outfront Media Inc,OUT,<0.01%,Other Specialized REITs,US,---,"$4,024,288.64","126,272",OUT,4.430864544880844e-05
,6499806,Kyushu Electric Power Co Inc,9508,<0.01%,Electric Utilities,JP,---,"$4,019,472.54","362,800",9508.T,4.425561871876106e-05
,BNKVRZ7,Sotera Health Co,SHC,<0.01%,Life Sciences Tools & Services,US,---,"$4,015,785.28","224,848",SHC,4.4215020861441964e-05
,BN6PV62,Technoprobe SpA,TPRO,<0.01%,Semiconductor Materials & Equipment,IT,---,"$4,014,384.49","125,501",TPRO.MI,4.419959773626121e-05
,6290496,Taiwan Mobile Co Ltd,3045,<0.01%,Wireless Telecommunication Services,TW,---,"$4,014,127.84","1,155,800",3045.TW,4.4196771941475655e-05
,6711566,China Resources Power Holdings Co Ltd,836,<0.01%,Independent Power Producers & Energy Traders,HK,---,"$4,009,396.56","1,627,400",0836.HK,4.41446791055008e-05
,BMZ0WL3,MDA Space Ltd,MDA,<0.01%,Aerospace & Defense,CA,---,"$4,009,162.41","132,428",MDA.TO,4.414210104257839e-05
,BMTVT22,Gitlab Inc,GTLB,<0.01%,Systems Software,US,---,"$4,008,854.15","116,165",GTLB,4.413870700595033e-05
,2101967,SLM Corp,SLM,<0.01%,Consumer Finance,US,---,"$4,002,242.19","153,962",SLM,4.406590730951461e-05
,BJP0MF6,Cousins Properties Inc,CUZ,<0.01%,Office REITs,US,---,"$4,000,192.95","126,789",CUZ,4.404334455203818e-05
,6728793,MMG Ltd,1208,<0.01%,Diversified Metals & Mining,HK,---,"$3,994,612.19","3,722,163",1208.HK,4.398189868214776e-05
,B03L311,Ormat Technologies Inc,ORA,<0.01%,Renewable Electricity,US,---,"$3,985,947.84","40,848",ORA,4.3886501545774766e-05
,BSBND71,Yangtze Optical Fibre & Cable Joint Stock Ltd Co,6869,<0.01%,Communications Equipment,HK,---,"$3,984,577.87","328,500",6869.HK,4.387141775819498e-05
,2038849,Ameris Bancorp,ABCB,<0.01%,Regional Banks,US,---,"$3,981,136.50","45,650",ABCB,4.383352722477932e-05
,5476929,Barry Callebaut AG,BARN,<0.01%,Packaged Foods & Meats,CH,---,"$3,979,043.87","2,856",BARN.SW,4.38104867301677e-05
,BDG22J3,Valvoline Inc,VVV,<0.01%,Automotive Retail,US,---,"$3,971,786.05","103,405",VVV,4.373057591812632e-05
,BFZYWR2,TENCENT MUSIC ENTERTAINM-ADR,TME,<0.01%,Movies & Entertainment,US,ADR,"$3,967,894.35","419,883",TME,4.368772711404722e-05
,BDDQ975,elf Beauty Inc,ELF,<0.01%,Personal Care Products,US,---,"$3,965,789.16","47,844",ELF,4.366454833000444e-05
,6683591,Hokuhoku Financial Group Inc,8377,<0.01%,Regional Banks,JP,---,"$3,965,235.27","85,700",8377.T,4.365844983215225e-05
,5468346,AIXTRON SE,AIXA,<0.01%,Semiconductor Materials & Equipment,DE,---,"$3,959,167.14","93,861",AIXA.DE,4.359163786990013e-05
,BYVS6J1,CK Infrastructure Holdings Ltd,1038,<0.01%,Electric Utilities,HK,---,"$3,956,365.34","496,000",1038.HK,4.35607891972715e-05
,BN4N9C0,InPost SA,INPST,<0.01%,Air Freight & Logistics,NL,---,"$3,951,632.34","221,559",INPST.AS,4.3508677423571994e-05
,BN0TQF4,Zeta Global Holdings Corp,ZETA,<0.01%,Application Software,US,---,"$3,950,272.80","182,883",ZETA,4.349370847347365e-05
,BLG38Q1,Moelis & Co,MC,<0.01%,Investment Banking & Brokerage,US,---,"$3,941,419.56","58,757",MC,4.339623160058384e-05
,B00FM86,Banco Bradesco SA,BBDC3,<0.01%,Diversified Banks,BR,---,"$3,941,372.63","1,249,494",BBDC3.SA,4.339571488696886e-05
,6161978,Mirvac Group,MGR,<0.01%,Diversified REITs,AU,---,"$3,940,596.70","3,141,993",MGR.AX,4.3387171660988155e-05
,BW9HRR1,Liberty Live Holdings Inc,LLYVK,<0.01%,Movies & Entertainment,US,---,"$3,937,295.20","39,932",LLYVK,4.335082113893682e-05
,B3DG2Y3,KB FINANCIAL GROUP INC-ADR,KB,<0.01%,Diversified Banks,US,ADR,"$3,933,067.24","33,382",KB,4.330427000968886e-05
,6450988,Hyundai Engineering & Construction Co Ltd,000720,<0.01%,Construction & Engineering,KR,---,"$3,930,760.20","60,665",000720.KS,4.327886879557609e-05
,BF0GWS4,Wharf Real Estate Investment Co Ltd,1997,<0.01%,Real Estate Operating Companies,HK,---,"$3,928,513.75","1,161,600",1997.HK,4.325413469584499e-05
,B29VFC4,B2Gold Corp,BTO,<0.01%,Gold,CA,---,"$3,922,791.31","1,047,460",BTO.TO,4.319112888593816e-05
,B65SQW4,Enphase Energy Inc,ENPH,<0.01%,Semiconductor Materials & Equipment,US,---,"$3,916,398.04","104,326",ENPH,4.312073703310911e-05
,2092942,PriceSmart Inc,PSMT,<0.01%,Consumer Staples Merchandise Retail,US,---,"$3,911,164.70","20,170",PSMT,4.306311636339167e-05
,BJLTMN5,Esab Corp,ESAB,<0.01%,Industrial Machinery & Supplies & Components,US,---,"$3,907,781.33","45,161",ESAB,4.3025864427667666e-05
,6171494,USS Co Ltd,4732,<0.01%,Automotive Retail,JP,---,"$3,907,373.66","309,400",4732.T,4.3021375856616725e-05
,B1YBT08,Sunny Optical Technology Group Co Ltd,2382,<0.01%,Electronic Components,HK,---,"$3,905,208.81","546,400",2382.HK,4.299754019777595e-05
,BZ169C6,China International Capital Corp Ltd,3908,<0.01%,Investment Banking & Brokerage,HK,---,"$3,899,740.75","1,414,000",3908.HK,4.293733518926224e-05
,6765239,Samsung E&A Co Ltd,028050,<0.01%,Construction & Engineering,KR,---,"$3,893,028.20","131,513",028050.KS,4.286342796624372e-05
,BSLSJJ0,Tempus AI Inc,TEM,<0.01%,Life Sciences Tools & Services,US,---,"$3,887,627.79","88,617",TEM,4.280396780486518e-05
,BM8J5G3,Georg Fischer AG,GF,<0.01%,Industrial Machinery & Supplies & Components,CH,---,"$3,887,306.43","60,625",GF.SW,4.2800429533241254e-05
,2339252,White Mountains Insurance Group Ltd,WTM,<0.01%,Property & Casualty Insurance,US,---,"$3,887,093.69","1,853",WTM,4.2798087200949504e-05
,2930149,Vishay Intertechnology Inc,VSH,<0.01%,Electronic Components,US,---,"$3,884,517.52","113,516",VSH,4.276972278344444e-05
,BDT5M66,Construction Partners Inc,ROAD,<0.01%,Construction & Engineering,US,---,"$3,883,479.60","37,576",ROAD,4.2758294967649345e-05
,BMY0YX0,Valaris Ltd,VAL,<0.01%,Oil & Gas Drilling,US,---,"$3,871,836.67","48,893",VAL,4.263010275692479e-05
,6492924,Kinden Corp,1944,<0.01%,Construction & Engineering,JP,---,"$3,868,338.30","87,900",1944.T,4.259158463612251e-05
,6858560,Sumitomo Chemical Co Ltd,4005,<0.01%,Diversified Chemicals,JP,---,"$3,864,499.92","1,194,292",4005.T,4.254932290150752e-05
,6513342,Japan Metropolitan Fund Invest,8953,<0.01%,Retail REITs,JP,---,"$3,860,271.66","5,226",8953.T,4.250276846916806e-05
,B019MQ5,Asahi Intecc Co Ltd,7747,<0.01%,Health Care Supplies,JP,---,"$3,857,955.01","171,000",7747.T,4.247726144602396e-05
,BTZRLN8,Indivior Pharmaceuticals Inc,INDV,<0.01%,Pharmaceuticals,US,---,"$3,856,163.80","96,380",INDV,4.2457539677554006e-05
,B671GT8,Fibra Uno Administracion SA de CV,FUNO11,<0.01%,Diversified REITs,MX,---,"$3,856,133.54","2,141,273",FUNO11.MX,4.245720650572385e-05
,B39GNW2,EDP Renewables SA,EDPR,<0.01%,Renewable Electricity,PT,---,"$3,849,084.95","248,057",EDPR.LS,4.237959937980357e-05
,6985543,Azbil Corp,6845,<0.01%,Electronic Equipment & Instruments,JP,---,"$3,847,922.62","371,600",6845.T,4.236680177195989e-05
,B7FQV64,Raia Drogasil SA,RADL3,<0.01%,Drug Retail,BR,---,"$3,845,352.19","1,054,798",RADL3.SA,4.233850055360568e-05
,B01WL78,Belden Inc,BDC,<0.01%,Electronic Components,US,---,"$3,844,929.75","30,995",BDC,4.233384936034947e-05
,BFWHKM5,Eneva SA,ENEV3,<0.01%,Independent Power Producers & Energy Traders,BR,---,"$3,844,405.79","740,702",ENEV3.SA,4.232808040092678e-05
,BP0VMC3,U-Haul Holding Co,UHAL/B,<0.01%,Cargo Ground Transportation,US,---,"$3,843,538.44","61,418",UHAL-B,4.231853061286038e-05
,6000305,Jiangxi Copper Co Ltd,358,<0.01%,Copper,HK,---,"$3,842,492.33","854,000",0358.HK,4.23070126226671e-05
,BF03BV1,Ayvens SA,AYV,<0.01%,Passenger Ground Transportation,FR,---,"$3,840,408.26","284,945",AYV.PA,4.228406637626652e-05
,B17BBQ5,Investec PLC,INVP,<0.01%,Diversified Capital Markets,GB,---,"$3,838,585.24","438,586",INVP.L,4.226399436999361e-05
,6810429,Sino Land Co Ltd,83,<0.01%,Real Estate Development,HK,---,"$3,835,887.34","2,816,279",0083.HK,4.223428966805743e-05
,2645517,GERDAU SA-PREF,GGBR4,<0.01%,Steel,BR,---,"$3,831,470.70","777,514",GGBR4.SA,4.2185661114456714e-05
,B0VLLY2,Uranium Energy Corp,UEC,<0.01%,Coal & Consumable Fuels,US,---,"$3,829,152.00","398,870",UEC,4.216013152018731e-05
,BFXG366,Pepkor Holdings Ltd,PPH,<0.01%,Apparel Retail,ZA,---,"$3,824,947.11","2,971,754",PPH.JO,4.2113834398676354e-05
,6459930,Inventec Corp,2356,<0.01%,"Technology Hardware, Storage & Peripherals",TW,---,"$3,820,114.01","2,034,554",2356.TW,4.206062049344349e-05
,6883807,Sysmex Corp,6869,<0.01%,Health Care Equipment,JP,---,"$3,816,876.46","378,002",6869.T,4.202497408039873e-05
,6895200,Toho Co Ltd/Tokyo,9602,<0.01%,Movies & Entertainment,JP,---,"$3,801,726.09","395,900",9602.T,4.185816388540529e-05
,B6XFBX3,Telefonica Brasil SA,VIVT3,<0.01%,Integrated Telecommunication Services,BR,---,"$3,801,562.52","590,582",VIVT3.SA,4.1856362929811794e-05
,B156T57,SBM Offshore NV,SBMO,<0.01%,Oil & Gas Equipment & Services,NL,---,"$3,801,401.34","101,789",SBMO.AS,4.185458828884731e-05
,B9HHD96,HA Sustainable Infrastructure Capital Inc,HASI,<0.01%,Specialized Finance,US,---,"$3,795,179.92","100,216",HASI,4.17860885569374e-05
,B3PQ520,Starwood Property Trust Inc,STWD,<0.01%,Mortgage REITs,US,---,"$3,794,498.94","237,453",STWD,4.1778590759419145e-05
,4661607,Verbund AG,VER,<0.01%,Electric Utilities,AT,---,"$3,788,531.43","55,195",VER.VI,4.1712886654059e-05
,BWTVWD4,Virtu Financial Inc,VIRT,<0.01%,Investment Banking & Brokerage,US,---,"$3,787,673.89","64,493",VIRT,4.170344487708492e-05
,BRXWDB3,Zabka Group SA,ZAB,<0.01%,Food Retail,PL,---,"$3,786,884.80","444,325",ZAB.WA,4.169475675549004e-05
,B02FBC1,Perseus Mining Ltd,PRU,<0.01%,Gold,AU,---,"$3,784,834.05","1,105,619",PRU.AX,4.167217737245301e-05
,BGDT3G2,Rightmove PLC,RMV,<0.01%,Interactive Media & Services,GB,---,"$3,784,829.07","603,686",RMV.L,4.167212254113397e-05
,B0BN7W8,Financiere de Tubize SA,TUB,<0.01%,Pharmaceuticals,BE,---,"$3,783,665.17","16,918",TUB.BR,4.1659307647111395e-05
,6109893,Yankuang Energy Group Co Ltd,1171,<0.01%,Coal & Consumable Fuels,HK,---,"$3,783,593.23","2,485,600",1171.HK,4.165851556576764e-05
,BK8VQD9,Warehouses De Pauw CVA,WDP,<0.01%,Industrial REITs,BE,---,"$3,776,836.67","146,759",WDP.BR,4.158412377922482e-05
,2572303,Mattel Inc,MAT,<0.01%,Leisure Products,US,---,"$3,776,589.39","250,271",MAT,4.1581401150997396e-05
,BJZ2ZR5,Varonis Systems Inc,VRNS,<0.01%,Systems Software,US,---,"$3,776,233.80","94,524",VRNS,4.1577485996632334e-05
,B87CVM3,Aurizon Holdings Ltd,AZJ,<0.01%,Rail Transportation,AU,---,"$3,775,951.06","1,284,005",AZJ.AX,4.1574372942988603e-05
,2966876,Rush Enterprises Inc,RUSHA,<0.01%,Trading Companies & Distributors,US,---,"$3,773,428.68","47,292",RUSHA,4.1546600769791016e-05
,B296ZH4,Sinotruk Hong Kong Ltd,3808,<0.01%,Construction Machinery & Heavy Transportation Equipment,HK,---,"$3,773,245.98","728,000",3808.HK,4.154458918706232e-05
,B5ZQ9D3,Evonik Industries AG,EVK,<0.01%,Specialty Chemicals,DE,---,"$3,771,642.80","186,441",EVK.DE,4.152693768624686e-05
,6225744,Compal Electronics Inc,2324,<0.01%,"Technology Hardware, Storage & Peripherals",TW,---,"$3,770,238.79","3,428,323",2324.TW,4.151147910788391e-05
,6416281,Dentsu Group Inc,4324,<0.01%,Advertising,JP,---,"$3,768,737.38","169,849",4324.T,4.1494948125811185e-05
,B1GJFG8,Lotes Co Ltd,3533,<0.01%,Electronic Components,TW,---,"$3,765,207.72","66,807",3533.TW,4.145608549256457e-05
,2762030,Bread Financial Holdings Inc,BFH,<0.01%,Consumer Finance,US,---,"$3,760,403.72","34,796",BFH,4.1403191987208036e-05
,B63QM77,Nexon Co Ltd,3659,<0.01%,Interactive Home Entertainment,JP,---,"$3,760,195.94","239,924",3659.T,4.140090426602923e-05
,BNXKSK3,Ryan Specialty Holdings Inc,RYAN,<0.01%,Insurance Brokers,US,---,"$3,759,384.96","85,131",RYAN,4.139197512885728e-05
,6744283,E Ink Holdings Inc,8069,<0.01%,Electronic Components,TW,---,"$3,756,885.23","649,272",8069.TWO,4.1364452339068585e-05
,BYMYT66,Laureate Education Inc,LAUR,<0.01%,Education Services,US,---,"$3,755,989.02","98,042",LAUR,4.135458479359907e-05
,6408448,Samsung Securities Co Ltd,016360,<0.01%,Investment Banking & Brokerage,KR,---,"$3,755,254.08","55,403",016360.KS,4.134649288002148e-05
,6136040,Vedanta Ltd,VEDL,<0.01%,Diversified Metals & Mining,IN,---,"$3,755,019.20","1,352,566",VEDL.NS,4.134390677957641e-05
,6416322,Hikari Tsushin Inc,9435,<0.01%,Industrial Conglomerates,JP,---,"$3,741,104.61","15,300",9435.T,4.119070289933099e-05
,B03DN17,Itau Unibanco Holding SA,ITUB3,<0.01%,Diversified Banks,BR,---,"$3,736,544.00","415,011",ITUB3.SA,4.114048919211532e-05
,BJTJGC4,Kontoor Brands Inc,KTB,<0.01%,"Apparel, Accessories & Luxury Goods",US,---,"$3,736,060.10","44,615",KTB,4.113516130551207e-05
,4143053,mBank SA,MBK,<0.01%,Diversified Banks,PL,---,"$3,736,046.61","10,304",MBK.WA,4.113501277649724e-05
,7110720,Adecco Group AG,ADEN,<0.01%,Human Resource & Employment Services,CH,---,"$3,733,642.29","133,577",ADEN.SW,4.11085404799113e-05
,6249658,Mirae Asset Securities Co Ltd,006800,<0.01%,Diversified Capital Markets,KR,---,"$3,733,612.08","157,167",006800.KS,4.11082078585964e-05
,6972459,China Resources Beer Holdings Co Ltd,291,<0.01%,Brewers,HK,---,"$3,732,798.96","1,237,181",0291.HK,4.109925515937169e-05
,BFD1TJ6,Resideo Technologies Inc,REZI,<0.01%,Building Products,US,---,"$3,728,821.60","108,712",REZI,4.1055463212563845e-05
,2366799,Gentex Corp,GNTX,<0.01%,Automotive Parts & Equipment,US,---,"$3,727,438.40","159,565",GNTX,4.104023375864853e-05
,6333937,ENN Energy Holdings Ltd,2688,<0.01%,Gas Utilities,HK,---,"$3,724,504.58","622,418",2688.HK,4.100793150555006e-05
,BRS6600,Boot Barn Holdings Inc,BOOT,<0.01%,Apparel Retail,US,---,"$3,724,452.02","24,998",BOOT,4.100735280391776e-05
,B07LST0,ExlService Holdings Inc,EXLS,<0.01%,Data Processing & Outsourced Services,US,---,"$3,723,478.20","109,740",EXLS,4.099663074867499e-05
,2498001,Kulicke & Soffa Industries Inc,KLIC,<0.01%,Semiconductor Materials & Equipment,US,---,"$3,723,475.60","41,743",KLIC,4.0996602121881914e-05
,2580555,Merit Medical Systems Inc,MMSI,<0.01%,Health Care Supplies,US,---,"$3,721,482.77","43,777",MMSI,4.0974660455712125e-05
,7302215,CD Projekt SA,CDR,<0.01%,Interactive Home Entertainment,PL,---,"$3,721,088.92","55,630",CDR.WA,4.097032404707668e-05
,B1W8P14,Aalberts NV,AALB,<0.01%,Industrial Machinery & Supplies & Components,NL,---,"$3,718,719.63","75,086",AALB.AS,4.094423744147589e-05
,B8J3TH5,Tamarack Valley Energy Ltd,TVE,<0.01%,Oil & Gas Exploration & Production,CA,---,"$3,718,487.73","388,722",TVE.TO,4.0941684151739804e-05
,BD4T5X1,HUB24 Ltd,HUB,<0.01%,Investment Banking & Brokerage,AU,---,"$3,717,024.28","62,423",HUB.AX,4.0925571120845954e-05
,7147892,Temenos AG,TEMN,<0.01%,Application Software,CH,---,"$3,717,021.50","44,684",TEMN.SW,4.092554051219798e-05
,B1GC200,Primoris Services Corp,PRIM,<0.01%,Construction & Engineering,US,---,"$3,716,572.30","44,030",PRIM,4.0920594683179214e-05
,0682538,Persimmon PLC,PSN,<0.01%,Homebuilding,GB,---,"$3,715,783.95","247,551",PSN.L,4.0911914709210064e-05
,2683410,PETROLEO BRASIL-SP PREF  ADR,PBR/A,<0.01%,Integrated Oil & Gas,US,ADR,"$3,714,861.50","216,610",PBR-A,4.090175825333659e-05
,BP4DCB4,FSN E-Commerce Ventures Ltd,NYKAA,<0.01%,Other Specialty Retail,IN,---,"$3,711,008.21","1,061,664",NYKAA.NS,4.085933235507363e-05
,BMH0MP5,ServisFirst Bancshares Inc,SFBS,<0.01%,Regional Banks,US,---,"$3,709,417.00","41,446",SFBS,4.084181264760935e-05
,2192392,Cheesecake Factory Inc/The,CAKE,<0.01%,Restaurants,US,---,"$3,708,219.46","36,563",CAKE,4.082862736692562e-05
,B01ZVZ5,Acerinox SA,ACX,<0.01%,Steel,ES,---,"$3,705,427.69","184,025",ACX.MC,4.0797889127656425e-05
,2933438,Urban Outfitters Inc,URBN,<0.01%,Apparel Retail,US,---,"$3,703,362.32","49,924",URBN,4.0775148773959876e-05
,BF3FTF4,CNX Resources Corp,CNX,<0.01%,Oil & Gas Exploration & Production,US,---,"$3,701,863.20","103,404",CNX,4.0758643005485674e-05
,2483074,Trex Co Inc,TREX,<0.01%,Building Products,US,---,"$3,698,694.72","85,302",TREX,4.072375707420923e-05
,2535243,Louisiana-Pacific Corp,LPX,<0.01%,Building Products,US,---,"$3,693,785.14","50,998",LPX,4.066970110084778e-05
,6776907,Sapporo Breweries Ltd,2501,<0.01%,Brewers,JP,---,"$3,693,303.16","292,500",2501.T,4.066439435403019e-05
,B552PC2,MakeMyTrip Ltd,MMYT,<0.01%,"Hotels, Resorts & Cruise Lines",US,---,"$3,687,569.45","64,751",MMYT,4.060126445798568e-05
,B0FHTN1,Ultrapar Participacoes SA,UGPA3,<0.01%,Automotive Retail,BR,---,"$3,684,982.26","565,196",UGPA3.SA,4.0572778706919195e-05
,6100089,Bidvest Group Ltd,BVT,<0.01%,Industrial Conglomerates,ZA,---,"$3,683,400.38","245,492",BVT.JO,4.055536172560084e-05
,BJ1DLW9,Man Group PLC/Jersey,EMG,<0.01%,Asset Management & Custody Banks,GB,---,"$3,680,642.65","898,912",EMG.L,4.0524998277114815e-05
,B4XY9X2,Benefit Systems SA,BFT,<0.01%,Human Resource & Employment Services,PL,---,"$3,678,485.00","2,538",BFT.WA,4.0501241892470244e-05
,2655583,Oceaneering International Inc,OII,<0.01%,Oil & Gas Equipment & Services,US,---,"$3,673,231.56","75,302",OII,4.044339991562174e-05
,6309262,Square Enix Holdings Co Ltd,9684,<0.01%,Interactive Home Entertainment,JP,---,"$3,671,882.45","210,900",9684.T,4.042854580300484e-05
,BZ56Q65,Bank OZK,OZK,<0.01%,Regional Banks,US,---,"$3,668,770.80","71,516",OZK,4.039428558736316e-05
,B1HHFV6,Kingboard Laminates Holdings Ltd,1888,<0.01%,Electronic Components,HK,---,"$3,667,080.86","984,358",1888.HK,4.037567883248343e-05
,B51BMR7,Algonquin Power & Utilities Corp,AQN,<0.01%,Multi-Utilities,CA,---,"$3,666,675.46","626,845",AQN.TO,4.037121525482491e-05
,2719070,RLI Corp,RLI,<0.01%,Property & Casualty Insurance,US,---,"$3,664,907.80","59,845",RLI,4.035175277903837e-05
,2360326,Gap Inc/The,GAP,<0.01%,Apparel Retail,US,---,"$3,663,893.66","182,374",GAP,4.034058678829684e-05
,6267058,Otsuka Corp,4768,<0.01%,IT Consulting & Other Services,JP,---,"$3,662,631.60","177,500",4768.T,4.032669112273268e-05
,6428725,Hirose Electric Co Ltd,6806,<0.01%,Electronic Components,JP,---,"$3,660,178.23","21,721",6806.T,4.02996787706851e-05
,B1HHB18,KBR Inc,KBR,<0.01%,Research & Consulting Services,US,---,"$3,658,034.59","99,919",KBR,4.027607664041398e-05
,BDC6LT2,Tokyu Fudosan Holdings Corp,3289,<0.01%,Diversified Real Estate Activities,JP,---,"$3,656,910.52","439,986",3289.T,4.026370028684068e-05
,6869131,THK Co Ltd,6481,<0.01%,Industrial Machinery & Supplies & Components,JP,---,"$3,654,072.64","88,800",6481.T,4.023245436240663e-05
,BJH4V15,Embassy Office Parks REIT,EMBASSY,<0.01%,Office REITs,IN,---,"$3,653,229.76","795,955",EMBASSY.NS,4.022317399650427e-05
,2659518,Onex Corp,ONEX,<0.01%,Asset Management & Custody Banks,CA,---,"$3,652,936.75","47,707",ONEX.TO,4.021994786702789e-05
,BJ0KXV4,ONE Gas Inc,OGS,<0.01%,Gas Utilities,US,---,"$3,651,646.55","47,027",OGS,4.0205742371480226e-05
,BV1VXB0,WinWay Technology Co Ltd,6515,<0.01%,Semiconductor Materials & Equipment,TW,---,"$3,648,571.95","20,787",6515.TW,4.017189008763984e-05
,BWGCFG4,Fuyao Glass Industry Group Co Ltd,3606,<0.01%,Automotive Parts & Equipment,HK,---,"$3,644,782.91","482,000",3606.HK,4.0130171601474957e-05
,6420538,Henderson Land Development Co Ltd,12,<0.01%,Real Estate Development,HK,---,"$3,643,117.03","1,004,896",0012.HK,4.011182975453421e-05
,BP3R295,Industrial Bank Co Ltd,601166,<0.01%,Diversified Banks,CN,---,"$3,641,493.51","1,300,700",601166.SS,4.009395430411447e-05
,B2QH310,Iridium Communications Inc,IRDM,<0.01%,Alternative Carriers,US,---,"$3,639,357.18","76,877",IRDM,4.0070432659173104e-05
,B523Z73,Northwest Bancshares Inc,NWBI,<0.01%,Regional Banks,US,---,"$3,636,506.64","231,036",NWBI,4.003904734427739e-05
,2495529,Kilroy Realty Corp,KRC,<0.01%,Office REITs,US,---,"$3,636,385.86","93,673",KRC,4.0037717519636056e-05
,B02K2M3,M3 Inc,2413,<0.01%,Health Care Technology,JP,---,"$3,632,495.97","324,238",2413.T,3.999488864420906e-05
,6805317,Hulic Co Ltd,3003,<0.01%,Real Estate Operating Companies,JP,---,"$3,632,344.83","330,371",3003.T,3.9993224546707056e-05
,2367963,Golar LNG Ltd,GLNG,<0.01%,Oil & Gas Storage & Transportation,US,---,"$3,630,759.65","73,871",GLNG,3.9975771231382105e-05
,6804165,77 Bank Ltd/The,8341,<0.01%,Regional Banks,JP,---,"$3,629,130.69","167,500",8341.T,3.9957835884903006e-05
,BMBP900,Krafton Inc,259960,<0.01%,Interactive Home Entertainment,KR,---,"$3,624,785.17","21,449",259960.KS,3.9909990384195905e-05
,BDHF4K6,CRISPR Therapeutics AG,CRSP,<0.01%,Biotechnology,US,---,"$3,618,062.08","75,392",CRSP,3.9835967112562384e-05
,6642860,Nissan Motor Co Ltd,7201,<0.01%,Automobile Manufacturers,JP,---,"$3,617,969.09","1,713,641",7201.T,3.9834943264297784e-05
,B8KF9B4,WPP PLC,WPP,<0.01%,Advertising,GB,---,"$3,615,193.33","895,009",WPP.L,3.98043813000121e-05
,BD5CN80,Luxshare Precision Industry Co Ltd,002475,<0.01%,Electronic Components,CN,---,"$3,613,834.56","424,069",002475.SZ,3.978942082784863e-05
,BMQ60Q1,UFP Industries Inc,UFPI,<0.01%,Building Products,US,---,"$3,606,909.42","41,583",UFPI,3.9713172924084114e-05
,BFWCP81,ADT Inc,ADT,<0.01%,Specialized Consumer Services,US,---,"$3,604,330.44","471,771",ADT,3.968477756762192e-05
,6155937,DB Insurance Co Ltd,005830,<0.01%,Property & Casualty Insurance,KR,---,"$3,603,444.25","33,276",005830.KS,3.967502034540878e-05
,B1JNG19,RadNet Inc,RDNT,<0.01%,Health Care Services,US,---,"$3,602,166.84","56,478",RDNT,3.966095567166243e-05
,B1H5082,Zhaojin Mining Industry Co Ltd,1818,<0.01%,Gold,HK,---,"$3,601,324.92","1,328,500",1818.HK,3.96516858756529e-05
,2601326,Meritage Homes Corp,MTH,<0.01%,Homebuilding,US,---,"$3,601,119.60","51,298",MTH,3.9649425239824465e-05
,2351449,FTI Consulting Inc,FCN,<0.01%,Research & Consulting Services,US,---,"$3,599,597.30","22,585",FCN,3.96326642524797e-05
,B9G6L89,LEG Immobilien SE,LEG,<0.01%,Real Estate Operating Companies,DE,---,"$3,595,705.43","59,890",LEG.DE,3.9589813576648735e-05
,B0MP1B0,Shenzhou International Group Holdings Ltd,2313,<0.01%,"Apparel, Accessories & Luxury Goods",HK,---,"$3,595,642.71","632,666",2313.HK,3.958912301031735e-05
,B5VQMV6,Entain PLC,ENT,<0.01%,Casinos & Gaming,GB,---,"$3,593,909.42","490,896",ENT.L,3.957003895871464e-05
,BYSFJV8,Planet Fitness Inc,PLNT,<0.01%,Leisure Facilities,US,---,"$3,589,701.55","64,205",PLNT,3.95237090264947e-05
,B23TC12,J Front Retailing Co Ltd,3086,<0.01%,Broadline Retail,JP,---,"$3,589,433.41","192,900",3086.T,3.952075672330438e-05
,6596923,Mitsubishi Gas Chemical Co Inc,4182,<0.01%,Diversified Chemicals,JP,---,"$3,585,244.94","138,800",4182.T,3.947464039100199e-05
,BMXL9H3,Eastern Bankshares Inc,EBC,<0.01%,Regional Banks,US,---,"$3,584,997.36","156,141",EBC,3.9471914459683055e-05
,BK63SF3,Envista Holdings Corp,NVST,<0.01%,Health Care Equipment,US,---,"$3,583,782.06","131,226",NVST,3.9458533635982015e-05
,BYYGJZ9,Impinj Inc,PI,<0.01%,Semiconductors,US,---,"$3,583,448.00","23,675",PI,3.9454855533484224e-05
,2822398,Grupo Financiero Inbursa SAB de CV,GFINBURO,<0.01%,Diversified Banks,MX,---,"$3,583,192.41","1,394,900",GFINBURO.MX,3.945204140962201e-05
,BH4GV32,Vontier Corp,VNT,<0.01%,Electronic Equipment & Instruments,US,---,"$3,576,583.08","111,316",VNT,3.937927067028852e-05
,B4MGD82,TAL EDUCATION GROUP- ADR,TAL,<0.01%,Education Services,US,ADR,"$3,575,075.00","286,006",TAL,3.936266624948125e-05
,B01JCK9,Li Ning Co Ltd,2331,<0.01%,"Apparel, Accessories & Luxury Goods",HK,---,"$3,568,554.69","1,847,250",2331.HK,3.929087564750139e-05
,4421704,GEK TERNA SA,GEKTERNA,<0.01%,Construction & Engineering,GR,---,"$3,565,067.70","68,107",GEKTERNA.AT,3.925248282397034e-05
,6639163,Nifco Inc/Japan,7988,<0.01%,Automotive Parts & Equipment,JP,---,"$3,564,252.69","110,102",7988.T,3.924350931526913e-05
,2393452,Grupo Carso SAB de CV,GCARSOA1,<0.01%,Industrial Conglomerates,MX,---,"$3,563,367.62","416,267",GCARSOA1.MX,3.9233764424597625e-05
,2874582,Tanger Inc,SKT,<0.01%,Retail REITs,US,---,"$3,555,920.30","87,455",SKT,3.9151767159753365e-05
,BSF1LT9,Swiggy Ltd,SWIGGY,<0.01%,Restaurants,IN,---,"$3,553,902.65","1,190,669",SWIGGY.NS,3.9129552217812775e-05
,2392471,Grupo Bimbo SAB de CV,BIMBOA,<0.01%,Packaged Foods & Meats,MX,---,"$3,552,070.44","992,900",BIMBOA.MX,3.9109379026836644e-05
,BLR7B52,MARA Holdings Inc,MARA,<0.01%,Application Software,US,---,"$3,545,276.84","313,187",MARA,3.9034579418595575e-05
,B00FSK0,BANCO BRADESCO-ADR,BBD,<0.01%,Diversified Banks,US,ADR,"$3,535,608.73","979,393",BBD,3.892813057844724e-05
,BRJMM32,Globalstar Inc,GSAT,<0.01%,Alternative Carriers,US,---,"$3,535,312.00","42,400",GSAT,3.892486349063617e-05
,BVB3BV2,Box Inc,BOX,<0.01%,Application Software,US,---,"$3,532,117.15","111,953",BOX,3.8889687217616106e-05
,BN770J3,Global-e Online Ltd,GLBE,<0.01%,Broadline Retail,US,---,"$3,530,077.31","89,801",GLBE,3.886722795700694e-05
,B23G0X1,Genesis Minerals Ltd,GMD,<0.01%,Gold,AU,---,"$3,528,595.09","880,830",GMD.AX,3.885090826268771e-05
,BYL7SB4,Colliers International Group Inc,CIGI,<0.01%,Real Estate Services,CA,---,"$3,527,292.02","35,873",CIGI.TO,3.8836561064514326e-05
,2149622,Materion Corp,MTRN,<0.01%,Diversified Metals & Mining,US,---,"$3,520,817.16","16,699",MTRN,3.876527088089801e-05
,BF1GM16,Cactus Inc. Class A,WHD,<0.01%,Oil & Gas Equipment & Services,US,---,"$3,520,811.58","54,158",WHD,3.8765209443395955e-05
,2162500,Cabot Corp,CBT,<0.01%,Commodity Chemicals,US,---,"$3,517,895.34","39,967",CBT,3.8733100751459865e-05
,BZ4BQC7,Johnson Matthey PLC,JMAT,<0.01%,Specialty Chemicals,GB,---,"$3,515,397.47","130,130",JMAT.L,3.8705598440838527e-05
,B8XXZP1,EPR Properties,EPR,<0.01%,Other Specialized REITs,US,---,"$3,515,396.52","56,636",EPR,3.870558798104875e-05
,B019M65,Azimut Holding SpA,AZM,<0.01%,Asset Management & Custody Banks,IT,---,"$3,515,142.59","82,758",AZM.MI,3.870279213429288e-05
,BLGWF90,Vallourec SACA,VK,<0.01%,Oil & Gas Equipment & Services,FR,---,"$3,514,358.94","145,757",VK.PA,3.869416390875736e-05
,5999330,Teleperformance SE,TEP,<0.01%,Data Processing & Outsourced Services,FR,---,"$3,510,665.36","44,126",TEP.PA,3.865349646631049e-05
,BN6QSM0,OUTsurance Group Ltd,OUT,<0.01%,Property & Casualty Insurance,ZA,---,"$3,508,959.44","701,043",OUT.JO,3.86347137667564e-05
,BYMT0J1,LivaNova PLC,LIVN,<0.01%,Health Care Equipment,US,---,"$3,505,243.46","43,739",LIVN,3.859379969347689e-05
,2381093,TELUS Corp,T,<0.01%,Integrated Telecommunication Services,CA,---,"$3,496,896.43","366,377",T.TO,3.8501896347095515e-05
,BMHL0Z4,WillScot Holdings Corp,WSC,<0.01%,Construction & Engineering,US,---,"$3,492,629.44","143,848",WSC,3.845491548564229e-05
,5228658,Randstad NV,RAND,<0.01%,Human Resource & Employment Services,NL,---,"$3,491,860.83","82,597",RAND.AS,3.84464528550944e-05
,2691305,Brink's Co/The,BCO,<0.01%,Security & Alarm Services,US,---,"$3,490,958.40","29,472",BCO,3.84365168255276e-05
,B1G40S0,Mapfre SA,MAP,<0.01%,Multi-line Insurance,ES,---,"$3,488,991.34","682,322",MAP.MC,3.84148588949184e-05
,B4TDF13,CHUNGHWA TELECOM LT-SPON ADR,CHT,<0.01%,Integrated Telecommunication Services,US,ADR,"$3,484,816.24","81,784",CHT,3.836888977039424e-05
,BZ22B38,Ollie's Bargain Outlet Holdings Inc,OLLI,<0.01%,Broadline Retail,US,---,"$3,480,420.84","47,372",OLLI,3.832049507567231e-05
,BF7J7N6,Tenable Holdings Inc,TENB,<0.01%,Systems Software,US,---,"$3,480,207.36","106,624",TENB,3.831814459575485e-05
,BNZJHH8,Remitly Global Inc,RELY,<0.01%,Transaction & Payment Processing Services,US,---,"$3,470,102.46","152,398",RELY,3.820688656447316e-05
,2814005,Champion Homes Inc,SKY,<0.01%,Homebuilding,US,---,"$3,469,563.02","43,582",SKY,3.8200947165528626e-05
,BYXH7P9,ICICI Lombard General Insurance Co Ltd,ICICIGI,<0.01%,Property & Casualty Insurance,IN,---,"$3,465,786.37","203,672",ICICIGI.NS,3.8159365097043044e-05
,6098816,Taiwan Business Bank,2834,<0.01%,Diversified Banks,TW,---,"$3,465,463.84","6,175,150",2834.TW,3.8155813943362224e-05
,BH4DMW9,Silergy Corp,6415,<0.01%,Semiconductors,TW,---,"$3,462,626.68","278,000",6415.TW,3.812457594634779e-05
,2787022,Cavco Industries Inc,CVCO,<0.01%,Homebuilding,US,---,"$3,458,323.66","6,322",CVCO,3.80771983836044e-05
,6405869,HMM Co Ltd,011200,<0.01%,Marine Transportation,KR,---,"$3,457,707.29","237,298",011200.KS,3.807041196189403e-05
,B03MVJ8,KOC Holding AS,KCHOL,<0.01%,Industrial Conglomerates,TR,---,"$3,446,882.71","833,122",KCHOL.IS,3.7951230034289485e-05
,B033YN6,Dexus,DXS,<0.01%,Office REITs,AU,---,"$3,446,163.46","820,588",DXS.AX,3.7943310872397797e-05
,BPLL4V5,Knife River Corp,KNF,<0.01%,Construction Materials,US,---,"$3,444,624.09","47,077",KNF,3.79263619391462e-05
,B5B23W2,Sands China Ltd,1928,<0.01%,Casinos & Gaming,HK,---,"$3,443,054.61","1,836,000",1928.HK,3.790908148561019e-05
,2004185,Abercrombie & Fitch Co,ANF,<0.01%,Apparel Retail,US,---,"$3,441,595.50","34,575",ANF,3.789301623944017e-05
,BMXYT16,Travel + Leisure Co,TNL,<0.01%,"Hotels, Resorts & Cruise Lines",US,---,"$3,441,501.42","45,271",TNL,3.78919803899431e-05
,B65B4D0,Vodacom Group Ltd,VOD,<0.01%,Wireless Telecommunication Services,ZA,---,"$3,438,042.88","355,335",VOD.JO,3.78539008095901e-05
,BH6XZT5,Valmet Oyj,VALMT,<0.01%,Industrial Machinery & Supplies & Components,FI,---,"$3,436,397.73","113,966",VALMT.HE,3.78357872062726e-05
,BWVFKQ3,Vend Marketplaces ASA,VEND,<0.01%,Interactive Media & Services,NO,---,"$3,433,968.67","135,367",VEND.OL,3.780904251474026e-05
,BDZCRX3,RingCentral Inc,RNG,<0.01%,Application Software,US,---,"$3,430,697.22","61,681",RNG,3.777302285235503e-05
,BY9D3L9,3SBio Inc,1530,<0.01%,Biotechnology,HK,---,"$3,429,710.64","1,606,000",1530.HK,3.77621603056201e-05
,BYXZ2W5,Rumo SA,RAIL3,<0.01%,Rail Transportation,BR,---,"$3,427,200.82","1,203,116",RAIL3.SA,3.773452642185366e-05
,BT6MM39,Flagstar Bank NA,FLG,<0.01%,Regional Banks,US,---,"$3,424,901.22","240,851",FLG,3.770920712441031e-05
,BP0RGD0,Berkeley Group Holdings PLC,BKG,<0.01%,Homebuilding,GB,---,"$3,424,322.83","72,499",BKG.L,3.770283887408492e-05
,BN2BZT5,Bank of Cyprus Holdings PLC,BOCHGR,<0.01%,Diversified Banks,GR,---,"$3,422,080.71","288,434",BOCHGR.AT,3.7678152448974594e-05
,BD6F8V6,LTM Ltd,LTM,<0.01%,IT Consulting & Other Services,IN,---,"$3,416,855.92","74,636",LTM.NS,3.7620625917365154e-05
,B0XP0T0,Castellum AB,CAST,<0.01%,Real Estate Operating Companies,SE,---,"$3,412,655.52","243,148",CAST.ST,3.757437823212378e-05
,B7MJWP2,Bright Horizons Family Solutions Inc,BFAM,<0.01%,Education Services,US,---,"$3,409,683.22","45,743",BFAM,3.754165230248781e-05
,6597368,Mitsui Chemicals Inc,4183,<0.01%,Commodity Chemicals,JP,---,"$3,407,903.39","259,200",4183.T,3.7522055831289066e-05
,0309644,RS GROUP PLC,RS1,<0.01%,Trading Companies & Distributors,GB,---,"$3,407,801.32","357,892",RS1.L,3.7520932009454815e-05
,2117232,Boyd Gaming Corp,BYD,<0.01%,Casinos & Gaming,US,---,"$3,405,632.28","40,038",BYD,3.749705021743597e-05
,2471949,Itron Inc,ITRI,<0.01%,Electronic Equipment & Instruments,US,---,"$3,401,196.48","34,128",ITRI,3.74482107063909e-05
,2162845,Campbell's Company/The,CPB,<0.01%,Packaged Foods & Meats,US,---,"$3,390,942.52","154,274",CPB,3.733531147904168e-05
,2469375,IGM Financial Inc,IGM,<0.01%,Asset Management & Custody Banks,CA,---,"$3,389,469.20","54,515",IGM.TO,3.7319089776437206e-05
,2839268,Synaptics Inc,SYNA,<0.01%,Semiconductors,US,---,"$3,386,375.28","31,554",SYNA,3.728502477350367e-05
,BL951P4,LandMark Optoelectronics Corp,3081,<0.01%,Semiconductor Materials & Equipment,TW,---,"$3,384,726.04","69,960",3081.TWO,3.72668661380386e-05
,BTFRPD6,Fibra MTY SAPI de CV,FMTY14,<0.01%,Industrial REITs,MX,---,"$3,383,819.35","3,912,287",FMTY14.MX,3.725688320457238e-05
,5914270,Allreal Holding AG,ALLN,<0.01%,Diversified Real Estate Activities,CH,---,"$3,377,378.51","12,911",ALLN.SW,3.7185967591533125e-05
,B8RBZV7,GLP J-Reit,3281,<0.01%,Industrial REITs,JP,---,"$3,376,923.67","3,716",3281.T,3.7180959664394e-05
,2855855,Asbury Automotive Group Inc,ABG,<0.01%,Automotive Retail,US,---,"$3,374,478.80","14,564",ABG,3.715404089993917e-05
,BF2X272,Warrior Met Coal Inc,HCC,<0.01%,Steel,US,---,"$3,364,998.75","42,375",HCC,3.7049662657754485e-05
,6900308,Mazda Motor Corp,7261,<0.01%,Automobile Manufacturers,JP,---,"$3,363,148.23","461,300",7261.T,3.702928786809329e-05
,6858861,Sumitomo Forestry Co Ltd,1911,<0.01%,Homebuilding,JP,---,"$3,358,584.39","398,200",1911.T,3.6979038597592387e-05
,BF5P189,Delek US Holdings Inc,DK,<0.01%,Oil & Gas Refining & Marketing,US,---,"$3,350,945.51","49,373",DK,3.689493219871688e-05
,BFSSBH4,Cembra Money Bank AG,CMBN,<0.01%,Consumer Finance,CH,---,"$3,350,609.82","30,137",CMBN.SW,3.6891236149421886e-05
,2205706,Interconexion Electrica SA ESP,ISA,<0.01%,Electric Utilities,CO,---,"$3,350,162.41","353,506",ISA.CL,3.688631002884913e-05
,2067672,AZZ Inc,AZZ,<0.01%,Building Products,US,---,"$3,338,400.96","23,068",AZZ,3.6756812876772606e-05
,6619820,Nagase & Co Ltd,8012,<0.01%,Trading Companies & Distributors,JP,---,"$3,333,371.21","472,600",8012.T,3.670143379505591e-05
,6586872,Ramelius Resources Ltd,RMS,<0.01%,Gold,AU,---,"$3,328,733.89","1,547,793",RMS.AX,3.665037548734151e-05
,6406055,S-Oil Corp,010950,<0.01%,Oil & Gas Refining & Marketing,KR,---,"$3,328,083.42","37,162",010950.KS,3.664321361422967e-05
,6985112,Yakult Honsha Co Ltd,2267,<0.01%,Packaged Foods & Meats,JP,---,"$3,324,962.41","187,876",2267.T,3.660885034213292e-05
,BYQ7X81,SiteOne Landscape Supply Inc,SITE,<0.01%,Trading Companies & Distributors,US,---,"$3,324,099.12","35,198",SITE,3.659934525590494e-05
,6136233,Hengan International Group Co Ltd,1044,<0.01%,Personal Care Products,HK,---,"$3,319,326.51","1,052,230",1044.HK,3.654679736402324e-05
,BYNQ369,Albertsons Cos Inc,ACI,<0.01%,Food Retail,US,---,"$3,317,183.64","286,458",ACI,3.6523203711686994e-05
,BMFY8R3,Banque Cantonale Vaudoise,BCVN,<0.01%,Regional Banks,CH,---,"$3,316,745.95","21,143",BCVN.SW,3.65183846112791e-05
,6867748,Swire Pacific Ltd,19,<0.01%,Industrial Conglomerates,HK,---,"$3,316,348.49","261,142",0019.HK,3.651400845544251e-05
,BFYVKR0,Victory Capital Holdings Inc,VCTR,<0.01%,Asset Management & Custody Banks,US,---,"$3,315,128.28","33,476",VCTR,3.650057357114377e-05
,BYXJQG9,Spire Inc,SR,<0.01%,Gas Utilities,US,---,"$3,314,749.02","41,507",SR,3.64963978028587e-05
,6880507,Teijin Ltd,3401,<0.01%,Commodity Chemicals,JP,---,"$3,313,263.92","325,100",3401.T,3.648004639886099e-05
,BD06LM7,Integer Holdings Corp,ITGR,<0.01%,Health Care Equipment,US,---,"$3,313,154.14","27,334",ITGR,3.647883768757497e-05
,B40JTQ3,SpareBank 1 Sor-Norge ASA,SB1NO,<0.01%,Regional Banks,NO,---,"$3,310,152.30","147,762",SB1NO.OL,3.6445786513528453e-05
,2654416,Methanex Corp,MX,<0.01%,Commodity Chemicals,CA,---,"$3,308,027.98","59,522",MX.TO,3.6422397102350485e-05
,BD0YVN2,Dino Polska SA,DNP,<0.01%,Food Retail,PL,---,"$3,307,275.59","385,716",DNP.WA,3.641411305895015e-05
,BD420Q8,Axcelis Technologies Inc,ACLS,<0.01%,Semiconductor Materials & Equipment,US,---,"$3,307,088.70","25,365",ACLS,3.641205534304339e-05
,6600084,Mobile Telecommunications Co KSCP,ZAIN,<0.01%,Wireless Telecommunication Services,KW,---,"$3,306,631.09","1,712,016",ZAIN.KW,3.640701691735933e-05
,B03MN70,Akbank TAS,AKBNK,<0.01%,Diversified Banks,TR,---,"$3,300,523.83","2,480,931",AKBNK.IS,3.633977412187146e-05
,BR1Z682,Core Natural Resources Inc,CNR,<0.01%,Coal & Consumable Fuels,US,---,"$3,298,350.08","41,312",CNR,3.631584047131593e-05
,BPLF0Y2,Var Energi ASA,VAR,<0.01%,Oil & Gas Exploration & Production,NO,---,"$3,295,432.26","655,937",VAR.OL,3.6283714383097896e-05
,6496023,Kobe Steel Ltd,5406,<0.01%,Steel,JP,---,"$3,292,778.32","254,400",5406.T,3.625449369417078e-05
,BNLYWQ1,GEO Group Inc/The,GEO,<0.01%,Security & Alarm Services,US,---,"$3,287,344.69","106,421",GEO,3.61946677704592e-05
,6483586,Kandenko Co Ltd,1942,<0.01%,Construction & Engineering,JP,---,"$3,285,690.00","98,782",1942.T,3.617644912883173e-05
,6776781,Sanwa Holdings Corp,5929,<0.01%,Building Products,JP,---,"$3,284,004.91","153,200",5929.T,3.615789577393138e-05
,B0WG737,Camtek Ltd/Israel,CAMT,<0.01%,Semiconductor Materials & Equipment,IL,---,"$3,282,977.80","23,742",CAMT.TA,3.614658697953364e-05
,BP3R2G2,Bank of Communications Co Ltd,601328,<0.01%,Diversified Banks,CN,---,"$3,281,679.26","3,085,700",601328.SS,3.613228965804203e-05
,BQQD167,Skylark Holdings Co Ltd,3197,<0.01%,Restaurants,JP,---,"$3,280,061.58","166,447",3197.T,3.611447850780366e-05
,BPXZ192,Sichuan Kelun-Biotech Biopharmaceutical Co Ltd,6990,<0.01%,Biotechnology,HK,---,"$3,271,024.63","53,200",6990.HK,3.601497893177707e-05
,7742468,Gecina SA,GFC,<0.01%,Office REITs,FR,---,"$3,268,485.89","37,728",GFC.PA,3.598702662998922e-05
,BP3R2J5,CITIC Securities Co Ltd,600030,<0.01%,Investment Banking & Brokerage,CN,---,"$3,267,928.50","776,354",600030.SS,3.598088959606942e-05
,6371863,McDonald's Holdings Co Japan Ltd,2702,<0.01%,Restaurants,JP,---,"$3,267,842.12","64,300",2702.T,3.597993852592108e-05
,B1KZR22,Big Shopping Centers Ltd,BIG,<0.01%,Real Estate Operating Companies,IL,---,"$3,266,713.04","14,535",BIG.TA,3.5967507010719585e-05
,B3SKZK7,Americold Realty Trust Inc,COLD,<0.01%,Industrial REITs,US,---,"$3,259,932.85","231,365",COLD,3.5892855050668935e-05
,B4Y1MH7,OPENLANE Inc,OPLN,<0.01%,Diversified Support Services,US,---,"$3,250,618.56","81,756",OPLN,3.5790301876645766e-05
,6429405,Hitachi Construction Machinery Co Ltd,6305,<0.01%,Construction Machinery & Heavy Transportation Equipment,JP,---,"$3,239,703.10","97,200",6305.T,3.567011933252024e-05
,2451918,ICU Medical Inc,ICUI,<0.01%,Health Care Supplies,US,---,"$3,238,930.71","19,221",ICUI,3.566161508301934e-05
,BYN7H48,Appfolio Inc,APPF,<0.01%,Application Software,US,---,"$3,236,392.59","17,961",APPF,3.56336696076206e-05
,2977209,Texas Capital Bancshares Inc,TCBI,<0.01%,Regional Banks,US,---,"$3,234,372.00","32,720",TCBI,3.561142229538323e-05
,2146838,Brown-Forman Corp,BF/B,<0.01%,Distillers & Vintners,US,---,"$3,231,780.24","112,488",BF-B,3.558288622722277e-05
,BRJTVC5,BGC Group Inc,BGC,<0.01%,Investment Banking & Brokerage,US,---,"$3,231,279.36","280,493",BGC,3.557737138564013e-05
,B1Y9QS9,ABB India Ltd,ABB,<0.01%,Heavy Electrical Equipment,IN,---,"$3,230,099.69","42,340",ABB.NS,3.556438285910725e-05
,B2N78D0,Mega Or Holdings Ltd,MGOR,<0.01%,Real Estate Operating Companies,IL,---,"$3,228,871.85","19,880",MGOR.TA,3.555086396618116e-05
,2466428,UniFirst Corp/MA,UNF,<0.01%,Diversified Support Services,US,---,"$3,227,174.70","11,015",UNF,3.553217782700218e-05
,B6T0518,Post Holdings Inc,POST,<0.01%,Packaged Foods & Meats,US,---,"$3,224,853.39","35,279",POST,3.550661949583666e-05
,2401195,Haemonetics Corp,HAE,<0.01%,Health Care Supplies,US,---,"$3,223,318.28","37,682",HAE,3.548971746648447e-05
,B1HKSV6,Banca Generali SpA,BGN,<0.01%,Asset Management & Custody Banks,IT,---,"$3,221,933.28","42,648",BGN.MI,3.5474468194020106e-05
,6425395,Aluminum Corp of China Ltd,2600,<0.01%,Aluminum,HK,---,"$3,218,031.90","2,955,331",2600.HK,3.543151281018833e-05
,BZ12TX5,Covista Inc,CVSA,<0.01%,Education Services,US,---,"$3,217,759.05","25,773",CVSA,3.542850864846132e-05
,B68XHC3,Northland Power Inc,NPI,<0.01%,Renewable Electricity,CA,---,"$3,214,685.18","206,531",NPI.TO,3.539466440214361e-05
,5499131,A2A SpA,A2A,<0.01%,Multi-Utilities,IT,---,"$3,211,698.51","1,229,508",A2A.MI,3.536178025442437e-05
,BMQ5W17,Davide Campari-Milano NV,CPR,<0.01%,Distillers & Vintners,IT,---,"$3,211,271.50","471,503",CPR.MI,3.5357078744074196e-05
,B0BV896,Mobimo Holding AG,MOBN,<0.01%,Real Estate Operating Companies,CH,---,"$3,209,825.48","7,420",MOBN.SW,3.5341157622796996e-05
,2069128,Badger Meter Inc,BMI,<0.01%,Electronic Equipment & Instruments,US,---,"$3,207,874.95","23,877",BMI,3.531968169252991e-05
,6894304,Tokyo Seimitsu Co Ltd,7729,<0.01%,Semiconductor Materials & Equipment,JP,---,"$3,207,150.62","30,800",7729.T,3.531170659828868e-05
,2296926,First BanCorp/Puerto Rico,FBP,<0.01%,Regional Banks,US,---,"$3,204,836.47","110,779",FBP,3.528622710090716e-05
,BM8MM05,Sphere Entertainment Co,SPHR,<0.01%,Movies & Entertainment,US,---,"$3,204,502.50","22,370",SPHR,3.5282549989336814e-05
,6571544,Qatar International Islamic Bank QSC,QIIK,<0.01%,Diversified Banks,QA,---,"$3,200,170.41","1,075,524",QIIK.QA,3.523485235702624e-05
,BNNTGJ5,Bath & Body Works Inc,BBWI,<0.01%,Other Specialty Retail,US,---,"$3,197,208.84","158,907",BBWI,3.5202244567963225e-05
,2547323,MDU Resources Group Inc,MDU,<0.01%,Gas Utilities,US,---,"$3,195,990.00","160,200",MDU,3.5188824767782386e-05
,4247494,D'ieteren Group,DIE,<0.01%,Distributors,BE,---,"$3,194,324.69","15,476",DIE.BR,3.51704891967155e-05
,BJJMGL2,Fox Corp,FOXA,<0.01%,Broadcasting,US,---,"$3,193,274.97","54,839",FOXA,3.515893145932107e-05
,2266026,First Financial Bankshares Inc,FFIN,<0.01%,Regional Banks,US,---,"$3,192,750.12","90,858",FFIN,3.51531527007269e-05
,B081VR8,Morningstar Inc,MORN,<0.01%,Financial Exchanges & Data,US,---,"$3,191,270.04","16,572",MORN,3.513685656846044e-05
,6374947,SRF Ltd,SRF,<0.01%,Diversified Chemicals,IN,---,"$3,190,319.48","116,113",SRF.NS,3.512639061291262e-05
,B92NYF2,China Galaxy Securities Co Ltd,6881,<0.01%,Investment Banking & Brokerage,HK,---,"$3,180,186.93","3,274,500",6881.HK,3.5014828146696896e-05
,BNC3GJ8,TUI AG,TUI1,<0.01%,"Hotels, Resorts & Cruise Lines",DE,---,"$3,178,002.42","364,898",TUI1.DE,3.4990776025259266e-05
,6405870,Hamamatsu Photonics KK,6965,<0.01%,Electronic Components,JP,---,"$3,177,715.15","223,200",6965.T,3.4987613094933744e-05
,BJ321P7,Ecopro BM Co Ltd,247540,<0.01%,Electrical Components & Equipment,KR,---,"$3,173,638.87","44,429",247540.KS,3.4942732008752494e-05
,BWFD052,Meridian Energy Ltd,MEL,<0.01%,Renewable Electricity,NZ,---,"$3,172,638.55","946,129",MEL.NZ,3.493171818042647e-05
,2407052,Extreme Networks Inc,EXTR,<0.01%,Communications Equipment,US,---,"$3,168,467.50","105,125",EXTR,3.488579364763767e-05
,6150448,Commercial Bank PSQC/The,CBQK,<0.01%,Diversified Banks,QA,---,"$3,166,240.34","2,802,858",CBQK.QA,3.486127193669058e-05
,BKDS4H5,BILL Holdings Inc,BILL,<0.01%,Application Software,US,---,"$3,162,259.10","70,070",BILL,3.4817437269899226e-05
,B1XQXC4,Whitehaven Coal Ltd,WHC,<0.01%,Coal & Consumable Fuels,AU,---,"$3,156,261.13","639,107",WHC.AX,3.475139779064791e-05
,BLBM8D0,Societatea De Producere A Energiei Electrice in Hidrocentrale Hidroelectrica SA,H2O,<0.01%,Renewable Electricity,RO,---,"$3,149,218.50","71,546",H2O.RO,3.46738562861456e-05
,5782206,Buzzi SpA,BZU,<0.01%,Construction Materials,IT,---,"$3,142,495.98","66,248",BZU.MI,3.459983929038594e-05
,B1MP4H4,Vodafone Idea Ltd,IDEA,<0.01%,Wireless Telecommunication Services,IN,---,"$3,137,609.18","23,010,362",IDEA.NS,3.4546034131773055e-05
,7383072,Enagas SA,ENG,<0.01%,Gas Utilities,ES,---,"$3,136,847.07","160,925",ENG.MC,3.453764306820785e-05
,6492968,Kintetsu Group Holdings Co Ltd,9041,<0.01%,Rail Transportation,JP,---,"$3,136,583.60","144,400",9041.T,3.453474218314201e-05
,6264048,China Taiping Insurance Holdings Co Ltd,966,<0.01%,Life & Health Insurance,HK,---,"$3,134,667.98","1,117,259",0966.HK,3.451365062262347e-05
,5633962,Nemetschek SE,NEM,<0.01%,Application Software,DE,---,"$3,128,454.88","46,413",NEM.DE,3.4445242496451386e-05
,BYZ2CB3,K92 Mining Inc,KNT,<0.01%,Gold,CA,---,"$3,127,730.04","194,612",KNT.TO,3.4437261786954584e-05
,BMHRYX8,Monday.com Ltd,MNDY,<0.01%,Systems Software,US,---,"$3,124,501.80","35,852",MNDY,3.440171787984963e-05
,B2RK5K1,AT&S Austria Technologie & Systemtechnik AG,ATS,<0.01%,Electronic Components,AT,---,"$3,124,234.34","20,401",ATS.VI,3.4398773063666736e-05
,B98BC67,Nippon Prologis REIT Inc,3283,<0.01%,Industrial REITs,JP,---,"$3,123,978.57","5,497",3283.T,3.439595695794961e-05
,BDVPYN5,Old Mutual Ltd,OMU,<0.01%,Life & Health Insurance,ZA,---,"$3,121,958.62","3,859,474",OMU.JO,3.437371669230746e-05
,2350383,Franklin Electric Co Inc,FELE,<0.01%,Industrial Machinery & Supplies & Components,US,---,"$3,121,703.20","29,810",FELE,3.43709044401971e-05
,5881857,CTS Eventim AG & Co KGaA,EVD,<0.01%,Movies & Entertainment,DE,---,"$3,115,464.19","46,175",EVD.DE,3.4302211037021725e-05
,6220501,CyberAgent Inc,4751,<0.01%,Advertising,JP,---,"$3,111,531.69","340,568",4751.T,3.425891301249747e-05
,B3V9F12,PVH Corp,PVH,<0.01%,"Apparel, Accessories & Luxury Goods",US,---,"$3,104,421.18","35,823",PVH,3.418062412848983e-05
,BK71F66,Advanced Micro-Fabrication Equipment Inc China,688012,<0.01%,Semiconductor Materials & Equipment,CN,---,"$3,097,496.45","60,879",688012.SS,3.4104380738950375e-05
,2110703,Robert Half Inc,RHI,<0.01%,Human Resource & Employment Services,US,---,"$3,093,363.00","81,835",RHI,3.405887019363065e-05
,2639349,Grupo Aeroportuario del Sureste SAB de CV,ASURB,<0.01%,Airport Services,MX,---,"$3,078,942.41","111,181",ASURB.MX,3.3900095099040856e-05
,B1W5NW2,Salmar ASA,SALM,<0.01%,Packaged Foods & Meats,NO,---,"$3,076,675.36","56,434",SALM.OL,3.387513418702617e-05
,6895426,Tokyo Tatemono Co Ltd,8804,<0.01%,Diversified Real Estate Activities,JP,---,"$3,061,793.15","145,100",8804.T,3.371127651542916e-05
,6499550,Kyowa Kirin Co Ltd,4151,<0.01%,Pharmaceuticals,JP,---,"$3,061,217.29","190,700",4151.T,3.370493612117549e-05
,BKM4KV0,Q2 Holdings Inc,QTWO,<0.01%,Application Software,US,---,"$3,060,056.64","50,272",QTWO,3.369215701064426e-05
,BPGKM57,SL Green Realty Corp,SLG,<0.01%,Office REITs,US,---,"$3,060,042.09","57,813",SLG,3.3691996810706094e-05
,6123815,First International Bank Of Israel Ltd/The,FIBI,<0.01%,Diversified Banks,IL,---,"$3,056,434.40","39,579",FIBI.TA,3.365227504335811e-05
,BRT46K3,Lazard Inc,LAZ,<0.01%,Investment Banking & Brokerage,US,---,"$3,051,910.94","72,013",LAZ,3.360247036897425e-05
,BNBWQ85,Multi Commodity Exchange of India Ltd,MCX,<0.01%,Financial Exchanges & Data,IN,---,"$3,049,096.17","108,047",MCX.NS,3.35714788926894e-05
,BDD98W2,Capricorn Metals Ltd,CMM,<0.01%,Gold,AU,---,"$3,047,944.93","343,839",CMM.AX,3.3558803389128484e-05
,B15DYL9,Boubyan Bank KSCP,BOUBYAN,<0.01%,Diversified Banks,KW,---,"$3,044,281.90","1,461,179",BOUBYAN.KW,3.3518472311500227e-05
,BYT4ST5,IRhythm Holdings Inc,IRTC,<0.01%,Health Care Equipment,US,---,"$3,042,201.88","25,964",IRTC,3.349557065683501e-05
,2940375,WSFS Financial Corp,WSFS,<0.01%,Regional Banks,US,---,"$3,041,825.60","37,928",WSFS,3.349142769925892e-05
,B03MYK0,Turk Hava Yollari AO,THYAO,<0.01%,Passenger Airlines,TR,---,"$3,025,941.63","458,402",THYAO.IS,3.331654034449663e-05
,6709958,AMP Ltd,AMP,<0.01%,Diversified Financial Services,AU,---,"$3,018,980.22","2,003,600",AMP.AX,3.323989309696873e-05
,0969703,Babcock International Group PLC,BAB,<0.01%,Aerospace & Defense,GB,---,"$3,014,762.68","198,594",BAB.L,3.319345669509917e-05
,BDC5ST8,Valeo SE,FR,<0.01%,Automotive Parts & Equipment,FR,---,"$3,014,369.48","174,222",FR.PA,3.318912744316199e-05
,2270500,Diodes Inc,DIOD,<0.01%,Semiconductors,US,---,"$3,014,229.12","36,616",DIOD,3.3187582036748204e-05
,6657701,Oji Holdings Corp,3861,<0.01%,Paper Products,JP,---,"$3,011,688.85","547,700",3861.T,3.315961288919366e-05
,6496766,Korean Air Lines Co Ltd,003490,<0.01%,Passenger Airlines,KR,---,"$3,008,888.29","169,841",003490.KS,3.312877786934327e-05
,BKPR6S5,Constellium SE,CSTM,<0.01%,Aluminum,US,---,"$3,008,768.46","108,307",CSTM,3.312745850449171e-05
,BNR5NG5,Sona Blw Precision Forgings Ltd,SONACOMS,<0.01%,Automotive Parts & Equipment,IN,---,"$3,006,049.02","372,908",SONACOMS.NS,3.3097516640585224e-05
,BFTWZY0,Veracyte Inc,VCYT,<0.01%,Biotechnology,US,---,"$3,005,241.60","64,880",VCYT,3.308862670009918e-05
,BH4H4H0,Unicaja Banco SA,UNI,<0.01%,Diversified Banks,ES,---,"$3,004,261.85","781,292",UNI.MC,3.307783935374758e-05
,4820301,Sofina SA,SOF,<0.01%,Multi-Sector Holdings,BE,---,"$3,003,597.48","10,599",SOF.BR,3.307052443739585e-05
,5910609,Rational AG,RAA,<0.01%,Industrial Machinery & Supplies & Components,DE,---,"$3,002,893.18","3,857",RAA.DE,3.306276987956433e-05
,BYNWB63,PJT Partners Inc,PJT,<0.01%,Investment Banking & Brokerage,US,---,"$2,999,957.44","17,824",PJT,3.303044648668019e-05
,6704986,President Chain Store Corp,2912,<0.01%,Food Retail,TW,---,"$2,999,396.70","433,137",2912.TW,3.302427256823856e-05
,B1JNK84,China Coal Energy Co Ltd,1898,<0.01%,Coal & Consumable Fuels,HK,---,"$2,997,552.27","2,187,000",1898.HK,3.3003964831334987e-05
,BM9G370,Lodha Developers Ltd,LODHA,<0.01%,Real Estate Development,IN,---,"$2,997,467.08","229,955",LODHA.NS,3.300302686344961e-05
,6414401,Haseko Corp,1808,<0.01%,Homebuilding,JP,---,"$2,996,228.70","172,200",1808.T,3.298939192190852e-05
,BZ01RF1,Demant A/S,DEMANT,<0.01%,Health Care Equipment,DK,---,"$2,995,720.89","69,211",DEMANT.CO,3.298380077891204e-05
,6455530,ICL Group Ltd,ICL,<0.01%,Fertilizers & Agricultural Chemicals,IL,---,"$2,992,814.83","585,671",ICL.TA,3.295180417188115e-05
,B1W7RQ0,Cinemark Holdings Inc,CNK,<0.01%,Movies & Entertainment,US,---,"$2,992,147.25","81,775",CNK,3.294445391245027e-05
,B3FF8W8,Hoshizaki Corp,6465,<0.01%,Industrial Machinery & Supplies & Components,JP,---,"$2,990,884.33","83,864",6465.T,3.2930548778023774e-05
,B44WH97,Gibson Energy Inc,GEI,<0.01%,Oil & Gas Storage & Transportation,CA,---,"$2,990,389.24","130,635",GEI.TO,3.2925097686107264e-05
,B3CTNK6,Signet Jewelers Ltd,SIG,<0.01%,Other Specialty Retail,US,---,"$2,989,336.20","32,178",SIG,3.291350339450013e-05
,2756152,COPT Defense Properties,CDP,<0.01%,Office REITs,US,---,"$2,986,313.20","78,670",CDP,3.2880219242399216e-05
,BF2FPV3,AAK AB,AAK,<0.01%,Packaged Foods & Meats,SE,---,"$2,981,662.37","138,179",AAK.ST,3.282901218546389e-05
,B0Z5YZ2,Arkema SA,AKE,<0.01%,Specialty Chemicals,FR,---,"$2,979,449.64","43,743",AKE.PA,3.2804649353218345e-05
,2692933,Polaris Inc,PII,<0.01%,Leisure Products,US,---,"$2,978,687.40","44,405",PII,3.279625685831348e-05
,6462972,Industrial Bank of Korea,024110,<0.01%,Diversified Banks,KR,---,"$2,972,767.51","207,350",024110.KS,3.2731077063678784e-05
,BMBK002,California Resources Corp,CRC,<0.01%,Oil & Gas Exploration & Production,US,---,"$2,970,662.10","56,455",CRC,3.27078958573689e-05
,2158781,Cal-Maine Foods Inc,CALM,<0.01%,Packaged Foods & Meats,US,---,"$2,966,525.10","33,795",CALM,3.266234622546632e-05
,BGJRH57,Clearway Energy Inc,CWEN,<0.01%,Renewable Electricity,US,---,"$2,966,056.94","93,478",CWEN,3.265719164106421e-05
,6868439,Synnex Technology International Corp,2347,<0.01%,Technology Distributors,TW,---,"$2,964,109.90","1,033,498",2347.TW,3.263575413676167e-05
,6186023,Eva Airways Corp,2618,<0.01%,Passenger Airlines,TW,---,"$2,961,625.73","2,219,817",2618.TW,3.260840266731923e-05
,BD2NKY1,Torex Gold Resources Inc,TXG,<0.01%,Gold,CA,---,"$2,957,099.62","76,838",TXG.TO,3.255856881562704e-05
,B02Q328,Electric Power Development Co Ltd,9513,<0.01%,Independent Power Producers & Energy Traders,JP,---,"$2,957,043.30","125,000",9513.T,3.2557948715247834e-05
,BVBM904,Siegfried Holding AG,SFZN,<0.01%,Life Sciences Tools & Services,CH,---,"$2,954,061.88","31,484",SFZN.SW,3.2525122371630005e-05
,6340078,Kunlun Energy Co Ltd,135,<0.01%,Gas Utilities,HK,---,"$2,953,883.48","3,194,000",0135.HK,3.252315813321293e-05
,BSBMM04,CGN Power Co Ltd,1816,<0.01%,Independent Power Producers & Energy Traders,HK,---,"$2,949,157.72","7,997,832",1816.HK,3.247112607412183e-05
,BD3D170,Open House Group Co Ltd,3288,<0.01%,Homebuilding,JP,---,"$2,943,822.85","55,400",3288.T,3.2412387528134854e-05
,BCRYTK1,Independence Realty Trust Inc,IRT,<0.01%,Multi-Family Residential REITs,US,---,"$2,940,450.08","176,816",IRT,3.237525230164415e-05
,2160645,CVB Financial Corp,CVBF,<0.01%,Regional Banks,US,---,"$2,938,612.68","131,364",CVBF,3.235502196718493e-05
,BJLVDM7,Zhejiang Leapmotor Technology Co Ltd,9863,<0.01%,Automobile Manufacturers,HK,---,"$2,938,463.84","575,600",9863.HK,3.23533831933845e-05
,BQQG1V1,Viking Therapeutics Inc,VKTX,<0.01%,Biotechnology,US,---,"$2,938,140.06","92,569",VKTX,3.23498182768224e-05
,2475060,Insight Enterprises Inc,NSIT,<0.01%,Technology Distributors,US,---,"$2,935,607.17","22,769",NSIT,3.2321930385318955e-05
,B27WRM3,Kingsoft Corp Ltd,3888,<0.01%,Interactive Home Entertainment,HK,---,"$2,934,732.83","855,400",3888.HK,3.231230363522041e-05
,BP3R369,Jiangsu Hengrui Pharmaceuticals Co Ltd,600276,<0.01%,Pharmaceuticals,CN,---,"$2,933,398.98","366,216",600276.SS,3.229761753985825e-05
,BMXWXT6,China Resources Mixc Lifestyle Services Ltd,1209,<0.01%,Real Estate Operating Companies,HK,---,"$2,931,595.36","576,400",1209.HK,3.2277759133502895e-05
,BMG3PQ7,Mirion Technologies Inc,MIR,<0.01%,Electronic Equipment & Instruments,US,---,"$2,931,016.76","195,662",MIR,3.227138857101345e-05
,6640767,NH Foods Ltd,2282,<0.01%,Packaged Foods & Meats,JP,---,"$2,929,769.00","74,600",2282.T,3.225765035281119e-05
,BSLSTH8,Life360 Inc,LIF,<0.01%,Application Software,US,---,"$2,929,618.10","54,202",LIF,3.22559888977824e-05
,6771838,Samyang Foods Co Ltd,003230,<0.01%,Packaged Foods & Meats,KR,---,"$2,929,418.40","3,593",003230.KS,3.2253790139868225e-05
,2889876,Thor Industries Inc,THO,<0.01%,Automobile Manufacturers,US,---,"$2,923,605.09","38,997",THO,3.218978382354345e-05
,6870401,Takashimaya Co Ltd,8233,<0.01%,Broadline Retail,JP,---,"$2,923,502.35","204,500",8233.T,3.2188652624804835e-05
,BNMBPD9,JD Logistics Inc,2618,<0.01%,Air Freight & Logistics,HK,---,"$2,919,320.16","1,522,427",2618.HK,3.2142605437218024e-05
,6254083,Topco Scientific Co Ltd,5434,<0.01%,Semiconductor Materials & Equipment,TW,---,"$2,914,009.58","190,908",5434.TW,3.2084134331540195e-05
,BV9FP30,Computacenter PLC,CCC,<0.01%,IT Consulting & Other Services,GB,---,"$2,913,046.20","47,028",CCC.L,3.207352722388191e-05
,BDFGDQ0,Tidewater Inc,TDW,<0.01%,Oil & Gas Equipment & Services,US,---,"$2,912,853.42","38,807",TDW,3.207140465727853e-05
,BSS7GP5,AGL Energy Ltd,AGL,<0.01%,Multi-Utilities,AU,---,"$2,911,026.02","500,277",AGL.AX,3.20512844258696e-05
,BBGB5W0,Growthpoint Properties Ltd,GRT,<0.01%,Diversified REITs,ZA,---,"$2,908,995.55","2,719,724",GRT.JO,3.202892833181854e-05
,BRTLC06,Liberty Broadband Corp,LBRDK,<0.01%,Cable & Satellite,US,---,"$2,907,662.76","85,419",LBRDK,3.20142539073797e-05
,2943523,Penske Automotive Group Inc,PAG,<0.01%,Automotive Retail,US,---,"$2,906,086.63","13,373",PAG,3.1996900235315265e-05
,BN93088,Broadstone Net Lease Inc,BNL,<0.01%,Diversified REITs,US,---,"$2,904,159.45","135,645",BNL,3.19756813956706e-05
,BJTD9L6,Knowles Corp,KN,<0.01%,Electronic Components,US,---,"$2,902,062.67","79,313",KN,3.19525952082931e-05
,B15RZR4,Mueller Water Products Inc,MWA,<0.01%,Industrial Machinery & Supplies & Components,US,---,"$2,893,967.92","114,658",MWA,3.1863469541664294e-05
,BCT5FD7,Steadfast Group Ltd,SDF,<0.01%,Insurance Brokers,AU,---,"$2,890,942.11","808,938",SDF.AX,3.183015445060625e-05
,BYYXHN4,Wingstop Inc,WING,<0.01%,Restaurants,US,---,"$2,890,605.27","22,323",WING,3.1826445739460475e-05
,BVGBY89,Zegona Communications plc,ZEG,<0.01%,Integrated Telecommunication Services,GB,---,"$2,889,163.52","146,397",ZEG.L,3.181057163218575e-05
,B85LKS1,AAC Technologies Holdings Inc,2018,<0.01%,Electronic Manufacturing Services,HK,---,"$2,886,849.33","587,500",2018.HK,3.178509169439203e-05
,5932409,Bechtle AG,BC8,<0.01%,IT Consulting & Other Services,DE,---,"$2,882,650.28","68,838",BC8.DE,3.173885887306243e-05
,BSML1B4,Vault Minerals Ltd,VAU,<0.01%,Gold,AU,---,"$2,881,915.05","859,908",VAU.AX,3.1730763766496394e-05
,2718594,Dorman Products Inc,DORM,<0.01%,Automotive Parts & Equipment,US,---,"$2,881,715.56","21,641",DORM,3.172856732074627e-05
,2769978,Kadant Inc,KAI,<0.01%,Industrial Machinery & Supplies & Components,US,---,"$2,881,275.00","9,370",KAI,3.1723716620762955e-05
,B3F1XM1,Grand Canyon Education Inc,LOPE,<0.01%,Education Services,US,---,"$2,880,638.80","19,820",LOPE,3.171671186470387e-05
,BFFY885,SG Holdings Co Ltd,9143,<0.01%,Air Freight & Logistics,JP,---,"$2,878,315.36","289,300",9143.T,3.1691130081588634e-05
,BMVB566,Loomis AB,LOOMIS,<0.01%,Security & Alarm Services,SE,---,"$2,876,988.20","52,134",LOOMIS.ST,3.167651764516712e-05
,2672537,Patterson-UTI Energy Inc,PTEN,<0.01%,Oil & Gas Drilling,US,---,"$2,876,906.72","274,514",PTEN,3.16756205255134e-05
,B09C0Z1,Aspen Pharmacare Holdings Ltd,APN,<0.01%,Pharmaceuticals,ZA,---,"$2,875,333.61","318,463",APN.JO,3.1658300104570135e-05
,B233LP1,NHPC Ltd,NHPC,<0.01%,Renewable Electricity,IN,---,"$2,874,768.66","3,484,410",NHPC.NS,3.165207983274434e-05
,6776606,Santen Pharmaceutical Co Ltd,4536,<0.01%,Pharmaceuticals,JP,---,"$2,873,628.76","243,400",4536.T,3.163952918604244e-05
,B8DG7Z4,Athabasca Oil Corp,ATH,<0.01%,Oil & Gas Exploration & Production,CA,---,"$2,870,064.02","388,359",ATH.TO,3.160028031129543e-05
,BHXD297,Scorpio Tankers Inc,STNG,<0.01%,Oil & Gas Storage & Transportation,US,---,"$2,867,583.80","36,830",STNG,3.1572972332557835e-05
,6858731,Sumitomo Heavy Industries Ltd,6302,<0.01%,Industrial Machinery & Supplies & Components,JP,---,"$2,864,165.63","88,600",6302.T,3.153533723821884e-05
,6905808,Tsingtao Brewery Co Ltd,168,<0.01%,Brewers,HK,---,"$2,863,667.67","481,667",0168.HK,3.152985454672689e-05
,BX8ZX20,Royal Unibrew A/S,RBREW,<0.01%,Brewers,DK,---,"$2,855,036.35","38,059",RBREW.CO,3.143482108072898e-05
,2243911,International Bancshares Corp,IBOC,<0.01%,Regional Banks,US,---,"$2,850,808.84","37,246",IBOC,3.1388274906118274e-05
,5263574,FLSmidth & Co A/S,FLS,<0.01%,Construction Machinery & Heavy Transportation Equipment,DK,---,"$2,850,732.31","37,988",FLS.CO,3.1387432287474456e-05
,BJYLZK6,Palomar Holdings Inc,PLMR,<0.01%,Property & Casualty Insurance,US,---,"$2,849,860.79","21,301",PLMR,3.1377836586436086e-05
,BNTJ354,Allfunds Group Plc,ALLFG,<0.01%,Financial Exchanges & Data,NL,---,"$2,848,003.04","278,972",ALLFG.AS,3.1357382192269536e-05
,7132832,Huber + Suhner AG,HUBN,<0.01%,Electrical Components & Equipment,CH,---,"$2,846,742.43","12,077",HUBN.SW,3.1343502491647665e-05
,BNSNZQ2,Leonardo DRS Inc,DRS,<0.01%,Aerospace & Defense,US,---,"$2,845,890.00","61,800",DRS,3.133411697733228e-05
,B0VR7W0,Al Rayan Bank,MARK,<0.01%,Diversified Banks,QA,---,"$2,844,748.07","5,206,869",MARK.QA,3.132154397971118e-05
,2264235,Cathay General Bancorp,CATY,<0.01%,Regional Banks,US,---,"$2,844,371.47","45,013",CATY,3.1317397498837474e-05
,BYSJJF4,Nomura Real Estate Master Fund Inc,3462,<0.01%,Diversified REITs,JP,---,"$2,843,502.21","2,973",3462.T,3.1307826681088476e-05
,BGR7KH2,YETI Holdings Inc,YETI,<0.01%,Leisure Products,US,---,"$2,836,415.58","57,957",YETI,3.122980072316492e-05
,B0MKZN5,Tsuruha Holdings Inc,3391,<0.01%,Drug Retail,JP,---,"$2,834,239.78","185,660",3391.T,3.120584450148407e-05
,2386849,Korn Ferry,KFY,<0.01%,Human Resource & Employment Services,US,---,"$2,833,707.88","34,444",KFY,3.119998812023946e-05
,2953782,WesBanco Inc,WSBC,<0.01%,Regional Banks,US,---,"$2,833,578.26","68,477",WSBC,3.119856096450167e-05
,BNBQ7P1,Inficon Holding AG,IFCN,<0.01%,Electronic Equipment & Instruments,CH,---,"$2,831,514.74","14,035",IFCN.SW,3.1175840979869435e-05
,BLDC8J4,Organon & Co,OGN,<0.01%,Pharmaceuticals,US,---,"$2,827,614.00","208,680",OGN,3.1132892642632865e-05
,BRF2GD4,Atlanta Braves Holdings Inc,BATRK,<0.01%,Movies & Entertainment,US,---,"$2,826,402.15","55,605",BATRK,3.111954980448417e-05
,5117381,Bilfinger SE,GBF,<0.01%,Diversified Support Services,DE,---,"$2,825,946.26","29,549",GBF.DE,3.1114530316524764e-05
,BYQ8KW7,Cleanaway Waste Management Ltd,CWY,<0.01%,Environmental & Facilities Services,AU,---,"$2,822,388.62","1,718,668",CWY.AX,3.107535961494346e-05
,B1KFX13,Grupo Aeroportuario del Centro Norte SAB de CV,OMAB,<0.01%,Airport Services,MX,---,"$2,822,093.77","211,288",OMAB.MX,3.107211322650583e-05
,BF52QF2,Reinet Investments SCA,RNI,<0.01%,Asset Management & Custody Banks,ZA,---,"$2,820,852.38","103,834",RNI.JO,3.105844514394659e-05
,B61TVQ0,Inchcape PLC,INCH,<0.01%,Distributors,GB,---,"$2,820,052.37","249,174",INCH.L,3.104963678982081e-05
,6465573,Downer EDI Ltd,DOW,<0.01%,Diversified Support Services,AU,---,"$2,819,958.32","518,337",DOW.AX,3.1048601270632884e-05
,BTTMWQ9,Secure Waste Infrastructure Corp,SES,<0.01%,Oil & Gas Refining & Marketing,CA,---,"$2,818,887.84","163,562",SES.TO,3.103681495930606e-05
,B01NXQ4,Centerra Gold Inc,CG,<0.01%,Gold,CA,---,"$2,818,471.66","163,945",CG.TO,3.1032232690559336e-05
,2111579,OSI Systems Inc,OSIS,<0.01%,Electronic Equipment & Instruments,US,---,"$2,817,630.53","12,727",OSIS,3.102297159269078e-05
,BKM5C62,Option Care Health Inc,OPCH,<0.01%,Health Care Services,US,---,"$2,816,845.36","122,312",OPCH,3.101432663149161e-05
,BJDRX78,Cleanspark Inc,CLSK,<0.01%,Application Software,US,---,"$2,812,172.48","204,373",CLSK,3.0962876797330405e-05
,B57JY24,China Minsheng Banking Corp Ltd,1988,<0.01%,Diversified Banks,HK,---,"$2,809,065.40","6,071,012",1988.HK,3.09286668987827e-05
,B011WL6,Genworth Financial Inc,GNW,<0.01%,Life & Health Insurance,US,---,"$2,809,060.12","285,764",GNW,3.092860876437215e-05
,B7KH3G6,Ambarella Inc,AMBA,<0.01%,Semiconductors,US,---,"$2,807,212.00","32,642",AMBA,3.0908260399443026e-05
,B62G9D3,Shaftesbury Capital PLC,SHC,<0.01%,Diversified REITs,GB,---,"$2,806,190.64","1,441,632",SHC.L,3.08970149142992e-05
,6910705,UBE Corp,4208,<0.01%,Diversified Chemicals,JP,---,"$2,802,138.56","141,500",4208.T,3.085240027749963e-05
,BF0SR29,Hamilton Lane Inc,HLNE,<0.01%,Asset Management & Custody Banks,US,---,"$2,801,820.83","31,513",HLNE,3.0848901973282955e-05
,2626125,National Health Investors Inc,NHI,<0.01%,Health Care REITs,US,---,"$2,801,480.85","36,549",NHI,3.0845158689779396e-05
,2840174,Standex International Corp,SXI,<0.01%,Industrial Machinery & Supplies & Components,US,---,"$2,795,995.00","9,430",SXI,3.078475780793923e-05
,BD5CF28,Suzhou Dongshan Precision Manufacturing Co Ltd,002384,<0.01%,Electronic Components,CN,---,"$2,795,326.58","110,150",002384.SZ,3.077739829985213e-05
,BMGNTQ5,Lemonade Inc,LMND,<0.01%,Property & Casualty Insurance,US,---,"$2,795,168.29","57,859",LMND,3.077565547866918e-05
,2277880,Universal Display Corp,OLED,<0.01%,Semiconductors,US,---,"$2,793,576.00","34,850",OLED,3.075812388007548e-05
,2901628,TransAlta Corp,TA,<0.01%,Independent Power Producers & Energy Traders,CA,---,"$2,793,127.91","222,981",TA.TO,3.07531902724953e-05
,BP4CXL8,CCC Intelligent Solutions Holdings Inc,CCC,<0.01%,Application Software,US,---,"$2,787,721.86","457,754",CCC,3.06936680129964e-05
,B0767Y3,SEEK Ltd,SEK,<0.01%,Interactive Media & Services,AU,---,"$2,787,355.54","270,153",SEK.AX,3.068963471805839e-05
,2133045,Power Integrations Inc,POWI,<0.01%,Semiconductors,US,---,"$2,785,799.77","45,887",POWI,3.0672505215804325e-05
,BR4VSK3,UBTech Robotics Corp Ltd,9880,<0.01%,Industrial Machinery & Supplies & Components,HK,---,"$2,784,485.55","268,050",9880.HK,3.065803525272987e-05
,6562474,Worley Ltd,WOR,<0.01%,Construction & Engineering,AU,---,"$2,782,505.70","374,878",WOR.AX,3.063623650031936e-05
,BK5HCP4,Tel Aviv Stock Exchange Ltd,TASE,<0.01%,Financial Exchanges & Data,IL,---,"$2,768,254.68","71,871",TASE.TA,3.0479328423153233e-05
,BNVS144,Endeavour Group Ltd/Australia,EDV,<0.01%,Food Retail,AU,---,"$2,767,129.54","1,133,733",EDV.AX,3.0466940288553555e-05
,6460794,China Gas Holdings Ltd,384,<0.01%,Gas Utilities,HK,---,"$2,766,669.32","3,547,074",0384.HK,3.0461873125973372e-05
,6495428,Korea Zinc Co Ltd,010130,<0.01%,Diversified Metals & Mining,KR,---,"$2,764,951.10","4,055",010130.KS,3.044295499966744e-05
,BMZLFJ5,Amentum Holdings Inc,AMTM,<0.01%,Research & Consulting Services,US,---,"$2,763,811.20","124,496",AMTM,3.0430404352965544e-05
,BF429K9,Brighthouse Financial Inc,BHF,<0.01%,Life & Health Insurance,US,---,"$2,762,981.39","44,629",BHF,3.042126789174991e-05
,6644015,Zeon Corp,4205,<0.01%,Commodity Chemicals,JP,---,"$2,762,632.42","197,000",4205.T,3.041742562560414e-05
,BRX9808,CVC Capital Partners PLC,CVC,<0.01%,Asset Management & Custody Banks,NL,---,"$2,759,508.26","164,353",CVC.AS,3.038302767104655e-05
,BKY6H35,Seibu Holdings Inc,9024,<0.01%,Rail Transportation,JP,---,"$2,758,779.62","123,188",9024.T,3.037500512239064e-05
,6432607,L&K Engineering Co Ltd,6139,<0.01%,Diversified Support Services,TW,---,"$2,757,935.94","128,160",6139.TW,3.036571594824426e-05
,BWSRTS7,a2 Milk Co Ltd/The,A2M,<0.01%,Packaged Foods & Meats,AU,---,"$2,757,657.41","570,917",A2M.AX,3.03626492479847e-05
,BLF0L75,Shift4 Payments Inc,FOUR,<0.01%,Transaction & Payment Processing Services,US,---,"$2,755,099.00","51,983",FOUR,3.0334480373496936e-05
,2670809,Renasant Corp,RNST,<0.01%,Regional Banks,US,---,"$2,752,665.46","63,178",RNST,3.0307686355798073e-05
,6656106,Odakyu Electric Railway Co Ltd,9007,<0.01%,Rail Transportation,JP,---,"$2,751,508.94","248,600",9007.T,3.0294952717826605e-05
,2822019,Advance Auto Parts Inc,AAP,<0.01%,Automotive Retail,US,---,"$2,751,118.36","49,534",AAP,3.0290652312888604e-05
,6687247,COMSYS Holdings Corp,1721,<0.01%,Construction & Engineering,JP,---,"$2,750,543.00","83,798",1721.T,3.028431742378745e-05
,5996234,Motor Oil Hellas Corinth Refineries SA,MOH,<0.01%,Oil & Gas Refining & Marketing,GR,---,"$2,749,993.14","46,811",MOH.AT,3.0278263297464527e-05
,B3N0H17,VIPSHOP HOLDINGS LTD - ADR,VIPS,<0.01%,Broadline Retail,US,ADR,"$2,748,222.36","179,154",VIPS,3.0258766469526293e-05
,0231888,Cranswick PLC,CWK,<0.01%,Packaged Foods & Meats,GB,---,"$2,748,150.59","38,170",CWK.L,3.0257976259934403e-05
,BN6QSL9,RXO Inc,RXO,<0.01%,Cargo Ground Transportation,US,---,"$2,747,803.50","135,694",RXO,3.0254154693162094e-05
,6718943,ADATA Technology Co Ltd,3260,<0.01%,Semiconductors,TW,---,"$2,746,946.07","229,353",3260.TWO,3.024471412732157e-05
,BP3R574,CMOC Group Ltd,603993,<0.01%,Diversified Metals & Mining,CN,---,"$2,744,835.53","950,100",603993.SS,3.022147643814689e-05
,6895169,Tobu Railway Co Ltd,9001,<0.01%,Rail Transportation,JP,---,"$2,744,748.18","141,500",9001.T,3.022051468800266e-05
,6641760,Nissin Foods Holdings Co Ltd,2897,<0.01%,Packaged Foods & Meats,JP,---,"$2,744,268.73","151,800",2897.T,3.0215235797256782e-05
,6356592,Fuji Corp/Aichi,6134,<0.01%,Industrial Machinery & Supplies & Components,JP,---,"$2,743,125.13","61,400",6134.T,3.0202644412426276e-05
,7598003,Hera SpA,HER,<0.01%,Multi-Utilities,IT,---,"$2,742,934.69","628,364",HER.MI,3.0200547609936667e-05
,B7K6D18,Brunello Cucinelli SpA,BC,<0.01%,"Apparel, Accessories & Luxury Goods",IT,---,"$2,741,025.57","26,878",BC.MI,3.017952761640081e-05
,BV8BRB1,Motiva Infraestrutura de Mobilidade SA,MOTV3,<0.01%,Highways & Railtracks,BR,---,"$2,739,455.30","940,834",MOTV3.SA,3.0162238464723828e-05
,BMG40P4,GDS Holdings Ltd,9698,<0.01%,Internet Services & Infrastructure,HK,---,"$2,737,358.80","672,711",9698.HK,3.0139155360231747e-05
,BJK6DZ6,Hirogin Holdings Inc,7337,<0.01%,Regional Banks,JP,---,"$2,737,251.74","200,000",7337.T,3.0137976596975407e-05
,BYP97J7,Dexerials Corp,4980,<0.01%,Electronic Components,JP,---,"$2,737,201.31","135,600",4980.T,3.0137421347292824e-05
,BF0LBX7,BioMerieux,BIM,<0.01%,Health Care Equipment,FR,---,"$2,733,426.15","34,293",BIM.PA,3.0095855684161726e-05
,B0C5Q59,KDX Realty Investment Corp,8972,<0.01%,Diversified REITs,JP,---,"$2,732,680.32","2,796",8972.T,3.008764386836238e-05
,B7T5KQ0,Hankook Tire & Technology Co Ltd,161390,<0.01%,Tires & Rubber,KR,---,"$2,726,089.68","58,518",161390.KS,3.0015078911629872e-05
,B0SDJB4,Zealand Pharma A/S,ZEAL,<0.01%,Biotechnology,DK,---,"$2,723,388.11","57,933",ZEAL.CO,2.998533380187424e-05
,BD5CPC8,East Money Information Co Ltd,300059,<0.01%,Financial Exchanges & Data,CN,---,"$2,722,069.64","911,644",300059.SZ,2.9970817045003417e-05
,2491914,Kimberly-Clark de Mexico SAB de CV,KIMBERA,<0.01%,Household Products,MX,---,"$2,721,005.80","1,172,300",KIMBERA.MX,2.995910384210198e-05
,BFYGQ44,Daishi Hokuetsu Financial Group Inc,7327,<0.01%,Regional Banks,JP,---,"$2,720,708.82","189,400",7327.T,2.995583400171464e-05
,4780290,Sparebanken Norge,SBNOR,<0.01%,Diversified Banks,NO,---,"$2,720,192.58","130,853",SBNOR.OL,2.995015004184677e-05
,BP3R206,PetroChina Co Ltd,601857,<0.01%,Integrated Oil & Gas,CN,---,"$2,719,109.23","1,651,600",601857.SS,2.993822202789423e-05
,6597089,Mitsubishi Materials Corp,5711,<0.01%,Diversified Metals & Mining,JP,---,"$2,713,123.57","104,534",5711.T,2.9872318085497813e-05
,BGM1B98,Graham Holdings Co,GHC,<0.01%,Education Services,US,---,"$2,712,779.16","2,254",GHC,2.9868526026342977e-05
,BD2B4V0,Denali Therapeutics Inc,DNLI,<0.01%,Biotechnology,US,---,"$2,711,548.82","117,791",DNLI,2.9854979607654308e-05
,BBT3PS9,Plus500 Ltd,PLUS,<0.01%,Investment Banking & Brokerage,GB,---,"$2,709,827.78","51,594",PLUS.L,2.9836030432288193e-05
,4519449,Komercni Banka AS,KOMB,<0.01%,Diversified Banks,CZ,---,"$2,708,612.72","54,086",KOMB.PR,2.9822652251060363e-05
,BSBFLD9,Discovery Mining Ltd,DSV,<0.01%,Silver,CA,---,"$2,703,976.89","433,208",DSV.TO,2.9771610348700458e-05
,6932334,Wan Hai Lines Ltd,2615,<0.01%,Marine Transportation,TW,---,"$2,703,133.70","1,036,305",2615.TW,2.9762326569603547e-05
,2447821,Independent Bank Corp,INDB,<0.01%,Regional Banks,US,---,"$2,702,763.03","32,241",INDB,2.9758245379838656e-05
,BBD7Q84,Suntory Beverage & Food Ltd,2587,<0.01%,Soft Drinks & Non-alcoholic Beverages,JP,---,"$2,699,159.09","93,100",2587.T,2.9718564901134533e-05
,B12W5Y9,Koninklijke BAM Groep NV,BAMNB,<0.01%,Construction & Engineering,NL,---,"$2,697,337.04","201,135",BAMNB.AS,2.96985035748575e-05
,BLD5321,Stride Inc,LRN,<0.01%,Education Services,US,---,"$2,693,890.08","33,552",LRN,2.9660551493836733e-05
,B10LQP6,TOTVS SA,TOTS3,<0.01%,Systems Software,BR,---,"$2,687,930.92","438,684",TOTS3.SA,2.9594939324523567e-05
,BJN3H96,Hanwha Systems Co Ltd,272210,<0.01%,Aerospace & Defense,KR,---,"$2,687,072.38","61,354",272210.KS,2.958548653724447e-05
,5216385,Grupa Kety SA,KTY,<0.01%,Aluminum,PL,---,"$2,686,595.56","8,018",KTY.WA,2.9580236603600818e-05
,BN85P68,Kinaxis Inc,KXS,<0.01%,Application Software,CA,---,"$2,685,890.79","22,412",KXS.TO,2.9572476870925937e-05
,2420640,Highwoods Properties Inc,HIW,<0.01%,Office REITs,US,---,"$2,685,815.97","81,069",HIW,2.9571653079903716e-05
,3398649,ITV PLC,ITV,<0.01%,Broadcasting,GB,---,"$2,682,834.85","2,675,968",ITV.L,2.9538830039377387e-05
,6726300,Challenger Ltd,CGF,<0.01%,Diversified Financial Services,AU,---,"$2,681,810.56","390,255",CGF.AX,2.9527552294039824e-05
,BR4TRD3,Hyundai Motor India Ltd,HYUNDAI,<0.01%,Automobile Manufacturers,IN,---,"$2,680,724.91","117,276",HYUNDAI.NS,2.951559895638572e-05
,6642321,Nikon Corp,7731,<0.01%,Consumer Electronics,JP,---,"$2,679,468.04","225,500",7731.T,2.9501760434304648e-05
,B04NJM9,Dolby Laboratories Inc,DLB,<0.01%,Systems Software,US,---,"$2,678,795.50","45,550",DLB,2.9494355563760834e-05
,6640422,Nippon Kayaku Co Ltd,4272,<0.01%,Specialty Chemicals,JP,---,"$2,677,415.15","222,800",4272.T,2.9479157489214852e-05
,5064722,Puma SE,PUM,<0.01%,Footwear,DE,---,"$2,675,154.20","83,861",PUM.DE,2.945426374006085e-05
,B0MLBC9,Qatar Gas Transport Co Ltd,QGTS,<0.01%,Oil & Gas Storage & Transportation,QA,---,"$2,669,902.91","2,349,334",QGTS.QA,2.9396445435368154e-05
,7390113,Wendel SE,MF,<0.01%,Multi-Sector Holdings,FR,---,"$2,669,863.27","27,530",MF.PA,2.9396008986876823e-05
,6577876,Menora Mivtachim Holdings Ltd,MMHD,<0.01%,Multi-line Insurance,IL,---,"$2,669,614.73","17,072",MMHD.TA,2.9393272485665062e-05
,B1YWXY3,KBC Ancora,KBCA,<0.01%,Diversified Banks,BE,---,"$2,669,472.10","26,126",KBCA.BR,2.939170208585886e-05
,6173401,Coway Co Ltd,021240,<0.01%,Household Appliances,KR,---,"$2,669,037.07","42,129",021240.KS,2.938691227286234e-05
,BYZ5XN1,Kyushu Financial Group Inc,7180,<0.01%,Regional Banks,JP,---,"$2,665,348.54","289,970",7180.T,2.934630043245586e-05
,BYZDVK8,Softcat PLC,SCT,<0.01%,IT Consulting & Other Services,GB,---,"$2,661,955.84","101,445",SCT.L,2.930894577058594e-05
,6640488,NOF Corp,4403,<0.01%,Diversified Chemicals,JP,---,"$2,660,174.03","153,100",4403.T,2.9289327498983248e-05
,2664103,Otter Tail Corp,OTTR,<0.01%,Electric Utilities,US,---,"$2,660,115.70","30,085",OTTR,2.9288685267890943e-05
,BR3Y6S7,XtalPi Holdings Ltd,2228,<0.01%,Life Sciences Tools & Services,HK,---,"$2,659,212.68","3,047,000",2228.HK,2.927874274224418e-05
,B76D410,BKW AG,BKW,<0.01%,Electric Utilities,CH,---,"$2,657,933.50","16,089",BKW.SW,2.926465858025792e-05
,6985565,Yamato Holdings Co Ltd,9064,<0.01%,Air Freight & Logistics,JP,---,"$2,655,128.00","204,600",9064.T,2.9233769169500688e-05
,6451022,HYUNDAI MOTOR CO LTD-PRF,005385,<0.01%,Automobile Manufacturers,KR,---,"$2,653,608.20","19,398",005385.KS,2.9217035707918496e-05
,BRRD6G8,NCR Atleos Corp,NATL,<0.01%,Transaction & Payment Processing Services,US,---,"$2,650,563.77","56,359",NATL,2.9183515604980818e-05
,B6775F5,Peyto Exploration & Development Corp,PEY,<0.01%,Oil & Gas Exploration & Production,CA,---,"$2,649,592.57","144,358",PEY.TO,2.9172822396737215e-05
,6496324,Koito Manufacturing Co Ltd,7276,<0.01%,Automotive Parts & Equipment,JP,---,"$2,647,341.14","158,400",7276.T,2.914803346568708e-05
,BLTFST7,ArcBest Corp,ARCB,<0.01%,Cargo Ground Transportation,US,---,"$2,641,171.95","18,297",ARCB,2.9080108802008797e-05
,B8DJMF8,Innodisk Corp,5289,<0.01%,"Technology Hardware, Storage & Peripherals",TW,---,"$2,639,051.31","68,355",5289.TWO,2.9056759908753325e-05
,6895266,Tohoku Electric Power Co Inc,9506,<0.01%,Electric Utilities,JP,---,"$2,638,762.52","359,100",9506.T,2.9053580242764167e-05
,BYVQYG8,flatexDEGIRO SE,FTK,<0.01%,Investment Banking & Brokerage,DE,---,"$2,637,799.96","62,648",FTK.DE,2.904298216355601e-05
,6603038,Mainfreight Ltd,MFT,<0.01%,Air Freight & Logistics,NZ,---,"$2,636,104.55","64,650",MFT.NZ,2.9024315182307776e-05
,2549385,M/I Homes Inc,MHO,<0.01%,Homebuilding,US,---,"$2,636,039.07","18,039",MHO,2.9023594227534515e-05
,B00V7H8,Assured Guaranty Ltd,AGO,<0.01%,Property & Casualty Insurance,US,---,"$2,633,473.92","31,836",AGO,2.899535114359086e-05
,6487425,Keisei Electric Railway Co Ltd,9009,<0.01%,Rail Transportation,JP,---,"$2,628,853.33","327,100",9009.T,2.894447703827959e-05
,2553911,Steven Madden Ltd,SHOO,<0.01%,Footwear,US,---,"$2,628,080.64","57,033",SHOO,2.8935969485687185e-05
,BYY3DX6,Grifols SA,GRF,<0.01%,Biotechnology,ES,---,"$2,625,094.33","228,413",GRF.MC,2.8903089301677758e-05
,6509062,Migdal Insurance & Financial Holdings Ltd,MGDL,<0.01%,Multi-line Insurance,IL,---,"$2,624,913.20","462,114",MGDL.TA,2.890109500512796e-05
,6476542,Regis Resources Ltd,RRL,<0.01%,Gold,AU,---,"$2,622,102.70","611,897",RRL.AX,2.8870150542845584e-05
,5978953,Asseco Poland SA,ACP,<0.01%,Systems Software,PL,---,"$2,616,673.43","48,857",ACP.WA,2.881037262406393e-05
,BPDZ051,Caliway Biopharmaceuticals Co Ltd,6919,<0.01%,Pharmaceuticals,TW,---,"$2,616,669.07","826,000",6919.TW,2.8810324619134003e-05
,4077323,Bank Millennium SA,MIL,<0.01%,Diversified Banks,PL,---,"$2,615,659.59","473,307",MIL.WA,2.8799209936413915e-05
,BLFDXF6,StepStone Group Inc,STEP,<0.01%,Asset Management & Custody Banks,US,---,"$2,614,626.18","59,613",STEP,2.8787831777094498e-05
,BYVQ673,Westgold Resources Ltd,WGX,<0.01%,Gold,AU,---,"$2,614,376.88","784,306",WGX.AX,2.878508690805091e-05
,BYND5N1,Ashland Inc,ASH,<0.01%,Specialty Chemicals,US,---,"$2,612,435.19","35,979",ASH,2.8763708308880277e-05
,6419451,POSCO Future M Co Ltd,003670,<0.01%,Electrical Components & Equipment,KR,---,"$2,611,556.74","27,521",003670.KS,2.875403630642806e-05
,BB22L96,KION Group AG,KGX,<0.01%,Construction Machinery & Heavy Transportation Equipment,DE,---,"$2,608,850.25","57,651",KGX.DE,2.872423702597169e-05
,B1SK0S6,Freenet AG,FNTN,<0.01%,Wireless Telecommunication Services,DE,---,"$2,608,281.28","92,818",FNTN.DE,2.8717972492719667e-05
,6439567,IGO Ltd,IGO,<0.01%,Diversified Metals & Mining,AU,---,"$2,604,009.92","541,057",IGO.AX,2.867094351623347e-05
,2420101,Helmerich & Payne Inc,HP,<0.01%,Oil & Gas Drilling,US,---,"$2,602,360.46","75,278",HP,2.8652782458501294e-05
,BQKRHR8,360 ONE WAM Ltd,360ONE,<0.01%,Asset Management & Custody Banks,IN,---,"$2,601,867.29","218,969",360ONE.NS,2.864735250637043e-05
,BJRFSB7,Immunovant Inc,IMVT,<0.01%,Biotechnology,US,---,"$2,599,859.78","67,319",IMVT,2.8625249208922824e-05
,B0YBZJ2,Cia de Saneamento de Minas Gerais Copasa MG,CSMG3,<0.01%,Water Utilities,BR,---,"$2,599,725.87","205,367",CSMG3.SA,2.862377481897647e-05
,BP3R2B7,Shanghai Pudong Development Bank Co Ltd,600000,<0.01%,Diversified Banks,CN,---,"$2,598,482.82","1,844,986",600000.SS,2.8610088459310886e-05
,BNXKTM2,KakaoBank Corp,323410,<0.01%,Regional Banks,KR,---,"$2,594,436.71","169,151",323410.KS,2.8565539554032344e-05
,2951098,West Fraser Timber Co Ltd,WFG,<0.01%,Forest Products,CA,---,"$2,590,744.70","40,007",WFG.TO,2.852488939776437e-05
,2713317,ACADIA Pharmaceuticals Inc,ACAD,<0.01%,Biotechnology,US,---,"$2,588,966.12","100,076",ACAD,2.850530668944692e-05
,B0LCW08,Hikma Pharmaceuticals PLC,HIK,<0.01%,Pharmaceuticals,GB,---,"$2,583,325.37","121,011",HIK.L,2.8443200311357855e-05
,5161407,Interpump Group SpA,IP,<0.01%,Industrial Machinery & Supplies & Components,IT,---,"$2,579,155.57","64,067",IP.MI,2.8397289541450345e-05
,B1VNSX3,Drax Group PLC,DRX,<0.01%,Renewable Electricity,GB,---,"$2,578,664.77","259,116",DRX.L,2.8391885683742397e-05
,6288190,AUO Corp,2409,<0.01%,Electronic Components,TW,---,"$2,574,836.82","3,516,400",2409.TW,2.8349738786608854e-05
,7110902,Tecan Group AG,TECN,<0.01%,Life Sciences Tools & Services,CH,---,"$2,572,583.04","11,132",TECN.SW,2.83249239813419e-05
,6619648,NHK Spring Co Ltd,5991,<0.01%,Automotive Parts & Equipment,JP,---,"$2,571,668.84","116,000",5991.T,2.8314858360484914e-05
,BSSDKB7,Vishal Mega Mart Ltd,VMM,<0.01%,Broadline Retail,IN,---,"$2,569,891.13","2,289,541",VMM.NS,2.829528523113284e-05
,2809324,Silgan Holdings Inc,SLGN,<0.01%,"Metal, Glass & Plastic Containers",US,---,"$2,569,154.78","64,261",SLGN,2.828717779302516e-05
,BSLN6B6,LXP Industrial Trust,LXP,<0.01%,Industrial REITs,US,---,"$2,569,135.32","42,444",LXP,2.828696353248931e-05
,5769209,Arcadis NV,ARCAD,<0.01%,Research & Consulting Services,NL,---,"$2,568,439.74","54,576",ARCAD.AS,2.8279304984517646e-05
,6148119,NMDC Ltd,NMDC,<0.01%,Steel,IN,---,"$2,562,628.71","2,873,368",NMDC.NS,2.821532377168834e-05
,0692861,UNITE Group PLC/The,UTG,<0.01%,Multi-Family Residential REITs,GB,---,"$2,561,648.42","352,641",UTG.L,2.820453047977203e-05
,7169517,De' Longhi SpA,DLG,<0.01%,Household Appliances,IT,---,"$2,557,488.98","54,485",DLG.MI,2.8158733776624613e-05
,6988337,Yuhan Corp,000100,<0.01%,Pharmaceuticals,KR,---,"$2,554,387.75","50,024",000100.KS,2.8124588288361327e-05
,7745638,Covivio SA/France,COV,<0.01%,Diversified REITs,FR,---,"$2,552,011.79","41,804",COV.PA,2.8098428244026e-05
,6133450,Micro-Star International Co Ltd,2377,<0.01%,"Technology Hardware, Storage & Peripherals",TW,---,"$2,551,995.45","589,000",2377.TW,2.8098248335641836e-05
,B6YR5K3,Telephone and Data Systems Inc,TDS,<0.01%,Wireless Telecommunication Services,US,---,"$2,550,065.20","75,940",TDS,2.807699569436073e-05
,B3ZVDV0,Sinopharm Group Co Ltd,1099,<0.01%,Health Care Distributors,HK,---,"$2,548,015.92","1,149,000",1099.HK,2.8054432496472083e-05
,BXRTX56,Apple Hospitality REIT Inc,APLE,<0.01%,Hotel & Resort REITs,US,---,"$2,545,693.41","154,191",APLE,2.8028860952940525e-05
,B1DGKS9,Yamaguchi Financial Group Inc,8418,<0.01%,Regional Banks,JP,---,"$2,542,543.84","137,500",8418.T,2.799418322653216e-05
,6214128,MRF Ltd,MRF,<0.01%,Tires & Rubber,IN,---,"$2,541,635.46","1,827",MRF.NS,2.7984181685650447e-05
,6641146,Nichias Corp,5393,<0.01%,Building Products,JP,---,"$2,538,966.56","122,500",5393.T,2.7954796282560096e-05
,BP6JW21,Kyndryl Holdings Inc,KD,<0.01%,IT Consulting & Other Services,US,---,"$2,538,728.00","187,360",KD,2.7952169664192512e-05
,BL5C4C7,Auto1 Group SE,AG1,<0.01%,Automotive Retail,DE,---,"$2,535,285.28","96,542",AG1.DE,2.7914264266865068e-05
,B1YBRG0,CIA ENERGETICA MINAS GER-PRF,CMIG4,<0.01%,Electric Utilities,BR,---,"$2,534,957.49","1,133,164",CMIG4.SA,2.7910655198979807e-05
,B56LHP5,Win Semiconductors Corp,3105,<0.01%,Semiconductors,TW,---,"$2,533,441.44","287,151",3105.TWO,2.7893963026041465e-05
,BMHWY55,Avient Corp,AVNT,<0.01%,Specialty Chemicals,US,---,"$2,532,738.88","69,734",AVNT,2.7886227626140695e-05
,6687571,Nabtesco Corp,6268,<0.01%,Industrial Machinery & Supplies & Components,JP,---,"$2,532,253.02","88,100",6268.T,2.788087815933959e-05
,BD57ZM3,Nishi-Nippon Financial Holdings Inc,7189,<0.01%,Regional Banks,JP,---,"$2,531,785.85","95,800",7189.T,2.7875734475139464e-05
,6327587,Kingdee International Software Group Co Ltd,268,<0.01%,Application Software,HK,---,"$2,527,679.32","2,352,000",0268.HK,2.78305203272311e-05
,BD3R8D7,Tube Investments of India Ltd,TIINDIA,<0.01%,Automotive Parts & Equipment,IN,---,"$2,527,448.55","87,624",TIINDIA.NS,2.782797947913969e-05
,6054904,ADEKA Corp,4401,<0.01%,Commodity Chemicals,JP,---,"$2,526,145.55","103,500",4401.T,2.781363305168766e-05
,2186254,Century Aluminum Co,CENX,<0.01%,Aluminum,US,---,"$2,525,028.00","56,400",CENX,2.780132848530315e-05
,BHWLWV4,WuXi AppTec Co Ltd,603259,<0.01%,Life Sciences Tools & Services,CN,---,"$2,521,536.25","132,584",603259.SS,2.776288325272016e-05
,2684349,Parque Arauco SA,PARAUCO,<0.01%,Real Estate Operating Companies,CL,---,"$2,520,415.64","594,308",PARAUCO.SN,2.7750544994802265e-05
,B2PFJR3,Dana Inc,DAN,<0.01%,Automotive Parts & Equipment,US,---,"$2,516,016.04","93,428",DAN,2.7702104056799225e-05
,2121352,Group 1 Automotive Inc,GPI,<0.01%,Automotive Retail,US,---,"$2,512,678.74","8,762",GPI,2.7665359365827877e-05
,6473468,JGC Holdings Corp,1963,<0.01%,Construction & Engineering,JP,---,"$2,510,516.38","179,500",1963.T,2.7641551122646616e-05
,0465740,Mitie Group PLC,MTO,<0.01%,Environmental & Facilities Services,GB,---,"$2,509,888.24","895,318",MTO.L,2.7634635109646067e-05
,BQ3R8B6,Cushman & Wakefield Ltd,CWK,<0.01%,Real Estate Services,US,---,"$2,509,499.74","186,997",CWK,2.7630357606142528e-05
,BZ5ZWZ3,Megaport Ltd,MP1,<0.01%,Internet Services & Infrastructure,AU,---,"$2,508,971.37","196,296",MP1.AX,2.7624540091274657e-05
,6347604,Fortune Electric Co Ltd,1519,<0.01%,Electrical Components & Equipment,TW,---,"$2,503,988.05","115,867",1519.TW,2.7569672218020424e-05
,6470685,Japan Steel Works Ltd/The,5631,<0.01%,Industrial Machinery & Supplies & Components,JP,---,"$2,501,967.88","54,000",5631.T,2.754742953011116e-05
,BMHVDS8,Archer Aviation Inc,ACHR,<0.01%,Aerospace & Defense,US,---,"$2,498,152.80","538,395",ACHR,2.7505424335603336e-05
,6723839,United Urban Investment Corp,8960,<0.01%,Diversified REITs,JP,---,"$2,496,520.95","2,443",8960.T,2.748745716934271e-05
,6375780,LS Corp,006260,<0.01%,Electrical Components & Equipment,KR,---,"$2,492,260.37","13,810",006260.KS,2.744054688394472e-05
,6569527,Marui Group Co Ltd,8252,<0.01%,Consumer Finance,JP,---,"$2,490,768.49","133,700",8252.T,2.742412083007892e-05
,BZ6T5C2,SOITEC,SOI,<0.01%,Semiconductor Materials & Equipment,FR,---,"$2,487,682.76","20,420",SOI.PA,2.7390146001543565e-05
,BD5CPG2,Wuliangye Yibin Co Ltd,000858,<0.01%,Distillers & Vintners,CN,---,"$2,485,575.88","215,164",000858.SZ,2.736694861008529e-05
,B182K93,Protector Forsikring ASA,PROT,<0.01%,Multi-line Insurance,NO,---,"$2,484,802.38","47,753",PROT.OL,2.735843213914581e-05
,2781109,S&T Bancorp Inc,STBA,<0.01%,Regional Banks,US,---,"$2,481,244.85","47,579",STBA,2.7319262648698052e-05
,B7KR2P8,easyJet PLC,EZJ,<0.01%,Passenger Airlines,GB,---,"$2,480,696.17","291,383",EZJ.L,2.7313221514535055e-05
,6497662,Kuraray Co Ltd,3405,<0.01%,Commodity Chemicals,JP,---,"$2,464,788.31","214,900",3405.T,2.7138071123585645e-05
,BSQLM28,Brookfield Infrastructure Corp,BIPC,<0.01%,Gas Utilities,CA,---,"$2,464,752.69","58,306",BIPC.TO,2.713767893652053e-05
,B56VQB4,Acter Group Corp Ltd,5536,<0.01%,Construction & Engineering,TW,---,"$2,464,212.21","87,576",5536.TWO,2.713172808685877e-05
,6712611,Codan Ltd,CDA,<0.01%,Electronic Equipment & Instruments,AU,---,"$2,463,999.24","87,728",CDA.AX,2.7129383222196873e-05
,2352806,First Financial Bancorp,FFBC,<0.01%,Regional Banks,US,---,"$2,462,418.04","72,788",FFBC,2.711197372788593e-05
,BP5DSY8,Lineage Inc,LINE,<0.01%,Industrial REITs,US,---,"$2,461,781.74","58,102",LINE,2.7104967870796347e-05
,B03MS97,Eregli Demir ve Celik Fabrikalari TAS,EREGL,<0.01%,Steel,TR,---,"$2,458,144.71","2,750,068",EREGL.IS,2.7064923061098826e-05
,BVSYJW5,B&M European Value Retail plc,BME,<0.01%,Broadline Retail,GB,---,"$2,456,705.03","817,255",BME.L,2.704907174515551e-05
,6744250,GS Yuasa Corp,6674,<0.01%,Automotive Parts & Equipment,JP,---,"$2,455,045.30","72,900",6674.T,2.7030797611590687e-05
,B292RC1,ZOZO Inc,3092,<0.01%,Apparel Retail,JP,---,"$2,453,804.50","340,300",3092.T,2.7017136025111424e-05
,6641544,NSK Ltd,6471,<0.01%,Industrial Machinery & Supplies & Components,JP,---,"$2,453,142.18","344,400",6471.T,2.7009843679885006e-05
,BP3R262,China Shenhua Energy Co Ltd,601088,<0.01%,Coal & Consumable Fuels,CN,---,"$2,451,667.62","362,500",601088.SS,2.6993608324502297e-05
,4572709,Bollore SE,BOL,<0.01%,Oil & Gas Storage & Transportation,FR,---,"$2,450,002.46","548,603",BOL.PA,2.6975274404981168e-05
,6804240,Shiga Bank Ltd/The,8366,<0.01%,Regional Banks,JP,---,"$2,447,223.06","164,700",8366.T,2.694467236318518e-05
,B54C017,K+S AG,SDF,<0.01%,Fertilizers & Agricultural Chemicals,DE,---,"$2,446,481.64","145,858",SDF.DE,2.6936509102831006e-05
,BNNLSZ1,Alignment Healthcare Inc,ALHC,<0.01%,Managed Health Care,US,---,"$2,445,052.50","164,650",ALHC,2.6920773835502685e-05
,2018669,Maximus Inc,MMS,<0.01%,Data Processing & Outsourced Services,US,---,"$2,444,764.25","40,577",MMS,2.6917600115078243e-05
,BKPGF52,Iveco Group NV,IVG,<0.01%,Construction Machinery & Heavy Transportation Equipment,IT,---,"$2,444,139.53","152,430",IVG.MI,2.6910721757320886e-05
,BSS6HY8,Workiva Inc. Class A,WK,<0.01%,Application Software,US,---,"$2,443,966.20","40,869",WK,2.6908813341150317e-05
,6657808,Okumura Corp,1833,<0.01%,Construction & Engineering,JP,---,"$2,442,844.56","67,700",1833.T,2.6896463742618238e-05
,6491318,Kingboard Holdings Ltd,148,<0.01%,Electronic Components,HK,---,"$2,442,187.88","488,340",0148.HK,2.688923349551217e-05
,BZ059D5,XTB SA,XTB,<0.01%,Investment Banking & Brokerage,PL,---,"$2,442,063.22","61,248",XTB.WA,2.688786095088733e-05
,4854719,Sulzer AG,SUN,<0.01%,Industrial Machinery & Supplies & Components,CH,---,"$2,441,764.35","13,445",SUN.SW,2.6884570301023486e-05
,6936574,Walsin Lihwa Corp,1605,<0.01%,Electrical Components & Equipment,TW,---,"$2,441,654.34","2,544,344",1605.TW,2.6883359057367307e-05
,6900557,Toyoda Gosei Co Ltd,7282,<0.01%,Automotive Parts & Equipment,JP,---,"$2,440,807.78","70,700",7282.T,2.6874038173542446e-05
,B0BKSS2,Vienna Insurance Group AG Wiener Versicherung Gruppe,VIG,<0.01%,Multi-line Insurance,AT,---,"$2,440,542.15","29,781",VIG.VI,2.6871113506217748e-05
,BMDZN39,TP ICAP Group PLC,TCAP,<0.01%,Investment Banking & Brokerage,GB,---,"$2,440,465.43","528,398",TCAP.L,2.6870268795615972e-05
,6602563,DMG Mori Co Ltd,6141,<0.01%,Industrial Machinery & Supplies & Components,JP,---,"$2,438,997.31","106,600",6141.T,2.6854104346597644e-05
,B3NNTZ4,BankUnited Inc,BKU,<0.01%,Regional Banks,US,---,"$2,436,156.30","52,222",BKU,2.6822823959908845e-05
,BYY9947,Red Rock Resorts Inc,RRR,<0.01%,Casinos & Gaming,US,---,"$2,434,156.56","37,774",RRR,2.6800806212531316e-05
,BZ8VC58,CoreCivic Inc,CXW,<0.01%,Security & Alarm Services,US,---,"$2,434,069.30","81,407",CXW,2.6799845453314534e-05
,2485070,KB Home,KBH,<0.01%,Homebuilding,US,---,"$2,434,016.63","44,279",KBH,2.679926554054869e-05
,BRPTWP9,Rakuten Bank Ltd,5838,<0.01%,Diversified Banks,JP,---,"$2,433,380.54","71,200",5838.T,2.679226199562316e-05
,6782090,Medipal Holdings Corp,7459,<0.01%,Health Care Distributors,JP,---,"$2,432,677.65","135,100",7459.T,2.6784522962321735e-05
,0427030,Hill & Smith PLC,HILS,<0.01%,Steel,GB,---,"$2,432,654.57","63,013",HILS.L,2.6784268844481677e-05
,BPMQ8J5,Adeia Inc,ADEA,<0.01%,Systems Software,US,---,"$2,431,839.15","91,251",ADEA,2.6775290821555403e-05
,BMFQC33,Hayward Holdings Inc,HAYW,<0.01%,Building Products,US,---,"$2,427,774.93","160,461",HAYW,2.6730542519652798e-05
,BP3R239,Bank of China Ltd,601988,<0.01%,Diversified Banks,CN,---,"$2,427,188.22","2,702,900",601988.SS,2.6724082663589573e-05
,BKDRYJ4,Airtel Africa PLC,AAF,<0.01%,Wireless Telecommunication Services,GB,---,"$2,424,390.96","537,095",AAF.L,2.669328397774577e-05
,BD376K0,Comet Holding AG,COTN,<0.01%,Electronic Equipment & Instruments,CH,---,"$2,423,492.79","5,973",COTN.SW,2.6683394852078397e-05
,2673251,Park National Corp,PRK,<0.01%,Regional Banks,US,---,"$2,422,449.70","11,638",PRK,2.6671910113006303e-05
,6105578,Clicks Group Ltd,CLS,<0.01%,Drug Retail,ZA,---,"$2,421,609.21","180,947",CLS.JO,2.666265606173296e-05
,BKPNC96,BOYD GROUP SERVICES INC,BYD,<0.01%,Diversified Support Services,CA,---,"$2,420,214.59","23,413",BYD.TO,2.6647300870134224e-05
,BRX9C06,Mandatum Oyj,MANTA,<0.01%,Life & Health Insurance,FI,---,"$2,417,122.58","352,804",MANTA.HE,2.66132568968833e-05
,2463344,Griffon Corp,GFF,<0.01%,Building Products,US,---,"$2,416,120.63","28,039",GFF,2.660222512176007e-05
,BDCWFT8,Liberty Energy Inc,LBRT,<0.01%,Oil & Gas Equipment & Services,US,---,"$2,407,789.90","128,690",LBRT,2.6510501243350654e-05
,B2Q8249,Graphic Packaging Holding Co,GPK,<0.01%,Paper & Plastic Packaging Products & Materials,US,---,"$2,407,565.21","224,377",GPK,2.650802733791382e-05
,BGDW5G5,NMI Holdings Inc,NMIH,<0.01%,Commercial & Residential Mortgage Finance,US,---,"$2,407,483.50","54,345",NMIH,2.650712768588995e-05
,4574813,Mediobanca Banca di Credito Finanziario SpA,MB,<0.01%,Diversified Banks,IT,---,"$2,406,285.69","74,615",MB.MI,2.6493939432423856e-05
,BN7K304,Academy Sports & Outdoors Inc,ASO,<0.01%,Other Specialty Retail,US,---,"$2,403,152.70","50,646",ASO,2.6459444256872865e-05
,6900182,Toyo Tire Corp,5105,<0.01%,Tires & Rubber,JP,---,"$2,403,111.17","90,600",5105.T,2.645898699890503e-05
,BS7K7M9,Freshpet Inc,FRPT,<0.01%,Packaged Foods & Meats,US,---,"$2,402,855.78","40,357",FRPT,2.6456175077103824e-05
,B00VS64,KIWOOM Securities Co Ltd,039490,<0.01%,Investment Banking & Brokerage,KR,---,"$2,401,098.14","12,025",039490.KS,2.643682292457367e-05
,BNV08F0,Ventia Services Group Pty Ltd,VNT,<0.01%,Construction & Engineering,AU,---,"$2,400,458.58","588,591",VNT.AX,2.6429781173889698e-05
,BLC90J0,ZIM Integrated Shipping Services Ltd,ZIM,<0.01%,Marine Transportation,US,---,"$2,399,851.30","95,270",ZIM,2.6423094835852032e-05
,0265274,Derwent London PLC,DLN,<0.01%,Office REITs,GB,---,"$2,398,910.49","84,534",DLN.L,2.641273623077825e-05
,2809777,Stella-Jones Inc,SJ,<0.01%,Forest Products,CA,---,"$2,397,465.52","43,456",SJ.TO,2.639682667032133e-05
,BP29PY8,Chugin Financial Group Inc,5832,<0.01%,Regional Banks,JP,---,"$2,396,405.44","116,300",5832.T,2.63851548661668e-05
,B1GHR88,MonotaRO Co Ltd,3064,<0.01%,Trading Companies & Distributors,JP,---,"$2,395,678.62","189,844",3064.T,2.6377152356266046e-05
,BVK35P5,Columbia Financial Inc,CLBK,<0.01%,Regional Banks,US,---,"$2,395,625.72","221,612",CLBK,2.6376569911130044e-05
,6913168,Guangdong Investment Ltd,270,<0.01%,Water Utilities,HK,---,"$2,391,469.31","2,216,000",0270.HK,2.6330806569206864e-05
,BRXG0D6,LATAM AIRLINES GROUP SA-ADR,LTM,<0.01%,Passenger Airlines,US,ADR,"$2,390,502.84","45,309",LTM,2.6320165439706045e-05
,B4VGVM3,Baytex Energy Corp,BTE,<0.01%,Oil & Gas Exploration & Production,CA,---,"$2,387,987.01","523,881",BTE.TO,2.6292465384006392e-05
,BMHT025,Azelis Group NV,AZE,<0.01%,Trading Companies & Distributors,BE,---,"$2,385,999.32","182,709",AZE.BR,2.6270580310804453e-05
,BLDCK32,Loar Holdings Inc,LOAR,<0.01%,Aerospace & Defense,US,---,"$2,383,634.35","34,823",LOAR,2.624454126972139e-05
,2354664,HB Fuller Co,FUL,<0.01%,Specialty Chemicals,US,---,"$2,381,936.90","43,073",FUL,2.6225851827450896e-05
,B0LCW75,Sims Ltd,SGM,<0.01%,Steel,AU,---,"$2,376,789.13","133,067",SGM.AX,2.6169173309534743e-05
,BZ1DZ96,Reply SpA,REY,<0.01%,IT Consulting & Other Services,IT,---,"$2,374,841.71","18,714",REY.MI,2.6147731621316294e-05
,6278306,Dowa Holdings Co Ltd,5714,<0.01%,Diversified Metals & Mining,JP,---,"$2,372,482.62","46,500",5714.T,2.61217573208268e-05
,6597380,Mitsui E&S Co Ltd,7003,<0.01%,Construction Machinery & Heavy Transportation Equipment,JP,---,"$2,370,523.02","78,600",7003.T,2.6100181527093105e-05
,6642202,Nikkon Holdings Co Ltd,9072,<0.01%,Cargo Ground Transportation,JP,---,"$2,370,378.15","75,100",9072.T,2.6098586464203636e-05
,BNHSJN3,Quilter PLC,QLT,<0.01%,Asset Management & Custody Banks,GB,---,"$2,366,784.06","905,839",QLT.L,2.605901443700404e-05
,B24FZ32,Bosideng International Holdings Ltd,3998,<0.01%,"Apparel, Accessories & Luxury Goods",HK,---,"$2,365,704.99","3,754,000",3998.HK,2.6047133547157026e-05
,6099671,Huaneng Power International Inc,902,<0.01%,Independent Power Producers & Energy Traders,HK,---,"$2,365,472.67","3,078,000",0902.HK,2.604457563309282e-05
,6528443,Oracle Financial Services Software Ltd,OFSS,<0.01%,Application Software,IN,---,"$2,365,300.56","20,171",OFSS.NS,2.604268064949438e-05
,BD5CQ03,Weichai Power Co Ltd,000338,<0.01%,Construction Machinery & Heavy Transportation Equipment,CN,---,"$2,361,233.62","570,100",000338.SZ,2.5997902399562093e-05
,6158174,Ooredoo QPSC,ORDS,<0.01%,Integrated Telecommunication Services,QA,---,"$2,360,786.74","687,397",ORDS.QA,2.5992982114450994e-05
,BQ98SK2,Mankind Pharma Ltd,MANKIND,<0.01%,Pharmaceuticals,IN,---,"$2,359,582.70","91,185",MANKIND.NS,2.5979725266784573e-05
,B4R39F7,Chow Tai Fook Jewellery Group Ltd,1929,<0.01%,Other Specialty Retail,HK,---,"$2,355,825.68","1,495,800",1929.HK,2.5938359330586697e-05
,6747367,Rohto Pharmaceutical Co Ltd,4527,<0.01%,Personal Care Products,JP,---,"$2,355,757.05","157,300",4527.T,2.5937603693352594e-05
,6497082,JTEKT Corp,6473,<0.01%,Automotive Parts & Equipment,JP,---,"$2,353,860.41","171,900",6473.T,2.5916721108423493e-05
,2190750,Chesapeake Utilities Corp,CPK,<0.01%,Gas Utilities,US,---,"$2,352,994.38","17,721",CPK,2.5907185853959726e-05
,2646123,WIPRO LTD-ADR,WIT,<0.01%,IT Consulting & Other Services,US,ADR,"$2,351,455.92","1,187,604",WIT,2.5890246940085704e-05
,6286611,Ansell Ltd,ANN,<0.01%,Health Care Supplies,AU,---,"$2,351,051.40","102,372",ANN.AX,2.5885793051495608e-05
,BD9Q2J2,Genscript Biotech Corp,1548,<0.01%,Life Sciences Tools & Services,HK,---,"$2,350,935.83","1,022,000",1548.HK,2.5884520590543474e-05
,6527774,Orix JREIT Inc,8954,<0.01%,Office REITs,JP,---,"$2,350,910.77","3,633",8954.T,2.5884244672299458e-05
,B1G8KX7,Transmissora Alianca de Energia Eletrica S/A,TAEE11,<0.01%,Electric Utilities,BR,---,"$2,348,320.46","300,151",TAEE11.SA,2.585572456908129e-05
,7243530,JUMBO SA,BELA,<0.01%,Other Specialty Retail,GR,---,"$2,345,696.84","83,944",BELA.AT,2.5826837712602624e-05
,2508386,Plug Power Inc,PLUG,<0.01%,Electrical Components & Equipment,US,---,"$2,345,625.18","1,138,653",PLUG,2.582604871414429e-05
,B4PFFW4,PRADA SpA,1913,<0.01%,"Apparel, Accessories & Luxury Goods",HK,---,"$2,340,947.57","426,200",1913.HK,2.5774546801240297e-05
,2435246,HNI Corp,HNI,<0.01%,Office Services & Supplies,US,---,"$2,338,719.60","51,960",HNI,2.5750016171946126e-05
,2196026,Empresas Copec SA,COPEC,<0.01%,Automotive Retail,CL,---,"$2,334,484.70","341,809",COPEC.SN,2.570338863118127e-05
,BFV4XV7,Energy Fuels Inc/Canada,EFR,<0.01%,Coal & Consumable Fuels,CA,---,"$2,334,253.44","203,753",EFR.TO,2.5700842388040397e-05
,BMYMV13,Montage Gold Corp,MAU,<0.01%,Gold,CA,---,"$2,334,090.58","206,308",MAU.TO,2.5699049249763467e-05
,B8W8F13,Alior Bank SA,ALR,<0.01%,Diversified Banks,PL,---,"$2,332,839.56","63,218",ALR.WA,2.568527513796681e-05
,BMXVKB4,Bachem Holding AG,BANB,<0.01%,Life Sciences Tools & Services,CH,---,"$2,329,300.80","25,057",BANB.SW,2.5646312310944435e-05
,5809428,Koninklijke Vopak NV,VPK,<0.01%,Oil & Gas Storage & Transportation,NL,---,"$2,329,091.24","41,143",VPK.AS,2.5644004991422688e-05
,BG0GM14,Mercari Inc,4385,<0.01%,Broadline Retail,JP,---,"$2,327,636.91","86,018",4385.T,2.56279923745107e-05
,6987583,Yang Ming Marine Transport Corp,2609,<0.01%,Marine Transportation,TW,---,"$2,325,741.95","1,486,632",2609.TW,2.5607128286894044e-05
,6080396,Anhui Conch Cement Co Ltd,914,<0.01%,Construction Materials,HK,---,"$2,325,485.09","987,000",0914.HK,2.5604300179944443e-05
,6499420,EXEO Group Inc,1951,<0.01%,Construction & Engineering,JP,---,"$2,325,230.06","142,400",1951.T,2.5601492221853047e-05
,6622806,Modec Inc,6269,<0.01%,Oil & Gas Equipment & Services,JP,---,"$2,325,124.20","36,000",6269.T,2.560032667096274e-05
,BF7M092,Telix Pharmaceuticals Ltd,TLX,<0.01%,Biotechnology,AU,---,"$2,318,224.64","233,321",TLX.AX,2.552436041080085e-05
,6197304,Citizen Watch Co Ltd,7762,<0.01%,Electronic Equipment & Instruments,JP,---,"$2,316,712.09","175,000",7762.T,2.5507706773930107e-05
,B00ZG06,Nordic Semiconductor ASA,NOD,<0.01%,Semiconductors,NO,---,"$2,315,401.05","137,039",NOD.OL,2.5493271823625645e-05
,B67C2G0,Swire Properties Ltd,1972,<0.01%,Real Estate Operating Companies,HK,---,"$2,315,181.97","760,180",1972.HK,2.5490859686000022e-05
,2330318,Exponent Inc,EXPO,<0.01%,Research & Consulting Services,US,---,"$2,314,948.65","34,629",EXPO,2.548829076163079e-05
,BJ0K6Z9,Klabin SA,KLBN11,<0.01%,Paper & Plastic Packaging Products & Materials,BR,---,"$2,313,987.60","642,737",KLBN11.SA,2.5477709307983226e-05
,6591809,Credit Saison Co Ltd,8253,<0.01%,Consumer Finance,JP,---,"$2,308,667.71","81,500",8253.T,2.541913569636558e-05
,B247H10,Teradata Corp,TDC,<0.01%,Systems Software,US,---,"$2,307,267.48","74,452",TDC,2.5403718736955633e-05
,BKF1H51,Traton SE,8TRA,<0.01%,Construction Machinery & Heavy Transportation Equipment,DE,---,"$2,304,307.84","49,016",8TRA.DE,2.5371132197781318e-05
,BK94091,Aya Gold & Silver Inc,AYA,<0.01%,Silver,CA,---,"$2,304,118.77","117,285",AYA.TO,2.5369050479409597e-05
,2554163,MGE Energy Inc,MGEE,<0.01%,Electric Utilities,US,---,"$2,301,359.61","28,937",MGEE,2.5338671286187377e-05
,BH65L93,Seacoast Banking Corp of Florida,SBCF,<0.01%,Regional Banks,US,---,"$2,301,316.56","66,244",SBCF,2.5338197292555906e-05
,5633616,Sopra Steria Group,SOP,<0.01%,IT Consulting & Other Services,FR,---,"$2,299,858.53","10,835",SOP.PA,2.5322143937515314e-05
,B06CMQ9,GMO Payment Gateway Inc,3769,<0.01%,Transaction & Payment Processing Services,JP,---,"$2,299,732.51","36,906",3769.T,2.5320756418875634e-05
,6903556,Tingyi Cayman Islands Holding Corp,322,<0.01%,Packaged Foods & Meats,HK,---,"$2,299,025.56","1,518,000",0322.HK,2.5312972683735793e-05
,BTDV035,Punjab National Bank,PNB,<0.01%,Diversified Banks,IN,---,"$2,298,614.28","1,946,966",PNB.NS,2.5308444365483702e-05
,6296201,Eagers Automotive Ltd,APE,<0.01%,Automotive Retail,AU,---,"$2,298,069.56","139,779",APE.AX,2.5302446832128626e-05
,BNGCJ25,HYBE Co Ltd,352820,<0.01%,Movies & Entertainment,KR,---,"$2,296,388.55","19,617",352820.KS,2.52839383992728e-05
,BFZCHN7,Wix.com Ltd,WIX,<0.01%,Internet Services & Infrastructure,US,---,"$2,295,411.36","41,712",WIX,2.5273179239302074e-05
,B1VJFK7,Premium Brands Holdings Corp,PBH,<0.01%,Packaged Foods & Meats,CA,---,"$2,294,586.55","34,696",PBH.TO,2.5264097829611583e-05
,6044109,Anritsu Corp,6754,<0.01%,Electronic Equipment & Instruments,JP,---,"$2,292,611.82","104,900",6754.T,2.5242355449962812e-05
,5735631,TAG Immobilien AG,TEG,<0.01%,Real Estate Operating Companies,DE,---,"$2,292,607.68","143,473",TEG.DE,2.5242309867299998e-05
,B01RJV3,GS Holdings Corp,078930,<0.01%,Industrial Conglomerates,KR,---,"$2,290,510.03","37,022",078930.KS,2.5219214100957124e-05
,B1L3K60,Paz Retail And Energy Ltd,PAZ,<0.01%,Oil & Gas Refining & Marketing,IL,---,"$2,289,864.87","8,110",PAZ.TA,2.5212110692564993e-05
,BYQDMZ9,Guotai Haitong Securities Co Ltd,601211,<0.01%,Investment Banking & Brokerage,CN,---,"$2,285,462.28","841,138",601211.SS,2.5163636833749915e-05
,B4RGHN0,First Interstate BancSystem Inc,FIBK,<0.01%,Regional Banks,US,---,"$2,285,268.14","60,107",FIBK,2.51614992931317e-05
,2944742,WD-40 Co,WDFC,<0.01%,Household Products,US,---,"$2,282,984.14","10,051",WDFC,2.5136351756446787e-05
,2222062,Community Financial System Inc,CBU,<0.01%,Regional Banks,US,---,"$2,279,691.75","35,175",CBU,2.5100101538274266e-05
,2781518,Scotts Miracle-Gro Co/The,SMG,<0.01%,Fertilizers & Agricultural Chemicals,US,---,"$2,278,439.20","34,690",SMG,2.5086310580710916e-05
,0797379,Serco Group PLC,SRP,<0.01%,Environmental & Facilities Services,GB,---,"$2,274,446.53","697,176",SRP.L,2.504235006613309e-05
,6689533,Kakaku.com Inc,2371,<0.01%,Interactive Media & Services,JP,---,"$2,266,442.42","97,568",2371.T,2.4954222373552056e-05
,6574071,PCCW Ltd,8,<0.01%,Integrated Telecommunication Services,HK,---,"$2,262,934.62","3,019,112",0008.HK,2.4915600425573367e-05
,2566522,Acadia Realty Trust,AKR,<0.01%,Retail REITs,US,---,"$2,262,414.42","100,686",AKR,2.4909872864897577e-05
,B0Z6WY0,Daiwa House REIT Investment Corp,8984,<0.01%,Diversified REITs,JP,---,"$2,259,272.91","2,918",8984.T,2.4875283881547747e-05
,B1YMYT5,Hiwin Technologies Corp,2049,<0.01%,Industrial Machinery & Supplies & Components,TW,---,"$2,253,939.38","242,188",2049.TW,2.481656008936951e-05
,BDT88L2,Rubis SCA,RUI,<0.01%,Gas Utilities,FR,---,"$2,253,658.94","58,298",RUI.PA,2.481347235942734e-05
,BMD22Y4,Doximity Inc,DOCS,<0.01%,Health Care Technology,US,---,"$2,252,404.29","107,719",DOCS,2.4799658280223433e-05
,2106780,Choice Hotels International Inc,CHH,<0.01%,"Hotels, Resorts & Cruise Lines",US,---,"$2,252,209.49","20,201",CHH,2.4797513472803898e-05
,BNNTLN4,Pennon Group PLC,PNN,<0.01%,Water Utilities,GB,---,"$2,251,917.30","361,517",PNN.L,2.479429637177764e-05
,2447285,NetScout Systems Inc,NTCT,<0.01%,Communications Equipment,US,---,"$2,251,653.88","55,364",NTCT,2.4791396037227054e-05
,BRXH266,Anglogold Ashanti Plc,AU,<0.01%,Gold,US,---,"$2,251,418.88","28,384",AU,2.4788808615545376e-05
,BD2BST6,Kyushu Railway Co,9142,<0.01%,Rail Transportation,JP,---,"$2,248,089.19","99,624",9142.T,2.4752147712995294e-05
,BLGYFQ3,INFRONEER Holdings Inc,5076,<0.01%,Construction & Engineering,JP,---,"$2,248,045.08","138,952",5076.T,2.475166204844049e-05
,6416139,China Merchants Port Holdings Co Ltd,144,<0.01%,Marine Ports & Services,HK,---,"$2,245,804.21","1,150,000",0144.HK,2.4726989386211454e-05
,B0LF188,EFG International AG,EFGN,<0.01%,Asset Management & Custody Banks,CH,---,"$2,244,894.34","112,831",EFGN.SW,2.4716971439975243e-05
,BMHVKZ4,Allos SA,ALOS3,<0.01%,Real Estate Operating Companies,BR,---,"$2,241,664.57","419,466",ALOS3.SA,2.46814106871036e-05
,6870520,Takasago Thermal Engineering Co Ltd,1969,<0.01%,Building Products,JP,---,"$2,240,398.57","84,600",1969.T,2.466747164093762e-05
,2090816,Benchmark Electronics Inc,BHE,<0.01%,Electronic Manufacturing Services,US,---,"$2,240,180.91","28,083",BHE,2.4665075137945137e-05
,6659666,Hyakugo Bank Ltd/The,8368,<0.01%,Regional Banks,JP,---,"$2,238,890.69","179,100",8368.T,2.465086942219137e-05
,6284648,IsuPetasys Co Ltd,007660,<0.01%,Electronic Components,KR,---,"$2,236,899.14","44,552",007660.KS,2.4628941849212017e-05
,6570660,Maruwa Co Ltd/Aichi,5344,<0.01%,Electronic Components,JP,---,"$2,234,795.14","6,600",5344.T,2.4605776167432222e-05
,BF02Z72,ERO Copper Corp,ERO,<0.01%,Copper,CA,---,"$2,233,053.38","83,167",ERO.TO,2.4586598858545915e-05
,BYXW419,Mr Price Group Ltd,MRP,<0.01%,Apparel Retail,ZA,---,"$2,232,894.69","216,833",MRP.JO,2.4584851633240956e-05
,BP3RC39,Shengyi Technology Co Ltd,600183,<0.01%,Electronic Components,CN,---,"$2,231,337.27","142,700",600183.SS,2.4567703963983593e-05
,6860543,Shufersal Ltd,SAE,<0.01%,Food Retail,IL,---,"$2,227,946.40","155,750",SAE.TA,2.453036945097187e-05
,6668468,Paladin Energy Ltd,PDN,<0.01%,Coal & Consumable Fuels,AU,---,"$2,227,679.52","336,983",PDN.AX,2.4527431020765887e-05
,2109091,BOK Financial Corp,BOKF,<0.01%,Regional Banks,US,---,"$2,223,056.86","15,734",BOKF,2.4476534124123207e-05
,BYSLHX4,Hilton Grand Vacations Inc,HGV,<0.01%,"Hotels, Resorts & Cruise Lines",US,---,"$2,222,425.38","48,167",HGV,2.446958133670386e-05
,6565310,Melisron Ltd,MLSR,<0.01%,Real Estate Operating Companies,IL,---,"$2,222,240.19","16,924",MLSR.TA,2.446754233831565e-05
,BZ5ZHK3,Pirelli & C SpA,PIRC,<0.01%,Tires & Rubber,IT,---,"$2,221,784.21","291,664",PIRC.MI,2.446252185942879e-05
,6014908,ANA Holdings Inc,9202,<0.01%,Passenger Airlines,JP,---,"$2,221,348.28","113,730",9202.T,2.4457722137157746e-05
,B8H7CZ8,Kinea Rendimentos Imobiliarios FII,KNCR11,<0.01%,Mortgage REITs,BR,---,"$2,220,752.53","104,167",KNCR11.SA,2.4451162747937065e-05
,BF4X3P5,JTC PLC,JTC,<0.01%,Asset Management & Custody Banks,GB,---,"$2,220,390.12","124,303",JTC.L,2.444717250329172e-05
,BYT1830,TBC Bank Group PLC,TBCG,<0.01%,Diversified Banks,GB,---,"$2,216,907.55","34,139",TBCG.L,2.4408828345308887e-05
,BVVQ8X2,Macnica Holdings Inc,3132,<0.01%,Technology Distributors,JP,---,"$2,216,786.16","109,500",3132.T,2.440749180438149e-05
,BW4NKK8,GF Securities Co Ltd,1776,<0.01%,Investment Banking & Brokerage,HK,---,"$2,216,047.47","1,016,229",1776.HK,2.4399358602160046e-05
,6186669,Catcher Technology Co Ltd,2474,<0.01%,"Technology Hardware, Storage & Peripherals",TW,---,"$2,215,176.33","394,310",2474.TW,2.438976708503759e-05
,6418801,Exxaro Resources Ltd,EXX,<0.01%,Coal & Consumable Fuels,ZA,---,"$2,213,768.07","179,224",EXX.JO,2.437426171287826e-05
,B02R4D9,Aker ASA,AKER,<0.01%,Industrial Conglomerates,NO,---,"$2,212,759.55","16,449",AKER.OL,2.4363157600051e-05
,BNXK803,NuScale Power Corp,SMR,<0.01%,Heavy Electrical Equipment,US,---,"$2,211,698.24","262,672",SMR,2.435147225322129e-05
,BM98T78,Brookfield India Real Estate Trust,BIRET,<0.01%,Office REITs,IN,---,"$2,209,839.43","617,406",BIRET.NS,2.433100618813141e-05
,B57VWJ3,SPS Commerce Inc,SPSC,<0.01%,Application Software,US,---,"$2,209,332.56","30,104",SPSC,2.432542539482165e-05
,BK9S758,Momentum Group Ltd,MTM,<0.01%,Life & Health Insurance,ZA,---,"$2,209,184.45","887,284",MTM.JO,2.4323794658543897e-05
,BQKRCQ2,Aris Mining Corp,ARIS,<0.01%,Gold,CA,---,"$2,208,639.57","165,306",ARIS.TO,2.4317795363540008e-05
,BRXVS60,Alibaba Health Information Technology Ltd,241,<0.01%,Drug Retail,HK,---,"$2,208,377.20","4,810,000",0241.HK,2.43149065898097e-05
,BLPNRR6,Magnite Inc,MGNI,<0.01%,Advertising,US,---,"$2,207,746.30","114,391",MGNI,2.430796018836727e-05
,B45K9N8,Marriott Vacations Worldwide Corp,VAC,<0.01%,"Hotels, Resorts & Cruise Lines",US,---,"$2,206,748.81","22,631",VAC,2.429697751920447e-05
,2099084,Boralex Inc,BLX,<0.01%,Renewable Electricity,CA,---,"$2,203,057.47","83,289",BLX.TO,2.4256334739840863e-05
,2407632,Hub Group Inc,HUBG,<0.01%,Air Freight & Logistics,US,---,"$2,202,823.26","47,342",HUBG,2.425375601630015e-05
,7107551,Fraport AG Frankfurt Airport Services Worldwide,FRA,<0.01%,Airport Services,DE,---,"$2,202,575.63","28,194",FRA.DE,2.4251029534465963e-05
,BB96Z33,JB Financial Group Co Ltd,175330,<0.01%,Diversified Banks,KR,---,"$2,199,153.19","120,580",175330.KS,2.4213347426124498e-05
,6596848,Mitsubishi Logistics Corp,9301,<0.01%,Marine Ports & Services,JP,---,"$2,198,819.24","219,300",9301.T,2.420967053476026e-05
,2578464,Mercury General Corp,MCY,<0.01%,Property & Casualty Insurance,US,---,"$2,197,459.68","20,514",MCY,2.419470136445582e-05
,BWVFT00,Huatai Securities Co Ltd,6886,<0.01%,Investment Banking & Brokerage,HK,---,"$2,197,453.67","1,019,364",6886.HK,2.4194635192522596e-05
,B2R2ZC9,CRRC Corp Ltd,1766,<0.01%,Construction Machinery & Heavy Transportation Equipment,HK,---,"$2,197,038.77","3,274,000",1766.HK,2.4190067016966304e-05
,2689162,Agilysys Inc,AGYS,<0.01%,Application Software,US,---,"$2,192,796.32","20,852",AGYS,2.4143356348398478e-05
,B5KYHQ1,L&T Finance Ltd,LTF,<0.01%,Consumer Finance,IN,---,"$2,191,701.46","672,083",LTF.NS,2.4131301605835064e-05
,2171603,Provident Financial Services Inc,PFS,<0.01%,Regional Banks,US,---,"$2,191,189.12","88,784",PFS,2.4125660586156804e-05
,B1530B1,Japan Hotel REIT Investment Corp,8985,<0.01%,Hotel & Resort REITs,JP,---,"$2,191,133.34","4,300",8985.T,2.4125046431342315e-05
,2048592,American Eagle Outfitters Inc,AEO,<0.01%,Apparel Retail,US,---,"$2,190,553.08","127,506",AEO,2.4118657591746527e-05
,6528164,Studio Alice Co Ltd,2305,<0.01%,Diversified Support Services,JP,---,"$2,188,249.28","175,900",2305.T,2.4093292051022046e-05
,BMDP209,Privia Health Group Inc,PRVA,<0.01%,Health Care Services,US,---,"$2,187,036.99","92,397",PRVA,2.4079944368339148e-05
,6441465,Air Water Inc,4088,<0.01%,Industrial Gases,JP,---,"$2,186,266.96","139,400",4088.T,2.407146610315811e-05
,2165383,California Water Service Group,CWT,<0.01%,Water Utilities,US,---,"$2,186,148.97","43,627",CWT,2.4070166997267812e-05
,0090498,Bellway PLC,BWY,<0.01%,Homebuilding,GB,---,"$2,185,291.39","81,106",BWY.L,2.4060724779881538e-05
,BGKG6M3,StoneCo Ltd,STNE,<0.01%,Transaction & Payment Processing Services,US,---,"$2,183,715.63","191,975",STNE,2.4043375181629948e-05
,2074070,Bank of Hawaii Corp,BOH,<0.01%,Regional Banks,US,---,"$2,182,148.90","27,311",BOH,2.402612500643277e-05
,6900267,Toyo Seikan Group Holdings Ltd,5901,<0.01%,"Metal, Glass & Plastic Containers",JP,---,"$2,180,089.43","85,800",5901.T,2.4003449613535893e-05
,BJ7WJS2,Peloton Interactive Inc,PTON,<0.01%,Leisure Products,US,---,"$2,178,504.36","340,924",PTON,2.398599750934449e-05
,5638280,Viscofan SA,VIS,<0.01%,Packaged Foods & Meats,ES,---,"$2,178,106.40","32,872",VIS.MC,2.398161584835538e-05
,6599483,Ulvac Inc,6728,<0.01%,Semiconductor Materials & Equipment,JP,---,"$2,172,957.41","41,200",6728.T,2.3924923897867096e-05
,6335278,Sino-American Silicon Products Inc,5483,<0.01%,Semiconductor Materials & Equipment,TW,---,"$2,172,717.62","459,000",5483.TWO,2.392228373682433e-05
,BD4HFS0,HD Construction Equipment Co Ltd,267270,<0.01%,Construction Machinery & Heavy Transportation Equipment,KR,---,"$2,171,667.49","25,456",267270.KS,2.3910721485204835e-05
,B00R3L2,Cencosud SA,CENCOSUD,<0.01%,Consumer Staples Merchandise Retail,CL,---,"$2,171,477.06","1,032,754",CENCOSUD.SN,2.3908624792818274e-05
,BMDM761,Skeena Resources Ltd,SKE,<0.01%,Gold,CA,---,"$2,168,578.79","81,743",SKE.TO,2.387671395606355e-05
,6804035,Shimamura Co Ltd,8227,<0.01%,Apparel Retail,JP,---,"$2,165,903.46","102,900",8227.T,2.3847257756711866e-05
,2682105,Penn Entertainment Inc,PENN,<0.01%,Casinos & Gaming,US,---,"$2,164,436.84","105,428",PENN,2.383110982315108e-05
,B3D6J19,ECOPETROL SA-SPONSORED ADR,EC,<0.01%,Integrated Oil & Gas,US,ADR,"$2,163,967.26","129,038",EC,2.3825939604115833e-05
,2730781,CBIZ Inc,CBZ,<0.01%,Research & Consulting Services,US,---,"$2,163,322.08","39,276",CBZ,2.3818835975517602e-05
,6728801,Reece Ltd,REH,<0.01%,Trading Companies & Distributors,AU,---,"$2,156,805.76","192,091",REH.AX,2.3747089304654798e-05
,6414809,Seiko Group Corp,8050,<0.01%,"Apparel, Accessories & Luxury Goods",JP,---,"$2,156,185.41","44,100",8050.T,2.3740259061930422e-05
,B0RJCG9,Minth Group Ltd,425,<0.01%,Automotive Parts & Equipment,HK,---,"$2,155,499.75","608,500",0425.HK,2.3732709736184634e-05
,BMC73Z8,QuantumScape Corp,QS,<0.01%,Automotive Parts & Equipment,US,---,"$2,155,431.96","412,918",QS,2.3731963347606758e-05
,BTPSGQ9,Urban Edge Properties,UE,<0.01%,Retail REITs,US,---,"$2,155,079.30","95,105",UE,2.3728080453435432e-05
,6297356,Dabur India Ltd,DABUR,<0.01%,Personal Care Products,IN,---,"$2,155,013.21","487,947",DABUR.NS,2.3727352782376108e-05
,BNTBRX6,Seadrill Ltd,SDRL,<0.01%,Oil & Gas Drilling,US,---,"$2,152,544.20","48,005",SDRL,2.370016822915789e-05
,B00STP1,Invincible Investment Corp,8963,<0.01%,Hotel & Resort REITs,JP,---,"$2,151,046.09","5,613",8963.T,2.3683673581091755e-05
,BPW6ZP0,DigitalBridge Group Inc,DBRG,<0.01%,Asset Management & Custody Banks,US,---,"$2,149,289.97","135,431",DBRG,2.366433816422525e-05
,BF242Z3,Freedom Holding Corp/NV,FRHC,<0.01%,Investment Banking & Brokerage,US,---,"$2,148,790.35","14,205",FRHC,2.365883719562695e-05
,BHWLWF8,GigaDevice Semiconductor Inc,603986,<0.01%,Semiconductors,CN,---,"$2,148,624.31","38,451",603986.SS,2.365700904458003e-05
,BQC4R22,Sezzle Inc,SEZL,<0.01%,Transaction & Payment Processing Services,US,---,"$2,147,001.50","13,874",SEZL,2.363914141147686e-05
,BN71J76,Madison Square Garden Entertainment Corp,MSGE,<0.01%,Movies & Entertainment,US,---,"$2,146,978.14","27,789",MSGE,2.3638884210751394e-05
,BD3WG50,Acushnet Holdings Corp,GOLF,<0.01%,Leisure Products,US,---,"$2,146,518.92","21,196",GOLF,2.3633828058476245e-05
,2516022,Linamar Corp,LNR,<0.01%,Automotive Parts & Equipment,CA,---,"$2,146,493.96","29,104",LNR.TO,2.3633553241262734e-05
,6642387,Yamaha Corp,7951,<0.01%,Leisure Products,JP,---,"$2,144,874.04","276,700",7951.T,2.3615717427941094e-05
,6660204,Taiheiyo Cement Corp,5233,<0.01%,Construction Materials,JP,---,"$2,144,831.53","84,700",5233.T,2.3615249379874336e-05
,BYVMVV0,Park Hotels & Resorts Inc,PK,<0.01%,Hotel & Resort REITs,US,---,"$2,144,212.68","142,378",PK,2.36084356526075e-05
,2320148,Euronet Worldwide Inc,EEFT,<0.01%,Transaction & Payment Processing Services,US,---,"$2,144,037.14","30,058",EEFT,2.360650290366281e-05
,4447476,Huhtamaki Oyj,HUH1V,<0.01%,Paper & Plastic Packaging Products & Materials,FI,---,"$2,144,026.53","60,119",HUH1V.HE,2.3606386084326453e-05
,BK4Z0B1,Mesaieed Petrochemical Holding Co,MPHC,<0.01%,Commodity Chemicals,QA,---,"$2,141,234.66","7,121,378",MPHC.QA,2.3575646744026766e-05
,BYNPPC6,DENTSPLY SIRONA Inc,XRAY,<0.01%,Health Care Supplies,US,---,"$2,138,839.01","159,973",XRAY,2.3549269906785423e-05
,BZ1DP29,Bravida Holding AB,BRAV,<0.01%,Diversified Support Services,SE,---,"$2,137,601.48","155,137",BRAV.ST,2.3535644324003603e-05
,BDVPZV0,Peabody Energy Corp,BTU,<0.01%,Coal & Consumable Fuels,US,---,"$2,136,860.96","100,228",BTU,2.3527490972923955e-05
,B9BP4R1,Boise Cascade Co,BCC,<0.01%,Trading Companies & Distributors,US,---,"$2,136,195.84","27,968",BCC,2.3520167798843453e-05
,BK6TM04,TransMedics Group Inc,TMDX,<0.01%,Health Care Equipment,US,---,"$2,135,623.63","27,913",TMDX,2.351386759220314e-05
,B65VZ37,Acadia Healthcare Co Inc,ACHC,<0.01%,Health Care Facilities,US,---,"$2,134,772.64","72,072",ACHC,2.3504497932727006e-05
,BSDHYK1,Air Canada,AC,<0.01%,Passenger Airlines,CA,---,"$2,134,674.17","117,954",AC.TO,2.3503413747990857e-05
,6121499,Steel Authority of India Ltd,SAIL,<0.01%,Steel,IN,---,"$2,133,179.21","1,203,297",SAIL.NS,2.348695378238557e-05
,B0Y90N5,Wesdome Gold Mines Ltd,WDO,<0.01%,Gold,CA,---,"$2,132,825.57","114,952",WDO.TO,2.348306009811532e-05
,7517893,Valiant Holding AG,VATN,<0.01%,Regional Banks,CH,---,"$2,128,174.54","10,887",VATN.SW,2.343185083911898e-05
,2675860,Pegasystems Inc,PEGA,<0.01%,Application Software,US,---,"$2,125,699.55","69,581",PEGA,2.3404600444276688e-05
,BNHRG84,FUCHS SE-PREF,FPE3,<0.01%,Commodity Chemicals,DE,---,"$2,125,322.64","45,853",FPE3.DE,2.340045055020843e-05
,2941981,WaFd Inc,WAFD,<0.01%,Regional Banks,US,---,"$2,123,504.27","57,751",WAFD,2.33804297418539e-05
,6714509,Kewpie Corp,2809,<0.01%,Packaged Foods & Meats,JP,---,"$2,123,335.16","74,300",2809.T,2.3378567789170544e-05
,BFY9KS5,Caitong Securities Co Ltd,601108,<0.01%,Investment Banking & Brokerage,CN,---,"$2,123,140.50","1,710,968",601108.SS,2.3376424523193713e-05
,5699373,Wienerberger AG,WIE,<0.01%,Construction Materials,AT,---,"$2,122,695.23","86,245",WIE.VI,2.3371521964673707e-05
,BSNR2T6,Curbline Properties Corp,CURB,<0.01%,Retail REITs,US,---,"$2,122,677.92","69,278",CURB,2.3371331376293664e-05
,B0J4PP2,Tiger Brands Ltd,TBS,<0.01%,Packaged Foods & Meats,ZA,---,"$2,121,872.08","126,666",TBS.JO,2.3362458832089562e-05
,2003223,Denison Mines Corp,DML,<0.01%,Coal & Consumable Fuels,CA,---,"$2,120,269.61","752,481",DML.TO,2.3344815148590668e-05
,BYY2WB4,Alkem Laboratories Ltd,ALKEM,<0.01%,Pharmaceuticals,IN,---,"$2,120,178.30","35,179",ALKEM.NS,2.3343809797638522e-05
,BG0SC10,FDJ UNITED,FDJU,<0.01%,Casinos & Gaming,FR,---,"$2,117,952.64","83,707",FDJU.PA,2.331930460214897e-05
,B292SM8,Megacable Holdings SAB de CV,MEGACPO,<0.01%,Cable & Satellite,MX,---,"$2,117,445.41","621,262",MEGACPO.MX,2.3313719845129402e-05
,BQHNQ38,WuXi XDC Cayman Inc,2268,<0.01%,Life Sciences Tools & Services,HK,---,"$2,117,425.97","321,000",2268.HK,2.331350580479965e-05
,B0MBNC3,AUB Group Ltd,AUB,<0.01%,Insurance Brokers,AU,---,"$2,116,013.68","108,591",AUB.AX,2.329795606111106e-05
,B4N0JJ6,Visteon Corp,VC,<0.01%,Automotive Parts & Equipment,US,---,"$2,115,680.52","20,238",VC,2.3294287867887792e-05
,6005850,Acer Inc,2353,<0.01%,"Technology Hardware, Storage & Peripherals",TW,---,"$2,115,630.22","2,387,551",2353.TW,2.3293734049544868e-05
,BQQ1JS9,Tokyo Kiraboshi Financial Group Inc,7173,<0.01%,Regional Banks,JP,---,"$2,115,177.24","201,192",7173.T,2.328874660157309e-05
,6537085,NH Investment & Securities Co Ltd,005940,<0.01%,Investment Banking & Brokerage,KR,---,"$2,115,111.12","107,988",005940.KS,2.3288018600204613e-05
,BV8H6L2,MBRF Global Foods Co SA,MBRF3,<0.01%,Packaged Foods & Meats,BR,---,"$2,115,083.55","611,270",MBRF3.SA,2.3287715046094976e-05
,2173933,Callaway Golf Co,CALY,<0.01%,Leisure Products,US,---,"$2,112,525.48","114,438",CALY,2.3259549915110924e-05
,6076243,Bank of Queensland Ltd,BOQ,<0.01%,Regional Banks,AU,---,"$2,110,792.79","453,168",BOQ.AX,2.3240472469691234e-05
,B15SLC4,TGS ASA,TGS,<0.01%,Oil & Gas Equipment & Services,NO,---,"$2,107,180.42","155,493",TGS.OL,2.3200699174115713e-05
,BP3R4N3,China CSSC Holdings Ltd,600150,<0.01%,Construction Machinery & Heavy Transportation Equipment,CN,---,"$2,107,018.15","404,200",600150.SS,2.3198912531918753e-05
,BK6L288,Beam Therapeutics Inc,BEAM,<0.01%,Biotechnology,US,---,"$2,105,374.48","82,499",BEAM,2.318081522385269e-05
,BF5D6S8,Cargurus Inc,CARG,<0.01%,Interactive Media & Services,US,---,"$2,102,898.48","58,027",CARG,2.3153553708602318e-05
,2340210,Trustmark Corp,TRMK,<0.01%,Regional Banks,US,---,"$2,099,567.60","44,248",TRMK,2.3116879703789252e-05
,6179755,Cathay Pacific Airways Ltd,293,<0.01%,Passenger Airlines,HK,---,"$2,096,800.16","1,127,090",0293.HK,2.30864093452414e-05
,6640864,Nichirei Corp,2871,<0.01%,Packaged Foods & Meats,JP,---,"$2,096,095.82","150,700",2871.T,2.3078654346997683e-05
,BRJQ8J2,Hammerson PLC,HMSO,<0.01%,Retail REITs,GB,---,"$2,095,739.13","404,971",HMSO.L,2.3074727081297092e-05
,0430049,Pan African Resources PLC,PAF,<0.01%,Gold,GB,---,"$2,095,009.33","1,675,150",PAF.L,2.3066691760687357e-05
,BNTCFW4,Puig Brands SA,PUIG,<0.01%,Personal Care Products,ES,---,"$2,093,045.32","108,699",PUIG.MC,2.3045067411508488e-05
,BYXR425,RH,RH,<0.01%,Homefurnishing Retail,US,---,"$2,092,669.36","12,643",RH,2.304092797723e-05
,6659116,Orient Overseas International Ltd,316,<0.01%,Marine Transportation,HK,---,"$2,092,341.05","107,000",0316.HK,2.3037313183986116e-05
,6873109,TA Chen Stainless Pipe,2027,<0.01%,Steel,TW,---,"$2,089,735.81","1,567,371",2027.TW,2.3008628696913876e-05
,6672964,Sigurd Microelectronics Corp,6257,<0.01%,Semiconductors,TW,---,"$2,089,694.66","367,781",6257.TW,2.3008175622861954e-05
,BMHB9P7,Astor Transformator Enerji Turizm Insaat Ve Petrol Sanayi Ticaret AS,ASTOR,<0.01%,Heavy Electrical Equipment,TR,---,"$2,087,818.69","335,847",ASTOR.IS,2.2987520620937788e-05
,BP92CJ4,Tate & Lyle PLC,TATE,<0.01%,Packaged Foods & Meats,GB,---,"$2,087,271.75","280,100",TATE.L,2.2981498644705546e-05
,B3S98W7,BNK Financial Group Inc,138930,<0.01%,Regional Banks,KR,---,"$2,086,648.09","199,093",138930.KS,2.297463195787152e-05
,5504789,Sacyr SA,SCYR,<0.01%,Construction & Engineering,ES,---,"$2,084,152.01","383,391",SCYR.MC,2.294714935569618e-05
,B62WZW2,Advance Residence Investment Corp,3269,<0.01%,Multi-Family Residential REITs,JP,---,"$2,082,984.60","2,245",3269.T,2.2934295815502953e-05
,BLN9P16,ATOUR LIFESTYLE HOLDINGS-ADR,ATAT,<0.01%,"Hotels, Resorts & Cruise Lines",US,ADR,"$2,082,869.76","60,672",ATAT,2.293303139207349e-05
,6900212,Lixil Corp,5938,<0.01%,Building Products,JP,---,"$2,082,022.07","191,700",5938.T,2.292369806660395e-05
,B090B96,DiamondRock Hospitality Co,DRH,<0.01%,Hotel & Resort REITs,US,---,"$2,081,592.80","157,220",DRH,2.2918971672964396e-05
,6985509,Yamazaki Baking Co Ltd,2212,<0.01%,Packaged Foods & Meats,JP,---,"$2,081,579.55","98,500",2212.T,2.291882578642277e-05
,2551551,McGrath RentCorp,MGRC,<0.01%,Trading Companies & Distributors,US,---,"$2,081,451.40","18,076",MGRC,2.2917414815833373e-05
,6879851,Teco Electric and Machinery Co Ltd,1504,<0.01%,Electrical Components & Equipment,TW,---,"$2,081,433.91","1,054,000",1504.TW,2.2917222245598428e-05
,2411053,Harley-Davidson Inc,HOG,<0.01%,Motorcycle Manufacturers,US,---,"$2,080,648.44","84,786",HOG,2.2908573981307757e-05
,B61JC67,Treasury Wine Estates Ltd,TWE,<0.01%,Distillers & Vintners,AU,---,"$2,078,076.30","600,849",TWE.AX,2.2880253935331954e-05
,5490684,SOL SpA,SOL,<0.01%,Industrial Gases,IT,---,"$2,077,689.26","31,704",SOL.MI,2.2875992506873752e-05
,2673154,Patrick Industries Inc,PATK,<0.01%,Automotive Parts & Equipment,US,---,"$2,077,535.85","25,167",PATK,2.2874303415979344e-05
,B3CY709,Persol Holdings Co Ltd,2181,<0.01%,Human Resource & Employment Services,JP,---,"$2,077,439.25","1,251,300",2181.T,2.28732398205136e-05
,6430139,LEENO Industrial Inc,058470,<0.01%,Semiconductors,KR,---,"$2,076,941.10","47,255",058470.KQ,2.2867755037063694e-05
,6517407,HLB Co Ltd,028300,<0.01%,Health Care Supplies,KR,---,"$2,075,580.14","97,560",028300.KQ,2.285277045233221e-05
,2488121,Kennametal Inc,KMT,<0.01%,Industrial Machinery & Supplies & Components,US,---,"$2,074,174.23","61,059",KMT,2.2837290954389703e-05
,B03N0C7,Haci Omer Sabanci Holding AS,SAHOL,<0.01%,Diversified Banks,TR,---,"$2,074,169.87","1,169,323",SAHOL.IS,2.2837242949459783e-05
,BQ7W2W6,Crane NXT Co,CXT,<0.01%,Electronic Equipment & Instruments,US,---,"$2,071,246.50","39,870",CXT,2.2805055754048845e-05
,2476513,WisdomTree Inc,WT,<0.01%,Asset Management & Custody Banks,US,---,"$2,071,079.14","106,922",WT,2.2803213069399287e-05
,B15CJ33,Kaiser Aluminum Corp,KALU,<0.01%,Aluminum,US,---,"$2,066,259.20","12,940",KALU,2.2750144059780602e-05
,B1CWJM5,Nomura Real Estate Holdings Inc,3231,<0.01%,Diversified Real Estate Activities,JP,---,"$2,064,707.15","359,300",3231.T,2.2733055515861243e-05
,4402839,HAL Trust,HAL,<0.01%,Multi-Sector Holdings,NL,---,"$2,064,585.74","10,839",HAL.AS,2.2731718754727742e-05
,6567305,Micronics Japan Co Ltd,6871,<0.01%,Semiconductor Materials & Equipment,JP,---,"$2,063,026.85","25,300",6871.T,2.2714554900321987e-05
,B15SK50,Amorepacific Corp,090430,<0.01%,Personal Care Products,KR,---,"$2,061,217.46","22,858",090430.KS,2.2694632964506614e-05
,BYWKGQ3,Camurus AB,CAMX,<0.01%,Pharmaceuticals,SE,---,"$2,060,289.30","31,582",CAMX.ST,2.2684413639791434e-05
,6273710,Daisyo Corp,9979,<0.01%,Restaurants,JP,---,"$2,059,235.47","292,900",9979.T,2.2672810650043335e-05
,6163286,Coca-Cola Bottlers Japan Holdings Inc,2579,<0.01%,Soft Drinks & Non-alcoholic Beverages,JP,---,"$2,058,849.78","85,675",2579.T,2.2668564085496924e-05
,B4Y2RV9,Enerflex Ltd,EFX,<0.01%,Oil & Gas Equipment & Services,CA,---,"$2,058,090.28","92,413",EFX.TO,2.2660201758827835e-05
,6869971,Taichung Commercial Bank Co Ltd,2812,<0.01%,Diversified Banks,TW,---,"$2,057,297.89","3,252,245",2812.TW,2.2651477303226362e-05
,B05H328,Internet Initiative Japan Inc,3774,<0.01%,Integrated Telecommunication Services,JP,---,"$2,056,896.33","93,700",3774.T,2.2647056005139154e-05
,BMHMVP4,Doral Group Renewable Energy Resources Ltd,DORL,<0.01%,Renewable Electricity,IL,---,"$2,054,924.55","91,188",DORL.TA,2.2625346105890215e-05
,B0CGYD6,Lojas Renner SA,LREN3,<0.01%,Apparel Retail,BR,---,"$2,053,040.21","765,233",LREN3.SA,2.2604598947712962e-05
,BP3R3L4,China Construction Bank Corp,601939,<0.01%,Diversified Banks,CN,---,"$2,052,262.47","1,276,600",601939.SS,2.2596035793080155e-05
,BJ1F880,Nexi SpA,NEXI,<0.01%,Transaction & Payment Processing Services,IT,---,"$2,050,839.78","418,463",NEXI.MI,2.258037154221927e-05
,BPW7PC0,Phinia Inc,PHIN,<0.01%,Automotive Parts & Equipment,US,---,"$2,049,334.32","27,848",PHIN,2.256379596841119e-05
,BMH0MV1,DNOW Inc,DNOW,<0.01%,Trading Companies & Distributors,US,---,"$2,047,753.00","145,025",DNOW,2.2546385152863643e-05
,2562490,ManpowerGroup Inc,MAN,<0.01%,Human Resource & Employment Services,US,---,"$2,047,630.04","39,062",MAN,2.2545031325757352e-05
,5075036,KONINKLIJKE HEIJMANS NV-CVA,HEIJM,<0.01%,Construction & Engineering,NL,Dutch Cert,"$2,047,063.01","18,923",HEIJM.AS,2.2538788152497083e-05
,B8W6K56,Mercury NZ Ltd,MCY,<0.01%,Electric Utilities,NZ,---,"$2,045,371.58","518,323",MCY.NZ,2.252016499226286e-05
,BPLXRG7,TOMRA Systems ASA,TOM,<0.01%,Industrial Machinery & Supplies & Components,NO,---,"$2,039,796.83","183,524",TOM.OL,2.2458785294305675e-05
,6331470,Far Eastern New Century Corp,1402,<0.01%,Industrial Conglomerates,TW,---,"$2,033,146.20","2,426,279",1402.TW,2.2385559829374508e-05
,6718255,Great Wall Motor Co Ltd,2333,<0.01%,Automobile Manufacturers,HK,---,"$2,026,955.01","1,766,558",2333.HK,2.23173929389856e-05
,BLDBS68,SoundHound AI Inc,SOUN,<0.01%,Application Software,US,---,"$2,025,352.00","330,400",SOUN,2.2299743309921993e-05
,4149330,Budimex SA,BDX,<0.01%,Construction & Engineering,PL,---,"$2,021,931.09","10,425",BDX.WA,2.2262078047347215e-05
,B8BRV46,Japan Airlines Co Ltd,9201,<0.01%,Passenger Airlines,JP,---,"$2,020,507.00","109,545",9201.T,2.2246398382059292e-05
,6985446,Yamato Kogyo Co Ltd,5444,<0.01%,Steel,JP,---,"$2,020,419.65","24,000",5444.T,2.224543663191506e-05
,6641083,Nitto Boseki Co Ltd,3110,<0.01%,Building Products,JP,---,"$2,018,089.99","117,500",3110.T,2.221978636470255e-05
,BQKMP24,Exosens SAS,EXENS,<0.01%,Aerospace & Defense,FR,---,"$2,017,971.03","30,416",EXENS.PA,2.2218476578816368e-05
,B04KP88,ZTE Corp,763,<0.01%,Communications Equipment,HK,---,"$2,017,210.98","637,414",0763.HK,2.221010819647952e-05
,B3VHDS9,Exchange Income Corp,EIF,<0.01%,Passenger Airlines,CA,---,"$2,016,896.24","22,520",EIF.TO,2.220664281307487e-05
,BD1WX84,Engie Brasil Energia SA,EGIE3,<0.01%,Renewable Electricity,BR,---,"$2,016,405.04","343,002",EGIE3.SA,2.2201234551244912e-05
,BZ0CTP8,Chemours Co/The,CC,<0.01%,Diversified Chemicals,US,---,"$2,015,856.04","121,364",CC,2.2195189893784308e-05
,5608915,Alten SA,ATE,<0.01%,IT Consulting & Other Services,FR,---,"$2,014,328.59","23,163",ATE.PA,2.2178372203368648e-05
,BVBCQW5,NGEx Minerals Ltd,NGEX,<0.01%,Diversified Metals & Mining,CA,---,"$2,013,077.58","112,656",NGEX.TO,2.2164598201675044e-05
,BN71RB6,TIM SA/Brazil,TIMS3,<0.01%,Wireless Telecommunication Services,BR,---,"$2,012,319.62","525,000",TIMS3.SA,2.21562528308757e-05
,6718716,Formosa Petrochemical Corp,6505,<0.01%,Oil & Gas Refining & Marketing,TW,---,"$2,010,918.92","931,140",6505.TW,2.214083069662239e-05
,BRSCTT8,Trekor Metals Ltd,TKO,<0.01%,Copper,CA,---,"$2,010,816.01","297,977",TKO.TO,2.2139697626131917e-05
,6682598,WNC Corp /Taiwan,6285,<0.01%,Communications Equipment,TW,---,"$2,006,926.86","299,445",6285.TW,2.2096876898330638e-05
,6889515,Gulf Bank KSCP,GBK,<0.01%,Diversified Banks,KW,---,"$2,006,852.68","1,764,414",GBK.KW,2.2096060153903624e-05
,BMDWWN3,Caixa Seguridade Participacoes S/A,CXSE3,<0.01%,Multi-line Insurance,BR,---,"$2,005,365.79","502,000",CXSE3.SA,2.207968904145992e-05
,B5P7L41,Tauron Polska Energia SA,TPE,<0.01%,Electric Utilities,PL,---,"$2,004,834.48","830,091",TPE.WA,2.2073839156295267e-05
,6416980,Mivne Real Estate KD Ltd,MVNE,<0.01%,Real Estate Operating Companies,IL,---,"$2,004,127.19","454,163",MVNE.TA,2.2066051677651716e-05
,2635701,Newell Brands Inc,NWL,<0.01%,Housewares & Specialties,US,---,"$2,003,377.60","357,746",NWL,2.2057798463105464e-05
,BDHF495,Atkore Inc,ATKR,<0.01%,Electrical Components & Equipment,US,---,"$1,997,134.08","27,373",ATKR,2.1989055403454416e-05
,6640961,Nisshin Seifun Group Inc,2002,<0.01%,Packaged Foods & Meats,JP,---,"$1,995,339.30","157,620",2002.T,2.196929432819551e-05
,BSQXJ01,Thule Group AB,THULE,<0.01%,Leisure Products,SE,---,"$1,995,299.59","86,676",THULE.ST,2.1968857108982828e-05
,2342410,First Merchants Corp,FRME,<0.01%,Regional Banks,US,---,"$1,993,326.84","46,206",FRME,2.194713652973801e-05
,B4Q1532,Samsonite Group SA,1910,<0.01%,"Apparel, Accessories & Luxury Goods",HK,---,"$1,991,568.49","1,106,696",1910.HK,2.192777655989129e-05
,B71QPM2,DKSH Holding AG,DKSH,<0.01%,Trading Companies & Distributors,CH,---,"$1,988,142.74","23,949",DKSH.SW,2.1890058007440176e-05
,BS71BR5,Liberty Global Ltd,LBTYK,<0.01%,Alternative Carriers,US,---,"$1,985,960.20","191,695",LBTYK,2.1866027576303447e-05
,BK71F77,Montage Technology Co Ltd,688008,<0.01%,Semiconductors,CN,---,"$1,984,907.83","65,484",688008.SS,2.185444066160069e-05
,7107250,Allwyn AG,ALWN,<0.01%,Casinos & Gaming,GR,---,"$1,984,893.85","128,416",ALWN.AT,2.1854286737536392e-05
,B03MZJ6,Yapi ve Kredi Bankasi AS,YKBNK,<0.01%,Diversified Banks,TR,---,"$1,984,581.80","2,884,248",YKBNK.IS,2.1850850971852272e-05
,BW5VLW0,Seabridge Gold Inc,SEA,<0.01%,Gold,CA,---,"$1,984,019.87","76,959",SEA.TO,2.1844663951147652e-05
,B1CL8J2,Avis Budget Group Inc,CAR,<0.01%,Passenger Ground Transportation,US,---,"$1,981,335.04","14,416",CAR,2.1815103153898194e-05
,BNDYF48,People Inc,PPLI,<0.01%,Interactive Media & Services,US,---,"$1,980,103.81","47,633",PPLI,2.1801546936038055e-05
,6482668,Kamigumi Co Ltd,9364,<0.01%,Marine Ports & Services,JP,---,"$1,977,685.13","60,900",9364.T,2.177491653147191e-05
,BD5CN46,Hithink RoyalFlush Information Network Co Ltd,300033,<0.01%,Financial Exchanges & Data,CN,---,"$1,976,662.85","56,774",300033.SZ,2.176366091684746e-05
,BRK1T15,Syntec Technology Co Ltd,7750,<0.01%,Industrial Machinery & Supplies & Components,TW,---,"$1,976,361.01","32,021",7750.TW,2.176033756637768e-05
,BD6NYK1,Star Bulk Carriers Corp,SBLK,<0.01%,Marine Transportation,US,---,"$1,972,566.25","68,611",SBLK,2.1718556101268032e-05
,B03MV43,Kardemir Karabuk Demir Celik Sanayi ve Ticaret AS,KRDMA,<0.01%,Steel,TR,---,"$1,972,278.33","2,206,674",KRDMA.IS,2.171538601424425e-05
,6483746,Kansai Paint Co Ltd,4613,<0.01%,Specialty Chemicals,JP,---,"$1,968,413.68","111,200",4613.T,2.167283503891616e-05
,B03MYN3,Turkcell Iletisim Hizmetleri AS,TCELL,<0.01%,Wireless Telecommunication Services,TR,---,"$1,968,267.79","933,901",TCELL.IS,2.1671228745515567e-05
,BFZNLB6,AJ Bell PLC,AJB,<0.01%,Investment Banking & Brokerage,GB,---,"$1,965,443.51","248,548",AJB.L,2.1640132561229896e-05
,B92MT10,Zenkoku Hosho Co Ltd,7164,<0.01%,Specialized Finance,JP,---,"$1,964,104.75","100,000",7164.T,2.162539240527005e-05
,6499969,Kraftia Corp,1959,<0.01%,Construction & Engineering,JP,---,"$1,961,522.61","37,300",1959.T,2.1596962256243966e-05
,BMP3858,Redefine Properties Ltd,RDF,<0.01%,Diversified REITs,ZA,---,"$1,961,426.05","4,957,422",RDF.JO,2.1595899101190417e-05
,BPLQGB4,Fortuna Mining Corp,FVI,<0.01%,Gold,CA,---,"$1,960,593.95","232,723",FVI.TO,2.158673742637627e-05
,6302454,Meiko Electronics Co Ltd,6787,<0.01%,Electronic Components,JP,---,"$1,958,127.59","15,589",6787.T,2.1559582050466376e-05
,BP3R3S1,Wanhua Chemical Group Co Ltd,600309,<0.01%,Specialty Chemicals,CN,---,"$1,956,700.68","177,500",600309.SS,2.154387133611827e-05
,BFD2096,Shandong Gold Mining Co Ltd,1787,<0.01%,Gold,HK,---,"$1,955,471.24","757,550",1787.HK,2.153033482670413e-05
,B0N9WZ2,UACJ Corp,5741,<0.01%,Aluminum,JP,---,"$1,954,449.59","133,900",5741.T,2.1519086148571843e-05
,B4Q2TX3,China Longyuan Power Group Corp Ltd,916,<0.01%,Renewable Electricity,HK,---,"$1,954,173.40","2,656,000",0916.HK,2.1516045212426043e-05
,6894003,Tokai Carbon Co Ltd,5301,<0.01%,Commodity Chemicals,JP,---,"$1,954,116.11","204,900",5301.T,2.1515414432050967e-05
,0486622,Keller Group PLC,KLR,<0.01%,Construction & Engineering,GB,---,"$1,953,761.99","47,802",KLR.L,2.15115154628343e-05
,BLF9YV7,SK Biopharmaceuticals Co Ltd,326030,<0.01%,Pharmaceuticals,KR,---,"$1,951,419.82","35,517",326030.KS,2.1485727456705885e-05
,BSQLLY3,Brookfield Renewable Corp,BEPC,<0.01%,Renewable Electricity,CA,---,"$1,950,854.64","58,461",BEPC.TO,2.1479504652509918e-05
,2043423,Sigma Foods SAB de CV,SIGMAFA,<0.01%,Packaged Foods & Meats,MX,---,"$1,950,217.88","1,912,616",SIGMAFA.MX,2.1472493730680025e-05
,6019011,Inner Mongolia Yitai Coal Co Ltd,900948,<0.01%,Coal & Consumable Fuels,CN,---,"$1,950,168.55","676,904",900948.SS,2.1471950592332973e-05
,B72ZBG4,Supernus Pharmaceuticals Inc,SUPN,<0.01%,Pharmaceuticals,US,---,"$1,949,572.29","43,683",SUPN,2.1465385587856724e-05
,BYSX0F3,Banco del Bajio SA,BBAJIOO,<0.01%,Diversified Banks,MX,---,"$1,947,728.74","584,538",BBAJIOO.MX,2.144508754002158e-05
,B07ZBW6,Bucher Industries AG,BUCN,<0.01%,Construction Machinery & Heavy Transportation Equipment,CH,---,"$1,942,850.12","4,945",BUCN.SW,2.1391372445703827e-05
,B2QZGV5,Axiata Group Bhd,AXIATA,<0.01%,Wireless Telecommunication Services,MY,---,"$1,936,220.69","3,985,151",AXIATA.KL,2.1318380399239264e-05
,BL53QN5,Upstart Holdings Inc,UPST,<0.01%,Consumer Finance,US,---,"$1,935,837.12","70,548",UPST,2.1314157176539514e-05
,6566614,Nebras Energy,QEWS,<0.01%,Multi-Utilities,QA,---,"$1,935,493.74","476,956",QEWS.QA,2.1310376457998852e-05
,BM9Q3J2,Rainbow Robotics,277810,<0.01%,Industrial Machinery & Supplies & Components,KR,---,"$1,935,211.71","6,510",277810.KS,2.130727122167169e-05
,6432801,Chipbond Technology Corp,6147,<0.01%,Semiconductors,TW,---,"$1,935,139.37","497,000",6147.TWO,2.1306474736205932e-05
,0808561,Morgan Sindall Group PLC,MGNS,<0.01%,Construction & Engineering,GB,---,"$1,934,789.39","32,153",MGNS.L,2.1302621349652086e-05
,BD4LHG4,Ingevity Corp,NGVT,<0.01%,Specialty Chemicals,US,---,"$1,933,832.61","26,451",NGVT,2.1292086910006995e-05
,BYSJJ43,Cosmo Energy Holdings Co Ltd,5021,<0.01%,Oil & Gas Refining & Marketing,JP,---,"$1,933,667.52","77,704",5021.T,2.129026921874985e-05
,BPNYS87,EQB Inc,EQB,<0.01%,Regional Banks,CA,---,"$1,932,103.71","19,062",EQB.TO,2.1273051193643354e-05
,6680804,Penta-Ocean Construction Co Ltd,1893,<0.01%,Construction & Engineering,JP,---,"$1,928,602.09","207,200",1893.T,2.1234497289349738e-05
,2904627,Trinity Industries Inc,TRN,<0.01%,Construction Machinery & Heavy Transportation Equipment,US,---,"$1,926,227.16","61,659",TRN,2.1208348585628588e-05
,B00ZQQ2,SES,SESG,<0.01%,Cable & Satellite,FR,Receipt,"$1,924,516.77","289,889",SESG.PA,2.118951667001103e-05
,BSLLXS6,ISA ENERGIA BRASIL SA,ISAE4,<0.01%,Electric Utilities,BR,---,"$1,924,076.67","362,716",ISAE4.SA,2.118467103476802e-05
,BGM5R25,Tongcheng Travel Holdings Ltd,780,<0.01%,"Hotels, Resorts & Cruise Lines",HK,---,"$1,923,880.93","1,056,800",0780.HK,2.1182515877661757e-05
,6487362,Keio Corp,9008,<0.01%,Rail Transportation,JP,---,"$1,922,955.03","378,500",9008.T,2.1172321436235945e-05
,BHQK864,Shenzhen Mindray Bio-Medical Electronics Co Ltd,300760,<0.01%,Health Care Equipment,CN,---,"$1,918,451.22","81,488",300760.SZ,2.112273311434589e-05
,BSWYNW8,Waystar Holding Corp,WAY,<0.01%,Health Care Technology,US,---,"$1,917,780.17","90,847",WAY,2.111534464915657e-05
,B28DT41,Strabag SE,STR,<0.01%,Construction & Engineering,AT,---,"$1,916,457.45","19,856",STR.VI,2.1100781098489377e-05
,6103936,Bet Shemesh Engines Holdings 1997 Ltd,BSEN,<0.01%,Aerospace & Defense,IL,---,"$1,916,212.86","7,058",BSEN.TA,2.1098088087982475e-05
,B7VKZP7,North Pacific Bank Ltd,8524,<0.01%,Regional Banks,JP,---,"$1,915,685.17","267,200",8524.T,2.109227806012203e-05
,B63QSB3,Greggs PLC,GRG,<0.01%,Restaurants,GB,---,"$1,914,050.85","75,620",GRG.L,2.1074283698407982e-05
,2960384,Whirlpool Corp,WHR,<0.01%,Household Appliances,US,---,"$1,913,400.00","51,024",WHR,2.1067117641380232e-05
,5552551,Orange Polska SA,OPL,<0.01%,Integrated Telecommunication Services,PL,---,"$1,913,166.03","468,530",OPL.WA,2.1064541560312732e-05
,BS7K5P8,Shaanxi Coal Industry Co Ltd,601225,<0.01%,Coal & Consumable Fuels,CN,---,"$1,912,640.84","521,100",601225.SS,2.105875905821486e-05
,BKP8Q11,Sinch AB,SINCH,<0.01%,Application Software,SE,---,"$1,909,784.67","451,565",SINCH.ST,2.102731175530183e-05
,B544PW9,PGE Polska Grupa Energetyczna SA,PGE,<0.01%,Electric Utilities,PL,---,"$1,906,478.42","705,402",PGE.WA,2.0990908934301615e-05
,BMFJ180,VZ Holding AG,VZN,<0.01%,Asset Management & Custody Banks,CH,---,"$1,906,112.88","9,935",VZN.SW,2.0986884227401526e-05
,B890GY2,China Nonferrous Mining Corp Ltd,1258,<0.01%,Copper,HK,---,"$1,905,946.91","1,010,000",1258.HK,2.098505684707596e-05
,B018PR4,Towne Bank/Portsmouth VA,TOWN,<0.01%,Regional Banks,US,---,"$1,905,091.23","50,253",TOWN,2.097563554926924e-05
,BMDMJ87,China Ruyi Holdings Ltd,136,<0.01%,Movies & Entertainment,HK,---,"$1,904,670.26","10,365,200",0136.HK,2.0971000541161425e-05
,BYQ44Y5,LCI Industries,LCII,<0.01%,Automotive Parts & Equipment,US,---,"$1,899,085.08","18,553",LCII,2.0909506005722795e-05
,BVGH0K1,Axfood AB,AXFO,<0.01%,Food Retail,SE,---,"$1,899,071.67","74,411",AXFO.ST,2.0909358357532358e-05
,BPLQR66,Braze Inc,BRZE,<0.01%,Application Software,US,---,"$1,898,031.80","76,165",BRZE,2.0897909071642457e-05
,6743332,Ardentec Corp,3264,<0.01%,Semiconductors,TW,---,"$1,897,776.39","352,903",3264.TWO,2.0895096929635148e-05
,BGN9715,Haidilao International Holding Ltd,6862,<0.01%,Restaurants,HK,---,"$1,897,290.94","1,254,000",6862.HK,2.0889751977059102e-05
,BJ62Z18,Ultragenyx Pharmaceutical Inc,RARE,<0.01%,Biotechnology,US,---,"$1,894,953.52","76,072",RARE,2.086401626987957e-05
,2980003,Endeavour Silver Corp,EDR,<0.01%,Silver,CA,---,"$1,894,289.08","252,665",EDR.TO,2.0856700582806488e-05
,BQPCMY0,Luzerner Kantonalbank AG,LUKN,<0.01%,Regional Banks,CH,---,"$1,893,997.95","13,732",LUKN.SW,2.085349515270356e-05
,4422332,UNIQA Insurance Group AG,UQA,<0.01%,Multi-line Insurance,AT,---,"$1,893,770.32","90,996",UQA.VI,2.0850988876969946e-05
,B14RJB7,Kobe Bussan Co Ltd,3038,<0.01%,Food Retail,JP,---,"$1,893,479.83","108,300",3038.T,2.0847790493462235e-05
,6021500,Alps Alpine Co Ltd,6770,<0.01%,Electronic Components,JP,---,"$1,892,605.14","138,167",6770.T,2.0838159889756928e-05
,BPF0BB7,Freshworks Inc,FRSH,<0.01%,Application Software,US,---,"$1,891,095.77","166,543",FRSH,2.0821541265656183e-05
,B29SHS5,BYD Electronic International Co Ltd,285,<0.01%,Electronic Manufacturing Services,HK,---,"$1,891,094.41","631,500",0285.HK,2.0821526291641343e-05
,6201788,Jusung Engineering Co Ltd,036930,<0.01%,Semiconductor Materials & Equipment,KR,---,"$1,889,272.32","22,893",036930.KQ,2.0801464524952107e-05
,BLDRH36,OSB Group PLC,OSB,<0.01%,Commercial & Residential Mortgage Finance,GB,---,"$1,886,749.64","250,632",OSB.L,2.0773689048663006e-05
,6435576,Wharf Holdings Ltd/The,4,<0.01%,Diversified Real Estate Activities,HK,---,"$1,886,745.76","753,600",0004.HK,2.07736463286795e-05
,BT195Y7,Hiab Oyj,HIAB,<0.01%,Industrial Machinery & Supplies & Components,FI,---,"$1,885,475.19","27,745",HIAB.HE,2.0759656965419537e-05
,6407768,Hanwha Solutions Corp,009830,<0.01%,Commodity Chemicals,KR,---,"$1,885,411.06","107,116",009830.KS,2.0758950874558068e-05
,6470522,Organo Corp,6368,<0.01%,Industrial Machinery & Supplies & Components,JP,---,"$1,880,399.56","20,900",6368.T,2.0703772730908135e-05
,B06KZ97,Woolworths Holdings Ltd/South Africa,WHL,<0.01%,Broadline Retail,ZA,---,"$1,880,207.92","661,024",WHL.JO,2.0701662716052487e-05
,BZ04921,Munters Group AB,MTRS,<0.01%,Building Products,SE,---,"$1,878,820.08","105,550",MTRS.ST,2.0686382174321847e-05
,BV0LCR0,Shake Shack Inc,SHAK,<0.01%,Restaurants,US,---,"$1,877,103.50","29,914",SHAK,2.066748210491616e-05
,BYYFJ78,SDIC Capital Co Ltd,600061,<0.01%,Investment Banking & Brokerage,CN,---,"$1,874,766.80","1,940,067",600061.SS,2.064175432515625e-05
,BMZ9R04,Sendas Distribuidora S/A,ASAI3,<0.01%,Consumer Staples Merchandise Retail,BR,---,"$1,874,576.01","1,117,942",ASAI3.SA,2.0639653669059876e-05
,6096650,Rorze Corp,6323,<0.01%,Semiconductor Materials & Equipment,JP,---,"$1,873,657.39","77,800",6323.T,2.062953938265467e-05
,BPP1Y77,Zip Co Ltd,ZIP,<0.01%,Consumer Finance,AU,---,"$1,873,006.99","1,046,179",ZIP.AX,2.0622378280264182e-05
,2024901,ABM Industries Inc,ABM,<0.01%,Environmental & Facilities Services,US,---,"$1,872,418.62","39,082",ABM,2.0615900147094614e-05
,6158709,Breville Group Ltd,BRG,<0.01%,Household Appliances,AU,---,"$1,871,717.81","81,414",BRG.AX,2.0608184015227643e-05
,6727121,Bank Negara Indonesia Persero Tbk PT,BBNI,<0.01%,Diversified Banks,ID,---,"$1,870,604.69","9,553,160",BBNI.JK,2.0595928224494408e-05
,BK9Z6V8,Ubiquiti Inc,UI,<0.01%,Communications Equipment,US,---,"$1,867,681.12","3,356",UI,2.056373882702247e-05
,BQTY1X4,Tokyo Metro Co Ltd,9023,<0.01%,Rail Transportation,JP,---,"$1,867,469.49","203,700",9023.T,2.0561408716169306e-05
,B6632T7,Bakkafrost P/F,BAKKA,<0.01%,Packaged Foods & Meats,NO,---,"$1,867,405.85","39,105",BAKKA.OL,2.0560708020357298e-05
,BF2K1V0,IndiGrid Infrastructure Trust,INDIGRID,<0.01%,---,IN,---,"$1,865,111.27","995,624",INDIGRID.NS,2.0535443994645183e-05
,BMBVGQ3,Harbour Energy PLC,HBR,<0.01%,Oil & Gas Exploration & Production,GB,---,"$1,864,894.48","574,893",HBR.L,2.053305707061807e-05
,6642666,Nippon Electric Glass Co Ltd,5214,<0.01%,Electronic Components,JP,---,"$1,864,555.72","56,600",5214.T,2.0529327219686642e-05
,BMQ4ZX7,Alleima AB,ALLEI,<0.01%,Steel,SE,---,"$1,859,734.08","156,482",ALLEI.ST,2.0476239492549407e-05
,BMD3GQ7,Daeduck Electronics Co Ltd / New,353200,<0.01%,Electronic Components,KR,---,"$1,858,706.93","28,377",353200.KS,2.0464930257739464e-05
,2257763,Gildan Activewear Inc,GIL,<0.01%,"Apparel, Accessories & Luxury Goods",US,---,"$1,858,220.52","33,554",GIL,2.045957473527059e-05
,6273420,Doha Bank QPSC,DHBK,<0.01%,Diversified Banks,QA,---,"$1,858,119.96","2,336,926",DHBK.QA,2.0458467538996935e-05
,6630940,China Everbright Environment Group Ltd,257,<0.01%,Environmental & Facilities Services,HK,---,"$1,855,145.78","2,848,777",0257.HK,2.0425720909987504e-05
,6056331,Asia Cement Corp,1102,<0.01%,Construction Materials,TW,---,"$1,853,914.45","1,819,264",1102.TW,2.041216359109686e-05
,2248808,Russel Metals Inc,RUS,<0.01%,Trading Companies & Distributors,CA,---,"$1,853,686.27","38,635",RUS.TO,2.0409651259695475e-05
,BYW5MY8,Bank of Jiangsu Co Ltd,600919,<0.01%,Regional Banks,CN,---,"$1,853,233.85","1,057,400",600919.SS,2.0404669977494517e-05
,B0744W4,Metcash Ltd,MTS,<0.01%,Food Distributors,AU,---,"$1,853,110.51","867,885",MTS.AX,2.040331196647231e-05
,BW1LX40,ARCHION Corp,543A,<0.01%,Construction Machinery & Heavy Transportation Equipment,JP,---,"$1,852,569.24","1,096,600",543A.T,2.0397352418669576e-05
,6193788,TCL Electronics Holdings Ltd,1070,<0.01%,Consumer Electronics,HK,---,"$1,852,512.76","900,333",1070.HK,2.0396730556641572e-05
,BYVC6Y8,UNO Minda Ltd,UNOMINDA,<0.01%,Automotive Parts & Equipment,IN,---,"$1,850,460.46","149,612",UNOMINDA.NS,2.0374134107631743e-05
,BLWF8B6,SFS Group AG,SFSN,<0.01%,Industrial Machinery & Supplies & Components,CH,---,"$1,850,243.52","11,302",SFSN.SW,2.037174553205888e-05
,6178967,Casio Computer Co Ltd,6952,<0.01%,Consumer Electronics,JP,---,"$1,849,354.73","168,300",6952.T,2.0361959683052668e-05
,6858991,Sumitomo Rubber Industries Ltd,5110,<0.01%,Tires & Rubber,JP,---,"$1,843,182.73","130,272",5110.T,2.0294004080417257e-05
,BLF7DG9,Fositek Corp,6805,<0.01%,Electronic Components,TW,---,"$1,843,139.68","45,065",6805.TW,2.0293530086785783e-05
,B01ZP20,Westlake Corp,WLK,<0.01%,Commodity Chemicals,US,---,"$1,842,517.50","26,135",WLK,2.02866796952032e-05
,BDRZRW9,Mitac Holdings Corp,3706,<0.01%,"Technology Hardware, Storage & Peripherals",TW,---,"$1,842,133.14","689,447",3706.TW,2.0282447774362473e-05
,6108179,Harmonic Drive Systems Inc,6324,<0.01%,Industrial Machinery & Supplies & Components,JP,---,"$1,841,370.97","49,038",6324.T,2.0274056050178966e-05
,BCV7KT2,American Airlines Group Inc,AAL,<0.01%,Passenger Airlines,US,---,"$1,840,279.32","120,516",AAL,2.026203665069469e-05
,6388788,Balkrishna Industries Ltd,BIL,<0.01%,Tires & Rubber,IN,---,"$1,839,307.82","70,956",BIL.NS,2.025134013935958e-05
,BMCB521,Sprott Inc,SII,<0.01%,Asset Management & Custody Banks,CA,---,"$1,836,856.84","17,872",SII.TO,2.022435410194102e-05
,BP8JT73,ATS Corp,ATS,<0.01%,Industrial Machinery & Supplies & Components,CA,---,"$1,836,305.60","67,300",ATS.TO,2.0218284781397156e-05
,6309820,Denka Co Ltd,4061,<0.01%,Commodity Chemicals,JP,---,"$1,832,407.94","86,500",4061.T,2.0175370355900078e-05
,BFY8GV7,Shennan Circuits Co Ltd,002916,<0.01%,Electronic Components,CN,---,"$1,831,900.65","40,162",002916.SZ,2.0169784938262208e-05
,7123104,Vontobel Holding AG,VONN,<0.01%,Asset Management & Custody Banks,CH,---,"$1,830,980.79","17,110",VONN.SW,2.015965699907877e-05
,B01VZN9,LG Display Co Ltd,034220,<0.01%,Electronic Components,KR,---,"$1,829,848.80","290,849",034220.KS,2.014719344388965e-05
,6219640,Delek Group Ltd,DLEKG,<0.01%,Oil & Gas Exploration & Production,IL,---,"$1,829,013.24","69,280",DLEKG.TA,2.01379936734201e-05
,BQ3R601,GoTo Gojek Tokopedia Tbk PT,GOTO,<0.01%,Broadline Retail,ID,---,"$1,828,032.74","657,116,740",GOTO.JK,2.0127198069339734e-05
,BD3GM43,Lloyds Metals & Energy Ltd,LLOYDSME,<0.01%,Steel,IN,---,"$1,826,010.06","85,105",LLOYDSME.NS,2.0104927745564846e-05
,BF1Q6P8,Newmark Group Inc,NMRK,<0.01%,Real Estate Services,US,---,"$1,825,941.15","121,770",NMRK,2.0104169025445336e-05
,B0JL5L9,Medical Properties Trust Inc,MPT,<0.01%,Health Care REITs,US,---,"$1,825,613.63","394,301",MPT,2.0100562930342427e-05
,BYXB1Y8,Sunrun Inc,RUN,<0.01%,Electrical Components & Equipment,US,---,"$1,824,041.97","185,937",RUN,2.0083258474341462e-05
,BF4XNJ9,Smartfit Escola de Ginastica e Danca SA,SMFT3,<0.01%,Leisure Facilities,BR,---,"$1,819,928.45","468,299",SMFT3.SA,2.0037967364400953e-05
,4577469,Magyar Telekom Telecommunications PLC,MTELEKOM,<0.01%,Integrated Telecommunication Services,HU,---,"$1,819,553.83","209,897",MTELEKOM.BD,2.0033842683931206e-05
,BP3R444,NARI Technology Co Ltd,600406,<0.01%,Heavy Electrical Equipment,CN,---,"$1,819,429.94","504,771",600406.SS,2.0032478617241235e-05
,BD5CLT7,Chaozhou Three-Circle Group Co Ltd,300408,<0.01%,Electronic Components,CN,---,"$1,818,406.37","111,000",300408.SZ,2.0021208799323297e-05
,6341606,Fletcher Building Ltd,FBU,<0.01%,Building Products,NZ,---,"$1,810,015.07","844,096",FBU.NZ,1.9928818026738307e-05
,BL3N3C5,JOYY INC-ADR,JOYY,<0.01%,Interactive Media & Services,US,ADR,"$1,809,822.00","24,600",JOYY,1.9926692267146468e-05
,BMXNYN0,Pepco Group NV,PCO,<0.01%,Broadline Retail,PL,---,"$1,809,219.17","146,873",PCO.WA,1.992005492496619e-05
,BL571C1,Optima bank SA,OPTIMA,<0.01%,Diversified Banks,GR,---,"$1,808,662.13","149,295",OPTIMA.AT,1.9913921744653152e-05
,BMC6XV1,Remegen Co Ltd,9995,<0.01%,Biotechnology,HK,---,"$1,807,996.21","173,500",9995.HK,1.990658976232863e-05
,B29MXW3,Dongyue Group Ltd,189,<0.01%,Specialty Chemicals,HK,---,"$1,807,789.76","1,197,000",0189.HK,1.9904316684855512e-05
,BD5CPS4,Ping An Bank Co Ltd,000001,<0.01%,Diversified Banks,CN,---,"$1,807,586.33","1,048,900",000001.SZ,1.990207685850358e-05
,BFMHVQ6,DWS Group GmbH & Co KGaA,DWS,<0.01%,Asset Management & Custody Banks,DE,---,"$1,805,902.87","21,410",DWS.DE,1.9883541450400438e-05
,B28XTR4,GCL Technology Holdings Ltd,3800,<0.01%,Semiconductor Materials & Equipment,HK,---,"$1,805,706.66","23,214,000",3800.HK,1.988138111845081e-05
,B63DLB5,Far East Horizon Ltd,3360,<0.01%,Specialized Finance,HK,---,"$1,804,830.79","2,055,000",3360.HK,1.987173752258557e-05
,2768663,St Joe Co/The,JOE,<0.01%,Diversified Real Estate Activities,US,---,"$1,804,586.56","28,994",JOE,1.9869048475788473e-05
,6160038,EBOS Group Ltd,EBO,<0.01%,Health Care Distributors,NZ,---,"$1,804,323.89","139,172",EBO.NZ,1.986615639896666e-05
,BD5CP06,Bank of Ningbo Co Ltd,002142,<0.01%,Regional Banks,CN,---,"$1,800,820.37","381,168",002142.SZ,1.9827581575093488e-05
,6518808,Lion Corp,4912,<0.01%,Household Products,JP,---,"$1,799,907.60","167,900",4912.T,1.9817531698972695e-05
,BQQ1JP6,Kadokawa Corp,9468,<0.01%,Publishing,JP,---,"$1,798,118.73","82,172",9468.T,1.9797835694616505e-05
,2698782,IPG Photonics Corp,IPGP,<0.01%,Electronic Manufacturing Services,US,---,"$1,797,913.22","21,137",IPGP,1.9795572966830112e-05
,2606570,Beacon Financial Corp,BBT,<0.01%,Regional Banks,US,---,"$1,797,046.81","57,031",BBT,1.978603352845044e-05
,BM9WB18,Sunrise Communications AG,SUNN,<0.01%,Integrated Telecommunication Services,CH,---,"$1,796,581.14","34,016",SUNN.SW,1.9780906359707854e-05
,BZ57CN7,CES Energy Solutions Corp,CEU,<0.01%,Oil & Gas Equipment & Services,CA,---,"$1,795,972.14","154,081",CEU.TO,1.9774201083945546e-05
,B0LGG75,SpareBank 1 SMN,MING,<0.01%,Regional Banks,NO,---,"$1,795,934.70","86,574",MING.OL,1.977378885812528e-05
,BKWGSQ7,Smoore International Holdings Ltd,6969,<0.01%,Tobacco,HK,---,"$1,794,804.71","1,529,000",6969.HK,1.976134732354622e-05
,0732358,Renishaw PLC,RSW,<0.01%,Electronic Equipment & Instruments,GB,---,"$1,794,327.22","27,010",RSW.L,1.9756090012998196e-05
,BYN7H26,Alarm.com Holdings Inc,ALRM,<0.01%,Application Software,US,---,"$1,794,102.75","32,769",ALRM,1.9753618529828466e-05
,BZ0P4R4,Infrastrutture Wireless Italiane SpA,INW,<0.01%,Integrated Telecommunication Services,IT,---,"$1,793,950.25","241,790",INW.MI,1.975193945831163e-05
,BGJVB13,Jenoptik AG,JEN,<0.01%,Electronic Equipment & Instruments,DE,---,"$1,793,569.53","41,397",JEN.DE,1.9747747614981213e-05
,6575900,Meidensha Corp,6508,<0.01%,Industrial Machinery & Supplies & Components,JP,---,"$1,792,357.65","30,400",6508.T,1.973440444652337e-05
,B018V76,Huron Consulting Group Inc,HURN,<0.01%,Research & Consulting Services,US,---,"$1,791,493.08","11,804",HURN,1.972488526710495e-05
,B02RK08,Sega Sammy Holdings Inc,6460,<0.01%,Leisure Products,JP,---,"$1,791,431.57","103,700",6460.T,1.972420802324265e-05
,2149525,IAMGOLD Corp,IAG,<0.01%,Gold,US,---,"$1,789,586.04","126,116",IAG,1.970388817500355e-05
,2948852,Werner Enterprises Inc,WERN,<0.01%,Cargo Ground Transportation,US,---,"$1,789,050.20","47,810",WERN,1.969798841315712e-05
,BD5CGB4,Sungrow Power Supply Co Ltd,300274,<0.01%,Electrical Components & Equipment,CN,---,"$1,787,256.34","116,220",300274.SZ,1.9678237467378837e-05
,6468204,Iwatani Corp,8088,<0.01%,Oil & Gas Storage & Transportation,JP,---,"$1,787,151.08","140,400",8088.T,1.9677078522671545e-05
,BRS9F13,Canal+ SA,CAN,<0.01%,Broadcasting,GB,---,"$1,782,841.23","501,170",CAN.L,1.9629625759544806e-05
,BD5C7Z5,WUS Printed Circuit Kunshan Co Ltd,002463,<0.01%,Electronic Components,CN,---,"$1,782,827.12","116,080",002463.SZ,1.9629470404140856e-05
,BQC5KP9,Katilimevim Tasarruf Finansman AS,KTLEV,<0.01%,Consumer Finance,TR,---,"$1,781,767.59","546,246",KTLEV.IS,1.9617804655654094e-05
,BD5CJX7,Muyuan Foods Group Co Ltd,002714,<0.01%,Packaged Foods & Meats,CN,---,"$1,780,212.77","306,148",002714.SZ,1.9600685613189806e-05
,2699547,Aecon Group Inc,ARE,<0.01%,Construction & Engineering,CA,---,"$1,776,612.85","55,064",ARE.TO,1.9561049395911892e-05
,2232050,Credit Acceptance Corp,CACC,<0.01%,Consumer Finance,US,---,"$1,776,137.02","3,122",CACC,1.9555810362470217e-05
,6679794,Tokyo Century Corp,8439,<0.01%,Specialized Finance,JP,---,"$1,775,951.42","108,680",8439.T,1.9553766849856944e-05
,6772853,San-In Godo Bank Ltd/The,8381,<0.01%,Regional Banks,JP,---,"$1,773,963.91","122,400",8381.T,1.953188375850991e-05
,B28ZM60,nib holdings Ltd/Australia,NHF,<0.01%,Life & Health Insurance,AU,---,"$1,773,561.52","337,049",NHF.AX,1.9527453321869522e-05
,6470544,Jeol Ltd,6951,<0.01%,Electronic Equipment & Instruments,JP,---,"$1,771,762.16","34,900",6951.T,1.950764181941358e-05
,2392545,Gruma SAB de CV,GRUMAB,<0.01%,Packaged Foods & Meats,MX,---,"$1,771,505.96","118,815",GRUMAB.MX,1.95048209792653e-05
,BF29PR1,Nippon Life India Asset Management Ltd,NAM,<0.01%,Asset Management & Custody Banks,IN,---,"$1,770,879.54","145,577",NAM.BO,1.94979239039894e-05
,B58C6H1,APERAM SA,APAM,<0.01%,Steel,NL,---,"$1,770,673.12","33,521",APAM.AS,1.949565115682543e-05
,2595612,Minerals Technologies Inc,MTX,<0.01%,Specialty Chemicals,US,---,"$1,767,776.88","23,187",MTX,1.9463762670989913e-05
,BJDQQ87,Watches of Switzerland Group PLC,WOSG,<0.01%,Other Specialty Retail,GB,---,"$1,766,974.42","178,894",WOSG.L,1.945492734161681e-05
,2100362,BioCryst Pharmaceuticals Inc,BCRX,<0.01%,Biotechnology,US,---,"$1,765,665.56","196,622",BCRX,1.944051639377731e-05
,6472175,Japan Airport Terminal Co Ltd,9706,<0.01%,Airport Services,JP,---,"$1,765,241.05","49,900",9706.T,1.9435842409189697e-05
,6782045,COSCO SHIPPING Energy Transportation Co Ltd,1138,<0.01%,Oil & Gas Storage & Transportation,HK,---,"$1,761,305.93","996,000",1138.HK,1.9392515537666258e-05
,BD3CQ16,Moneta Money Bank AS,MONET,<0.01%,Diversified Banks,CZ,---,"$1,761,140.87","192,284",MONET.PR,1.9390698176718268e-05
,2473859,IMAX Corp,IMAX,<0.01%,Movies & Entertainment,US,---,"$1,760,607.68","36,802",IMAX,1.9384827592180163e-05
,BK8K0W3,InnoCare Pharma Ltd,9969,<0.01%,Biotechnology,HK,---,"$1,757,492.21","1,010,000",9969.HK,1.9350525317173268e-05
,6546359,ALSOK Co Ltd,2331,<0.01%,Security & Alarm Services,JP,---,"$1,754,567.33","238,700",2331.T,1.931832149620174e-05
,B9B3FG1,BRP Inc,DOO,<0.01%,Leisure Products,CA,---,"$1,754,088.21","28,388",DOO.TO,1.9313046238856524e-05
,BD5CPL7,BOE Technology Group Co Ltd,000725,<0.01%,Electronic Components,CN,---,"$1,753,181.12","2,153,500",000725.SZ,1.9303058901268297e-05
,6528175,Japan Prime Realty Investment Corp,8955,<0.01%,Office REITs,JP,---,"$1,751,844.02","2,851",8955.T,1.9288337022414793e-05
,5564619,Bavarian Nordic A/S,BAVA,<0.01%,Biotechnology,DK,---,"$1,751,696.55","63,903",BAVA.CO,1.9286713332732253e-05
,4821100,Solvay SA,SOLB,<0.01%,Diversified Chemicals,BE,---,"$1,750,726.40","57,121",SOLB.BR,1.927603168530893e-05
,B02Q5L1,Kaori Heat Treatment Co Ltd,8996,<0.01%,Industrial Machinery & Supplies & Components,TW,---,"$1,746,528.55","66,625",8996.TW,1.9229812076345373e-05
,BMG42V4,Super Group SGHC Ltd,SGHC,<0.01%,Casinos & Gaming,US,---,"$1,744,820.00","124,630",SGHC,1.9211000419689063e-05
,BMCQX44,SIRIUSPOINT LTD,SPNT,<0.01%,Reinsurance,US,---,"$1,744,589.55","73,767",SPNT,1.9208463094895266e-05
,BS854D3,Laopu Gold Co Ltd,6181,<0.01%,"Apparel, Accessories & Luxury Goods",HK,---,"$1,743,869.82","42,400",6181.HK,1.920053864805716e-05
,BZ9NS11,Ganfeng Lithium Group Co Ltd,1772,<0.01%,Specialty Chemicals,HK,---,"$1,742,284.80","370,880",1772.HK,1.9183087094381013e-05
,BGLN838,LiveRamp Holdings Inc,RAMP,<0.01%,Application Software,US,---,"$1,741,262.60","45,980",RAMP,1.9171832360580963e-05
,B0650P3,Prestige Consumer Healthcare Inc,PBH,<0.01%,Pharmaceuticals,US,---,"$1,741,227.84","34,672",PBH,1.9171449642378174e-05
,BSPS5J8,Brookfield Renewable Corp,BEPC,<0.01%,Renewable Electricity,US,---,"$1,739,869.50","52,170",BEPC,1.9156493904645868e-05
,6304115,Strauss Group Ltd,STRS,<0.01%,Packaged Foods & Meats,IL,---,"$1,739,741.26","45,938",STRS.TA,1.9155081943129025e-05
,6354273,Ferrotec Corp,6890,<0.01%,Semiconductor Materials & Equipment,JP,---,"$1,738,387.02","34,465",6890.T,1.9140171347647337e-05
,2626459,NBT Bancorp Inc,NBTB,<0.01%,Regional Banks,US,---,"$1,736,449.65","32,981",NBTB,1.9118840312994422e-05
,6870382,Takara Holdings Inc,2531,<0.01%,Distillers & Vintners,JP,---,"$1,736,414.19","133,100",2531.T,1.9118449887578114e-05
,BQWSKZ8,DOF Group ASA,DOFG,<0.01%,Oil & Gas Equipment & Services,NO,---,"$1,735,154.93","132,335",DOFG.OL,1.9104585050868027e-05
,6687214,Alfresa Holdings Corp,2784,<0.01%,Health Care Distributors,JP,---,"$1,727,546.23","119,100",2784.T,1.902081094299828e-05
,B4XBDV9,Pebblebrook Hotel Trust,PEB,<0.01%,Hotel & Resort REITs,US,---,"$1,727,499.50","90,445",PEB,1.9020296431444303e-05
,7062713,Sodexo SA,SW,<0.01%,Restaurants,FR,---,"$1,727,364.19","26,269",SW.PA,1.9018806627070906e-05
,BLPPZP6,Keymed Biosciences Inc,2162,<0.01%,Biotechnology,HK,---,"$1,726,269.22","186,000",2162.HK,1.9006750673373936e-05
,BKWD3M9,Progyny Inc,PGNY,<0.01%,Managed Health Care,US,---,"$1,725,567.03","55,431",PGNY,1.8999019347286033e-05
,B24HH65,Industrial & Infrastructure Fund Investment Corp,3249,<0.01%,Industrial REITs,JP,---,"$1,724,504.08","1,949",3249.T,1.898731594355607e-05
,6841106,Stanley Electric Co Ltd,6923,<0.01%,Automotive Parts & Equipment,JP,---,"$1,723,644.63","79,100",6923.T,1.8977853136899394e-05
,BSPS5M1,Brookfield Infrastructure Corp,BIPC,<0.01%,Gas Utilities,US,---,"$1,722,202.20","40,714",BIPC,1.896197154261725e-05
,6985026,Yamada Holdings Co Ltd,9831,<0.01%,Computer & Electronics Retail,JP,---,"$1,716,865.15","384,372",9831.T,1.890320899416532e-05
,6070706,Barito Pacific Tbk PT,BRPT,<0.01%,Commodity Chemicals,ID,---,"$1,716,382.31","16,871,377",BRPT.JK,1.8897892778485395e-05
,BT5GCN2,BW LPG Ltd,BWLPG,<0.01%,Oil & Gas Storage & Transportation,NO,---,"$1,714,313.16","74,782",BWLPG.OL,1.887511080583584e-05
,BRJRZT4,HD Hyundai Marine Solution Co Ltd,443060,<0.01%,Diversified Support Services,KR,---,"$1,714,279.21","13,498",443060.KS,1.8874737005980122e-05
,BP8L269,Zai Lab Ltd,9688,<0.01%,Biotechnology,HK,---,"$1,713,816.34","940,530",9688.HK,1.886964066609162e-05
,7113990,Clariant AG,CLN,<0.01%,Specialty Chemicals,CH,---,"$1,712,075.65","150,666",CLN.SW,1.8850475138231694e-05
,6156673,Capital Securities Corp,6005,<0.01%,Investment Banking & Brokerage,TW,---,"$1,711,435.10","1,635,220",6005.TW,1.8843422487345746e-05
,B469X43,Energix-Renewable Energies Ltd,ENRG,<0.01%,Renewable Electricity,IL,---,"$1,711,280.22","236,153",ENRG.TA,1.8841717211302942e-05
,2012757,Albany International Corp,AIN,<0.01%,Industrial Machinery & Supplies & Components,US,---,"$1,707,471.16","22,916",AIN,1.8799778298831383e-05
,6189657,China Airlines Ltd,2610,<0.01%,Passenger Airlines,TW,---,"$1,704,691.88","2,459,000",2610.TW,1.8769177578271992e-05
,BYQM3N1,Viva Energy Group Ltd,VEA,<0.01%,Oil & Gas Refining & Marketing,AU,---,"$1,703,688.93","847,361",VEA.AX,1.875813479284374e-05
,6775380,Sankyu Inc,9065,<0.01%,Air Freight & Logistics,JP,---,"$1,703,599.93","28,800",9065.T,1.875715487569621e-05
,2658526,Olin Corp,OLN,<0.01%,Commodity Chemicals,US,---,"$1,702,457.25","91,975",OLN,1.8744573620346334e-05
,6081690,Beijing Enterprises Holdings Ltd,392,<0.01%,Gas Utilities,HK,---,"$1,702,090.54","422,000",0392.HK,1.8740536031389364e-05
,2715186,Quaker Chemical Corp,KWR,<0.01%,Specialty Chemicals,US,---,"$1,701,190.96","10,598",KWR,1.8730631381191895e-05
,4665148,Outokumpu Oyj,OUT1V,<0.01%,Steel,FI,---,"$1,697,234.14","281,828",OUT1V.HE,1.8687065586049337e-05
,B56KLY9,Longfor Group Holdings Ltd,960,<0.01%,Real Estate Development,HK,---,"$1,696,566.44","1,938,600",0960.HK,1.8679714005381863e-05
,BF0CK44,Aroundtown SA,AT1,<0.01%,Real Estate Operating Companies,DE,---,"$1,695,777.98","674,162",AT1.DE,1.8671032820279153e-05
,2784261,Silvercorp Metals Inc,SVM,<0.01%,Silver,CA,---,"$1,695,735.73","182,438",SVM.TO,1.8670567634891703e-05
,BZ16HK0,Four Corners Property Trust Inc,FCPT,<0.01%,Other Specialized REITs,US,---,"$1,694,976.00","66,210",FCPT,1.866220277585246e-05
,6895222,Toho Gas Co Ltd,9533,<0.01%,Gas Utilities,JP,---,"$1,694,738.73","234,000",9533.T,1.865959036077837e-05
,6640927,Nissui Corp,1332,<0.01%,Packaged Foods & Meats,JP,---,"$1,694,607.41","214,900",1332.T,1.8658144487522034e-05
,0386410,Greencore Group PLC,GNC,<0.01%,Packaged Foods & Meats,GB,---,"$1,693,974.85","482,786",GNC.L,1.865117980897326e-05
,BL58M76,Beijing-Shanghai High Speed Railway Co Ltd,601816,<0.01%,Highways & Railtracks,CN,---,"$1,692,297.05","2,226,197",601816.SS,1.8632706719196575e-05
,6264189,NC Corp,036570,<0.01%,Interactive Home Entertainment,KR,---,"$1,691,557.95","10,404",036570.KS,1.862456900275007e-05
,BZ2YSF5,Aster DM Quality Care Ltd,ASTERDM,<0.01%,Health Care Facilities,IN,---,"$1,691,453.51","196,293",ASTERDM.NS,1.86234190864929e-05
,BLF7T27,CTP NV,CTPNV,<0.01%,Real Estate Operating Companies,NL,---,"$1,690,517.29","93,556",CTPNV.AS,1.861311101871919e-05
,6293246,Central Sports Co Ltd,4801,<0.01%,Leisure Facilities,JP,---,"$1,690,242.64","110,750",4801.T,1.8610087038443137e-05
,6602648,Morinaga Milk Industry Co Ltd,2264,<0.01%,Packaged Foods & Meats,JP,---,"$1,690,038.68","226,000",2264.T,1.8607841376629538e-05
,BN6RJM0,Northern Oil & Gas Inc,NOG,<0.01%,Oil & Gas Exploration & Production,US,---,"$1,685,549.25","79,695",NOG,1.85584113829258e-05
,6864329,Suruga Bank Ltd,8358,<0.01%,Regional Banks,JP,---,"$1,684,219.76","104,000",8358.T,1.854377329249356e-05
,B4V5RY4,Banco Santander Brasil SA,SANB11,<0.01%,Diversified Banks,BR,---,"$1,684,177.03","298,300",SANB11.SA,1.8543302822159697e-05
,BP3QYZ2,Logista Integral SA,LOG,<0.01%,Air Freight & Logistics,ES,---,"$1,678,947.05","39,355",LOG.MC,1.848571914706716e-05
,B94QHZ0,Blackstone Mortgage Trust Inc,BXMT,<0.01%,Mortgage REITs,US,---,"$1,678,555.76","115,444",BXMT,1.8481410924812584e-05
,6740582,Rinnai Corp,5947,<0.01%,Household Appliances,JP,---,"$1,677,172.79","75,000",5947.T,1.8466184003267432e-05
,BNRNLH6,Computer Age Management Services Ltd,CAMS,<0.01%,Data Processing & Outsourced Services,IN,---,"$1,674,544.18","200,742",CAMS.NS,1.8437242205366677e-05
,2503206,Marzetti Company/The,MZTI,<0.01%,Packaged Foods & Meats,US,---,"$1,672,729.24","15,652",MZTI,1.8417259162358393e-05
,BKPFMG9,SBI Cards & Payment Services Ltd,SBICARD,<0.01%,Consumer Finance,IN,---,"$1,671,885.51","241,840",SBICARD.NS,1.8407969437696763e-05
,BJVQC70,Helios Towers PLC,HTWS,<0.01%,Integrated Telecommunication Services,GB,---,"$1,671,042.86","631,559",HTWS.L,1.8398691604164565e-05
,BND88V8,Bridgepoint Group PLC,BPT,<0.01%,Asset Management & Custody Banks,GB,---,"$1,670,794.47","386,588",BPT.L,1.8395956754498556e-05
,BTF8CZ0,Shapir Engineering and Industry Ltd,SPEN,<0.01%,Construction & Engineering,IL,---,"$1,670,504.64","111,619",SPEN.TA,1.8392765637792166e-05
,6290902,LG Uplus Corp,032640,<0.01%,Integrated Telecommunication Services,KR,---,"$1,669,356.36","162,808",032640.KS,1.8380122724734133e-05
,2028174,U-Haul Holding Co,UHAL,<0.01%,Cargo Ground Transportation,US,---,"$1,669,292.31","23,541",UHAL,1.8379417514697062e-05
,BH3Q8S7,ABLBio Inc,298380,<0.01%,Biotechnology,KR,---,"$1,667,898.13","35,982",298380.KS,1.8364067167632535e-05
,B94NS14,Ennoconn Corp,6414,<0.01%,"Technology Hardware, Storage & Peripherals",TW,---,"$1,667,133.21","133,976",6414.TW,1.83556451651102e-05
,BMTVX75,Socionext Inc,6526,<0.01%,Semiconductors,JP,---,"$1,666,051.12","141,900",6526.T,1.8343731024141998e-05
,BN8ZT55,Gland Pharma Ltd,GLAND,<0.01%,Pharmaceuticals,IN,---,"$1,663,942.97","63,439",GLAND.NS,1.832051964959633e-05
,BPW6WD7,PACS Group Inc,PACS,<0.01%,Health Care Facilities,US,---,"$1,663,123.47","36,147",PACS,1.831149670462554e-05
,2746700,Rogers Corp,ROG,<0.01%,Electronic Components,US,---,"$1,660,054.15","13,445",ROG,1.8277702555195706e-05
,BWY5316,AP Memory Technology Corp,6531,<0.01%,Semiconductors,TW,---,"$1,659,592.28","82,700",6531.TW,1.827261722561223e-05
,B45C9X4,Chemring Group PLC,CHG,<0.01%,Aerospace & Defense,GB,---,"$1,658,450.15","208,059",CHG.L,1.8260042025930118e-05
,BD8FF02,Bank of NT Butterfield & Son Ltd/The,NTB,<0.01%,Diversified Banks,US,---,"$1,657,955.79","27,051",NTB,1.825459897153627e-05
,2469450,World Kinect Corp,WKC,<0.01%,Oil & Gas Refining & Marketing,US,---,"$1,657,059.92","41,572",WKC,1.824473516957046e-05
,6160050,CKD Corp,6407,<0.01%,Industrial Machinery & Supplies & Components,JP,---,"$1,656,775.13","45,400",6407.T,1.8241599544801413e-05
,BG804F6,AMBEV SA-ADR,ABEV,<0.01%,Brewers,US,ADR,"$1,655,636.49","532,359",ABEV,1.8229062771083857e-05
,B4Y7R14,Currys PLC,CURY,<0.01%,Computer & Electronics Retail,GB,---,"$1,655,406.14","731,196",CURY.L,1.8226526547320558e-05
,6642688,BIPROGY Inc,8056,<0.01%,IT Consulting & Other Services,JP,---,"$1,654,051.70","53,900",8056.T,1.821161374977786e-05
,B00P963,Kinik Co,1560,<0.01%,Industrial Machinery & Supplies & Components,TW,---,"$1,653,661.36","85,000",1560.TW,1.820731598731307e-05
,BRQPHN9,Krishna Institute of Medical Sciences Ltd,KIMS,<0.01%,Health Care Facilities,IN,---,"$1,653,136.34","195,992",KIMS.NS,1.8201535356967047e-05
,6715557,Chenbro Micom Co Ltd,8210,<0.01%,"Technology Hardware, Storage & Peripherals",TW,---,"$1,652,405.77","52,000",8210.TW,1.8193491558422435e-05
,5716302,VAN LANSCHOT KEMPEN NV-CVA,VLK,<0.01%,Asset Management & Custody Banks,NL,Dutch Cert,"$1,650,526.99","21,963",VLK.AS,1.8172805617541137e-05
,6858504,Sumitomo Bakelite Co Ltd,4203,<0.01%,Specialty Chemicals,JP,---,"$1,649,719.61","41,200",4203.T,1.8163916117467293e-05
,BDVLJ72,Orion Corp/Republic of Korea,271560,<0.01%,Packaged Foods & Meats,KR,---,"$1,648,728.19","17,978",271560.KS,1.8153000280856017e-05
,6250627,Daido Steel Co Ltd,5471,<0.01%,Steel,JP,---,"$1,647,314.24","117,200",5471.T,1.813743226006108e-05
,6151292,Shikun & Binui Ltd,SKBN,<0.01%,Construction & Engineering,IL,---,"$1,644,842.38","287,399.3",SKBN.TA,1.8110216327473527e-05
,5497102,Volkswagen AG,VOW,<0.01%,Automobile Manufacturers,DE,---,"$1,644,793.64","18,733",VOW.DE,1.8109679685206442e-05
,6250821,DIC Corp,4631,<0.01%,Specialty Chemicals,JP,---,"$1,644,497.27","59,800",4631.T,1.810641656110517e-05
,BLCW7S7,Badger Infrastructure Solutions Ltd,BDGI,<0.01%,Construction & Engineering,CA,---,"$1,643,008.31","25,920",BDGI.TO,1.8090022657330054e-05
,2346003,Banner Corp,BANR,<0.01%,Regional Banks,US,---,"$1,641,890.79","23,319",BANR,1.8077718421254693e-05
,B15CL93,CIE Automotive SA,CIE,<0.01%,Automotive Parts & Equipment,ES,---,"$1,641,514.90","53,751",CIE.MC,1.807357975769756e-05
,BMC8TD1,nCino Inc,NCNO,<0.01%,Application Software,US,---,"$1,639,801.80","88,830",NCNO,1.805471800415337e-05
,BDRYFB1,Spectrum Brands Holdings Inc,SPB,<0.01%,Household Products,US,---,"$1,639,493.13","18,469",SPB,1.805131945330025e-05
,6107381,Emerald Resources NL,EMR,<0.01%,Gold,AU,---,"$1,638,929.52","436,776",EMR.AX,1.804511393528318e-05
,BYYNH90,Meitu Inc,1357,<0.01%,Interactive Media & Services,HK,---,"$1,638,110.62","2,711,000",1357.HK,1.8036097596495408e-05
,6431660,All Ring Tech Co Ltd,6187,<0.01%,Electronic Equipment & Instruments,TW,---,"$1,636,908.58","59,000",6187.TWO,1.8022862769439047e-05
,7058262,St Galler Kantonalbank AG,SGKN,<0.01%,Regional Banks,CH,---,"$1,636,466.91","2,034",SGKN.SW,1.801799984801714e-05
,BT19SD7,Fincantieri SpA,FCT,<0.01%,Construction Machinery & Heavy Transportation Equipment,IT,---,"$1,635,520.12","104,048",FCT.MI,1.8007575401319282e-05
,BD0PJ08,Colonial SFL Socimi SA,COL,<0.01%,Office REITs,ES,---,"$1,634,262.57","255,317",COL.MC,1.799372939223079e-05
,2415204,Hawaiian Electric Industries Inc,HE,<0.01%,Electric Utilities,US,---,"$1,631,770.16","126,298",HE,1.7966287197874905e-05
,6774826,Sanki Engineering Co Ltd,1961,<0.01%,Construction & Engineering,JP,---,"$1,631,568.73","114,700",1961.T,1.796406939213303e-05
,B6WY993,China Medical System Holdings Ltd,867,<0.01%,Pharmaceuticals,HK,---,"$1,630,440.47","1,070,000",0867.HK,1.7951646905381664e-05
,6871783,Taiyo Holdings Co Ltd,4626,<0.01%,Specialty Chemicals,JP,---,"$1,628,277.10","55,200",4626.T,1.7927827541792334e-05
,2378200,Goodyear Tire & Rubber Co/The,GT,<0.01%,Tires & Rubber,US,---,"$1,628,065.30","234,254",GT,1.7925495559187312e-05
,B4PTLY0,KRUK SA,KRU,<0.01%,Consumer Finance,PL,---,"$1,626,536.46","14,257",KRU.WA,1.790866256444766e-05
,B75DGJ3,Ziff Davis Inc,ZD,<0.01%,Interactive Media & Services,US,---,"$1,625,999.64","30,633",ZD,1.7902752012502304e-05
,B9NSBM2,ADMA Biologics Inc,ADMA,<0.01%,Biotechnology,US,---,"$1,625,572.08","192,148",ADMA,1.7898044446484352e-05
,B23XW70,NRW Holdings Ltd,NWH,<0.01%,Construction & Engineering,AU,---,"$1,624,482.80","331,598",NWH.AX,1.7886051141422993e-05
,6349354,Sinbon Electronics Co Ltd,3023,<0.01%,Electronic Components,TW,---,"$1,624,152.63","179,499",3023.TW,1.788241586901176e-05
,BMXTWL2,Zhongtai Securities Co Ltd,600918,<0.01%,Investment Banking & Brokerage,CN,---,"$1,624,059.18","1,942,526",600918.SS,1.7881386956006853e-05
,6344456,LG H&H Co Ltd,051900,<0.01%,Personal Care Products,KR,---,"$1,624,014.25","8,128",051900.KS,1.7880892263001926e-05
,BJVBTY1,Shenzhen International Holdings Ltd,152,<0.01%,Highways & Railtracks,HK,---,"$1,623,777.04","2,085,500",0152.HK,1.7878280508546133e-05
,0286941,Big Yellow Group PLC,BYG,<0.01%,Self-Storage REITs,GB,---,"$1,623,223.31","135,581",BYG.L,1.787218377234275e-05
,BP3R552,COSCO SHIPPING Holdings Co Ltd,601919,<0.01%,Marine Transportation,CN,---,"$1,620,942.46","700,600",601919.SS,1.7847070918118675e-05
,BBGTNT7,Maire SpA,MAIRE,<0.01%,Construction & Engineering,IT,---,"$1,618,028.16","108,270",MAIRE.MI,1.7814983586174347e-05
,B14NJ71,Amplifon SpA,AMP,<0.01%,Health Care Distributors,IT,---,"$1,617,649.26","115,553",AMP.MI,1.7810811781599082e-05
,6345783,Eclat Textile Co Ltd,1476,<0.01%,Textiles,TW,---,"$1,616,915.60","151,166",1476.TW,1.7802733961211926e-05
,B3S4L67,Calix Inc,CALX,<0.01%,Communications Equipment,US,---,"$1,616,146.20","45,018",CALX,1.7794262632523062e-05
,5479702,Tieto Oyj,TIETO,<0.01%,IT Consulting & Other Services,FI,---,"$1,610,711.87","75,252",TIETO.HE,1.7734429001597965e-05
,2135450,Novagold Resources Inc,NG,<0.01%,Gold,CA,---,"$1,610,328.87","276,647",NG.TO,1.7730212054772082e-05
,BYQDNJ0,China National Nuclear Power Co Ltd,601985,<0.01%,Independent Power Producers & Energy Traders,CN,---,"$1,609,491.86","1,199,300",601985.SS,1.772099631936024e-05
,6516556,Qatar Fuel QSC,QFLS,<0.01%,Oil & Gas Refining & Marketing,QA,---,"$1,607,186.06","421,321",QFLS.QA,1.769560875802571e-05
,6764355,ST Corp,4951,<0.01%,Household Products,JP,---,"$1,606,103.75","169,200",4951.T,1.7683692194790398e-05
,5466726,Vidrala SA,VID,<0.01%,"Metal, Glass & Plastic Containers",ES,---,"$1,605,911.71","15,878",VID.MC,1.768157777581274e-05
,6642923,Nisshinbo Holdings Inc,3105,<0.01%,Industrial Conglomerates,JP,---,"$1,605,532.84","119,500",3105.T,1.7677406301546624e-05
,B54F6S5,Chorus Ltd,CNU,<0.01%,Alternative Carriers,AU,---,"$1,603,946.87","290,562",CNU.AX,1.76599442880807e-05
,BRWKBD6,PONY AI INC,PONY,<0.01%,Application Software,US,ADR,"$1,603,315.75","203,725",PONY,1.765299546437116e-05
,BLGYF07,Juroku Financial Group Inc,7380,<0.01%,Regional Banks,JP,---,"$1,599,808.36","109,000",7380.T,1.761437803061753e-05
,4513612,Kemira Oyj,KEMIRA,<0.01%,Diversified Chemicals,FI,---,"$1,599,357.12","81,484",KEMIRA.HE,1.7609409740576504e-05
,BSZLN15,Nien Made Enterprise Co Ltd,8464,<0.01%,Home Furnishings,TW,---,"$1,591,679.22","135,000",8464.TW,1.752487371959879e-05
,B05NXN7,Xinyi Glass Holdings Ltd,868,<0.01%,Building Products,HK,---,"$1,589,992.67","1,339,000",0868.HK,1.7506304289653107e-05
,BQPGGN9,ams-OSRAM AG,AMS,<0.01%,Semiconductors,CH,---,"$1,589,756.88","80,018",AMS.SW,1.7503708169830457e-05
,2078782,BancFirst Corp,BANF,<0.01%,Regional Banks,US,---,"$1,588,279.96","14,078",BANF,1.748744683012788e-05
,BMCR2B7,Islandsbanki HF,ISB,<0.01%,Diversified Banks,IS,---,"$1,588,161.71","1,338,522",ISB.IC,1.748614486155827e-05
,BD5CPV7,Shenwan Hongyuan Group Co Ltd,000166,<0.01%,Investment Banking & Brokerage,CN,---,"$1,587,489.12","2,285,100",000166.SZ,1.747873944049921e-05
,BLHDDW1,Headwater Exploration Inc,HWX,<0.01%,Oil & Gas Exploration & Production,CA,---,"$1,586,994.33","167,904",HWX.TO,1.7473291651674193e-05
,B0498T7,Porto Seguro SA,PSSA3,<0.01%,Multi-line Insurance,BR,---,"$1,586,717.06","147,044",PSSA3.SA,1.7470238824398965e-05
,BRJ3BP0,Granges AB,GRNG,<0.01%,Aluminum,SE,---,"$1,586,681.31","84,250",GRNG.ST,1.7469845205994198e-05
,B03MYS8,Turkiye Is Bankasi AS,ISCTR,<0.01%,Diversified Banks,TR,---,"$1,585,326.27","6,050,392",ISCTR.IS,1.7454925802268485e-05
,BYY7VY5,Signify NV,LIGHT,<0.01%,Electrical Components & Equipment,NL,---,"$1,584,431.80","92,697",LIGHT.AS,1.7445077414729713e-05
,BTFRHX0,Foshan Haitian Flavouring & Food Co Ltd,603288,<0.01%,Packaged Foods & Meats,CN,---,"$1,583,816.73","278,444",603288.SS,1.7438305306415886e-05
,BD73M39,SF Holding Co Ltd,002352,<0.01%,Air Freight & Logistics,CN,---,"$1,583,325.19","305,198",002352.SZ,1.7432893301082213e-05
,BZBY9R5,C&D International Investment Group Ltd,1908,<0.01%,Real Estate Development,HK,---,"$1,582,825.06","808,000",1908.HK,1.7427386717228354e-05
,0207458,Genus PLC,GNS,<0.01%,Biotechnology,GB,---,"$1,582,568.38","53,414",GNS.L,1.7424560592133655e-05
,B0C8KV2,AtriCure Inc,ATRC,<0.01%,Health Care Equipment,US,---,"$1,581,502.08","41,883",ATRC,1.741282030388185e-05
,B07G378,Nokian Renkaat Oyj,TYRES,<0.01%,Tires & Rubber,FI,---,"$1,577,937.55","89,666",TYRES.HE,1.7373573741298894e-05
,BGBN7C0,SSP Group Plc,SSPG,<0.01%,Restaurants,GB,---,"$1,575,468.40","585,942",SSPG.L,1.7346387646637967e-05
,6421928,Simplo Technology Co Ltd,6121,<0.01%,Electronic Components,TW,---,"$1,574,036.41","145,640",6121.TWO,1.7330620999940322e-05
,BGYTGH3,PennyMac Financial Services Inc,PFSI,<0.01%,Commercial & Residential Mortgage Finance,US,---,"$1,573,278.83","20,863",PFSI,1.732227981305689e-05
,BMFDP24,Hoegh Autoliners ASA,HAUTO,<0.01%,Marine Transportation,NO,---,"$1,571,884.36","88,357",HAUTO.OL,1.730692627300391e-05
,B02SWN8,Ypsomed Holding AG,YPSN,<0.01%,Health Care Supplies,CH,---,"$1,571,562.77","3,293",YPSN.SW,1.7303385469009817e-05
,4501093,GN Store Nord AS,GN,<0.01%,Consumer Electronics,DK,---,"$1,569,917.02","104,059",GN.CO,1.7285265259509295e-05
,6089694,Walsin Technology Corp,2492,<0.01%,Electronic Components,TW,---,"$1,568,710.89","239,968",2492.TW,1.7271985400305364e-05
,B4Q1Y57,Chongqing Rural Commercial Bank Co Ltd,3618,<0.01%,Regional Banks,HK,---,"$1,567,750.49","1,873,000",3618.HK,1.726141110335607e-05
,B96HCH8,Voltronic Power Technology Corp,6409,<0.01%,Electrical Components & Equipment,TW,---,"$1,564,314.59","53,322",6409.TW,1.7223580796308922e-05
,BL5P4J3,Suzhou TFC Optical Communication Co Ltd,300394,<0.01%,Communications Equipment,CN,---,"$1,563,655.81","61,997",300394.SZ,1.7216327427562296e-05
,BFYDWS1,Netcompany Group A/S,NETC,<0.01%,IT Consulting & Other Services,DK,---,"$1,560,666.36","31,271",NETC.CO,1.7183412671195086e-05
,BD9Y9B7,Basic-Fit NV,BFIT,<0.01%,Leisure Facilities,NL,---,"$1,558,128.60","38,945",BFIT.AS,1.715547115950616e-05
,B28V440,Fluidra SA,FDR,<0.01%,Industrial Machinery & Supplies & Components,ES,---,"$1,557,184.80","70,029",FDR.MC,1.7145079633620335e-05
,BP7L594,Intapp Inc,INTA,<0.01%,Application Software,US,---,"$1,555,880.55","47,595",INTA,1.713071944328702e-05
,B02H882,Cohen & Steers Inc,CNS,<0.01%,Asset Management & Custody Banks,US,---,"$1,555,149.81","18,903",CNS,1.712267377299055e-05
,5492345,DO & CO AG,DOC,<0.01%,Diversified Support Services,AT,---,"$1,553,510.95","6,653",DOC.VI,1.710462942449167e-05
,BKWD4B5,Softwareone Holding AG,SWON,<0.01%,Technology Distributors,CH,---,"$1,550,014.27","142,368",SWON.SW,1.7066129911104893e-05
,BJN4N02,Parsons Corp,PSN,<0.01%,Research & Consulting Services,US,---,"$1,549,825.76","35,056",PSN,1.7064054358503987e-05
,BPMQMP9,Wihlborgs Fastigheter AB,WIHL,<0.01%,Real Estate Operating Companies,SE,---,"$1,547,862.90","190,315",WIHL.ST,1.70424426711759e-05
,BS7T2R6,Green Brick Partners Inc,GRBK,<0.01%,Homebuilding,US,---,"$1,547,430.94","21,878",GRBK,1.7037686659815823e-05
,6224871,SK Telecom Co Ltd,017670,<0.01%,Wireless Telecommunication Services,KR,---,"$1,543,639.89","27,317",017670.KS,1.6995946042937828e-05
,BYZWTW3,Mitsui Fudosan Logistics Park Inc,3471,<0.01%,Industrial REITs,JP,---,"$1,542,324.16","2,277",3471.T,1.6981459454302782e-05
,B2NGPM5,Paragon Banking Group PLC,PAG,<0.01%,Commercial & Residential Mortgage Finance,GB,---,"$1,542,221.30","136,109",PAG.L,1.698032693432756e-05
,BKY7X18,Five9 Inc,FIVN,<0.01%,Application Software,US,---,"$1,541,990.52","56,052",FIVN,1.6977785976133102e-05
,6154075,Highwealth Construction Corp,2542,<0.01%,Real Estate Development,TW,---,"$1,541,864.32","1,136,762",2542.TW,1.6976396475638515e-05
,2965668,John Wiley & Sons Inc,WLY,<0.01%,Publishing,US,---,"$1,541,831.40","29,537",WLY,1.6976034016396977e-05
,2705198,Progress Software Corp,PRGS,<0.01%,Systems Software,US,---,"$1,541,445.84","37,976",PRGS,1.6971788883190225e-05
,6046923,Tomy Co Ltd,7867,<0.01%,Leisure Products,JP,---,"$1,540,035.44","67,700",7867.T,1.695625994897814e-05
,6455217,IJM Corp Bhd,IJM,<0.01%,Construction & Engineering,MY,---,"$1,539,908.39","2,620,220",IJM.KL,1.6954861089724275e-05
,BNNJRV4,Giant Biogene Holding Co ltd,2367,<0.01%,Personal Care Products,HK,---,"$1,539,835.22","392,000",2367.HK,1.6954055465705346e-05
,BNGB5K2,Dukhan Bank,DUBK,<0.01%,Regional Banks,QA,---,"$1,539,689.71","1,725,318",DUBK.QA,1.6952453356220664e-05
,2351546,First Commonwealth Financial Corp,FCF,<0.01%,Regional Banks,US,---,"$1,538,964.40","71,480",FCF,1.6944467471880496e-05
,B1FW502,Hochschild Mining PLC,HOC,<0.01%,Gold,GB,---,"$1,538,675.73","262,063",HOC.L,1.6941289127127943e-05
,B8DWT90,Alupar Investimento SA,ALUP11,<0.01%,Electric Utilities,BR,---,"$1,537,032.86","238,855",ALUP11.SA,1.6923200627305903e-05
,2299453,Enel Americas SA,ENELAM,<0.01%,Electric Utilities,CL,---,"$1,536,893.58","16,239,650",ENELAM.SN,1.6921667112021545e-05
,BKSZX52,EZconn Corp,6442,<0.01%,Communications Equipment,TW,---,"$1,535,298.95","44,000",6442.TW,1.6904109749314074e-05
,BZ8TP86,WONIK IPS Co Ltd,240810,<0.01%,Semiconductor Materials & Equipment,KR,---,"$1,531,616.40","23,341",240810.KS,1.6863563750531664e-05
,0665045,Oxford Instruments PLC,OXIG,<0.01%,Electronic Equipment & Instruments,GB,---,"$1,531,172.22","41,558",OXIG.L,1.6858673193244137e-05
,BLY2FB4,Stock Yards Bancorp Inc,SYBT,<0.01%,Regional Banks,US,---,"$1,530,863.90","17,989",SYBT,1.6855278495997775e-05
,BLSPX60,Payoneer Global Inc,PAYO,<0.01%,Transaction & Payment Processing Services,US,---,"$1,530,587.07","213,471",PAYO,1.6852230513256758e-05
,6619864,Nagoya Railroad Co Ltd,9048,<0.01%,Rail Transportation,JP,---,"$1,529,888.27","128,700",9048.T,1.6844536512102896e-05
,B89Z692,Cementos Argos SA,CEMARGOS,<0.01%,Construction Materials,CO,---,"$1,529,031.90","437,761",CEMARGOS.CL,1.683510761718571e-05
,6893884,Toda Corp,1860,<0.01%,Construction & Engineering,JP,---,"$1,528,983.14","164,700",1860.T,1.6834570754712523e-05
,6535517,China Resources Gas Group Ltd,1193,<0.01%,Gas Utilities,HK,---,"$1,528,569.19","716,600",1193.HK,1.6830013038946008e-05
,BTBKSK7,Strathcona Resources Ltd,SCR,<0.01%,Oil & Gas Exploration & Production,CA,---,"$1,526,758.73","50,336",SCR.TO,1.6810079322104254e-05
,6374420,Partner Communications Co Ltd,PTNR,<0.01%,Wireless Telecommunication Services,IL,---,"$1,525,882.89","124,085",PTNR.TA,1.680043605654816e-05
,6250542,Daicel Corp,4202,<0.01%,Diversified Chemicals,JP,---,"$1,525,808.22","169,100",4202.T,1.679961391707169e-05
,BMYPCF3,China International Capital Corp Ltd,601995,<0.01%,Investment Banking & Brokerage,CN,---,"$1,525,085.71","291,498",601995.SS,1.6791658861585602e-05
,4783211,Iren SpA,IRE,<0.01%,Multi-Utilities,IT,---,"$1,525,028.00","524,390",IRE.MI,1.6791023456882415e-05
,BTZS142,Brookfield Business Corp,BBUC,<0.01%,Industrial Conglomerates,CA,---,"$1,524,001.84","51,381",BBUC.TO,1.677972512227445e-05
,2167367,TENARIS SA-ADR,TS,<0.01%,Oil & Gas Equipment & Services,US,ADR,"$1,523,946.06","26,582",TS,1.6779110967459966e-05
,BD0F7H1,Pinnacle Investment Management Group Ltd,PNI,<0.01%,Asset Management & Custody Banks,AU,---,"$1,523,271.23","136,484",PNI.AX,1.6771680883317636e-05
,6195900,Chugoku Electric Power Co Inc/The,9504,<0.01%,Electric Utilities,JP,---,"$1,523,079.09","259,900",9504.T,1.6769565363309477e-05
,B28Y6Q5,Co-Tech Development Corp,8358,<0.01%,Electronic Components,TW,---,"$1,522,827.30","171,000",8358.TWO,1.6766793078606373e-05
,BP3R2K6,China Pacific Insurance Group Co Ltd,601601,<0.01%,Multi-line Insurance,CN,---,"$1,521,027.05","317,888",601601.SS,1.6746971776978957e-05
,BP3R3B4,Huatai Securities Co Ltd,601688,<0.01%,Investment Banking & Brokerage,CN,---,"$1,520,142.67","523,200",601688.SS,1.673723448341792e-05
,6640068,Nippon Gas Co Ltd,8174,<0.01%,Gas Utilities,JP,---,"$1,518,033.46","85,200",8174.T,1.6714011437948925e-05
,6957575,Iluka Resources Ltd,ILU,<0.01%,Diversified Metals & Mining,AU,---,"$1,516,611.48","358,675",ILU.AX,1.669835500440461e-05
,6805481,SWCC Corp,5805,<0.01%,Electrical Components & Equipment,JP,---,"$1,516,508.67","22,000",5805.T,1.669722303494464e-05
,BJ171P4,Triple Flag Precious Metals Corp,TFPM,<0.01%,Gold,CA,---,"$1,516,290.39","52,784",TFPM.TO,1.6694819705563036e-05
,BV5CBN7,dormakaba Holding AG,DOKA,<0.01%,Building Products,CH,---,"$1,516,046.16","21,040",DOKA.SW,1.6692130658765944e-05
,B297KM7,China Railway Group Ltd,390,<0.01%,Construction & Engineering,HK,---,"$1,514,693.78","3,290,000",0390.HK,1.667724054245161e-05
,B234WN9,DiaSorin SpA,DIA,<0.01%,Health Care Equipment,IT,---,"$1,514,222.86","18,291",DIA.MI,1.6672055569607627e-05
,BN0TRB7,LifeStance Health Group Inc,LFST,<0.01%,Health Care Services,US,---,"$1,512,431.68","144,316",LFST,1.6652334131446818e-05
,6600471,Monadelphous Group Ltd,MND,<0.01%,Construction & Engineering,AU,---,"$1,512,153.66","73,857",MND.AX,1.6649273046442816e-05
,BQC5HK3,Tata Technologies Ltd,TATATECH,<0.01%,IT Consulting & Other Services,IN,---,"$1,510,639.98","192,695",TATATECH.NS,1.6632606967927395e-05
,B176416,Burckhardt Compression Holding AG,BCHN,<0.01%,Industrial Machinery & Supplies & Components,CH,---,"$1,510,540.05","2,520",BCHN.SW,1.6631506708145905e-05
,B034LG1,Sunstone Hotel Investors Inc,SHO,<0.01%,Hotel & Resort REITs,US,---,"$1,509,867.37","128,281",SHO,1.662410029615939e-05
,BNDKP79,Piotech Inc,688072,<0.01%,Semiconductor Materials & Equipment,CN,---,"$1,509,087.98","15,341",688072.SS,1.6615518974523288e-05
,B00PQY0,Mabanee Co KPSC,MABANEE,<0.01%,Real Estate Operating Companies,KW,---,"$1,508,011.60","502,559",MABANEE.KW,1.6603667702396798e-05
,B3N05H9,Predictive Discovery Ltd,PDI,<0.01%,Gold,AU,---,"$1,507,501.59","3,250,413",PDI.AX,1.6598052336729256e-05
,BMD4D03,Kingsoft Cloud Holdings Ltd,3896,<0.01%,Internet Services & Infrastructure,HK,---,"$1,506,553.93","2,018,010",3896.HK,1.6587618311066015e-05
,BP29PF9,Aichi Financial Group Inc,7389,<0.01%,Regional Banks,JP,---,"$1,506,467.46","139,755",7389.T,1.6586666249990213e-05
,BSSDKD9,SAI Life Sciences Ltd,SAILIFE,<0.01%,Life Sciences Tools & Services,IN,---,"$1,505,755.86","109,207",SAILIFE.NS,1.657883131693199e-05
,2245597,Innospec Inc,IOSP,<0.01%,Specialty Chemicals,US,---,"$1,505,079.90","17,505",IOSP,1.6571388791144974e-05
,6795203,Senko Group Holdings Co Ltd,9069,<0.01%,Air Freight & Logistics,JP,---,"$1,503,902.19","108,800",9069.T,1.6558421844809955e-05
,BG1Z6X0,Regional SAB de CV,RA,<0.01%,Regional Banks,MX,---,"$1,503,535.44","183,100",RA.MX,1.6554383815440782e-05
,BYMXG51,Peptron Inc,087010,<0.01%,Life Sciences Tools & Services,KR,---,"$1,503,252.95","16,956",087010.KQ,1.65512735143733e-05
,4354134,United Internet AG,UTDI,<0.01%,Integrated Telecommunication Services,DE,---,"$1,501,922.76","54,979",UTDI.DE,1.6536627716727547e-05
,6597777,Miura Co Ltd,6005,<0.01%,Industrial Machinery & Supplies & Components,JP,---,"$1,501,774.89","74,900",6005.T,1.6534999622922995e-05
,BRJ8H91,ARMOUR Residential REIT Inc,ARR,<0.01%,Mortgage REITs,US,---,"$1,501,454.61","91,163",ARR,1.6531473242428492e-05
,B1XCHJ7,Veidekke ASA,VEI,<0.01%,Construction & Engineering,NO,---,"$1,501,171.72","75,451",VEI.OL,1.6528358537239003e-05
,BD1R0D3,Kinea Indice de Precos FII,KNIP11,<0.01%,Mortgage REITs,BR,---,"$1,500,810.15","83,064",KNIP11.SA,1.6524377541249873e-05
,6141680,Oracle Corp Japan,4716,<0.01%,Systems Software,JP,---,"$1,500,102.43","26,700",4716.T,1.6516585328175163e-05
,B03PQZ8,Emmi AG,EMMN,<0.01%,Packaged Foods & Meats,CH,---,"$1,499,525.57","1,396",EMMN.SW,1.651023392361647e-05
,BF52PL1,Netwealth Group Ltd,NWL,<0.01%,Asset Management & Custody Banks,AU,---,"$1,499,449.35","99,338",NWL.AX,1.6509394718167203e-05
,BKDQ800,Avary Holding Shenzhen Co Ltd,002938,<0.01%,Electronic Components,CN,---,"$1,499,248.76","124,198",002938.SZ,1.650718616108155e-05
,5465358,Salzgitter AG,SZG,<0.01%,Steel,DE,---,"$1,499,147.98","25,023",SZG.DE,1.6506076542540787e-05
,BFNR303,Northwest Natural Holding Co,NWN,<0.01%,Gas Utilities,US,---,"$1,499,006.64","30,642",NWN,1.650452034602807e-05
,B04M8J6,CMB Tech NV,CMBT,<0.01%,Oil & Gas Storage & Transportation,BE,---,"$1,497,380.57","92,152",CMBT.BR,1.6486616819330507e-05
,BP3R240,China Petroleum & Chemical Corp,600028,<0.01%,Integrated Oil & Gas,CN,---,"$1,496,803.65","1,916,180",600028.SS,1.6480264754153508e-05
,B0PYHC7,Lancashire Holdings Ltd,LRE,<0.01%,Property & Casualty Insurance,GB,---,"$1,496,569.30","184,247",LRE.L,1.64776844891701e-05
,B8FW545,Artisan Partners Asset Management Inc,APAM,<0.01%,Asset Management & Custody Banks,US,---,"$1,495,475.64","38,111",APAM,1.6465642958972717e-05
,6569505,Maruichi Steel Tube Ltd,5463,<0.01%,Steel,JP,---,"$1,494,204.89","133,800",5463.T,1.6451651613857848e-05
,6194811,Chung-Hsin Electric & Machinery Manufacturing Corp,1513,<0.01%,Heavy Electrical Equipment,TW,---,"$1,493,599.28","317,000",1513.TW,1.6444983663029588e-05
,5679546,Berner Kantonalbank AG,BEKN,<0.01%,Regional Banks,CH,---,"$1,492,269.80","3,136",BEKN.SW,1.64303456827004e-05
,2007281,Insperity Inc,NSP,<0.01%,Human Resource & Employment Services,US,---,"$1,491,932.19","29,479",NSP,1.642662849361976e-05
,BTLK2B6,Vukile Property Fund Ltd,VKE,<0.01%,Retail REITs,ZA,---,"$1,491,671.48","974,847",VKE.JO,1.6423757996995796e-05
,BHWLWS1,Nanjing Securities Co Ltd,601990,<0.01%,Investment Banking & Brokerage,CN,---,"$1,491,649.47","1,471,300",601990.SS,1.6423515660182125e-05
,B031NN3,CPFL Energia SA,CPFE3,<0.01%,Electric Utilities,BR,---,"$1,490,926.88","163,800",CPFE3.SA,1.6415559723871636e-05
,6487306,Keikyu Corp,9006,<0.01%,Rail Transportation,JP,---,"$1,490,607.34","152,700",9006.T,1.641204149100286e-05
,BJ1N1M9,Capri Holdings Ltd,CPRI,<0.01%,"Apparel, Accessories & Luxury Goods",US,---,"$1,488,674.43","93,451",CPRI,1.6390759562310368e-05
,BJ8PD99,Titan SA,TITC,<0.01%,Construction Materials,GR,---,"$1,488,368.24","24,730",TITC.AT,1.6387388317013718e-05
,6681960,New Hope Corp Ltd,NHC,<0.01%,Coal & Consumable Fuels,AU,---,"$1,485,651.07","405,657",NHC.AX,1.6357471446499643e-05
,6250865,Sumitomo Pharma Co Ltd,4506,<0.01%,Pharmaceuticals,JP,---,"$1,485,372.96","190,600",4506.T,1.635440937056819e-05
,B2Q14Z3,Want Want China Holdings Ltd,151,<0.01%,Packaged Foods & Meats,HK,---,"$1,484,988.62","3,450,467",0151.HK,1.635017766993357e-05
,BDB46J2,Charter Hall Long Wale REIT,CLW,<0.01%,Diversified REITs,AU,---,"$1,483,704.81","554,939",CLW.AX,1.633604253023503e-05
,B03BJ91,Metaplanet Inc,3350,<0.01%,"Hotels, Resorts & Cruise Lines",JP,---,"$1,483,031.45","1,018,400",3350.T,1.6328628631241094e-05
,B0W3C66,Lingbao Gold Group Co Ltd,3330,<0.01%,Gold,HK,---,"$1,481,338.98","602,200",3330.HK,1.6309994020289643e-05
,B03MW84,Isiklar Enerji ve Yapi Holding AS,IEYHO,<0.01%,Textiles,TR,---,"$1,481,174.78","420,095",IEYHO.IS,1.6308186128203975e-05
,B0BM5T8,China State Construction International Holdings Ltd,3311,<0.01%,Construction & Engineering,HK,---,"$1,480,632.58","1,349,750",3311.HK,1.6302216340817565e-05
,BS44BN3,Birkenstock Holding Plc,BIRK,<0.01%,Footwear,US,---,"$1,480,614.08","38,239",BIRK,1.630201265017454e-05
,6339872,First Pacific Co Ltd,142,<0.01%,Packaged Foods & Meats,HK,---,"$1,479,371.93","2,072,613",0142.HK,1.6288336199783488e-05
,BSY3S84,Hafnia Ltd,HAFNI,<0.01%,Oil & Gas Storage & Transportation,NO,---,"$1,479,332.36","192,841",HAFNI.OL,1.6287900522013514e-05
,6775432,Sankyo Co Ltd,6417,<0.01%,Leisure Products,JP,---,"$1,478,451.69","127,400",6417.T,1.627820407668413e-05
,BYX9GP8,Doosan Bobcat Inc,241560,<0.01%,Construction Machinery & Heavy Transportation Equipment,KR,---,"$1,476,603.94","35,869",241560.KS,1.6257859785567866e-05
,B015YP6,AURAS Technology Co Ltd,3324,<0.01%,"Technology Hardware, Storage & Peripherals",TW,---,"$1,474,761.71","54,000",3324.TWO,1.623757627133536e-05
,BD87BS8,Crompton Greaves Consumer Electricals Ltd,CROMPTON,<0.01%,Household Appliances,IN,---,"$1,472,065.20","540,189",CROMPTON.NS,1.6207886873723172e-05
,BKF2W48,XD Inc,2400,<0.01%,Interactive Home Entertainment,HK,---,"$1,471,670.78","242,400",2400.HK,1.6203544189213864e-05
,6259011,Sugi Holdings Co Ltd,7649,<0.01%,Drug Retail,JP,---,"$1,470,932.81","83,000",7649.T,1.619541891441204e-05
,BZ0W5W7,Merdeka Copper Gold Tbk PT,MDKA,<0.01%,Diversified Metals & Mining,ID,---,"$1,470,248.84","9,770,900",MDKA.JK,1.6187888196081753e-05
,6206835,Holy Stone Enterprise Co Ltd,3026,<0.01%,Electronic Components,TW,---,"$1,469,641.56","108,210",3026.TW,1.6181201858044094e-05
,BJBW4Q1,PSK Inc,319660,<0.01%,Semiconductor Materials & Equipment,KR,---,"$1,468,693.43","16,677",319660.KS,1.6170762657537495e-05
,BYVQYS0,International Workplace Group PLC,IWG,<0.01%,Real Estate Operating Companies,GB,---,"$1,467,890.82","550,391",IWG.L,1.6161925676618636e-05
,2473150,Interparfums Inc,IPAR,<0.01%,Personal Care Products,US,---,"$1,467,821.75","11,785",IPAR,1.6161165194850322e-05
,6496700,Konica Minolta Inc,4902,<0.01%,"Technology Hardware, Storage & Peripherals",JP,---,"$1,467,295.73","401,600",4902.T,1.6155373554199272e-05
,BSMM753,Brembo NV,BRE,<0.01%,Automotive Parts & Equipment,IT,---,"$1,465,848.46","119,710",BRE.MI,1.613943867004079e-05
,B1G54P8,Universal Microwave Technology Inc,3491,<0.01%,Electronic Components,TW,---,"$1,462,933.95","50,000",3491.TWO,1.6107349025932406e-05
,BMDGT12,Indian Railway Finance Corp Ltd,IRFC,<0.01%,Specialized Finance,IN,---,"$1,460,918.58","1,564,329",IRFC.NS,1.6085159187487278e-05
,6555708,Makino Milling Machine Co Ltd,6135,<0.01%,Industrial Machinery & Supplies & Components,JP,---,"$1,459,438.99","16,800",6135.T,1.6068868450270277e-05
,BYXD7B3,DXC Technology Co,DXC,<0.01%,IT Consulting & Other Services,US,---,"$1,459,064.40","129,810",DXC,1.6064744100109678e-05
,B04BGQ6,Taiwan High Speed Rail Corp,2633,<0.01%,Highways & Railtracks,TW,---,"$1,455,786.55","1,814,000",2633.TW,1.6028653971772273e-05
,6075648,Bank of East Asia Ltd/The,23,<0.01%,Diversified Banks,HK,---,"$1,453,161.56","684,072",0023.HK,1.5999752031175716e-05
,2269768,Dillard's Inc,DDS,<0.01%,Broadline Retail,US,---,"$1,447,904.74","2,461",DDS,1.5941872839496215e-05
,BD0NN55,Innovative Industrial Properties Inc,IIPR,<0.01%,Industrial REITs,US,---,"$1,447,431.72","24,612",IIPR,1.593666474501167e-05
,B00ZC75,Kardex Holding AG,KARN,<0.01%,Industrial Machinery & Supplies & Components,CH,---,"$1,447,301.40","4,918",KARN.SW,1.5935229882060367e-05
,6344122,Daewoo Engineering & Construction Co Ltd,047040,<0.01%,Construction & Engineering,KR,---,"$1,443,665.26","168,249",047040.KS,1.5895194871534327e-05
,B00MZ44,Grafton Group PLC,GFTU,<0.01%,Trading Companies & Distributors,GB,---,"$1,441,704.27","110,181",GFTU.L,1.587360377347664e-05
,6350497,Transcend Information Inc,2451,<0.01%,"Technology Hardware, Storage & Peripherals",TW,---,"$1,438,709.31","162,000",2451.TW,1.5840628350328726e-05
,BP3R2Q2,China State Construction Engineering Corp Ltd,601668,<0.01%,Construction & Engineering,CN,---,"$1,437,184.79","2,062,864",601668.SS,1.58238429201068e-05
,2437112,Horace Mann Educators Corp,HMN,<0.01%,Multi-line Insurance,US,---,"$1,434,796.74","27,534",HMN,1.5797549761183678e-05
,BMTVQS7,Summit Therapeutics Inc,SMMT,<0.01%,Biotechnology,US,---,"$1,434,452.46","110,173",SMMT,1.579375913336849e-05
,6140579,Chicony Electronics Co Ltd,2385,<0.01%,"Technology Hardware, Storage & Peripherals",TW,---,"$1,433,774.60","440,231",2385.TW,1.578629568800193e-05
,BG43JW1,Arion Banki HF,ARION,<0.01%,Diversified Banks,IS,---,"$1,433,431.16","910,889",ARION.IC,1.5782514308842966e-05
,BFDTBS3,Iida Group Holdings Co Ltd,3291,<0.01%,Homebuilding,JP,---,"$1,433,073.68","100,097",3291.T,1.5778578345001403e-05
,6571492,ITEQ Corp,6213,<0.01%,Electronic Components,TW,---,"$1,430,198.31","179,244",6213.TW,1.5746919644231835e-05
,BD1DM79,Reliance Worldwide Corp Ltd,RWC,<0.01%,Building Products,AU,---,"$1,428,004.67","580,596",RWC.AX,1.572276699870929e-05
,6190228,Cheng Shin Rubber Industry Co Ltd,2105,<0.01%,Tires & Rubber,TW,---,"$1,427,952.79","1,516,379",2105.TW,1.5722195784084416e-05
,BRZWM70,Rigaku Holdings Corp,268A,<0.01%,Electronic Equipment & Instruments,JP,---,"$1,427,637.96","112,800",268A.T,1.571872940975232e-05
,6696157,Pou Chen Corp,9904,<0.01%,Footwear,TW,---,"$1,427,537.61","1,929,524",9904.TW,1.571762452564272e-05
,B131GJ7,Catena AB,CATE,<0.01%,Real Estate Operating Companies,SE,---,"$1,425,672.63","34,317",CATE.ST,1.5697090526970813e-05
,6918981,Ushio Inc,6925,<0.01%,Electrical Components & Equipment,JP,---,"$1,424,917.02","61,400",6925.T,1.5688771030388288e-05
,BP3R303,China Merchants Securities Co Ltd,600999,<0.01%,Investment Banking & Brokerage,CN,---,"$1,424,876.22","547,100",600999.SS,1.568832180994313e-05
,BD3HFC5,NFI Group Inc,NFI,<0.01%,Construction Machinery & Heavy Transportation Equipment,CA,---,"$1,424,416.82","79,176",NFI.TO,1.5683263675813072e-05
,BTHZ679,Bufab AB,BUFAB,<0.01%,Trading Companies & Distributors,SE,---,"$1,423,540.46","100,766",BUFAB.ST,1.5673614684898363e-05
,B1G3M58,Douglas Emmett Inc,DEI,<0.01%,Office REITs,US,---,"$1,423,328.94","120,417",DEI,1.567128578517875e-05
,BYWPZW7,Sonos Inc,SONO,<0.01%,Consumer Electronics,US,---,"$1,422,591.74","97,039",SONO,1.56631689883118e-05
,BK4XS99,Ningxia Baofeng Energy Group Co Ltd,600989,<0.01%,Diversified Chemicals,CN,---,"$1,421,722.94","412,880",600989.SS,1.565360323530311e-05
,BYZJV17,BOC Aviation Ltd,2588,<0.01%,Trading Companies & Distributors,HK,---,"$1,416,466.79","143,700",2588.HK,1.5595731420527974e-05
,BS5YX69,Allied Gold Corp,AAUC,<0.01%,Gold,CA,---,"$1,416,099.81","78,033",AAUC.TO,1.5591690858788648e-05
,B23DZG0,Multiplan Empreendimentos Imobiliarios SA,MULT3,<0.01%,Real Estate Operating Companies,BR,---,"$1,414,554.74","254,909",MULT3.SA,1.5574679166798383e-05
,BSKRKL7,Sekisui House Reit Inc,3309,<0.01%,Diversified REITs,JP,---,"$1,414,438.06","2,974",3309.T,1.557339448440767e-05
,B1P36Y6,Central Garden & Pet Co,CENTA,<0.01%,Household Products,US,---,"$1,414,118.82","37,302",CENTA,1.5569879554630395e-05
,BDDX4S2,Amber Enterprises India Ltd,AMBER,<0.01%,Household Appliances,IN,---,"$1,414,059.61","18,127",AMBER.NS,1.5569227634469664e-05
,B1N7Z09,Safestore Holdings PLC,SAFE,<0.01%,Self-Storage REITs,GB,---,"$1,413,817.22","169,484",SAFE.L,1.556655884663382e-05
,B68N347,iM Financial Group Co Ltd,139130,<0.01%,Regional Banks,KR,---,"$1,413,698.58","120,570",139130.KS,1.5565252584045253e-05
,BP3R411,Founder Securities Co Ltd,601901,<0.01%,Investment Banking & Brokerage,CN,---,"$1,412,155.49","1,342,098",601901.SS,1.5548262692458946e-05
,BJP54Q6,Hyundai Autoever Corp,307950,<0.01%,IT Consulting & Other Services,KR,---,"$1,411,818.52","5,643",307950.KS,1.5544552549973518e-05
,2811932,H2O America,HTO,<0.01%,Water Utilities,US,---,"$1,410,957.98","23,006",HTO,1.5535077742084362e-05
,BZ03TZ1,Atlas Arteria Ltd,ALX,<0.01%,Highways & Railtracks,AU,---,"$1,409,803.03","399,187",ALX.AX,1.5522361390291788e-05
,6621472,NANKAI Co Ltd,9044,<0.01%,Rail Transportation,JP,---,"$1,409,741.77","75,300",9044.T,1.5521686899005746e-05
,6804187,Shibaura Mechatronics Corp,6590,<0.01%,Semiconductor Materials & Equipment,JP,---,"$1,409,384.74","52,900",6590.T,1.551775588980145e-05
,BCBVTX1,Agios Pharmaceuticals Inc,AGIO,<0.01%,Biotechnology,US,---,"$1,409,228.86","46,943",AGIO,1.551603960345362e-05
,BYVN953,Schneider National Inc,SNDR,<0.01%,Cargo Ground Transportation,US,---,"$1,409,013.76","39,424",SNDR,1.5513671286842006e-05
,6805049,Shinsegae Inc,004170,<0.01%,Broadline Retail,KR,---,"$1,408,802.58","4,869",004170.KS,1.5511346130626105e-05
,B01LXY6,Hyundai Marine & Fire Insurance Co Ltd,001450,<0.01%,Property & Casualty Insurance,KR,---,"$1,408,585.84","52,955",001450.KS,1.5508959757114245e-05
,6801779,Foxconn Technology Co Ltd,2354,<0.01%,Electronic Manufacturing Services,TW,---,"$1,408,575.82","813,514",2354.TW,1.550884943385786e-05
,BRK2Z98,Amman Mineral Internasional PT,AMMN,<0.01%,Copper,ID,---,"$1,407,707.36","6,217,300",AMMN.JK,1.5499287424352878e-05
,B1W3VF5,Sirius Real Estate Ltd,SRE,<0.01%,Diversified REITs,GB,---,"$1,406,633.33","1,050,482",SRE.L,1.5487462026443203e-05
,BNK0077,Societatea Energetica Electrica SA,EL,<0.01%,Electric Utilities,RO,---,"$1,405,110.62","122,863",EL.RO,1.5470696524873378e-05
,BMBP1Q0,Flywire Corp,FLYW,<0.01%,Transaction & Payment Processing Services,US,---,"$1,404,669.37","87,737",FLYW,1.5465838227779585e-05
,2388016,Greif Inc,GEF,<0.01%,"Metal, Glass & Plastic Containers",US,---,"$1,400,379.00","16,180",GEF,1.54185999453948e-05
,6881436,Spark New Zealand Ltd,SPK,<0.01%,Integrated Telecommunication Services,NZ,---,"$1,397,071.31","1,235,732",SPK.NZ,1.5382181269555345e-05
,6487232,Keihan Holdings Co Ltd,9045,<0.01%,Industrial Conglomerates,JP,---,"$1,395,703.82","68,100",9045.T,1.536712478753203e-05
,6030506,Hang Lung Properties Ltd,101,<0.01%,Real Estate Operating Companies,HK,---,"$1,394,956.37","1,501,000",0101.HK,1.5358895135038535e-05
,6141248,Meitav Investment House Ltd,MTAV,<0.01%,Asset Management & Custody Banks,IL,---,"$1,393,049.78","32,195",MTAV.TA,1.53379029975744e-05
,B1L3XL6,Zhuzhou CRRC Times Electric Co Ltd,3898,<0.01%,Construction Machinery & Heavy Transportation Equipment,HK,---,"$1,391,350.50","324,109",3898.HK,1.5319193406445702e-05
,4400446,Forvia SE,FRVIA,<0.01%,Automotive Parts & Equipment,FR,---,"$1,390,938.36","134,638",FRVIA.PA,1.5314655619331288e-05
,7788967,Jungfraubahn Holding AG,JFN,<0.01%,Rail Transportation,CH,---,"$1,390,815.52","4,307",JFN.SW,1.5313303113461598e-05
,BMCRLL0,Joby Aviation Inc,JOBY,<0.01%,Passenger Airlines,US,---,"$1,389,287.90","194,306",JOBY,1.529648355129408e-05
,BMTCW71,Hangzhou Chang Chuan Technology Co Ltd,300604,<0.01%,Semiconductor Materials & Equipment,CN,---,"$1,386,089.98","36,100",300604.SZ,1.5261273476637595e-05
,B1F76F9,Western Union Co/The,WU,<0.01%,Transaction & Payment Processing Services,US,---,"$1,385,640.48","217,868",WU,1.5256324344527318e-05
,B01RQM3,Pacific Basin Shipping Ltd,2343,<0.01%,Marine Transportation,HK,---,"$1,383,455.40","3,311,000",2343.HK,1.5232265947215817e-05
,BZ3FZR8,North West Co Inc/The,NWC,<0.01%,Food Retail,CA,---,"$1,382,781.93","38,121",NWC.TO,1.5224850837088327e-05
,B7KY3Z6,EVERTEC Inc,EVTC,<0.01%,Transaction & Payment Processing Services,US,---,"$1,382,676.12","45,423",EVTC,1.522368583671327e-05
,B1TK234,SKY Perfect JSAT Corp,9412,<0.01%,Cable & Satellite,JP,---,"$1,381,996.13","106,100",9412.T,1.5216198939396992e-05
,6285919,Eo Technics Co Ltd,039030,<0.01%,Semiconductor Materials & Equipment,KR,---,"$1,380,857.10","6,810",039030.KQ,1.5203657871660473e-05
,6283979,Indofood Sukses Makmur Tbk PT,INDF,<0.01%,Packaged Foods & Meats,ID,---,"$1,380,645.01","3,566,200",INDF.JK,1.5201322696066995e-05
,6512479,Taihan Cable & Solution Co Ltd,001440,<0.01%,Electrical Components & Equipment,KR,---,"$1,380,474.16","86,758",001440.KS,1.5199441585452889e-05
,4350024,Alm Brand A/S,ALMB,<0.01%,Property & Casualty Insurance,DK,---,"$1,380,149.00","524,793",ALMB.CO,1.5195861474669848e-05
,B1G1854,Aozora Bank Ltd,8304,<0.01%,Diversified Banks,JP,---,"$1,379,343.27","72,690",8304.T,1.5186990141599297e-05
,6407757,DB HiTek Co Ltd,000990,<0.01%,Semiconductors,KR,---,"$1,378,319.20","24,273",000990.KS,1.5175714818528843e-05
,6659707,Hyakujushi Bank Ltd/The,8386,<0.01%,Regional Banks,JP,---,"$1,374,345.77","78,000",8386.T,1.5131966142219766e-05
,BF5H9P8,Great Portland Estates PLC,GPE,<0.01%,Office REITs,GB,---,"$1,374,040.23","291,081",GPE.L,1.5128602053621382e-05
,BCGD8Q8,Hanjin Kal Corp,180640,<0.01%,"Hotels, Resorts & Cruise Lines",KR,---,"$1,373,684.97","17,977",180640.KS,1.5124690532656986e-05
,BVV5T25,Liberty Live Holdings Inc,LLYVA,<0.01%,Movies & Entertainment,US,---,"$1,373,534.72","14,501",LLYVA,1.5123036234326465e-05
,BMGSDH9,Sportradar Group AG,SRAD,<0.01%,Casinos & Gaming,US,---,"$1,372,285.20","94,380",SRAD,1.5109278637987353e-05
,BL6C482,Indian Railway Catering & Tourism Corp Ltd,IRCTC,<0.01%,Diversified Support Services,IN,---,"$1,371,336.73","267,229",IRCTC.NS,1.5098835693977046e-05
,6190648,Keiyo Bank Ltd/The,8544,<0.01%,Regional Banks,JP,---,"$1,370,975.30","83,700",8544.T,1.5094856239430625e-05
,BNVXB61,CESC Ltd,CESC,<0.01%,Electric Utilities,IN,---,"$1,367,109.71","788,649",CESC.NS,1.5052294914415811e-05
,B11Y568,Wacker Chemie AG,WCH,<0.01%,Specialty Chemicals,DE,---,"$1,365,724.48","13,334",WCH.DE,1.5037043109581292e-05
,6804198,Shihlin Electric & Engineering Corp,1503,<0.01%,Heavy Electrical Equipment,TW,---,"$1,365,505.02","227,989",1503.TW,1.5034626788039755e-05
,6865560,Suzuken Co Ltd/Aichi Japan,9987,<0.01%,Health Care Distributors,JP,---,"$1,364,171.94","42,760",9987.T,1.5019949170612467e-05
,6497004,OCI Holdings Co Ltd,010060,<0.01%,Diversified Chemicals,KR,---,"$1,363,055.53","10,338",010060.KS,1.5007657155975689e-05
,6251426,Daiwabo Holdings Co Ltd,3107,<0.01%,Technology Distributors,JP,---,"$1,361,858.98","61,100",3107.T,1.4994482775493931e-05
,BJLTMX5,Enovis Corp,ENOV,<0.01%,Health Care Equipment,US,---,"$1,361,654.80","46,712",ENOV,1.4992234691413228e-05
,BN3ZZ52,Volution Group PLC,FAN,<0.01%,Building Products,GB,---,"$1,360,245.88","161,204",FAN.L,1.4976722052452585e-05
,BD76164,Victory Giant Technology Huizhou Co Ltd,300476,<0.01%,Electronic Components,CN,---,"$1,360,196.79","48,200",300476.SZ,1.4976181556578741e-05
,6496506,Kokuyo Co Ltd,7984,<0.01%,Office Services & Supplies,JP,---,"$1,359,639.04","238,800",7984.T,1.4970040558949141e-05
,BSFS606,Sanil Electric Co Ltd,062040,<0.01%,Heavy Electrical Equipment,KR,---,"$1,359,193.02","13,999",062040.KS,1.4965129742700363e-05
,BP3RDW5,China Jushi Co Ltd,600176,<0.01%,Construction Materials,CN,---,"$1,359,046.02","243,130",600176.SS,1.4963511227861185e-05
,6804604,Sinfonia Technology Co Ltd,6507,<0.01%,Heavy Electrical Equipment,JP,---,"$1,358,739.30","16,700",6507.T,1.496013414710287e-05
,BPBMY63,Region Group,RGN,<0.01%,Retail REITs,AU,---,"$1,357,504.88","811,977",RGN.AX,1.4946542806369684e-05
,B4YZN32,Coats Group PLC,COA,<0.01%,Textiles,GB,---,"$1,356,624.81","1,251,857",COA.L,1.4936852967223324e-05
,BQD2NX8,Acutaas Chemicals Ltd,ACUTAAS,<0.01%,Pharmaceuticals,IN,---,"$1,355,503.73","41,662",ACUTAAS.NS,1.492450953446206e-05
,B607XS1,Vermilion Energy Inc,VET,<0.01%,Oil & Gas Exploration & Production,CA,---,"$1,353,675.67","113,768",VET.TO,1.4904382036251806e-05
,BYSS4X4,Novocure Ltd,NVCR,<0.01%,Health Care Equipment,US,---,"$1,352,369.20","91,130",NVCR,1.4889997403041324e-05
,BR1W702,Howard Hughes Holdings Inc,HHH,<0.01%,Real Estate Development,US,---,"$1,351,908.00","21,150",HHH,1.4884919450362218e-05
,6230845,United Tractors Tbk PT,UNTR,<0.01%,Coal & Consumable Fuels,ID,---,"$1,351,265.11","1,012,560",UNTR.JK,1.4877841035362498e-05
,B17BBR6,Investec Ltd,INL,<0.01%,Diversified Capital Markets,ZA,---,"$1,350,739.42","156,144",INL.JO,1.4872053028112105e-05
,BGY6SV2,China Cinda Asset Management Co Ltd,1359,<0.01%,Asset Management & Custody Banks,HK,---,"$1,350,686.49","10,682,000",1359.HK,1.4871470252666953e-05
,2303730,HELLENIC TELECOM ORG-SP ADR,HLTOY,<0.01%,Integrated Telecommunication Services,US,ADR,"$1,349,749.74","117,615",HLTOY,1.4861156349431578e-05
,BQ81G86,Aryzta AG,ARYN,<0.01%,Packaged Foods & Meats,CH,---,"$1,348,755.15","20,530",ARYN.SW,1.485020561015336e-05
,BPBPD09,Six Flags Entertainment Corp,FUN,<0.01%,Leisure Facilities,US,---,"$1,348,118.03","77,791",FUN,1.4843190724613655e-05
,6149457,Kobayashi Pharmaceutical Co Ltd,4967,<0.01%,Personal Care Products,JP,---,"$1,348,086.86","38,400",4967.T,1.4842847533405918e-05
,B3R5893,Bumi Resources Minerals Tbk PT,BRMS,<0.01%,Diversified Metals & Mining,ID,---,"$1,347,564.23","43,496,382",BRMS.JK,1.4837093217688914e-05
,7136663,JCDecaux SE,DEC,<0.01%,Advertising,FR,---,"$1,346,217.63","51,388",DEC.PA,1.4822266740937643e-05
,B0WC2B8,Nine Dragons Paper Holdings Ltd,2689,<0.01%,Paper Products,HK,---,"$1,345,289.26","1,396,000",2689.HK,1.4812045104058409e-05
,2693914,TriNet Group Inc,TNET,<0.01%,Human Resource & Employment Services,US,---,"$1,344,248.60","20,420",TNET,1.4800587120027533e-05
,BV5F6V9,Schaeffler AG,SHA0,<0.01%,Automotive Parts & Equipment,DE,---,"$1,343,605.80","163,006",SHA0.DE,1.4793509695955263e-05
,BF0QWT5,Japan Elevator Service Holdings Co Ltd,6544,<0.01%,Diversified Support Services,JP,---,"$1,340,696.29","126,500",6544.T,1.4761475103372024e-05
,BGGJFV8,Strategic Education Inc,STRA,<0.01%,Education Services,US,---,"$1,340,208.00","16,344",STRA,1.4756098881529694e-05
,BT19600,Kalmar Oyj,KALMAR,<0.01%,Industrial Machinery & Supplies & Components,FI,---,"$1,338,909.55","30,109",KALMAR.HE,1.4741802550965542e-05
,BPDJN76,Masterbrand Inc,MBC,<0.01%,Building Products,US,---,"$1,337,696.25","162,145",MBC,1.472844374787456e-05
,B4TZV44,Walker & Dunlop Inc,WD,<0.01%,Commercial & Residential Mortgage Finance,US,---,"$1,336,213.79","26,891",WD,1.4712121411082127e-05
,BH3T5K7,Enerpac Tool Group Corp,EPAC,<0.01%,Industrial Machinery & Supplies & Components,US,---,"$1,336,139.90","37,385",EPAC,1.4711307859643577e-05
,BVV6CY1,Xenia Hotels & Resorts Inc,XHR,<0.01%,Hotel & Resort REITs,US,---,"$1,334,880.54","64,863",XHR,1.4697441921902985e-05
,BFB4KN8,Zheshang Securities Co Ltd,601878,<0.01%,Investment Banking & Brokerage,CN,---,"$1,334,535.08","942,400",601878.SS,1.4693638301927867e-05
,6667733,Park24 Co Ltd,4666,<0.01%,Environmental & Facilities Services,JP,---,"$1,333,027.16","107,700",4666.T,1.467703564276941e-05
,6711696,Japan Petroleum Exploration Co Ltd,1662,<0.01%,Oil & Gas Exploration & Production,JP,---,"$1,330,782.18","119,600",1662.T,1.4652317728186707e-05
,6661843,Daihen Corp,6622,<0.01%,Heavy Electrical Equipment,JP,---,"$1,330,366.69","15,900",6622.T,1.4647743056550448e-05
,0201836,Clarkson PLC,CKN,<0.01%,Marine Transportation,GB,---,"$1,329,954.85","20,829",CKN.L,1.4643208572527544e-05
,2648862,METALURGICA GERDAU SA-PREF,GOAU4,<0.01%,Steel,BR,---,"$1,327,818.92","616,384",GOAU4.SA,1.4619691331708187e-05
,BJ7HN18,Stadler Rail AG,SRAIL,<0.01%,Construction Machinery & Heavy Transportation Equipment,CH,---,"$1,326,727.95","43,691",SRAIL.SW,1.4607679419231332e-05
,B0650B9,Huntsman Corp,HUN,<0.01%,Diversified Chemicals,US,---,"$1,326,715.84","135,934",HUN,1.4607546084437438e-05
,6551030,Mabuchi Motor Co Ltd,6592,<0.01%,Electrical Components & Equipment,JP,---,"$1,325,923.73","128,000",6592.T,1.4598824711721376e-05
,B07NL19,Japan Logistics Fund Inc,8967,<0.01%,Industrial REITs,JP,---,"$1,325,155.66","2,137",8967.T,1.4590368026738195e-05
,2196190,Nelnet Inc,NNI,<0.01%,Consumer Finance,US,---,"$1,324,596.63","9,749",NNI,1.4584212935918157e-05
,BZ04KX9,Yadea Group Holdings Ltd,1585,<0.01%,Motorcycle Manufacturers,HK,---,"$1,323,976.39","966,000",1585.HK,1.457738390432733e-05
,BNFWV75,Coface SA,COFA,<0.01%,Property & Casualty Insurance,FR,---,"$1,322,851.38","72,477",COFA.PA,1.4564997201067306e-05
,B0Y91C1,China National Building Material Co Ltd,3323,<0.01%,Construction Materials,HK,---,"$1,320,584.24","2,782,312",3323.HK,1.4540035298125174e-05
,BKSGZN7,Harmony Biosciences Holdings Inc,HRMY,<0.01%,Pharmaceuticals,US,---,"$1,320,548.52","37,473",HRMY,1.4539642010029558e-05
,BPRD664,IONOS Group SE,IOS,<0.01%,Internet Services & Infrastructure,DE,---,"$1,318,340.42","36,165",IOS.DE,1.4515330155496303e-05
,BGJW2K2,Adani Total Gas Ltd,ATGL,<0.01%,Gas Utilities,IN,---,"$1,316,361.82","192,709",ATGL.NS,1.449354516596707e-05
,B05M8B7,LANXESS AG,LXS,<0.01%,Diversified Chemicals,DE,---,"$1,316,210.44","68,906",LXS.DE,1.4491878425991867e-05
,6489465,Kotobuki Spirits Co Ltd,2222,<0.01%,Packaged Foods & Meats,JP,---,"$1,315,328.33","82,500",2222.T,1.4482166125823248e-05
,6984948,Xebio Holdings Co Ltd,8281,<0.01%,Other Specialty Retail,JP,---,"$1,314,541.40","191,000",8281.T,1.4473501786487231e-05
,BFFY852,Bausch Health Cos Inc,BHC,<0.01%,Pharmaceuticals,CA,---,"$1,313,986.02","190,882",BHC.TO,1.4467386883280548e-05
,B00LY33,Solar Applied Materials Technology Corp,1785,<0.01%,Specialty Chemicals,TW,---,"$1,313,586.22","429,571",1785.TWO,1.4462984963330184e-05
,BKTNNZ5,FII BTLG,BTLG11,<0.01%,Industrial REITs,BR,---,"$1,312,658.90","66,006",BTLG11.SA,1.445277488727123e-05
,B1WFDQ6,TKH GROUP NV-CVA,TWEKA,<0.01%,Electrical Components & Equipment,NL,Dutch Cert,"$1,311,881.46","26,607",TWEKA.AS,1.4444215035729934e-05
,BD5CQ36,GF Securities Co Ltd,000776,<0.01%,Investment Banking & Brokerage,CN,---,"$1,308,768.94","413,975",000776.SZ,1.4409945241122874e-05
,BPDWY61,HPSP Co Ltd,403870,<0.01%,Semiconductor Materials & Equipment,KR,---,"$1,307,789.34","55,502",403870.KS,1.4399159546317034e-05
,BNHSQK9,Shenzhen Longsys Electronics Co Ltd,301308,<0.01%,"Technology Hardware, Storage & Peripherals",CN,---,"$1,305,248.48","25,398",301308.SZ,1.437118390268252e-05
,BMTS893,OY Nofar Energy Ltd,NOFR,<0.01%,Renewable Electricity,IL,---,"$1,303,269.80","22,165",NOFR.TA,1.4349398032328886e-05
,BMFND53,Alpha Metallurgical Resources Inc,AMR,<0.01%,Steel,US,---,"$1,302,471.36","9,496",AMR,1.4340606964381992e-05
,BN7ZZ47,Century Communities Inc,CCS,<0.01%,Homebuilding,US,---,"$1,302,098.08","19,388",CCS,1.4336497037720983e-05
,B85H8C9,Alpek SAB de CV,ALPEKA,<0.01%,Commodity Chemicals,MX,---,"$1,300,359.80","1,748,570",ALPEKA.MX,1.431735804469618e-05
,BD9Y5C0,Technogym SpA,TGYM,<0.01%,Leisure Products,IT,---,"$1,297,259.59","82,916",TGYM.MI,1.4283223786944022e-05
,BD5CPN9,Gree Electric Appliances Inc of Zhuhai,000651,<0.01%,Household Appliances,CN,---,"$1,296,923.48","206,900",000651.SZ,1.4279523113320917e-05
,BK0SBL1,China Feihe Ltd,6186,<0.01%,Packaged Foods & Meats,HK,---,"$1,296,728.52","3,089,000",6186.HK,1.4277376544252578e-05
,6867760,Swire Pacific Ltd,87,<0.01%,Industrial Conglomerates,HK,---,"$1,296,621.46","680,000",0087.HK,1.4276197780996233e-05
,B03MT61,Tera Yatirim Teknoloji Holding AS,TEHOL,<0.01%,Real Estate Operating Companies,TR,---,"$1,296,422.81","1,279,558",TEHOL.IS,1.4274010583902338e-05
,7370063,Melexis NV,MELE,<0.01%,Semiconductors,BE,---,"$1,293,762.88","16,476",MELE.BR,1.424472394324809e-05
,B8B6WX9,Borregaard ASA,BRG,<0.01%,Specialty Chemicals,NO,---,"$1,293,720.84","77,627",BRG.OL,1.4244261070024698e-05
,BD5ZWW6,Money Forward Inc,3994,<0.01%,Application Software,JP,---,"$1,293,210.89","37,094",3994.T,1.423864636497545e-05
,B8BSRY1,Activia Properties Inc,3279,<0.01%,Diversified REITs,JP,---,"$1,292,454.59","1,443",3279.T,1.4230319271282458e-05
,6461850,Hyundai Steel Co,004020,<0.01%,Steel,KR,---,"$1,291,477.45","71,116",004020.KS,1.4219560661826987e-05
,6793423,Seino Holdings Co Ltd,9076,<0.01%,Cargo Ground Transportation,JP,---,"$1,291,241.94","78,200",9076.T,1.4216967624889742e-05
,6183303,Corona Corp,5909,<0.01%,Household Appliances,JP,---,"$1,290,274.96","207,300",5909.T,1.4206320880133361e-05
,BFWK4R7,Pagseguro Digital Ltd,PAGS,<0.01%,Transaction & Payment Processing Services,US,---,"$1,288,530.60","133,665",PAGS,1.4187114944453986e-05
,6578608,L&F Co Ltd,066970,<0.01%,Electrical Components & Equipment,KR,---,"$1,287,878.82","25,568",066970.KS,1.4179938647842562e-05
,BYMXFQ5,PharmaResearch Co Ltd,214450,<0.01%,Biotechnology,KR,---,"$1,287,726.00","5,482",214450.KQ,1.4178256053028119e-05
,2555865,Maple Leaf Foods Inc,MFI,<0.01%,Packaged Foods & Meats,CA,---,"$1,285,607.59","63,015",MFI.TO,1.4154931712752862e-05
,B6ZZQ69,ASMedia Technology Inc,5269,<0.01%,Semiconductors,TW,---,"$1,285,350.72","32,000",5269.TW,1.4152103495700211e-05
,6732200,Rengo Co Ltd,3941,<0.01%,Paper & Plastic Packaging Products & Materials,JP,---,"$1,283,359.45","137,300",3941.T,1.4130179005606269e-05
,BYNK383,China CITIC Financial Asset Management Co Ltd,2799,<0.01%,Asset Management & Custody Banks,HK,---,"$1,282,176.12","17,022,000",2799.HK,1.4117150181356987e-05
,B182BB2,Mitsui Fudosan Accommodations Fund Inc,3226,<0.01%,Multi-Family Residential REITs,JP,---,"$1,282,028.29","1,664",3226.T,1.4115522527964634e-05
,B058ZV4,Coca-Cola Icecek AS,CCOLA,<0.01%,Soft Drinks & Non-alcoholic Beverages,TR,---,"$1,281,290.61","667,938",CCOLA.IS,1.410740044615127e-05
,BSP1ZW0,Chunghwa Precision Test Tech Co Ltd,6510,<0.01%,Electronic Components,TW,---,"$1,281,073.69","17,000",6510.TWO,1.4105012090784504e-05
,BYZVVN5,Kanamic Network Co Ltd,3939,<0.01%,Health Care Technology,JP,---,"$1,281,031.28","411,700",3939.T,1.410454514374825e-05
,6906760,Tsugami Corp,6101,<0.01%,Industrial Machinery & Supplies & Components,JP,---,"$1,280,706.13","34,900",6101.T,1.4100965143068258e-05
,6522939,Wafer Works Corp,6182,<0.01%,Semiconductor Materials & Equipment,TW,---,"$1,280,633.84","480,985",6182.TWO,1.4100169208117755e-05
,BMDX9Z7,DoubleVerify Holdings Inc,DV,<0.01%,Advertising,US,---,"$1,279,935.00","113,772",DV,1.4092474766551692e-05
,B88MHC4,HUGO BOSS AG,BOSS,<0.01%,"Apparel, Accessories & Luxury Goods",DE,---,"$1,279,827.55","29,144",BOSS.DE,1.4091291709276388e-05
,B84LB45,Yancoal Australia Ltd,YAL,<0.01%,Coal & Consumable Fuels,AU,---,"$1,276,499.14","323,959",YAL.AX,1.4054644899916742e-05
,BP3R2V7,Inner Mongolia Yili Industrial Group Co Ltd,600887,<0.01%,Packaged Foods & Meats,CN,---,"$1,274,725.70","317,700",600887.SS,1.4035118784567139e-05
,BP3R3M5,Shanghai Fosun Pharmaceutical Group Co Ltd,600196,<0.01%,Pharmaceuticals,CN,---,"$1,273,800.85","370,156",600196.SS,1.4024935903961607e-05
,6344274,Posco International Corp,047050,<0.01%,Trading Companies & Distributors,KR,---,"$1,272,465.56","34,902",047050.KS,1.4010233953760207e-05
,BL61XF9,Postal Savings Bank of China Co Ltd,601658,<0.01%,Diversified Banks,CN,---,"$1,272,370.47","1,657,400",601658.SS,1.4009186983855053e-05
,BKYC3F7,Cimpress PLC,CMPR,<0.01%,Commercial Printing,US,---,"$1,270,861.20","12,876",CMPR,1.3992569460784808e-05
,BD845X2,Adient PLC,ADNT,<0.01%,Automotive Parts & Equipment,US,---,"$1,269,700.88","60,347",ADNT,1.3979793983654229e-05
,B89JCF2,IGB Real Estate Investment Trust,IGBREIT,<0.01%,Retail REITs,MY,---,"$1,268,431.12","1,885,800",IGBREIT.KL,1.3965813538741345e-05
,6560995,China Oilfield Services Ltd,2883,<0.01%,Oil & Gas Drilling,HK,---,"$1,267,887.46","1,398,000",2883.HK,1.3959827676309591e-05
,BS7T2S7,Triumph Financial Inc,TFIN,<0.01%,Regional Banks,US,---,"$1,267,803.21","16,697",TFIN,1.3958900058110947e-05
,4557847,Deutz AG,DEZ,<0.01%,Construction Machinery & Heavy Transportation Equipment,DE,---,"$1,267,388.70","111,076",DEZ.DE,1.3954336176573616e-05
,6318514,Eternal Materials Co Ltd,1717,<0.01%,Commodity Chemicals,TW,---,"$1,266,049.20","691,238",1717.TW,1.3939587872988048e-05
,B3MTJ20,Patria Log Fundo de Investimento Imobiliario Responsabilidade Limitada,HGLG11,<0.01%,Industrial REITs,BR,---,"$1,265,930.70","43,530",HGLG11.SA,1.393828315184218e-05
,2498788,LTC Properties Inc,LTC,<0.01%,Health Care REITs,US,---,"$1,265,789.44","31,456",LTC,1.3936727836153865e-05
,6172453,Canon Marketing Japan Inc,8060,<0.01%,Technology Distributors,JP,---,"$1,262,862.39","56,200",8060.T,1.3904500122820427e-05
,B3MBS74,Ocado Group PLC,OCDO,<0.01%,Food Retail,GB,---,"$1,262,659.35","441,751",OCDO.L,1.3902264590487458e-05
,B05LZ02,Hakuhodo DY Holdings Inc,2433,<0.01%,Advertising,JP,---,"$1,262,573.66","154,700",2433.T,1.3901321117449569e-05
,BD5CMN8,Shenzhen Inovance Technology Co Ltd,300124,<0.01%,Industrial Machinery & Supplies & Components,CN,---,"$1,261,811.44","132,900",300124.SZ,1.3892928842750806e-05
,6632140,El Al Israel Airlines,ELAL,<0.01%,Passenger Airlines,IL,---,"$1,261,797.16","284,158",ELAL.TA,1.3892771615595e-05
,6597647,Mitsui-Soko Holdings Co Ltd,9302,<0.01%,Air Freight & Logistics,JP,---,"$1,261,726.19","55,900",9302.T,1.3891990214247134e-05
,BYZ5JH7,Aegis Logistics Ltd,AEGISLOG,<0.01%,Oil & Gas Storage & Transportation,IN,---,"$1,261,477.57","94,104",AEGISLOG.NS,1.388925283221097e-05
,6441573,Visual Photonics Epitaxy Co Ltd,2455,<0.01%,Semiconductor Materials & Equipment,TW,---,"$1,261,264.53","144,250",2455.TW,1.3886907196827714e-05
,B3FLWH9,Bodycote PLC,BOY,<0.01%,Industrial Machinery & Supplies & Components,GB,---,"$1,260,887.59","129,180",BOY.L,1.3882756972450302e-05
,BMTYQ97,Odine Solutions Teknoloji Ticaret VE Sanayi AS,ODINE,<0.01%,IT Consulting & Other Services,TR,---,"$1,260,273.63","23,915",ODINE.IS,1.387599708557505e-05
,BM9FJ13,Recursion Pharmaceuticals Inc,RXRX,<0.01%,Biotechnology,US,---,"$1,260,069.00","420,023",RXRX,1.3873744046857086e-05
,B0838V7,IIFL Finance Ltd,IIFL,<0.01%,Commercial & Residential Mortgage Finance,IN,---,"$1,256,954.37","197,130",IIFL.NS,1.3839451020506416e-05
,6292102,ABC-Mart Inc,2670,<0.01%,Apparel Retail,JP,---,"$1,254,219.46","73,300",2670.T,1.3809338827181138e-05
,BMBVP11,PowerGrid Infrastructure Investment Trust,PGINVIT,<0.01%,Industrial REITs,IN,---,"$1,254,090.42","1,203,977",PGINVIT.NS,1.380791805742027e-05
,BP2TRS6,NetEase Cloud Music Inc,9899,<0.01%,Movies & Entertainment,HK,---,"$1,253,529.98","76,950",9899.HK,1.3801747442070143e-05
,BP3R820,Shanxi Xinghuacun Fen Wine Factory Co Ltd,600809,<0.01%,Distillers & Vintners,CN,---,"$1,252,841.61","66,524",600809.SS,1.3794168278397729e-05
,BDF9YM2,Under Armour Inc,UA,<0.01%,"Apparel, Accessories & Luxury Goods",US,---,"$1,249,772.81","192,569",UA,1.3760379854326511e-05
,6620093,Bank of Nagoya Ltd/The,8522,<0.01%,Regional Banks,JP,---,"$1,247,046.73","30,900",8522.T,1.3730364881994633e-05
,6541826,Poya International Co Ltd,5904,<0.01%,Broadline Retail,TW,---,"$1,246,175.42","55,997",5904.TWO,1.372077149312032e-05
,BH7HM06,China Conch Venture Holdings Ltd,586,<0.01%,Construction & Engineering,HK,---,"$1,245,114.05","1,108,498",0586.HK,1.3709085485672305e-05
,6044132,Resorttrust Inc,4681,<0.01%,"Hotels, Resorts & Cruise Lines",JP,---,"$1,244,985.94","111,000",4681.T,1.3707674955495113e-05
,BDQZP48,Country Garden Services Holdings Co Ltd,6098,<0.01%,Real Estate Operating Companies,HK,---,"$1,244,434.93","1,744,059",6098.HK,1.3701608167321402e-05
,BD5CP17,Lens Technology Co Ltd,300433,<0.01%,Electronic Components,CN,---,"$1,243,700.37","266,700",300433.SZ,1.369352043765973e-05
,B1L2RC2,Haitian International Holdings Ltd,1882,<0.01%,Industrial Machinery & Supplies & Components,HK,---,"$1,243,600.59","469,000",1882.HK,1.3692421829423993e-05
,6093231,Cheil Worldwide Inc,030000,<0.01%,Advertising,KR,---,"$1,242,705.84","94,084",030000.KS,1.3682570358999813e-05
,6741778,GFH Bank BSC,GFH,<0.01%,Investment Banking & Brokerage,KW,---,"$1,241,563.35","2,279,071",GFH.KW,1.3669991195607893e-05
,6895761,Tokuyama Corp,4043,<0.01%,Specialty Chemicals,JP,---,"$1,240,850.79","52,900",4043.T,1.3662145692656841e-05
,B2989Q7,Talaat Moustafa Group,TMGH,<0.01%,Real Estate Development,EG,---,"$1,240,585.01","646,341",TMGH.CA,1.3659219373786388e-05
,BZ0XK69,General Insurance Corp of India,GICRE,<0.01%,Reinsurance,IN,---,"$1,240,005.42","331,782",GICRE.NS,1.3652837911094963e-05
,7240371,Billerud AB,BILL,<0.01%,Paper & Plastic Packaging Products & Materials,SE,---,"$1,239,926.55","155,501",BILL.ST,1.3651969528337374e-05
,BD9FS68,Fortress Real Estate Investments Ltd,FFB,<0.01%,Real Estate Operating Companies,ZA,---,"$1,239,071.62","807,134",FFB.JO,1.3642556488259427e-05
,B01C7R0,Super Retail Group Ltd,SUL,<0.01%,Other Specialty Retail,AU,---,"$1,237,899.37","132,727",SUL.AX,1.362964965818986e-05
,6657682,Oki Electric Industry Co Ltd,6703,<0.01%,Electronic Equipment & Instruments,JP,---,"$1,236,434.06","73,200",6703.T,1.3613516148128664e-05
,6127453,BWP Property Group Ltd,BWP,<0.01%,Retail REITs,AU,---,"$1,236,107.51","453,002",BWP.AX,1.3609920733021633e-05
,BP3RFJ6,Jiangsu Hengli Hydraulic Co Ltd,601100,<0.01%,Industrial Machinery & Supplies & Components,CN,---,"$1,236,000.92","76,872",601100.SS,1.3608747144608652e-05
,BMV2C79,Air France-KLM,AF,<0.01%,Passenger Airlines,FR,---,"$1,235,763.80","88,477",AF.PA,1.3606136381080315e-05
,6609928,SIAM CEMENT PCL-NVDR,SCC-R,<0.01%,Construction Materials,TH,NVDR,"$1,235,452.62","162,800",SCC-R.BK,1.3602710194361571e-05
,6804347,Shikoku Electric Power Co Inc,9507,<0.01%,Electric Utilities,JP,---,"$1,234,890.47","119,000",9507.T,1.3596520751389843e-05
,BF41XY8,Landis+Gyr Group AG,LAND,<0.01%,Electronic Equipment & Instruments,CH,---,"$1,234,535.00","21,793",LAND.SW,1.3592606918261392e-05
,6641599,Nipro Corp,8086,<0.01%,Health Care Supplies,JP,---,"$1,234,390.51","121,000",8086.T,1.3591016039287834e-05
,BP3R2P1,China Everbright Bank Co Ltd,601818,<0.01%,Diversified Banks,CN,---,"$1,233,702.88","2,625,300",601818.SS,1.358344502324114e-05
,BF0L7J5,International Petroleum Corp,IPCO,<0.01%,Oil & Gas Exploration & Production,CA,---,"$1,232,576.95","54,680",IPCO.TO,1.3571048190500492e-05
,6040958,AVI Ltd,AVI,<0.01%,Packaged Foods & Meats,ZA,---,"$1,231,286.57","225,739",AVI.JO,1.3556840713097919e-05
,6621524,Nanto Bank Ltd/The,8367,<0.01%,Regional Banks,JP,---,"$1,231,207.00","115,300",8367.T,1.3555964623126808e-05
,6494522,Kiyo Bank Ltd/The,8370,<0.01%,Regional Banks,JP,---,"$1,230,437.40","42,307",8370.T,1.3547491092376933e-05
,6580432,Makalot Industrial Co Ltd,1477,<0.01%,"Apparel, Accessories & Luxury Goods",TW,---,"$1,229,510.48","181,384",1477.TW,1.3537285420439991e-05
,BDZRDG3,Befesa SA,BFSA,<0.01%,Environmental & Facilities Services,DE,---,"$1,228,586.71","30,466",BFSA.DE,1.3527114430963885e-05
,B1NYV46,Reit 1 Ltd,RIT1,<0.01%,Diversified REITs,IL,---,"$1,228,338.96","173,548",RIT1.TA,1.3524386627893093e-05
,BD5CNJ1,Zhejiang Dahua Technology Co Ltd,002236,<0.01%,Electronic Equipment & Instruments,CN,---,"$1,227,620.37","496,200",002236.SZ,1.3516474732802723e-05
,BG1YKN5,Fattal Holdings 1998 Ltd,FTAL,<0.01%,"Hotels, Resorts & Cruise Lines",IL,---,"$1,226,497.34","5,538",FTAL.TA,1.3504109829946654e-05
,6518392,IBF Financial Holdings Co Ltd,2889,<0.01%,Diversified Capital Markets,TW,---,"$1,225,812.32","2,540,671",2889.TW,1.3496567550796088e-05
,6657789,OKUMA Corp,6103,<0.01%,Industrial Machinery & Supplies & Components,JP,---,"$1,224,733.53","40,100",6103.T,1.3484689743834476e-05
,BNC0NF4,HomeCo Daily Needs REIT,HDN,<0.01%,Retail REITs,AU,---,"$1,223,878.49","1,377,424",HDN.AX,1.3475275492622976e-05
,6616876,Nojima Corp,7419,<0.01%,Computer & Electronics Retail,JP,---,"$1,222,384.89","149,300",7419.T,1.3458830501032525e-05
,2347277,CorVel Corp,CRVL,<0.01%,Health Care Services,US,---,"$1,222,281.06","20,351",CRVL,1.3457687301061425e-05
,BZ1NNF8,Xior Student Housing NV,XIOR,<0.01%,Multi-Family Residential REITs,BE,---,"$1,220,781.09","38,360",XIOR.BR,1.3441172173827947e-05
,B06FV38,Bursa Malaysia Bhd,BURSA,<0.01%,Financial Exchanges & Data,MY,---,"$1,220,226.59","580,150",BURSA.KL,1.3435066959689686e-05
,B8CL0T5,LigaChem Biosciences Inc,141080,<0.01%,Life Sciences Tools & Services,KR,---,"$1,218,904.24","20,206",141080.KQ,1.3420507482835354e-05
,B1N2ZG0,Artnature Inc,7823,<0.01%,Personal Care Products,JP,---,"$1,218,394.66","219,600",7823.T,1.341489685159897e-05
,BP955R2,Nuvama Wealth Management Ltd,NUVAMA,<0.01%,Investment Banking & Brokerage,IN,---,"$1,218,333.17","64,468",NUVAMA.NS,1.3414219827942773e-05
,B281L72,Fagron,FAGR,<0.01%,Health Care Distributors,BE,---,"$1,216,644.41","45,549",FAGR.BR,1.3395626065222976e-05
,BV106D0,Wanguo Gold Group Ltd,3939,<0.01%,Diversified Metals & Mining,HK,---,"$1,215,424.55","903,500",3939.HK,1.3382195034531009e-05
,BZ30ML6,HMS Networks AB,HMS,<0.01%,Communications Equipment,SE,---,"$1,214,675.20","23,452",HMS.ST,1.337394446245796e-05
,BG0WBV5,Shinhan Alpha REIT Co Ltd,293940,<0.01%,Office REITs,KR,---,"$1,214,487.46","332,177",293940.KS,1.3371877387791924e-05
,B01T146,Korean Reinsurance Co,003690,<0.01%,Reinsurance,KR,---,"$1,213,988.35","126,352",003690.KS,1.3366382034449191e-05
,6510279,Sam Chun Dang Pharm Co Ltd,000250,<0.01%,Pharmaceuticals,KR,---,"$1,212,939.56","11,762",000250.KQ,1.3354834536638433e-05
,B04V127,Grainger PLC,GRI,<0.01%,Multi-Family Residential REITs,GB,---,"$1,211,741.44","513,501",GRI.L,1.334164286997778e-05
,BP3R370,China Northern Rare Earth Group High-Tech Co Ltd,600111,<0.01%,Diversified Metals & Mining,CN,---,"$1,211,522.32","205,700",600111.SS,1.3339230291939954e-05
,BQB4358,Brava Energia,BRAV3,<0.01%,Oil & Gas Exploration & Production,BR,---,"$1,211,416.35","310,144",BRAV3.SA,1.3338063529916093e-05
,BLNN0G8,Bossard Holding AG,BOSN,<0.01%,Trading Companies & Distributors,CH,---,"$1,211,197.16","4,323",BOSN.SW,1.3335650181156912e-05
,B60DQZ7,ARE Holdings Inc,5857,<0.01%,Gold,JP,---,"$1,210,339.45","62,900",5857.T,1.3326206532430985e-05
,4253372,Danieli & C Officine Meccaniche SpA,DANR,<0.01%,Industrial Machinery & Supplies & Components,IT,---,"$1,210,046.38","23,535",DANR.MI,1.3322979742336306e-05
,BNNNK40,Perpetua Resources Corp,PPTA,<0.01%,Gold,CA,---,"$1,209,307.00","65,759",PPTA.TO,1.3314838943004391e-05
,BP3R6K4,Fuyao Glass Industry Group Co Ltd,600660,<0.01%,Automotive Parts & Equipment,CN,---,"$1,208,870.57","136,800",600660.SS,1.331003371558084e-05
,B4Q4CJ6,Shanghai Pharmaceuticals Holding Co Ltd,2607,<0.01%,Health Care Distributors,HK,---,"$1,208,103.42","787,600",2607.HK,1.3301587160078284e-05
,B55WMQ5,Wallenius Wilhelmsen ASA,WAWI,<0.01%,Marine Transportation,NO,---,"$1,207,647.33","77,372",WAWI.OL,1.3296565470057875e-05
,BP3R3H0,Sany Heavy Industry Co Ltd,600031,<0.01%,Construction Machinery & Heavy Transportation Equipment,CN,---,"$1,207,637.79","396,546",600031.SS,1.3296460431747902e-05
,B4RHYC1,Advanced Echem Materials Co Ltd,4749,<0.01%,Semiconductors,TW,---,"$1,206,680.81","55,032",4749.TWO,1.3285923790041805e-05
,B04LVF0,Neuren Pharmaceuticals Ltd,NEU,<0.01%,Pharmaceuticals,AU,---,"$1,206,519.97","95,718",NEU.AX,1.3284152892581034e-05
,2698146,Getty Realty Corp,GTY,<0.01%,Retail REITs,US,---,"$1,206,166.20","35,330",GTY,1.3280257776971128e-05
,B15GGN4,DNO ASA,DNO,<0.01%,Oil & Gas Exploration & Production,NO,---,"$1,206,045.22","678,197",DNO.OL,1.3278925750268789e-05
,B03MYP5,Turkiye Garanti Bankasi AS,GARAN,<0.01%,Diversified Banks,TR,---,"$1,205,868.62","465,995",GARAN.IS,1.3276981330400773e-05
,2789523,Omnicell Inc,OMCL,<0.01%,Health Care Equipment,US,---,"$1,205,834.04","34,092",OMCL,1.3276600594052889e-05
,6890294,National Industries Group Holding SAK,NIND,<0.01%,Industrial Conglomerates,KW,---,"$1,205,686.13","1,636,690",NIND.KW,1.3274972059836135e-05
,B52KRV2,Kemper Corp,KMPR,<0.01%,Property & Casualty Insurance,US,---,"$1,205,667.54","42,483",KMPR,1.3274767378265658e-05
,6013154,Alony Hetz Properties & Investments Ltd,ALHE,<0.01%,Real Estate Operating Companies,IL,---,"$1,205,344.04","116,065",ALHE.TA,1.3271205544588964e-05
,BDDW9C8,Cenergy Holdings SA,CENER,<0.01%,Electrical Components & Equipment,GR,---,"$1,204,309.55","48,219",CENER.AT,1.3259815494140111e-05
,B575D14,Parex Resources Inc,PXT,<0.01%,Oil & Gas Exploration & Production,CA,---,"$1,203,789.88","69,503",PXT.TO,1.3254093768925991e-05
,6173508,Harvey Norman Holdings Ltd,HVN,<0.01%,Broadline Retail,AU,---,"$1,202,073.90","349,024",HVN.AX,1.3235200305703323e-05
,BFNNNG7,XP MALLS FDO INV IMOB FII,XPML11,<0.01%,Retail REITs,BR,---,"$1,202,030.19","58,153",XPML11.SA,1.323471904527053e-05
,5523881,Krones AG,KRN,<0.01%,Industrial Machinery & Supplies & Components,DE,---,"$1,201,380.39","9,322",KRN.DE,1.3227564549063062e-05
,BF2NP06,Cairn Homes PLC,C5H,<0.01%,Homebuilding,IE,---,"$1,201,056.04","426,619",C5H.IR,1.3223993356627095e-05
,BP3R529,Bank of Nanjing Co Ltd,601009,<0.01%,Regional Banks,CN,---,"$1,201,000.04","697,000",601009.SS,1.3223376779545503e-05
,B6ZC3N6,TripAdvisor Inc,TRIP,<0.01%,Interactive Media & Services,US,---,"$1,200,724.56","84,767",TRIP,1.3220343660716274e-05
,2508405,La-Z-Boy Inc,LZB,<0.01%,Home Furnishings,US,---,"$1,195,537.42","30,359",LZB,1.316323166709115e-05
,B75DFP2,Maxi Renda FII,MXRF11,<0.01%,Mortgage REITs,BR,---,"$1,194,057.14","631,822",MXRF11.SA,1.314693333276368e-05
,B8DPDT7,Sarepta Therapeutics Inc,SRPT,<0.01%,Biotechnology,US,---,"$1,193,733.52","80,332",SRPT,1.3143370177850383e-05
,BRT4261,InnoScience Suzhou Technology Holding Co Ltd,2577,<0.01%,Semiconductors,HK,---,"$1,193,505.12","240,000",2577.HK,1.3140855424181893e-05
,6621063,Namura Shipbuilding Co Ltd,7014,<0.01%,Construction Machinery & Heavy Transportation Equipment,JP,---,"$1,193,402.71","44,500",7014.T,1.313972785884393e-05
,6155261,SAMSUNG FIRE & MARINE INS-PF,000815,<0.01%,Property & Casualty Insurance,KR,---,"$1,191,688.64","4,488",000815.KS,1.3120855425303866e-05
,B03MS64,Enka Insaat ve Sanayi AS,ENKAI,<0.01%,Construction & Engineering,TR,---,"$1,190,672.34","646,017",ENKAI.IS,1.3109665652303483e-05
,B1J89V5,Liontown Ltd,LTR,<0.01%,Diversified Metals & Mining,AU,---,"$1,190,282.61","1,759,769",LTR.AX,1.3105374606124756e-05
,BQXNNT7,Mega Union Technology Inc,6944,<0.01%,Industrial Machinery & Supplies & Components,TW,---,"$1,190,150.88","54,013",6944.TW,1.310392421864336e-05
,5051605,Hellenic Telecommunications Organization SA,HTO,<0.01%,Integrated Telecommunication Services,GR,---,"$1,189,798.58","51,553",HTO.AT,1.310004528818185e-05
,BZ07696,Europris ASA,EPR,<0.01%,Broadline Retail,NO,---,"$1,185,223.45","131,557",EPR.OL,1.304967171133717e-05
,BJT15L2,Generation Capital Ltd,GNRS,<0.01%,---,IL,---,"$1,184,702.48","1,285,927",GNRS.TA,1.3043935672726514e-05
,6512004,Lendlease Corp Ltd,LLC,<0.01%,Diversified Real Estate Activities,AU,---,"$1,183,184.19","557,921",LLC.AX,1.3027218836704912e-05
,6574220,Max Co Ltd,6454,<0.01%,Industrial Machinery & Supplies & Components,JP,---,"$1,183,101.87","103,200",6454.T,1.3026312468394975e-05
,BYZQ099,ZhongAn Online P&C Insurance Co Ltd,6060,<0.01%,Multi-line Insurance,HK,---,"$1,183,086.25","835,856",6060.HK,1.302614048743043e-05
,6598446,Mitsubishi Motors Corp,7211,<0.01%,Automobile Manufacturers,JP,---,"$1,182,993.43","516,700",7211.T,1.3025118510917691e-05
,6321954,TravelSky Technology Ltd,696,<0.01%,"Hotels, Resorts & Cruise Lines",HK,---,"$1,181,353.40","1,071,000",0696.HK,1.300706128036193e-05
,6440503,House Foods Group Inc,2810,<0.01%,Packaged Foods & Meats,JP,---,"$1,179,672.11","48,500",2810.T,1.2988549764620699e-05
,6611440,Musashino Bank Ltd/The,8336,<0.01%,Regional Banks,JP,---,"$1,179,178.62","73,900",8336.T,1.2983116289192223e-05
,6352147,Flight Centre Travel Group Ltd,FLT,<0.01%,"Hotels, Resorts & Cruise Lines",AU,---,"$1,178,318.21","127,490",FLT.AX,1.2973642912642719e-05
,B036QP1,Cosmos Pharmaceutical Corp,3349,<0.01%,Drug Retail,JP,---,"$1,177,780.82","29,200",3349.T,1.2967726084823496e-05
,5973992,Sonae SGPS SA,SON,<0.01%,Food Retail,PT,---,"$1,177,639.54","501,344",SON.LS,1.296617054892908e-05
,BYXZWS1,SIMMTECH Co Ltd,222800,<0.01%,Semiconductor Materials & Equipment,KR,---,"$1,177,035.08","21,118",222800.KQ,1.2959515259951602e-05
,BNTXRT8,Hwatsing Technology Co Ltd,688120,<0.01%,Semiconductor Materials & Equipment,CN,---,"$1,175,739.05","30,899",688120.SS,1.2945245574325617e-05
,6328450,Far Eastern International Bank,2845,<0.01%,Diversified Banks,TW,---,"$1,174,857.30","2,821,918",2845.TW,1.2935537237866809e-05
,BP3R2Y0,Baoshan Iron & Steel Co Ltd,600019,<0.01%,Steel,CN,---,"$1,174,155.64","1,292,700",600019.SS,1.2927811747240564e-05
,6422761,Harbin Electric Co Ltd,1133,<0.01%,Heavy Electrical Equipment,HK,---,"$1,173,999.28","584,000",1133.HK,1.2926090175946322e-05
,6748423,Ruentex Development Co Ltd,9945,<0.01%,Real Estate Development,TW,---,"$1,172,399.55","1,408,729",9945.TW,1.2908476660683206e-05
,BP6QR49,Sansera Engineering Ltd,SANSERA,<0.01%,Automotive Parts & Equipment,IN,---,"$1,172,169.48","33,440",SANSERA.NS,1.2905943519805318e-05
,BN4P528,Doosan Robotics Inc,454910,<0.01%,Industrial Machinery & Supplies & Components,KR,---,"$1,170,490.97","27,374",454910.KS,1.2887462612712061e-05
,B613DJ9,Hanmi Pharm Co Ltd,128940,<0.01%,Pharmaceuticals,KR,---,"$1,170,139.28","5,076",128940.KS,1.2883590398536617e-05
,7399369,Virbac SACA,VIRP,<0.01%,Pharmaceuticals,FR,---,"$1,169,778.00","3,004",VIRP.PA,1.287961259553595e-05
,B1FWD64,Montea NV,MONT,<0.01%,Industrial REITs,BE,---,"$1,169,732.55","14,925",MONT.BR,1.2879112177172409e-05
,BP3R3J2,GD Power Development Co Ltd,600795,<0.01%,Independent Power Producers & Energy Traders,CN,---,"$1,168,760.10","1,551,999",600795.SS,1.2868405206047521e-05
,BG1VQ16,Carel Industries SpA,CRL,<0.01%,Building Products,IT,---,"$1,167,553.55","37,390",CRL.MI,1.285512072251548e-05
,0664097,4imprint Group PLC,FOUR,<0.01%,Advertising,GB,---,"$1,167,369.47","20,953",FOUR.L,1.2853093945565849e-05
,6068961,Awa Bank Ltd/The,8388,<0.01%,Regional Banks,JP,---,"$1,166,828.56","22,600",8388.T,1.2847138361472925e-05
,6327703,Ezaki Glico Co Ltd,2206,<0.01%,Packaged Foods & Meats,JP,---,"$1,166,761.22","36,800",2206.T,1.284639692753231e-05
,BM8V9W3,Trump Media & Technology Group Corp,DJT,<0.01%,Interactive Media & Services,US,---,"$1,165,935.14","118,249",DJT,1.2837301534754432e-05
,B11TD81,ALSO Holding AG,ALSN,<0.01%,Technology Distributors,CH,---,"$1,165,654.59","4,872",ALSN.SW,1.2834212593678709e-05
,BP40HF4,Globant SA,GLOB,<0.01%,IT Consulting & Other Services,US,---,"$1,165,161.00","31,835",GLOB,1.282877801721973e-05
,BNC53Q0,Visional Inc,4194,<0.01%,Human Resource & Employment Services,JP,---,"$1,164,931.68","21,142",4194.T,1.2826253134070612e-05
,BP3R358,CRRC Corp Ltd,601766,<0.01%,Construction Machinery & Heavy Transportation Equipment,CN,---,"$1,163,037.63","1,274,100",601766.SS,1.2805399065831531e-05
,B02ZKQ8,China Power International Development Ltd,2380,<0.01%,Independent Power Producers & Energy Traders,HK,---,"$1,161,304.22","3,208,851",2380.HK,1.2786313692992219e-05
,BMCVYD5,VisEra Technologies Co Ltd,6789,<0.01%,Semiconductors,TW,---,"$1,159,677.68","90,000",6789.TW,1.2768404991451291e-05
,BR1YGR8,Fadu Inc,440110,<0.01%,Semiconductors,KR,---,"$1,159,215.97","26,891",440110.KS,1.2763321423516619e-05
,BDT5KT5,Inspire Medical Systems Inc,INSP,<0.01%,Health Care Equipment,US,---,"$1,158,897.01","23,081",INSP,1.2759809576624754e-05
,B07NLN1,Elite Advanced Laser Corp,3450,<0.01%,Semiconductors,TW,---,"$1,157,610.73","103,412",3450.TW,1.2745647241472795e-05
,BH7JFJ2,IOI Properties Group Bhd,IOIPG,<0.01%,Real Estate Development,MY,---,"$1,157,071.37","1,247,800",IOIPG.KL,1.2739708723352669e-05
,BF47216,Central Depository Services India Ltd,CDSL,<0.01%,Asset Management & Custody Banks,IN,---,"$1,156,885.72","82,863",CDSL.NS,1.273766466022414e-05
,B5WJFC6,Hanwha Engine,082740,<0.01%,Construction Machinery & Heavy Transportation Equipment,KR,---,"$1,155,933.03","43,074",082740.KS,1.2727175252726616e-05
,6990763,Zhejiang Expressway Co Ltd,576,<0.01%,Highways & Railtracks,HK,---,"$1,155,080.75","1,304,440",0576.HK,1.2717791389956992e-05
,B7N0K05,Premier Foods PLC,PFD,<0.01%,Packaged Foods & Meats,GB,---,"$1,154,952.94","440,097",PFD.L,1.271638416287131e-05
,BK8WRM8,Intercorp Financial Services Inc,IFS,<0.01%,Diversified Banks,US,---,"$1,154,246.45","19,795",IFS,1.2708605492471782e-05
,6298821,Electra Ltd/Israel,ELTR,<0.01%,Construction & Engineering,IL,---,"$1,154,197.77","29,640",ELTR.TA,1.2708069510822998e-05
,B1S0581,Oil Refineries Ltd,ORL,<0.01%,Oil & Gas Refining & Marketing,IL,---,"$1,153,876.11","1,808,894",ORL.TA,1.2704527936107558e-05
,2458878,Blackbaud Inc,BLKB,<0.01%,Application Software,US,---,"$1,153,802.40","26,958",BLKB,1.270371636652391e-05
,6089014,C Uyemura & Co Ltd,4966,<0.01%,Specialty Chemicals,JP,---,"$1,151,905.96","8,300",4966.T,1.2682835983655813e-05
,2297606,GERDAU SA -SPON ADR,GGB,<0.01%,Steel,US,ADR,"$1,150,997.76","232,056",GGB,1.2672836424629e-05
,BHR7002,Mobvista Inc,1860,<0.01%,Advertising,HK,---,"$1,150,113.20","806,000",1860.HK,1.266309714921306e-05
,BGH1M56,Perrigo Co PLC,PRGO,<0.01%,Pharmaceuticals,US,---,"$1,149,972.06","113,746",PRGO,1.266154315476135e-05
,BF2CVV6,MIPS AB,MIPS,<0.01%,Leisure Products,SE,---,"$1,149,450.76","25,998",MIPS.ST,1.2655803482750035e-05
,B4KFHZ6,Grand Process Technology Corp,3131,<0.01%,Semiconductor Materials & Equipment,TW,---,"$1,147,995.47","16,000",3131.TWO,1.2639780295945223e-05
,B84GSC7,Ingenia Communities Group,INA,<0.01%,Multi-Family Residential REITs,AU,---,"$1,147,557.36","376,169",INA.AX,1.2634956571209224e-05
,B7KCD72,Yelp Inc,YELP,<0.01%,Interactive Media & Services,US,---,"$1,145,872.65","43,355",YELP,1.2616407400224791e-05
,BD5C8C9,Accelink Technologies Co Ltd,002281,<0.01%,Electronic Components,CN,---,"$1,145,361.67","47,900",002281.SZ,1.2610781354561369e-05
,BN92WP6,MTAR Technologies Ltd,MTARTECH,<0.01%,Industrial Machinery & Supplies & Components,IN,---,"$1,143,460.44","19,016",MTARTECH.NS,1.2589848232332185e-05
,6817895,Sundrug Co Ltd,9989,<0.01%,Drug Retail,JP,---,"$1,143,349.02","48,100",9989.T,1.258862146414592e-05
,6339429,FIBI Holdings Ltd,FIBIH,<0.01%,Diversified Banks,IL,---,"$1,142,464.45","11,640",FIBIH.TA,1.257888207862693e-05
,BP3R8G4,China Merchants Energy Shipping Co Ltd,601872,<0.01%,Oil & Gas Storage & Transportation,CN,---,"$1,141,613.85","460,600",601872.SS,1.2569516713169755e-05
,6347712,Fuso Chemical Co Ltd,4368,<0.01%,Specialty Chemicals,JP,---,"$1,139,950.66","49,800",4368.T,1.2551204483949534e-05
,6642428,NOK Corp,7240,<0.01%,Automotive Parts & Equipment,JP,---,"$1,139,510.56","60,300",7240.T,1.2546358848706528e-05
,6656485,Ogaki Kyoritsu Bank Ltd/The,8361,<0.01%,Regional Banks,JP,---,"$1,139,345.69","25,600",8361.T,1.254454357971649e-05
,6295855,Sterlite Technologies Ltd,SOTL,<0.01%,Communications Equipment,IN,---,"$1,137,541.25","194,762",SOTL.NS,1.2524676144911008e-05
,6515144,Lien Hwa Industrial Holdings Corp,1229,<0.01%,Packaged Foods & Meats,TW,---,"$1,135,871.27","915,317",1229.TW,1.2506289155719646e-05
,BYX98X0,Construcciones y Auxiliar de Ferrocarriles SA,CAF,<0.01%,Construction Machinery & Heavy Transportation Equipment,ES,---,"$1,135,771.48","14,362",CAF.MC,1.2505190437380859e-05
,BK9RKT0,Travis Perkins PLC,TPK,<0.01%,Trading Companies & Distributors,GB,---,"$1,135,739.85","151,588",TPK.L,1.2504842181432812e-05
,0795823,Senior PLC,SNR,<0.01%,Aerospace & Defense,GB,---,"$1,135,601.64","290,560",SNR.L,1.2503320447174831e-05
,BQ3RQ45,Zangge Mining Co Ltd,000408,<0.01%,Fertilizers & Agricultural Chemicals,CN,---,"$1,135,444.70","95,299",000408.SZ,1.250159248990367e-05
,BDD1L29,LaSalle Logiport REIT,3466,<0.01%,Industrial REITs,JP,---,"$1,134,513.11","1,186",3466.T,1.2491335399842246e-05
,BH5QGR0,AUTOHOME INC-ADR,ATHM,<0.01%,Interactive Media & Services,US,ADR,"$1,134,459.54","48,857",ATHM,1.2490745577801874e-05
,2341848,1st Source Corp,SRCE,<0.01%,Regional Banks,US,---,"$1,134,044.38","12,637",SRCE,1.2486174539566272e-05
,BZCFW78,Global Net Lease Inc,GNL,<0.01%,Diversified REITs,US,---,"$1,133,399.44","129,977",GNL,1.2479073553441243e-05
,2883641,Tennant Co,TNC,<0.01%,Industrial Machinery & Supplies & Components,US,---,"$1,132,892.46","13,482",TNC,1.2473491548997936e-05
,BP39L27,Suzhou Centec Communications Co Ltd,688702,<0.01%,Semiconductors,CN,---,"$1,132,783.37","22,482",688702.SS,1.2472290434822385e-05
,6483360,Kaneka Corp,4118,<0.01%,Commodity Chemicals,JP,---,"$1,131,326.55","31,800",4118.T,1.2456250402250883e-05
,B06BGH5,Exail Technologies SA,EXA,<0.01%,Aerospace & Defense,FR,---,"$1,131,164.51","7,854",EXA.PA,1.2454466292424076e-05
,BD3WZS6,BlackLine Inc,BL,<0.01%,Application Software,US,---,"$1,130,305.80","35,997",BL,1.244501163339312e-05
,2229126,Columbia Sportswear Co,COLM,<0.01%,"Apparel, Accessories & Luxury Goods",US,---,"$1,128,932.56","19,012",COLM,1.2429891842115894e-05
,B18MCB9,Amot Investments Ltd,AMOT,<0.01%,Real Estate Operating Companies,IL,---,"$1,128,424.94","185,715",AMOT.TA,1.2424302791077364e-05
,BPXZLQ9,Marqeta Inc,MQ,<0.01%,Transaction & Payment Processing Services,US,---,"$1,127,861.84","64,969",MQ,1.2418102888315862e-05
,BYQMFV3,Liechtensteinische Landesbank AG,LLBN,<0.01%,Diversified Banks,CH,---,"$1,127,027.55","8,072",LLBN.SW,1.24089171009337e-05
,6565031,Takeuchi Manufacturing Co Ltd,6432,<0.01%,Construction Machinery & Heavy Transportation Equipment,JP,---,"$1,125,242.24","24,300",6432.T,1.238926029326341e-05
,6330080,Lintec Corp,7966,<0.01%,Commodity Chemicals,JP,---,"$1,123,224.09","29,300",7966.T,1.2367039846170306e-05
,BZ0D1S8,Chifeng Jilong Gold Mining Group Ltd,600988,<0.01%,Gold,CN,---,"$1,123,156.32","190,700",600988.SS,1.2366293677798527e-05
,BPXYTJ5,Yuanjie Semiconductor Technology Co Ltd,688498,<0.01%,Semiconductors,CN,---,"$1,122,949.94","6,967",688498.SS,1.2364021371046762e-05
,BMBKL76,RLX TECHNOLOGY INC-ADR,RLX,<0.01%,Tobacco,US,ADR,"$1,122,881.64","555,882",RLX,1.236326936721332e-05
,B0YTG26,Barwa Real Estate Co,BRES,<0.01%,Diversified Real Estate Activities,QA,---,"$1,122,157.85","1,752,812",BRES.QA,1.2355300218536801e-05
,6439620,Getac Holdings Corp,3005,<0.01%,"Technology Hardware, Storage & Peripherals",TW,---,"$1,121,637.88","322,000",3005.TW,1.2349575190231172e-05
,6657541,Oita Bank Ltd/The,8392,<0.01%,Regional Banks,JP,---,"$1,121,388.81","70,500",8392.T,1.2346832853557745e-05
,B073FP1,Paramount Resources Ltd,POU,<0.01%,Oil & Gas Exploration & Production,CA,---,"$1,121,226.39","53,119",POU.TO,1.2345044559815025e-05
,6661735,Dai-Dan Co Ltd,1980,<0.01%,Construction & Engineering,JP,---,"$1,120,345.70","74,300",1980.T,1.2335347894279546e-05
,2981932,Worthington Enterprises Inc,WOR,<0.01%,Industrial Machinery & Supplies & Components,US,---,"$1,120,040.46","19,926",WOR,1.233198710877267e-05
,B3CTJS6,Elecnor SA,ENO,<0.01%,Construction & Engineering,ES,---,"$1,119,989.98","28,322",ENO.MC,1.2331431308574838e-05
,BQSSWW3,Scatec ASA,SCATC,<0.01%,Renewable Electricity,NO,---,"$1,119,644.59","115,785",SCATC.OL,1.2327628459321072e-05
,BQKNM37,MINISO Group Holding Ltd,9896,<0.01%,Broadline Retail,HK,---,"$1,117,778.55","342,336",9896.HK,1.2307082789725837e-05
,6906919,Tsumura & Co,4540,<0.01%,Pharmaceuticals,JP,---,"$1,117,585.46","46,700",4540.T,1.23049568099279e-05
,BZ1N262,Attendo AB,ATT,<0.01%,Health Care Facilities,SE,---,"$1,116,136.68","97,040",ATT.ST,1.2289005300208823e-05
,BN70ZC0,BellRing Brands Inc,BRBR,<0.01%,Personal Care Products,US,---,"$1,115,211.51","90,009",BRBR,1.227881889630568e-05
,BPJL2B3,Bharat Dynamics Ltd,BDL,<0.01%,Aerospace & Defense,IN,---,"$1,115,156.53","84,909",BDL.NS,1.2278213549735217e-05
,BYN5Z59,Live Oak Bancshares Inc,LOB,<0.01%,Regional Banks,US,---,"$1,114,640.40","26,043",LOB,1.2272530801000898e-05
,6484277,K's Holdings Corp,8282,<0.01%,Computer & Electronics Retail,JP,---,"$1,113,085.31","93,968",8282.T,1.2255408785754252e-05
,BVD9FN8,Havas NV,HAVAS,<0.01%,Advertising,NL,---,"$1,112,928.65","51,975",HAVAS.AS,1.2253683911368497e-05
,6804303,Shikoku Kasei Holdings Corp,4099,<0.01%,Diversified Chemicals,JP,---,"$1,112,289.85","65,000",4099.T,1.2246650528516345e-05
,BD8P9J9,Bank of Shanghai Co Ltd,601229,<0.01%,Diversified Banks,CN,---,"$1,112,149.68","794,237",601229.SS,1.224510721406051e-05
,B188NJ2,IPSOS SA,IPS,<0.01%,Advertising,FR,---,"$1,112,027.91","26,916",IPS.PA,1.2243766489217197e-05
,2594222,MillerKnoll Inc,MLKN,<0.01%,Office Services & Supplies,US,---,"$1,111,384.52","49,351",MLKN,1.2236682569064964e-05
,BRBTVP6,Angel One Ltd,ANGELONE,<0.01%,Investment Banking & Brokerage,IN,---,"$1,111,339.78","356,026",ANGELONE.NS,1.2236189968017992e-05
,BD5CMC7,Yantai Jereh Oilfield Services Group Co Ltd,002353,<0.01%,Oil & Gas Equipment & Services,CN,---,"$1,109,240.26","55,600",002353.SZ,1.2213073612404722e-05
,BDZRFN4,CSC Financial Co Ltd,601066,<0.01%,Investment Banking & Brokerage,CN,---,"$1,108,939.46","290,300",601066.SS,1.2209761712652173e-05
,B5L5H29,LuxNet Corp,4979,<0.01%,Communications Equipment,TW,---,"$1,106,788.73","100,000",4979.TWO,1.2186081519318397e-05
,6636421,Netcare Ltd,NTC,<0.01%,Health Care Facilities,ZA,---,"$1,106,768.75","966,162",NTC.JO,1.218586153342393e-05
,BFM6T36,Fabege AB,FABG,<0.01%,Real Estate Operating Companies,SE,---,"$1,106,428.99","141,077",FABG.ST,1.2182120672187474e-05
,6043485,Bumi Resources Tbk PT,BUMI,<0.01%,Coal & Consumable Fuels,ID,---,"$1,106,269.80","121,482,465",BUMI.JK,1.218036794173e-05
,BP3R4D3,Aluminum Corp of China Ltd,601600,<0.01%,Aluminum,CN,---,"$1,104,792.40","776,800",601600.SS,1.216410131708101e-05
,B3F97B2,Enea SA,ENA,<0.01%,Electric Utilities,PL,---,"$1,104,488.10","209,966",ENA.WA,1.2160750881260863e-05
,BDDXF67,Innoviva Inc,INVA,<0.01%,Pharmaceuticals,US,---,"$1,103,210.73","52,609",INVA,1.2146686647926708e-05
,BMB2257,TPG Telecom Ltd,TPG,<0.01%,Integrated Telecommunication Services,AU,---,"$1,100,560.68","438,370",TPG.AX,1.2117508789086142e-05
,6544687,NS Solutions Corp,2327,<0.01%,IT Consulting & Other Services,JP,---,"$1,100,058.10","44,600",2327.T,1.211197522998496e-05
,B23D2M5,BLUENORD ASA,BNOR,<0.01%,Oil & Gas Exploration & Production,NO,---,"$1,099,144.12","20,158",BNOR.OL,1.2101912031395084e-05
,B16FTB9,Tecnicas Reunidas SA,TRE,<0.01%,Oil & Gas Equipment & Services,ES,---,"$1,098,339.69","33,734",TRE.MC,1.209305501172107e-05
,6299192,Goodman New Zealand Ltd & Goodman Property Services NZ Ltd,GNZ,<0.01%,Industrial REITs,NZ,---,"$1,097,918.16","928,707",GNZ.NZ,1.2088413837842438e-05
,6639970,Nihon Kohden Corp,6849,<0.01%,Health Care Equipment,JP,---,"$1,097,212.58","110,200",6849.T,1.2080645186820488e-05
,BV8WW64,Kenon Holdings Ltd/Singapore,KEN,<0.01%,Independent Power Producers & Energy Traders,IL,---,"$1,096,724.97","16,085",KEN.TA,1.2075276451985578e-05
,BP3RCQ2,JCET Group Co Ltd,600584,<0.01%,Semiconductors,CN,---,"$1,095,943.58","112,900",600584.SS,1.2066673109739422e-05
,B67M8D9,Altus Group Ltd/Canada,AIF,<0.01%,Real Estate Services,CA,---,"$1,095,745.31","32,808",AIF.TO,1.2064490096561436e-05
,B1Z7FX0,Fosun International Ltd,656,<0.01%,Industrial Conglomerates,HK,---,"$1,094,276.69","1,804,964",0656.HK,1.2048320142390596e-05
,6496755,Hanwha Corp,000880,<0.01%,Industrial Conglomerates,KR,---,"$1,094,144.51","17,892",000880.KS,1.204686480027194e-05
,6489603,Kyoritsu Maintenance Co Ltd,9616,<0.01%,"Hotels, Resorts & Cruise Lines",JP,---,"$1,094,095.96","50,344",9616.T,1.204633024996281e-05
,BQPDW54,AUO CORP - SPON ADR,AUOTY,<0.01%,Electronic Components,US,ADR,"$1,093,607.34","152,313",AUOTY,1.2040950394719825e-05
,6027304,Amano Corp,6436,<0.01%,Electronic Equipment & Instruments,JP,---,"$1,092,496.30","45,100",6436.T,1.2028717505421047e-05
,B233HR5,REN - Redes Energeticas Nacionais SGPS SA,RENE,<0.01%,Multi-Utilities,PT,---,"$1,091,294.19","274,136",RENE.LS,1.2015481907643332e-05
,6315344,Charoen Pokphand Indonesia Tbk PT,CPIN,<0.01%,Agricultural Products & Services,ID,---,"$1,091,018.74","5,958,000",CPIN.JK,1.2012449119123254e-05
,B1YVKJ4,Solaria Energia y Medio Ambiente SA,SLR,<0.01%,Renewable Electricity,ES,---,"$1,090,927.92","56,375",SLR.MC,1.2011449163220571e-05
,BFMZB82,SRG Global Ltd,SRG,<0.01%,Construction & Engineering,AU,---,"$1,087,612.11","462,198",SRG.AX,1.1974941083704285e-05
,BKRKNV4,Perenti Ltd,PRN,<0.01%,Diversified Metals & Mining,AU,---,"$1,086,473.84","732,187",PRN.AX,1.1962408383799584e-05
,BGQYNN1,Xinyi Solar Holdings Ltd,968,<0.01%,Semiconductor Materials & Equipment,HK,---,"$1,086,426.00","3,870,200",0968.HK,1.1961881650807024e-05
,B02N266,Kalpataru Projects International Ltd,KPIL,<0.01%,Construction & Engineering,IN,---,"$1,084,357.09","80,244",KPIL.NS,1.1939102320630676e-05
,6642967,Nishi-Nippon Railroad Co Ltd,9031,<0.01%,Rail Transportation,JP,---,"$1,083,687.08","55,400",9031.T,1.1931725306158583e-05
,B40T3T4,Senshu Ikeda Holdings Inc,8714,<0.01%,Regional Banks,JP,---,"$1,081,598.46","184,500",8714.T,1.1908728962870122e-05
,B6RV676,Parade Technologies Ltd,4966,<0.01%,Semiconductors,TW,---,"$1,079,600.90","63,000",4966.TWO,1.1886735217957549e-05
,6013110,Al Ahli Bank of Kuwait KSCP,ABK,<0.01%,Diversified Banks,KW,---,"$1,079,217.16","1,242,640",ABK.KW,1.1882510123505943e-05
,BQ0N7G5,Brookfield Wealth Solutions Ltd,BNT,<0.01%,Life & Health Insurance,CA,---,"$1,075,428.06","24,849",BNT.TO,1.1840790976722754e-05
,2328603,FMC Corp,FMC,<0.01%,Fertilizers & Agricultural Chemicals,US,---,"$1,073,880.99","100,269",FMC,1.1823757264122436e-05
,6870865,Taiwan Glass Industry Corp,1802,<0.01%,Building Products,TW,---,"$1,073,533.92","776,842",1802.TW,1.1819935917556222e-05
,B5NRRJ0,China Everbright Bank Co Ltd,6818,<0.01%,Diversified Banks,HK,---,"$1,073,343.86","2,639,000",6818.HK,1.1817843298982522e-05
,5337093,ERG SpA,ERG,<0.01%,Renewable Electricity,IT,---,"$1,071,621.14","42,215",ERG.MI,1.1798875626303957e-05
,BNYKZJ0,NCAB Group AB,NCAB,<0.01%,Electronic Components,SE,---,"$1,070,888.77","148,337",NCAB.ST,1.1790812009210296e-05
,BTFK8C5,Southern Cross Gold Consolidated Ltd,SXGC,<0.01%,Gold,CA,---,"$1,070,016.76","166,667",SXGC.TO,1.1781210913122463e-05
