,SEDOL,HOLDINGS,TICKER,% OF FUNDS*,SUB-INDUSTRY,COUNTRY,SECURITYDEPOSITORYRECEIPTTYPE,MARKET VALUE*,SHARES,YFINANCE_TICKER,RENORMALIZED_WEIGHT
,2379504,NVIDIA Corp,NVDA,4.00%,Semiconductors,US,---,"$3,970,775,578.00","19,779,704",NVDA,0.05030200311870236
,2046251,Apple Inc,AAPL,3.82%,"Technology Hardware, Storage & Peripherals",US,---,"$3,785,666,410.47","12,254,917",AAPL,0.04795703001722972
,2588173,Microsoft Corp,MSFT,2.95%,Systems Software,US,---,"$2,925,928,703.92","6,296,111",MSFT,0.037065825529181945
,2000019,Amazon.com Inc,AMZN,2.25%,Broadline Retail,US,---,"$2,232,963,892.76","8,222,122",AMZN,0.028287309240009457
,BYVY8G0,Alphabet Inc,GOOGL,1.80%,Interactive Media & Services,US,---,"$1,788,662,925.00","5,022,500",GOOGL,0.022658880176999335
,BDZ78H9,Broadcom Inc,AVGO,1.55%,Semiconductors,US,---,"$1,535,296,963.20","3,943,940",AVGO,0.01944922625667984
,6889106,Taiwan Semiconductor Manufacturing Co Ltd,2330,1.54%,Semiconductors,TW,---,"$1,525,627,428.12","20,626,276",2330.TW,0.01932673205518292
,BYY88Y7,Alphabet Inc,GOOG,1.42%,Interactive Media & Services,US,---,"$1,408,147,642.30","3,948,262",GOOG,0.017838491675786158
,B7TL820,Meta Platforms Inc,META,1.05%,Interactive Media & Services,US,---,"$1,037,170,214.85","1,863,035",META,0.013138929248750883
,2190385,JPMorgan Chase & Co,JPM,0.80%,Diversified Banks,US,---,"$797,105,130.45","2,265,855",JPM,0.010097771573891138
,2588184,Micron Technology Inc,MU,0.79%,Semiconductors,US,---,"$786,597,754.02","955,734",MU,0.009964663552153618
,2516152,Eli Lilly & Co,LLY,0.78%,Pharmaceuticals,US,---,"$777,727,917.12","676,968",LLY,0.009852299971124717
,B616C79,Tesla Inc,TSLA,0.78%,Automobile Manufacturers,US,---,"$770,531,996.83","2,475,923",TSLA,0.009761141657651904
,2073390,Berkshire Hathaway Inc,BRK/B,0.71%,Multi-Sector Holdings,US,---,"$709,364,794.96","1,386,724",BRK-B,0.008986272184727228
,6771720,Samsung Electronics Co Ltd,005930,0.69%,"Technology Hardware, Storage & Peripherals",KR,---,"$682,113,929.47","3,918,961",005930.KS,0.008641056723934112
,2007849,Advanced Micro Devices Inc,AMD,0.66%,Semiconductors,US,---,"$656,636,085.95","1,379,053",AMD,0.008318302002840972
,BVSRPD7,ExxonMobil Holdings Corp,XOM,0.55%,Integrated Oil & Gas,US,---,"$548,312,734.72","3,527,488",XOM,0.006946055839751531
,B929F46,ASML Holding NV,ASML,0.54%,Semiconductor Materials & Equipment,NL,---,"$540,155,140.42","327,775",ASML.AS,0.006842714987099669
,6450267,SK hynix Inc,000660,0.54%,Semiconductors,KR,---,"$534,515,330.73","470,667",000660.KS,0.006771269568177717
,2475833,Johnson & Johnson,JNJ,0.53%,Pharmaceuticals,US,---,"$521,734,030.35","2,035,241",JNJ,0.006609355352945321
,B2PZN04,Visa Inc,V,0.52%,Transaction & Payment Processing Services,US,---,"$512,555,638.64","1,399,928",V,0.006493082982635831
,2936921,Walmart Inc,WMT,0.42%,Consumer Staples Merchandise Retail,US,---,"$412,736,925.60","3,711,663",WMT,0.005228574043258313
,B121557,Mastercard Inc,MA,0.39%,Transaction & Payment Processing Services,US,---,"$390,762,504.00","681,840",MA,0.004950200863474723
,2198163,Cisco Systems Inc,CSCO,0.39%,Communications Equipment,US,---,"$388,696,408.80","3,351,120",CSCO,0.004924027455999934
,B92SR70,AbbVie Inc,ABBV,0.38%,Biotechnology,US,---,"$376,689,547.16","1,501,114",ABBV,0.004771923873262248
,2701271,Costco Wholesale Corp,COST,0.36%,Consumer Staples Merchandise Retail,US,---,"$357,014,911.51","375,059",COST,0.004522684508210015
,2295677,Bank of America Corp,BAC,0.35%,Diversified Banks,US,---,"$345,208,135.65","5,572,367",BAC,0.004373115623123168
,2046552,Applied Materials Inc,AMAT,0.34%,Semiconductor Materials & Equipment,US,---,"$341,531,438.81","672,743",AMAT,0.0043265390256098536
,2463247,Intel Corp,INTC,0.34%,Semiconductors,US,---,"$335,466,067.20","3,719,136",INTC,0.004249702564911165
,BMMV2K8,Tencent Holdings Ltd,700,0.33%,Interactive Media & Services,HK,---,"$324,065,917.80","5,303,602",0700.HK,0.004105284846153736
,2917766,UnitedHealth Group Inc,UNH,0.32%,Managed Health Care,US,---,"$317,330,944.00","765,760",UNH,0.004019965828133932
,BL59CR9,General Electric Co,GE,0.32%,Aerospace & Defense,US,---,"$315,406,917.20","875,960",GE,0.003995592150953512
,2180201,Caterpillar Inc,CAT,0.32%,Construction Machinery & Heavy Transportation Equipment,US,---,"$313,897,404.40","385,240",CAT,0.003976469559892457
,BSML4N7,Lam Research Corp,LRCX,0.31%,Semiconductor Materials & Equipment,US,---,"$310,771,151.60","1,060,580",LRCX,0.003936866017711245
,2838555,Chevron Corp,CVX,0.31%,Integrated Oil & Gas,US,---,"$309,493,326.87","1,572,389",CVX,0.003920678463846518
,0540528,HSBC Holdings PLC,HSBA,0.31%,Diversified Banks,GB,---,"$309,175,124.98","14,518,462",HSBA.L,0.003916647464826619
,2206657,Coca-Cola Co/The,KO,0.29%,Soft Drinks & Non-alcoholic Beverages,US,---,"$285,920,825.31","3,264,309",KO,0.0036220607193544023
,2704407,Procter & Gamble Co/The,PG,0.29%,Household Products,US,---,"$284,220,210.42","1,967,058",PG,0.0036005172365208603
,2434209,Home Depot Inc/The,HD,0.28%,Home Improvement Retail,US,---,"$279,434,301.16","841,771",HD,0.0035398890751470054
,2778844,Merck & Co Inc,MRK,0.28%,Pharmaceuticals,US,---,"$273,266,364.00","2,098,820",MRK,0.003461753308427458
,2857817,Netflix Inc,NFLX,0.26%,Movies & Entertainment,US,---,"$255,197,532.24","3,558,744",NFLX,0.0032328563552532323
,B2PKRQ3,Philip Morris International Inc,PM,0.25%,Tobacco,US,---,"$251,764,473.24","1,319,382",PM,0.0031893661752789536
,7103065,Novartis AG,NOVN,0.25%,Pharmaceuticals,CH,---,"$248,581,407.73","1,589,479",NOVN.SW,0.003149042926566998
,2754383,Royal Bank of Canada,RY,0.25%,Diversified Banks,CA,---,"$245,375,192.42","1,172,350",RY.TO,0.003108426414917129
,BM5M5Y3,RTX Corp,RTX,0.25%,Aerospace & Defense,US,---,"$244,505,631.06","1,136,073",RTX,0.003097410763847608
,2407966,Goldman Sachs Group Inc/The,GS,0.24%,Investment Banking & Brokerage,US,---,"$237,958,744.32","233,664",GS,0.003014474443034649
,BK6YZP5,Alibaba Group Holding Ltd,9988,0.24%,Broadline Retail,HK,---,"$236,500,251.83","15,525,120",9988.HK,0.002995998180062987
,BTMJD19,Roche Holding AG,ROP,0.24%,Pharmaceuticals,CH,---,"$234,332,216.01","536,116",ROP.SW,0.0029685333832149036
,BN78DQ4,Palantir Technologies Inc,PLTR,0.23%,Application Software,US,---,"$231,608,149.50","1,882,075",PLTR,0.00293402475904567
,B87ZMX0,Palo Alto Networks Inc,PANW,0.23%,Systems Software,US,---,"$226,641,549.15","683,005",PANW,0.0028711075930191576
,BP6H4Y1,GE Vernova Inc,GEV,0.23%,Heavy Electrical Equipment,US,---,"$226,090,139.03","228,307",GEV,0.0028641222993325537
,2649100,Wells Fargo & Co,WFC,0.23%,Diversified Banks,US,---,"$224,641,448.85","2,598,513",WFC,0.002845770212562367
,BP6MXD8,Shell PLC,SHEL,0.22%,Integrated Oil & Gas,GB,---,"$218,381,223.56","4,771,098",SHEL.L,0.0027664653347430146
,7123870,Nestle SA,NESN,0.22%,Packaged Foods & Meats,CH,---,"$217,594,677.98","2,177,014",NESN.SW,0.002756501332134212
,0989529,AstraZeneca PLC,AZN,0.22%,Pharmaceuticals,GB,---,"$215,934,447.52","1,269,379",AZN.L,0.002735469441478043
,2885409,Texas Instruments Inc,TXN,0.21%,Semiconductors,US,---,"$212,666,956.66","771,259",TXN,0.0026940766877951872
,6335171,Mitsubishi UFJ Financial Group Inc,8306,0.21%,Diversified Banks,JP,---,"$206,638,515.25","9,251,160",8306.T,0.002617708060898506
,5727973,Siemens AG,SIE,0.21%,Industrial Conglomerates,DE,---,"$204,096,162.91","622,916",SIE.DE,0.0025855014018155635
,2480138,KLA Corp,KLAC,0.20%,Semiconductor Materials & Equipment,US,---,"$203,019,416.16","1,110,488",KLAC,0.002571861114845774
,2262314,Morgan Stanley,MS,0.20%,Investment Banking & Brokerage,US,---,"$199,560,013.38","948,389",MS,0.0025280372104195116
,2661568,Oracle Corp,ORCL,0.19%,Systems Software,US,---,"$188,642,538.63","1,452,549",ORCL,0.0023897340406394004
,BNZHB81,Linde PLC,LIN,0.19%,Industrial Gases,US,---,"$187,152,780.36","391,222",LIN,0.002370861701049411
,2297907,Citigroup Inc,C,0.19%,Diversified Banks,US,---,"$184,376,095.35","1,392,043",C,0.002335686502832083
,2886907,Thermo Fisher Scientific Inc,TMO,0.18%,Life Sciences Tools & Services,US,---,"$181,569,539.40","316,158",TMO,0.0023001328979061608
,6144690,BHP Group Ltd,BHP,0.18%,Diversified Metals & Mining,AU,---,"$181,152,846.15","4,297,757",BHP.AX,0.0022948542049281003
,2005973,International Business Machines Corp,IBM,0.18%,IT Consulting & Other Services,US,---,"$178,165,404.90","796,626",IBM,0.0022570091350865734
,6215035,Commonwealth Bank of Australia,CBA,0.18%,Diversified Banks,AU,---,"$177,043,189.57","1,416,291",CBA.AX,0.0022427928496479618
,2023607,Amgen Inc,AMGN,0.18%,Biotechnology,US,---,"$175,705,370.08","456,188",AMGN,0.002225845278868317
,5705946,Banco Santander SA,SAN,0.18%,Diversified Banks,ES,---,"$175,054,322.20","12,308,467",SAN.MC,0.002217597768565385
,6900643,Toyota Motor Corp,7203,0.17%,Automobile Manufacturers,JP,---,"$170,814,784.59","9,026,040",7203.T,0.0021638910732634338
,2897222,Toronto-Dominion Bank/The,TD,0.17%,Diversified Banks,CA,---,"$167,989,175.05","1,401,426",TD.TO,0.0021280960964128646
,2145084,Amphenol Corp,APH,0.17%,Electronic Components,US,---,"$166,943,837.80","1,038,854",APH,0.0021148537067142556
,2090571,Verizon Communications Inc,VZ,0.17%,Integrated Telecommunication Services,US,---,"$166,259,945.24","3,551,804",VZ,0.002106190118201075
,BKVD2N4,Seagate Technology Holdings PLC,STX,0.16%,"Technology Hardware, Storage & Peripherals",US,---,"$162,549,122.45","189,865",STX,0.002059181211278778
,BJJP138,Crowdstrike Holdings Inc,CRWD,0.16%,Systems Software,US,---,"$162,284,440.80","850,280",CRWD,0.0020558282095988222
,2550707,McDonald's Corp,MCD,0.16%,Restaurants,US,---,"$162,208,895.92","599,353",MCD,0.002054871202909646
,2681511,PepsiCo Inc,PEP,0.16%,Soft Drinks & Non-alcoholic Beverages,US,---,"$161,094,387.12","1,154,302",PEP,0.0020407525442163593
,4846288,SAP SE,SAP,0.16%,Application Software,DE,---,"$160,497,050.09","875,621",SAP.DE,0.00203318544591132
,BL9XPM3,Arista Networks Inc,ANET,0.16%,Communications Equipment,US,---,"$159,572,056.85","884,791",ANET,0.0020214675807413386
,5231485,Allianz SE,ALV,0.16%,Multi-line Insurance,DE,---,"$158,912,938.94","319,037",ALV.DE,0.002013117838855117
,2954699,Western Digital Corp,WDC,0.16%,"Technology Hardware, Storage & Peripherals",US,---,"$156,286,809.16","286,849",WDC,0.0019798498825607416
,4834108,Schneider Electric SE,SU,0.16%,Electrical Components & Equipment,FR,---,"$154,699,051.21","460,434",SU.PA,0.0019597360776418367
,2002305,Abbott Laboratories,ABT,0.16%,Health Care Equipment,US,---,"$154,354,661.30","1,460,309",ABT,0.001955373327346189
,2328915,NextEra Energy Inc,NEE,0.15%,Electric Utilities,US,---,"$153,063,425.48","1,760,969",NEE,0.0019390158810567324
,2032067,Analog Devices Inc,ADI,0.15%,Semiconductors,US,---,"$152,360,150.67","414,687",ADI,0.0019301067571359733
,2026082,American Express Co,AXP,0.15%,Consumer Finance,US,---,"$151,949,021.25","451,893",AXP,0.0019248985470619489
,2989301,TJX Cos Inc/The,TJX,0.15%,Apparel Retail,US,---,"$148,114,369.10","941,365",TJX,0.0018763209630057898
,2914734,Union Pacific Corp,UNP,0.15%,Rail Transportation,US,---,"$147,037,208.64","503,328",UNP,0.0018626754351349969
,2779397,Charles Schwab Corp/The,SCHW,0.15%,Investment Banking & Brokerage,US,---,"$145,967,669.52","1,386,998",SCHW,0.0018491264548179296
,2270726,Walt Disney Co/The,DIS,0.15%,Movies & Entertainment,US,---,"$144,396,388.02","1,501,158",DIS,0.001829221374472601
,B15C557,TotalEnergies SE,TTE,0.14%,Integrated Oil & Gas,FR,---,"$142,870,985.79","1,620,579",TTE.PA,0.0018098974952395711
,BMZBBT7,Blackrock Inc,BLK,0.14%,Asset Management & Custody Banks,US,---,"$140,160,911.38","128,542",BLK,0.00177556612376166
,BYVYHH4,Welltower Inc,WELL,0.14%,Health Care REITs,US,---,"$139,877,453.80","596,645",WELL,0.0017719752675691878
,BRJL176,UBS Group AG,UBSG,0.14%,Diversified Capital Markets,CH,---,"$139,574,645.41","2,640,577",UBSG.SW,0.0017681392742527832
,2108601,Boeing Co/The,BA,0.14%,Aerospace & Defense,US,---,"$138,897,615.92","642,628",BA,0.00175956262748732
,BNKJSM5,Marvell Technology Inc,MRVL,0.14%,Semiconductors,US,---,"$138,707,934.84","739,539",MRVL,0.0017571597371475632
,2369174,Gilead Sciences Inc,GILD,0.14%,Biotechnology,US,---,"$137,491,733.83","1,055,923",GILD,0.001741752835952507
,B8KQN82,Eaton Corp PLC,ETN,0.14%,Electrical Components & Equipment,US,---,"$137,193,290.40","330,427",ETN,0.0017379721381891302
,B288C92,Iberdrola SA,IBE,0.14%,Electric Utilities,ES,---,"$136,348,561.75","5,740,126",IBE.MC,0.0017272710692538367
,5501906,Banco Bilbao Vizcaya Argentaria SA,BBVA,0.14%,Diversified Banks,ES,---,"$134,636,395.91","4,802,973",BBVA.MC,0.0017055812583512532
,2831811,AT&T Inc,T,0.13%,Integrated Telecommunication Services,US,---,"$133,724,700.00","5,751,600",T,0.001694031844488074
,6372480,MediaTek Inc,2454,0.13%,Semiconductors,TW,---,"$132,697,699.84","1,245,664",2454.TW,0.0016810217500527573
,6563024,Sumitomo Mitsui Financial Group Inc,8316,0.13%,Diversified Banks,JP,---,"$132,475,031.30","3,083,044",8316.T,0.0016782009727578698
,2714923,QUALCOMM Inc,QCOM,0.13%,Semiconductors,US,---,"$132,206,601.28","895,648",QCOM,0.0016748004865208726
,7108899,ABB Ltd,ABBN,0.13%,Electrical Components & Equipment,CH,---,"$129,978,362.35","1,317,452",ABBN.SW,0.0016465730333686274
,BDRXDB4,Booking Holdings Inc,BKNG,0.13%,"Hotels, Resorts & Cruise Lines",US,---,"$126,901,386.90","657,861",BKNG,0.001607593739363795
,2685717,ConocoPhillips,COP,0.13%,Oil & Gas Exploration & Production,US,---,"$124,986,795.36","1,037,407",COP,0.0015833395885752912
,6895675,Tokyo Electron Ltd,8035,0.13%,Semiconductor Materials & Equipment,JP,---,"$124,707,720.02","373,000",8035.T,0.001579804246839835
,2310525,Salesforce Inc,CRM,0.13%,Application Software,US,---,"$124,501,675.32","676,566",CRM,0.001577194061263139
,2261203,Deere & Co,DE,0.12%,Agricultural & Farm Machinery,US,---,"$123,411,081.43","208,229",DE,0.001563378357963269
,6429104,Hitachi Ltd,6501,0.12%,Industrial Conglomerates,JP,---,"$122,655,526.32","3,742,860",6501.T,0.0015538069443305918
,BX865C7,Shopify Inc,SHOP,0.12%,Internet Services & Infrastructure,CA,---,"$121,896,198.45","1,040,810",SHOP.TO,0.001544187737167014
,6870490,Advantest Corp,6857,0.12%,Semiconductor Materials & Equipment,JP,---,"$121,642,508.54","615,656",6857.T,0.001540973979453104
,BYMXPS7,UniCredit SpA,UCG,0.12%,Diversified Banks,IT,---,"$120,530,991.99","1,278,005",UCG.MI,0.0015268932267471674
,2684703,Pfizer Inc,PFE,0.12%,Pharmaceuticals,US,---,"$119,905,818.15","4,794,315",PFE,0.001518973490204099
,6821506,Sony Group Corp,6758,0.12%,Consumer Electronics,JP,---,"$117,578,102.40","5,031,400",6758.T,0.0014894858592322856
,BK6N347,Uber Technologies Inc,UBER,0.12%,Passenger Ground Transportation,US,---,"$117,150,807.20","1,665,020",UBER,0.0014840728601693085
,4012250,Airbus SE,AIR,0.12%,Aerospace & Defense,FR,---,"$116,331,988.55","495,539",AIR.PA,0.001473700020537133
,B058TZ6,Safran SA,SAF,0.12%,Aerospace & Defense,FR,---,"$115,560,077.16","294,060",SAF.PA,0.00146392140465104
,4061412,LVMH Moet Hennessy Louis Vuitton SE,MC,0.12%,"Apparel, Accessories & Luxury Goods",FR,---,"$115,131,089.24","209,659",MC.PA,0.0014584869621181295
,BVZK7T9,Unilever PLC,ULVR,0.12%,Personal Care Products,GB,---,"$114,380,520.51","1,797,656",ULVR.L,0.0014489787162211712
,2577609,CVS Health Corp,CVS,0.11%,Health Care Services,US,---,"$113,199,091.53","1,083,971",CVS,0.0014340123090120238
,B44WZD7,Prologis Inc,PLD,0.11%,Industrial REITs,US,---,"$112,965,572.14","781,174",PLD,0.0014310540725533485
,2126335,Bristol-Myers Squibb Co,BMY,0.11%,Pharmaceuticals,US,---,"$112,573,410.18","1,723,678",BMY,0.0014260861433044
,2654461,Capital One Financial Corp,COF,0.11%,Consumer Finance,US,---,"$109,799,223.30","525,330",COF,0.001390942591535123
,BMTVQK9,Siemens Energy AG,ENR,0.11%,Heavy Electrical Equipment,DE,---,"$109,538,532.01","641,165",ENR.DE,0.0013876401399548193
,2076009,Bank of Montreal,BMO,0.11%,Diversified Banks,CA,---,"$106,314,846.49","592,665",BMO.TO,0.0013468023147251114
,7309681,BNP Paribas SA,BNP,0.11%,Diversified Banks,FR,---,"$105,965,681.07","833,925",BNP.PA,0.0013423790680064868
,BCRWZ18,Cie Financiere Richemont SA,CFR,0.11%,"Apparel, Accessories & Luxury Goods",CH,---,"$105,960,033.94","448,334",CFR.SW,0.0013423075298534758
,2871301,Intuitive Surgical Inc,ISRG,0.11%,Health Care Equipment,US,---,"$105,384,559.13","298,261",ISRG,0.001335017383352188
,0287580,British American Tobacco PLC,BATS,0.11%,Tobacco,GB,---,"$104,936,132.25","1,729,880",BATS.L,0.0013293366870063045
,B3BQMF6,Chubb Ltd,CB,0.11%,Property & Casualty Insurance,US,---,"$104,667,459.60","298,470",CB,0.0013259331271191406
,2705024,Progressive Corp/The,PGR,0.11%,Property & Casualty Insurance,US,---,"$104,302,154.22","493,341",PGR,0.0013213054185007417
,6591014,Mizuho Financial Group Inc,8411,0.11%,Diversified Banks,JP,---,"$104,243,633.17","2,010,710",8411.T,0.0013205640706250472
,2671501,Parker-Hannifin Corp,PH,0.10%,Industrial Machinery & Supplies & Components,US,---,"$103,647,917.67","106,139",PH,0.001313017513951111
,2250870,Danaher Corp,DHR,0.10%,Life Sciences Tools & Services,US,---,"$103,567,916.56","531,172",DHR,0.0013120040554955345
,BHKD3S6,Dell Technologies Inc,DELL,0.10%,"Technology Hardware, Storage & Peripherals",US,---,"$103,560,279.27","255,471",DELL,0.0013119073058863332
,BYV2325,S&P Global Inc,SPGI,0.10%,Financial Exchanges & Data,US,---,"$103,487,526.18","251,226",SPGI,0.0013109856657462177
,2931034,Vertex Pharmaceuticals Inc,VRTX,0.10%,Biotechnology,US,---,"$102,610,851.20","215,072",VRTX,0.0012998798989478182
,2842255,Starbucks Corp,SBUX,0.10%,Restaurants,US,---,"$101,195,454.25","961,477",SBUX,0.0012819495726439168
,2522096,Lockheed Martin Corp,LMT,0.10%,Aerospace & Defense,US,---,"$100,619,384.84","172,666",LMT,0.0012746518937171707
,2466149,Enbridge Inc,ENB,0.10%,Oil & Gas Storage & Transportation,CA,---,"$99,626,843.87","1,830,911",ENB.TO,0.0012620783301934607
,6770620,SoftBank Group Corp,9984,0.10%,Wireless Telecommunication Services,JP,---,"$99,427,734.03","3,192,160",9984.T,0.0012595559958041447
,2536763,Lowe's Cos Inc,LOW,0.10%,Home Improvement Retail,US,---,"$98,649,069.48","474,708",LOW,0.0012496918305162513
,B80NXX8,ServiceNow Inc,NOW,0.10%,Systems Software,US,---,"$97,127,815.68","873,216",NOW,0.0012304205038223162
,4076836,Intesa Sanpaolo SpA,ISP,0.10%,Diversified Banks,IT,---,"$97,105,188.51","12,845,782",ISP.MI,0.0012301338615899487
,2692632,Altria Group Inc,MO,0.10%,Tobacco,US,---,"$97,021,562.01","1,419,897",MO,0.0012290744764947264
,BKLJ8V2,Howmet Aerospace Inc,HWM,0.10%,Aerospace & Defense,US,---,"$95,722,269.28","339,128",HWM,0.0012126149648268606
,5983816,Zurich Insurance Group AG,ZURN,0.10%,Multi-line Insurance,CH,---,"$95,184,782.66","124,959",ZURN.SW,0.0012058060548030111
,2853688,Stryker Corp,SYK,0.09%,Health Care Equipment,US,---,"$94,166,384.00","289,120",SYK,0.001192904924642136
,2170525,Canadian Imperial Bank of Commerce,CM,0.09%,Diversified Banks,CA,---,"$92,968,305.23","784,917",CM.TO,0.0011777275969787717
,2224701,Corning Inc,GLW,0.09%,Electronic Components,US,---,"$92,622,246.50","669,962",GLW,0.0011733437059797034
,BTN1Y11,Medtronic PLC,MDT,0.09%,Health Care Equipment,US,---,"$91,733,537.71","1,074,289",MDT,0.0011620854942152614
,2065308,Automatic Data Processing Inc,ADP,0.09%,Human Resource & Employment Services,US,---,"$91,230,841.26","342,381",ADP,0.0011557173079758374
,BQRRZ00,Recruit Holdings Co Ltd,6098,0.09%,Human Resource & Employment Services,JP,---,"$90,462,679.67","1,143,927",6098.T,0.0011459861947621037
,2076281,Bank of Nova Scotia/The,BNS,0.09%,Diversified Banks,CA,---,"$90,245,515.01","1,028,793",BNS.TO,0.001143235140921359
,B1Z77F6,Bank of New York Mellon Corp/The,BNY,0.09%,Asset Management & Custody Banks,US,---,"$89,821,746.45","574,565",BNY,0.001137866817527604
,B4TX8S1,AIA Group Ltd,1299,0.09%,Life & Health Insurance,HK,---,"$89,701,595.38","8,898,182",1299.HK,0.0011363447371734935
,2378534,McKesson Corp,MCK,0.09%,Health Care Distributors,US,---,"$89,380,242.67","104,393",MCK,0.0011322738233927744
,5842359,Deutsche Telekom AG,DTE,0.09%,Integrated Telecommunication Services,DE,---,"$89,362,918.69","2,895,661",DTE.DE,0.0011320543622626072
,2829601,Southern Co/The,SO,0.09%,Electric Utilities,US,---,"$88,478,378.82","935,883",SO,0.001120848962605705
,BN7SWP6,GSK PLC,GSK,0.09%,Pharmaceuticals,GB,---,"$87,920,232.24","3,381,176",GSK.L,0.001113778331073818
,B0LMTQ3,China Construction Bank Corp,939,0.09%,Diversified Banks,HK,---,"$87,644,381.76","74,691,026",0939.HK,0.001110283842041969
,B4BNMY3,Accenture PLC,ACN,0.09%,IT Consulting & Other Services,US,---,"$86,649,065.28","522,234",ACN,0.0010976751182051327
,BZ57390,ING Groep NV,INGA,0.09%,Diversified Banks,NL,---,"$86,472,731.18","2,460,698",INGA.AS,0.0010954413081411046
,2008154,Adobe Inc,ADBE,0.09%,Application Software,US,---,"$86,365,156.95","344,895",ADBE,0.0010940785518869026
,BK9ZQ96,Trane Technologies PLC,TT,0.09%,Building Products,US,---,"$85,502,848.05","187,939",TT,0.0010831547753790062
,6773812,SAMSUNG ELECTRONICS-PREF,005935,0.09%,"Technology Hardware, Storage & Peripherals",KR,---,"$85,497,513.76","680,361",005935.KS,0.0010830872003002982
,2093666,Berkshire Hathaway Inc,BRK/A,0.09%,Multi-Sector Holdings,US,---,"$85,092,601.11",111,BRK-A,0.0010779577446100924
,BVLZX12,Equinix Inc,EQIX,0.09%,Data Center REITs,US,---,"$84,635,914.80","83,035",EQIX,0.0010721724173513155
,2150204,Quanta Services Inc,PWR,0.08%,Construction & Engineering,US,---,"$84,152,093.92","126,097",PWR,0.0010660433478694004
,B5B2106,Fortinet Inc,FTNT,0.08%,Systems Software,US,---,"$83,564,580.50","515,990",FTNT,0.001058600695595407
,0718875,Rio Tinto PLC,RIO,0.08%,Diversified Metals & Mining,GB,---,"$83,454,905.33","858,858",RIO.L,0.00105721132451789
,2692665,PNC Financial Services Group Inc/The,PNC,0.08%,Diversified Banks,US,---,"$83,258,433.09","333,207",PNC,0.0010547224033902456
,BN134B7,Snowflake Inc,SNOW,0.08%,Internet Services & Infrastructure,US,---,"$83,253,100.32","283,869",SNOW,0.0010546548475669807
,2171573,Canadian Natural Resources Ltd,CNQ,0.08%,Oil & Gas Exploration & Production,CA,---,"$82,816,679.77","1,738,493",CNQ.TO,0.0010491262480689899
,2365161,General Dynamics Corp,GD,0.08%,Aerospace & Defense,US,---,"$81,920,366.94","213,657",GD,0.0010377717079081727
,6490995,Keyence Corp,6861,0.08%,Electronic Equipment & Instruments,JP,---,"$81,473,717.43","162,432",6861.T,0.0010321135273830715
,2965839,CME Group Inc,CME,0.08%,Financial Exchanges & Data,US,---,"$81,317,914.77","303,663",CME,0.0010301398107286617
,2736035,US Bancorp,USB,0.08%,Diversified Banks,US,---,"$81,210,816.56","1,288,856",USB,0.0010287830847219655
,6596785,Mitsubishi Corp,8058,0.08%,Trading Companies & Distributors,JP,---,"$80,695,527.27","2,699,500",8058.T,0.001022255371693754
,BMV3LG4,AppLovin Corp,APP,0.08%,Advertising,US,---,"$80,541,500.10","203,439",APP,0.0010203041470441838
,6513126,Tokio Marine Holdings Inc,8766,0.08%,Property & Casualty Insurance,JP,---,"$80,524,597.03","1,579,956",8766.T,0.0010200900180250155
,B7VD3F2,Duke Energy Corp,DUK,0.08%,Electric Utilities,US,---,"$80,342,054.19","640,533",DUK,0.0010177775553016494
,6260734,Delta Electronics Inc,2308,0.08%,Electronic Components,TW,---,"$80,314,417.76","1,632,486",2308.TW,0.0010174274554884664
,BKF2SL7,Blackstone Inc,BX,0.08%,Asset Management & Custody Banks,US,---,"$80,302,500.25","628,591",BX,0.0010172764838172119
,3134865,Barclays PLC,BARC,0.08%,Diversified Banks,GB,---,"$80,276,399.20","11,679,051",BARC.L,0.0010169458342822002
,5889505,Infineon Technologies AG,IFX,0.08%,Semiconductors,DE,---,"$79,910,412.24","1,113,524",IFX.DE,0.001012309491370925
,2160753,CSX Corp,CSX,0.08%,Rail Transportation,US,---,"$79,638,652.80","1,580,132",CSX,0.001008866827858498
,BMGYJ02,Kioxia Holdings Corp,285A,0.08%,Semiconductors,JP,---,"$79,523,489.68","285,300",285A.T,0.001007407935128953
,2636607,Newmont Corp,NEM,0.08%,Gold,US,---,"$79,515,465.17","848,527",NEM,0.0010073062801955234
,B3K3L40,Marathon Petroleum Corp,MPC,0.08%,Oil & Gas Refining & Marketing,US,---,"$79,404,221.82","250,906",MPC,0.001005897043327633
,2302232,Cadence Design Systems Inc,CDNS,0.08%,Application Software,US,---,"$79,377,328.98","233,449",CDNS,0.0010055563633534121
,2041364,Valero Energy Corp,VLO,0.08%,Oil & Gas Refining & Marketing,US,---,"$78,882,090.00","252,100",VLO,0.0009992826487535528
,6438564,Hon Hai Precision Industry Co Ltd,2317,0.08%,Electronic Manufacturing Services,TW,---,"$78,776,788.65","10,315,140",2317.TW,0.00099794868546803
,BL3LWS8,Vertiv Holdings Co,VRT,0.08%,Electrical Components & Equipment,US,---,"$78,513,631.98","325,014",VRT,0.0009946150023184739
,2595708,3M Co,MMM,0.08%,Industrial Conglomerates,US,---,"$78,484,968.12","445,229",MMM,0.0009942518869656188
,5671735,Sanofi SA,SAN,0.08%,Pharmaceuticals,FR,---,"$78,357,814.93","909,956",SAN.PA,0.0009926411033707538
,2567741,Marsh & McLennan Cos Inc,MRSH,0.08%,Insurance Brokers,US,---,"$77,671,415.85","409,465",MRSH,0.0009839457621245416
,6332439,Fast Retailing Co Ltd,9983,0.08%,Apparel Retail,JP,---,"$77,122,909.59","157,500",9983.T,0.0009769972546959137
,0870612,Lloyds Banking Group PLC,LLOY,0.08%,Diversified Banks,GB,---,"$77,094,209.00","49,879,300",LLOY.L,0.0009766336740454013
,6076146,Westpac Banking Corp,WBC,0.08%,Diversified Banks,AU,---,"$76,468,802.16","2,883,736",WBC.AX,0.0009687109858455349
,2352118,Freeport-McMoRan Inc,FCX,0.08%,Copper,US,---,"$76,215,010.67","1,216,909",FCX,0.0009654959413106054
,BY7QL61,Johnson Controls International plc,JCI,0.08%,Building Products,US,---,"$75,784,355.10","516,735",JCI,0.0009600403728958984
,BPCPYT4,Brookfield Corp,BN,0.08%,Asset Management & Custody Banks,CA,---,"$75,741,337.97","1,782,108",BN.TO,0.0009594954295303236
,6624608,National Australia Bank Ltd,NAB,0.08%,Diversified Banks,AU,---,"$74,956,297.39","2,588,631",NAB.AX,0.0009495504923441839
,B23X1H3,MercadoLibre Inc,MELI,0.08%,Broadline Retail,US,---,"$74,926,449.10","39,898",MELI,0.0009491723725670333
,BJXC5M2,Cloudflare Inc,NET,0.08%,Internet Services & Infrastructure,US,---,"$74,721,166.26","267,837",NET,0.0009465718382746631
,BKT9Y49,Datadog Inc,DDOG,0.08%,Application Software,US,---,"$74,599,900.33","278,389",DDOG,0.0009450356348128382
,2240202,Cummins Inc,CMI,0.07%,Construction Machinery & Heavy Transportation Equipment,US,---,"$73,740,336.60","116,273",CMI,0.0009341466342692817
,2967181,Williams Cos Inc/The,WMB,0.07%,Oil & Gas Storage & Transportation,US,---,"$73,338,515.60","1,025,140",WMB,0.0009290563437710862
,7144569,Enel SpA,ENEL,0.07%,Electric Utilities,IT,---,"$73,057,501.27","6,469,045",ENEL.MI,0.0009254964388038103
,BFSSDS9,Intercontinental Exchange Inc,ICE,0.07%,Financial Exchanges & Data,US,---,"$73,011,693.44","478,828",ICE,0.0009249161426973551
,2459020,Intuit Inc,INTU,0.07%,Application Software,US,---,"$72,980,563.00","230,900",INTU,0.000924521780573582
,2044545,Comcast Corp,CMCSA,0.07%,Integrated Telecommunication Services,US,---,"$72,258,663.84","3,015,804",CMCSA,0.0009153767223640726
,B78C4Y8,Phillips 66,PSX,0.07%,Oil & Gas Refining & Marketing,US,---,"$72,129,960.00","340,750",PSX,0.0009137462950498374
,2313405,Emerson Electric Co,EMR,0.07%,Electrical Components & Equipment,US,---,"$71,502,943.38","477,259",EMR,0.0009058032140685132
,BMH4FS1,Constellation Energy Corp,CEG,0.07%,Electric Utilities,US,---,"$71,445,140.75","271,913",CEG,0.0009050709671768383
,B94Q9V0,T-Mobile US Inc,TMUS,0.07%,Wireless Telecommunication Services,US,---,"$70,917,316.65","410,615",TMUS,0.0008983844624870671
,2937667,Waste Management Inc,WM,0.07%,Environmental & Facilities Services,US,---,"$70,219,399.05","309,951",WM,0.0008895432039968352
,BYYHL23,Anheuser-Busch InBev SA/NV,ABI,0.07%,Brewers,BE,---,"$69,824,595.95","803,931",ABI.BR,0.0008845418166413011
,7088429,AXA SA,CS,0.07%,Multi-line Insurance,FR,---,"$69,823,748.97","1,347,179",CS.PA,0.0008845310870521403
,2210614,Marriott International Inc/MD,MAR,0.07%,"Hotels, Resorts & Cruise Lines",US,---,"$69,247,580.05","185,735",MAR,0.0008772321475272485
,BSPHGL4,Elevance Health Inc,ELV,0.07%,Managed Health Care,US,---,"$68,779,095.84","183,001",ELV,0.0008712973638232668
,B3NB1P2,Suncor Energy Inc,SU,0.07%,Integrated Oil & Gas,CA,---,"$68,743,319.97","1,023,665",SU.TO,0.0008708441531371014
,B7FBFL2,American Tower Corp,AMT,0.07%,Telecom Tower REITs,US,---,"$68,632,183.84","395,894",AMT,0.0008694362745380605
,2318024,EOG Resources Inc,EOG,0.07%,Oil & Gas Exploration & Production,US,---,"$68,418,216.60","460,140",EOG,0.0008667257257894954
,2754907,Royal Caribbean Cruises Ltd,RCL,0.07%,"Hotels, Resorts & Cruise Lines",US,---,"$68,319,912.00","214,640",RCL,0.000865480397717272
,B8CKK03,Mondelez International Inc,MDLZ,0.07%,Packaged Foods & Meats,US,---,"$68,116,419.66","1,093,186",MDLZ,0.0008629025455772456
,2457552,Illinois Tool Works Inc,ITW,0.07%,Industrial Machinery & Supplies & Components,US,---,"$68,104,139.10","237,338",ITW,0.0008627469747686504
,B665KZ5,General Motors Co,GM,0.07%,Automobile Manufacturers,US,---,"$68,044,189.56","765,746",GM,0.0008619875307031756
,2746711,Ross Stores Inc,ROST,0.07%,Apparel Retail,US,---,"$67,949,584.80","270,640",ROST,0.0008607890724072873
,BMBQR09,Canadian Pacific Kansas City Ltd,CP,0.07%,Rail Transportation,CA,---,"$67,789,830.30","763,180",CP.TO,0.000858765293626701
,2769503,Travelers Cos Inc/The,TRV,0.07%,Property & Casualty Insurance,US,---,"$67,301,317.72","179,777",TRV,0.0008525767894314923
,6610403,Murata Manufacturing Co Ltd,6981,0.07%,Electronic Components,JP,---,"$67,267,604.94","1,476,322",6981.T,0.000852149714082763
,BFZ1K46,Spotify Technology SA,SPOT,0.07%,Movies & Entertainment,US,---,"$66,969,962.64","133,956",SPOT,0.0008483791650782286
,6467803,ITOCHU Corp,8001,0.07%,Trading Companies & Distributors,JP,---,"$66,321,428.71","5,284,740",8001.T,0.0008401635016319767
,6065586,ANZ Group Holdings Ltd,ANZ,0.07%,Diversified Banks,AU,---,"$66,265,887.76","2,535,516",ANZ.AX,0.0008394599058267655
,2804211,Sherwin-Williams Co/The,SHW,0.07%,Specialty Chemicals,US,---,"$66,206,704.00","194,240",SHW,0.0008387101627043914
,6099626,Reliance Industries Ltd,RELIANCE,0.07%,Oil & Gas Refining & Marketing,IN,---,"$66,204,395.66","4,835,457",RELIANCE.NS,0.0008386809205264849
,5294121,Muenchener Rueckversicherungs-Gesellschaft AG in Muenchen,MUV2,0.07%,Reinsurance,DE,---,"$65,988,042.82","109,852",MUV2.DE,0.0008359401508660898
,2730190,Regeneron Pharmaceuticals Inc,REGN,0.07%,Biotechnology,US,---,"$65,973,596.04","86,508",REGN,0.0008357571382635539
,2517382,United Parcel Service Inc,UPS,0.07%,Air Freight & Logistics,US,---,"$65,197,009.62","625,571",UPS,0.0008259192988406426
,BN7RHC5,Honeywell International Inc,HON,0.07%,Industrial Conglomerates,US,---,"$65,181,149.00","268,180",HON,0.0008257183756353311
,6597067,Mitsubishi Heavy Industries Ltd,7011,0.07%,Industrial Machinery & Supplies & Components,JP,---,"$64,876,479.16","2,776,970",7011.T,0.0008218588013680859
,B1G1QD8,Industrial & Commercial Bank of China Ltd,1398,0.07%,Diversified Banks,HK,---,"$64,545,968.96","67,475,245",1398.HK,0.0008176718800010676
,6597302,Mitsui & Co Ltd,8031,0.06%,Trading Companies & Distributors,JP,---,"$64,231,392.78","2,093,300",8031.T,0.0008136868116745922
,BLP1HW5,Aon PLC,AON,0.06%,Insurance Brokers,US,---,"$63,971,304.85","177,427",AON,0.0008103920034919081
,BM8PJY7,NatWest Group PLC,NWG,0.06%,Diversified Banks,GB,---,"$63,965,544.88","6,781,303",NWG.L,0.0008103190358755792
,B65LWX6,O'Reilly Automotive Inc,ORLY,0.06%,Automotive Retail,US,---,"$63,683,676.40","712,744",ORLY,0.0008067483104891888
,B4T3BW6,Glencore PLC,GLEN,0.06%,Diversified Metals & Mining,GB,---,"$63,597,900.91","8,634,743",GLEN.L,0.000805661701870612
,2641894,Norfolk Southern Corp,NSC,0.06%,Rail Transportation,US,---,"$63,594,595.24","189,563",NSC,0.0008056198254614869
,2779201,SLB Ltd,SLB,0.06%,Oil & Gas Equipment & Services,US,---,"$63,505,350.72","1,280,608",SLB,0.0008044892709803321
,2009823,Agnico Eagle Mines Ltd,AEM,0.06%,Gold,CA,---,"$62,915,314.93","433,362",AEM.TO,0.0007970146651846364
,2492519,Manulife Financial Corp,MFC,0.06%,Life & Health Insurance,CA,---,"$62,728,954.12","1,412,409",MFC.TO,0.0007946538362076068
,BHJ0775,Cigna Group/The,CI,0.06%,Health Care Services,US,---,"$62,247,404.45","223,069",CI,0.0007885535385387189
,BN13P03,DoorDash Inc,DASH,0.06%,Restaurants,US,---,"$62,187,820.16","317,026",DASH,0.0007877987214803055
,2812452,Simon Property Group Inc,SPG,0.06%,Retail REITs,US,---,"$61,892,512.69","269,837",SPG,0.0007840577502304526
,2867719,Synopsys Inc,SNPS,0.06%,Application Software,US,---,"$61,616,904.96","158,496",SNPS,0.0007805663363689367
,B5BKPQ4,Motorola Solutions Inc,MSI,0.06%,Communications Equipment,US,---,"$61,345,320.75","140,781",MSI,0.0007771258926797743
,2252058,Moody's Corp,MCO,0.06%,Financial Exchanges & Data,US,---,"$61,211,112.90","127,955",MCO,0.0007754257402645488
,BYVMW06,Hilton Worldwide Holdings Inc,HLT,0.06%,"Hotels, Resorts & Cruise Lines",US,---,"$61,201,731.87","190,963",HLT,0.0007753069008612517
,2648806,Northrop Grumman Corp,NOC,0.06%,Aerospace & Defense,US,---,"$61,103,319.76","112,637",NOC,0.0007740602108464432
,2209106,Colgate-Palmolive Co,CL,0.06%,Household Products,US,---,"$60,996,434.40","668,088",CL,0.0007727061812352376
,BP9DL90,Industria de Diseno Textil SA,ITX,0.06%,Apparel Retail,ES,---,"$60,838,468.71","932,196",ITX.MC,0.0007707050631979825
,6597045,Mitsubishi Electric Corp,6503,0.06%,Heavy Electrical Equipment,JP,---,"$60,534,638.17","1,680,440",6503.T,0.0007668561212292363
,6948836,Wesfarmers Ltd,WES,0.06%,Broadline Retail,AU,---,"$59,754,357.23","954,004",WES.AX,0.0007569714794240419
,2180632,Canadian National Railway Co,CNR,0.06%,Rail Transportation,CA,---,"$59,706,915.50","469,566",CNR.TO,0.0007563704849826439
,B1XH026,Vinci SA,DG,0.06%,Construction & Engineering,FR,---,"$59,193,502.06","419,239",DG.PA,0.0007498665353252644
,B11FJK3,TransDigm Group Inc,TDG,0.06%,Aerospace & Defense,US,---,"$58,835,439.52","46,904",TDG,0.0007453305794018017
,2197137,Cintas Corp,CTAS,0.06%,Diversified Support Services,US,---,"$58,705,277.55","286,885",CTAS,0.0007436816804166381
,BG1FRR1,KKR & Co Inc,KKR,0.06%,Asset Management & Custody Banks,US,---,"$58,616,498.43","577,901",KKR,0.0007425570216482458
,2113434,Boston Scientific Corp,BSX,0.06%,Health Care Equipment,US,---,"$58,593,438.56","1,253,872",BSX,0.0007422648979485124
,BJMY6G0,TC Energy Corp,TRP,0.06%,Oil & Gas Storage & Transportation,CA,---,"$58,553,319.68","869,523",TRP.TO,0.0007417566697731252
,BYVW0F7,PDD HOLDINGS INC,PDD,0.06%,Broadline Retail,US,ADR,"$57,991,390.56","654,826",PDD,0.0007346381208167606
,2026242,American Electric Power Co Inc,AEP,0.06%,Electric Utilities,US,---,"$57,882,041.90","452,734",AEP,0.0007332528859858574
,B03GQS4,Digital Realty Trust Inc,DLR,0.06%,Data Center REITs,US,---,"$57,877,902.24","307,012",DLR,0.0007332004445456047
,2019952,Allstate Corp/The,ALL,0.06%,Property & Casualty Insurance,US,---,"$57,776,742.80","218,785",ALL,0.0007319189512034578
,2304227,Ecolab Inc,ECL,0.06%,Specialty Chemicals,US,---,"$57,619,330.20","207,540",ECL,0.0007299248397407014
,2134781,United Rentals Inc,URI,0.06%,Trading Companies & Distributors,US,---,"$57,401,522.36","53,186",URI,0.0007271656380603898
,B01Z7J1,Monolithic Power Systems Inc,MPWR,0.06%,Semiconductors,US,---,"$57,256,530.53","40,151",MPWR,0.0007253288735942097
,2665861,PACCAR Inc,PCAR,0.06%,Construction Machinery & Heavy Transportation Equipment,US,---,"$57,201,797.68","431,126",PCAR,0.0007246355148441837
,BZ07BW4,Monster Beverage Corp,MNST,0.06%,Soft Drinks & Non-alcoholic Beverages,US,---,"$56,636,839.58","587,641",MNST,0.0007174785946028111
,2142784,FedEx Corp,FDX,0.06%,Air Freight & Logistics,US,---,"$56,494,586.80","183,782",FDX,0.0007156765285724745
,BP0TQN6,Robinhood Markets Inc,HOOD,0.06%,Investment Banking & Brokerage,US,---,"$56,344,414.24","650,929",HOOD,0.0007137741343341005
,2259101,Target Corp,TGT,0.06%,Consumer Staples Merchandise Retail,US,---,"$56,075,557.57","388,093",TGT,0.0007103682432714694
,6804585,Shin-Etsu Chemical Co Ltd,4063,0.06%,Specialty Chemicals,JP,---,"$55,820,221.84","1,565,780",4063.T,0.0007071336362194019
,BKP7287,Truist Financial Corp,TFC,0.06%,Regional Banks,US,---,"$55,145,007.36","1,063,754",TFC,0.0006985799821003091
,BGJW376,Meituan,3690,0.06%,Restaurants,HK,---,"$54,889,809.08","4,649,127",3690.HK,0.0006953471162723912
,2011602,Air Products and Chemicals Inc,APD,0.06%,Industrial Gases,US,---,"$54,756,354.76","185,684",APD,0.0006936565096165938
,5966516,Societe Generale SA,GLE,0.05%,Diversified Banks,FR,---,"$54,199,874.41","576,615",GLE.PA,0.0006866069859778653
,5750355,Deutsche Bank AG,DBK,0.05%,Diversified Capital Markets,DE,---,"$54,165,554.23","1,471,651",DBK.DE,0.0006861722160525742
,BYVYWS0,Hewlett Packard Enterprise Co,HPE,0.05%,"Technology Hardware, Storage & Peripherals",US,---,"$53,932,334.40","1,125,936",HPE,0.0006832177744364324
,BG0ZMJ9,Xiaomi Corp,1810,0.05%,"Technology Hardware, Storage & Peripherals",HK,---,"$53,791,684.30","14,659,200",1810.HK,0.0006814360112443636
,2359506,Arthur J Gallagher & Co,AJG,0.05%,Insurance Brokers,US,---,"$53,747,515.80","215,490",AJG,0.0006808764822603894
,BMGYYH4,Airbnb Inc,ABNB,0.05%,"Hotels, Resorts & Cruise Lines",US,---,"$53,668,990.08","354,204",ABNB,0.0006798817141263696
,B2B0DG9,RELX PLC,REL,0.05%,Research & Consulting Services,GB,---,"$53,548,334.09","1,522,473",REL.L,0.0006783532374179662
,BM8JYX3,Warner Bros Discovery Inc,WBD,0.05%,Movies & Entertainment,US,---,"$53,469,504.30","2,033,061",WBD,0.0006773546173084852
,B01ZKD6,CRH PLC,CRH,0.05%,Construction Materials,US,---,"$53,378,518.20","561,820",CRH,0.0006762020003962337
,2077303,National Bank of Canada,NA,0.05%,Diversified Banks,CA,---,"$52,549,516.71","324,880",NA.TO,0.0006657001639876414
,B3NQ4P8,Kinder Morgan Inc,KMI,0.05%,Oil & Gas Storage & Transportation,US,---,"$52,321,751.62","1,625,909",KMI,0.0006628148233174235
,6267359,Hong Kong Exchanges & Clearing Ltd,388,0.05%,Financial Exchanges & Data,HK,---,"$52,270,783.68","1,003,224",0388.HK,0.000662169158654067
,4617859,Deutsche Post AG,DHL,0.05%,Air Freight & Logistics,DE,---,"$52,158,275.96","780,792",DHL.DE,0.0006607439046775708
,BNM23Q1,Barrick Mining Corp,ABX,0.05%,Gold,CA,---,"$52,137,052.11","1,420,570",ABX.TO,0.0006604750397800416
,BMG3GS6,SK Square Co Ltd,402340,0.05%,Industrial Conglomerates,KR,---,"$51,958,096.03","75,563",402340.KS,0.0006582080143293599
,B28YTC2,Macquarie Group Ltd,MQG,0.05%,Diversified Capital Markets,AU,---,"$51,720,425.98","291,352",MQG.AX,0.0006551971970818278
,6572707,Panasonic Holdings Corp,6752,0.05%,Consumer Electronics,JP,---,"$51,548,495.37","1,949,459",6752.T,0.0006530191706709832
,BRC3N84,TE Connectivity PLC,TEL,0.05%,Electronic Manufacturing Services,US,---,"$51,496,548.40","250,360",TEL,0.000652361103601813
,5334588,Rheinmetall AG,RHM,0.05%,Aerospace & Defense,DE,---,"$51,414,545.72","38,893",RHM.DE,0.0006513222891475398
,B4MGBG6,HCA Healthcare Inc,HCA,0.05%,Health Care Facilities,US,---,"$51,304,861.83","127,437",HCA,0.0006499328076045837
,2036047,Comfort Systems USA Inc,FIX,0.05%,Construction & Engineering,US,---,"$51,243,795.94","29,626",FIX,0.0006491592215559928
,BDHLTQ5,Baker Hughes Co,BKR,0.05%,Oil & Gas Equipment & Services,US,---,"$51,241,502.43","847,107",BKR,0.0006491301672453408
,5253973,Hermes International SCA,RMS,0.05%,"Apparel, Accessories & Luxury Goods",FR,---,"$50,810,241.40","28,676",RMS.PA,0.0006436669288300985
,2542049,Dominion Energy Inc,D,0.05%,Multi-Utilities,US,---,"$50,678,507.22","732,666",D,0.0006419981130023007
,2380863,WW Grainger Inc,GWW,0.05%,Trading Companies & Distributors,US,---,"$50,633,483.04","36,632",GWW,0.0006414277442170878
,2026361,Aflac Inc,AFL,0.05%,Life & Health Insurance,US,---,"$49,577,864.36","388,907",AFL,0.0006280551087985266
,B505PN7,NXP Semiconductors NV,NXPI,0.05%,Semiconductors,US,---,"$49,469,685.84","215,874",NXPI,0.0006266846973654139
,2724193,Realty Income Corp,O,0.05%,Retail REITs,US,---,"$49,295,504.70","771,810",O,0.0006244781611169179
,2884183,Teradyne Inc,TER,0.05%,Semiconductor Materials & Equipment,US,---,"$49,130,737.80","133,620",TER,0.0006223908849778233
,2795393,Cencora Inc,COR,0.05%,Health Care Distributors,US,---,"$48,820,914.06","156,809",COR,0.0006184660208222979
,B55PZY3,Targa Resources Corp,TRGP,0.05%,Oil & Gas Storage & Transportation,US,---,"$48,763,122.09","180,357",TRGP,0.0006177339089720885
,2615468,Ford Motor Co,F,0.05%,Automobile Manufacturers,US,---,"$48,618,574.56","3,311,892",F,0.0006159027729227117
,2651086,Nucor Corp,NUE,0.05%,Steel,US,---,"$48,322,149.48","187,812",NUE,0.0006121476437279935
,BJDS7L3,Prosus NV,PRX,0.05%,Broadline Retail,NL,---,"$47,887,661.50","1,030,445",PRX.AS,0.0006066435261329097
,BFXZDY1,ASE Technology Holding Co Ltd,3711,0.05%,Semiconductors,TW,---,"$47,885,666.65","2,806,158",3711.TW,0.0006066182552635417
,2130109,ONEOK Inc,OKE,0.05%,Oil & Gas Storage & Transportation,US,---,"$47,784,312.81","526,201",OKE,0.0006053342992515175
,2138158,Sempra,SRE,0.05%,Multi-Utilities,US,---,"$47,671,246.70","538,354",SRE,0.0006039019715598315
,2654364,Cheniere Energy Inc,LNG,0.05%,Oil & Gas Storage & Transportation,US,---,"$47,327,156.34","179,562",LNG,0.0005995430159800369
,7021963,Deutsche Boerse AG,DB1,0.05%,Financial Exchanges & Data,DE,---,"$47,063,674.27","156,245",DB1.DE,0.0005962052106454081
,5069211,Bayer AG,BAYN,0.05%,Pharmaceuticals,DE,---,"$46,952,828.22","846,062",BAYN.DE,0.0005948010067957398
,BTK05J6,Anglo American PLC,AAL,0.05%,Diversified Metals & Mining,GB,---,"$46,847,668.80","925,450",AAL.L,0.0005934688414872525
,BDD1BB8,Bloom Energy Corp,BE,0.05%,Heavy Electrical Equipment,US,---,"$46,819,099.47","227,487",BE,0.0005931069236456294
,BQZJ0Q9,Keysight Technologies Inc,KEYS,0.05%,Electronic Equipment & Instruments,US,---,"$46,805,845.20","146,690",KEYS,0.0005929390178252727
,2089212,AMETEK Inc,AME,0.05%,Electrical Components & Equipment,US,---,"$46,632,385.17","192,927",AME,0.0005907416166378642
,7212477,EssilorLuxottica SA,EL,0.05%,Health Care Supplies,FR,---,"$46,531,319.08","245,779",EL.PA,0.0005894613058586447
,2754060,Rockwell Automation Inc,ROK,0.05%,Electrical Components & Equipment,US,---,"$46,347,403.28","96,541",ROK,0.0005871314504025882
,2852533,Public Storage,PSA,0.05%,Self-Storage REITs,US,---,"$46,231,828.72","142,616",PSA,0.0005856673455285247
,2175672,Cardinal Health Inc,CAH,0.05%,Health Care Distributors,US,---,"$46,162,650.43","200,681",CAH,0.0005847909911511566
,2332262,Fastenal Co,FAST,0.05%,Trading Companies & Distributors,US,---,"$46,086,524.12","965,972",FAST,0.0005838266188748054
,6870445,Takeda Pharmaceutical Co Ltd,4502,0.05%,Pharmaceuticals,JP,---,"$45,853,131.95","1,335,439",4502.T,0.0005808699940460778
,BD6K457,Compass Group PLC,CPG,0.05%,Restaurants,GB,---,"$45,633,953.22","1,437,025",CPG.L,0.0005780934258559495
,BNHKYX4,Argenx SE,ARGX,0.05%,Biotechnology,BE,---,"$45,521,102.34","53,148",ARGX.BR,0.0005766638247097251
,0408284,Standard Chartered PLC,STAN,0.05%,Diversified Banks,GB,---,"$45,455,880.26","1,537,354",STAN.L,0.0005758375878179336
,B1FLZ21,Ciena Corp,CIEN,0.05%,Communications Equipment,US,---,"$45,189,065.45","119,849",CIEN,0.0005724575631499326
,B0SWJX3,London Stock Exchange Group PLC,LSEG,0.05%,Financial Exchanges & Data,GB,---,"$45,188,593.31","401,703",LSEG.L,0.0005724515820544801
,BK73B42,Corteva Inc,CTVA,0.05%,Fertilizers & Agricultural Chemicals,US,---,"$45,075,800.22","572,682",CTVA,0.0005710227129951499
,B283W97,CaixaBank SA,CABK,0.05%,Diversified Banks,ES,---,"$44,901,128.74","3,091,016",CABK.MC,0.000568809965092602
,BN44JF6,Apollo Global Management Inc,APO,0.04%,Diversified Financial Services,US,---,"$44,621,624.64","355,296",APO,0.000565269191801916
,2573209,MetLife Inc,MET,0.04%,Life & Health Insurance,US,---,"$44,501,172.51","462,927",MET,0.0005637432976031897
,7145056,Eni SpA,ENI,0.04%,Integrated Oil & Gas,IT,---,"$44,471,302.00","1,598,728",ENI.MI,0.0005633648963418588
,6248990,KDDI Corp,9433,0.04%,Wireless Telecommunication Services,JP,---,"$44,334,829.48","2,406,400",9433.T,0.0005616360549626855
,5086577,BASF SE,BAS,0.04%,Diversified Chemicals,DE,---,"$44,257,568.00","762,357",BAS.DE,0.0005606573022904247
,2196286,Vale SA,VALE3,0.04%,Steel,BR,---,"$44,128,472.44","2,932,536",VALE3.SA,0.0005590219126457141
,2336747,Fifth Third Bancorp,FITB,0.04%,Diversified Banks,US,---,"$43,705,914.00","773,556",FITB,0.0005536689191185856
,BK9DTN5,L3Harris Technologies Inc,LHX,0.04%,Aerospace & Defense,US,---,"$43,704,275.58","157,743",LHX,0.0005536481635240347
,2480677,Devon Energy Corp,DVN,0.04%,Oil & Gas Exploration & Production,US,---,"$43,455,722.13","962,901",DVN,0.0005504994747675269
,2293819,eBay Inc,EBAY,0.04%,Broadline Retail,US,---,"$43,416,604.14","380,814",EBAY,0.000550003925921634
,6441506,Hoya Corp,7741,0.04%,Health Care Supplies,JP,---,"$43,405,619.84","283,851",7741.T,0.0005498647762059167
,BYM9ZP2,Lumentum Holdings Inc,LITE,0.04%,Communications Equipment,US,---,"$43,040,586.84","60,286",LITE,0.0005452405181123182
,2065159,Autodesk Inc,ADSK,0.04%,Application Software,US,---,"$42,986,004.80","183,544",ADSK,0.0005445490698316555
,2065955,AutoZone Inc,AZO,0.04%,Automotive Retail,US,---,"$42,767,408.75","14,179",AZO,0.0005417798830637712
,BF13KN5,Wheaton Precious Metals Corp,WPM,0.04%,Gold,CA,---,"$42,557,240.33","391,257",WPM.TO,0.0005391174579756181
,BZ8VJQ8,Vistra Corp,VST,0.04%,Independent Power Producers & Energy Traders,US,---,"$42,478,663.50","286,650",VST,0.0005381220423773111
,B0J7D57,Ameriprise Financial Inc,AMP,0.04%,Asset Management & Custody Banks,US,---,"$42,448,885.12","77,768",AMP,0.0005377448082238804
,BN6NP19,NU Holdings Ltd/Cayman Islands,NU,0.04%,Diversified Banks,US,---,"$42,417,287.22","2,960,034",NU,0.0005373445242911519
,2842040,State Street Corp,STT,0.04%,Asset Management & Custody Banks,US,---,"$42,346,487.04","229,944",STT,0.0005364476237221808
,B1Y9TB3,Danone SA,BN,0.04%,Packaged Foods & Meats,FR,---,"$42,305,751.37","543,873",BN.PA,0.0005359315820171962
,B1YXBJ7,Air Liquide SA,AI,0.04%,Industrial Gases,FR,---,"$42,298,505.77","214,704",AI.PA,0.0005358397943584285
,7333378,Lonza Group AG,LONN,0.04%,Life Sciences Tools & Services,CH,---,"$42,257,763.54","60,630",LONN.SW,0.0005353236695510035
,6639550,Nintendo Co Ltd,7974,0.04%,Interactive Home Entertainment,JP,---,"$41,942,573.51","879,260",7974.T,0.0005313308249390122
,2567116,Edwards Lifesciences Corp,EW,0.04%,Health Care Equipment,US,---,"$41,898,187.44","486,792",EW,0.0005307685397663277
,B545MG5,Swiss Re AG,SREN,0.04%,Reinsurance,CH,---,"$41,883,000.36","251,678",SREN.SW,0.0005305761490027307
,0237400,Diageo PLC,DGE,0.04%,Distillers & Vintners,GB,---,"$41,698,894.44","1,898,136",DGE.L,0.0005282438850960718
,BM93SF4,NetEase Inc,9999,0.04%,Interactive Home Entertainment,HK,---,"$41,674,772.00","1,566,355",9999.HK,0.0005279383007012162
,BL56KN2,Alimentation Couche-Tard Inc,ATD,0.04%,Food Retail,CA,---,"$41,610,497.82","640,937",ATD.TO,0.0005271240718586886
,2955733,Westinghouse Air Brake Technologies Corp,WAB,0.04%,Construction Machinery & Heavy Transportation Equipment,US,---,"$41,599,088.06","143,021",WAB,0.0005269795323923225
,B01FLR7,Ping An Insurance Group Co of China Ltd,2318,0.04%,Life & Health Insurance,HK,---,"$41,507,345.78","5,555,966",2318.HK,0.0005258173361502973
,2640147,NIKE Inc,NKE,0.04%,Footwear,US,---,"$41,425,078.99","993,169",NKE,0.0005247751759360377
,BK4N0D7,Carrier Global Corp,CARR,0.04%,Building Products,US,---,"$41,344,832.62","668,902",CARR,0.0005237586105133104
,6474535,Japan Tobacco Inc,2914,0.04%,Tobacco,JP,---,"$41,121,674.61","922,282",2914.T,0.0005209316325855783
,B3Z5T14,Garmin Ltd,GRMN,0.04%,Consumer Electronics,US,---,"$41,091,008.60","139,870",GRMN,0.0005205431538865543
,2317087,Entergy Corp,ETR,0.04%,Electric Utilities,US,---,"$41,038,842.22","381,331",ETR,0.0005198823073194528
,6569464,Marubeni Corp,8002,0.04%,Trading Companies & Distributors,JP,---,"$40,876,850.99","1,264,728",8002.T,0.0005178301935203732
,B0X7DZ3,Chipotle Mexican Grill Inc,CMG,0.04%,Restaurants,US,---,"$40,735,354.56","1,094,448",CMG,0.0005160377089733794
,4056719,Generali,G,0.04%,Multi-line Insurance,IT,---,"$40,658,005.50","802,265",G.MI,0.0005150578468328681
,4942904,E.ON SE,EOAN,0.04%,Multi-Utilities,DE,---,"$40,590,990.46","1,884,162",EOAN.DE,0.0005142088966253177
,2614807,Xcel Energy Inc,XEL,0.04%,Electric Utilities,US,---,"$40,577,276.20","518,891",XEL,0.0005140351636263758
,BMTQ7V2,Astera Labs Inc,ALAB,0.04%,Semiconductors,US,---,"$40,410,725.66","129,842",ALAB,0.000511925292237794
,B154564,Bank of China Ltd,3988,0.04%,Diversified Banks,HK,---,"$40,328,393.77","57,488,410",3988.HK,0.0005108823073331588
,2087807,Becton Dickinson & Co,BDX,0.04%,Health Care Equipment,US,---,"$39,823,163.38","240,449",BDX,0.0005044820210026369
,BYW36M8,PayPal Holdings Inc,PYPL,0.04%,Transaction & Payment Processing Services,US,---,"$39,726,967.26","694,406",PYPL,0.0005032634032708626
,4768962,RWE AG,RWE,0.04%,Independent Power Producers & Energy Traders,DE,---,"$39,707,375.64","603,612",RWE.DE,0.0005030152155526242
,5902941,Nokia Oyj,NOKIA,0.04%,Communications Equipment,FI,---,"$39,504,387.12","4,274,011",NOKIA.HE,0.0005004437458320303
,BNG8Z81,Coherent Corp,COHR,0.04%,Electronic Components,US,---,"$39,487,655.34","150,206",COHR,0.00050023178672399
,BD6G507,Ferrari NV,RACE,0.04%,Automobile Manufacturers,IT,---,"$39,395,186.06","100,193",RACE.MI,0.000499060380806034
,2670519,Exelon Corp,EXC,0.04%,Electric Utilities,US,---,"$39,032,820.86","851,873",EXC,0.0004944699185493657
,6220103,Rio Tinto Ltd,RIO,0.04%,Diversified Metals & Mining,AU,---,"$38,848,816.92","325,963",RIO.AX,0.0004921389465309483
,2566124,Sun Life Financial Inc,SLF,0.04%,Life & Health Insurance,CA,---,"$38,797,103.19","467,610",SLF.TO,0.0004914838341589087
,BSZBP53,Reckitt Benckiser Group PLC,RKT,0.04%,Household Products,GB,---,"$38,756,004.66","549,128",RKT.L,0.0004909631957235139
,6661144,ORIX Corp,8591,0.04%,Diversified Financial Services,JP,---,"$38,614,193.41","956,760",8591.T,0.0004891667230194685
,2122117,Take-Two Interactive Software Inc,TTWO,0.04%,Interactive Home Entertainment,US,---,"$38,291,965.44","157,632",TTWO,0.00048508472139699525
,7110753,Holcim AG,HOLN,0.04%,Construction Materials,CH,---,"$38,274,919.62","421,418",HOLN.SW,0.00048486878401298605
,BS6VHW3,Ferguson Enterprises Inc,FERG,0.04%,Trading Companies & Distributors,US,---,"$38,268,666.63","163,311",FERG,0.0004847895707922179
,2927925,Ventas Inc,VTR,0.04%,Health Care REITs,US,---,"$38,137,024.89","407,839",VTR,0.0004831219259994173
,BMGT167,Woodside Energy Group Ltd,WDS,0.04%,Oil & Gas Exploration & Production,AU,---,"$38,090,416.99","1,627,453",WDS.AX,0.00048253149456225786
,BMX86B7,Haleon PLC,HLN,0.04%,Pharmaceuticals,GB,---,"$37,592,570.34","7,678,911",HLN.L,0.0004762247458556113
,6536651,BYD Co Ltd,1211,0.04%,Automobile Manufacturers,HK,---,"$37,585,750.92","3,143,980",1211.HK,0.00047613835706849166
,2459202,IDEXX Laboratories Inc,IDXX,0.04%,Health Care Equipment,US,---,"$37,580,126.33","67,219",IDXX,0.00047606710445343846
,2445063,Humana Inc,HUM,0.04%,Managed Health Care,US,---,"$37,209,779.04","102,264",HUM,0.0004713755246422304
,7380482,Cie de Saint-Gobain SA,SGO,0.04%,Building Products,FR,---,"$37,200,180.76","395,801",SGO.PA,0.0004712539331040006
,5165294,ASM International NV,ASM,0.04%,Semiconductor Materials & Equipment,NL,---,"$37,193,206.79","40,159",ASM.AS,0.00047116558646899225
,B6WVMH3,CBRE Group Inc,CBRE,0.04%,Real Estate Services,US,---,"$36,976,007.03","251,863",CBRE,0.0004684140879795197
,BYQHPG3,Carvana Co,CVNA,0.04%,Automotive Retail,US,---,"$36,672,544.08","588,078",CVNA,0.00046456980266108345
,6916628,United Microelectronics Corp,2303,0.04%,Semiconductors,TW,---,"$36,356,013.60","9,718,008",2303.TW,0.00046055997715486747
,BYQFRK5,Waste Connections Inc,WCN,0.04%,Environmental & Facilities Services,CA,---,"$36,339,431.58","216,924",WCN.TO,0.00046034991521473265
,B03FYZ4,GOODMAN GROUP,GMG,0.04%,Industrial REITs,AU,---,"$36,293,347.48","1,743,287",GMG.AX,0.00045976611930474313
,B15C4L6,Constellation Software Inc/Canada,CSU,0.04%,Application Software,CA,---,"$36,249,667.78","16,922",CSU.TO,0.0004592127824660164
,BYNZGK1,Block Inc,XYZ,0.04%,Transaction & Payment Processing Services,US,---,"$36,232,146.36","445,989",XYZ,0.0004589908201550847
,2965107,Nasdaq Inc,NDAQ,0.04%,Financial Exchanges & Data,US,---,"$36,152,099.99","383,821",NDAQ,0.0004579767883433425
,6185495,CSL Ltd,CSL,0.04%,Biotechnology,AU,---,"$36,059,197.63","417,061",CSL.AX,0.0004567998961441595
,B601QS4,Daiichi Life Group Inc,8750,0.04%,Life & Health Insurance,JP,---,"$35,846,541.47","2,973,000",8750.T,0.00045410595622904614
,2098876,Yum! Brands Inc,YUM,0.04%,Restaurants,US,---,"$35,823,988.48","233,716",YUM,0.0004538202537129932
,2027342,American International Group Inc,AIG,0.04%,Property & Casualty Insurance,US,---,"$35,807,491.56","455,682",AIG,0.00045361126982433267
,2819118,Prudential Financial Inc,PRU,0.04%,Life & Health Insurance,US,---,"$35,782,014.24","293,103",PRU,0.00045328852173521963
,6771689,Samsung Electro-Mechanics Co Ltd,009150,0.04%,Electronic Components,KR,---,"$35,714,690.69","46,738",009150.KS,0.00045243566330604394
,5176177,Orange SA,ORA,0.04%,Integrated Telecommunication Services,FR,---,"$35,709,871.32","1,869,463",ORA.PA,0.00045237461126217793
,4057808,L'Oreal SA,OR,0.04%,Personal Care Products,FR,---,"$35,661,903.29","80,068",OR.PA,0.0004517669496234727
,B1WT5G2,DSV A/S,DSV,0.04%,Air Freight & Logistics,DK,---,"$35,654,110.90","164,973",DSV.CO,0.0004516682351989523
,2684532,PETROBRAS - PETROLEO BRAS-PR,PETR4,0.04%,Integrated Oil & Gas,BR,---,"$35,568,895.84","4,152,558",PETR4.SA,0.00045058872613839765
,2353058,Flex Ltd,FLEX,0.04%,Electronic Manufacturing Services,US,---,"$35,566,440.00","312,672",FLEX,0.00045055761542238946
,2868165,Sysco Corp,SYY,0.04%,Food Distributors,US,---,"$35,543,289.96","416,979",SYY,0.00045026434944414335
,BLGZ986,Tesco PLC,TSCO,0.04%,Food Retail,GB,---,"$35,513,916.13","5,395,482",TSCO.L,0.00044989224015233283
,6858946,Sumitomo Corp,8053,0.04%,Trading Companies & Distributors,JP,---,"$35,486,997.45","3,418,800",8053.T,0.00044955123283557246
,6356707,Fujikura Ltd,5803,0.04%,Electrical Components & Equipment,JP,---,"$35,465,977.07","1,397,600",5803.T,0.0004492849455071788
,7108918,Roche Holding AG,RO,0.04%,Pharmaceuticals,CH,---,"$35,441,483.33","79,950",RO.SW,0.0004489746574635293
,B29NF31,Franco-Nevada Corp,FNV,0.04%,Gold,CA,---,"$35,422,023.41","166,498",FNV.TO,0.00044872813812812457
,2262530,Republic Services Inc,RSG,0.04%,Environmental & Facilities Services,US,---,"$35,311,972.15","167,713",RSG,0.0004473340027218307
,6316121,Elite Material Co Ltd,2383,0.04%,Electronic Components,TW,---,"$35,170,382.95","245,000",2383.TW,0.00044554034295938156
,6882172,Teva Pharmaceutical Industries Ltd,TEVA,0.04%,Pharmaceuticals,IL,---,"$35,041,136.01","984,876",TEVA.TA,0.00044390303562451635
,2749602,Roper Technologies Inc,ROP,0.04%,Application Software,US,---,"$35,022,519.50","89,350",ROP,0.00044366720065331636
,BV2FFX7,Naspers Ltd,NPN,0.04%,Broadline Retail,ZA,---,"$34,915,784.51","664,523",NPN.JO,0.00044231507593752996
,2655408,Occidental Petroleum Corp,OXY,0.04%,Integrated Oil & Gas,US,---,"$34,745,928.10","608,830",OXY,0.0004401633256062118
,B57FG04,Cenovus Energy Inc,CVE,0.04%,Integrated Oil & Gas,CA,---,"$34,742,119.61","1,152,194",CVE.TO,0.0004401150794457088
,6250724,Daikin Industries Ltd,6367,0.03%,Building Products,JP,---,"$34,716,328.33","239,663",6367.T,0.0004397883540940714
,BD3W133,Keurig Dr Pepper Inc,KDP,0.03%,Soft Drinks & Non-alcoholic Beverages,US,---,"$34,666,466.32","1,113,961",KDP,0.00043915669941269856
,BDT5S35,Axon Enterprise Inc,AXON,0.03%,Aerospace & Defense,US,---,"$34,541,364.24","65,449",AXON,0.0004375718993919717
,BRC2T72,Galderma Group AG,GALD,0.03%,Pharmaceuticals,CH,---,"$34,514,458.53","158,606",GALD.SW,0.00043723105637988373
,5529027,Mercedes-Benz Group AG,MBG,0.03%,Automobile Manufacturers,DE,---,"$34,511,528.00","638,285",MBG.DE,0.0004371939322648831
,B2972D2,MSCI Inc,MSCI,0.03%,Financial Exchanges & Data,US,---,"$34,435,114.24","60,176",MSCI,0.00043622591855614363
,2520153,Agilent Technologies Inc,A,0.03%,Life Sciences Tools & Services,US,---,"$34,295,281.24","247,852",A,0.00043445450643175447
,B5BSZB3,Nebius Group NV,NBIS,0.03%,Systems Software,US,---,"$34,210,203.06","179,666",NBIS,0.00043337673137455794
,BKPQZT6,JD.com Inc,9618,0.03%,Broadline Retail,HK,---,"$34,155,274.68","2,076,312",9618.HK,0.0004326808956397525
,2656423,Old Dominion Freight Line Inc,ODFL,0.03%,Cargo Ground Transportation,US,---,"$34,120,809.74","160,841",ODFL,0.0004322442918868305
,B1W4V69,Prysmian SpA,PRY,0.03%,Electrical Components & Equipment,IT,---,"$34,116,745.64","247,235",PRY.MI,0.000432192807644808
,BDR73G1,IQVIA Holdings Inc,IQV,0.03%,Life Sciences Tools & Services,US,---,"$33,880,483.20","144,160",IQV,0.00042919982207806936
,2592174,Microchip Technology Inc,MCHP,0.03%,Semiconductors,US,---,"$33,737,540.57","454,133",MCHP,0.00042738901699004237
,6858708,Sumitomo Electric Industries Ltd,5802,0.03%,Automotive Parts & Equipment,JP,---,"$33,643,600.79","2,542,000",5802.T,0.0004261989826973185
,B7Y8YR3,Diamondback Energy Inc,FANG,0.03%,Oil & Gas Exploration & Production,US,---,"$33,541,140.60","165,268",FANG,0.0004249010113827275
,B1VQ252,Sandvik AB,SAND,0.03%,Industrial Machinery & Supplies & Components,SE,---,"$33,539,034.37","896,892",SAND.ST,0.00042487432954540187
,B11ZRK9,Legrand SA,LR,0.03%,Electrical Components & Equipment,FR,---,"$33,391,545.77","219,639",LR.PA,0.0004230059358597255
,0790873,SSE PLC,SSE,0.03%,Electric Utilities,GB,---,"$33,357,587.76","1,055,839",SSE.L,0.0004225757539238869
,6356945,Fujitsu Ltd,6702,0.03%,IT Consulting & Other Services,JP,---,"$33,322,335.10","1,445,700",6702.T,0.000422129171290739
,BF5M0K5,SoftBank Corp,9434,0.03%,Wireless Telecommunication Services,JP,---,"$33,304,554.11","23,728,330",9434.T,0.00042190392073279025
,6496584,Komatsu Ltd,6301,0.03%,Construction Machinery & Heavy Transportation Equipment,JP,---,"$33,200,034.51","765,150",6301.T,0.0004205798606992052
,2674458,Paychex Inc,PAYX,0.03%,Human Resource & Employment Services,US,---,"$33,158,140.44","283,791",PAYX,0.00042004914431939495
,2047317,Archer-Daniels-Midland Co,ADM,0.03%,Agricultural Products & Services,US,---,"$32,805,017.53","413,839",ADM,0.0004155757639000835
,2476193,Hartford Insurance Group Inc/The,HIG,0.03%,Property & Casualty Insurance,US,---,"$32,764,890.35","230,885",HIG,0.0004150674305798405
,2216850,Consolidated Edison Inc,ED,0.03%,Multi-Utilities,US,---,"$32,740,882.65","300,789",ED,0.0004147632997176069
,B62G7K6,Sompo Holdings Inc,8630,0.03%,Property & Casualty Insurance,JP,---,"$32,730,283.87","737,225",8630.T,0.00041462903379042425
,B1WT4X2,Interactive Brokers Group Inc,IBKR,0.03%,Investment Banking & Brokerage,US,---,"$32,687,317.11","371,489",IBKR,0.000414084728514776
,2689560,PG&E Corp,PCG,0.03%,Electric Utilities,US,---,"$32,606,652.76","1,876,102",PCG,0.0004130628680984511
,0709954,Prudential PLC,PRU,0.03%,Life & Health Insurance,GB,---,"$32,585,559.15","2,168,244",PRU.L,0.00041279565308839525
,B1YW440,3i Group PLC,III,0.03%,Asset Management & Custody Banks,GB,---,"$32,532,982.36","845,061",III.L,0.0004121296074248719
,B037HR3,ITAU UNIBANCO HOLDING S-PREF,ITUB4,0.03%,Diversified Banks,BR,---,"$32,489,317.78","3,839,898",ITUB4.SA,0.00041157646212713564
,2340168,M&T Bank Corp,MTB,0.03%,Regional Banks,US,---,"$32,478,262.30","131,870",MTB,0.00041143641069926853
,6435145,Honda Motor Co Ltd,7267,0.03%,Automobile Manufacturers,JP,---,"$32,225,792.17","3,197,123",7267.T,0.0004082381052253954
,BSCB6L9,Celestica Inc,CLS,0.03%,Electronic Manufacturing Services,CA,---,"$32,200,390.51","97,312",CLS.TO,0.000407916315601318
,6356934,FANUC Corp,6954,0.03%,Industrial Machinery & Supplies & Components,JP,---,"$32,198,299.67","799,055",6954.T,0.0004078898287253577
,5289837,Erste Group Bank AG,EBS,0.03%,Diversified Banks,AT,---,"$32,181,798.94","246,183",EBS.VI,0.00040768079657140785
,2166160,Cameco Corp,CCO,0.03%,Coal & Consumable Fuels,CA,---,"$32,098,254.63","371,937",CCO.TO,0.0004066224526636198
,2937689,Waters Corp,WAT,0.03%,Life Sciences Tools & Services,US,---,"$32,075,877.72","85,012",WAT,0.0004063389807386781
,B2Q4CS1,MS&AD Insurance Group Holdings Inc,8725,0.03%,Property & Casualty Insurance,JP,---,"$31,936,963.50","1,037,468",8725.T,0.00040457920776979336
,2707677,Public Service Enterprise Group Inc,PEG,0.03%,Multi-Utilities,US,---,"$31,847,197.68","415,326",PEG,0.00040344204943160616
,BF2DSG3,Sika AG,SIKA,0.03%,Specialty Chemicals,CH,---,"$31,660,451.10","140,719",SIKA.SW,0.000401076333499028
,4588825,Danske Bank A/S,DANSKE,0.03%,Diversified Banks,DK,---,"$31,612,374.80","549,306",DANSKE.CO,0.00040046730029001605
,6640400,NEC Corp,6701,0.03%,IT Consulting & Other Services,JP,---,"$31,537,439.33","1,061,200",6701.T,0.00039951801364019224
,2491839,Kimberly-Clark Corp,KMB,0.03%,Household Products,US,---,"$31,523,692.28","288,388",KMB,0.00039934386525572956
,2697701,Power Corp of Canada,POW,0.03%,Life & Health Insurance,CA,---,"$31,523,075.94","461,280",POW.TO,0.00039933605742675674
,B4TP9G2,Dollarama Inc,DOL,0.03%,Broadline Retail,CA,---,"$31,469,284.03","231,006",DOL.TO,0.0003986546185563324
,BQ84ZQ6,Kenvue Inc,KVUE,0.03%,Personal Care Products,US,---,"$31,447,626.08","1,634,492",KVUE,0.00039838025445615996
,6869302,TDK Corp,6762,0.03%,Electronic Components,JP,---,"$31,280,852.84","1,626,800",6762.T,0.00039626756189174624
,BVFTF03,Iron Mountain Inc,IRM,0.03%,Other Specialized REITs,US,---,"$31,150,622.80","254,665",IRM,0.00039461780059208394
,BYQRG48,Natera Inc,NTRA,0.03%,Biotechnology,US,---,"$31,029,903.12","115,887",NTRA,0.00039308851705526236
,2250687,DR Horton Inc,DHI,0.03%,Homebuilding,US,---,"$31,024,993.02","216,867",DHI,0.00039302631563877286
,BD0Q398,Koninklijke Ahold Delhaize NV,AD,0.03%,Food Retail,NL,---,"$30,860,239.76","780,185",AD.AS,0.0003909392122919475
,6076425,Bank Leumi Le-Israel BM,LUMI,0.03%,Diversified Banks,IL,---,"$30,666,201.98","1,297,858",LUMI.TA,0.00038848113103729694
,BRF6FX9,Anglogold Ashanti Plc,ANG,0.03%,Gold,ZA,---,"$30,421,549.27","402,280",ANG.JO,0.00038538185706935897
,BL71K91,Revolution Medicines Inc,RVMD,0.03%,Biotechnology,US,---,"$30,420,741.54","162,218",RVMD,0.00038537162470135404
,2474164,EMCOR Group Inc,EME,0.03%,Construction & Engineering,US,---,"$30,384,475.29","38,103",EME,0.0003849122018544143
,BVV7RC7,Carnival Corp Ltd,CCL,0.03%,"Hotels, Resorts & Cruise Lines",US,---,"$30,368,937.15","1,092,015",CCL,0.00038471536384345514
,6451055,Hyundai Motor Co,005380,0.03%,Automobile Manufacturers,KR,---,"$30,262,581.26","114,217",005380.KS,0.00038336804158729104
,2630643,NetApp Inc,NTAP,0.03%,"Technology Hardware, Storage & Peripherals",US,---,"$30,231,474.00","169,364",NTAP,0.00038297397310903107
,2566351,Fairfax Financial Holdings Ltd,FFH,0.03%,Property & Casualty Insurance,CA,---,"$30,171,550.82","18,017",FFH.TO,0.000382214862973484
,2931205,Vulcan Materials Co,VMC,0.03%,Construction Materials,US,---,"$30,165,513.83","112,319",VMC,0.0003821383860525797
,B3DF0Y6,KB Financial Group Inc,105560,0.03%,Diversified Banks,KR,---,"$30,130,061.75","257,441",105560.KS,0.00038168927715591855
,2445966,Huntington Bancshares Inc/OH,HBAN,0.03%,Regional Banks,US,---,"$29,862,395.52","1,752,488",HBAN,0.0003782984666525929
,2740542,Arch Capital Group Ltd,ACGL,0.03%,Property & Casualty Insurance,US,---,"$29,776,784.94","296,198",ACGL,0.0003772139471229541
,BYT8165,Japan Post Bank Co Ltd,7182,0.03%,Diversified Banks,JP,---,"$29,759,390.80","1,539,136",7182.T,0.00037699359720205327
,6527666,CTBC Financial Holding Co Ltd,2891,0.03%,Diversified Banks,TW,---,"$29,746,159.96","14,903,382",2891.TW,0.00037682598819422356
,B04YJV1,Intact Financial Corp,IFC,0.03%,Property & Casualty Insurance,CA,---,"$29,718,399.97","151,356",IFC.TO,0.0003764743231161739
,B19NLV4,Experian PLC,EXPN,0.03%,Research & Consulting Services,GB,---,"$29,666,120.58","786,280",EXPN.L,0.0003758120449321853
,7320154,OTP Bank Nyrt,OTP,0.03%,Diversified Banks,HU,---,"$29,622,878.73","199,963",OTP.BD,0.0003752642548013077
,BT6C8Z3,Rocket Lab Corp,RKLB,0.03%,Aerospace & Defense,US,---,"$29,582,256.90","455,462",RKLB,0.00037474965522769574
,BLPLD38,Sandoz Group AG,SDZ,0.03%,Pharmaceuticals,CH,---,"$29,511,901.49","362,030",SDZ.SW,0.0003738583890295138
,6981239,Woolworths Group Ltd,WOW,0.03%,Food Retail,AU,---,"$29,507,252.77","1,057,395",WOW.AX,0.0003737994987892209
,2421041,Grupo Financiero Banorte SAB de CV,GFNORTEO,0.03%,Diversified Banks,MX,---,"$29,344,392.49","2,533,803",GFNORTEO.MX,0.0003717363758170082
,2643674,Grupo Mexico SAB de CV,GMEXICOB,0.03%,Diversified Metals & Mining,MX,---,"$29,315,307.30","2,444,283",GMEXICOB.MX,0.0003713679230325714
,BJT1GR5,Alcon AG,ALC,0.03%,Health Care Supplies,CH,---,"$29,191,344.67","425,039",ALC.SW,0.0003697975576270293
,5962343,STMicroelectronics NV,STMMI,0.03%,Semiconductors,IT,---,"$29,162,953.95","547,956",STMMI.MI,0.00036943790242669643
,2648668,Northern Trust Corp,NTRS,0.03%,Asset Management & Custody Banks,US,---,"$29,082,625.32","159,628",NTRS,0.0003684202949297711
,5669354,Repsol SA,REP,0.03%,Integrated Oil & Gas,ES,---,"$29,032,789.67","951,239",REP.MC,0.0003677889741783261
,2849472,Steel Dynamics Inc,STLD,0.03%,Steel,US,---,"$28,986,107.38","115,363",STLD,0.0003671976003645607
,BLD13F2,Credo Technology Group Holding Ltd,CRDO,0.03%,Semiconductors,US,---,"$28,947,344.51","139,849",CRDO,0.000366706550198333
,7437805,Swiss Life Holding AG,SLHN,0.03%,Life & Health Insurance,CH,---,"$28,886,349.25","24,480",SLHN.SW,0.00036593385889446145
,B748CK2,Expedia Group Inc,EXPE,0.03%,"Hotels, Resorts & Cruise Lines",US,---,"$28,853,867.04","97,896",EXPE,0.00036552237247408176
,6200882,Transurban Group,TCL,0.03%,Highways & Railtracks,AU,---,"$28,729,791.80","2,766,534",TCL.AX,0.0003639505805188745
,BDRJLN0,Nutrien Ltd,NTR,0.03%,Fertilizers & Agricultural Chemicals,CA,---,"$28,596,674.79","414,306",NTR.TO,0.0003622642469246841
,BTGQCX1,Crown Castle Inc,CCI,0.03%,Telecom Tower REITs,US,---,"$28,563,820.60","374,362",CCI,0.00036184804824123323
,BL5GZ82,Ingersoll Rand Inc,IR,0.03%,Industrial Machinery & Supplies & Components,US,---,"$28,507,205.10","341,895",IR,0.00036113083997760194
,B8K6ZD1,Workday Inc,WDAY,0.03%,Application Software,US,---,"$28,504,283.16","177,774",WDAY,0.00036109382468119307
,6606996,FirstRand Ltd,FSR,0.03%,Diversified Financial Services,ZA,---,"$28,361,900.61","4,742,340",FSR.JO,0.00035929011471736875
,4497749,KBC Group NV,KBC,0.03%,Diversified Banks,BE,---,"$28,326,931.16","196,908",KBC.BR,0.0003588471198040563
,2471789,Jabil Inc,JBL,0.03%,Electronic Manufacturing Services,US,---,"$28,308,187.65","89,853",JBL,0.0003586096759898808
,6635677,Renesas Electronics Corp,6723,0.03%,Semiconductors,JP,---,"$28,129,862.79","1,403,423",6723.T,0.0003563506468688293
,B95WG16,Zoetis Inc,ZTS,0.03%,Pharmaceuticals,US,---,"$28,108,363.46","363,674",ZTS,0.0003560782921755291
,6075808,Bank Hapoalim BM,POLI,0.03%,Diversified Banks,IL,---,"$28,036,717.13","1,154,822",POLI.TA,0.00035517067253188286
,6411673,Fubon Financial Holding Co Ltd,2881,0.03%,Life & Health Insurance,TW,---,"$27,982,092.92","7,020,145",2881.TW,0.00035447869003934405
,BYY8XK8,WEC Energy Group Inc,WEC,0.03%,Multi-Utilities,US,---,"$27,915,449.24","255,122",WEC,0.00035363444424067053
,2497406,Kroger Co/The,KR,0.03%,Food Retail,US,---,"$27,786,277.94","481,231",KR,0.00035199809511748004
,2179414,Casey's General Stores Inc,CASY,0.03%,Food Retail,US,---,"$27,742,221.00","31,851",CASY,0.00035143997938171315
,BDB6Q21,Willis Towers Watson PLC,WTW,0.03%,Insurance Brokers,US,---,"$27,693,580.72","82,441",WTW,0.0003508238016430843
,2319414,EQT Corp,EQT,0.03%,Oil & Gas Exploration & Production,US,---,"$27,644,507.24","518,756",EQT,0.0003502021361030618
,B5834C5,Cboe Global Markets Inc,CBOE,0.03%,Financial Exchanges & Data,US,---,"$27,494,133.75","88,625",CBOE,0.00034829719647241165
,B02HWR9,Extra Space Storage Inc,EXR,0.03%,Self-Storage REITs,US,---,"$27,489,547.60","185,690",EXR,0.00034823909887231536
,2583576,ON Semiconductor Corp,ON,0.03%,Semiconductors,US,---,"$27,458,827.04","336,464",ON,0.000347849929130895
,B0796X4,Dexcom Inc,DXCM,0.03%,Health Care Equipment,US,---,"$27,451,962.35","328,963",DXCM,0.0003477629668609289
,BMC9P69,Coinbase Global Inc,COIN,0.03%,Financial Exchanges & Data,US,---,"$27,372,851.52","187,152",COIN,0.00034676078652129167
,BQRX1X3,Citizens Financial Group Inc,CFG,0.03%,Regional Banks,US,---,"$27,265,332.75","380,535",CFG,0.0003453987328374159
,6005214,Accton Technology Corp,2345,0.03%,Communications Equipment,TW,---,"$27,223,114.04","420,000",2345.TW,0.0003448639039002546
,6503138,Kuwait Finance House KSCP,KFH,0.03%,Diversified Banks,KW,---,"$27,207,119.17","10,724,606",KFH.KW,0.00034466128000856935
,2572079,Martin Marietta Materials Inc,MLM,0.03%,Construction Materials,US,---,"$27,089,872.04","51,586",MLM,0.00034317598692587905
,2613990,Illumina Inc,ILMN,0.03%,Life Sciences Tools & Services,US,---,"$26,910,555.70","131,207",ILMN,0.00034090439768173005
,BL6JPG8,GE HealthCare Technologies Inc,GEHC,0.03%,Health Care Equipment,US,---,"$26,813,756.08","394,204",GEHC,0.0003396781347788083
,2503477,Teledyne Technologies Inc,TDY,0.03%,Electronic Equipment & Instruments,US,---,"$26,681,699.00","40,700",TDY,0.00033800522843607496
,5980613,Givaudan SA,GIVN,0.03%,Specialty Chemicals,CH,---,"$26,635,033.85","6,664",GIVN.SW,0.00033741407175277106
,5596991,UCB SA,UCB,0.03%,Pharmaceuticals,BE,---,"$26,623,460.29","103,721",UCB.BR,0.00033726745725900815
,4031976,adidas AG,ADS,0.03%,"Apparel, Accessories & Luxury Goods",DE,---,"$26,614,638.68","143,845",ADS.DE,0.0003371557046189973
,BFH3N85,Veeva Systems Inc,VEEV,0.03%,Health Care Technology,US,---,"$26,596,346.70","130,515",VEEV,0.00033692398081166223
,B5LTM93,Otsuka Holdings Co Ltd,4578,0.03%,Pharmaceuticals,JP,---,"$26,515,387.43","382,400",4578.T,0.00033589838433257873
,BF09HX3,Tapestry Inc,TPR,0.03%,"Apparel, Accessories & Luxury Goods",US,---,"$26,456,460.21","173,633",TPR,0.00033515189107301513
,6270948,Disco Corp,6146,0.03%,Semiconductor Materials & Equipment,JP,---,"$26,378,648.31","73,800",6146.T,0.0003341661656499623
,BRS7CF0,Ferrovial NV,FER,0.03%,Construction & Engineering,ES,---,"$26,342,456.41","402,138",FER.MC,0.00033370768467290624
,2718992,Raymond James Financial Inc,RJF,0.03%,Investment Banking & Brokerage,US,---,"$26,298,979.14","149,443",RJF,0.000333156912228538
,2807061,Centene Corp,CNC,0.03%,Managed Health Care,US,---,"$26,225,730.00","421,500",CNC,0.0003322289880997767
,6137720,Unimicron Technology Corp,3037,0.03%,Electronic Components,TW,---,"$26,224,137.73","1,117,682",3037.TW,0.0003322088171359606
,2732903,ResMed Inc,RMD,0.03%,Health Care Equipment,US,---,"$26,083,246.42","123,629",RMD,0.00033042399828236334
,2974329,Strategy Inc,MSTR,0.03%,Application Software,US,---,"$25,944,246.24","278,133",MSTR,0.00032866313636747713
,2455965,Biogen Inc,BIIB,0.03%,Biotechnology,US,---,"$25,905,755.70","127,646",BIIB,0.00032817553609264727
,BYPBS67,ArcelorMittal SA,MT,0.03%,Steel,NL,---,"$25,789,406.54","365,096",MT.AS,0.0003267016185432384
,6421553,Resona Holdings Inc,8308,0.03%,Regional Banks,JP,---,"$25,715,193.92","1,896,289",8308.T,0.0003257614889969176
,B0J2D41,Baidu Inc,9888,0.03%,Interactive Media & Services,HK,---,"$25,470,828.63","1,838,704",9888.HK,0.00032266585608132635
,2126249,Mettler-Toledo International Inc,MTD,0.03%,Life Sciences Tools & Services,US,---,"$25,442,413.20","17,964",MTD,0.0003223058878533563
,BH4HKS3,Vodafone Group PLC,VOD,0.03%,Wireless Telecommunication Services,GB,---,"$25,353,374.42","15,975,763",VOD.L,0.0003211779396978221
,B4PT2P8,Pembina Pipeline Corp,PPL,0.03%,Oil & Gas Storage & Transportation,CA,---,"$25,149,684.33","514,387",PPL.TO,0.0003185975824499341
,0454492,Imperial Brands PLC,IMB,0.03%,Tobacco,GB,---,"$25,098,347.42","661,338",IMB.L,0.00031794724365435175
,6425663,Cathay Financial Holding Co Ltd,2882,0.03%,Life & Health Insurance,TW,---,"$25,006,052.28","8,034,640",2882.TW,0.0003167780437514805
,2682365,Petroleo Brasileiro SA - Petrobras,PETR3,0.03%,Integrated Oil & Gas,BR,---,"$24,992,662.34","2,583,433",PETR3.SA,0.0003166084192561121
,6280215,Gold Fields Ltd,GFI,0.03%,Gold,ZA,---,"$24,970,188.90","773,240",GFI.JO,0.00031632372448382853
,B0J7D91,Daiichi Sankyo Co Ltd,4568,0.03%,Pharmaceuticals,JP,---,"$24,948,546.69","1,543,700",4568.T,0.0003160495597788406
,6499260,Kyocera Corp,6971,0.03%,Electronic Components,JP,---,"$24,927,817.70","1,093,000",6971.T,0.0003157869637949717
,7133608,Equinor ASA,EQNR,0.03%,Integrated Oil & Gas,NO,---,"$24,910,552.81","606,821",EQNR.OL,0.00031556825122017006
,2342034,Fiserv Inc,FISV,0.03%,Transaction & Payment Processing Services,US,---,"$24,907,280.46","461,759",FISV,0.00031552679691063476
,6397502,Shinhan Financial Group Co Ltd,055550,0.03%,Diversified Banks,KR,---,"$24,892,458.10","358,578",055550.KS,0.0003153390264400301
,6010906,Ajinomoto Co Inc,2802,0.03%,Packaged Foods & Meats,JP,---,"$24,861,885.11","806,200",2802.T,0.00031495172612347515
,6900580,Toyota Tsusho Corp,8015,0.03%,Trading Companies & Distributors,JP,---,"$24,845,093.23","598,600",8015.T,0.0003147390056653338
,BDSFG98,TechnipFMC PLC,FTI,0.03%,Oil & Gas Equipment & Services,US,---,"$24,838,000.94","346,609",FTI,0.0003146491601460666
,BD6P5Q0,Twilio Inc,TWLO,0.02%,Internet Services & Infrastructure,US,---,"$24,749,663.50","125,410",TWLO,0.0003135300966041738
,BP6VLQ4,Daimler Truck Holding AG,DTG,0.02%,Construction Machinery & Heavy Transportation Equipment,DE,---,"$24,539,239.89","433,857",DTG.DE,0.0003108644387550843
,B90LKT4,Commerzbank AG,CBK,0.02%,Diversified Banks,DE,---,"$24,506,398.93","561,893",CBK.DE,0.0003104484076700001
,2278407,Dover Corp,DOV,0.02%,Industrial Machinery & Supplies & Components,US,---,"$24,423,238.58","119,359",DOV,0.0003093949277885812
,B3P2CN8,Xylem Inc/NY,XYL,0.02%,Industrial Machinery & Supplies & Components,US,---,"$24,389,063.79","208,507",XYL,0.0003089619996717958
,B75JX34,LPL Financial Holdings Inc,LPLA,0.02%,Investment Banking & Brokerage,US,---,"$24,303,788.10","68,713",LPLA,0.0003078817225470709
,2829515,Edison International,EIX,0.02%,Electric Utilities,US,---,"$24,301,538.03","331,219",EIX,0.00030785321853672487
,2050832,Ameren Corp,AEE,0.02%,Multi-Utilities,US,---,"$24,232,030.75","221,075",AEE,0.0003069726964959669
,B01R311,Regions Financial Corp,RF,0.02%,Regional Banks,US,---,"$24,145,394.90","780,142",RF,0.0003058751887896546
,B5B1S13,Dollar General Corp,DG,0.02%,Consumer Staples Merchandise Retail,US,---,"$24,101,766.15","189,703",DG,0.00030532249738832634
,BNYK8H9,Trip.com Group Ltd,9961,0.02%,"Hotels, Resorts & Cruise Lines",HK,---,"$24,050,731.11","513,351",9961.HK,0.00030467598269848424
,6356525,FUJIFILM Holdings Corp,4901,0.02%,"Technology Hardware, Storage & Peripherals",JP,---,"$24,036,308.34","1,021,100",4901.T,0.00030449327425594724
,6643108,Nomura Holdings Inc,8604,0.02%,Investment Banking & Brokerage,JP,---,"$23,988,868.34","2,479,600",8604.T,0.00030389230173028436
,B0T7YX2,Live Nation Entertainment Inc,LYV,0.02%,Movies & Entertainment,US,---,"$23,927,203.30","137,410",LYV,0.0003031111256165849
,2232878,Credicorp Ltd,BAP,0.02%,Diversified Banks,US,---,"$23,917,029.48","59,706",BAP,0.00030298224310602336
,B03Z841,Kinross Gold Corp,K,0.02%,Gold,CA,---,"$23,911,773.96","1,037,151",K.TO,0.00030291566589000157
,6431897,Sumitomo Mitsui Trust Group Inc,8309,0.02%,Diversified Banks,JP,---,"$23,814,360.46","2,315,968",8309.T,0.0003016816263215222
,6196408,Chugai Pharmaceutical Co Ltd,4519,0.02%,Pharmaceuticals,JP,---,"$23,756,760.98","547,500",4519.T,0.00030095195294520537
,BYMD5K9,Banco BPM SpA,BAMI,0.02%,Diversified Banks,IT,---,"$23,738,623.40","1,300,163",BAMI.MI,0.00030072218508555074
,B0166K8,Larsen & Toubro Ltd,LT,0.02%,Construction & Engineering,IN,---,"$23,737,177.70","575,504",LT.NS,0.000300703870878545
,BK531S8,Otis Worldwide Corp,OTIS,0.02%,Industrial Machinery & Supplies & Components,US,---,"$23,729,685.60","329,808",OTIS,0.0003006089605442382
,2280220,DTE Energy Co,DTE,0.02%,Multi-Utilities,US,---,"$23,690,161.95","166,985",DTE,0.0003001082727751842
,6718976,China Life Insurance Co Ltd,2628,0.02%,Life & Health Insurance,HK,---,"$23,652,849.45","6,353,271",2628.HK,0.00029963559597577874
,BZ1HM42,Adyen NV,ADYEN,0.02%,Transaction & Payment Processing Services,NL,---,"$23,577,026.16","23,178",ADYEN.AS,0.0002986750623734311
,B030GJ7,Standard Bank Group Ltd,SBK,0.02%,Diversified Banks,ZA,---,"$23,483,617.51","1,179,369",SBK.JO,0.0002974917564647199
,2967589,Williams-Sonoma Inc,WSM,0.02%,Homefurnishing Retail,US,---,"$23,476,293.54","102,669",WSM,0.0002973989760104876
,B0FS5D6,Seven & i Holdings Co Ltd,3382,0.02%,Food Retail,JP,---,"$23,435,929.55","1,767,400",3382.T,0.0002968876427681577
,2212922,NRG Energy Inc,NRG,0.02%,Electric Utilities,US,---,"$23,431,053.49","174,481",NRG,0.00029682587257225796
,B3MSM28,Amadeus IT Group SA,AMS,0.02%,"Hotels, Resorts & Cruise Lines",ES,---,"$23,429,305.95","379,625",AMS.MC,0.0002968037346395535
,2405302,Halliburton Co,HAL,0.02%,Oil & Gas Equipment & Services,US,---,"$23,419,305.00","726,180",HAL,0.0002966770420556469
,2241205,Curtiss-Wright Corp,CW,0.02%,Aerospace & Defense,US,---,"$23,371,444.00","32,281",CW,0.0002960707362788604
,2131179,AvalonBay Communities Inc,AVB,0.02%,Multi-Family Residential REITs,US,---,"$23,342,313.60","125,760",AVB,0.0002957017107716604
,2347200,Fortis Inc/Canada,FTS,0.02%,Electric Utilities,CA,---,"$23,291,569.85","409,164",FTS.TO,0.0002950588861595375
,B03NGS5,Powszechna Kasa Oszczednosci Bank Polski SA,PKO,0.02%,Diversified Banks,PL,---,"$23,235,856.35","775,747",PKO.WA,0.000294353104481449
,B00FWN1,Alnylam Pharmaceuticals Inc,ALNY,0.02%,Biotechnology,US,---,"$23,218,827.52","112,976",ALNY,0.000294137382327693
,6596729,Mitsubishi Estate Co Ltd,8802,0.02%,Diversified Real Estate Activities,JP,---,"$23,152,917.91","953,691",8802.T,0.00029330243576809864
,2315359,Atmos Energy Corp,ATO,0.02%,Gas Utilities,US,---,"$23,140,598.18","133,931",ATO,0.000293146368751792
,BVVN4Q8,Eversource Energy,ES,0.02%,Electric Utilities,US,---,"$23,136,670.97","323,183",ES,0.0002930966186398083
,BPBPJ01,Cie Generale des Etablissements Michelin SCA,ML,0.02%,Tires & Rubber,FR,---,"$23,011,001.00","569,291",ML.PA,0.0002915046245573698
,2257019,Cognizant Technology Solutions Corp,CTSH,0.02%,IT Consulting & Other Services,US,---,"$22,989,013.65","415,339",CTSH,0.00029122608759990493
,BN4MYF5,Vestas Wind Systems A/S,VWS,0.02%,Heavy Electrical Equipment,DK,---,"$22,988,988.96","854,055",VWS.CO,0.00029122577482562883
,2196888,Cincinnati Financial Corp,CINF,0.02%,Property & Casualty Insurance,US,---,"$22,964,251.60","129,245",CINF,0.0002909124005904385
,BP96PS6,Synchrony Financial,SYF,0.02%,Consumer Finance,US,---,"$22,826,053.25","301,175",SYF,0.00028916169630203314
,2680905,PPL Corp,PPL,0.02%,Electric Utilities,US,---,"$22,742,702.36","645,916",PPL,0.0002881058026494288
,B2R3PV1,American Water Works Co Inc,AWK,0.02%,Water Utilities,US,---,"$22,723,702.05","169,365",AWK,0.00028786510567874835
,6725299,Zijin Mining Group Co Ltd,2899,0.02%,Diversified Metals & Mining,HK,---,"$22,696,037.36","5,345,301",2899.HK,0.00028751464786633306
,2440637,CenterPoint Energy Inc,CNP,0.02%,Multi-Utilities,US,---,"$22,660,064.48","539,012",CNP,0.00028705894144666686
,BYWH073,VICI Properties Inc,VICI,0.02%,Other Specialized REITs,US,---,"$22,657,390.05","859,863",VICI,0.0002870250616205326
,6715740,QBE Insurance Group Ltd,QBE,0.02%,Property & Casualty Insurance,AU,---,"$22,646,814.47","1,305,686",QBE.AX,0.00028689108959222416
,6440859,Capitec Bank Holdings Ltd,CPI,0.02%,Diversified Banks,ZA,---,"$22,632,643.64","79,264",CPI.JO,0.00028671157273944505
,6132101,Bridgestone Corp,5108,0.02%,Tires & Rubber,JP,---,"$22,616,260.50","915,808",5108.T,0.00028650403022207395
,2702791,Quest Diagnostics Inc,DGX,0.02%,Health Care Services,US,---,"$22,605,698.16","97,016",DGX,0.0002863702259188127
,2319157,Equity Residential,EQR,0.02%,Multi-Family Residential REITs,US,---,"$22,593,332.25","340,005",EQR,0.00028621357389172966
,2521800,Loblaw Cos Ltd,L,0.02%,Food Retail,CA,---,"$22,590,126.93","481,203",L.TO,0.00028617296872191606
,BK93RS6,Banca Monte dei Paschi di Siena SpA,BMPS,0.02%,Diversified Banks,IT,---,"$22,587,282.59","1,686,451",BMPS.MI,0.0002861369364665694
,6226576,PetroChina Co Ltd,857,0.02%,Integrated Oil & Gas,HK,---,"$22,578,513.71","17,744,000",0857.HK,0.0002860258518130948
,BYQP136,ABN AMRO BANK NV-CVA,ABN,0.02%,Diversified Banks,NL,Dutch Cert,"$22,576,954.80","499,076",ABN.AS,0.00028600610345559104
,BF2FJ99,MongoDB Inc,MDB,0.02%,Internet Services & Infrastructure,US,---,"$22,478,192.88","66,606",MDB,0.000284754982028489
,BSBK800,Labcorp Holdings Inc,LH,0.02%,Health Care Services,US,---,"$22,425,657.60","72,528",LH,0.00028408946221592565
,4162791,Thales SA,HO,0.02%,Aerospace & Defense,FR,---,"$22,397,804.00","78,677",HO.PA,0.0002837366112812544
,BNG7113,DNB Bank ASA,DNB,0.02%,Diversified Banks,NO,---,"$22,334,464.38","693,647",DNB.OL,0.0002829342214961378
,B4P9W92,Verisk Analytics Inc,VRSK,0.02%,Research & Consulting Services,US,---,"$22,294,542.15","114,419",VRSK,0.00028242848449375175
,2422806,Hershey Co/The,HSY,0.02%,Packaged Foods & Meats,US,---,"$22,249,030.05","127,101",HSY,0.0002818519347111796
,B0DJNG0,Leonardo SpA,LDO,0.02%,Aerospace & Defense,IT,---,"$22,246,784.15","349,054",LDO.MI,0.00028182348352662255
,BGSP7M9,Zoom Communications Inc,ZM,0.02%,Application Software,US,---,"$22,146,344.61","230,523",ZM,0.0002805511099172166
,4031879,Veolia Environnement SA,VIE,0.02%,Multi-Utilities,FR,---,"$22,101,109.65","555,397",VIE.PA,0.00027997807095938643
,2208073,Copart Inc,CPRT,0.02%,Diversified Support Services,US,---,"$22,090,257.28","758,594",CPRT,0.0002798405925401553
,6597603,Mitsui Fudosan Co Ltd,8801,0.02%,Diversified Real Estate Activities,JP,---,"$22,071,109.25","2,265,700",8801.T,0.00027959802424440123
,BNG8PQ9,NN Group NV,NN,0.02%,Life & Health Insurance,NL,---,"$22,070,112.64","234,138",NN.AS,0.00027958539913418203
,2100920,FirstEnergy Corp,FE,0.02%,Electric Utilities,US,---,"$22,056,510.22","456,562",FE,0.00027941308293050307
,BDFG6S3,Hubbell Inc,HUBB,0.02%,Electrical Components & Equipment,US,---,"$21,997,202.50","46,550",HUBB,0.0002786617694760405
,BMXX645,Sampo Oyj,SAMPO,0.02%,Property & Casualty Insurance,FI,---,"$21,890,798.31","1,977,177",SAMPO.HE,0.00027731383535282343
,4380429,Publicis Groupe SA,PUB,0.02%,Advertising,FR,---,"$21,888,079.06","205,078",PUB.PA,0.0002772793877444674
,2526117,ATI Inc,ATI,0.02%,Aerospace & Defense,US,---,"$21,828,887.52","116,458",ATI,0.000276529546064626
,6985383,Astellas Pharma Inc,4503,0.02%,Pharmaceuticals,JP,---,"$21,771,036.02","1,585,100",4503.T,0.00027579668008510686
,BTF8CF0,Restaurant Brands International Inc,QSR,0.02%,Restaurants,CA,---,"$21,738,593.77","293,926",QSR.TO,0.00027538569988020203
,6451680,TS Financial Holding Co Ltd,2887,0.02%,Diversified Banks,TW,---,"$21,738,385.46","19,742,354",2887.TW,0.0002753830609976805
,2330299,Fair Isaac Corp,FICO,0.02%,Application Software,US,---,"$21,718,239.80","19,340",FICO,0.00027512785467029126
,4116099,BPER Banca SPA,BPE,0.02%,Diversified Banks,IT,---,"$21,709,992.41","1,336,065",BPE.MI,0.0002750233762807797
,2698470,PPG Industries Inc,PPG,0.02%,Specialty Chemicals,US,---,"$21,656,283.48","195,949",PPG,0.00027434298860555306
,6253983,Aristocrat Leisure Ltd,ALL,0.02%,Casinos & Gaming,AU,---,"$21,603,015.29","480,654",ALL.AX,0.00027366818424885426
,2803014,Principal Financial Group Inc,PFG,0.02%,Life & Health Insurance,US,---,"$21,575,712.00","189,760",PFG,0.00027332230467148904
,BYX4D52,HP Inc,HPQ,0.02%,"Technology Hardware, Storage & Peripherals",US,---,"$21,494,650.32","788,216",HPQ,0.0002722954108569005
,2177504,Carpenter Technology Corp,CRS,0.02%,Aerospace & Defense,US,---,"$21,493,137.60","41,360",CRS,0.00027227624763685374
,BDVJJQ5,nVent Electric PLC,NVT,0.02%,Electrical Components & Equipment,US,---,"$21,457,746.70","139,490",NVT,0.0002718279137717929
,7792559,Heineken NV,HEIA,0.02%,Brewers,NL,---,"$21,420,932.10","236,590",HEIA.AS,0.00027136154439693483
,6456102,Ibiden Co Ltd,4062,0.02%,Electronic Components,JP,---,"$21,389,160.12","213,800",4062.T,0.0002709590552092048
,2708841,PulteGroup Inc,PHM,0.02%,Homebuilding,US,---,"$21,352,941.86","168,838",PHM,0.0002705002403022209
,B0C2CQ3,Engie SA,ENGI,0.02%,Multi-Utilities,FR,---,"$21,351,428.80","684,975",ENGI.PA,0.00027048107277503544
,6298542,East Japan Railway Co,9020,0.02%,Rail Transportation,JP,---,"$21,324,661.46","926,815",9020.T,0.0002701419826417075
,BW9P816,CK Hutchison Holdings Ltd,1,0.02%,Industrial Conglomerates,HK,---,"$21,309,394.95","2,274,391",0001.HK,0.0002699485856545077
,BMX5GK7,Corpay Inc,CPAY,0.02%,Transaction & Payment Processing Services,US,---,"$21,238,438.02","55,582",CPAY,0.00026904969936792706
,B01NPJ1,Tata Consultancy Services Ltd,TCS,0.02%,IT Consulting & Other Services,IN,---,"$21,214,106.33","855,078",TCS.NS,0.00026874146418257825
,6320605,Tower Semiconductor Ltd,TSEM,0.02%,Semiconductors,IL,---,"$21,199,041.80","96,770",TSEM.TA,0.0002685506258891123
,BF14BT1,Ares Management Corp,ARES,0.02%,Asset Management & Custody Banks,US,---,"$21,186,214.09","165,401",ARES,0.0002683881237542647
,2195841,Church & Dwight Co Inc,CHD,0.02%,Household Products,US,---,"$21,111,349.36","213,656",CHD,0.0002674397332426464
,B1HHKD3,AerCap Holdings NV,AER,0.02%,Trading Companies & Distributors,US,---,"$21,109,702.80","139,892",AER,0.0002674188745301284
,BYT8143,Japan Post Holdings Co Ltd,6178,0.02%,Life & Health Insurance,JP,---,"$21,078,294.20","1,424,752",6178.T,0.00026702098866019714
,B60LZR6,Agricultural Bank of China Ltd,1288,0.02%,Diversified Banks,HK,---,"$20,836,331.97","25,916,500",1288.HK,0.00026395579784067505
,6641373,NTT Inc,9432,0.02%,Integrated Telecommunication Services,JP,---,"$20,807,979.42","21,708,600",9432.T,0.00026359662617999875
,B1DYPZ5,China Merchants Bank Co Ltd,3968,0.02%,Diversified Banks,HK,---,"$20,803,352.18","3,206,398",3968.HK,0.0002635380080495256
,BRK49M5,Smurfit Westrock PLC,SW,0.02%,Paper & Plastic Packaging Products & Materials,US,---,"$20,752,788.74","451,442",SW,0.00026289746761438634
,2950482,West Pharmaceutical Services Inc,WST,0.02%,Life Sciences Tools & Services,US,---,"$20,729,345.12","60,797",WST,0.0002626004825485752
,2702337,T Rowe Price Group Inc,TROW,0.02%,Asset Management & Custody Banks,US,---,"$20,703,475.50","185,266",TROW,0.0002622727647815149
,BYZ62T3,Everpure Inc,P,0.02%,"Technology Hardware, Storage & Peripherals",US,---,"$20,695,450.60","268,180",P,0.00026217110490754376
,BDFZSP1,Okta Inc,OKTA,0.02%,Internet Services & Infrastructure,US,---,"$20,588,081.94","145,058",OKTA,0.0002608109528253928
,5120679,Heidelberg Materials AG,HEI,0.02%,Construction Materials,DE,---,"$20,563,774.26","110,460",HEI.DE,0.00026050302180004276
,2142922,VeriSign Inc,VRSN,0.02%,Internet Services & Infrastructure,US,---,"$20,467,871.48","70,574",VRSN,0.0002592881201155003
,5810066,ORLEN SA,PKN,0.02%,Oil & Gas Refining & Marketing,PL,---,"$20,427,571.10","514,791",PKN.WA,0.0002587775926881442
,3208986,Next PLC,NXT,0.02%,Broadline Retail,GB,---,"$20,371,651.04","101,727",NXT.L,0.0002580691942966302
,6865504,Suzuki Motor Corp,7269,0.02%,Automobile Manufacturers,JP,---,"$20,365,931.10","1,560,184",7269.T,0.00025799673378254
,2289874,Darden Restaurants Inc,DRI,0.02%,Restaurants,US,---,"$20,331,127.44","99,868",DRI,0.00025755583910605365
,2272476,Dollar Tree Inc,DLTR,0.02%,Consumer Staples Merchandise Retail,US,---,"$20,329,048.47","159,807",DLTR,0.00025752950259990526
,2769796,Fidelity National Information Services Inc,FIS,0.02%,Transaction & Payment Processing Services,US,---,"$20,309,731.42","453,646",FIS,0.0002572847931495078
,B01FLQ6,ACS Actividades de Construccion y Servicios SA,ACS,0.02%,Construction & Engineering,ES,---,"$20,264,933.24","158,977",ACS.MC,0.00025671728734470803
,B0190C7,Techtronic Industries Co Ltd,669,0.02%,Industrial Machinery & Supplies & Components,HK,---,"$20,235,546.55","1,204,500",0669.HK,0.0002563450151417111
,BF311Y5,Burlington Stores Inc,BURL,0.02%,Apparel Retail,US,---,"$20,195,283.36","54,807",BURL,0.00025583495883931765
,BMVP7Y0,Royalty Pharma PLC,RPRX,0.02%,Pharmaceuticals,US,---,"$20,191,771.96","345,572",RPRX,0.0002557904762312525
,BHJYC05,InterContinental Hotels Group PLC,IHG,0.02%,"Hotels, Resorts & Cruise Lines",GB,---,"$20,110,865.94","124,366",IHG.L,0.0002547655543260937
,5505072,Kering SA,KER,0.02%,"Apparel, Accessories & Luxury Goods",FR,---,"$20,103,116.31","60,905",KER.PA,0.00025466738158760183
,B09DHL9,MTU Aero Engines AG,MTX,0.02%,Aerospace & Defense,DE,---,"$20,100,193.68","47,940",MTX.DE,0.0002546303575502351
,6141011,Quanta Computer Inc,2382,0.02%,"Technology Hardware, Storage & Peripherals",TW,---,"$20,058,245.52","2,254,773",2382.TW,0.0002540989559553339
,BM99VY2,Texas Pacific Land Corp,TPL,0.02%,Oil & Gas Exploration & Production,US,---,"$20,036,406.60","49,770",TPL,0.00025382229931726163
,BYWR0T5,Coles Group Ltd,COL,0.02%,Food Retail,AU,---,"$20,022,380.69","1,185,249",COL.AX,0.00025364461831900236
,2427599,F5 Inc,FFIV,0.02%,Communications Equipment,US,---,"$19,950,564.06","49,558",FFIV,0.0002527348413056023
,6984380,Yageo Corp,2327,0.02%,Electronic Components,TW,---,"$19,929,368.39","1,324,096",2327.TW,0.00025246633339386077
,BPGMZQ5,Veralto Corp,VLTO,0.02%,Environmental & Facilities Services,US,---,"$19,880,511.21","211,113",VLTO,0.00025184740795411865
,6536112,BOC Hong Kong Holdings Ltd,2388,0.02%,Diversified Banks,HK,---,"$19,871,714.80","2,988,200",2388.HK,0.0002517359745490919
,6621580,Nan Ya Plastics Corp,1303,0.02%,Commodity Chemicals,TW,---,"$19,806,142.17","4,168,545",1303.TW,0.00025090529687064634
,6172323,Canon Inc,7751,0.02%,"Technology Hardware, Storage & Peripherals",JP,---,"$19,804,675.74","711,500",7751.T,0.000250886720054862
,B6Z1355,XPO Inc,XPO,0.02%,Cargo Ground Transportation,US,---,"$19,802,578.95","98,535",XPO,0.0002508601578039749
,6889526,National Bank of Kuwait SAKP,NBK,0.02%,Diversified Banks,KW,---,"$19,781,022.37","7,126,462",NBK.KW,0.0002505870778645303
,6218089,Lenovo Group Ltd,992,0.02%,"Technology Hardware, Storage & Peripherals",HK,---,"$19,749,808.10","6,458,000",0992.HK,0.00025019165377771277
,6212100,Chroma ATE Inc,2360,0.02%,Electronic Equipment & Instruments,TW,---,"$19,727,381.55","314,000",2360.TW,0.0002499075530105246
,2325507,Expeditors International of Washington Inc,EXPD,0.02%,Air Freight & Logistics,US,---,"$19,685,102.50","117,250",EXPD,0.0002493719596829291
,B0RNRF5,Hana Financial Group Inc,086790,0.02%,Diversified Banks,KR,---,"$19,670,752.79","227,568",086790.KS,0.000249190176768485
,6763965,SMC Corp,6273,0.02%,Industrial Machinery & Supplies & Components,JP,---,"$19,615,536.45","45,400",6273.T,0.00024849069314058315
,BDCPN04,Coca-Cola Europacific Partners PLC,CCEP,0.02%,Soft Drinks & Non-alcoholic Beverages,GB,---,"$19,603,995.81","177,945",CCEP.L,0.00024834449567918846
,B28TS42,Ulta Beauty Inc,ULTA,0.02%,Other Specialty Retail,US,---,"$19,594,208.64","38,208",ULTA,0.0002482205112720638
,6424110,Yuanta Financial Holding Co Ltd,2885,0.02%,Diversified Financial Services,TW,---,"$19,576,387.18","9,383,810",2885.TW,0.00024799474803793224
,2279303,Omnicom Group Inc,OMC,0.02%,Advertising,US,---,"$19,548,293.00","248,390",OMC,0.000247638849422607
,BYVFC94,US Foods Holding Corp,USFD,0.02%,Food Distributors,US,---,"$19,532,867.97","194,183",USFD,0.00024744344429534045
,BFY8C75,STERIS PLC,STE,0.02%,Health Care Equipment,US,---,"$19,526,144.40","85,491",STE,0.0002473582697412854
,BYRY499,Kraft Heinz Co/The,KHC,0.02%,Packaged Foods & Meats,US,---,"$19,444,731.90","752,214",KHC,0.000246326931719668
,2242059,Fomento Economico Mexicano SAB de CV,FEMSAUBD,0.02%,Soft Drinks & Non-alcoholic Beverages,MX,---,"$19,403,850.61","1,517,566",FEMSAUBD.MX,0.00024580904529252515
,2490911,KeyCorp,KEY,0.02%,Diversified Banks,US,---,"$19,384,388.64","858,096",KEY,0.00024556249998760785
,0560399,Legal & General Group PLC,LGEN,0.02%,Life & Health Insurance,GB,---,"$19,364,510.93","4,769,167",LGEN.L,0.00024531068806553586
,2645409,NiSource Inc,NI,0.02%,Multi-Utilities,US,---,"$19,351,886.37","435,559",NI,0.0002451507594460464
,5756029,Bayerische Motoren Werke AG,BMW,0.02%,Automobile Manufacturers,DE,---,"$19,340,696.59","282,167",BMW.DE,0.00024500900669840276
,2818740,Snap-on Inc,SNA,0.02%,Industrial Machinery & Supplies & Components,US,---,"$19,323,744.44","47,084",SNA,0.00024479425593109847
,B1WGG93,Geberit AG,GEBN,0.02%,Building Products,CH,---,"$19,316,982.98","29,317",GEBN.SW,0.0002447086013844423
,BTMKJR0,Aena SME SA,AENA,0.02%,Airport Services,ES,---,"$19,273,322.86","625,192",AENA.MC,0.0002441555125862309
,2504566,Packaging Corp of America,PKG,0.02%,Paper & Plastic Packaging Products & Materials,US,---,"$19,245,338.56","78,284",PKG,0.0002438010059367809
,BPLYVN5,Liberty Media Corp-Liberty Formula One,FWONK,0.02%,Movies & Entertainment,US,---,"$19,206,199.86","195,722",FWONK,0.0002433051947354706
,BMWBC20,ROBLOX Corp,RBLX,0.02%,Interactive Home Entertainment,US,---,"$19,179,606.80","538,753",RBLX,0.00024296831239075506
,B627LW9,ENEOS Holdings Inc,5020,0.02%,Oil & Gas Refining & Marketing,JP,---,"$19,144,146.87","2,318,107",5020.T,0.0002425191040498628
,2566436,Markel Group Inc,MKL,0.02%,Property & Casualty Insurance,US,---,"$19,135,868.44","10,166",MKL,0.00024241423244392637
,BK6QWF0,Helvetia Baloise Holding AG,HBAN,0.02%,Multi-line Insurance,CH,---,"$19,078,372.59","71,143",HBAN.SW,0.00024168587185814148
,6544892,Asia Vital Components Co Ltd,3017,0.02%,"Technology Hardware, Storage & Peripherals",TW,---,"$19,075,296.48","271,234",3017.TW,0.00024164690352770479
,4352097,Fresenius SE & Co KGaA,FRE,0.02%,Health Care Services,DE,---,"$18,960,073.73","368,893",FRE.DE,0.00024018725540204445
,B8DMK08,Tenet Healthcare Corp,THC,0.02%,Health Care Facilities,US,---,"$18,940,090.42","74,339",THC,0.00023993410573337239
,6308913,Elbit Systems Ltd,ESLT,0.02%,Aerospace & Defense,IL,---,"$18,886,324.05","23,379",ESLT.TA,0.0002392529904050708
,4741844,Merck KGaA,MRK,0.02%,Pharmaceuticals,DE,---,"$18,852,307.08","114,071",MRK.DE,0.0002388220615607137
,6640381,Denso Corp,6902,0.02%,Automotive Parts & Equipment,JP,---,"$18,731,468.11","1,525,500",6902.T,0.00023729126685162
,5986622,Koninklijke Philips NV,PHIA,0.02%,Health Care Equipment,NL,---,"$18,730,679.15","710,900",PHIA.AS,0.00023728127226300605
,2219224,CMS Energy Corp,CMS,0.02%,Multi-Utilities,US,---,"$18,687,092.21","259,579",CMS,0.0002367291105130542
,BHXCF84,Dow Inc,DOW,0.02%,Commodity Chemicals,US,---,"$18,676,389.94","616,586",DOW,0.00023659353356886731
,2430412,United Therapeutics Corp,UTHR,0.02%,Biotechnology,US,---,"$18,673,799.70","36,070",UTHR,0.0002365607202662772
,2465254,International Paper Co,IP,0.02%,Paper & Plastic Packaging Products & Materials,US,---,"$18,657,227.67","456,949",IP,0.00023635078488001116
,2948089,Woodward Inc,WWD,0.02%,Aerospace & Defense,US,---,"$18,603,156.00","51,568",WWD,0.00023566580199454085
,6563206,MTN Group Ltd,MTN,0.02%,Wireless Telecommunication Services,ZA,---,"$18,563,727.53","1,497,429",MTN.JO,0.00023516631997095477
,6885074,Terumo Corp,4543,0.02%,Health Care Equipment,JP,---,"$18,562,639.50","1,265,356",4543.T,0.00023515253674715424
,6183552,Central Japan Railway Co,9022,0.02%,Rail Transportation,JP,---,"$18,544,057.80","745,195",9022.T,0.0002349171427509462
,BMZ5LZ5,Expand Energy Corp,EXE,0.02%,Oil & Gas Exploration & Production,US,---,"$18,532,842.85","197,095",EXE,0.00023477507114836013
,B1HMF22,First Solar Inc,FSLR,0.02%,Semiconductors,US,---,"$18,374,593.13","87,071",FSLR,0.0002327703550034645
,6480048,Aeon Co Ltd,8267,0.02%,Consumer Staples Merchandise Retail,JP,---,"$18,368,560.70","2,140,928",8267.T,0.0002326939358488906
,6648891,Oriental Land Co Ltd/Japan,4661,0.02%,Leisure Facilities,JP,---,"$18,330,946.22","918,400",4661.T,0.0002322174335502587
,BV7DQ55,Amcor PLC,AMCR,0.02%,Paper & Plastic Packaging Products & Materials,US,---,"$18,250,721.28","406,656",AMCR,0.00023120113960394857
,6560393,NAVER Corp,035420,0.02%,Interactive Media & Services,KR,---,"$18,230,222.23","127,341",035420.KS,0.0002309414565126292
,2445416,JB Hunt Transport Services Inc,JBHT,0.02%,Cargo Ground Transportation,US,---,"$18,173,009.50","66,874",JBHT,0.0002302166825065548
,BFMXGR0,Evergy Inc,EVRG,0.02%,Electric Utilities,US,---,"$18,146,318.04","218,604",EVRG,0.0002298785536252346
,2729068,Reliance Inc,RS,0.02%,Steel,US,---,"$18,139,674.80","44,668",RS,0.00022979439669603173
,2692687,Brown & Brown Inc,BRO,0.02%,Insurance Brokers,US,---,"$18,030,214.40","256,111",BRO,0.00022840774633667098
,5533976,Swisscom AG,SCMN,0.02%,Integrated Telecommunication Services,CH,---,"$18,000,838.84","23,425",SCMN.SW,0.00022803561512912542
,2614487,Insmed Inc,INSM,0.02%,Biotechnology,US,---,"$17,993,316.80","182,488",INSM,0.0002279403255132541
,2319146,Equifax Inc,EFX,0.02%,Research & Consulting Services,US,---,"$17,992,527.84","104,232",EFX,0.0002279303309246401
,BMBQHZ4,SGS SA,SGSN,0.02%,Research & Consulting Services,CH,---,"$17,959,072.60","151,558",SGSN.SW,0.00022750651810677633
,BLKFTK4,FTAI Aviation Ltd,FTAI,0.02%,Aerospace & Defense,US,---,"$17,901,194.00","86,899",FTAI,0.00022677330882296865
,6086253,Fortescue Ltd,FMG,0.02%,Steel,AU,---,"$17,893,008.43","1,378,904",FMG.AX,0.00022666961357261265
,2320524,Estee Lauder Cos Inc/The,EL,0.02%,Personal Care Products,US,---,"$17,865,582.10","212,939",EL,0.0002263221753177694
,BMWS3X9,Viatris Inc,VTRS,0.02%,Pharmaceuticals,US,---,"$17,847,053.32","1,016,347",VTRS,0.00022608745171502796
,6490928,Kia Corp,000270,0.02%,Automobile Manufacturers,KR,---,"$17,825,126.94","197,705",000270.KS,0.00022580968712887191
,2464165,International Flavors & Fragrances Inc,IFF,0.02%,Specialty Chemicals,US,---,"$17,814,597.50","224,875",IFF,0.00022567629960461777
,BPCPSD6,DSM-Firmenich AG,DSFIR,0.02%,Specialty Chemicals,NL,---,"$17,713,893.54","164,310",DSFIR.AS,0.00022440057630812837
,BNYHDF3,Coupang Inc,CPNG,0.02%,Broadline Retail,US,---,"$17,704,254.15","1,082,829",CPNG,0.00022427846398616062
,BM8J4C2,SoFi Technologies Inc,SOFI,0.02%,Consumer Finance,US,---,"$17,663,305.94","1,082,974",SOFI,0.00022375972981278217
,6859927,Sun Hung Kai Properties Ltd,16,0.02%,Diversified Real Estate Activities,HK,---,"$17,632,882.66","1,123,482",0016.HK,0.0002233743260307301
,BD1RP61,Bank of Ireland Group PLC,BIRG,0.02%,Diversified Banks,IE,---,"$17,583,943.27","837,335",BIRG.IR,0.00022275435915019253
,BYZWMR9,VAT Group AG,VACN,0.02%,Industrial Machinery & Supplies & Components,CH,---,"$17,512,884.85","23,398",VACN.SW,0.00022185418718271752
,6772671,Hanwha Aerospace Co Ltd,012450,0.02%,Aerospace & Defense,KR,---,"$17,505,072.46","27,267",012450.KS,0.00022175521939709857
,BFXC911,Guardant Health Inc,GH,0.02%,Health Care Services,US,---,"$17,478,721.00","107,900",GH,0.00022142139765445298
,2471950,Incyte Corp,INCY,0.02%,Biotechnology,US,---,"$17,420,398.56","145,753",INCY,0.00022068256578114726
,2404871,MKS Inc,MKSI,0.02%,Semiconductor Materials & Equipment,US,---,"$17,419,266.90","58,562",MKSI,0.00022066822985011034
,B10RB15,Inpex Corp,1605,0.02%,Oil & Gas Exploration & Production,JP,---,"$17,337,207.23","752,200",1605.T,0.0002196286934433868
,6294670,Doosan Enerbility Co Ltd,034020,0.02%,Heavy Electrical Equipment,KR,---,"$17,307,393.11","377,653",034020.KS,0.00021925100653367313
,BMVRB77,America Movil SAB de CV,AMXB,0.02%,Wireless Telecommunication Services,MX,---,"$17,288,081.71","13,566,875",AMXB.MX,0.000219006368657786
,BMF9NM8,Affirm Holdings Inc,AFRM,0.02%,Transaction & Payment Processing Services,US,---,"$17,262,657.02","241,402",AFRM,0.00021868428728840367
,6761000,Valterra Platinum Ltd,VAL,0.02%,Precious Metals & Minerals,ZA,---,"$17,232,281.91","230,130",VAL.JO,0.0002182994937265574
,2002554,TD SYNNEX Corp,SNX,0.02%,Technology Distributors,US,---,"$17,182,017.20","67,196",SNX,0.000217662737619466
,BVDKGC7,BeOne Medicines Ltd,6160,0.02%,Biotechnology,HK,---,"$17,153,197.20","693,900",6160.HK,0.00021729764427651482
,BGSXTS3,Moderna Inc,MRNA,0.02%,Biotechnology,US,---,"$17,115,516.66","312,213",MRNA,0.00021682030512617457
,6057378,Asics Corp,7936,0.02%,Footwear,JP,---,"$17,056,737.69","578,500",7936.T,0.00021607568990575376
,2367026,General Mills Inc,GIS,0.02%,Packaged Foods & Meats,US,---,"$17,048,567.25","476,883",GIS,0.00021597218632306872
,6642569,Nippon Steel Corp,5401,0.02%,Steel,JP,---,"$17,011,006.86","4,175,690",5401.T,0.00021549636923952773
,5956078,Koninklijke KPN NV,KPN,0.02%,Integrated Telecommunication Services,NL,---,"$16,976,297.36","3,595,272",KPN.AS,0.00021505666738709314
,2316619,Essex Property Trust Inc,ESS,0.02%,Multi-Family Residential REITs,US,---,"$16,974,239.46","59,739",ESS,0.00021503059779686212
,B5ZN1N8,Segro PLC,SGRO,0.02%,Industrial REITs,GB,---,"$16,901,431.38","1,293,869",SGRO.L,0.00021410826104040621
,6483809,Kao Corp,4452,0.02%,Personal Care Products,JP,---,"$16,868,220.56","820,596",4452.T,0.00021368754454852729
,BZ6TS23,SBA Communications Corp,SBAC,0.02%,Telecom Tower REITs,US,---,"$16,805,983.78","92,861",SBAC,0.00021289912560110478
,B0G4K50,CF Industries Holdings Inc,CF,0.02%,Fertilizers & Agricultural Chemicals,US,---,"$16,597,314.63","132,577",CF,0.00021025569334765973
,2237561,HEICO Corp,HEI/A,0.02%,Aerospace & Defense,US,---,"$16,566,516.48","64,391",HEI-A,0.0002098655406918578
,BD81GW9,Invitation Homes Inc,INVH,0.02%,Single-Family Residential REITs,US,---,"$16,553,415.88","556,979",INVH,0.00020969958157150153
,6717456,Northern Star Resources Ltd,NST,0.02%,Gold,AU,---,"$16,551,524.05","1,194,297",NST.AX,0.00020967561576515196
,BW60F13,DuPont de Nemours Inc,DD,0.02%,Industrial Conglomerates,US,---,"$16,531,516.00","120,668",DD,0.00020942215268880096
,BZ1LFG7,Roku Inc,ROKU,0.02%,Movies & Entertainment,US,---,"$16,479,371.43","113,643",ROKU,0.0002087615824119775
,B1FJ0C0,Brambles Ltd,BXB,0.02%,Diversified Support Services,AU,---,"$16,464,053.76","1,199,331",BXB.AX,0.00020856753732708771
,7262610,Credit Agricole SA,ACA,0.02%,Diversified Banks,FR,---,"$16,460,980.43","736,659",ACA.PA,0.00020852860421384373
,BBM5MD6,CDW Corp/DE,CDW,0.02%,Technology Distributors,US,---,"$16,460,565.03","111,363",CDW,0.0002085233419038277
,2347608,First Quantum Minerals Ltd,FM,0.02%,Copper,CA,---,"$16,392,053.63","591,333",FM.TO,0.00020765543572560886
,2487407,East West Bancorp Inc,EWBC,0.02%,Regional Banks,US,---,"$16,371,332.00","124,972",EWBC,0.00020739293297862422
,6444066,Mega Financial Holding Co Ltd,2886,0.02%,Diversified Banks,TW,---,"$16,335,955.04","9,965,973",2886.TW,0.00020694477570624907
,2958936,Weyerhaeuser Co,WY,0.02%,Timber REITs,US,---,"$16,319,534.97","651,999",WY,0.00020673676535760952
,0405207,Halma PLC,HLMA,0.02%,Electronic Equipment & Instruments,GB,---,"$16,315,284.62","341,487",HLMA.L,0.00020668292169035714
,4163437,Capgemini SE,CAP,0.02%,IT Consulting & Other Services,FR,---,"$16,304,599.18","137,174",CAP.PA,0.00020654755794953465
,B1VP7R6,Broadridge Financial Solutions Inc,BR,0.02%,Data Processing & Outsourced Services,US,---,"$16,284,215.20","105,776",BR,0.00020628933257129555
,6148197,Qatar National Bank QPSC,QNBK,0.02%,Diversified Banks,QA,---,"$16,281,627.06","3,574,207",QNBK.QA,0.00020625654587162084
,B4R2R50,Julius Baer Group Ltd,BAER,0.02%,Asset Management & Custody Banks,CH,---,"$16,174,483.54","183,967",BAER.SW,0.00020489924587535578
,2783815,Zimmer Biomet Holdings Inc,ZBH,0.02%,Health Care Equipment,US,---,"$16,143,185.52","171,864",ZBH,0.00020450276083893825
,BYT3MK1,Fortive Corp,FTV,0.02%,Industrial Machinery & Supplies & Components,US,---,"$16,128,804.00","272,400",FTV,0.00020432057495366692
,B0C5YV1,Celltrion Inc,068270,0.02%,Biotechnology,KR,---,"$16,119,049.08","125,078",068270.KS,0.00020419699909131364
,B09N7M0,China Shenhua Energy Co Ltd,1088,0.02%,Coal & Consumable Fuels,HK,---,"$16,087,797.85","2,904,000",1088.HK,0.00020380110679318607
,B1X8QN2,Banco de Sabadell SA,SAB,0.02%,Diversified Banks,ES,---,"$16,082,244.09","4,188,933",SAB.MC,0.00020373075145646333
,6776703,Santos Ltd,STO,0.02%,Oil & Gas Exploration & Production,AU,---,"$16,025,602.79","2,885,547",STO.AX,0.00020301321635701498
,2491594,Kimco Realty Corp,KIM,0.02%,Retail REITs,US,---,"$16,016,880.88","628,606",KIM,0.00020290272672208025
,BBJPFY1,VONOVIA SE,VNA,0.02%,Real Estate Operating Companies,DE,---,"$16,014,251.03","660,092",VNA.DE,0.00020286941163783458
,BMVNLY2,Reddit Inc,RDDT,0.02%,Interactive Media & Services,US,---,"$15,964,778.97","113,491",RDDT,0.00020224269686447988
,BZBY209,ITT Inc,ITT,0.02%,Industrial Machinery & Supplies & Components,US,---,"$15,949,048.38","81,381",ITT,0.00020204342088635027
,B119QG0,Partners Group Holding AG,PGHN,0.02%,Asset Management & Custody Banks,CH,---,"$15,947,067.93","19,132",PGHN.SW,0.0002020183324369732
,5671519,Wolters Kluwer NV,WKL,0.02%,Research & Consulting Services,NL,---,"$15,939,680.07","203,031",WKL.AS,0.00020192474262071172
,B09M9D2,Kone Oyj,KNEBV,0.02%,Industrial Machinery & Supplies & Components,FI,---,"$15,917,896.12","275,888",KNEBV.HE,0.00020164878234561867
,2456612,IDEX Corp,IEX,0.02%,Industrial Machinery & Supplies & Components,US,---,"$15,875,009.15","68,887",IEX,0.00020110548785407296
,BL6B9P1,Wuxi Biologics Cayman Inc,2269,0.02%,Life Sciences Tools & Services,HK,---,"$15,826,870.91","3,206,740",2269.HK,0.0002004956699857389
,2406457,Cemex SAB de CV,CEMEXCPO,0.02%,Construction Materials,MX,---,"$15,811,868.88","13,352,202",CEMEXCPO.MX,0.0002003056234457058
,BJ01KB6,Ovintiv Inc,OVV,0.02%,Oil & Gas Exploration & Production,US,---,"$15,770,775.24","252,494",OVV,0.00019978504695709952
,2554475,Magna International Inc,MG,0.02%,Automotive Parts & Equipment,CA,---,"$15,768,715.67","229,929",MG.TO,0.0001997589562112167
,2599700,Entegris Inc,ENTG,0.02%,Semiconductor Materials & Equipment,US,---,"$15,728,290.75","132,115",ENTG,0.00019924685110430017
,BNGN9Z1,FinecoBank Banca Fineco SpA,FBK,0.02%,Diversified Banks,IT,---,"$15,720,257.50","573,798",FBK.MI,0.00019914508545207038
,2170473,Constellation Brands Inc,STZ,0.02%,Distillers & Vintners,US,---,"$15,716,807.55","120,685",STZ,0.00019910138129598036
,BSXN8K7,Samsung C&T Corp,028260,0.02%,Industrial Conglomerates,KR,---,"$15,713,328.87","67,450",028260.KS,0.00019905731318667233
,2567503,Host Hotels & Resorts Inc,HST,0.02%,Hotel & Resort REITs,US,---,"$15,701,676.34","624,818",HST,0.00019890969829661198
,BRDXKH1,Viking Holdings Ltd,VIK,0.02%,"Hotels, Resorts & Cruise Lines",US,---,"$15,697,266.15","150,429",VIK,0.00019885382976746036
,2355582,First Citizens BancShares Inc/NC,FCNCA,0.02%,Diversified Banks,US,---,"$15,689,213.75","7,175",FCNCA,0.00019875182152197872
,2367480,Genuine Parts Co,GPC,0.02%,Distributors,US,---,"$15,679,699.01","126,073",GPC,0.00019863128827305742
,7332687,Alfa Laval AB,ALFA,0.02%,Industrial Machinery & Supplies & Components,SE,---,"$15,660,881.58","264,640",ALFA.ST,0.0001983929080362618
,BJ7W9K4,EQT AB,EQT,0.02%,Asset Management & Custody Banks,SE,---,"$15,628,052.76","460,112",EQT.ST,0.00019797703074136443
,BGR6KX5,Innovent Biologics Inc,1801,0.02%,Biotechnology,HK,---,"$15,624,045.40","1,414,941",1801.HK,0.0001979262652847784
,2073022,Ball Corp,BALL,0.02%,"Metal, Glass & Plastic Containers",US,---,"$15,596,119.00","240,310",BALL,0.00019757249211570856
,4595739,Genmab A/S,GMAB,0.02%,Biotechnology,DK,---,"$15,583,859.52","54,141",GMAB.CO,0.0001974171883497112
,6449544,Hyundai Mobis Co Ltd,012330,0.02%,Automotive Parts & Equipment,KR,---,"$15,577,168.19","48,166",012330.KS,0.00019733242221374697
,6791591,Secom Co Ltd,9735,0.02%,Security & Alarm Services,JP,---,"$15,523,481.23","360,374",9735.T,0.00019665231285568704
,2669272,Pan American Silver Corp,PAAS,0.02%,Gold,CA,---,"$15,510,218.58","360,222",PAAS.TO,0.00019648430087703013
,BX90C05,Cellnex Telecom SA,CLNX,0.02%,Integrated Telecommunication Services,ES,---,"$15,497,732.30","498,896",CLNX.MC,0.00019632612399617572
,5497168,VOLKSWAGEN AG-PREF,VOW3,0.02%,Automobile Manufacturers,DE,---,"$15,493,306.29","179,275",VOW3.DE,0.00019627005505839514
,6433912,E.Sun Financial Holding Co Ltd,2884,0.02%,Diversified Banks,TW,---,"$15,480,680.00","12,979,405",2884.TW,0.00019611010452317063
,2511920,Lennar Corp,LEN,0.02%,Homebuilding,US,---,"$15,477,435.45","187,947",LEN,0.00019606900238556226
,BPCPYH2,Brookfield Asset Management Ltd,BAM,0.02%,Asset Management & Custody Banks,CA,---,"$15,414,349.50","318,664",BAM.TO,0.00019526982610593868
,2523022,Loews Corp,L,0.02%,Property & Casualty Insurance,US,---,"$15,404,967.90","132,790",L,0.00019515097948185015
,B0GLYB5,RBC Bearings Inc,RBC,0.02%,Industrial Machinery & Supplies & Components,US,---,"$15,388,164.72","27,912",RBC,0.0001949381158746881
,BYVYD43,Performance Food Group Co,PFGC,0.02%,Food Distributors,US,---,"$15,362,805.78","134,302",PFGC,0.00019461686742991714
,2632876,Sterling Infrastructure Inc,STRL,0.02%,Construction & Engineering,US,---,"$15,348,924.40","25,720",STRL,0.00019444101734563622
,2973821,Alliant Energy Corp,LNT,0.02%,Electric Utilities,US,---,"$15,303,343.80","216,210",LNT,0.0001938635998013017
,BHQPSY7,Contemporary Amperex Technology Co Ltd,300750,0.02%,Electrical Components & Equipment,CN,---,"$15,247,231.44","260,082",300750.SZ,0.00019315276534282558
,2712013,Global Payments Inc,GPN,0.02%,Transaction & Payment Processing Services,US,---,"$15,231,428.32","181,154",GPN,0.00019295257055067225
,4511809,Hannover Rueck SE,HNR1,0.02%,Reinsurance,DE,---,"$15,209,902.80","52,767",HNR1.DE,0.0001926798840810136
,6251363,Daiwa House Industry Co Ltd,1925,0.02%,Diversified Real Estate Activities,JP,---,"$15,208,929.97","517,900",1925.T,0.0001926675602171405
,2116228,CH Robinson Worldwide Inc,CHRW,0.02%,Air Freight & Logistics,US,---,"$15,182,803.02","102,774",CHRW,0.00019233658257950624
,B58YSC6,SS&C Technologies Holdings Inc,SSNC,0.02%,Data Processing & Outsourced Services,US,---,"$15,152,884.15","196,663",SSNC,0.00019195756869103912
,B0JDQD4,Bandai Namco Holdings Inc,7832,0.02%,Leisure Products,JP,---,"$15,133,519.67","522,400",7832.T,0.00019171225839479652
,2637785,NVR Inc,NVR,0.02%,Homebuilding,US,---,"$15,066,419.55","2,451",NVR,0.00019086223038913288
,2454241,Imperial Oil Ltd,IMO,0.02%,Integrated Oil & Gas,CA,---,"$15,003,499.13","115,723",IMO.TO,0.00019006515105264108
,BF2PQ09,Unibail-Rodamco-Westfield,URW,0.02%,Retail REITs,FR,---,"$15,003,184.83","123,140",URW.PA,0.000190061169482978
,2094670,Best Buy Co Inc,BBY,0.02%,Computer & Electronics Retail,US,---,"$14,949,979.38","173,313",BBY,0.0001893871599200452
,2755706,Royal Gold Inc,RGLD,0.02%,Gold,US,---,"$14,895,886.65","75,099",RGLD,0.0001887019102453382
,B01C1P6,Bank Central Asia Tbk PT,BBCA,0.02%,Diversified Banks,ID,---,"$14,890,136.57","42,485,620",BBCA.JK,0.00018862906791607253
,B95N910,PTC Inc,PTC,0.02%,Application Software,US,---,"$14,879,065.60","108,448",PTC,0.0001884888202600346
,B037HF1,NTPC Ltd,NTPC,0.01%,Independent Power Producers & Energy Traders,IN,---,"$14,867,708.19","4,088,347",NTPC.NS,0.00018834494396634385
,0045614,Antofagasta PLC,ANTO,0.01%,Copper,GB,---,"$14,818,458.38","297,316",ANTO.L,0.00018772104466819635
,BQ1PC76,Atlassian Corp,TEAM,0.01%,Application Software,US,---,"$14,817,385.28","146,685",TEAM,0.00018770745057845582
,2589132,Mid-America Apartment Communities Inc,MAA,0.01%,Multi-Family Residential REITs,US,---,"$14,799,846.88","111,832",MAA,0.0001874852731639515
,6497509,Kubota Corp,6326,0.01%,Agricultural & Farm Machinery,JP,---,"$14,798,991.16","872,300",6326.T,0.0001874744328559907
,B3QJ0H8,Tourmaline Oil Corp,TOU,0.01%,Oil & Gas Exploration & Production,CA,---,"$14,766,231.67","334,357",TOU.TO,0.00018705943383734127
,6506267,Lasertec Corp,6920,0.01%,Semiconductor Materials & Equipment,JP,---,"$14,725,830.55","64,100",6920.T,0.00018654763023013196
,2506658,Lattice Semiconductor Corp,LSCC,0.01%,Semiconductors,US,---,"$14,715,929.13","118,419",LSCC,0.0001864221984977321
,BLC90T0,Kuaishou Technology,1024,0.01%,Interactive Media & Services,HK,---,"$14,689,726.12","2,637,700",1024.HK,0.00018609025732784022
,4103596,EDP SA,EDP,0.01%,Electric Utilities,PT,---,"$14,649,883.83","2,845,024",EDP.LS,0.0001855855330097649
,BZ1GZ06,BAWAG Group AG,BG,0.01%,Diversified Banks,AT,---,"$14,649,543.53","72,238",BG.VI,0.00018558122207067376
,BV6GRD0,Pinnacle Financial Partners Inc,PNFP,0.01%,Regional Banks,US,---,"$14,632,231.50","139,050",PNFP,0.00018536191232376288
,BHR3R21,WSP Global Inc,WSP,0.01%,Construction & Engineering,CA,---,"$14,612,287.01","119,602",WSP.TO,0.00018510925442898296
,2866857,Lundin Mining Corp,LUN,0.01%,Copper,CA,---,"$14,612,269.95","590,153",LUN.TO,0.00018510903831196594
,B5B15Y5,MACOM Technology Solutions Holdings Inc,MTSI,0.01%,Semiconductors,US,---,"$14,575,473.92","57,968",MTSI,0.0001846429041828878
,2040640,Jones Lang LaSalle Inc,JLL,0.01%,Real Estate Services,US,---,"$14,564,750.72","41,024",JLL,0.00018450706209631132
,2623911,Neurocrine Biosciences Inc,NBIX,0.01%,Biotechnology,US,---,"$14,548,963.20","87,224",NBIX,0.0001843070649258148
,BNBNSG0,Euronext NV,ENX,0.01%,Financial Exchanges & Data,FR,---,"$14,441,713.89","78,983",ENX.PA,0.00018294842477601923
,2860257,Sun Communities Inc,SUI,0.01%,Single-Family Residential REITs,US,---,"$14,437,652.04","116,923",SUI,0.00018289696903712029
,BP3R2F1,Kweichow Moutai Co Ltd,600519,0.01%,Distillers & Vintners,CN,---,"$14,437,141.84","72,205",600519.SS,0.00018289050579549734
,BNZGVV1,Universal Music Group NV,UMG,0.01%,Movies & Entertainment,NL,---,"$14,405,312.86","873,073",UMG.AS,0.0001824872945286366
,BN2BD13,Yum China Holdings Inc,9987,0.01%,Restaurants,HK,---,"$14,400,905.97","303,916",9987.HK,0.00018243146780406622
,2416973,WESCO International Inc,WCC,0.01%,Trading Companies & Distributors,US,---,"$14,397,383.35","41,915",WCC,0.00018238684306042473
,2900335,Tractor Supply Co,TSCO,0.01%,Other Specialty Retail,US,---,"$14,391,375.16","467,708",TSCO,0.00018231073097950228
,2507457,Akamai Technologies Inc,AKAM,0.01%,Internet Services & Infrastructure,US,---,"$14,339,334.10","124,495",AKAM,0.00018165147197304413
,BF4QXG5,Wiwynn Corp,6669,0.01%,"Technology Hardware, Storage & Peripherals",TW,---,"$14,327,064.62","88,000",6669.TW,0.0001814960415264975
,BQPCHB2,Permian Resources Corp,PR,0.01%,Oil & Gas Exploration & Production,US,---,"$14,254,813.06","668,926",PR,0.00018058075479596876
,2093644,W R Berkley Corp,WRB,0.01%,Property & Casualty Insurance,US,---,"$14,249,685.06","196,439",WRB,0.0001805157930103111
,BG087C6,National Bank of Greece SA,ETE,0.01%,Diversified Banks,GR,---,"$14,203,590.71","759,102",ETE.AT,0.00017993186725275863
,BNGC0D3,Jacobs Solutions Inc,J,0.01%,Research & Consulting Services,US,---,"$14,190,048.38","105,166",J,0.00017976031227250018
,BMJ6DW5,Informa PLC,INF,0.01%,Advertising,GB,---,"$14,173,390.29","1,183,125",INF.L,0.00017954928667342722
,2155306,MasTec Inc,MTZ,0.01%,Construction & Engineering,US,---,"$14,141,098.80","53,748",MTZ,0.00017914021630448295
,6051046,Asustek Computer Inc,2357,0.01%,"Technology Hardware, Storage & Peripherals",TW,---,"$14,135,114.13","569,677",2357.TW,0.00017906440217621227
,BMW4NZ9,Roivant Sciences Ltd,ROIV,0.01%,Biotechnology,US,---,"$14,116,495.63","416,293",ROIV,0.00017882854199558298
,2731193,Reinsurance Group of America Inc,RGA,0.01%,Reinsurance,US,---,"$14,111,759.85","59,581",RGA,0.00017876854887442816
,2641838,Nordson Corp,NDSN,0.01%,Industrial Machinery & Supplies & Components,US,---,"$14,107,923.06","47,377",NDSN,0.00017871994420797077
,B12C0T9,Samsung Life Insurance Co Ltd,032830,0.01%,Life & Health Insurance,KR,---,"$14,101,154.29","67,270",032830.KS,0.00017863419705783308
,4525189,Wartsila OYJ Abp,WRT1V,0.01%,Industrial Machinery & Supplies & Components,FI,---,"$14,099,302.15","415,758",WRT1V.HE,0.0001786107340465835
,BG0SCK9,BE Semiconductor Industries NV,BESI,0.01%,Semiconductor Materials & Equipment,NL,---,"$14,089,577.73","61,441",BESI.AS,0.00017848754455990546
,B3X0F91,Evolution Mining Ltd,EVN,0.01%,Gold,AU,---,"$14,025,948.29","1,768,870",EVN.AX,0.0001776814833191104
,2909730,Tyson Foods Inc,TSN,0.01%,Packaged Foods & Meats,US,---,"$13,996,702.44","241,489",TSN,0.0001773109952849692
,BJBLRK3,Healthpeak Properties Inc,DOC,0.01%,Health Care REITs,US,---,"$13,941,489.37","638,639",DOC,0.000176611553081607
,BLZH0Z7,Scentre Group,SCG,0.01%,Retail REITs,AU,---,"$13,935,166.70","5,075,611",SCG.AX,0.00017653145715077156
,6466985,IHI Corp,7013,0.01%,Industrial Machinery & Supplies & Components,JP,---,"$13,926,764.43","796,500",7013.T,0.00017642501673291317
,BMWGTH9,RB Global Inc,RBA,0.01%,Diversified Support Services,CA,---,"$13,922,362.82","126,932",RBA.TO,0.00017636925689567284
,2384951,Great-West Lifeco Inc,GWO,0.01%,Life & Health Insurance,CA,---,"$13,904,105.10","209,721",GWO.TO,0.0001761379670958995
,2202473,Clean Harbors Inc,CLH,0.01%,Environmental & Facilities Services,US,---,"$13,874,663.60","44,345",CLH,0.00017576500055681217
,2650050,Emera Inc,EMA,0.01%,Electric Utilities,CA,---,"$13,858,336.64","259,342",EMA.TO,0.0001755581697307667
,BM8H5Y5,Dassault Systemes SE,DSY,0.01%,Application Software,FR,---,"$13,854,770.50","595,520",DSY.PA,0.00017551299367337487
,B3SPXZ3,LyondellBasell Industries NV,LYB,0.01%,Commodity Chemicals,US,---,"$13,836,266.24","222,878",LYB,0.00017527858069134024
,BZ00V34,Zscaler Inc,ZS,0.01%,Systems Software,US,---,"$13,759,048.80","90,999",ZS,0.00017430038592021832
,5732524,Telefonica SA,TEF,0.01%,Integrated Telecommunication Services,ES,---,"$13,744,645.86","3,329,058",TEF.MC,0.0001741179286852105
,6672481,Wistron Corp,3231,0.01%,"Technology Hardware, Storage & Peripherals",TW,---,"$13,730,076.40","2,560,152",3231.TW,0.0001739333619656965
,5076705,HENKEL AG & CO KGAA VOR-PREF,HEN3,0.01%,Household Products,DE,---,"$13,726,895.32","157,457",HEN3.DE,0.00017389306386953425
,6525875,SinoPac Financial Holdings Co Ltd,2890,0.01%,Diversified Banks,TW,---,"$13,711,069.52","10,994,015",2890.TW,0.0001736925817658952
,6493745,Kirin Holdings Co Ltd,2503,0.01%,Brewers,JP,---,"$13,693,515.07","740,200",2503.T,0.00017347020102910932
,2823777,Southern Copper Corp,SCCO,0.01%,Copper,US,---,"$13,676,208.92","74,852",SCCO,0.0001732509657703614
,6531827,Geely Automobile Holdings Ltd,175,0.01%,Automobile Manufacturers,HK,---,"$13,653,639.02","5,390,200",0175.HK,0.0001729650490374997
,BMBPH06,API Group Corp,APG,0.01%,Construction & Engineering,US,---,"$13,606,629.12","342,909",APG,0.00017236952504226023
,BP6D7B7,Toast Inc,TOST,0.01%,Transaction & Payment Processing Services,US,---,"$13,585,347.30","420,990",TOST,0.0001720999257775869
,B86S2N0,Ageas SA/NV,AGS,0.01%,Multi-line Insurance,BE,---,"$13,575,969.80","164,046",AGS.BR,0.0001719811310925236
,B01BN57,Terna - Rete Elettrica Nazionale,TRN,0.01%,Electric Utilities,IT,---,"$13,554,115.83","1,182,307",TRN.MI,0.00017170428380022462
,BYMWL86,TransUnion,TRU,0.01%,Research & Consulting Services,US,---,"$13,508,173.92","171,816",TRU,0.00017112228916096498
,BZ0W624,BWX Technologies Inc,BWXT,0.01%,Aerospace & Defense,US,---,"$13,504,772.40","80,052",BWXT,0.00017107919851877502
,BRC3N73,Super Micro Computer Inc,SMCI,0.01%,"Technology Hardware, Storage & Peripherals",US,---,"$13,487,273.60","474,904",SMCI,0.0001708575227592457
,6483489,Kansai Electric Power Co Inc/The,9503,0.01%,Electric Utilities,JP,---,"$13,472,525.44","889,600",9503.T,0.0001706706922583165
,BJN4XN5,Gen Digital Inc,GEN,0.01%,Systems Software,US,---,"$13,449,594.15","489,967",GEN,0.0001703801974170853
,6771645,Samsung SDI Co Ltd,006400,0.01%,Electronic Components,KR,---,"$13,435,284.60","49,271",006400.KS,0.00017019892325172695
,6097017,CLP Holdings Ltd,2,0.01%,Electric Utilities,HK,---,"$13,398,103.65","1,347,580",0002.HK,0.0001697279129349469
,2570200,Masco Corp,MAS,0.01%,Building Products,US,---,"$13,392,850.20","187,365",MAS,0.00016966136194179884
,6302700,Ebara Corp,6361,0.01%,Industrial Machinery & Supplies & Components,JP,---,"$13,378,744.59","394,100",6361.T,0.000169482671299562
,B4JSZL8,Fabrinet,FN,0.01%,Electronic Manufacturing Services,US,---,"$13,377,101.43","30,723",FN,0.0001694618556584307
,2043274,Omega Healthcare Investors Inc,OHI,0.01%,Health Care REITs,US,---,"$13,365,459.29","263,983",OHI,0.00016931437238946104
,6054409,Asahi Group Holdings Ltd,2502,0.01%,Brewers,JP,---,"$13,344,301.74","1,278,656",2502.T,0.0001690463473839733
,2419217,HEICO Corp,HEI,0.01%,Aerospace & Defense,US,---,"$13,342,474.76","37,441",HEI,0.0001690232031009856
,BGHWH98,Woori Financial Group Inc,316140,0.01%,Diversified Banks,KR,---,"$13,336,284.10","576,098",316140.KS,0.00016894477948008088
,6585084,Suncorp Group Ltd,SUN,0.01%,Property & Casualty Insurance,AU,---,"$13,291,241.65","987,848",SUN.AX,0.00016837417924950445
,B18ZRK2,Logitech International SA,LOGN,0.01%,"Technology Hardware, Storage & Peripherals",CH,---,"$13,278,672.79","130,017",LOGN.SW,0.00016821495624067426
,BJJMGY5,Fox Corp,FOX,0.01%,Broadcasting,US,---,"$13,273,942.22","255,563",FOX,0.00016815502912008565
,B418WK4,Whitecap Resources Inc,WCP,0.01%,Oil & Gas Exploration & Production,CA,---,"$13,265,980.24","1,124,360",WCP.TO,0.0001680541663201304
,2176318,Carlisle Cos Inc,CSL,0.01%,Building Products,US,---,"$13,228,859.60","36,755",CSL,0.00016758392001374285
,BG36ZK1,B3 SA - Brasil Bolsa Balcao,B3SA3,0.01%,Financial Exchanges & Data,BR,---,"$13,209,057.38","4,256,751",B3SA3.SA,0.0001673330644031372
,2208136,Coeur Mining Inc,CDE,0.01%,Gold,US,---,"$13,185,077.01","884,311",CDE,0.00016702927975884482
,6251448,Daiwa Securities Group Inc,8601,0.01%,Investment Banking & Brokerage,JP,---,"$13,178,976.64","1,178,100",8601.T,0.00016695199993661933
,2885937,Textron Inc,TXT,0.01%,Aerospace & Defense,US,---,"$13,147,518.30","154,205",TXT,0.00016655348395763612
,6805469,Resonac Holdings Corp,4004,0.01%,Diversified Chemicals,JP,---,"$13,143,594.32","157,788",4004.T,0.00016650377476346983
,B3Q2FJ4,Stanley Black & Decker Inc,SWK,0.01%,Industrial Machinery & Supplies & Components,US,---,"$13,117,678.52","138,694",SWK,0.00016617547198563305
,BYQBFT8,Nutanix Inc,NTNX,0.01%,Application Software,US,---,"$13,067,410.44","221,444",NTNX,0.00016553867318719662
,2556868,Everest Group Ltd,EG,0.01%,Reinsurance,US,---,"$13,059,705.75","34,905",EG,0.00016544106975109314
,BRRF114,Talen Energy Corp,TLN,0.01%,Independent Power Producers & Energy Traders,US,---,"$13,030,234.10","39,001",TLN,0.00016506772127014975
,2516851,Lincoln Electric Holdings Inc,LECO,0.01%,Industrial Machinery & Supplies & Components,US,---,"$13,023,951.71","49,841",LECO,0.00016498813560856672
,B1W9D46,Delta Air Lines Inc,DAL,0.01%,Passenger Airlines,US,---,"$13,000,054.56","148,674",DAL,0.00016468540519980524
,6858902,Sumitomo Realty & Development Co Ltd,8830,0.01%,Diversified Real Estate Activities,JP,---,"$12,962,025.58","578,292",8830.T,0.00016420365199240676
,6180412,Computershare Ltd,CPU,0.01%,Data Processing & Outsourced Services,AU,---,"$12,937,845.16","450,277",CPU.AX,0.00016389733310372652
,6640682,NIDEC CORP,6594,0.01%,Electrical Components & Equipment,JP,---,"$12,931,244.15","805,292",6594.T,0.00016381371114648316
,4682329,Pernod Ricard SA,RI,0.01%,Distillers & Vintners,FR,---,"$12,926,171.20","165,862",RI.PA,0.00016374944673724912
,BQPDXR3,Cooper Cos Inc/The,COO,0.01%,Health Care Supplies,US,---,"$12,883,301.76","178,143",COO,0.00016320637431670623
,B826YT8,WP Carey Inc,WPC,0.01%,Diversified REITs,US,---,"$12,874,112.00","174,920",WPC,0.00016308995793227465
,6641801,Nitto Denko Corp,6988,0.01%,Specialty Chemicals,JP,---,"$12,870,451.46","609,500",6988.T,0.00016304358601049786
,BDV82B8,Leidos Holdings Inc,LDOS,0.01%,Research & Consulting Services,US,---,"$12,865,817.60","111,296",LDOS,0.00016298488401750104
,2896092,Toll Brothers Inc,TOL,0.01%,Homebuilding,US,---,"$12,843,572.04","88,036",TOL,0.00016270307604157385
,BWZMZF4,Flutter Entertainment PLC,FLUT,0.01%,Casinos & Gaming,US,---,"$12,840,930.05","122,915",FLUT,0.0001626696071671414
,B60QWJ2,JAMES HARDIE INDUSTRIES-CDI,JHX,0.01%,Construction Materials,AU,CDI,"$12,831,358.21","497,056",JHX.AX,0.0001625483505722839
,BNLZ3X8,AST SpaceMobile Inc,ASTS,0.01%,Alternative Carriers,US,---,"$12,821,957.10","217,395",ASTS,0.00016242925679444374
,2066408,Avery Dennison Corp,AVY,0.01%,Paper & Plastic Packaging Products & Materials,US,---,"$12,803,582.55","75,435",AVY,0.0001621964869858135
,B4Q5ZN4,Jazz Pharmaceuticals PLC,JAZZ,0.01%,Pharmaceuticals,US,---,"$12,794,210.28","50,598",JAZZ,0.00016207775855467746
,6744294,T&D Holdings Inc,8795,0.01%,Life & Health Insurance,JP,---,"$12,776,516.53","405,400",8795.T,0.00016185361315784044
,2609717,Mueller Industries Inc,MLI,0.01%,Industrial Machinery & Supplies & Components,US,---,"$12,765,795.07","192,227",MLI,0.00016171779311367952
,6706250,PICC Property & Casualty Co Ltd,2328,0.01%,Property & Casualty Insurance,HK,---,"$12,765,059.29","6,116,330",2328.HK,0.00016170847221222645
,BPYTZ57,Boliden AB,BOL,0.01%,Diversified Metals & Mining,SE,---,"$12,665,132.87","251,704",BOL.ST,0.00016044259883516384
,BN7L880,DT Midstream Inc,DTM,0.01%,Oil & Gas Storage & Transportation,US,---,"$12,661,224.00","91,748",DTM,0.00016039308105530743
,6431756,KGI Financial Holding Co Ltd,2883,0.01%,Life & Health Insurance,TW,---,"$12,646,041.25","13,385,158",2883.TW,0.00016020074514438816
,B0PB4M7,Link REIT,823,0.01%,Retail REITs,HK,---,"$12,638,620.02","2,535,588",0823.HK,0.00016010673259513384
,6804682,Shionogi & Co Ltd,4507,0.01%,Pharmaceuticals,JP,---,"$12,637,013.06","698,900",4507.T,0.00016008637553759086
,B80VKP3,ASPEED Technology Inc,5274,0.01%,Semiconductors,TW,---,"$12,635,046.70","28,930",5274.TWO,0.00016006146558110768
,BFRT3W7,Allegion plc,ALLE,0.01%,Building Products,US,---,"$12,634,340.60","80,269",ALLE,0.00016005252066752482
,2989356,Zebra Technologies Corp,ZBRA,0.01%,Electronic Equipment & Instruments,US,---,"$12,631,909.44","42,992",ZBRA,0.0001600217225991123
,B06YV46,Neste Oyj,NESTE,0.01%,Oil & Gas Refining & Marketing,FI,---,"$12,618,508.22","356,069",NESTE.HE,0.00015985195520808437
,5962280,Chocoladefabriken Lindt & Spruengli AG,LISP,0.01%,Packaged Foods & Meats,CH,---,"$12,615,479.14","1,093",LISP.SW,0.00015981358265627083
