,SEDOL,HOLDINGS,TICKER,% OF FUNDS*,SUB-INDUSTRY,COUNTRY,SECURITYDEPOSITORYRECEIPTTYPE,MARKET VALUE*,SHARES,YFINANCE_TICKER,RENORMALIZED_WEIGHT
,2379504,NVIDIA Corp,NVDA,4.00%,Semiconductors,US,---,"$3,970,775,578.00","19,779,704",NVDA,0.04603661251407563
,2046251,Apple Inc,AAPL,3.82%,"Technology Hardware, Storage & Peripherals",US,---,"$3,785,666,410.47","12,254,917",AAPL,0.04389048291017744
,2588173,Microsoft Corp,MSFT,2.95%,Systems Software,US,---,"$2,925,928,703.92","6,296,111",MSFT,0.033922805089383105
,2000019,Amazon.com Inc,AMZN,2.25%,Broadline Retail,US,---,"$2,232,963,892.76","8,222,122",AMZN,0.025888668717130418
,BYVY8G0,Alphabet Inc,GOOGL,1.80%,Interactive Media & Services,US,---,"$1,788,662,925.00","5,022,500",GOOGL,0.020737505905078907
,BDZ78H9,Broadcom Inc,AVGO,1.55%,Semiconductors,US,---,"$1,535,296,963.20","3,943,940",AVGO,0.017800016646741707
,6889106,Taiwan Semiconductor Manufacturing Co Ltd,2330,1.54%,Semiconductors,TW,---,"$1,525,627,428.12","20,626,276",2330.TW,0.017687909419595558
,BYY88Y7,Alphabet Inc,GOOG,1.42%,Interactive Media & Services,US,---,"$1,408,147,642.30","3,948,262",GOOG,0.01632586533732687
,B7TL820,Meta Platforms Inc,META,1.05%,Interactive Media & Services,US,---,"$1,037,170,214.85","1,863,035",META,0.01202480531932747
,2190385,JPMorgan Chase & Co,JPM,0.80%,Diversified Banks,US,---,"$797,105,130.45","2,265,855",JPM,0.009241524559288089
,2588184,Micron Technology Inc,MU,0.79%,Semiconductors,US,---,"$786,597,754.02","955,734",MU,0.009119703517593489
,2516152,Eli Lilly & Co,LLY,0.78%,Pharmaceuticals,US,---,"$777,727,917.12","676,968",LLY,0.009016867878457714
,B616C79,Tesla Inc,TSLA,0.78%,Automobile Manufacturers,US,---,"$770,531,996.83","2,475,923",TSLA,0.008933439392620254
,2073390,Berkshire Hathaway Inc,BRK/B,0.71%,Multi-Sector Holdings,US,---,"$709,364,794.96","1,386,724",BRK-B,0.00822427547344511
,6771720,Samsung Electronics Co Ltd,005930,0.69%,"Technology Hardware, Storage & Peripherals",KR,---,"$682,113,929.47","3,918,961",005930.KS,0.007908332778978299
,2007849,Advanced Micro Devices Inc,AMD,0.66%,Semiconductors,US,---,"$656,636,085.95","1,379,053",AMD,0.007612946251388326
,BVSRPD7,ExxonMobil Holdings Corp,XOM,0.55%,Integrated Oil & Gas,US,---,"$548,312,734.72","3,527,488",XOM,0.006357060581487686
,B929F46,ASML Holding NV,ASML,0.54%,Semiconductor Materials & Equipment,NL,---,"$540,155,140.42","327,775",ASML.AS,0.006262482582691469
,6450267,SK hynix Inc,000660,0.54%,Semiconductors,KR,---,"$534,515,330.73","470,667",000660.KS,0.00619709542387288
,2475833,Johnson & Johnson,JNJ,0.53%,Pharmaceuticals,US,---,"$521,734,030.35","2,035,241",JNJ,0.006048910828329348
,B2PZN04,Visa Inc,V,0.52%,Transaction & Payment Processing Services,US,---,"$512,555,638.64","1,399,928",V,0.005942497848206078
,2936921,Walmart Inc,WMT,0.42%,Consumer Staples Merchandise Retail,US,---,"$412,736,925.60","3,711,663",WMT,0.004785213755059028
,B121557,Mastercard Inc,MA,0.39%,Transaction & Payment Processing Services,US,---,"$390,762,504.00","681,840",MA,0.004530445407528879
,2198163,Cisco Systems Inc,CSCO,0.39%,Communications Equipment,US,---,"$388,696,408.80","3,351,120",CSCO,0.004506491390921498
,B92SR70,AbbVie Inc,ABBV,0.38%,Biotechnology,US,---,"$376,689,547.16","1,501,114",ABBV,0.0043672855290003846
,2701271,Costco Wholesale Corp,COST,0.36%,Consumer Staples Merchandise Retail,US,---,"$357,014,911.51","375,059",COST,0.004139180575702853
,2295677,Bank of America Corp,BAC,0.35%,Diversified Banks,US,---,"$345,208,135.65","5,572,367",BAC,0.004002294480120202
,2046552,Applied Materials Inc,AMAT,0.34%,Semiconductor Materials & Equipment,US,---,"$341,531,438.81","672,743",AMAT,0.003959667375054733
,2463247,Intel Corp,INTC,0.34%,Semiconductors,US,---,"$335,466,067.20","3,719,136",INTC,0.0038893463113032307
,BMMV2K8,Tencent Holdings Ltd,700,0.33%,Interactive Media & Services,HK,---,"$324,065,917.80","5,303,602",0700.HK,0.0037571745855985226
,2917766,UnitedHealth Group Inc,UNH,0.32%,Managed Health Care,US,---,"$317,330,944.00","765,760",UNH,0.00367909024841238
,BL59CR9,General Electric Co,GE,0.32%,Aerospace & Defense,US,---,"$315,406,917.20","875,960",GE,0.003656783352815195
,2180201,Caterpillar Inc,CAT,0.32%,Construction Machinery & Heavy Transportation Equipment,US,---,"$313,897,404.40","385,240",CAT,0.0036392822741232486
,BSML4N7,Lam Research Corp,LRCX,0.31%,Semiconductor Materials & Equipment,US,---,"$310,771,151.60","1,060,580",LRCX,0.003603036939692353
,2838555,Chevron Corp,CVX,0.31%,Integrated Oil & Gas,US,---,"$309,493,326.87","1,572,389",CVX,0.003588222019835929
,0540528,HSBC Holdings PLC,HSBA,0.31%,Diversified Banks,GB,---,"$309,175,124.98","14,518,462",HSBA.L,0.0035845328319623216
,2206657,Coca-Cola Co/The,KO,0.29%,Soft Drinks & Non-alcoholic Beverages,US,---,"$285,920,825.31","3,264,309",KO,0.0033149257584411326
,2704407,Procter & Gamble Co/The,PG,0.29%,Household Products,US,---,"$284,220,210.42","1,967,058",PG,0.0032952090690466567
,2434209,Home Depot Inc/The,HD,0.28%,Home Improvement Retail,US,---,"$279,434,301.16","841,771",HD,0.003239721911487095
,2778844,Merck & Co Inc,MRK,0.28%,Pharmaceuticals,US,---,"$273,266,364.00","2,098,820",MRK,0.0031682117172017986
,2857817,Netflix Inc,NFLX,0.26%,Movies & Entertainment,US,---,"$255,197,532.24","3,558,744",NFLX,0.0029587242279249266
,B2PKRQ3,Philip Morris International Inc,PM,0.25%,Tobacco,US,---,"$251,764,473.24","1,319,382",PM,0.0029189218256444717
,7103065,Novartis AG,NOVN,0.25%,Pharmaceuticals,CH,---,"$248,581,407.73","1,589,479",NOVN.SW,0.002882017812659533
,2754383,Royal Bank of Canada,RY,0.25%,Diversified Banks,CA,---,"$245,375,192.42","1,172,350",RY.TO,0.0028448454041555215
,BM5M5Y3,RTX Corp,RTX,0.25%,Aerospace & Defense,US,---,"$244,505,631.06","1,136,073",RTX,0.002834763832280917
,2407966,Goldman Sachs Group Inc/The,GS,0.24%,Investment Banking & Brokerage,US,---,"$237,958,744.32","233,664",GS,0.0027588601499643436
,BK6YZP5,Alibaba Group Holding Ltd,9988,0.24%,Broadline Retail,HK,---,"$236,500,251.83","15,525,120",9988.HK,0.0027419505935570698
,BTMJD19,Roche Holding AG,ROP,0.24%,Pharmaceuticals,CH,---,"$234,332,216.01","536,116",ROP.SW,0.0027168146917662538
,BN78DQ4,Palantir Technologies Inc,PLTR,0.23%,Application Software,US,---,"$231,608,149.50","1,882,075",PLTR,0.002685232248508001
,B87ZMX0,Palo Alto Networks Inc,PANW,0.23%,Systems Software,US,---,"$226,641,549.15","683,005",PANW,0.0026276501839128555
,BP6H4Y1,GE Vernova Inc,GEV,0.23%,Heavy Electrical Equipment,US,---,"$226,090,139.03","228,307",GEV,0.002621257212682896
,2649100,Wells Fargo & Co,WFC,0.23%,Diversified Banks,US,---,"$224,641,448.85","2,598,513",WFC,0.00260446130287648
,BP6MXD8,Shell PLC,SHEL,0.22%,Integrated Oil & Gas,GB,---,"$218,381,223.56","4,771,098",SHEL.L,0.00253188113301664
,7123870,Nestle SA,NESN,0.22%,Packaged Foods & Meats,CH,---,"$217,594,677.98","2,177,014",NESN.SW,0.0025227620343972823
,0989529,AstraZeneca PLC,AZN,0.22%,Pharmaceuticals,GB,---,"$215,934,447.52","1,269,379",AZN.L,0.002503513556393501
,2885409,Texas Instruments Inc,TXN,0.21%,Semiconductors,US,---,"$212,666,956.66","771,259",TXN,0.002465630727797363
,6335171,Mitsubishi UFJ Financial Group Inc,8306,0.21%,Diversified Banks,JP,---,"$206,638,515.25","9,251,160",8306.T,0.0023957378275806848
,5727973,Siemens AG,SIE,0.21%,Industrial Conglomerates,DE,---,"$204,096,162.91","622,916",SIE.DE,0.0023662621528033694
,2480138,KLA Corp,KLAC,0.20%,Semiconductor Materials & Equipment,US,---,"$203,019,416.16","1,110,488",KLAC,0.0023537785027123947
,2262314,Morgan Stanley,MS,0.20%,Investment Banking & Brokerage,US,---,"$199,560,013.38","948,389",MS,0.0023136706743588234
,2661568,Oracle Corp,ORCL,0.19%,Systems Software,US,---,"$188,642,538.63","1,452,549",ORCL,0.002187095010530674
,BNZHB81,Linde PLC,LIN,0.19%,Industrial Gases,US,---,"$187,152,780.36","391,222",LIN,0.0021698229630758605
,2297907,Citigroup Inc,C,0.19%,Diversified Banks,US,---,"$184,376,095.35","1,392,043",C,0.002137630468343283
,2886907,Thermo Fisher Scientific Inc,TMO,0.18%,Life Sciences Tools & Services,US,---,"$181,569,539.40","316,158",TMO,0.0021050916541415746
,6144690,BHP Group Ltd,BHP,0.18%,Diversified Metals & Mining,AU,---,"$181,152,846.15","4,297,757",BHP.AX,0.002100260571318923
,2005973,International Business Machines Corp,IBM,0.18%,IT Consulting & Other Services,US,---,"$178,165,404.90","796,626",IBM,0.0020656245984382576
,6215035,Commonwealth Bank of Australia,CBA,0.18%,Diversified Banks,AU,---,"$177,043,189.57","1,416,291",CBA.AX,0.0020526137920379153
,2023607,Amgen Inc,AMGN,0.18%,Biotechnology,US,---,"$175,705,370.08","456,188",AMGN,0.0020371033013881447
,5705946,Banco Santander SA,SAN,0.18%,Diversified Banks,ES,---,"$175,054,322.20","12,308,467",SAN.MC,0.0020295551440090843
,6900643,Toyota Motor Corp,7203,0.17%,Automobile Manufacturers,JP,---,"$170,814,784.59","9,026,040",7203.T,0.0019804025423682927
,2897222,Toronto-Dominion Bank/The,TD,0.17%,Diversified Banks,CA,---,"$167,989,175.05","1,401,426",TD.TO,0.0019476428235290389
,2145084,Amphenol Corp,APH,0.17%,Electronic Components,US,---,"$166,943,837.80","1,038,854",APH,0.0019355233307550305
,2090571,Verizon Communications Inc,VZ,0.17%,Integrated Telecommunication Services,US,---,"$166,259,945.24","3,551,804",VZ,0.0019275943767843211
,BKVD2N4,Seagate Technology Holdings PLC,STX,0.16%,"Technology Hardware, Storage & Peripherals",US,---,"$162,549,122.45","189,865",STX,0.0018845716202633702
,BJJP138,Crowdstrike Holdings Inc,CRWD,0.16%,Systems Software,US,---,"$162,284,440.80","850,280",CRWD,0.0018815029385105798
,2550707,McDonald's Corp,MCD,0.16%,Restaurants,US,---,"$162,208,895.92","599,353",MCD,0.0018806270818171788
,2681511,PepsiCo Inc,PEP,0.16%,Soft Drinks & Non-alcoholic Beverages,US,---,"$161,094,387.12","1,154,302",PEP,0.0018677056238397
,4846288,SAP SE,SAP,0.16%,Application Software,DE,---,"$160,497,050.09","875,621",SAP.DE,0.001860780182486938
,BL9XPM3,Arista Networks Inc,ANET,0.16%,Communications Equipment,US,---,"$159,572,056.85","884,791",ANET,0.0018500559412067323
,5231485,Allianz SE,ALV,0.16%,Multi-line Insurance,DE,---,"$158,912,938.94","319,037",ALV.DE,0.0018424142210370317
,2954699,Western Digital Corp,WDC,0.16%,"Technology Hardware, Storage & Peripherals",US,---,"$156,286,809.16","286,849",WDC,0.001811967242425758
,4834108,Schneider Electric SE,SU,0.16%,Electrical Components & Equipment,FR,---,"$154,699,051.21","460,434",SU.PA,0.0017935590004905366
,2002305,Abbott Laboratories,ABT,0.16%,Health Care Equipment,US,---,"$154,354,661.30","1,460,309",ABT,0.0017895661924033032
,2328915,NextEra Energy Inc,NEE,0.15%,Electric Utilities,US,---,"$153,063,425.48","1,760,969",NEE,0.0017745957862592278
,2032067,Analog Devices Inc,ADI,0.15%,Semiconductors,US,---,"$152,360,150.67","414,687",ADI,0.0017664421172132456
,2026082,American Express Co,AXP,0.15%,Consumer Finance,US,---,"$151,949,021.25","451,893",AXP,0.0017616755406515932
,2989301,TJX Cos Inc/The,TJX,0.15%,Apparel Retail,US,---,"$148,114,369.10","941,365",TJX,0.0017172171239800739
,2914734,Union Pacific Corp,UNP,0.15%,Rail Transportation,US,---,"$147,037,208.64","503,328",UNP,0.0017047286773936565
,2779397,Charles Schwab Corp/The,SCHW,0.15%,Investment Banking & Brokerage,US,---,"$145,967,669.52","1,386,998",SCHW,0.001692328591549247
,2270726,Walt Disney Co/The,DIS,0.15%,Movies & Entertainment,US,---,"$144,396,388.02","1,501,158",DIS,0.0016741113752535657
,B15C557,TotalEnergies SE,TTE,0.14%,Integrated Oil & Gas,FR,---,"$142,870,985.79","1,620,579",TTE.PA,0.0016564260767492397
,BMZBBT7,Blackrock Inc,BLK,0.14%,Asset Management & Custody Banks,US,---,"$140,160,911.38","128,542",BLK,0.0016250058559267064
,BYVYHH4,Welltower Inc,WELL,0.14%,Health Care REITs,US,---,"$139,877,453.80","596,645",WELL,0.0016217194886872844
,BRJL176,UBS Group AG,UBSG,0.14%,Diversified Capital Markets,CH,---,"$139,574,645.41","2,640,577",UBSG.SW,0.0016182087708835188
,2108601,Boeing Co/The,BA,0.14%,Aerospace & Defense,US,---,"$138,897,615.92","642,628",BA,0.0016103593863792877
,BNKJSM5,Marvell Technology Inc,MRVL,0.14%,Semiconductors,US,---,"$138,707,934.84","739,539",MRVL,0.0016081602506664583
,2369174,Gilead Sciences Inc,GILD,0.14%,Biotechnology,US,---,"$137,491,733.83","1,055,923",GILD,0.0015940597875360794
,B8KQN82,Eaton Corp PLC,ETN,0.14%,Electrical Components & Equipment,US,---,"$137,193,290.40","330,427",ETN,0.001590599676463471
,B288C92,Iberdrola SA,IBE,0.14%,Electric Utilities,ES,---,"$136,348,561.75","5,740,126",IBE.MC,0.0015808060115293334
,5501906,Banco Bilbao Vizcaya Argentaria SA,BBVA,0.14%,Diversified Banks,ES,---,"$134,636,395.91","4,802,973",BBVA.MC,0.001560955402048246
,2831811,AT&T Inc,T,0.13%,Integrated Telecommunication Services,US,---,"$133,724,700.00","5,751,600",T,0.0015503853281382826
,6372480,MediaTek Inc,2454,0.13%,Semiconductors,TW,---,"$132,697,699.84","1,245,664",2454.TW,0.0015384784330017844
,6563024,Sumitomo Mitsui Financial Group Inc,8316,0.13%,Diversified Banks,JP,---,"$132,475,031.30","3,083,044",8316.T,0.0015358968453261046
,2714923,QUALCOMM Inc,QCOM,0.13%,Semiconductors,US,---,"$132,206,601.28","895,648",QCOM,0.001532784705499731
,7108899,ABB Ltd,ABBN,0.13%,Electrical Components & Equipment,CH,---,"$129,978,362.35","1,317,452",ABBN.SW,0.0015069508173350275
,BDRXDB4,Booking Holdings Inc,BKNG,0.13%,"Hotels, Resorts & Cruise Lines",US,---,"$126,901,386.90","657,861",BKNG,0.0014712767975561707
,2685717,ConocoPhillips,COP,0.13%,Oil & Gas Exploration & Production,US,---,"$124,986,795.36","1,037,407",COP,0.0014490792930338672
,6895675,Tokyo Electron Ltd,8035,0.13%,Semiconductor Materials & Equipment,JP,---,"$124,707,720.02","373,000",8035.T,0.0014458437328674866
,2310525,Salesforce Inc,CRM,0.13%,Application Software,US,---,"$124,501,675.32","676,566",CRM,0.0014434548796502375
,2261203,Deere & Co,DE,0.12%,Agricultural & Farm Machinery,US,---,"$123,411,081.43","208,229",DE,0.0014308106877693565
,6429104,Hitachi Ltd,6501,0.12%,Industrial Conglomerates,JP,---,"$122,655,526.32","3,742,860",6501.T,0.0014220508882921926
,BX865C7,Shopify Inc,SHOP,0.12%,Internet Services & Infrastructure,CA,---,"$121,896,198.45","1,040,810",SHOP.TO,0.0014132473479672228
,6870490,Advantest Corp,6857,0.12%,Semiconductor Materials & Equipment,JP,---,"$121,642,508.54","615,656",6857.T,0.0014103061028991038
,BYMXPS7,UniCredit SpA,UCG,0.12%,Diversified Banks,IT,---,"$120,530,991.99","1,278,005",UCG.MI,0.0013974193366464748
,2684703,Pfizer Inc,PFE,0.12%,Pharmaceuticals,US,---,"$119,905,818.15","4,794,315",PFE,0.001390171159241165
,6821506,Sony Group Corp,6758,0.12%,Consumer Electronics,JP,---,"$117,578,102.40","5,031,400",6758.T,0.0013631839508430423
,BK6N347,Uber Technologies Inc,UBER,0.12%,Passenger Ground Transportation,US,---,"$117,150,807.20","1,665,020",UBER,0.0013582299505060524
,4012250,Airbus SE,AIR,0.12%,Aerospace & Defense,FR,---,"$116,331,988.55","495,539",AIR.PA,0.0013487366824608369
,B058TZ6,Safran SA,SAF,0.12%,Aerospace & Defense,FR,---,"$115,560,077.16","294,060",SAF.PA,0.0013397872505781794
,4061412,LVMH Moet Hennessy Louis Vuitton SE,MC,0.12%,"Apparel, Accessories & Luxury Goods",FR,---,"$115,131,089.24","209,659",MC.PA,0.0013348136250840368
,BVZK7T9,Unilever PLC,ULVR,0.12%,Personal Care Products,GB,---,"$114,380,520.51","1,797,656",ULVR.L,0.0013261116369939429
,2577609,CVS Health Corp,CVS,0.11%,Health Care Services,US,---,"$113,199,091.53","1,083,971",CVS,0.0013124143158795235
,B44WZD7,Prologis Inc,PLD,0.11%,Industrial REITs,US,---,"$112,965,572.14","781,174",PLD,0.0013097069249779789
,2126335,Bristol-Myers Squibb Co,BMY,0.11%,Pharmaceuticals,US,---,"$112,573,410.18","1,723,678",BMY,0.0013051602544747888
,2654461,Capital One Financial Corp,COF,0.11%,Consumer Finance,US,---,"$109,799,223.30","525,330",COF,0.00127299672270941
,BMTVQK9,Siemens Energy AG,ENR,0.11%,Heavy Electrical Equipment,DE,---,"$109,538,532.01","641,165",ENR.DE,0.0012699743046281624
,2076009,Bank of Montreal,BMO,0.11%,Diversified Banks,CA,---,"$106,314,846.49","592,665",BMO.TO,0.0012325993489712057
,7309681,BNP Paribas SA,BNP,0.11%,Diversified Banks,FR,---,"$105,965,681.07","833,925",BNP.PA,0.0012285511742939677
,BCRWZ18,Cie Financiere Richemont SA,CFR,0.11%,"Apparel, Accessories & Luxury Goods",CH,---,"$105,960,033.94","448,334",CFR.SW,0.0012284857022645066
,2871301,Intuitive Surgical Inc,ISRG,0.11%,Health Care Equipment,US,---,"$105,384,559.13","298,261",ISRG,0.0012218137284097349
,0287580,British American Tobacco PLC,BATS,0.11%,Tobacco,GB,---,"$104,936,132.25","1,729,880",BATS.L,0.0012166147303525711
,B3BQMF6,Chubb Ltd,CB,0.11%,Property & Casualty Insurance,US,---,"$104,667,459.60","298,470",CB,0.0012134997775081675
,2705024,Progressive Corp/The,PGR,0.11%,Property & Casualty Insurance,US,---,"$104,302,154.22","493,341",PGR,0.0012092644784090334
,6591014,Mizuho Financial Group Inc,8411,0.11%,Diversified Banks,JP,---,"$104,243,633.17","2,010,710",8411.T,0.0012085859936017595
,2671501,Parker-Hannifin Corp,PH,0.10%,Industrial Machinery & Supplies & Components,US,---,"$103,647,917.67","106,139",PH,0.0012016793520393215
,2250870,Danaher Corp,DHR,0.10%,Life Sciences Tools & Services,US,---,"$103,567,916.56","531,172",DHR,0.0012007518304432455
,BHKD3S6,Dell Technologies Inc,DELL,0.10%,"Technology Hardware, Storage & Peripherals",US,---,"$103,560,279.27","255,471",DELL,0.0012006632847791855
,BYV2325,S&P Global Inc,SPGI,0.10%,Financial Exchanges & Data,US,---,"$103,487,526.18","251,226",SPGI,0.001199819795705643
,2931034,Vertex Pharmaceuticals Inc,VRTX,0.10%,Biotechnology,US,---,"$102,610,851.20","215,072",VRTX,0.001189655749523166
,2842255,Starbucks Corp,SBUX,0.10%,Restaurants,US,---,"$101,195,454.25","961,477",SBUX,0.001173245836733893
,2522096,Lockheed Martin Corp,LMT,0.10%,Aerospace & Defense,US,---,"$100,619,384.84","172,666",LMT,0.0011665669691705088
,2466149,Enbridge Inc,ENB,0.10%,Oil & Gas Storage & Transportation,CA,---,"$99,626,843.87","1,830,911",ENB.TO,0.0011550595890270938
,6770620,SoftBank Group Corp,9984,0.10%,Wireless Telecommunication Services,JP,---,"$99,427,734.03","3,192,160",9984.T,0.0011527511375994668
,2536763,Lowe's Cos Inc,LOW,0.10%,Home Improvement Retail,US,---,"$98,649,069.48","474,708",LOW,0.0011437234105313831
,B80NXX8,ServiceNow Inc,NOW,0.10%,Systems Software,US,---,"$97,127,815.68","873,216",NOW,0.0011260862083399062
,4076836,Intesa Sanpaolo SpA,ISP,0.10%,Diversified Banks,IT,---,"$97,105,188.51","12,845,782",ISP.MI,0.0011258238721194077
,2692632,Altria Group Inc,MO,0.10%,Tobacco,US,---,"$97,021,562.01","1,419,897",MO,0.0011248543182625394
,BKLJ8V2,Howmet Aerospace Inc,HWM,0.10%,Aerospace & Defense,US,---,"$95,722,269.28","339,128",HWM,0.0011097905014392543
,5983816,Zurich Insurance Group AG,ZURN,0.10%,Multi-line Insurance,CH,---,"$95,184,782.66","124,959",ZURN.SW,0.0011035589573062808
,2853688,Stryker Corp,SYK,0.09%,Health Care Equipment,US,---,"$94,166,384.00","289,120",SYK,0.0010917517867487124
,2170525,Canadian Imperial Bank of Commerce,CM,0.09%,Diversified Banks,CA,---,"$92,968,305.23","784,917",CM.TO,0.001077861430315219
,2224701,Corning Inc,GLW,0.09%,Electronic Components,US,---,"$92,622,246.50","669,962",GLW,0.0010738492741640653
,BTN1Y11,Medtronic PLC,MDT,0.09%,Health Care Equipment,US,---,"$91,733,537.71","1,074,289",MDT,0.0010635457096841783
,2065308,Automatic Data Processing Inc,ADP,0.09%,Human Resource & Employment Services,US,---,"$91,230,841.26","342,381",ADP,0.0010577175178797685
,BQRRZ00,Recruit Holdings Co Ltd,6098,0.09%,Human Resource & Employment Services,JP,---,"$90,462,679.67","1,143,927",6098.T,0.001048811560649912
,2076281,Bank of Nova Scotia/The,BNS,0.09%,Diversified Banks,CA,---,"$90,245,515.01","1,028,793",BNS.TO,0.0010462937841833795
,B1Z77F6,Bank of New York Mellon Corp/The,BNY,0.09%,Asset Management & Custody Banks,US,---,"$89,821,746.45","574,565",BNY,0.0010413806712135968
,B4TX8S1,AIA Group Ltd,1299,0.09%,Life & Health Insurance,HK,---,"$89,701,595.38","8,898,182",1299.HK,0.001039987656638966
,2378534,McKesson Corp,MCK,0.09%,Health Care Distributors,US,---,"$89,380,242.67","104,393",MCK,0.0010362619386022722
,5842359,Deutsche Telekom AG,DTE,0.09%,Integrated Telecommunication Services,DE,---,"$89,362,918.69","2,895,661",DTE.DE,0.001036061086819341
,2829601,Southern Co/The,SO,0.09%,Electric Utilities,US,---,"$88,478,378.82","935,883",SO,0.0010258058562104754
,BN7SWP6,GSK PLC,GSK,0.09%,Pharmaceuticals,GB,---,"$87,920,232.24","3,381,176",GSK.L,0.0010193347834125364
,B0LMTQ3,China Construction Bank Corp,939,0.09%,Diversified Banks,HK,---,"$87,644,381.76","74,691,026",0939.HK,0.0010161366118185684
,B4BNMY3,Accenture PLC,ACN,0.09%,IT Consulting & Other Services,US,---,"$86,649,065.28","522,234",ACN,0.001004597052803321
,BZ57390,ING Groep NV,INGA,0.09%,Diversified Banks,NL,---,"$86,472,731.18","2,460,698",INGA.AS,0.0010025526600958372
,2008154,Adobe Inc,ADBE,0.09%,Application Software,US,---,"$86,365,156.95","344,895",ADBE,0.0010013054596319157
,BK9ZQ96,Trane Technologies PLC,TT,0.09%,Building Products,US,---,"$85,502,848.05","187,939",TT,0.0009913079717565787
,6773812,SAMSUNG ELECTRONICS-PREF,005935,0.09%,"Technology Hardware, Storage & Peripherals",KR,---,"$85,497,513.76","680,361",005935.KS,0.0009912461267499943
,2093666,Berkshire Hathaway Inc,BRK/A,0.09%,Multi-Sector Holdings,US,---,"$85,092,601.11",111,BRK-A,0.0009865516265436928
,BVLZX12,Equinix Inc,EQIX,0.09%,Data Center REITs,US,---,"$84,635,914.80","83,035",EQIX,0.0009812568698189768
,2150204,Quanta Services Inc,PWR,0.08%,Construction & Engineering,US,---,"$84,152,093.92","126,097",PWR,0.0009756475187133176
,B5B2106,Fortinet Inc,FTNT,0.08%,Systems Software,US,---,"$83,564,580.50","515,990",FTNT,0.0009688359709106129
,0718875,Rio Tinto PLC,RIO,0.08%,Diversified Metals & Mining,GB,---,"$83,454,905.33","858,858",RIO.L,0.0009675644124443829
,2692665,PNC Financial Services Group Inc/The,PNC,0.08%,Diversified Banks,US,---,"$83,258,433.09","333,207",PNC,0.0009652865409794818
,BN134B7,Snowflake Inc,SNOW,0.08%,Internet Services & Infrastructure,US,---,"$83,253,100.32","283,869",SNOW,0.0009652247135955627
,2171573,Canadian Natural Resources Ltd,CNQ,0.08%,Oil & Gas Exploration & Production,CA,---,"$82,816,679.77","1,738,493",CNQ.TO,0.0009601649152365608
,2365161,General Dynamics Corp,GD,0.08%,Aerospace & Defense,US,---,"$81,920,366.94","213,657",GD,0.0009497731905884284
,6490995,Keyence Corp,6861,0.08%,Electronic Equipment & Instruments,JP,---,"$81,473,717.43","162,432",6861.T,0.0009445947991085886
,2965839,CME Group Inc,CME,0.08%,Financial Exchanges & Data,US,---,"$81,317,914.77","303,663",CME,0.0009427884450233005
,2736035,US Bancorp,USB,0.08%,Diversified Banks,US,---,"$81,210,816.56","1,288,856",USB,0.0009415467634681812
,6596785,Mitsubishi Corp,8058,0.08%,Trading Companies & Distributors,JP,---,"$80,695,527.27","2,699,500",8058.T,0.0009355725720513164
,BMV3LG4,AppLovin Corp,APP,0.08%,Advertising,US,---,"$80,541,500.10","203,439",APP,0.0009337868027468972
,6513126,Tokio Marine Holdings Inc,8766,0.08%,Property & Casualty Insurance,JP,---,"$80,524,597.03","1,579,956",8766.T,0.000933590830935194
,B7VD3F2,Duke Energy Corp,DUK,0.08%,Electric Utilities,US,---,"$80,342,054.19","640,533",DUK,0.0009314744549710476
,6260734,Delta Electronics Inc,2308,0.08%,Electronic Components,TW,---,"$80,314,417.76","1,632,486",2308.TW,0.0009311540420959832
,BKF2SL7,Blackstone Inc,BX,0.08%,Asset Management & Custody Banks,US,---,"$80,302,500.25","628,591",BX,0.0009310158721643852
,3134865,Barclays PLC,BARC,0.08%,Diversified Banks,GB,---,"$80,276,399.20","11,679,051",BARC.L,0.0009307132602686846
,5889505,Infineon Technologies AG,IFX,0.08%,Semiconductors,DE,---,"$79,910,412.24","1,113,524",IFX.DE,0.0009264700590270744
,2160753,CSX Corp,CSX,0.08%,Rail Transportation,US,---,"$79,638,652.80","1,580,132",CSX,0.0009233193183743823
,BMGYJ02,Kioxia Holdings Corp,285A,0.08%,Semiconductors,JP,---,"$79,523,489.68","285,300",285A.T,0.0009219841333891805
,2636607,Newmont Corp,NEM,0.08%,Gold,US,---,"$79,515,465.17","848,527",NEM,0.000921891098351005
,B3K3L40,Marathon Petroleum Corp,MPC,0.08%,Oil & Gas Refining & Marketing,US,---,"$79,404,221.82","250,906",MPC,0.000920601358626833
,2302232,Cadence Design Systems Inc,CDNS,0.08%,Application Software,US,---,"$79,377,328.98","233,449",CDNS,0.0009202895668294467
,2041364,Valero Energy Corp,VLO,0.08%,Oil & Gas Refining & Marketing,US,---,"$78,882,090.00","252,100",VLO,0.0009145478358813558
,6438564,Hon Hai Precision Industry Co Ltd,2317,0.08%,Electronic Manufacturing Services,TW,---,"$78,776,788.65","10,315,140",2317.TW,0.000913326986867874
,BL3LWS8,Vertiv Holdings Co,VRT,0.08%,Electrical Components & Equipment,US,---,"$78,513,631.98","325,014",VRT,0.0009102759855183125
,2595708,3M Co,MMM,0.08%,Industrial Conglomerates,US,---,"$78,484,968.12","445,229",MMM,0.0009099436607646071
,5671735,Sanofi SA,SAN,0.08%,Pharmaceuticals,FR,---,"$78,357,814.93","909,956",SAN.PA,0.0009084694645973921
,2567741,Marsh & McLennan Cos Inc,MRSH,0.08%,Insurance Brokers,US,---,"$77,671,415.85","409,465",MRSH,0.0009005114503870059
,6332439,Fast Retailing Co Ltd,9983,0.08%,Apparel Retail,JP,---,"$77,122,909.59","157,500",9983.T,0.0008941521461006924
,0870612,Lloyds Banking Group PLC,LLOY,0.08%,Diversified Banks,GB,---,"$77,094,209.00","49,879,300",LLOY.L,0.0008938193955045429
,6076146,Westpac Banking Corp,WBC,0.08%,Diversified Banks,AU,---,"$76,468,802.16","2,883,736",WBC.AX,0.0008865685167300657
,2352118,Freeport-McMoRan Inc,FCX,0.08%,Copper,US,---,"$76,215,010.67","1,216,909",FCX,0.0008836260939577406
,BY7QL61,Johnson Controls International plc,JCI,0.08%,Building Products,US,---,"$75,784,355.10","516,735",JCI,0.0008786331339644929
,BPCPYT4,Brookfield Corp,BN,0.08%,Asset Management & Custody Banks,CA,---,"$75,741,337.97","1,782,108",BN.TO,0.0008781343994209821
,6624608,National Australia Bank Ltd,NAB,0.08%,Diversified Banks,AU,---,"$74,956,297.39","2,588,631",NAB.AX,0.0008690327495595491
,B23X1H3,MercadoLibre Inc,MELI,0.08%,Broadline Retail,US,---,"$74,926,449.10","39,898",MELI,0.0008686866926913264
,BJXC5M2,Cloudflare Inc,NET,0.08%,Internet Services & Infrastructure,US,---,"$74,721,166.26","267,837",NET,0.000866306672371561
,BKT9Y49,Datadog Inc,DDOG,0.08%,Application Software,US,---,"$74,599,900.33","278,389",DDOG,0.0008649007322671894
,2240202,Cummins Inc,CMI,0.07%,Construction Machinery & Heavy Transportation Equipment,US,---,"$73,740,336.60","116,273",CMI,0.000854935071506
,2967181,Williams Cos Inc/The,WMB,0.07%,Oil & Gas Storage & Transportation,US,---,"$73,338,515.60","1,025,140",WMB,0.0008502764154541424
,7144569,Enel SpA,ENEL,0.07%,Electric Utilities,IT,---,"$73,057,501.27","6,469,045",ENEL.MI,0.0008470183749109322
,BFSSDS9,Intercontinental Exchange Inc,ICE,0.07%,Financial Exchanges & Data,US,---,"$73,011,693.44","478,828",ICE,0.0008464872853848699
,2459020,Intuit Inc,INTU,0.07%,Application Software,US,---,"$72,980,563.00","230,900",INTU,0.0008461263634502198
,2044545,Comcast Corp,CMCSA,0.07%,Integrated Telecommunication Services,US,---,"$72,258,663.84","3,015,804",CMCSA,0.0008377567663147666
,B78C4Y8,Phillips 66,PSX,0.07%,Oil & Gas Refining & Marketing,US,---,"$72,129,960.00","340,750",PSX,0.0008362645921299596
,2313405,Emerson Electric Co,EMR,0.07%,Electrical Components & Equipment,US,---,"$71,502,943.38","477,259",EMR,0.0008289950497930026
,BMH4FS1,Constellation Energy Corp,CEG,0.07%,Electric Utilities,US,---,"$71,445,140.75","271,913",CEG,0.0008283248942459736
,B94Q9V0,T-Mobile US Inc,TMUS,0.07%,Wireless Telecommunication Services,US,---,"$70,917,316.65","410,615",TMUS,0.0008222053760082973
,2937667,Waste Management Inc,WM,0.07%,Environmental & Facilities Services,US,---,"$70,219,399.05","309,951",WM,0.00081411381770015
,BYYHL23,Anheuser-Busch InBev SA/NV,ABI,0.07%,Brewers,BE,---,"$69,824,595.95","803,931",ABI.BR,0.0008095365261919732
,7088429,AXA SA,CS,0.07%,Multi-line Insurance,FR,---,"$69,823,748.97","1,347,179",CS.PA,0.0008095267064252043
,2210614,Marriott International Inc/MD,MAR,0.07%,"Hotels, Resorts & Cruise Lines",US,---,"$69,247,580.05","185,735",MAR,0.0008028466851569025
,BSPHGL4,Elevance Health Inc,ELV,0.07%,Managed Health Care,US,---,"$68,779,095.84","183,001",ELV,0.0007974151452420741
,B3NB1P2,Suncor Energy Inc,SU,0.07%,Integrated Oil & Gas,CA,---,"$68,743,319.97","1,023,665",SU.TO,0.0007970003648466095
,B7FBFL2,American Tower Corp,AMT,0.07%,Telecom Tower REITs,US,---,"$68,632,183.84","395,894",AMT,0.000795711868216009
,2318024,EOG Resources Inc,EOG,0.07%,Oil & Gas Exploration & Production,US,---,"$68,418,216.60","460,140",EOG,0.0007932311621863955
,2754907,Royal Caribbean Cruises Ltd,RCL,0.07%,"Hotels, Resorts & Cruise Lines",US,---,"$68,319,912.00","214,640",RCL,0.0007920914325064748
,B8CKK03,Mondelez International Inc,MDLZ,0.07%,Packaged Foods & Meats,US,---,"$68,116,419.66","1,093,186",MDLZ,0.0007897321709914029
,2457552,Illinois Tool Works Inc,ITW,0.07%,Industrial Machinery & Supplies & Components,US,---,"$68,104,139.10","237,338",ITW,0.0007895897919092639
,B665KZ5,General Motors Co,GM,0.07%,Automobile Manufacturers,US,---,"$68,044,189.56","765,746",GM,0.0007888947453902242
,2746711,Ross Stores Inc,ROST,0.07%,Apparel Retail,US,---,"$67,949,584.80","270,640",ROST,0.0007877979111339046
,BMBQR09,Canadian Pacific Kansas City Ltd,CP,0.07%,Rail Transportation,CA,---,"$67,789,830.30","763,180",CP.TO,0.0007859457399725256
,2769503,Travelers Cos Inc/The,TRV,0.07%,Property & Casualty Insurance,US,---,"$67,301,317.72","179,777",TRV,0.0007802819939581918
,6610403,Murata Manufacturing Co Ltd,6981,0.07%,Electronic Components,JP,---,"$67,267,604.94","1,476,322",6981.T,0.0007798911327374693
,BFZ1K46,Spotify Technology SA,SPOT,0.07%,Movies & Entertainment,US,---,"$66,969,962.64","133,956",SPOT,0.0007764403098531904
,6467803,ITOCHU Corp,8001,0.07%,Trading Companies & Distributors,JP,---,"$66,321,428.71","5,284,740",8001.T,0.0007689212988561805
,6065586,ANZ Group Holdings Ltd,ANZ,0.07%,Diversified Banks,AU,---,"$66,265,887.76","2,535,516",ANZ.AX,0.0007682773649083692
,2804211,Sherwin-Williams Co/The,SHW,0.07%,Specialty Chemicals,US,---,"$66,206,704.00","194,240",SHW,0.0007675911967347405
,6099626,Reliance Industries Ltd,RELIANCE,0.07%,Oil & Gas Refining & Marketing,IN,---,"$66,204,395.66","4,835,457",RELIANCE.NS,0.0007675644341660576
,5294121,Muenchener Rueckversicherungs-Gesellschaft AG in Muenchen,MUV2,0.07%,Reinsurance,DE,---,"$65,988,042.82","109,852",MUV2.DE,0.0007650560698262081
,2730190,Regeneron Pharmaceuticals Inc,REGN,0.07%,Biotechnology,US,---,"$65,973,596.04","86,508",REGN,0.0007648885758946395
,2517382,United Parcel Service Inc,UPS,0.07%,Air Freight & Logistics,US,---,"$65,197,009.62","625,571",UPS,0.0007558849423729383
,BN7RHC5,Honeywell International Inc,HON,0.07%,Industrial Conglomerates,US,---,"$65,181,149.00","268,180",HON,0.0007557010565796393
,6597067,Mitsubishi Heavy Industries Ltd,7011,0.07%,Industrial Machinery & Supplies & Components,JP,---,"$64,876,479.16","2,776,970",7011.T,0.000752168757386878
,B1G1QD8,Industrial & Commercial Bank of China Ltd,1398,0.07%,Diversified Banks,HK,---,"$64,545,968.96","67,475,245",1398.HK,0.0007483368687015414
,6597302,Mitsui & Co Ltd,8031,0.06%,Trading Companies & Distributors,JP,---,"$64,231,392.78","2,093,300",8031.T,0.0007446897167987605
,BLP1HW5,Aon PLC,AON,0.06%,Insurance Brokers,US,---,"$63,971,304.85","177,427",AON,0.000741674293988331
,BM8PJY7,NatWest Group PLC,NWG,0.06%,Diversified Banks,GB,---,"$63,965,544.88","6,781,303",NWG.L,0.0007416075137078105
,B65LWX6,O'Reilly Automotive Inc,ORLY,0.06%,Automotive Retail,US,---,"$63,683,676.40","712,744",ORLY,0.0007383395702698619
,B4T3BW6,Glencore PLC,GLEN,0.06%,Diversified Metals & Mining,GB,---,"$63,597,900.91","8,634,743",GLEN.L,0.000737345101325756
,2641894,Norfolk Southern Corp,NSC,0.06%,Rail Transportation,US,---,"$63,594,595.24","189,563",NSC,0.0007373067758535908
,2779201,SLB Ltd,SLB,0.06%,Oil & Gas Equipment & Services,US,---,"$63,505,350.72","1,280,608",SLB,0.0007362720874644991
,2009823,Agnico Eagle Mines Ltd,AEM,0.06%,Gold,CA,---,"$62,915,314.93","433,362",AEM.TO,0.0007294312956594514
,2492519,Manulife Financial Corp,MFC,0.06%,Life & Health Insurance,CA,---,"$62,728,954.12","1,412,409",MFC.TO,0.0007272706546891298
,BHJ0775,Cigna Group/The,CI,0.06%,Health Care Services,US,---,"$62,247,404.45","223,069",CI,0.0007216876356721657
,BN13P03,DoorDash Inc,DASH,0.06%,Restaurants,US,---,"$62,187,820.16","317,026",DASH,0.000720996823810157
,2812452,Simon Property Group Inc,SPG,0.06%,Retail REITs,US,---,"$61,892,512.69","269,837",SPG,0.0007175730706158882
,2867719,Synopsys Inc,SNPS,0.06%,Application Software,US,---,"$61,616,904.96","158,496",SNPS,0.0007143777134312134
,B5BKPQ4,Motorola Solutions Inc,MSI,0.06%,Communications Equipment,US,---,"$61,345,320.75","140,781",MSI,0.0007112290043704488
,2252058,Moody's Corp,MCO,0.06%,Financial Exchanges & Data,US,---,"$61,211,112.90","127,955",MCO,0.0007096730174692929
,BYVMW06,Hilton Worldwide Holdings Inc,HLT,0.06%,"Hotels, Resorts & Cruise Lines",US,---,"$61,201,731.87","190,963",HLT,0.0007095642551293899
,2648806,Northrop Grumman Corp,NOC,0.06%,Aerospace & Defense,US,---,"$61,103,319.76","112,637",NOC,0.0007084232789936789
,2209106,Colgate-Palmolive Co,CL,0.06%,Household Products,US,---,"$60,996,434.40","668,088",CL,0.0007071840651914659
,BP9DL90,Industria de Diseno Textil SA,ITX,0.06%,Apparel Retail,ES,---,"$60,838,468.71","932,196",ITX.MC,0.0007053526332411587
,6597045,Mitsubishi Electric Corp,6503,0.06%,Heavy Electrical Equipment,JP,---,"$60,534,638.17","1,680,440",6503.T,0.0007018300647743286
,6948836,Wesfarmers Ltd,WES,0.06%,Broadline Retail,AU,---,"$59,754,357.23","954,004",WES.AX,0.0006927835975083564
,2180632,Canadian National Railway Co,CNR,0.06%,Rail Transportation,CA,---,"$59,706,915.50","469,566",CNR.TO,0.000692233564775933
,B1XH026,Vinci SA,DG,0.06%,Construction & Engineering,FR,---,"$59,193,502.06","419,239",DG.PA,0.0006862811216996352
,B11FJK3,TransDigm Group Inc,TDG,0.06%,Aerospace & Defense,US,---,"$58,835,439.52","46,904",TDG,0.0006821297950668447
,2197137,Cintas Corp,CTAS,0.06%,Diversified Support Services,US,---,"$58,705,277.55","286,885",CTAS,0.0006806207155282884
,BG1FRR1,KKR & Co Inc,KKR,0.06%,Asset Management & Custody Banks,US,---,"$58,616,498.43","577,901",KKR,0.0006795914229212155
,2113434,Boston Scientific Corp,BSX,0.06%,Health Care Equipment,US,---,"$58,593,438.56","1,253,872",BSX,0.0006793240700378906
,BJMY6G0,TC Energy Corp,TRP,0.06%,Oil & Gas Storage & Transportation,CA,---,"$58,553,319.68","869,523",TRP.TO,0.0006788589373964763
,BYVW0F7,PDD HOLDINGS INC,PDD,0.06%,Broadline Retail,US,ADR,"$57,991,390.56","654,826",PDD,0.0006723440103627894
,2026242,American Electric Power Co Inc,AEP,0.06%,Electric Utilities,US,---,"$57,882,041.90","452,734",AEP,0.0006710762374074897
,B03GQS4,Digital Realty Trust Inc,DLR,0.06%,Data Center REITs,US,---,"$57,877,902.24","307,012",DLR,0.000671028242772785
,2019952,Allstate Corp/The,ALL,0.06%,Property & Casualty Insurance,US,---,"$57,776,742.80","218,785",ALL,0.0006698554144801907
,2304227,Ecolab Inc,ECL,0.06%,Specialty Chemicals,US,---,"$57,619,330.20","207,540",ECL,0.0006680303949774055
,2134781,United Rentals Inc,URI,0.06%,Trading Companies & Distributors,US,---,"$57,401,522.36","53,186",URI,0.0006655051615725859
,B01Z7J1,Monolithic Power Systems Inc,MPWR,0.06%,Semiconductors,US,---,"$57,256,530.53","40,151",MPWR,0.0006638241467269221
,2665861,PACCAR Inc,PCAR,0.06%,Construction Machinery & Heavy Transportation Equipment,US,---,"$57,201,797.68","431,126",PCAR,0.0006631895817766385
,BZ07BW4,Monster Beverage Corp,MNST,0.06%,Soft Drinks & Non-alcoholic Beverages,US,---,"$56,636,839.58","587,641",MNST,0.0006566395371756569
,2142784,FedEx Corp,FDX,0.06%,Air Freight & Logistics,US,---,"$56,494,586.80","183,782",FDX,0.0006549902784897232
,BP0TQN6,Robinhood Markets Inc,HOOD,0.06%,Investment Banking & Brokerage,US,---,"$56,344,414.24","650,929",HOOD,0.0006532491989904762
,2259101,Target Corp,TGT,0.06%,Consumer Staples Merchandise Retail,US,---,"$56,075,557.57","388,093",TGT,0.0006501321126441234
,6804585,Shin-Etsu Chemical Co Ltd,4063,0.06%,Specialty Chemicals,JP,---,"$55,820,221.84","1,565,780",4063.T,0.000647171786170843
,BKP7287,Truist Financial Corp,TFC,0.06%,Regional Banks,US,---,"$55,145,007.36","1,063,754",TFC,0.000639343444636792
,BGJW376,Meituan,3690,0.06%,Restaurants,HK,---,"$54,889,809.08","4,649,127",3690.HK,0.0006363847117394429
,2011602,Air Products and Chemicals Inc,APD,0.06%,Industrial Gases,US,---,"$54,756,354.76","185,684",APD,0.0006348374611589244
,5966516,Societe Generale SA,GLE,0.05%,Diversified Banks,FR,---,"$54,199,874.41","576,615",GLE.PA,0.0006283857063968104
,5750355,Deutsche Bank AG,DBK,0.05%,Diversified Capital Markets,DE,---,"$54,165,554.23","1,471,651",DBK.DE,0.0006279878030660789
,BYVYWS0,Hewlett Packard Enterprise Co,HPE,0.05%,"Technology Hardware, Storage & Peripherals",US,---,"$53,932,334.40","1,125,936",HPE,0.0006252838852209621
,BG0ZMJ9,Xiaomi Corp,1810,0.05%,"Technology Hardware, Storage & Peripherals",HK,---,"$53,791,684.30","14,659,200",1810.HK,0.0006236532077811086
,2359506,Arthur J Gallagher & Co,AJG,0.05%,Insurance Brokers,US,---,"$53,747,515.80","215,490",AJG,0.0006231411244160617
,BMGYYH4,Airbnb Inc,ABNB,0.05%,"Hotels, Resorts & Cruise Lines",US,---,"$53,668,990.08","354,204",ABNB,0.000622230708283743
,B2B0DG9,RELX PLC,REL,0.05%,Research & Consulting Services,GB,---,"$53,548,334.09","1,522,473",REL.L,0.0006208318397377824
,BM8JYX3,Warner Bros Discovery Inc,WBD,0.05%,Movies & Entertainment,US,---,"$53,469,504.30","2,033,061",WBD,0.0006199178982607313
,B01ZKD6,CRH PLC,CRH,0.05%,Construction Materials,US,---,"$53,378,518.20","561,820",CRH,0.0006188630182385326
,2077303,National Bank of Canada,NA,0.05%,Diversified Banks,CA,---,"$52,549,516.71","324,880",NA.TO,0.0006092516917812604
,B3NQ4P8,Kinder Morgan Inc,KMI,0.05%,Oil & Gas Storage & Transportation,US,---,"$52,321,751.62","1,625,909",KMI,0.0006066110154230551
,6267359,Hong Kong Exchanges & Clearing Ltd,388,0.05%,Financial Exchanges & Data,HK,---,"$52,270,783.68","1,003,224",0388.HK,0.0006060201003087836
,4617859,Deutsche Post AG,DHL,0.05%,Air Freight & Logistics,DE,---,"$52,158,275.96","780,792",DHL.DE,0.000604715701656999
,BNM23Q1,Barrick Mining Corp,ABX,0.05%,Gold,CA,---,"$52,137,052.11","1,420,570",ABX.TO,0.0006044696353308334
,BMG3GS6,SK Square Co Ltd,402340,0.05%,Industrial Conglomerates,KR,---,"$51,958,096.03","75,563",402340.KS,0.0006023948437567028
,B28YTC2,Macquarie Group Ltd,MQG,0.05%,Diversified Capital Markets,AU,---,"$51,720,425.98","291,352",MQG.AX,0.0005996393306880035
,6572707,Panasonic Holdings Corp,6752,0.05%,Consumer Electronics,JP,---,"$51,548,495.37","1,949,459",6752.T,0.0005976459914230669
,BRC3N84,TE Connectivity PLC,TEL,0.05%,Electronic Manufacturing Services,US,---,"$51,496,548.40","250,360",TEL,0.0005970437255729341
,5334588,Rheinmetall AG,RHM,0.05%,Aerospace & Defense,DE,---,"$51,414,545.72","38,893",RHM.DE,0.0005960929980563273
,B4MGBG6,HCA Healthcare Inc,HCA,0.05%,Health Care Facilities,US,---,"$51,304,861.83","127,437",HCA,0.0005948213384916459
,2036047,Comfort Systems USA Inc,FIX,0.05%,Construction & Engineering,US,---,"$51,243,795.94","29,626",FIX,0.0005941133491680153
,BDHLTQ5,Baker Hughes Co,BKR,0.05%,Oil & Gas Equipment & Services,US,---,"$51,241,502.43","847,107",BKR,0.0005940867585362626
,5253973,Hermes International SCA,RMS,0.05%,"Apparel, Accessories & Luxury Goods",FR,---,"$50,810,241.40","28,676",RMS.PA,0.0005890867789250928
,2542049,Dominion Energy Inc,D,0.05%,Multi-Utilities,US,---,"$50,678,507.22","732,666",D,0.0005875594714053426
,2380863,WW Grainger Inc,GWW,0.05%,Trading Companies & Distributors,US,---,"$50,633,483.04","36,632",GWW,0.000587037467406953
,2026361,Aflac Inc,AFL,0.05%,Life & Health Insurance,US,---,"$49,577,864.36","388,907",AFL,0.0005747987731823205
,B505PN7,NXP Semiconductors NV,NXPI,0.05%,Semiconductors,US,---,"$49,469,685.84","215,874",NXPI,0.0005735445666652919
,2724193,Realty Income Corp,O,0.05%,Retail REITs,US,---,"$49,295,504.70","771,810",O,0.0005715251350726661
,2884183,Teradyne Inc,TER,0.05%,Semiconductor Materials & Equipment,US,---,"$49,130,737.80","133,620",TER,0.0005696148508520036
,2795393,Cencora Inc,COR,0.05%,Health Care Distributors,US,---,"$48,820,914.06","156,809",COR,0.0005660227980688983
,B55PZY3,Targa Resources Corp,TRGP,0.05%,Oil & Gas Storage & Transportation,US,---,"$48,763,122.09","180,357",TRGP,0.000565352766112407
,2615468,Ford Motor Co,F,0.05%,Automobile Manufacturers,US,---,"$48,618,574.56","3,311,892",F,0.0005636769024183353
,2651086,Nucor Corp,NUE,0.05%,Steel,US,---,"$48,322,149.48","187,812",NUE,0.0005602401918112131
,BJDS7L3,Prosus NV,PRX,0.05%,Broadline Retail,NL,---,"$47,887,661.50","1,030,445",PRX.AS,0.0005552027993964652
,BFXZDY1,ASE Technology Holding Co Ltd,3711,0.05%,Semiconductors,TW,---,"$47,885,666.65","2,806,158",3711.TW,0.0005551796713866673
,2130109,ONEOK Inc,OKE,0.05%,Oil & Gas Storage & Transportation,US,---,"$47,784,312.81","526,201",OKE,0.0005540045892478666
,2138158,Sempra,SRE,0.05%,Multi-Utilities,US,---,"$47,671,246.70","538,354",SRE,0.000552693716701107
,2654364,Cheniere Energy Inc,LNG,0.05%,Oil & Gas Storage & Transportation,US,---,"$47,327,156.34","179,562",LNG,0.0005487043815543629
,7021963,Deutsche Boerse AG,DB1,0.05%,Financial Exchanges & Data,DE,---,"$47,063,674.27","156,245",DB1.DE,0.0005456496075630545
,5069211,Bayer AG,BAYN,0.05%,Pharmaceuticals,DE,---,"$46,952,828.22","846,062",BAYN.DE,0.0005443644740790977
,BTK05J6,Anglo American PLC,AAL,0.05%,Diversified Metals & Mining,GB,---,"$46,847,668.80","925,450",AAL.L,0.0005431452705820359
,BDD1BB8,Bloom Energy Corp,BE,0.05%,Heavy Electrical Equipment,US,---,"$46,819,099.47","227,487",BE,0.0005428140417958301
,BQZJ0Q9,Keysight Technologies Inc,KEYS,0.05%,Electronic Equipment & Instruments,US,---,"$46,805,845.20","146,690",KEYS,0.0005426603736571603
,2089212,AMETEK Inc,AME,0.05%,Electrical Components & Equipment,US,---,"$46,632,385.17","192,927",AME,0.0005406493025122602
,7212477,EssilorLuxottica SA,EL,0.05%,Health Care Supplies,FR,---,"$46,531,319.08","245,779",EL.PA,0.0005394775565064115
,2754060,Rockwell Automation Inc,ROK,0.05%,Electrical Components & Equipment,US,---,"$46,347,403.28","96,541",ROK,0.0005373452626374942
,2852533,Public Storage,PSA,0.05%,Self-Storage REITs,US,---,"$46,231,828.72","142,616",PSA,0.0005360053074749099
,2175672,Cardinal Health Inc,CAH,0.05%,Health Care Distributors,US,---,"$46,162,650.43","200,681",CAH,0.0005352032641288287
,2332262,Fastenal Co,FAST,0.05%,Trading Companies & Distributors,US,---,"$46,086,524.12","965,972",FAST,0.0005343206664179398
,6870445,Takeda Pharmaceutical Co Ltd,4502,0.05%,Pharmaceuticals,JP,---,"$45,853,131.95","1,335,439",4502.T,0.000531614750487148
,BD6K457,Compass Group PLC,CPG,0.05%,Restaurants,GB,---,"$45,633,953.22","1,437,025",CPG.L,0.0005290736231768458
,BNHKYX4,Argenx SE,ARGX,0.05%,Biotechnology,BE,---,"$45,521,102.34","53,148",ARGX.BR,0.0005277652459763772
,0408284,Standard Chartered PLC,STAN,0.05%,Diversified Banks,GB,---,"$45,455,880.26","1,537,354",STAN.L,0.0005270090703715513
,B1FLZ21,Ciena Corp,CIEN,0.05%,Communications Equipment,US,---,"$45,189,065.45","119,849",CIEN,0.0005239156570623122
,B0SWJX3,London Stock Exchange Group PLC,LSEG,0.05%,Financial Exchanges & Data,GB,---,"$45,188,593.31","401,703",LSEG.L,0.0005239101831376833
,BK73B42,Corteva Inc,CTVA,0.05%,Fertilizers & Agricultural Chemicals,US,---,"$45,075,800.22","572,682",CTVA,0.0005226024759463313
,B283W97,CaixaBank SA,CABK,0.05%,Diversified Banks,ES,---,"$44,901,128.74","3,091,016",CABK.MC,0.0005205773594208413
,BN44JF6,Apollo Global Management Inc,APO,0.04%,Diversified Financial Services,US,---,"$44,621,624.64","355,296",APO,0.0005173368282714388
,2573209,MetLife Inc,MET,0.04%,Life & Health Insurance,US,---,"$44,501,172.51","462,927",MET,0.0005159403232495916
,7145056,Eni SpA,ENI,0.04%,Integrated Oil & Gas,IT,---,"$44,471,302.00","1,598,728",ENI.MI,0.0005155940087658201
,6248990,KDDI Corp,9433,0.04%,Wireless Telecommunication Services,JP,---,"$44,334,829.48","2,406,400",9433.T,0.0005140117655998076
,5086577,BASF SE,BAS,0.04%,Diversified Chemicals,DE,---,"$44,257,568.00","762,357",BAS.DE,0.0005131160068879
,2196286,Vale SA,VALE3,0.04%,Steel,BR,---,"$44,128,472.44","2,932,536",VALE3.SA,0.0005116192911566117
,2336747,Fifth Third Bancorp,FITB,0.04%,Diversified Banks,US,---,"$43,705,914.00","773,556",FITB,0.0005067202081475865
,BK9DTN5,L3Harris Technologies Inc,LHX,0.04%,Aerospace & Defense,US,---,"$43,704,275.58","157,743",LHX,0.0005067012125369825
,2480677,Devon Energy Corp,DVN,0.04%,Oil & Gas Exploration & Production,US,---,"$43,455,722.13","962,901",DVN,0.0005038195188623051
,2293819,eBay Inc,EBAY,0.04%,Broadline Retail,US,---,"$43,416,604.14","380,814",EBAY,0.0005033659903985114
,6441506,Hoya Corp,7741,0.04%,Health Care Supplies,JP,---,"$43,405,619.84","283,851",7741.T,0.0005032386399721515
,BYM9ZP2,Lumentum Holdings Inc,LITE,0.04%,Communications Equipment,US,---,"$43,040,586.84","60,286",LITE,0.0004990064988083552
,2065159,Autodesk Inc,ADSK,0.04%,Application Software,US,---,"$42,986,004.80","183,544",ADSK,0.0004983736823279603
,2065955,AutoZone Inc,AZO,0.04%,Automotive Retail,US,---,"$42,767,408.75","14,179",AZO,0.0004958393105274703
,BF13KN5,Wheaton Precious Metals Corp,WPM,0.04%,Gold,CA,---,"$42,557,240.33","391,257",WPM.TO,0.0004934026474816306
,BZ8VJQ8,Vistra Corp,VST,0.04%,Independent Power Producers & Energy Traders,US,---,"$42,478,663.50","286,650",VST,0.0004924916387871739
,B0J7D57,Ameriprise Financial Inc,AMP,0.04%,Asset Management & Custody Banks,US,---,"$42,448,885.12","77,768",AMP,0.0004921463924456398
,BN6NP19,NU Holdings Ltd/Cayman Islands,NU,0.04%,Diversified Banks,US,---,"$42,417,287.22","2,960,034",NU,0.0004917800508456215
,2842040,State Street Corp,STT,0.04%,Asset Management & Custody Banks,US,---,"$42,346,487.04","229,944",STT,0.0004909592035354271
,B1Y9TB3,Danone SA,BN,0.04%,Packaged Foods & Meats,FR,---,"$42,305,751.37","543,873",BN.PA,0.000490486919917667
,B1YXBJ7,Air Liquide SA,AI,0.04%,Industrial Gases,FR,---,"$42,298,505.77","214,704",AI.PA,0.0004904029154522725
,7333378,Lonza Group AG,LONN,0.04%,Life Sciences Tools & Services,CH,---,"$42,257,763.54","60,630",LONN.SW,0.0004899305557787966
,6639550,Nintendo Co Ltd,7974,0.04%,Interactive Home Entertainment,JP,---,"$41,942,573.51","879,260",7974.T,0.0004862762869856159
,2567116,Edwards Lifesciences Corp,EW,0.04%,Health Care Equipment,US,---,"$41,898,187.44","486,792",EW,0.00048576168114464766
,B545MG5,Swiss Re AG,SREN,0.04%,Reinsurance,CH,---,"$41,883,000.36","251,678",SREN.SW,0.00048558560427919756
,0237400,Diageo PLC,DGE,0.04%,Distillers & Vintners,GB,---,"$41,698,894.44","1,898,136",DGE.L,0.0004834511061857907
,BM93SF4,NetEase Inc,9999,0.04%,Interactive Home Entertainment,HK,---,"$41,674,772.00","1,566,355",9999.HK,0.0004831714340156165
,BL56KN2,Alimentation Couche-Tard Inc,ATD,0.04%,Food Retail,CA,---,"$41,610,497.82","640,937",ATD.TO,0.00048242624822981837
,2955733,Westinghouse Air Brake Technologies Corp,WAB,0.04%,Construction Machinery & Heavy Transportation Equipment,US,---,"$41,599,088.06","143,021",WAB,0.00048229396508017155
,B01FLR7,Ping An Insurance Group Co of China Ltd,2318,0.04%,Life & Health Insurance,HK,---,"$41,507,345.78","5,555,966",2318.HK,0.000481230318013609
,2640147,NIKE Inc,NKE,0.04%,Footwear,US,---,"$41,425,078.99","993,169",NKE,0.0004802765284428788
,BK4N0D7,Carrier Global Corp,CARR,0.04%,Building Products,US,---,"$41,344,832.62","668,902",CARR,0.0004793461633369233
,6474535,Japan Tobacco Inc,2914,0.04%,Tobacco,JP,---,"$41,121,674.61","922,282",2914.T,0.00047675890081503664
,B3Z5T14,Garmin Ltd,GRMN,0.04%,Consumer Electronics,US,---,"$41,091,008.60","139,870",GRMN,0.0004764033634163621
,2317087,Entergy Corp,ETR,0.04%,Electric Utilities,US,---,"$41,038,842.22","381,331",ETR,0.0004757985537576073
,6569464,Marubeni Corp,8002,0.04%,Trading Companies & Distributors,JP,---,"$40,876,850.99","1,264,728",8002.T,0.00047392045026379447
,B0X7DZ3,Chipotle Mexican Grill Inc,CMG,0.04%,Restaurants,US,---,"$40,735,354.56","1,094,448",CMG,0.00047227996059318056
,4056719,Generali,G,0.04%,Multi-line Insurance,IT,---,"$40,658,005.50","802,265",G.MI,0.000471383186491094
,4942904,E.ON SE,EOAN,0.04%,Multi-Utilities,DE,---,"$40,590,990.46","1,884,162",EOAN.DE,0.000470606223560681
,2614807,Xcel Energy Inc,XEL,0.04%,Electric Utilities,US,---,"$40,577,276.20","518,891",XEL,0.00047044722236277016
,BMTQ7V2,Astera Labs Inc,ALAB,0.04%,Semiconductors,US,---,"$40,410,725.66","129,842",ALAB,0.00046851625887128713
,B154564,Bank of China Ltd,3988,0.04%,Diversified Banks,HK,---,"$40,328,393.77","57,488,410",3988.HK,0.00046756171454033046
,2087807,Becton Dickinson & Co,BDX,0.04%,Health Care Equipment,US,---,"$39,823,163.38","240,449",BDX,0.0004617041445926276
,BYW36M8,PayPal Holdings Inc,PYPL,0.04%,Transaction & Payment Processing Services,US,---,"$39,726,967.26","694,406",PYPL,0.0004605888603327127
,4768962,RWE AG,RWE,0.04%,Independent Power Producers & Energy Traders,DE,---,"$39,707,375.64","603,612",RWE.DE,0.00046036171785116323
,5902941,Nokia Oyj,NOKIA,0.04%,Communications Equipment,FI,---,"$39,504,387.12","4,274,011",NOKIA.HE,0.00045800829755417616
,BNG8Z81,Coherent Corp,COHR,0.04%,Electronic Components,US,---,"$39,487,655.34","150,206",COHR,0.0004578143116545957
,BD6G507,Ferrari NV,RACE,0.04%,Automobile Manufacturers,IT,---,"$39,395,186.06","100,193",RACE.MI,0.0004567422358524775
,2670519,Exelon Corp,EXC,0.04%,Electric Utilities,US,---,"$39,032,820.86","851,873",EXC,0.0004525410247859513
,6220103,Rio Tinto Ltd,RIO,0.04%,Diversified Metals & Mining,AU,---,"$38,848,816.92","325,963",RIO.AX,0.0004504077090342941
,2566124,Sun Life Financial Inc,SLF,0.04%,Life & Health Insurance,CA,---,"$38,797,103.19","467,610",SLF.TO,0.0004498081473358546
,BSZBP53,Reckitt Benckiser Group PLC,RKT,0.04%,Household Products,GB,---,"$38,756,004.66","549,128",RKT.L,0.0004493316567703865
,6661144,ORIX Corp,8591,0.04%,Diversified Financial Services,JP,---,"$38,614,193.41","956,760",8591.T,0.00044768751712105507
,2122117,Take-Two Interactive Software Inc,TTWO,0.04%,Interactive Home Entertainment,US,---,"$38,291,965.44","157,632",TTWO,0.00044395165144325746
,7110753,Holcim AG,HOLN,0.04%,Construction Materials,CH,---,"$38,274,919.62","421,418",HOLN.SW,0.0004437540246081695
,BS6VHW3,Ferguson Enterprises Inc,FERG,0.04%,Trading Companies & Distributors,US,---,"$38,268,666.63","163,311",FERG,0.00044368152832324244
,2927925,Ventas Inc,VTR,0.04%,Health Care REITs,US,---,"$38,137,024.89","407,839",VTR,0.00044215529253982625
,BMGT167,Woodside Energy Group Ltd,WDS,0.04%,Oil & Gas Exploration & Production,AU,---,"$38,090,416.99","1,627,453",WDS.AX,0.00044161492711492466
,BMX86B7,Haleon PLC,HLN,0.04%,Pharmaceuticals,GB,---,"$37,592,570.34","7,678,911",HLN.L,0.0004358429632083106
,6536651,BYD Co Ltd,1211,0.04%,Automobile Manufacturers,HK,---,"$37,585,750.92","3,143,980",1211.HK,0.00043576389981378136
,2459202,IDEXX Laboratories Inc,IDXX,0.04%,Health Care Equipment,US,---,"$37,580,126.33","67,219",IDXX,0.00043569868910990384
,2445063,Humana Inc,HUM,0.04%,Managed Health Care,US,---,"$37,209,779.04","102,264",HUM,0.0004314049348167047
,7380482,Cie de Saint-Gobain SA,SGO,0.04%,Building Products,FR,---,"$37,200,180.76","395,801",SGO.PA,0.0004312936537109152
,5165294,ASM International NV,ASM,0.04%,Semiconductor Materials & Equipment,NL,---,"$37,193,206.79","40,159",ASM.AS,0.00043121279848546415
,B6WVMH3,CBRE Group Inc,CBRE,0.04%,Real Estate Services,US,---,"$36,976,007.03","251,863",CBRE,0.0004286946150744776
,BYQHPG3,Carvana Co,CVNA,0.04%,Automotive Retail,US,---,"$36,672,544.08","588,078",CVNA,0.0004251763083943088
,6916628,United Microelectronics Corp,2303,0.04%,Semiconductors,TW,---,"$36,356,013.60","9,718,008",2303.TW,0.00042150649861271604
,BYQFRK5,Waste Connections Inc,WCN,0.04%,Environmental & Facilities Services,CA,---,"$36,339,431.58","216,924",WCN.TO,0.0004213142490094722
,B03FYZ4,GOODMAN GROUP,GMG,0.04%,Industrial REITs,AU,---,"$36,293,347.48","1,743,287",GMG.AX,0.0004207799564479599
,B15C4L6,Constellation Software Inc/Canada,CSU,0.04%,Application Software,CA,---,"$36,249,667.78","16,922",CSU.TO,0.0004202735401612345
,BYNZGK1,Block Inc,XYZ,0.04%,Transaction & Payment Processing Services,US,---,"$36,232,146.36","445,989",XYZ,0.00042007039928676515
,2965107,Nasdaq Inc,NDAQ,0.04%,Financial Exchanges & Data,US,---,"$36,152,099.99","383,821",NDAQ,0.00041914235295262693
,6185495,CSL Ltd,CSL,0.04%,Biotechnology,AU,---,"$36,059,197.63","417,061",CSL.AX,0.0004180652560820158
,B601QS4,Daiichi Life Group Inc,8750,0.04%,Life & Health Insurance,JP,---,"$35,846,541.47","2,973,000",8750.T,0.00041559975052917305
,2098876,Yum! Brands Inc,YUM,0.04%,Restaurants,US,---,"$35,823,988.48","233,716",YUM,0.00041533827434114156
,2027342,American International Group Inc,AIG,0.04%,Property & Casualty Insurance,US,---,"$35,807,491.56","455,682",AIG,0.000415147011375306
,2819118,Prudential Financial Inc,PRU,0.04%,Life & Health Insurance,US,---,"$35,782,014.24","293,103",PRU,0.0004148516309173332
,6771689,Samsung Electro-Mechanics Co Ltd,009150,0.04%,Electronic Components,KR,---,"$35,714,690.69","46,738",009150.KS,0.00041407109116545346
,5176177,Orange SA,ORA,0.04%,Integrated Telecommunication Services,FR,---,"$35,709,871.32","1,869,463",ORA.PA,0.00041401521606878943
,4057808,L'Oreal SA,OR,0.04%,Personal Care Products,FR,---,"$35,661,903.29","80,068",OR.PA,0.00041345908148832897
,B1WT5G2,DSV A/S,DSV,0.04%,Air Freight & Logistics,DK,---,"$35,654,110.90","164,973",DSV.CO,0.00041336873761672465
,2684532,PETROBRAS - PETROLEO BRAS-PR,PETR4,0.04%,Integrated Oil & Gas,BR,---,"$35,568,895.84","4,152,558",PETR4.SA,0.0004123807662190665
,2353058,Flex Ltd,FLEX,0.04%,Electronic Manufacturing Services,US,---,"$35,566,440.00","312,672",FLEX,0.0004123522935561683
,2868165,Sysco Corp,SYY,0.04%,Food Distributors,US,---,"$35,543,289.96","416,979",SYY,0.00041208389525456947
,BLGZ986,Tesco PLC,TSCO,0.04%,Food Retail,GB,---,"$35,513,916.13","5,395,482",TSCO.L,0.0004117433392087288
,6858946,Sumitomo Corp,8053,0.04%,Trading Companies & Distributors,JP,---,"$35,486,997.45","3,418,800",8053.T,0.00041143124782602356
,6356707,Fujikura Ltd,5803,0.04%,Electrical Components & Equipment,JP,---,"$35,465,977.07","1,397,600",5803.T,0.0004111875405023661
,7108918,Roche Holding AG,RO,0.04%,Pharmaceuticals,CH,---,"$35,441,483.33","79,950",RO.SW,0.00041090356353231316
,B29NF31,Franco-Nevada Corp,FNV,0.04%,Gold,CA,---,"$35,422,023.41","166,498",FNV.TO,0.0004106779479620053
,2262530,Republic Services Inc,RSG,0.04%,Environmental & Facilities Services,US,---,"$35,311,972.15","167,713",RSG,0.0004094020291613116
,6316121,Elite Material Co Ltd,2383,0.04%,Electronic Components,TW,---,"$35,170,382.95","245,000",2383.TW,0.00040776046392839035
,6882172,Teva Pharmaceutical Industries Ltd,TEVA,0.04%,Pharmaceuticals,IL,---,"$35,041,136.01","984,876",TEVA.TA,0.00040626199311871356
,2749602,Roper Technologies Inc,ROP,0.04%,Application Software,US,---,"$35,022,519.50","89,350",ROP,0.0004060461559250976
,BV2FFX7,Naspers Ltd,NPN,0.04%,Broadline Retail,ZA,---,"$34,915,784.51","664,523",NPN.JO,0.0004048086854914755
,2655408,Occidental Petroleum Corp,OXY,0.04%,Integrated Oil & Gas,US,---,"$34,745,928.10","608,830",OXY,0.0004028393942090554
,B57FG04,Cenovus Energy Inc,CVE,0.04%,Integrated Oil & Gas,CA,---,"$34,742,119.61","1,152,194",CVE.TO,0.00040279523911266436
,6250724,Daikin Industries Ltd,6367,0.03%,Building Products,JP,---,"$34,716,328.33","239,663",6367.T,0.0004024962186466928
,BD3W133,Keurig Dr Pepper Inc,KDP,0.03%,Soft Drinks & Non-alcoholic Beverages,US,---,"$34,666,466.32","1,113,961",KDP,0.0004019181255290004
,BDT5S35,Axon Enterprise Inc,AXON,0.03%,Aerospace & Defense,US,---,"$34,541,364.24","65,449",AXON,0.00040046770964209563
,BRC2T72,Galderma Group AG,GALD,0.03%,Pharmaceuticals,CH,---,"$34,514,458.53","158,606",GALD.SW,0.0004001557686317427
,5529027,Mercedes-Benz Group AG,MBG,0.03%,Automobile Manufacturers,DE,---,"$34,511,528.00","638,285",MBG.DE,0.00040012179247987494
,B2972D2,MSCI Inc,MSCI,0.03%,Financial Exchanges & Data,US,---,"$34,435,114.24","60,176",MSCI,0.00039923586211419173
,2520153,Agilent Technologies Inc,A,0.03%,Life Sciences Tools & Services,US,---,"$34,295,281.24","247,852",A,0.00039761465801659745
,B5BSZB3,Nebius Group NV,NBIS,0.03%,Systems Software,US,---,"$34,210,203.06","179,666",NBIS,0.00039662827358637095
,BKPQZT6,JD.com Inc,9618,0.03%,Broadline Retail,HK,---,"$34,155,274.68","2,076,312",9618.HK,0.0003959914416888202
,2656423,Old Dominion Freight Line Inc,ODFL,0.03%,Cargo Ground Transportation,US,---,"$34,120,809.74","160,841",ODFL,0.0003955918600310475
,B1W4V69,Prysmian SpA,PRY,0.03%,Electrical Components & Equipment,IT,---,"$34,116,745.64","247,235",PRY.MI,0.0003955447414283354
,BDR73G1,IQVIA Holdings Inc,IQV,0.03%,Life Sciences Tools & Services,US,---,"$33,880,483.20","144,160",IQV,0.0003928055479916244
,2592174,Microchip Technology Inc,MCHP,0.03%,Semiconductors,US,---,"$33,737,540.57","454,133",MCHP,0.00039114829128200006
,6858708,Sumitomo Electric Industries Ltd,5802,0.03%,Automotive Parts & Equipment,JP,---,"$33,643,600.79","2,542,000",5802.T,0.00039005916671009565
,B7Y8YR3,Diamondback Energy Inc,FANG,0.03%,Oil & Gas Exploration & Production,US,---,"$33,541,140.60","165,268",FANG,0.0003888712577052951
,B1VQ252,Sandvik AB,SAND,0.03%,Industrial Machinery & Supplies & Components,SE,---,"$33,539,034.37","896,892",SAND.ST,0.00038884683837147205
,B11ZRK9,Legrand SA,LR,0.03%,Electrical Components & Equipment,FR,---,"$33,391,545.77","219,639",LR.PA,0.0003871368763262578
,0790873,SSE PLC,SSE,0.03%,Electric Utilities,GB,---,"$33,357,587.76","1,055,839",SSE.L,0.00038674317194347166
,6356945,Fujitsu Ltd,6702,0.03%,IT Consulting & Other Services,JP,---,"$33,322,335.10","1,445,700",6702.T,0.00038633445757101954
,BF5M0K5,SoftBank Corp,9434,0.03%,Wireless Telecommunication Services,JP,---,"$33,304,554.11","23,728,330",9434.T,0.0003861283072785472
,6496584,Komatsu Ltd,6301,0.03%,Construction Machinery & Heavy Transportation Equipment,JP,---,"$33,200,034.51","765,150",6301.T,0.000384916521764406
,2674458,Paychex Inc,PAYX,0.03%,Human Resource & Employment Services,US,---,"$33,158,140.44","283,791",PAYX,0.00038443080782028045
,2047317,Archer-Daniels-Midland Co,ADM,0.03%,Agricultural Products & Services,US,---,"$32,805,017.53","413,839",ADM,0.00038033675056164766
,2476193,Hartford Insurance Group Inc/The,HIG,0.03%,Property & Casualty Insurance,US,---,"$32,764,890.35","230,885",HIG,0.00037987152169120293
,2216850,Consolidated Edison Inc,ED,0.03%,Multi-Utilities,US,---,"$32,740,882.65","300,789",ED,0.0003795931798004202
,B62G7K6,Sompo Holdings Inc,8630,0.03%,Property & Casualty Insurance,JP,---,"$32,730,283.87","737,225",8630.T,0.0003794702990386151
,B1WT4X2,Interactive Brokers Group Inc,IBKR,0.03%,Investment Banking & Brokerage,US,---,"$32,687,317.11","371,489",IBKR,0.0003789721484777864
,2689560,PG&E Corp,PCG,0.03%,Electric Utilities,US,---,"$32,606,652.76","1,876,102",PCG,0.0003780369373706102
,0709954,Prudential PLC,PRU,0.03%,Life & Health Insurance,GB,---,"$32,585,559.15","2,168,244",PRU.L,0.0003777923810286519
,B1YW440,3i Group PLC,III,0.03%,Asset Management & Custody Banks,GB,---,"$32,532,982.36","845,061",III.L,0.0003771828131341896
,B037HR3,ITAU UNIBANCO HOLDING S-PREF,ITUB4,0.03%,Diversified Banks,BR,---,"$32,489,317.78","3,839,898",ITUB4.SA,0.00037667657214661345
,2340168,M&T Bank Corp,MTB,0.03%,Regional Banks,US,---,"$32,478,262.30","131,870",MTB,0.0003765483964693637
,6435145,Honda Motor Co Ltd,7267,0.03%,Automobile Manufacturers,JP,---,"$32,225,792.17","3,197,123",7267.T,0.0003736212933586806
,BSCB6L9,Celestica Inc,CLS,0.03%,Electronic Manufacturing Services,CA,---,"$32,200,390.51","97,312",CLS.TO,0.00037332679009208615
,6356934,FANUC Corp,6954,0.03%,Industrial Machinery & Supplies & Components,JP,---,"$32,198,299.67","799,055",6954.T,0.00037330254918775446
,5289837,Erste Group Bank AG,EBS,0.03%,Diversified Banks,AT,---,"$32,181,798.94","246,183",EBS.VI,0.0003731112420493158
,2166160,Cameco Corp,CCO,0.03%,Coal & Consumable Fuels,CA,---,"$32,098,254.63","371,937",CCO.TO,0.00037214264109172577
,2937689,Waters Corp,WAT,0.03%,Life Sciences Tools & Services,US,---,"$32,075,877.72","85,012",WAT,0.0003718832063504022
,B2Q4CS1,MS&AD Insurance Group Holdings Inc,8725,0.03%,Property & Casualty Insurance,JP,---,"$31,936,963.50","1,037,468",8725.T,0.00037027265445865914
,2707677,Public Service Enterprise Group Inc,PEG,0.03%,Multi-Utilities,US,---,"$31,847,197.68","415,326",PEG,0.00036923192219082607
,BF2DSG3,Sika AG,SIKA,0.03%,Specialty Chemicals,CH,---,"$31,660,451.10","140,719",SIKA.SW,0.00036706680865748476
,4588825,Danske Bank A/S,DANSKE,0.03%,Diversified Banks,DK,---,"$31,612,374.80","549,306",DANSKE.CO,0.0003665094188099011
,6640400,NEC Corp,6701,0.03%,IT Consulting & Other Services,JP,---,"$31,537,439.33","1,061,200",6701.T,0.00036564062753016626
,2491839,Kimberly-Clark Corp,KMB,0.03%,Household Products,US,---,"$31,523,692.28","288,388",KMB,0.000365481246169616
,2697701,Power Corp of Canada,POW,0.03%,Life & Health Insurance,CA,---,"$31,523,075.94","461,280",POW.TO,0.0003654741004105068
,B4TP9G2,Dollarama Inc,DOL,0.03%,Broadline Retail,CA,---,"$31,469,284.03","231,006",DOL.TO,0.0003648504445859917
,BQ84ZQ6,Kenvue Inc,KVUE,0.03%,Personal Care Products,US,---,"$31,447,626.08","1,634,492",KVUE,0.00036459934536559675
,6869302,TDK Corp,6762,0.03%,Electronic Components,JP,---,"$31,280,852.84","1,626,800",6762.T,0.0003626657999216953
,BVFTF03,Iron Mountain Inc,IRM,0.03%,Other Specialized REITs,US,---,"$31,150,622.80","254,665",IRM,0.00036115593118915106
,BYQRG48,Natera Inc,NTRA,0.03%,Biotechnology,US,---,"$31,029,903.12","115,887",NTRA,0.00035975632423030545
,2250687,DR Horton Inc,DHI,0.03%,Homebuilding,US,---,"$31,024,993.02","216,867",DHI,0.00035969939722280646
,BD0Q398,Koninklijke Ahold Delhaize NV,AD,0.03%,Food Retail,NL,---,"$30,860,239.76","780,185",AD.AS,0.0003577892711423819
,6076425,Bank Leumi Le-Israel BM,LUMI,0.03%,Diversified Banks,IL,---,"$30,666,201.98","1,297,858",LUMI.TA,0.0003555396244636717
,BRF6FX9,Anglogold Ashanti Plc,ANG,0.03%,Gold,ZA,---,"$30,421,549.27","402,280",ANG.JO,0.0003527031554188858
,BL71K91,Revolution Medicines Inc,RVMD,0.03%,Biotechnology,US,---,"$30,420,741.54","162,218",RVMD,0.00035269379071108613
,2474164,EMCOR Group Inc,EME,0.03%,Construction & Engineering,US,---,"$30,384,475.29","38,103",EME,0.0003522733249190029
,BVV7RC7,Carnival Corp Ltd,CCL,0.03%,"Hotels, Resorts & Cruise Lines",US,---,"$30,368,937.15","1,092,015",CCL,0.000352093177913382
,6451055,Hyundai Motor Co,005380,0.03%,Automobile Manufacturers,KR,---,"$30,262,581.26","114,217",005380.KS,0.00035086010271173943
,2630643,NetApp Inc,NTAP,0.03%,"Technology Hardware, Storage & Peripherals",US,---,"$30,231,474.00","169,364",NTAP,0.000350499449522743
,2566351,Fairfax Financial Holdings Ltd,FFH,0.03%,Property & Casualty Insurance,CA,---,"$30,171,550.82","18,017",FFH.TO,0.0003498047086178288
,2931205,Vulcan Materials Co,VMC,0.03%,Construction Materials,US,---,"$30,165,513.83","112,319",VMC,0.00034973471660646425
,B3DF0Y6,KB Financial Group Inc,105560,0.03%,Diversified Banks,KR,---,"$30,130,061.75","257,441",105560.KS,0.0003493236901866332
,2445966,Huntington Bancshares Inc/OH,HBAN,0.03%,Regional Banks,US,---,"$29,862,395.52","1,752,488",HBAN,0.00034622040563389095
,2740542,Arch Capital Group Ltd,ACGL,0.03%,Property & Casualty Insurance,US,---,"$29,776,784.94","296,198",ACGL,0.000345227848633087
,BYT8165,Japan Post Bank Co Ltd,7182,0.03%,Diversified Banks,JP,---,"$29,759,390.80","1,539,136",7182.T,0.00034502618342500214
,6527666,CTBC Financial Holding Co Ltd,2891,0.03%,Diversified Banks,TW,---,"$29,746,159.96","14,903,382",2891.TW,0.00034487278693045073
,B04YJV1,Intact Financial Corp,IFC,0.03%,Property & Casualty Insurance,CA,---,"$29,718,399.97","151,356",IFC.TO,0.00034455094151815765
,B19NLV4,Experian PLC,EXPN,0.03%,Research & Consulting Services,GB,---,"$29,666,120.58","786,280",EXPN.L,0.0003439448216373875
,7320154,OTP Bank Nyrt,OTP,0.03%,Diversified Banks,HU,---,"$29,622,878.73","199,963",OTP.BD,0.00034344348172186295
,BT6C8Z3,Rocket Lab Corp,RKLB,0.03%,Aerospace & Defense,US,---,"$29,582,256.90","455,462",RKLB,0.00034297251794902117
,BLPLD38,Sandoz Group AG,SDZ,0.03%,Pharmaceuticals,CH,---,"$29,511,901.49","362,030",SDZ.SW,0.00034215682723953255
,6981239,Woolworths Group Ltd,WOW,0.03%,Food Retail,AU,---,"$29,507,252.77","1,057,395",WOW.AX,0.0003421029306349216
,2421041,Grupo Financiero Banorte SAB de CV,GFNORTEO,0.03%,Diversified Banks,MX,---,"$29,344,392.49","2,533,803",GFNORTEO.MX,0.00034021475149786993
,2643674,Grupo Mexico SAB de CV,GMEXICOB,0.03%,Diversified Metals & Mining,MX,---,"$29,315,307.30","2,444,283",GMEXICOB.MX,0.0003398775419035159
,BJT1GR5,Alcon AG,ALC,0.03%,Health Care Supplies,CH,---,"$29,191,344.67","425,039",ALC.SW,0.0003384403366393468
,5962343,STMicroelectronics NV,STMMI,0.03%,Semiconductors,IT,---,"$29,162,953.95","547,956",STMMI.MI,0.0003381111786323123
,2648668,Northern Trust Corp,NTRS,0.03%,Asset Management & Custody Banks,US,---,"$29,082,625.32","159,628",NTRS,0.0003371798598155085
,5669354,Repsol SA,REP,0.03%,Integrated Oil & Gas,ES,---,"$29,032,789.67","951,239",REP.MC,0.0003366020723119416
,2849472,Steel Dynamics Inc,STLD,0.03%,Steel,US,---,"$28,986,107.38","115,363",STLD,0.00033606084441986254
,BLD13F2,Credo Technology Group Holding Ltd,CRDO,0.03%,Semiconductors,US,---,"$28,947,344.51","139,849",CRDO,0.0003356114331673076
,7437805,Swiss Life Holding AG,SLHN,0.03%,Life & Health Insurance,CH,---,"$28,886,349.25","24,480",SLHN.SW,0.0003349042627179443
,B748CK2,Expedia Group Inc,EXPE,0.03%,"Hotels, Resorts & Cruise Lines",US,---,"$28,853,867.04","97,896",EXPE,0.0003345276685523974
,6200882,Transurban Group,TCL,0.03%,Highways & Railtracks,AU,---,"$28,729,791.80","2,766,534",TCL.AX,0.0003330891577037566
,BDRJLN0,Nutrien Ltd,NTR,0.03%,Fertilizers & Agricultural Chemicals,CA,---,"$28,596,674.79","414,306",NTR.TO,0.0003315458178478464
,BTGQCX1,Crown Castle Inc,CCI,0.03%,Telecom Tower REITs,US,---,"$28,563,820.60","374,362",CCI,0.00033116491099859666
,BL5GZ82,Ingersoll Rand Inc,IR,0.03%,Industrial Machinery & Supplies & Components,US,---,"$28,507,205.10","341,895",IR,0.00033050851886950446
,B8K6ZD1,Workday Inc,WDAY,0.03%,Application Software,US,---,"$28,504,283.16","177,774",WDAY,0.00033047464230888623
,6606996,FirstRand Ltd,FSR,0.03%,Diversified Financial Services,ZA,---,"$28,361,900.61","4,742,340",FSR.JO,0.0003288238790878589
,4497749,KBC Group NV,KBC,0.03%,Diversified Banks,BE,---,"$28,326,931.16","196,908",KBC.BR,0.00032841844821223856
,2471789,Jabil Inc,JBL,0.03%,Electronic Manufacturing Services,US,---,"$28,308,187.65","89,853",JBL,0.00032820113859851865
,6635677,Renesas Electronics Corp,6723,0.03%,Semiconductors,JP,---,"$28,129,862.79","1,403,423",6723.T,0.00032613366530012043
,B95WG16,Zoetis Inc,ZTS,0.03%,Pharmaceuticals,US,---,"$28,108,363.46","363,674",ZTS,0.00032588440509765374
,6075808,Bank Hapoalim BM,POLI,0.03%,Diversified Banks,IL,---,"$28,036,717.13","1,154,822",POLI.TA,0.0003250537476435936
,6411673,Fubon Financial Holding Co Ltd,2881,0.03%,Life & Health Insurance,TW,---,"$27,982,092.92","7,020,145",2881.TW,0.0003244204422501611
,BYY8XK8,WEC Energy Group Inc,WEC,0.03%,Multi-Utilities,US,---,"$27,915,449.24","255,122",WEC,0.0003236477848152583
,2497406,Kroger Co/The,KR,0.03%,Food Retail,US,---,"$27,786,277.94","481,231",KR,0.00032215019096508294
,2179414,Casey's General Stores Inc,CASY,0.03%,Food Retail,US,---,"$27,742,221.00","31,851",CASY,0.00032163940101095575
,BDB6Q21,Willis Towers Watson PLC,WTW,0.03%,Insurance Brokers,US,---,"$27,693,580.72","82,441",WTW,0.00032107547245872463
,2319414,EQT Corp,EQT,0.03%,Oil & Gas Exploration & Production,US,---,"$27,644,507.24","518,756",EQT,0.00032050652144673743
,B5834C5,Cboe Global Markets Inc,CBOE,0.03%,Financial Exchanges & Data,US,---,"$27,494,133.75","88,625",CBOE,0.0003187631123933842
,B02HWR9,Extra Space Storage Inc,EXR,0.03%,Self-Storage REITs,US,---,"$27,489,547.60","185,690",EXR,0.0003187099412165362
,2583576,ON Semiconductor Corp,ON,0.03%,Semiconductors,US,---,"$27,458,827.04","336,464",ON,0.00031835377137284847
,B0796X4,Dexcom Inc,DXCM,0.03%,Health Care Equipment,US,---,"$27,451,962.35","328,963",DXCM,0.00031827418312431834
,BMC9P69,Coinbase Global Inc,COIN,0.03%,Financial Exchanges & Data,US,---,"$27,372,851.52","187,152",COIN,0.00031735698330910957
,BQRX1X3,Citizens Financial Group Inc,CFG,0.03%,Regional Banks,US,---,"$27,265,332.75","380,535",CFG,0.00031611042584061297
,6005214,Accton Technology Corp,2345,0.03%,Communications Equipment,TW,---,"$27,223,114.04","420,000",2345.TW,0.00031562094806607374
,6503138,Kuwait Finance House KSCP,KFH,0.03%,Diversified Banks,KW,---,"$27,207,119.17","10,724,606",KFH.KW,0.00031543550579719236
,2572079,Martin Marietta Materials Inc,MLM,0.03%,Construction Materials,US,---,"$27,089,872.04","51,586",MLM,0.00031407615909371633
,2613990,Illumina Inc,ILMN,0.03%,Life Sciences Tools & Services,US,---,"$26,910,555.70","131,207",ILMN,0.0003119971907159114
,BL6JPG8,GE HealthCare Technologies Inc,GEHC,0.03%,Health Care Equipment,US,---,"$26,813,756.08","394,204",GEHC,0.00031087490956203804
,2503477,Teledyne Technologies Inc,TDY,0.03%,Electronic Equipment & Instruments,US,---,"$26,681,699.00","40,700",TDY,0.000309343858385189
,5980613,Givaudan SA,GIVN,0.03%,Specialty Chemicals,CH,---,"$26,635,033.85","6,664",GIVN.SW,0.0003088028292118548
,5596991,UCB SA,UCB,0.03%,Pharmaceuticals,BE,---,"$26,623,460.29","103,721",UCB.BR,0.00030866864698808963
,4031976,adidas AG,ADS,0.03%,"Apparel, Accessories & Luxury Goods",DE,---,"$26,614,638.68","143,845",ADS.DE,0.0003085663704848366
,BFH3N85,Veeva Systems Inc,VEEV,0.03%,Health Care Technology,US,---,"$26,596,346.70","130,515",VEEV,0.0003083542958463098
,B5LTM93,Otsuka Holdings Co Ltd,4578,0.03%,Pharmaceuticals,JP,---,"$26,515,387.43","382,400",4578.T,0.00030741566547821193
,BF09HX3,Tapestry Inc,TPR,0.03%,"Apparel, Accessories & Luxury Goods",US,---,"$26,456,460.21","173,633",TPR,0.0003067324715931931
,6270948,Disco Corp,6146,0.03%,Semiconductor Materials & Equipment,JP,---,"$26,378,648.31","73,800",6146.T,0.0003058303313893671
,BRS7CF0,Ferrovial NV,FER,0.03%,Construction & Engineering,ES,---,"$26,342,456.41","402,138",FER.MC,0.000305410727600707
,2718992,Raymond James Financial Inc,RJF,0.03%,Investment Banking & Brokerage,US,---,"$26,298,979.14","149,443",RJF,0.00030490665825887625
,2807061,Centene Corp,CNC,0.03%,Managed Health Care,US,---,"$26,225,730.00","421,500",CNC,0.00030405741805153425
,6137720,Unimicron Technology Corp,3037,0.03%,Electronic Components,TW,---,"$26,224,137.73","1,117,682",3037.TW,0.00030403895749752714
,2732903,ResMed Inc,RMD,0.03%,Health Care Equipment,US,---,"$26,083,246.42","123,629",RMD,0.00030240548350292346
,2974329,Strategy Inc,MSTR,0.03%,Application Software,US,---,"$25,944,246.24","278,133",MSTR,0.00030079393500305327
,2455965,Biogen Inc,BIIB,0.03%,Biotechnology,US,---,"$25,905,755.70","127,646",BIIB,0.00030034768110614334
,BYPBS67,ArcelorMittal SA,MT,0.03%,Steel,NL,---,"$25,789,406.54","365,096",MT.AS,0.00029899874534031087
,6421553,Resona Holdings Inc,8308,0.03%,Regional Banks,JP,---,"$25,715,193.92","1,896,289",8308.T,0.0002981383346816166
,B0J2D41,Baidu Inc,9888,0.03%,Interactive Media & Services,HK,---,"$25,470,828.63","1,838,704",9888.HK,0.0002953051979438093
,2126249,Mettler-Toledo International Inc,MTD,0.03%,Life Sciences Tools & Services,US,---,"$25,442,413.20","17,964",MTD,0.0002949757534525168
,BH4HKS3,Vodafone Group PLC,VOD,0.03%,Wireless Telecommunication Services,GB,---,"$25,353,374.42","15,975,763",VOD.L,0.00029394345038399373
,B4PT2P8,Pembina Pipeline Corp,PPL,0.03%,Oil & Gas Storage & Transportation,CA,---,"$25,149,684.33","514,387",PPL.TO,0.00029158189618328753
,0454492,Imperial Brands PLC,IMB,0.03%,Tobacco,GB,---,"$25,098,347.42","661,338",IMB.L,0.00029098670328282897
,6425663,Cathay Financial Holding Co Ltd,2882,0.03%,Life & Health Insurance,TW,---,"$25,006,052.28","8,034,640",2882.TW,0.0002899166464353321
,2682365,Petroleo Brasileiro SA - Petrobras,PETR3,0.03%,Integrated Oil & Gas,BR,---,"$24,992,662.34","2,583,433",PETR3.SA,0.0002897614053578
,6280215,Gold Fields Ltd,GFI,0.03%,Gold,ZA,---,"$24,970,188.90","773,240",GFI.JO,0.00028950085146125886
,B0J7D91,Daiichi Sankyo Co Ltd,4568,0.03%,Pharmaceuticals,JP,---,"$24,948,546.69","1,543,700",4568.T,0.0002892499347282059
,6499260,Kyocera Corp,6971,0.03%,Electronic Components,JP,---,"$24,927,817.70","1,093,000",6971.T,0.0002890096057391476
,7133608,Equinor ASA,EQNR,0.03%,Integrated Oil & Gas,NO,---,"$24,910,552.81","606,821",EQNR.OL,0.00028880943903734967
,2342034,Fiserv Inc,FISV,0.03%,Transaction & Payment Processing Services,US,---,"$24,907,280.46","461,759",FISV,0.00028877149987256907
,6397502,Shinhan Financial Group Co Ltd,055550,0.03%,Diversified Banks,KR,---,"$24,892,458.10","358,578",055550.KS,0.00028859965151940484
,6010906,Ajinomoto Co Inc,2802,0.03%,Packaged Foods & Meats,JP,---,"$24,861,885.11","806,200",2802.T,0.0002882451925815024
,6900580,Toyota Tsusho Corp,8015,0.03%,Trading Companies & Distributors,JP,---,"$24,845,093.23","598,600",8015.T,0.0002880505098909908
,BDSFG98,TechnipFMC PLC,FTI,0.03%,Oil & Gas Equipment & Services,US,---,"$24,838,000.94","346,609",FTI,0.00028796828288013267
,BD6P5Q0,Twilio Inc,TWLO,0.02%,Internet Services & Infrastructure,US,---,"$24,749,663.50","125,410",TWLO,0.000286944111048741
,BP6VLQ4,Daimler Truck Holding AG,DTG,0.02%,Construction Machinery & Heavy Transportation Equipment,DE,---,"$24,539,239.89","433,857",DTG.DE,0.0002845044893660011
,B90LKT4,Commerzbank AG,CBK,0.02%,Diversified Banks,DE,---,"$24,506,398.93","561,893",CBK.DE,0.000284123735903507
,2278407,Dover Corp,DOV,0.02%,Industrial Machinery & Supplies & Components,US,---,"$24,423,238.58","119,359",DOV,0.00028315958652405177
,B3P2CN8,Xylem Inc/NY,XYL,0.02%,Industrial Machinery & Supplies & Components,US,---,"$24,389,063.79","208,507",XYL,0.00028276336882449287
,B75JX34,LPL Financial Holdings Inc,LPLA,0.02%,Investment Banking & Brokerage,US,---,"$24,303,788.10","68,713",LPLA,0.00028177469449115826
,2829515,Edison International,EIX,0.02%,Electric Utilities,US,---,"$24,301,538.03","331,219",EIX,0.00028174860749664426
,2050832,Ameren Corp,AEE,0.02%,Multi-Utilities,US,---,"$24,232,030.75","221,075",AEE,0.00028094274988686236
,B01R311,Regions Financial Corp,RF,0.02%,Regional Banks,US,---,"$24,145,394.90","780,142",RF,0.00027993830605015313
,B5B1S13,Dollar General Corp,DG,0.02%,Consumer Staples Merchandise Retail,US,---,"$24,101,766.15","189,703",DG,0.0002794324804705481
,BNYK8H9,Trip.com Group Ltd,9961,0.02%,"Hotels, Resorts & Cruise Lines",HK,---,"$24,050,731.11","513,351",9961.HK,0.0002788407874083318
,6356525,FUJIFILM Holdings Corp,4901,0.02%,"Technology Hardware, Storage & Peripherals",JP,---,"$24,036,308.34","1,021,100",4901.T,0.0002786735718453198
,6643108,Nomura Holdings Inc,8604,0.02%,Investment Banking & Brokerage,JP,---,"$23,988,868.34","2,479,600",8604.T,0.00027812355917027266
,B0T7YX2,Live Nation Entertainment Inc,LYV,0.02%,Movies & Entertainment,US,---,"$23,927,203.30","137,410",LYV,0.0002774086233859706
,2232878,Credicorp Ltd,BAP,0.02%,Diversified Banks,US,---,"$23,917,029.48","59,706",BAP,0.0002772906695505227
,B03Z841,Kinross Gold Corp,K,0.02%,Gold,CA,---,"$23,911,773.96","1,037,151",K.TO,0.0002772297377922182
,6431897,Sumitomo Mitsui Trust Group Inc,8309,0.02%,Diversified Banks,JP,---,"$23,814,360.46","2,315,968",8309.T,0.00027610033940012914
,6196408,Chugai Pharmaceutical Co Ltd,4519,0.02%,Pharmaceuticals,JP,---,"$23,756,760.98","547,500",4519.T,0.00027543253914557333
,BYMD5K9,Banco BPM SpA,BAMI,0.02%,Diversified Banks,IT,---,"$23,738,623.40","1,300,163",BAMI.MI,0.00027522225459888943
,B0166K8,Larsen & Toubro Ltd,LT,0.02%,Construction & Engineering,IN,---,"$23,737,177.70","575,504",LT.NS,0.0002752054933568086
,BK531S8,Otis Worldwide Corp,OTIS,0.02%,Industrial Machinery & Supplies & Components,US,---,"$23,729,685.60","329,808",OTIS,0.00027511863100514926
,2280220,DTE Energy Co,DTE,0.02%,Multi-Utilities,US,---,"$23,690,161.95","166,985",DTE,0.0002746603993764787
,6718976,China Life Insurance Co Ltd,2628,0.02%,Life & Health Insurance,HK,---,"$23,652,849.45","6,353,271",2628.HK,0.0002742278035093266
,BZ1HM42,Adyen NV,ADYEN,0.02%,Transaction & Payment Processing Services,NL,---,"$23,577,026.16","23,178",ADYEN.AS,0.00027334871896961797
,B030GJ7,Standard Bank Group Ltd,SBK,0.02%,Diversified Banks,ZA,---,"$23,483,617.51","1,179,369",SBK.JO,0.00027226575224409004
,2967589,Williams-Sonoma Inc,WSM,0.02%,Homefurnishing Retail,US,---,"$23,476,293.54","102,669",WSM,0.0002721808391679588
,B0FS5D6,Seven & i Holdings Co Ltd,3382,0.02%,Food Retail,JP,---,"$23,435,929.55","1,767,400",3382.T,0.00027171286475574386
,2212922,NRG Energy Inc,NRG,0.02%,Electric Utilities,US,---,"$23,431,053.49","174,481",NRG,0.00027165633240320826
,B3MSM28,Amadeus IT Group SA,AMS,0.02%,"Hotels, Resorts & Cruise Lines",ES,---,"$23,429,305.95","379,625",AMS.MC,0.0002716360716707008
,2405302,Halliburton Co,HAL,0.02%,Oil & Gas Equipment & Services,US,---,"$23,419,305.00","726,180",HAL,0.00027152012206567314
,2241205,Curtiss-Wright Corp,CW,0.02%,Aerospace & Defense,US,---,"$23,371,444.00","32,281",CW,0.0002709652283759507
,2131179,AvalonBay Communities Inc,AVB,0.02%,Multi-Family Residential REITs,US,---,"$23,342,313.60","125,760",AVB,0.0002706274946232274
,2347200,Fortis Inc/Canada,FTS,0.02%,Electric Utilities,CA,---,"$23,291,569.85","409,164",FTS.TO,0.00027003917873622436
,B03NGS5,Powszechna Kasa Oszczednosci Bank Polski SA,PKO,0.02%,Diversified Banks,PL,---,"$23,235,856.35","775,747",PKO.WA,0.0002693932442680279
,B00FWN1,Alnylam Pharmaceuticals Inc,ALNY,0.02%,Biotechnology,US,---,"$23,218,827.52","112,976",ALNY,0.0002691958144126058
,6596729,Mitsubishi Estate Co Ltd,8802,0.02%,Diversified Real Estate Activities,JP,---,"$23,152,917.91","953,691",8802.T,0.0002684316676818424
,2315359,Atmos Energy Corp,ATO,0.02%,Gas Utilities,US,---,"$23,140,598.18","133,931",ATO,0.0002682888344682429
,BVVN4Q8,Eversource Energy,ES,0.02%,Electric Utilities,US,---,"$23,136,670.97","323,183",ES,0.0002682433029489012
,BPBPJ01,Cie Generale des Etablissements Michelin SCA,ML,0.02%,Tires & Rubber,FR,---,"$23,011,001.00","569,291",ML.PA,0.00026678630302535993
,2257019,Cognizant Technology Solutions Corp,CTSH,0.02%,IT Consulting & Other Services,US,---,"$22,989,013.65","415,339",CTSH,0.00026653138478778196
,BN4MYF5,Vestas Wind Systems A/S,VWS,0.02%,Heavy Electrical Equipment,DK,---,"$22,988,988.96","854,055",VWS.CO,0.00026653109853540117
,2196888,Cincinnati Financial Corp,CINF,0.02%,Property & Casualty Insurance,US,---,"$22,964,251.60","129,245",CINF,0.0002662442970693977
,BP96PS6,Synchrony Financial,SYF,0.02%,Consumer Finance,US,---,"$22,826,053.25","301,175",SYF,0.00026464204487355864
,2680905,PPL Corp,PPL,0.02%,Electric Utilities,US,---,"$22,742,702.36","645,916",PPL,0.00026367568640019303
,B2R3PV1,American Water Works Co Inc,AWK,0.02%,Water Utilities,US,---,"$22,723,702.05","169,365",AWK,0.00026345539948345977
,6725299,Zijin Mining Group Co Ltd,2899,0.02%,Diversified Metals & Mining,HK,---,"$22,696,037.36","5,345,301",2899.HK,0.00026313465896593764
,2440637,CenterPoint Energy Inc,CNP,0.02%,Multi-Utilities,US,---,"$22,660,064.48","539,012",CNP,0.0002627175944642945
,BYWH073,VICI Properties Inc,VICI,0.02%,Other Specialized REITs,US,---,"$22,657,390.05","859,863",VICI,0.00026268658749973873
,6715740,QBE Insurance Group Ltd,QBE,0.02%,Property & Casualty Insurance,AU,---,"$22,646,814.47","1,305,686",QBE.AX,0.00026256397571546437
,6440859,Capitec Bank Holdings Ltd,CPI,0.02%,Diversified Banks,ZA,---,"$22,632,643.64","79,264",CPI.JO,0.00026239968110931046
,6132101,Bridgestone Corp,5108,0.02%,Tires & Rubber,JP,---,"$22,616,260.50","915,808",5108.T,0.0002622097372927618
,2702791,Quest Diagnostics Inc,DGX,0.02%,Health Care Services,US,---,"$22,605,698.16","97,016",DGX,0.0002620872790111817
,2319157,Equity Residential,EQR,0.02%,Multi-Family Residential REITs,US,---,"$22,593,332.25","340,005",EQR,0.00026194391039316965
,2521800,Loblaw Cos Ltd,L,0.02%,Food Retail,CA,---,"$22,590,126.93","481,203",L.TO,0.0002619067483647636
,BK93RS6,Banca Monte dei Paschi di Siena SpA,BMPS,0.02%,Diversified Banks,IT,---,"$22,587,282.59","1,686,451",BMPS.MI,0.0002618737714876105
,6226576,PetroChina Co Ltd,857,0.02%,Integrated Oil & Gas,HK,---,"$22,578,513.71","17,744,000",0857.HK,0.0002617721063285471
,BYQP136,ABN AMRO BANK NV-CVA,ABN,0.02%,Diversified Banks,NL,Dutch Cert,"$22,576,954.80","499,076",ABN.AS,0.00026175403254567915
,BF2FJ99,MongoDB Inc,MDB,0.02%,Internet Services & Infrastructure,US,---,"$22,478,192.88","66,606",MDB,0.000260609000762121
,BSBK800,Labcorp Holdings Inc,LH,0.02%,Health Care Services,US,---,"$22,425,657.60","72,528",LH,0.0002599999141287494
,4162791,Thales SA,HO,0.02%,Aerospace & Defense,FR,---,"$22,397,804.00","78,677",HO.PA,0.0002596769834153073
,BNG7113,DNB Bank ASA,DNB,0.02%,Diversified Banks,NO,---,"$22,334,464.38","693,647",DNB.OL,0.00025894263278645666
,B4P9W92,Verisk Analytics Inc,VRSK,0.02%,Research & Consulting Services,US,---,"$22,294,542.15","114,419",VRSK,0.0002584797800774316
,2422806,Hershey Co/The,HSY,0.02%,Packaged Foods & Meats,US,---,"$22,249,030.05","127,101",HSY,0.0002579521192033167
,B0DJNG0,Leonardo SpA,LDO,0.02%,Aerospace & Defense,IT,---,"$22,246,784.15","349,054",LDO.MI,0.00025792608055519507
,BGSP7M9,Zoom Communications Inc,ZM,0.02%,Application Software,US,---,"$22,146,344.61","230,523",ZM,0.0002567615986817569
,4031879,Veolia Environnement SA,VIE,0.02%,Multi-Utilities,FR,---,"$22,101,109.65","555,397",VIE.PA,0.00025623715092974904
,2208073,Copart Inc,CPRT,0.02%,Diversified Support Services,US,---,"$22,090,257.28","758,594",CPRT,0.0002561113300812183
,6597603,Mitsui Fudosan Co Ltd,8801,0.02%,Diversified Real Estate Activities,JP,---,"$22,071,109.25","2,265,700",8801.T,0.00025588933051962076
,BNG8PQ9,NN Group NV,NN,0.02%,Life & Health Insurance,NL,---,"$22,070,112.64","234,138",NN.AS,0.00025587777596371695
,2100920,FirstEnergy Corp,FE,0.02%,Electric Utilities,US,---,"$22,056,510.22","456,562",FE,0.0002557200714230062
,BDFG6S3,Hubbell Inc,HUBB,0.02%,Electrical Components & Equipment,US,---,"$21,997,202.50","46,550",HUBB,0.00025503246607460516
,BMXX645,Sampo Oyj,SAMPO,0.02%,Property & Casualty Insurance,FI,---,"$21,890,798.31","1,977,177",SAMPO.HE,0.0002537988308895687
,4380429,Publicis Groupe SA,PUB,0.02%,Advertising,FR,---,"$21,888,079.06","205,078",PUB.PA,0.0002537673042882487
,2526117,ATI Inc,ATI,0.02%,Aerospace & Defense,US,---,"$21,828,887.52","116,458",ATI,0.0002530810459143962
,6985383,Astellas Pharma Inc,4503,0.02%,Pharmaceuticals,JP,---,"$21,771,036.02","1,585,100",4503.T,0.00025241032377547356
,BTF8CF0,Restaurant Brands International Inc,QSR,0.02%,Restaurants,CA,---,"$21,738,593.77","293,926",QSR.TO,0.00025203419290053576
,6451680,TS Financial Holding Co Ltd,2887,0.02%,Diversified Banks,TW,---,"$21,738,385.46","19,742,354",2887.TW,0.0002520317777837495
,2330299,Fair Isaac Corp,FICO,0.02%,Application Software,US,---,"$21,718,239.80","19,340",FICO,0.00025179821184051195
,4116099,BPER Banca SPA,BPE,0.02%,Diversified Banks,IT,---,"$21,709,992.41","1,336,065",BPE.MI,0.00025170259276302337
,2698470,PPG Industries Inc,PPG,0.02%,Specialty Chemicals,US,---,"$21,656,283.48","195,949",PPG,0.00025107989899693524
,6253983,Aristocrat Leisure Ltd,ALL,0.02%,Casinos & Gaming,AU,---,"$21,603,015.29","480,654",ALL.AX,0.00025046231510830074
,2803014,Principal Financial Group Inc,PFG,0.02%,Life & Health Insurance,US,---,"$21,575,712.00","189,760",PFG,0.00025014576461145234
,BYX4D52,HP Inc,HPQ,0.02%,"Technology Hardware, Storage & Peripherals",US,---,"$21,494,650.32","788,216",HPQ,0.0002492059469162454
,2177504,Carpenter Technology Corp,CRS,0.02%,Aerospace & Defense,US,---,"$21,493,137.60","41,360",CRS,0.0002491884086537286
,BDVJJQ5,nVent Electric PLC,NVT,0.02%,Electrical Components & Equipment,US,---,"$21,457,746.70","139,490",NVT,0.0002487780915461964
,7792559,Heineken NV,HEIA,0.02%,Brewers,NL,---,"$21,420,932.10","236,590",HEIA.AS,0.0002483512682614833
,6456102,Ibiden Co Ltd,4062,0.02%,Electronic Components,JP,---,"$21,389,160.12","213,800",4062.T,0.00024798290840247515
,2708841,PulteGroup Inc,PHM,0.02%,Homebuilding,US,---,"$21,352,941.86","168,838",PHM,0.0002475629989996894
,B0C2CQ3,Engie SA,ENGI,0.02%,Multi-Utilities,FR,---,"$21,351,428.80","684,975",ENGI.PA,0.00024754545679526053
,6298542,East Japan Railway Co,9020,0.02%,Rail Transportation,JP,---,"$21,324,661.46","926,815",9020.T,0.00024723512002718936
,BW9P816,CK Hutchison Holdings Ltd,1,0.02%,Industrial Conglomerates,HK,---,"$21,309,394.95","2,274,391",0001.HK,0.000247058122261512
,BMX5GK7,Corpay Inc,CPAY,0.02%,Transaction & Payment Processing Services,US,---,"$21,238,438.02","55,582",CPAY,0.00024623545761390584
,B01NPJ1,Tata Consultancy Services Ltd,TCS,0.02%,IT Consulting & Other Services,IN,---,"$21,214,106.33","855,078",TCS.NS,0.00024595335942871784
,6320605,Tower Semiconductor Ltd,TSEM,0.02%,Semiconductors,IL,---,"$21,199,041.80","96,770",TSEM.TA,0.00024577870339069876
,BF14BT1,Ares Management Corp,ARES,0.02%,Asset Management & Custody Banks,US,---,"$21,186,214.09","165,401",ARES,0.0002456299807285607
,2195841,Church & Dwight Co Inc,CHD,0.02%,Household Products,US,---,"$21,111,349.36","213,656",CHD,0.00024476200959841764
,B1HHKD3,AerCap Holdings NV,AER,0.02%,Trading Companies & Distributors,US,---,"$21,109,702.80","139,892",AER,0.0002447429196138008
,BYT8143,Japan Post Holdings Co Ltd,6178,0.02%,Life & Health Insurance,JP,---,"$21,078,294.20","1,424,752",6178.T,0.00024437877273130734
,B60LZR6,Agricultural Bank of China Ltd,1288,0.02%,Diversified Banks,HK,---,"$20,836,331.97","25,916,500",1288.HK,0.00024157349673251566
,6641373,NTT Inc,9432,0.02%,Integrated Telecommunication Services,JP,---,"$20,807,979.42","21,708,600",9432.T,0.00024124478126308254
,B1DYPZ5,China Merchants Bank Co Ltd,3968,0.02%,Diversified Banks,HK,---,"$20,803,352.18","3,206,398",3968.HK,0.0002411911336945647
,BRK49M5,Smurfit Westrock PLC,SW,0.02%,Paper & Plastic Packaging Products & Materials,US,---,"$20,752,788.74","451,442",SW,0.00024060490829629346
,2950482,West Pharmaceutical Services Inc,WST,0.02%,Life Sciences Tools & Services,US,---,"$20,729,345.12","60,797",WST,0.00024033310626954413
,2702337,T Rowe Price Group Inc,TROW,0.02%,Asset Management & Custody Banks,US,---,"$20,703,475.50","185,266",TROW,0.00024003317754065176
,BYZ62T3,Everpure Inc,P,0.02%,"Technology Hardware, Storage & Peripherals",US,---,"$20,695,450.60","268,180",P,0.0002399401379808713
,BDFZSP1,Okta Inc,OKTA,0.02%,Internet Services & Infrastructure,US,---,"$20,588,081.94","145,058",OKTA,0.00023869532086656208
,5120679,Heidelberg Materials AG,HEI,0.02%,Construction Materials,DE,---,"$20,563,774.26","110,460",HEI.DE,0.00023841350104993075
,2142922,VeriSign Inc,VRSN,0.02%,Internet Services & Infrastructure,US,---,"$20,467,871.48","70,574",VRSN,0.00023730161773264025
,5810066,ORLEN SA,PKN,0.02%,Oil & Gas Refining & Marketing,PL,---,"$20,427,571.10","514,791",PKN.WA,0.00023683438080580177
,3208986,Next PLC,NXT,0.02%,Broadline Retail,GB,---,"$20,371,651.04","101,727",NXT.L,0.00023618605151007246
,6865504,Suzuki Motor Corp,7269,0.02%,Automobile Manufacturers,JP,---,"$20,365,931.10","1,560,184",7269.T,0.0002361197353317312
,2289874,Darden Restaurants Inc,DRI,0.02%,Restaurants,US,---,"$20,331,127.44","99,868",DRI,0.00023571622660200877
,2272476,Dollar Tree Inc,DLTR,0.02%,Consumer Staples Merchandise Retail,US,---,"$20,329,048.47","159,807",DLTR,0.0002356921233167844
,2769796,Fidelity National Information Services Inc,FIS,0.02%,Transaction & Payment Processing Services,US,---,"$20,309,731.42","453,646",FIS,0.00023546816416112425
,B01FLQ6,ACS Actividades de Construccion y Servicios SA,ACS,0.02%,Construction & Engineering,ES,---,"$20,264,933.24","158,977",ACS.MC,0.00023494878037488804
,B0190C7,Techtronic Industries Co Ltd,669,0.02%,Industrial Machinery & Supplies & Components,HK,---,"$20,235,546.55","1,204,500",0669.HK,0.00023460807523201954
,BF311Y5,Burlington Stores Inc,BURL,0.02%,Apparel Retail,US,---,"$20,195,283.36","54,807",BURL,0.00023414126948080046
,BMVP7Y0,Royalty Pharma PLC,RPRX,0.02%,Pharmaceuticals,US,---,"$20,191,771.96","345,572",RPRX,0.00023410055880400535
,BHJYC05,InterContinental Hotels Group PLC,IHG,0.02%,"Hotels, Resorts & Cruise Lines",GB,---,"$20,110,865.94","124,366",IHG.L,0.00023316254580890377
,5505072,Kering SA,KER,0.02%,"Apparel, Accessories & Luxury Goods",FR,---,"$20,103,116.31","60,905",KER.PA,0.00023307269769071393
,B09DHL9,MTU Aero Engines AG,MTX,0.02%,Aerospace & Defense,DE,---,"$20,100,193.68","47,940",MTX.DE,0.00023303881313033295
,6141011,Quanta Computer Inc,2382,0.02%,"Technology Hardware, Storage & Peripherals",TW,---,"$20,058,245.52","2,254,773",2382.TW,0.00023255247207436947
,BM99VY2,Texas Pacific Land Corp,TPL,0.02%,Oil & Gas Exploration & Production,US,---,"$20,036,406.60","49,770",TPL,0.0002322992747132957
,BYWR0T5,Coles Group Ltd,COL,0.02%,Food Retail,AU,---,"$20,022,380.69","1,185,249",COL.AX,0.00023213666028920062
,2427599,F5 Inc,FFIV,0.02%,Communications Equipment,US,---,"$19,950,564.06","49,558",FFIV,0.0002313040284009381
,6984380,Yageo Corp,2327,0.02%,Electronic Components,TW,---,"$19,929,368.39","1,324,096",2327.TW,0.0002310582887897215
,BPGMZQ5,Veralto Corp,VLTO,0.02%,Environmental & Facilities Services,US,---,"$19,880,511.21","211,113",VLTO,0.0002304918455294546
,6536112,BOC Hong Kong Holdings Ltd,2388,0.02%,Diversified Banks,HK,---,"$19,871,714.80","2,988,200",2388.HK,0.00023038986119145057
,6621580,Nan Ya Plastics Corp,1303,0.02%,Commodity Chemicals,TW,---,"$19,806,142.17","4,168,545",1303.TW,0.000229629621359322
,6172323,Canon Inc,7751,0.02%,"Technology Hardware, Storage & Peripherals",JP,---,"$19,804,675.74","711,500",7751.T,0.00022961261977654226
,B6Z1355,XPO Inc,XPO,0.02%,Cargo Ground Transportation,US,---,"$19,802,578.95","98,535",XPO,0.00022958830988874905
,6889526,National Bank of Kuwait SAKP,NBK,0.02%,Diversified Banks,KW,---,"$19,781,022.37","7,126,462",NBK.KW,0.00022933838593784962
,6218089,Lenovo Group Ltd,992,0.02%,"Technology Hardware, Storage & Peripherals",HK,---,"$19,749,808.10","6,458,000",0992.HK,0.00022897649208999246
,6212100,Chroma ATE Inc,2360,0.02%,Electronic Equipment & Instruments,TW,---,"$19,727,381.55","314,000",2360.TW,0.00022871648182950385
,2325507,Expeditors International of Washington Inc,EXPD,0.02%,Air Freight & Logistics,US,---,"$19,685,102.50","117,250",EXPD,0.00022822630448150736
,B0RNRF5,Hana Financial Group Inc,086790,0.02%,Diversified Banks,KR,---,"$19,670,752.79","227,568",086790.KS,0.00022805993596584017
,6763965,SMC Corp,6273,0.02%,Industrial Machinery & Supplies & Components,JP,---,"$19,615,536.45","45,400",6273.T,0.00022741976550062697
,BDCPN04,Coca-Cola Europacific Partners PLC,CCEP,0.02%,Soft Drinks & Non-alcoholic Beverages,GB,---,"$19,603,995.81","177,945",CCEP.L,0.00022728596494670295
,B28TS42,Ulta Beauty Inc,ULTA,0.02%,Other Specialty Retail,US,---,"$19,594,208.64","38,208",ULTA,0.00022717249387687073
,6424110,Yuanta Financial Holding Co Ltd,2885,0.02%,Diversified Financial Services,TW,---,"$19,576,387.18","9,383,810",2885.TW,0.00022696587438092116
,2279303,Omnicom Group Inc,OMC,0.02%,Advertising,US,---,"$19,548,293.00","248,390",OMC,0.0002266401544168601
,BYVFC94,US Foods Holding Corp,USFD,0.02%,Food Distributors,US,---,"$19,532,867.97","194,183",USFD,0.00022646131879264038
,BFY8C75,STERIS PLC,STE,0.02%,Health Care Equipment,US,---,"$19,526,144.40","85,491",STE,0.0002263833666695045
,BYRY499,Kraft Heinz Co/The,KHC,0.02%,Packaged Foods & Meats,US,---,"$19,444,731.90","752,214",KHC,0.00022543948161665294
,2242059,Fomento Economico Mexicano SAB de CV,FEMSAUBD,0.02%,Soft Drinks & Non-alcoholic Beverages,MX,---,"$19,403,850.61","1,517,566",FEMSAUBD.MX,0.00022496550970113274
,2490911,KeyCorp,KEY,0.02%,Diversified Banks,US,---,"$19,384,388.64","858,096",KEY,0.00022473987036341378
,0560399,Legal & General Group PLC,LGEN,0.02%,Life & Health Insurance,GB,---,"$19,364,510.93","4,769,167",LGEN.L,0.0002245094109947183
,2645409,NiSource Inc,NI,0.02%,Multi-Utilities,US,---,"$19,351,886.37","435,559",NI,0.00022436304362505365
,5756029,Bayerische Motoren Werke AG,BMW,0.02%,Automobile Manufacturers,DE,---,"$19,340,696.59","282,167",BMW.DE,0.00022423331089252858
,2818740,Snap-on Inc,SNA,0.02%,Industrial Machinery & Supplies & Components,US,---,"$19,323,744.44","47,084",SNA,0.00022403677005422123
,B1WGG93,Geberit AG,GEBN,0.02%,Building Products,CH,---,"$19,316,982.98","29,317",GEBN.SW,0.00022395837863976455
,BTMKJR0,Aena SME SA,AENA,0.02%,Airport Services,ES,---,"$19,273,322.86","625,192",AENA.MC,0.00022345218936079992
,2504566,Packaging Corp of America,PKG,0.02%,Paper & Plastic Packaging Products & Materials,US,---,"$19,245,338.56","78,284",PKG,0.00022312774332997523
,BPLYVN5,Liberty Media Corp-Liberty Formula One,FWONK,0.02%,Movies & Entertainment,US,---,"$19,206,199.86","195,722",FWONK,0.00022267397475735998
,BMWBC20,ROBLOX Corp,RBLX,0.02%,Interactive Home Entertainment,US,---,"$19,179,606.80","538,753",RBLX,0.00022236565856705034
,B627LW9,ENEOS Holdings Inc,5020,0.02%,Oil & Gas Refining & Marketing,JP,---,"$19,144,146.87","2,318,107",5020.T,0.00022195454113542546
,2566436,Markel Group Inc,MKL,0.02%,Property & Casualty Insurance,US,---,"$19,135,868.44","10,166",MKL,0.00022185856218455085
,BK6QWF0,Helvetia Baloise Holding AG,HBAN,0.02%,Multi-line Insurance,CH,---,"$19,078,372.59","71,143",HBAN.SW,0.00022119196340161218
,6544892,Asia Vital Components Co Ltd,3017,0.02%,"Technology Hardware, Storage & Peripherals",TW,---,"$19,075,296.48","271,234",3017.TW,0.00022115629941573867
,4352097,Fresenius SE & Co KGaA,FRE,0.02%,Health Care Services,DE,---,"$18,960,073.73","368,893",FRE.DE,0.00021982042308871946
,B8DMK08,Tenet Healthcare Corp,THC,0.02%,Health Care Facilities,US,---,"$18,940,090.42","74,339",THC,0.00021958873940850456
,6308913,Elbit Systems Ltd,ESLT,0.02%,Aerospace & Defense,IL,---,"$18,886,324.05","23,379",ESLT.TA,0.00021896537969115048
,4741844,Merck KGaA,MRK,0.02%,Pharmaceuticals,DE,---,"$18,852,307.08","114,071",MRK.DE,0.0002185709917344325
,6640381,Denso Corp,6902,0.02%,Automotive Parts & Equipment,JP,---,"$18,731,468.11","1,525,500",6902.T,0.00021717000174413645
,5986622,Koninklijke Philips NV,PHIA,0.02%,Health Care Equipment,NL,---,"$18,730,679.15","710,900",PHIA.AS,0.00021716085465307185
,2219224,CMS Energy Corp,CMS,0.02%,Multi-Utilities,US,---,"$18,687,092.21","259,579",CMS,0.0002166555138127152
,BHXCF84,Dow Inc,DOW,0.02%,Commodity Chemicals,US,---,"$18,676,389.94","616,586",DOW,0.00021653143320243324
,2430412,United Therapeutics Corp,UTHR,0.02%,Biotechnology,US,---,"$18,673,799.70","36,070",UTHR,0.00021650140232487388
,2465254,International Paper Co,IP,0.02%,Paper & Plastic Packaging Products & Materials,US,---,"$18,657,227.67","456,949",IP,0.00021630926854428238
,2948089,Woodward Inc,WWD,0.02%,Aerospace & Defense,US,---,"$18,603,156.00","51,568",WWD,0.0002156823692217493
,6563206,MTN Group Ltd,MTN,0.02%,Wireless Telecommunication Services,ZA,---,"$18,563,727.53","1,497,429",MTN.JO,0.00021522524109658666
,6885074,Terumo Corp,4543,0.02%,Health Care Equipment,JP,---,"$18,562,639.50","1,265,356",4543.T,0.00021521262663008514
,6183552,Central Japan Railway Co,9022,0.02%,Rail Transportation,JP,---,"$18,544,057.80","745,195",9022.T,0.00021499719301870397
,BMZ5LZ5,Expand Energy Corp,EXE,0.02%,Oil & Gas Exploration & Production,US,---,"$18,532,842.85","197,095",EXE,0.0002148671684687457
,B1HMF22,First Solar Inc,FSLR,0.02%,Semiconductors,US,---,"$18,374,593.13","87,071",FSLR,0.00021303244351464226
,6480048,Aeon Co Ltd,8267,0.02%,Consumer Staples Merchandise Retail,JP,---,"$18,368,560.70","2,140,928",8267.T,0.00021296250437127519
,6648891,Oriental Land Co Ltd/Japan,4661,0.02%,Leisure Facilities,JP,---,"$18,330,946.22","918,400",4661.T,0.00021252640739055618
,BV7DQ55,Amcor PLC,AMCR,0.02%,Paper & Plastic Packaging Products & Materials,US,---,"$18,250,721.28","406,656",AMCR,0.000211596290741001
,6560393,NAVER Corp,035420,0.02%,Interactive Media & Services,KR,---,"$18,230,222.23","127,341",035420.KS,0.00021135862764390097
,2445416,JB Hunt Transport Services Inc,JBHT,0.02%,Cargo Ground Transportation,US,---,"$18,173,009.50","66,874",JBHT,0.00021069531131434675
,BFMXGR0,Evergy Inc,EVRG,0.02%,Electric Utilities,US,---,"$18,146,318.04","218,604",EVRG,0.00021038585428830302
,2729068,Reliance Inc,RS,0.02%,Steel,US,---,"$18,139,674.80","44,668",RS,0.00021030883349986755
,2692687,Brown & Brown Inc,BRO,0.02%,Insurance Brokers,US,---,"$18,030,214.40","256,111",BRO,0.00020903976504675344
,5533976,Swisscom AG,SCMN,0.02%,Integrated Telecommunication Services,CH,---,"$18,000,838.84","23,425",SCMN.SW,0.00020869918894353656
,2614487,Insmed Inc,INSM,0.02%,Biotechnology,US,---,"$17,993,316.80","182,488",INSM,0.00020861197947173615
,2319146,Equifax Inc,EFX,0.02%,Research & Consulting Services,US,---,"$17,992,527.84","104,232",EFX,0.00020860283238067153
,BMBQHZ4,SGS SA,SGSN,0.02%,Research & Consulting Services,CH,---,"$17,959,072.60","151,558",SGSN.SW,0.00020821495704241808
,BLKFTK4,FTAI Aviation Ltd,FTAI,0.02%,Aerospace & Defense,US,---,"$17,901,194.00","86,899",FTAI,0.00020754392070991413
,6086253,Fortescue Ltd,FMG,0.02%,Steel,AU,---,"$17,893,008.43","1,378,904",FMG.AX,0.0002074490183647943
,2320524,Estee Lauder Cos Inc/The,EL,0.02%,Personal Care Products,US,---,"$17,865,582.10","212,939",EL,0.00020713104135952395
,BMWS3X9,Viatris Inc,VTRS,0.02%,Pharmaceuticals,US,---,"$17,847,053.32","1,016,347",VTRS,0.00020691622129516556
,6490928,Kia Corp,000270,0.02%,Automobile Manufacturers,KR,---,"$17,825,126.94","197,705",000270.KS,0.00020666200993517612
,2464165,International Flavors & Fragrances Inc,IFF,0.02%,Specialty Chemicals,US,---,"$17,814,597.50","224,875",IFF,0.00020653993309156
,BPCPSD6,DSM-Firmenich AG,DSFIR,0.02%,Specialty Chemicals,NL,---,"$17,713,893.54","164,310",DSFIR.AS,0.00020537238556990223
,BNYHDF3,Coupang Inc,CPNG,0.02%,Broadline Retail,US,---,"$17,704,254.15","1,082,829",CPNG,0.00020526062784056572
,BM8J4C2,SoFi Technologies Inc,SOFI,0.02%,Consumer Finance,US,---,"$17,663,305.94","1,082,974",SOFI,0.00020478588006399547
,6859927,Sun Hung Kai Properties Ltd,16,0.02%,Diversified Real Estate Activities,HK,---,"$17,632,882.66","1,123,482",0016.HK,0.00020443315684273686
,BD1RP61,Bank of Ireland Group PLC,BIRG,0.02%,Diversified Banks,IE,---,"$17,583,943.27","837,335",BIRG.IR,0.0002038657604513145
,BYZWMR9,VAT Group AG,VACN,0.02%,Industrial Machinery & Supplies & Components,CH,---,"$17,512,884.85","23,398",VACN.SW,0.00020304191914294974
,6772671,Hanwha Aerospace Co Ltd,012450,0.02%,Aerospace & Defense,KR,---,"$17,505,072.46","27,267",012450.KS,0.00020295134339416365
,BFXC911,Guardant Health Inc,GH,0.02%,Health Care Services,US,---,"$17,478,721.00","107,900",GH,0.0002026458282802092
,2471950,Incyte Corp,INCY,0.02%,Biotechnology,US,---,"$17,420,398.56","145,753",INCY,0.0002019696461292885
,2404871,MKS Inc,MKSI,0.02%,Semiconductor Materials & Equipment,US,---,"$17,419,266.90","58,562",MKSI,0.00020195652582271503
,B10RB15,Inpex Corp,1605,0.02%,Oil & Gas Exploration & Production,JP,---,"$17,337,207.23","752,200",1605.T,0.00020100513757207873
,6294670,Doosan Enerbility Co Ltd,034020,0.02%,Heavy Electrical Equipment,KR,---,"$17,307,393.11","377,653",034020.KS,0.00020065947686602104
,BMVRB77,America Movil SAB de CV,AMXB,0.02%,Wireless Telecommunication Services,MX,---,"$17,288,081.71","13,566,875",AMXB.MX,0.00020043558321566467
,BMF9NM8,Affirm Holdings Inc,AFRM,0.02%,Transaction & Payment Processing Services,US,---,"$17,262,657.02","241,402",AFRM,0.00020014081294249548
,6761000,Valterra Platinum Ltd,VAL,0.02%,Precious Metals & Minerals,ZA,---,"$17,232,281.91","230,130",VAL.JO,0.00019978864819742906
,2002554,TD SYNNEX Corp,SNX,0.02%,Technology Distributors,US,---,"$17,182,017.20","67,196",SNX,0.0001992058862326826
,BVDKGC7,BeOne Medicines Ltd,6160,0.02%,Biotechnology,HK,---,"$17,153,197.20","693,900",6160.HK,0.00019887175121381965
,BGSXTS3,Moderna Inc,MRNA,0.02%,Biotechnology,US,---,"$17,115,516.66","312,213",MRNA,0.00019843488834276945
,6057378,Asics Corp,7936,0.02%,Footwear,JP,---,"$17,056,737.69","578,500",7936.T,0.00019775341324736016
,2367026,General Mills Inc,GIS,0.02%,Packaged Foods & Meats,US,---,"$17,048,567.25","476,883",GIS,0.00019765868631732827
,6642569,Nippon Steel Corp,5401,0.02%,Steel,JP,---,"$17,011,006.86","4,175,690",5401.T,0.00019722321644844725
,5956078,Koninklijke KPN NV,KPN,0.02%,Integrated Telecommunication Services,NL,---,"$16,976,297.36","3,595,272",KPN.AS,0.00019682079939649638
,2316619,Essex Property Trust Inc,ESS,0.02%,Multi-Family Residential REITs,US,---,"$16,974,239.46","59,739",ESS,0.000196796940393883
,B5ZN1N8,Segro PLC,SGRO,0.02%,Industrial REITs,GB,---,"$16,901,431.38","1,293,869",SGRO.L,0.00019595281377402952
,6483809,Kao Corp,4452,0.02%,Personal Care Products,JP,---,"$16,868,220.56","820,596",4452.T,0.00019556777220681385
,BZ6TS23,SBA Communications Corp,SBAC,0.02%,Telecom Tower REITs,US,---,"$16,805,983.78","92,861",SBAC,0.00019484620774951793
,B0G4K50,CF Industries Holdings Inc,CF,0.02%,Fertilizers & Agricultural Chemicals,US,---,"$16,597,314.63","132,577",CF,0.00019242692702879028
,2237561,HEICO Corp,HEI/A,0.02%,Aerospace & Defense,US,---,"$16,566,516.48","64,391",HEI-A,0.00019206985761757603
,BD81GW9,Invitation Homes Inc,INVH,0.02%,Single-Family Residential REITs,US,---,"$16,553,415.88","556,979",INVH,0.00019191797110723193
,6717456,Northern Star Resources Ltd,NST,0.02%,Gold,AU,---,"$16,551,524.05","1,194,297",NST.AX,0.00019189603749679698
,BW60F13,DuPont de Nemours Inc,DD,0.02%,Industrial Conglomerates,US,---,"$16,531,516.00","120,668",DD,0.00019166406698450825
,BZ1LFG7,Roku Inc,ROKU,0.02%,Movies & Entertainment,US,---,"$16,479,371.43","113,643",ROKU,0.00019105951018782012
,B1FJ0C0,Brambles Ltd,BXB,0.02%,Diversified Support Services,AU,---,"$16,464,053.76","1,199,331",BXB.AX,0.0001908819192803119
,7262610,Credit Agricole SA,ACA,0.02%,Diversified Banks,FR,---,"$16,460,980.43","736,659",ACA.PA,0.00019084628752536666
,BBM5MD6,CDW Corp/DE,CDW,0.02%,Technology Distributors,US,---,"$16,460,565.03","111,363",CDW,0.00019084147143630227
,2347608,First Quantum Minerals Ltd,FM,0.02%,Copper,CA,---,"$16,392,053.63","591,333",FM.TO,0.00019004715991890713
,2487407,East West Bancorp Inc,EWBC,0.02%,Regional Banks,US,---,"$16,371,332.00","124,972",EWBC,0.00018980691626065168
,6444066,Mega Financial Holding Co Ltd,2886,0.02%,Diversified Banks,TW,---,"$16,335,955.04","9,965,973",2886.TW,0.00018939676077151513
,2958936,Weyerhaeuser Co,WY,0.02%,Timber REITs,US,---,"$16,319,534.97","651,999",WY,0.00018920638879375037
,0405207,Halma PLC,HLMA,0.02%,Electronic Equipment & Instruments,GB,---,"$16,315,284.62","341,487",HLMA.L,0.0001891571108347835
,4163437,Capgemini SE,CAP,0.02%,IT Consulting & Other Services,FR,---,"$16,304,599.18","137,174",CAP.PA,0.00018903322534914995
,B1VP7R6,Broadridge Financial Solutions Inc,BR,0.02%,Data Processing & Outsourced Services,US,---,"$16,284,215.20","105,776",BR,0.00018879689635741497
,6148197,Qatar National Bank QPSC,QNBK,0.02%,Diversified Banks,QA,---,"$16,281,627.06","3,574,207",QNBK.QA,0.00018876688982695974
,B4R2R50,Julius Baer Group Ltd,BAER,0.02%,Asset Management & Custody Banks,CH,---,"$16,174,483.54","183,967",BAER.SW,0.00018752468295408516
,2783815,Zimmer Biomet Holdings Inc,ZBH,0.02%,Health Care Equipment,US,---,"$16,143,185.52","171,864",ZBH,0.00018716181812052953
,BYT3MK1,Fortive Corp,FTV,0.02%,Industrial Machinery & Supplies & Components,US,---,"$16,128,804.00","272,400",FTV,0.0001869950808042048
,B0C5YV1,Celltrion Inc,068270,0.02%,Biotechnology,KR,---,"$16,119,049.08","125,078",068270.KS,0.00018688198363632808
,B09N7M0,China Shenhua Energy Co Ltd,1088,0.02%,Coal & Consumable Fuels,HK,---,"$16,087,797.85","2,904,000",1088.HK,0.00018651966127943907
,B1X8QN2,Banco de Sabadell SA,SAB,0.02%,Diversified Banks,ES,---,"$16,082,244.09","4,188,933",SAB.MC,0.00018645527176860074
,6776703,Santos Ltd,STO,0.02%,Oil & Gas Exploration & Production,AU,---,"$16,025,602.79","2,885,547",STO.AX,0.00018579858051794414
,2491594,Kimco Realty Corp,KIM,0.02%,Retail REITs,US,---,"$16,016,880.88","628,606",KIM,0.00018569745992244206
,BBJPFY1,VONOVIA SE,VNA,0.02%,Real Estate Operating Companies,DE,---,"$16,014,251.03","660,092",VNA.DE,0.00018566696981212432
,BMVNLY2,Reddit Inc,RDDT,0.02%,Interactive Media & Services,US,---,"$15,964,778.97","113,491",RDDT,0.00018509339771978253
,BZBY209,ITT Inc,ITT,0.02%,Industrial Machinery & Supplies & Components,US,---,"$15,949,048.38","81,381",ITT,0.00018491101947598046
,B119QG0,Partners Group Holding AG,PGHN,0.02%,Asset Management & Custody Banks,CH,---,"$15,947,067.93","19,132",PGHN.SW,0.0001848880584177533
,5671519,Wolters Kluwer NV,WKL,0.02%,Research & Consulting Services,NL,---,"$15,939,680.07","203,031",WKL.AS,0.00018480240460996505
,B09M9D2,Kone Oyj,KNEBV,0.02%,Industrial Machinery & Supplies & Components,FI,---,"$15,917,896.12","275,888",KNEBV.HE,0.0001845498445633252
,2456612,IDEX Corp,IEX,0.02%,Industrial Machinery & Supplies & Components,US,---,"$15,875,009.15","68,887",IEX,0.0001840526190765131
,BL6B9P1,Wuxi Biologics Cayman Inc,2269,0.02%,Life Sciences Tools & Services,HK,---,"$15,826,870.91","3,206,740",2269.HK,0.00018349451110529757
,2406457,Cemex SAB de CV,CEMEXCPO,0.02%,Construction Materials,MX,---,"$15,811,868.88","13,352,202",CEMEXCPO.MX,0.00018332057968347134
,BJ01KB6,Ovintiv Inc,OVV,0.02%,Oil & Gas Exploration & Production,US,---,"$15,770,775.24","252,494",OVV,0.0001828441458119742
,2554475,Magna International Inc,MG,0.02%,Automotive Parts & Equipment,CA,---,"$15,768,715.67","229,929",MG.TO,0.0001828202674476161
,2599700,Entegris Inc,ENTG,0.02%,Semiconductor Materials & Equipment,US,---,"$15,728,290.75","132,115",ENTG,0.00018235158662156703
,BNGN9Z1,FinecoBank Banca Fineco SpA,FBK,0.02%,Diversified Banks,IT,---,"$15,720,257.50","573,798",FBK.MI,0.0001822584502530632
,2170473,Constellation Brands Inc,STZ,0.02%,Distillers & Vintners,US,---,"$15,716,807.55","120,685",STZ,0.0001822184520189089
,BSXN8K7,Samsung C&T Corp,028260,0.02%,Industrial Conglomerates,KR,---,"$15,713,328.87","67,450",028260.KS,0.00018217812069318308
,2567503,Host Hotels & Resorts Inc,HST,0.02%,Hotel & Resort REITs,US,---,"$15,701,676.34","624,818",HST,0.00018204302290236588
,BRDXKH1,Viking Holdings Ltd,VIK,0.02%,"Hotels, Resorts & Cruise Lines",US,---,"$15,697,266.15","150,429",VIK,0.00018199189178096274
,2355582,First Citizens BancShares Inc/NC,FCNCA,0.02%,Diversified Banks,US,---,"$15,689,213.75","7,175",FCNCA,0.00018189853339005735
,2367480,Genuine Parts Co,GPC,0.02%,Distributors,US,---,"$15,679,699.01","126,073",GPC,0.00018178822083525595
,7332687,Alfa Laval AB,ALFA,0.02%,Industrial Machinery & Supplies & Components,SE,---,"$15,660,881.58","264,640",ALFA.ST,0.0001815700542034724
,BJ7W9K4,EQT AB,EQT,0.02%,Asset Management & Custody Banks,SE,---,"$15,628,052.76","460,112",EQT.ST,0.0001811894414904277
,BGR6KX5,Innovent Biologics Inc,1801,0.02%,Biotechnology,HK,---,"$15,624,045.40","1,414,941",1801.HK,0.00018114298072328017
,2073022,Ball Corp,BALL,0.02%,"Metal, Glass & Plastic Containers",US,---,"$15,596,119.00","240,310",BALL,0.0001808192059768966
,4595739,Genmab A/S,GMAB,0.02%,Biotechnology,DK,---,"$15,583,859.52","54,141",GMAB.CO,0.00018067707129330705
,6449544,Hyundai Mobis Co Ltd,012330,0.02%,Automotive Parts & Equipment,KR,---,"$15,577,168.19","48,166",012330.KS,0.00018059949295618811
,6791591,Secom Co Ltd,9735,0.02%,Security & Alarm Services,JP,---,"$15,523,481.23","360,374",9735.T,0.0001799770539071841
,2669272,Pan American Silver Corp,PAAS,0.02%,Gold,CA,---,"$15,510,218.58","360,222",PAAS.TO,0.0001798232886119751
,BX90C05,Cellnex Telecom SA,CLNX,0.02%,Integrated Telecommunication Services,ES,---,"$15,497,732.30","498,896",CLNX.MC,0.00017967852444114485
,5497168,VOLKSWAGEN AG-PREF,VOW3,0.02%,Automobile Manufacturers,DE,---,"$15,493,306.29","179,275",VOW3.DE,0.0001796272099048909
,6433912,E.Sun Financial Holding Co Ltd,2884,0.02%,Diversified Banks,TW,---,"$15,480,680.00","12,979,405",2884.TW,0.00017948082247785002
,2511920,Lennar Corp,LEN,0.02%,Homebuilding,US,---,"$15,477,435.45","187,947",LEN,0.00017944320562235201
,BPCPYH2,Brookfield Asset Management Ltd,BAM,0.02%,Asset Management & Custody Banks,CA,---,"$15,414,349.50","318,664",BAM.TO,0.00017871179600773584
,2523022,Loews Corp,L,0.02%,Property & Casualty Insurance,US,---,"$15,404,967.90","132,790",L,0.00017860302705933315
,B0GLYB5,RBC Bearings Inc,RBC,0.02%,Industrial Machinery & Supplies & Components,US,---,"$15,388,164.72","27,912",RBC,0.00017840821335821387
,BYVYD43,Performance Food Group Co,PFGC,0.02%,Food Distributors,US,---,"$15,362,805.78","134,302",PFGC,0.00017811420538127963
,2632876,Sterling Infrastructure Inc,STRL,0.02%,Construction & Engineering,US,---,"$15,348,924.40","25,720",STRL,0.00017795326661763827
,2973821,Alliant Energy Corp,LNT,0.02%,Electric Utilities,US,---,"$15,303,343.80","216,210",LNT,0.00017742481156417592
,BHQPSY7,Contemporary Amperex Technology Co Ltd,300750,0.02%,Electrical Components & Equipment,CN,---,"$15,247,231.44","260,082",300750.SZ,0.0001767742527693443
,2712013,Global Payments Inc,GPN,0.02%,Transaction & Payment Processing Services,US,---,"$15,231,428.32","181,154",GPN,0.00017659103362294273
,4511809,Hannover Rueck SE,HNR1,0.02%,Reinsurance,DE,---,"$15,209,902.80","52,767",HNR1.DE,0.00017634146977730654
,6251363,Daiwa House Industry Co Ltd,1925,0.02%,Diversified Real Estate Activities,JP,---,"$15,208,929.97","517,900",1925.T,0.00017633019092337177
,2116228,CH Robinson Worldwide Inc,CHRW,0.02%,Air Freight & Logistics,US,---,"$15,182,803.02","102,774",CHRW,0.00017602727874672076
,B58YSC6,SS&C Technologies Holdings Inc,SSNC,0.02%,Data Processing & Outsourced Services,US,---,"$15,152,884.15","196,663",SSNC,0.00017568040358392377
,B0JDQD4,Bandai Namco Holdings Inc,7832,0.02%,Leisure Products,JP,---,"$15,133,519.67","522,400",7832.T,0.00017545589453152712
,2637785,NVR Inc,NVR,0.02%,Homebuilding,US,---,"$15,066,419.55","2,451",NVR,0.00017467794519558308
,2454241,Imperial Oil Ltd,IMO,0.02%,Integrated Oil & Gas,CA,---,"$15,003,499.13","115,723",IMO.TO,0.00017394845471246142
,BF2PQ09,Unibail-Rodamco-Westfield,URW,0.02%,Retail REITs,FR,---,"$15,003,184.83","123,140",URW.PA,0.00017394481076255064
,2094670,Best Buy Co Inc,BBY,0.02%,Computer & Electronics Retail,US,---,"$14,949,979.38","173,313",BBY,0.0001733279542726352
,2755706,Royal Gold Inc,RGLD,0.02%,Gold,US,---,"$14,895,886.65","75,099",RGLD,0.0001727008107834298
,B01C1P6,Bank Central Asia Tbk PT,BBCA,0.02%,Diversified Banks,ID,---,"$14,890,136.57","42,485,620",BBCA.JK,0.0001726341451661757
,B95N910,PTC Inc,PTC,0.02%,Application Software,US,---,"$14,879,065.60","108,448",PTC,0.00017250578990004863
,B037HF1,NTPC Ltd,NTPC,0.01%,Independent Power Producers & Energy Traders,IN,---,"$14,867,708.19","4,088,347",NTPC.NS,0.00017237411368892496
,0045614,Antofagasta PLC,ANTO,0.01%,Copper,GB,---,"$14,818,458.38","297,316",ANTO.L,0.0001718031183317651
,BQ1PC76,Atlassian Corp,TEAM,0.01%,Application Software,US,---,"$14,817,385.28","146,685",TEAM,0.0001717906769615797
,2589132,Mid-America Apartment Communities Inc,MAA,0.01%,Multi-Family Residential REITs,US,---,"$14,799,846.88","111,832",MAA,0.00017158733922338312
,6497509,Kubota Corp,6326,0.01%,Agricultural & Farm Machinery,JP,---,"$14,798,991.16","872,300",6326.T,0.0001715774181262859
,B3QJ0H8,Tourmaline Oil Corp,TOU,0.01%,Oil & Gas Exploration & Production,CA,---,"$14,766,231.67","334,357",TOU.TO,0.0001711976092154916
,6506267,Lasertec Corp,6920,0.01%,Semiconductor Materials & Equipment,JP,---,"$14,725,830.55","64,100",6920.T,0.0001707292043232888
,2506658,Lattice Semiconductor Corp,LSCC,0.01%,Semiconductors,US,---,"$14,715,929.13","118,419",LSCC,0.00017061440865505598
,BLC90T0,Kuaishou Technology,1024,0.01%,Interactive Media & Services,HK,---,"$14,689,726.12","2,637,700",1024.HK,0.00017031061464948286
,4103596,EDP SA,EDP,0.01%,Electric Utilities,PT,---,"$14,649,883.83","2,845,024",EDP.LS,0.00016984868875355316
,BZ1GZ06,BAWAG Group AG,BG,0.01%,Diversified Banks,AT,---,"$14,649,543.53","72,238",BG.VI,0.00016984474336330615
,BV6GRD0,Pinnacle Financial Partners Inc,PNFP,0.01%,Regional Banks,US,---,"$14,632,231.50","139,050",PNFP,0.00016964403012699087
,BHR3R21,WSP Global Inc,WSP,0.01%,Construction & Engineering,CA,---,"$14,612,287.01","119,602",WSP.TO,0.00016941279652038564
,2866857,Lundin Mining Corp,LUN,0.01%,Copper,CA,---,"$14,612,269.95","590,153",LUN.TO,0.00016941259872914962
,B5B15Y5,MACOM Technology Solutions Holdings Inc,MTSI,0.01%,Semiconductors,US,---,"$14,575,473.92","57,968",MTSI,0.00016898599074239974
,2040640,Jones Lang LaSalle Inc,JLL,0.01%,Real Estate Services,US,---,"$14,564,750.72","41,024",JLL,0.00016886166747264708
,2623911,Neurocrine Biosciences Inc,NBIX,0.01%,Biotechnology,US,---,"$14,548,963.20","87,224",NBIX,0.0001686786291904472
,BNBNSG0,Euronext NV,ENX,0.01%,Financial Exchanges & Data,FR,---,"$14,441,713.89","78,983",ENX.PA,0.00016743519580321995
,2860257,Sun Communities Inc,SUI,0.01%,Single-Family Residential REITs,US,---,"$14,437,652.04","116,923",SUI,0.0001673881032866908
,BP3R2F1,Kweichow Moutai Co Ltd,600519,0.01%,Distillers & Vintners,CN,---,"$14,437,141.84","72,205",600519.SS,0.00016738218809978506
,BNZGVV1,Universal Music Group NV,UMG,0.01%,Movies & Entertainment,NL,---,"$14,405,312.86","873,073",UMG.AS,0.00016701316739080904
,BN2BD13,Yum China Holdings Inc,9987,0.01%,Restaurants,HK,---,"$14,400,905.97","303,916",9987.HK,0.00016696207452914088
,2416973,WESCO International Inc,WCC,0.01%,Trading Companies & Distributors,US,---,"$14,397,383.35","41,915",WCC,0.00016692123376924677
,2900335,Tractor Supply Co,TSCO,0.01%,Other Specialty Retail,US,---,"$14,391,375.16","467,708",TSCO,0.00016685157566102393
,2507457,Akamai Technologies Inc,AKAM,0.01%,Internet Services & Infrastructure,US,---,"$14,339,334.10","124,495",AKAM,0.00016624821894468985
,BF4QXG5,Wiwynn Corp,6669,0.01%,"Technology Hardware, Storage & Peripherals",TW,---,"$14,327,064.62","88,000",6669.TW,0.00016610596832250944
,BQPCHB2,Permian Resources Corp,PR,0.01%,Oil & Gas Exploration & Production,US,---,"$14,254,813.06","668,926",PR,0.00016526829391711462
,2093644,W R Berkley Corp,WRB,0.01%,Property & Casualty Insurance,US,---,"$14,249,685.06","196,439",WRB,0.00016520884060772082
,BG087C6,National Bank of Greece SA,ETE,0.01%,Diversified Banks,GR,---,"$14,203,590.71","759,102",ETE.AT,0.00016467442920915294
,BNGC0D3,Jacobs Solutions Inc,J,0.01%,Research & Consulting Services,US,---,"$14,190,048.38","105,166",J,0.00016451742134343474
,BMJ6DW5,Informa PLC,INF,0.01%,Advertising,GB,---,"$14,173,390.29","1,183,125",INF.L,0.00016432428979533024
,2155306,MasTec Inc,MTZ,0.01%,Construction & Engineering,US,---,"$14,141,098.80","53,748",MTZ,0.0001639499068105883
,6051046,Asustek Computer Inc,2357,0.01%,"Technology Hardware, Storage & Peripherals",TW,---,"$14,135,114.13","569,677",2357.TW,0.00016388052138993113
,BMW4NZ9,Roivant Sciences Ltd,ROIV,0.01%,Biotechnology,US,---,"$14,116,495.63","416,293",ROIV,0.0001636646611245356
,2731193,Reinsurance Group of America Inc,RGA,0.01%,Reinsurance,US,---,"$14,111,759.85","59,581",RGA,0.00016360975515855255
,2641838,Nordson Corp,NDSN,0.01%,Industrial Machinery & Supplies & Components,US,---,"$14,107,923.06","47,377",NDSN,0.0001635652719559494
,B12C0T9,Samsung Life Insurance Co Ltd,032830,0.01%,Life & Health Insurance,KR,---,"$14,101,154.29","67,270",032830.KS,0.00016348679579038277
,4525189,Wartsila OYJ Abp,WRT1V,0.01%,Industrial Machinery & Supplies & Components,FI,---,"$14,099,302.15","415,758",WRT1V.HE,0.00016346532234021497
,BG0SCK9,BE Semiconductor Industries NV,BESI,0.01%,Semiconductor Materials & Equipment,NL,---,"$14,089,577.73","61,441",BESI.AS,0.00016335257878504037
,B3X0F91,Evolution Mining Ltd,EVN,0.01%,Gold,AU,---,"$14,025,948.29","1,768,870",EVN.AX,0.00016261486802394946
,2909730,Tyson Foods Inc,TSN,0.01%,Packaged Foods & Meats,US,---,"$13,996,702.44","241,489",TSN,0.00016227579576019464
,BJBLRK3,Healthpeak Properties Inc,DOC,0.01%,Health Care REITs,US,---,"$13,941,489.37","638,639",DOC,0.00016163566320690065
,BLZH0Z7,Scentre Group,SCG,0.01%,Retail REITs,AU,---,"$13,935,166.70","5,075,611",SCG.AX,0.0001615623590618724
,6466985,IHI Corp,7013,0.01%,Industrial Machinery & Supplies & Components,JP,---,"$13,926,764.43","796,500",7013.T,0.00016146494432748857
,BMWGTH9,RB Global Inc,RBA,0.01%,Diversified Support Services,CA,---,"$13,922,362.82","126,932",RBA.TO,0.00016141391268139637
,2384951,Great-West Lifeco Inc,GWO,0.01%,Life & Health Insurance,CA,---,"$13,904,105.10","209,721",GWO.TO,0.0001612022352484819
,2202473,Clean Harbors Inc,CLH,0.01%,Environmental & Facilities Services,US,---,"$13,874,663.60","44,345",CLH,0.0001608608946461969
,2650050,Emera Inc,EMA,0.01%,Electric Utilities,CA,---,"$13,858,336.64","259,342",EMA.TO,0.0001606716021726516
,BM8H5Y5,Dassault Systemes SE,DSY,0.01%,Application Software,FR,---,"$13,854,770.50","595,520",DSY.PA,0.0001606302568480101
,B3SPXZ3,LyondellBasell Industries NV,LYB,0.01%,Commodity Chemicals,US,---,"$13,836,266.24","222,878",LYB,0.00016041572106507656
,BZ00V34,Zscaler Inc,ZS,0.01%,Systems Software,US,---,"$13,759,048.80","90,999",ZS,0.00015952047294672295
,5732524,Telefonica SA,TEF,0.01%,Integrated Telecommunication Services,ES,---,"$13,744,645.86","3,329,058",TEF.MC,0.00015935348728993664
,6672481,Wistron Corp,3231,0.01%,"Technology Hardware, Storage & Peripherals",TW,---,"$13,730,076.40","2,560,152",3231.TW,0.00015918457102373525
,5076705,HENKEL AG & CO KGAA VOR-PREF,HEN3,0.01%,Household Products,DE,---,"$13,726,895.32","157,457",HEN3.DE,0.00015914769003047346
,6525875,SinoPac Financial Holdings Co Ltd,2890,0.01%,Diversified Banks,TW,---,"$13,711,069.52","10,994,015",2890.TW,0.0001589642079353478
,6493745,Kirin Holdings Co Ltd,2503,0.01%,Brewers,JP,---,"$13,693,515.07","740,200",2503.T,0.00015876068411571287
,2823777,Southern Copper Corp,SCCO,0.01%,Copper,US,---,"$13,676,208.92","74,852",SCCO,0.000158560039051289
,6531827,Geely Automobile Holdings Ltd,175,0.01%,Automobile Manufacturers,HK,---,"$13,653,639.02","5,390,200",0175.HK,0.00015829836681110042
,BMBPH06,API Group Corp,APG,0.01%,Construction & Engineering,US,---,"$13,606,629.12","342,909",APG,0.0001577533406548462
,BP6D7B7,Toast Inc,TOST,0.01%,Transaction & Payment Processing Services,US,---,"$13,585,347.30","420,990",TOST,0.0001575066022326693
,B86S2N0,Ageas SA/NV,AGS,0.01%,Multi-line Insurance,BE,---,"$13,575,969.80","164,046",AGS.BR,0.0001573978808190889
,B01BN57,Terna - Rete Elettrica Nazionale,TRN,0.01%,Electric Utilities,IT,---,"$13,554,115.83","1,182,307",TRN.MI,0.00015714450897043582
,BYMWL86,TransUnion,TRU,0.01%,Research & Consulting Services,US,---,"$13,508,173.92","171,816",TRU,0.00015661186493974704
,BZ0W624,BWX Technologies Inc,BWXT,0.01%,Aerospace & Defense,US,---,"$13,504,772.40","80,052",BWXT,0.0001565724281961883
,BRC3N73,Super Micro Computer Inc,SMCI,0.01%,"Technology Hardware, Storage & Peripherals",US,---,"$13,487,273.60","474,904",SMCI,0.0001563695495748115
,6483489,Kansai Electric Power Co Inc/The,9503,0.01%,Electric Utilities,JP,---,"$13,472,525.44","889,600",9503.T,0.00015619856148599143
,BJN4XN5,Gen Digital Inc,GEN,0.01%,Systems Software,US,---,"$13,449,594.15","489,967",GEN,0.0001559326993410677
,6771645,Samsung SDI Co Ltd,006400,0.01%,Electronic Components,KR,---,"$13,435,284.60","49,271",006400.KS,0.00015576679643478143
,6097017,CLP Holdings Ltd,2,0.01%,Electric Utilities,HK,---,"$13,398,103.65","1,347,580",0002.HK,0.00015533572573979206
,2570200,Masco Corp,MAS,0.01%,Building Products,US,---,"$13,392,850.20","187,365",MAS,0.00015527481798077592
,6302700,Ebara Corp,6361,0.01%,Industrial Machinery & Supplies & Components,JP,---,"$13,378,744.59","394,100",6361.T,0.00015511127952611163
,B4JSZL8,Fabrinet,FN,0.01%,Electronic Manufacturing Services,US,---,"$13,377,101.43","30,723",FN,0.00015509222896061564
,2043274,Omega Healthcare Investors Inc,OHI,0.01%,Health Care REITs,US,---,"$13,365,459.29","263,983",OHI,0.00015495725162999438
,6054409,Asahi Group Holdings Ltd,2502,0.01%,Brewers,JP,---,"$13,344,301.74","1,278,656",2502.T,0.00015471195397668612
,2419217,HEICO Corp,HEI,0.01%,Aerospace & Defense,US,---,"$13,342,474.76","37,441",HEI,0.00015469077222801287
,BGHWH98,Woori Financial Group Inc,316140,0.01%,Diversified Banks,KR,---,"$13,336,284.10","576,098",316140.KS,0.00015461899858832258
,6585084,Suncorp Group Ltd,SUN,0.01%,Property & Casualty Insurance,AU,---,"$13,291,241.65","987,848",SUN.AX,0.0001540967827701274
,B18ZRK2,Logitech International SA,LOGN,0.01%,"Technology Hardware, Storage & Peripherals",CH,---,"$13,278,672.79","130,017",LOGN.SW,0.0001539510611784138
,BJJMGY5,Fox Corp,FOX,0.01%,Broadcasting,US,---,"$13,273,942.22","255,563",FOX,0.00015389621561643662
,B418WK4,Whitecap Resources Inc,WCP,0.01%,Oil & Gas Exploration & Production,CA,---,"$13,265,980.24","1,124,360",WCP.TO,0.00015380390554226988
,2176318,Carlisle Cos Inc,CSL,0.01%,Building Products,US,---,"$13,228,859.60","36,755",CSL,0.00015337353407292198
,BG36ZK1,B3 SA - Brasil Bolsa Balcao,B3SA3,0.01%,Financial Exchanges & Data,BR,---,"$13,209,057.38","4,256,751",B3SA3.SA,0.00015314394992464896
,2208136,Coeur Mining Inc,CDE,0.01%,Gold,US,---,"$13,185,077.01","884,311",CDE,0.0001528659248940351
,6251448,Daiwa Securities Group Inc,8601,0.01%,Investment Banking & Brokerage,JP,---,"$13,178,976.64","1,178,100",8601.T,0.0001527951980638817
,2885937,Textron Inc,TXT,0.01%,Aerospace & Defense,US,---,"$13,147,518.30","154,205",TXT,0.00015243047450283736
,6805469,Resonac Holdings Corp,4004,0.01%,Diversified Chemicals,JP,---,"$13,143,594.32","157,788",4004.T,0.00015238498043166048
,B3Q2FJ4,Stanley Black & Decker Inc,SWK,0.01%,Industrial Machinery & Supplies & Components,US,---,"$13,117,678.52","138,694",SWK,0.0001520845162983555
,BYQBFT8,Nutanix Inc,NTNX,0.01%,Application Software,US,---,"$13,067,410.44","221,444",NTNX,0.00015150171526230396
,2556868,Everest Group Ltd,EG,0.01%,Reinsurance,US,---,"$13,059,705.75","34,905",EG,0.00015141238817214148
,BRRF114,Talen Energy Corp,TLN,0.01%,Independent Power Producers & Energy Traders,US,---,"$13,030,234.10","39,001",TLN,0.00015107069801500498
,2516851,Lincoln Electric Holdings Inc,LECO,0.01%,Industrial Machinery & Supplies & Components,US,---,"$13,023,951.71","49,841",LECO,0.00015099786087062074
,B1W9D46,Delta Air Lines Inc,DAL,0.01%,Passenger Airlines,US,---,"$13,000,054.56","148,674",DAL,0.00015072080068096006
,6858902,Sumitomo Realty & Development Co Ltd,8830,0.01%,Diversified Real Estate Activities,JP,---,"$12,962,025.58","578,292",8830.T,0.00015027989804564985
,6180412,Computershare Ltd,CPU,0.01%,Data Processing & Outsourced Services,AU,---,"$12,937,845.16","450,277",CPU.AX,0.00014999955366352583
,6640682,NIDEC CORP,6594,0.01%,Electrical Components & Equipment,JP,---,"$12,931,244.15","805,292",6594.T,0.00014992302248375953
,4682329,Pernod Ricard SA,RI,0.01%,Distillers & Vintners,FR,---,"$12,926,171.20","165,862",RI.PA,0.00014986420741630843
,BQPDXR3,Cooper Cos Inc/The,COO,0.01%,Health Care Supplies,US,---,"$12,883,301.76","178,143",COO,0.00014936718516984606
,B826YT8,WP Carey Inc,WPC,0.01%,Diversified REITs,US,---,"$12,874,112.00","174,920",WPC,0.0001492606403873705
,6641801,Nitto Denko Corp,6988,0.01%,Specialty Chemicals,JP,---,"$12,870,451.46","609,500",6988.T,0.00014921820060243127
,BDV82B8,Leidos Holdings Inc,LDOS,0.01%,Research & Consulting Services,US,---,"$12,865,817.60","111,296",LDOS,0.00014916447628256628
,2896092,Toll Brothers Inc,TOL,0.01%,Homebuilding,US,---,"$12,843,572.04","88,036",TOL,0.00014890656439463368
,BWZMZF4,Flutter Entertainment PLC,FLUT,0.01%,Casinos & Gaming,US,---,"$12,840,930.05","122,915",FLUT,0.00014887593353486665
,B60QWJ2,JAMES HARDIE INDUSTRIES-CDI,JHX,0.01%,Construction Materials,AU,CDI,"$12,831,358.21","497,056",JHX.AX,0.00014876495897071148
,BNLZ3X8,AST SpaceMobile Inc,ASTS,0.01%,Alternative Carriers,US,---,"$12,821,957.10","217,395",ASTS,0.000148655963826118
,2066408,Avery Dennison Corp,AVY,0.01%,Paper & Plastic Packaging Products & Materials,US,---,"$12,803,582.55","75,435",AVY,0.0001484429318826465
,B4Q5ZN4,Jazz Pharmaceuticals PLC,JAZZ,0.01%,Pharmaceuticals,US,---,"$12,794,210.28","50,598",JAZZ,0.0001483342711049491
,6744294,T&D Holdings Inc,8795,0.01%,Life & Health Insurance,JP,---,"$12,776,516.53","405,400",8795.T,0.00014812913226074347
,2609717,Mueller Industries Inc,MLI,0.01%,Industrial Machinery & Supplies & Components,US,---,"$12,765,795.07","192,227",MLI,0.00014800482916430563
,6706250,PICC Property & Casualty Co Ltd,2328,0.01%,Property & Casualty Insurance,HK,---,"$12,765,059.29","6,116,330",2328.HK,0.0001479962986346672
,BPYTZ57,Boliden AB,BOL,0.01%,Diversified Metals & Mining,SE,---,"$12,665,132.87","251,704",BOL.ST,0.00014683776580220334
,BN7L880,DT Midstream Inc,DTM,0.01%,Oil & Gas Storage & Transportation,US,---,"$12,661,224.00","91,748",DTM,0.00014679244691423725
,6431756,KGI Financial Holding Co Ltd,2883,0.01%,Life & Health Insurance,TW,---,"$12,646,041.25","13,385,158",2883.TW,0.0001466164202501969
,B0PB4M7,Link REIT,823,0.01%,Retail REITs,HK,---,"$12,638,620.02","2,535,588",0823.HK,0.00014653037955533098
,6804682,Shionogi & Co Ltd,4507,0.01%,Pharmaceuticals,JP,---,"$12,637,013.06","698,900",4507.T,0.0001465117486875339
,B80VKP3,ASPEED Technology Inc,5274,0.01%,Semiconductors,TW,---,"$12,635,046.70","28,930",5274.TWO,0.00014648895098678125
,BFRT3W7,Allegion plc,ALLE,0.01%,Building Products,US,---,"$12,634,340.60","80,269",ALLE,0.0001464807645628805
,2989356,Zebra Technologies Corp,ZBRA,0.01%,Electronic Equipment & Instruments,US,---,"$12,631,909.44","42,992",ZBRA,0.0001464525780364246
,B06YV46,Neste Oyj,NESTE,0.01%,Oil & Gas Refining & Marketing,FI,---,"$12,618,508.22","356,069",NESTE.HE,0.00014629720618016204
,5962280,Chocoladefabriken Lindt & Spruengli AG,LISP,0.01%,Packaged Foods & Meats,CH,---,"$12,615,479.14","1,093",LISP.SW,0.00014626208745348136
,BWSW5D9,South32 Ltd,S32,0.01%,Diversified Metals & Mining,AU,---,"$12,611,932.81","3,955,937",S32.AX,0.00014622097180318837
,5271782,Endesa SA,ELE,0.01%,Electric Utilities,ES,---,"$12,605,655.23","258,870",ELE.MC,0.0001461481904252663
,5051252,UPM-Kymmene Oyj,UPM,0.01%,Paper Products,FI,---,"$12,580,606.49","462,424",UPM.HE,0.00014585777886342056
,6340250,Fisher & Paykel Healthcare Corp Ltd,FPH,0.01%,Health Care Equipment,NZ,---,"$12,543,925.35","524,482",FPH.NZ,0.00014543250289514106
,5650422,Naturgy Energy Group SA,NTGY,0.01%,Gas Utilities,ES,---,"$12,543,871.87","376,017",NTGY.MC,0.00014543188285555714
,6643960,Nippon Yusen KK,9101,0.01%,Marine Transportation,JP,---,"$12,529,095.85","326,300",9101.T,0.00014526057176182292
,6481320,Kajima Corp,1812,0.01%,Construction & Engineering,JP,---,"$12,506,941.96","374,300",1812.T,0.00014500372268295278
,B4V9661,Ralph Lauren Corp,RL,0.01%,"Apparel, Accessories & Luxury Goods",US,---,"$12,462,600.78","32,767",RL,0.00014448963729031896
,BH3XG17,Aramark,ARMK,0.01%,Restaurants,US,---,"$12,455,522.01","218,633",ARMK,0.00014440756702843567
,B1JB4K8,Symrise AG,SY1,0.01%,Specialty Chemicals,DE,---,"$12,445,136.79","121,274",SY1.DE,0.00014428716225117693
,BD594Y4,Siemens Healthineers AG,SHL,0.01%,Health Care Equipment,DE,---,"$12,436,232.45","292,036",SHL.DE,0.00014418392658796175
,6693233,POSCO Holdings Inc,005490,0.01%,Steel,KR,---,"$12,395,040.34","57,405",005490.KS,0.00014370635106916038
,0182663,Diploma PLC,DPLM,0.01%,Trading Companies & Distributors,GB,---,"$12,388,719.02","125,097",DPLM.L,0.00014363306257584189
,BJ2ZH37,iA Financial Corp Inc,IAG,0.01%,Life & Health Insurance,CA,---,"$12,387,260.12","83,780",IAG.TO,0.00014361614829482109
,2756174,RPM International Inc,RPM,0.01%,Specialty Chemicals,US,---,"$12,373,972.83","115,569",RPM,0.00014346209732692423
,2433842,Unum Group,UNM,0.01%,Life & Health Insurance,US,---,"$12,360,918.28","143,548",UNM,0.00014331074471379105
,2583952,Metro Inc/CN,MRU,0.01%,Food Retail,CA,---,"$12,358,572.04","185,929",MRU.TO,0.00014328354273784877
,6743882,Japan Exchange Group Inc,8697,0.01%,Financial Exchanges & Data,JP,---,"$12,358,420.72","908,500",8697.T,0.00014328178835509186
,6054603,Asahi Kasei Corp,3407,0.01%,Commodity Chemicals,JP,---,"$12,333,828.19","1,155,400",3407.T,0.0001429966660276998
,2414580,Hasbro Inc,HAS,0.01%,Leisure Products,US,---,"$12,331,503.80","131,270",HAS,0.00014296971737757857
,7156036,Sonova Holding AG,SOON,0.01%,Health Care Equipment,CH,---,"$12,308,920.32","45,178",SOON.SW,0.00014270788769278357
,BKRMR96,Equitable Holdings Inc,EQH,0.01%,Diversified Financial Services,US,---,"$12,268,159.60","257,464",EQH,0.00014223531364885339
,2903958,Trimble Inc,TRMB,0.01%,Application Software,US,---,"$12,258,170.16","216,652",TRMB,0.00014211949748914378
,BQ6BPG9,Bunge Global SA,BG,0.01%,Agricultural Products & Services,US,---,"$12,241,732.74","115,238",BG,0.00014192892435792385
,BXNT952,Telecom Italia SpA/Milano,TIT,0.01%,Integrated Telecommunication Services,IT,---,"$12,217,154.14","1,438,691",TIT.MI,0.00014164396353298888
,2427986,Crown Holdings Inc,CCK,0.01%,"Metal, Glass & Plastic Containers",US,---,"$12,206,195.90","103,574",CCK,0.00014151691524259664
,B6463M8,ARC Resources Ltd,ARX,0.01%,Oil & Gas Exploration & Production,CA,---,"$12,147,147.51","507,858",ARX.TO,0.00014083231652967234
,BL6P210,Eternal Ltd,ETERNAL,0.01%,Restaurants,IN,---,"$12,146,539.57","3,832,760",ETERNAL.NS,0.0001408252681589795
,BK6YKG1,Globe Life Inc,GL,0.01%,Life & Health Insurance,US,---,"$12,110,877.00","66,452",GL,0.00014041180134774937
,2458771,ITAUSA SA - PREFERRED SHARES,ITSA4,0.01%,Diversified Banks,BR,---,"$12,110,740.96","4,442,197",ITSA4.SA,0.0001404102241191593
,BQ7ZV06,Straumann Holding AG,STMN,0.01%,Health Care Equipment,CH,---,"$12,097,206.49","97,684",STMN.SW,0.0001402533073811735
,2728429,RenaissanceRe Holdings Ltd,RNR,0.01%,Reinsurance,US,---,"$12,060,366.18","37,691",RNR,0.00013982618601834327
,6271026,Insurance Australia Group Ltd,IAG,0.01%,Property & Casualty Insurance,AU,---,"$12,041,126.53","2,020,938",IAG.AX,0.0001396031242273763
,BVLKBV3,Piraeus Bank SA,TPEIR,0.01%,Diversified Banks,GR,---,"$12,039,705.59","1,032,205",TPEIR.AT,0.00013958665004924642
,BN6PP37,Pop Mart International Group Ltd,9992,0.01%,Other Specialty Retail,HK,---,"$12,023,471.66","579,400",9992.HK,0.00013939843615241195
,2046853,Albemarle Corp,ALB,0.01%,Specialty Chemicals,US,---,"$11,984,457.36","101,874",ALB,0.00013894610985586698
,6451271,Israel Discount Bank Ltd,DSCT,0.01%,Diversified Banks,IL,---,"$11,976,170.62","1,147,528",DSCT.TA,0.00013885003456002337
,2331430,Assurant Inc,AIZ,0.01%,Property & Casualty Insurance,US,---,"$11,966,362.59","42,861",AIZ,0.0001387363216422906
,2730082,Regal Rexnord Corp,RRX,0.01%,Electrical Components & Equipment,US,---,"$11,948,490.60","58,220",RRX,0.00013852911630864146
,BPMQ7X2,Annaly Capital Management Inc,NLY,0.01%,Mortgage REITs,US,---,"$11,939,973.44","525,527",NLY,0.00013843036955578722
,BJV2RD9,Dynatrace Inc,DT,0.01%,Application Software,US,---,"$11,917,825.28","268,904",DT,0.00013817358690972962
,BSPHGN6,Lamar Advertising Co,LAMR,0.01%,Other Specialized REITs,US,---,"$11,917,020.00","74,500",LAMR,0.0001381642506068847
,2216991,Somnigroup International Inc,SGI,0.01%,Home Furnishings,US,---,"$11,915,473.37","182,389",SGI,0.00013814631919660628
,BP484B3,IonQ Inc,IONQ,0.01%,"Technology Hardware, Storage & Peripherals",US,---,"$11,900,648.08","326,582",IONQ,0.00013797443687343493
,2267278,Deckers Outdoor Corp,DECK,0.01%,Footwear,US,---,"$11,891,729.36","122,747",DECK,0.00013787103449052607
,2909644,Tyler Technologies Inc,TYL,0.01%,Application Software,US,---,"$11,886,163.20","38,392",TYL,0.00013780650121583506
,B1FN8X9,Metso Oyj,METSO,0.01%,Construction Machinery & Heavy Transportation Equipment,FI,---,"$11,862,308.09","633,731",METSO.HE,0.00013752992843201034
,BV9B624,Axia Energia SA,AXIA3,0.01%,Electric Utilities,BR,---,"$11,842,645.90","1,136,542",AXIA3.SA,0.00013730196777182515
,B00FM53,BANCO BRADESCO SA-PREF,BBDC4,0.01%,Diversified Banks,BR,---,"$11,831,215.42","3,254,162",BBDC4.SA,0.00013716944439741806
,BNBRDD4,Fidelity National Financial Inc,FNF,0.01%,Property & Casualty Insurance,US,---,"$11,798,271.87","228,693",FNF,0.00013678750152092034
,2442053,Lennox International Inc,LII,0.01%,Building Products,US,---,"$11,708,685.52","28,154",LII,0.00013574885000297744
,6195609,Chubu Electric Power Co Inc,9502,0.01%,Electric Utilities,JP,---,"$11,701,000.85","675,770",9502.T,0.00013565975502187385
,2945143,Webster Financial Corp,WBS,0.01%,Regional Banks,US,---,"$11,696,667.84","151,472",WBS,0.00013560951871451494
,B083BH4,Swiss Prime Site AG,SPSN,0.01%,Real Estate Operating Companies,CH,---,"$11,693,296.72","71,694",SPSN.SW,0.00013557043442427244
,2576941,Exelixis Inc,EXEL,0.01%,Biotechnology,US,---,"$11,690,092.29","220,443",EXEL,0.00013553328271440098
,B033TJ7,Texas Roadhouse Inc,TXRH,0.01%,Restaurants,US,---,"$11,672,895.36","56,819",TXRH,0.00013533390393126652
,BW9DW63,Eurobank SA,EUROB,0.01%,Diversified Banks,GR,---,"$11,640,834.70","2,252,682",EUROB.AT,0.0001349621971570174
,B02T2J7,Las Vegas Sands Corp,LVS,0.01%,Casinos & Gaming,US,---,"$11,624,477.52","237,768",LVS,0.00013477255431705056
,2305844,Revvity Inc,RVTY,0.01%,Life Sciences Tools & Services,US,---,"$11,622,753.40","103,295",RVTY,0.00013475256511272295
,2111955,BorgWarner Inc,BWA,0.01%,Automotive Parts & Equipment,US,---,"$11,619,228.34","182,291",BWA,0.00013471169606381269
,BF5L3T2,Elanco Animal Health Inc,ELAN,0.01%,Pharmaceuticals,US,---,"$11,614,481.91","440,443",ELAN,0.0001346566666232304
,B8C3BL0,Sage Group PLC/The,SGE,0.01%,Application Software,GB,---,"$11,608,338.79","881,224",SGE.L,0.00013458544415560105
,2550161,McCormick & Co Inc/MD,MKC,0.01%,Packaged Foods & Meats,US,---,"$11,596,852.40","227,836",MKC,0.00013445227256853243
,B9895B7,Coca-Cola HBC AG,CCH,0.01%,Soft Drinks & Non-alcoholic Beverages,GB,---,"$11,594,622.07","171,951",CCH.L,0.0001344264144367968
,6214861,Origin Energy Ltd,ORG,0.01%,Electric Utilities,AU,---,"$11,588,544.39","1,536,042",ORG.AX,0.0001343559506713061
,BNNF1C1,Apa Corp,APA,0.01%,Oil & Gas Exploration & Production,US,---,"$11,579,089.80","310,265",APA,0.00013424633548712872
,6251028,SCREEN Holdings Co Ltd,7735,0.01%,Semiconductor Materials & Equipment,JP,---,"$11,572,377.36","151,700",7735.T,0.00013416851240364446
,5474008,Bankinter SA,BKT,0.01%,Diversified Banks,ES,---,"$11,567,035.75","628,817",BKT.MC,0.00013410658253001125
,6656407,Obayashi Corp,1802,0.01%,Construction & Engineering,JP,---,"$11,539,031.05","587,100",1802.T,0.00013378189998446125
,BL98841,Rivian Automotive Inc,RIVN,0.01%,Automobile Manufacturers,US,---,"$11,524,781.86","757,213",RIVN,0.0001336166968835094
,6460590,Phoenix Financial Ltd,PHOE,0.01%,Multi-line Insurance,IL,---,"$11,504,725.87","205,187",PHOE.TA,0.00013338417056161606
,6484620,Kawasaki Heavy Industries Ltd,7012,0.01%,Industrial Machinery & Supplies & Components,JP,---,"$11,487,718.56","672,400",7012.T,0.00013318699020604152
,B5M6XQ7,International Consolidated Airlines Group SA,IAG,0.01%,Passenger Airlines,GB,---,"$11,470,990.96","1,956,868",IAG.L,0.00013299305276879197
,6574457,MPI Corp,6223,0.01%,Semiconductor Materials & Equipment,TW,---,"$11,460,649.49","72,000",6223.TWO,0.00013287315522286826
,BFZNZF8,BJ's Wholesale Club Holdings Inc,BJ,0.01%,Consumer Staples Merchandise Retail,US,---,"$11,453,264.74","117,133",BJ,0.00013278753747198178
,B40SSC9,Huntington Ingalls Industries Inc,HII,0.01%,Aerospace & Defense,US,---,"$11,448,275.05","35,069",HII,0.0001327296877092382
,BMZQ9C1,HF Sinclair Corp,DINO,0.01%,Oil & Gas Refining & Marketing,US,---,"$11,441,707.89","125,087",DINO,0.00013265354898160198
,B72XK05,Ally Financial Inc,ALLY,0.01%,Consumer Finance,US,---,"$11,413,771.95","263,415",ALLY,0.00013232966362980268
,B39Z8L3,SK Inc,034730,0.01%,Industrial Conglomerates,KR,---,"$11,406,630.69","30,532",034730.KS,0.0001322468688676651
,2945422,WEG SA,WEGE3,0.01%,Electrical Components & Equipment,BR,---,"$11,404,016.85","1,224,760",WEGE3.SA,0.00013221656437503132
,B1YVKN8,ANTA Sports Products Ltd,2020,0.01%,"Apparel, Accessories & Luxury Goods",HK,---,"$11,306,362.21","1,123,400",2020.HK,0.0001310843702397622
,BSTRB82,Kongsberg Gruppen ASA,KOG,0.01%,Aerospace & Defense,NO,---,"$11,294,439.28","362,425",KOG.OL,0.0001309461374694481
,BK1KWG8,Bridgebio Pharma Inc,BBIO,0.01%,Biotechnology,US,---,"$11,278,033.53","140,817",BBIO,0.00013075593151574543
,BR1GTS6,Nextpower Inc,NXT,0.01%,Electrical Components & Equipment,US,---,"$11,275,629.42","125,466",NXT,0.00013072805860317782
,6793906,Sekisui House Ltd,1928,0.01%,Homebuilding,JP,---,"$11,246,057.49","513,700",1928.T,0.00013038520581385221
,7251470,Snam SpA,SRG,0.01%,Gas Utilities,IT,---,"$11,245,354.96","1,658,407",SRG.MI,0.0001303770607800284
,2951452,J M Smucker Co/The,SJM,0.01%,Packaged Foods & Meats,US,---,"$11,222,127.48","94,098",SJM,0.00013010776464998192
,BGLP232,Moncler SpA,MONC,0.01%,"Apparel, Accessories & Luxury Goods",IT,---,"$11,208,412.22","197,058",MONC.MI,0.00012994875185821198
,6250025,Daifuku Co Ltd,6383,0.01%,Industrial Machinery & Supplies & Components,JP,---,"$11,205,567.37","304,200",6383.T,0.0001299157690681907
,2086309,Applied Industrial Technologies Inc,AIT,0.01%,Trading Companies & Distributors,US,---,"$11,196,886.35","32,435",AIT,0.0001298151225455866
,BMD8KX7,Stellantis NV,STLAM,0.01%,Automobile Manufacturers,IT,---,"$11,177,144.13","1,941,297",STLAM.MI,0.00012958623402885877
,2727910,UDR Inc,UDR,0.01%,Multi-Family Residential REITs,US,---,"$11,169,012.24","292,689",UDR,0.00012949195404209464
,BVFC8Q9,Thomson Reuters Corp,TRI,0.01%,Research & Consulting Services,CA,---,"$11,123,242.69","113,388",TRI.TO,0.00012896130832895796
,BRS7681,SharkNinja Inc,SN,0.01%,Household Appliances,US,---,"$11,106,642.89","68,657",SN,0.00012876885258689962
,BSQCB24,State Bank of India,SBIN,0.01%,Diversified Banks,IN,---,"$11,077,740.29","1,029,298",SBIN.NS,0.0001284337599152761
,2969637,Dick's Sporting Goods Inc,DKS,0.01%,Other Specialty Retail,US,---,"$11,070,090.46","56,506",DKS,0.00012834506886422309
,6390921,Nomura Research Institute Ltd,4307,0.01%,IT Consulting & Other Services,JP,---,"$11,033,745.81","372,969",4307.T,0.0001279236941135875
,BKZ7N95,Onto Innovation Inc,ONTO,0.01%,Semiconductor Materials & Equipment,US,---,"$11,024,816.88","42,636",ONTO,0.00012782017335737734
,B01H720,King Slide Works Co Ltd,2059,0.01%,"Technology Hardware, Storage & Peripherals",TW,---,"$11,022,583.37","46,000",2059.TW,0.0001277942783571698
,2276467,Donaldson Co Inc,DCI,0.01%,Industrial Machinery & Supplies & Components,US,---,"$11,018,729.28","116,922",DCI,0.00012774959458080446
,2897103,Toromont Industries Ltd,TIH,0.01%,Trading Companies & Distributors,CA,---,"$11,016,654.46","73,238",TIH.TO,0.00012772553941009534
,2085102,Baxter International Inc,BAX,0.01%,Health Care Equipment,US,---,"$11,013,569.28","421,008",BAX,0.0001276897702679199
,6193766,China Resources Land Ltd,1109,0.01%,Real Estate Development,HK,---,"$11,005,563.89","2,601,409",1109.HK,0.0001275969569043302
,B7JYSG3,Guidewire Software Inc,GWRE,0.01%,Application Software,US,---,"$11,001,519.58","72,407",GWRE,0.00012755006774408948
,BZBZVC7,Banco BTG Pactual SA,BPAC11,0.01%,Diversified Capital Markets,BR,---,"$11,000,251.17","981,724",BPAC11.SA,0.000127535361977286
,6821807,Washington H Soul Pattinson & Co Ltd,SOL,0.01%,Multi-Sector Holdings,AU,---,"$10,961,227.79","337,738",SOL.AX,0.00012708293040850053
,BYYN701,Poste Italiane SpA,PST,0.01%,Diversified Financial Services,IT,---,"$10,945,889.87","361,817",PST.MI,0.00012690510472534582
,BD9PNF2,ASR Nederland NV,ASRNL,0.01%,Multi-line Insurance,NL,---,"$10,945,114.88","133,874",ASRNL.AS,0.00012689611960049266
,2563125,Equity LifeStyle Properties Inc,ELS,0.01%,Single-Family Residential REITs,US,---,"$10,939,698.54","168,122",ELS,0.00012683332331776993
,BD97JW7,Yokohama Financial Group Inc,7186,0.01%,Regional Banks,JP,---,"$10,922,693.91","959,579",7186.T,0.00012663617403373774
,6291819,China Petroleum & Chemical Corp,386,0.01%,Integrated Oil & Gas,HK,---,"$10,922,392.62","19,327,337",0386.HK,0.00012663268091993367
,BDCBC61,Medpace Holdings Inc,MEDP,0.01%,Life Sciences Tools & Services,US,---,"$10,916,612.76","18,916",MEDP,0.000126565670037556
,2425258,Wintrust Financial Corp,WTFC,0.01%,Regional Banks,US,---,"$10,915,407.72","68,418",WTFC,0.00012655169897360282
,BRDY9L1,QXO Inc,QXO,0.01%,Trading Companies & Distributors,US,---,"$10,900,919.40","819,618",QXO,0.0001263837234331277
,6357562,Furukawa Electric Co Ltd,5801,0.01%,Electrical Components & Equipment,JP,---,"$10,886,235.41","570,500",5801.T,0.0001262134793222452
,BFPK4S5,Gaming and Leisure Properties Inc,GLPI,0.01%,Other Specialized REITs,US,---,"$10,881,103.44","242,936",GLPI,0.00012615397998523082
,6858849,Sumitomo Metal Mining Co Ltd,5713,0.01%,Diversified Metals & Mining,JP,---,"$10,857,333.44","216,000",5713.T,0.00012587839395475294
,B0744B3,Bunzl PLC,BNZL,0.01%,Trading Companies & Distributors,GB,---,"$10,856,781.48","287,695",BNZL.L,0.00012587199460829175
,6758455,Ryohin Keikaku Co Ltd,7453,0.01%,Broadline Retail,JP,---,"$10,855,132.08","413,840",7453.T,0.00012585287169711502
,B86QM90,Popular Inc,BPOP,0.01%,Regional Banks,US,---,"$10,803,974.23","61,663",BPOP,0.0001252597547930644
,4557104,GEA Group AG,G1A,0.01%,Industrial Machinery & Supplies & Components,DE,---,"$10,795,252.62","151,957",G1A.DE,0.00012515863767572
,6580119,First Financial Holding Co Ltd,2892,0.01%,Diversified Banks,TW,---,"$10,772,102.77","9,481,990",2892.TW,0.00012489024157695438
,BYZQ077,CK Asset Holdings Ltd,1113,0.01%,Real Estate Development,HK,---,"$10,749,122.31","1,764,750",1113.HK,0.0001246238093619794
,6895448,Tokyo Gas Co Ltd,9531,0.01%,Gas Utilities,JP,---,"$10,739,872.39","278,200",9531.T,0.0001245165670929412
,6356365,Fuji Electric Co Ltd,6504,0.01%,Electrical Components & Equipment,JP,---,"$10,723,386.04","122,877",6504.T,0.00012432542667419616
,6087289,Telstra Group Ltd,TLS,0.01%,Integrated Telecommunication Services,AU,---,"$10,690,745.22","3,028,220",TLS.AX,0.00012394699360665962
,6916703,Mizrahi Tefahot Bank Ltd,MZTF,0.01%,Diversified Banks,IL,---,"$10,668,799.37","143,363",MZTF.TA,0.00012369255651423374
,BMD6Y84,Rocket Cos Inc,RKT,0.01%,Commercial & Residential Mortgage Finance,US,---,"$10,661,011.50","826,435",RKT,0.00012360226504687244
,B11HK39,Norsk Hydro ASA,NHY,0.01%,Aluminum,NO,---,"$10,633,936.16","1,152,852",NHY.OL,0.00012328835737020273
,6534161,Nova Ltd,NVMI,0.01%,Semiconductor Materials & Equipment,IL,---,"$10,618,552.68","26,722",NVMI.TA,0.00012311000347082804
,2726177,Regency Centers Corp,REG,0.01%,Retail REITs,US,---,"$10,603,980.59","132,071",REG,0.0001229410567127773
,2632003,New York Times Co/The,NYT,0.01%,Publishing,US,---,"$10,597,459.23","141,507",NYT,0.00012286544898388723
,6155250,Samsung Fire & Marine Insurance Co Ltd,000810,0.01%,Property & Casualty Insurance,KR,---,"$10,587,199.17","24,462",000810.KS,0.00012274649529403172
,2437071,BioMarin Pharmaceutical Inc,BMRN,0.01%,Biotechnology,US,---,"$10,571,562.68","176,134",BMRN,0.00012256520803236967
,B1BHXZ2,Evercore Inc,EVR,0.01%,Investment Banking & Brokerage,US,---,"$10,561,169.76","32,946",EVR,0.00012244471398239597
,BPK3058,Samsara Inc,IOT,0.01%,Application Software,US,---,"$10,560,230.88","283,344",IOT,0.00012243382873997717
,5852842,Accor SA,AC,0.01%,"Hotels, Resorts & Cruise Lines",FR,---,"$10,557,894.75","203,013",AC.PA,0.00012240674397795024
,2204026,Clorox Co/The,CLX,0.01%,Household Products,US,---,"$10,547,562.83","110,411",CLX,0.0001222869571533808
,BKFB1C6,M&G PLC,MNG,0.01%,Diversified Financial Services,GB,---,"$10,530,768.66","2,179,967",MNG.L,0.00012209224791293188
,6661768,Osaka Gas Co Ltd,9532,0.01%,Gas Utilities,JP,---,"$10,529,405.06","306,900",9532.T,0.000122076438526682
,BPH0Y27,Aegon Ltd,AGN,0.01%,Life & Health Insurance,NL,---,"$10,521,452.43","1,107,125",AGN.AS,0.00012198423685509769
,BTDN8H1,Aptiv PLC,APTV,0.01%,Automotive Parts & Equipment,US,---,"$10,505,227.04","186,032",APTV,0.00012179612196981977
,BJ2Z0H2,Pinterest Inc,PINS,0.01%,Interactive Media & Services,US,---,"$10,484,518.73","436,673",PINS,0.00012155603274176739
,BN7P9B2,Federal Realty Investment Trust,FRT,0.01%,Retail REITs,US,---,"$10,483,619.56","84,484",FRT,0.00012154560789149288
,BKRTG56,Carlyle Group Inc/The,CG,0.01%,Asset Management & Custody Banks,US,---,"$10,468,675.62","227,481",CG,0.00012137234995694091
,6870100,Taisei Corp,1801,0.01%,Construction & Engineering,JP,---,"$10,465,432.33","129,199",1801.T,0.0001213347477097054
,6767677,Enlight Renewable Energy Ltd,ENLT,0.01%,Renewable Electricity,IL,---,"$10,423,825.99","122,821.6",ENLT.TA,0.00012085236966665476
,B1WY233,Smiths Group PLC,SMIN,0.01%,Industrial Conglomerates,GB,---,"$10,422,093.23","291,857",SMIN.L,0.00012083228029138465
,2455761,EastGroup Properties Inc,EGP,0.01%,Industrial REITs,US,---,"$10,410,788.10","49,810",EGP,0.00012070121020721399
,B1FH8J7,Severn Trent PLC,SVT,0.01%,Water Utilities,GB,---,"$10,402,045.83","256,499",SVT.L,0.00012059985356074087
,2341484,First Horizon Corp,FHN,0.01%,Regional Banks,US,---,"$10,393,148.36","405,349",FHN,0.00012049669754733758
,BJ2KSG2,Akzo Nobel NV,AKZA,0.01%,Specialty Chemicals,NL,---,"$10,387,583.51","148,304",AKZA.AS,0.00012043217946060199
,BZ3DNP6,Alamos Gold Inc,AGI,0.01%,Gold,CA,---,"$10,370,499.73","373,149",AGI.TO,0.00012023411252262314
,6175076,KT&G Corp,033780,0.01%,Tobacco,KR,---,"$10,367,583.92","83,315",033780.KS,0.00012020030703236113
,5978384,Telia Co AB,TELIA,0.01%,Integrated Telecommunication Services,SE,---,"$10,349,879.62","2,233,367",TELIA.ST,0.00011999504587294212
,6283601,Nanya Technology Corp,2408,0.01%,Semiconductors,TW,---,"$10,341,883.81","967,324",2408.TW,0.00011990234357852246
,6411877,Hua Nan Financial Holdings Co Ltd,2880,0.01%,Diversified Banks,TW,---,"$10,298,388.69","7,667,009",2880.TW,0.00011939806728630707
,6519481,Lite-On Technology Corp,2301,0.01%,"Technology Hardware, Storage & Peripherals",TW,---,"$10,279,258.97","1,622,030",2301.TW,0.0001191762800082695
,BYNF418,Alcoa Corp,AA,0.01%,Aluminum,US,---,"$10,266,733.14","226,839",AA,0.00011903105730031237
,2262864,CoStar Group Inc,CSGP,0.01%,Real Estate Services,US,---,"$10,261,884.36","356,811",CSGP,0.0001189748412282526
,B1L95G3,Aker BP ASA,AKRBP,0.01%,Oil & Gas Exploration & Production,NO,---,"$10,257,663.92","287,697",AKRBP.OL,0.00011892591004161103
,B94G471,ICON PLC,ICLR,0.01%,Life Sciences Tools & Services,US,---,"$10,252,417.77","62,681",ICLR,0.00011886508691776619
,BMTQB43,Solventum Corp,SOLV,0.01%,Health Care Supplies,US,---,"$10,247,844.48","119,942",SOLV,0.00011881206483794607
,B28DTJ6,Bureau Veritas SA,BVI,0.01%,Research & Consulting Services,FR,---,"$10,239,527.60","320,085",BVI.PA,0.00011871564010318961
,5263251,KGHM Polska Miedz SA,KGH,0.01%,Copper,PL,---,"$10,218,306.22","123,269",KGH.WA,0.0001184696024138559
,3163836,Intertek Group PLC,ITRK,0.01%,Research & Consulting Services,GB,---,"$10,215,525.85","129,338",ITRK.L,0.00011843736719586851
,BKS48R6,SiTime Corp,SITM,0.01%,Semiconductors,US,---,"$10,215,362.40","19,087",SITM,0.0001184354721796009
,BYYXJY9,Hydro One Ltd,H,0.01%,Electric Utilities,CA,---,"$10,214,553.05","245,193",H.TO,0.00011842608868974951
,6496681,Konami Group Corp,9766,0.01%,Interactive Home Entertainment,JP,---,"$10,202,505.92","79,200",9766.T,0.00011828641596213691
,2849234,Stifel Financial Corp,SF,0.01%,Investment Banking & Brokerage,US,---,"$10,177,782.87","122,757",SF,0.00011799978040425696
,3127489,Marks & Spencer Group PLC,MKS,0.01%,Food Retail,GB,---,"$10,167,656.38","1,860,038",MKS.L,0.00011788237530615962
,2469193,Jack Henry & Associates Inc,JKHY,0.01%,Transaction & Payment Processing Services,US,---,"$10,151,081.96","65,899",JKHY,0.00011769021381624488
,6287841,Chunghwa Telecom Co Ltd,2412,0.01%,Integrated Telecommunication Services,TW,---,"$10,146,697.07","2,360,000",2412.TW,0.00011763937601947659
,B1YCHL8,Cia de Saneamento Basico do Estado de Sao Paulo SABESP,SBSP3,0.01%,Water Utilities,BR,---,"$10,146,195.00","1,856,772",SBSP3.SA,0.0001176335550906452
,BMQ80V2,IREN Ltd,IREN,0.01%,Application Software,US,---,"$10,131,481.60","275,312",IREN,0.00011746297000436697
,B23FN39,Lululemon Athletica Inc,LULU,0.01%,"Apparel, Accessories & Luxury Goods",US,---,"$10,127,248.52","85,196",LULU,0.00011741389227134655
,B85KFY9,Five Below Inc,FIVE,0.01%,Other Specialty Retail,US,---,"$10,119,560.78","46,606",FIVE,0.00011732476169709555
,2918510,UMB Financial Corp,UMBF,0.01%,Regional Banks,US,---,"$10,114,536.38","69,406",UMBF,0.00011726650951150311
,B02J639,Admiral Group PLC,ADM,0.01%,Property & Casualty Insurance,GB,---,"$10,110,714.85","199,452",ADM.L,0.00011722220323118958
,B082RF1,Rentokil Initial PLC,RTO,0.01%,Environmental & Facilities Services,GB,---,"$10,108,166.76","2,194,919",RTO.L,0.00011719266103479075
,BYQKH33,Grasim Industries Ltd,GRASIM,0.01%,Construction Materials,IN,---,"$10,106,463.46","311,154",GRASIM.NS,0.0001171729132146093
,2679204,Align Technology Inc,ALGN,0.01%,Health Care Supplies,US,---,"$10,104,941.76","59,736",ALGN,0.00011715527083923788
,2635659,TTM Technologies Inc,TTMI,0.01%,Electronic Manufacturing Services,US,---,"$10,100,307.36","87,494",TTMI,0.00011710154025868901
,BYNJCV6,Samsung Biologics Co Ltd,207940,0.01%,Life Sciences Tools & Services,KR,---,"$10,086,730.18","9,804",207940.KS,0.00011694412834698165
,2289841,Dycom Industries Inc,DY,0.01%,Construction & Engineering,US,---,"$10,074,878.40","25,120",DY,0.00011680672047974156
,6966515,Winbond Electronics Corp,2344,0.01%,Semiconductors,TW,---,"$10,041,663.30","2,603,569",2344.TW,0.00011642162929080904
,BVDCQB2,SOUTHSTATE BANK CORP,SSB,0.01%,Regional Banks,US,---,"$10,039,457.88","95,532",SSB,0.00011639605996210325
,BZBYJJ7,JSW Steel Ltd,JSTL,0.01%,Steel,IN,---,"$9,998,942.92","751,192",JSTL.BO,0.00011592633522498207
,6658801,Olympus Corp,7733,0.01%,Health Care Equipment,JP,---,"$9,988,133.51","873,900",7733.T,0.00011580101244863758
,6619604,Niterra Co Ltd,5334,0.01%,Automotive Parts & Equipment,JP,---,"$9,980,324.61","170,900",5334.T,0.0001157104771624197
,B6197Q2,Generac Holdings Inc,GNRC,0.01%,Electrical Components & Equipment,US,---,"$9,980,270.63","50,633",GNRC,0.00011570985132590625
,0677608,Pearson PLC,PSON,0.01%,Education Services,GB,---,"$9,966,756.37","590,635",PSON.L,0.00011555316889981259
,BR4T3B3,HubSpot Inc,HUBS,0.01%,Application Software,US,---,"$9,962,948.64","41,974",HUBS,0.00011550902261475446
,B43WJC5,AltaGas Ltd,ALA,0.01%,Gas Utilities,CA,---,"$9,962,291.69","250,370",ALA.TO,0.00011550140602902781
,BLS09M3,Pentair PLC,PNR,0.01%,Industrial Machinery & Supplies & Components,US,---,"$9,934,839.04","151,816",PNR,0.00011518312387338629
,B1XGNW4,Insulet Corp,PODD,0.01%,Health Care Equipment,US,---,"$9,917,362.30","59,978",PODD,0.00011498050101254094
,BN7SX97,KE Holdings Inc,2423,<0.01%,Real Estate Services,HK,---,"$9,901,952.20","1,765,400",2423.HK,0.00011480183848463737
,6446620,HD Korea Shipbuilding & Offshore Engineering Co Ltd,009540,<0.01%,Construction Machinery & Heavy Transportation Equipment,KR,---,"$9,878,295.64","37,198",009540.KS,0.00011452756766153423
,BQBBFD1,TKO Group Holdings Inc,TKO,<0.01%,Movies & Entertainment,US,---,"$9,878,282.73","54,333",TKO,0.00011452741798481344
,BRB3857,Hua Hong Grace Semiconductor Ltd,1347,<0.01%,Semiconductors,HK,---,"$9,877,389.91","606,084",1347.HK,0.00011451706675554413
,B11TCY0,Schindler Holding AG,SCHP,<0.01%,Industrial Machinery & Supplies & Components,CH,---,"$9,871,816.01","31,361",SCHP.SW,0.00011445244374438382
,BZ0V201,Penumbra Inc,PEN,<0.01%,Health Care Equipment,US,---,"$9,847,043.02","30,658",PEN,0.00011416522918918109
,B2NC471,EchoStar Corp,ECHO,<0.01%,Cable & Satellite,US,---,"$9,828,523.29","116,881",ECHO,0.00011395051404924746
,6451668,Largan Precision Co Ltd,3008,<0.01%,Electronic Components,TW,---,"$9,795,919.75","79,020",3008.TW,0.00011357251320077767
,BQ1L7V3,SPX Technologies Inc,SPXC,<0.01%,Industrial Machinery & Supplies & Components,US,---,"$9,787,145.68","44,564",SPXC,0.00011347078786958561
,6520739,LG Electronics Inc,066570,<0.01%,Consumer Electronics,KR,---,"$9,749,972.39","87,963",066570.KS,0.00011303980598355687
,2048804,Pinnacle West Capital Corp,PNW,<0.01%,Electric Utilities,US,---,"$9,735,032.04","96,396",PNW,0.00011286658967095901
,BLDDH12,DraftKings Inc,DKNG,<0.01%,Casinos & Gaming,US,---,"$9,726,049.96","414,227",DKNG,0.00011276245270113847
,6597584,Mitsui OSK Lines Ltd,9104,<0.01%,Marine Transportation,JP,---,"$9,723,741.30","263,217",9104.T,0.00011273568642242064
,2380443,Graco Inc,GGG,<0.01%,Industrial Machinery & Supplies & Components,US,---,"$9,662,689.26","121,727",GGG,0.00011202785767373836
,2943039,Watsco Inc,WSO,<0.01%,Trading Companies & Distributors,US,---,"$9,649,850.70","31,199",WSO,0.00011187900921822921
,BZ6VT82,Charter Communications Inc,CHTR,<0.01%,Cable & Satellite,US,---,"$9,626,527.02","66,399",CHTR,0.00011160859775893865
,6709099,Bank Rakyat Indonesia Persero Tbk PT,BBRI,<0.01%,Diversified Banks,ID,---,"$9,623,801.52","57,224,642",BBRI.JK,0.00011157699869599933
,6269861,Pan Pacific International Holdings Corp,7532,<0.01%,Broadline Retail,JP,---,"$9,611,969.04","1,693,800",7532.T,0.0001114398145902396
,BTRD974,Embraer SA,EMBJ3,<0.01%,Aerospace & Defense,BR,---,"$9,605,783.22","560,400",EMBJ3.SA,0.0001113680970648273
,2049175,Advanced Energy Industries Inc,AEIS,<0.01%,Electronic Equipment & Instruments,US,---,"$9,589,770.96","33,123",AEIS,0.00011118245317873642
,6897143,Toray Industries Inc,3402,<0.01%,Commodity Chemicals,JP,---,"$9,578,868.76","1,333,500",3402.T,0.00011105605460820735
,6700393,Uni-President Enterprises Corp,1216,<0.01%,Packaged Foods & Meats,TW,---,"$9,573,371.74","4,209,992",1216.TW,0.00011099232293293357
,B5SG8Y4,Bizlink Holding Inc,3665,<0.01%,Electrical Components & Equipment,TW,---,"$9,559,930.50","150,150",3665.TW,0.00011083648709043039
,BWFRFC6,GoDaddy Inc,GDDY,<0.01%,Internet Services & Infrastructure,US,---,"$9,515,017.26","114,999",GDDY,0.00011031576931476775
,BKDT649,GFL Environmental Inc,GFL,<0.01%,Environmental & Facilities Services,CA,---,"$9,474,245.56","229,426",GFL.TO,0.00010984306797026479
,BLFDXH8,Unity Software Inc,U,<0.01%,Application Software,US,---,"$9,466,608.27","298,537",U,0.00010975452230620468
,B142S60,Kuehne + Nagel International AG,KNIN,<0.01%,Marine Transportation,CH,---,"$9,463,991.37","37,163",KNIN.SW,0.00010972418233636212
,2051404,Arrow Electronics Inc,ARW,<0.01%,Technology Distributors,US,---,"$9,460,860.45","43,685",ARW,0.0001096878828910721
,2747305,Rollins Inc,ROL,<0.01%,Environmental & Facilities Services,US,---,"$9,458,099.18","249,094",ROL,0.00010965586911579328
,BYQBFJ8,Arrowhead Pharmaceuticals Inc,ARWR,<0.01%,Biotechnology,US,---,"$9,457,013.35","111,719",ARWR,0.00010964328015578176
,BF0LKD0,Knight-Swift Transportation Holdings Inc,KNX,<0.01%,Cargo Ground Transportation,US,---,"$9,456,497.18","136,006",KNX,0.00010963729575353726
,B1FW7Q2,Owens Corning,OC,<0.01%,Building Products,US,---,"$9,448,394.70","68,023",OC,0.00010954335674216886
,BMBQDF6,Allegro.eu SA,ALE,<0.01%,Broadline Retail,PL,---,"$9,423,231.51","782,260",ALE.WA,0.00010925161826315075
,2531832,Littelfuse Inc,LFUS,<0.01%,Electronic Components,US,---,"$9,413,831.96","21,292",LFUS,0.0001091426412049775
,BG7ZWY7,Ambev SA,ABEV3,<0.01%,Brewers,BR,---,"$9,411,998.87","2,983,792",ABEV3.SA,0.00010912138861782524
,2604336,Charles River Laboratories International Inc,CRL,<0.01%,Life Sciences Tools & Services,US,---,"$9,394,799.06","40,406",CRL,0.00010892197644437663
,BJXMVK2,Tradeweb Markets Inc,TW,<0.01%,Financial Exchanges & Data,US,---,"$9,393,735.00","93,470",TW,0.0001089096398826774
,2795542,Semtech Corp,SMTC,<0.01%,Semiconductors,US,---,"$9,388,840.16","79,688",SMTC,0.00010885288979746812
,BGXQNP2,Standard Life PLC,SDLF,<0.01%,Life & Health Insurance,GB,---,"$9,370,480.00","751,966",SDLF.L,0.00010864002468962887
,2797560,Service Corp International/US,SCI,<0.01%,Specialized Consumer Services,US,---,"$9,361,095.90","108,610",SCI,0.0001085312267565785
,2159267,CACI International Inc,CACI,<0.01%,Research & Consulting Services,US,---,"$9,354,713.50","18,794",CACI,0.00010845723011034702
,5473113,Bank Polska Kasa Opieki SA,PEO,<0.01%,Diversified Banks,PL,---,"$9,336,300.82","141,642",PEO.WA,0.00010824375609302856
,BSHZ3Q0,Bio-Techne Corp,TECH,<0.01%,Life Sciences Tools & Services,US,---,"$9,311,937.39","129,171",TECH,0.00010796128991875318
,2956662,George Weston Ltd,WN,<0.01%,Food Retail,CA,---,"$9,305,199.29","124,506",WN.TO,0.00010788316933684475
,2019479,BXP Inc,BXP,<0.01%,Office REITs,US,---,"$9,287,604.36","132,453",BXP,0.00010767917619779401
,2239471,Manhattan Associates Inc,MANH,<0.01%,Application Software,US,---,"$9,281,725.44","48,504",MANH,0.00010761101682773522
,B2Q5H56,China Pacific Insurance Group Co Ltd,2601,<0.01%,Multi-line Insurance,HK,---,"$9,277,600.37","2,377,000",2601.HK,0.0001075631913474347
,BSLQK57,Rubrik Inc,RBRK,<0.01%,Systems Software,US,---,"$9,270,111.96","128,111",RBRK,0.00010747637177711536
,B7SF135,Unipol Assicurazioni SpA,UNI,<0.01%,Multi-line Insurance,IT,---,"$9,251,240.45","295,666",UNI.MI,0.00010725757814943239
,B033F22,Centrica PLC,CNA,<0.01%,Multi-Utilities,GB,---,"$9,241,770.58","4,428,688",CNA.L,0.00010714778581108819
,B6SW913,CubeSmart,CUBE,<0.01%,Self-Storage REITs,US,---,"$9,227,876.58","222,573",CUBE,0.00010698670073294518
,B3SGMV5,Keyera Corp,KEY,<0.01%,Oil & Gas Storage & Transportation,CA,---,"$9,213,031.49","216,845",KEY.TO,0.0001068145888513639
,2208288,Cognex Corp,CGNX,<0.01%,Electronic Equipment & Instruments,US,---,"$9,211,039.88","141,187",CGNX,0.00010679149840566933
,BLCF3J9,Essential Utilities Inc,WTRG,<0.01%,Water Utilities,US,---,"$9,180,045.25","230,365",WTRG,0.00010643215103302182
,BMZ1C83,ZTO Express Cayman Inc,2057,<0.01%,Air Freight & Logistics,HK,---,"$9,175,218.03","383,400",2057.HK,0.00010637618492456394
,2601218,Moog Inc,MOG/A,<0.01%,Aerospace & Defense,US,---,"$9,153,678.00","23,480",MOG-A,0.00010612645285203241
,BMGWW30,Nongfu Spring Co Ltd,9633,<0.01%,Soft Drinks & Non-alcoholic Beverages,HK,---,"$9,149,873.79","1,643,000",9633.HK,0.00010608234737735826
,0946580,Weir Group PLC/The,WEIR,<0.01%,Industrial Machinery & Supplies & Components,GB,---,"$9,121,902.08","255,678",WEIR.L,0.0001057580473132195
,2760669,Ryder System Inc,R,<0.01%,Cargo Ground Transportation,US,---,"$9,111,371.86","35,533",R,0.00010563596142639329
,BFD2WR8,Antero Resources Corp,AR,<0.01%,Oil & Gas Exploration & Production,US,---,"$9,082,704.80","251,320",AR,0.00010530359957233895
,6713982,Qatar Islamic Bank QPSC,QIBK,<0.01%,Diversified Banks,QA,---,"$9,067,996.84","1,518,474",QIBK.QA,0.00010513307755665416
,BYYZ7D0,InterGlobe Aviation Ltd,INDIGO,<0.01%,Passenger Airlines,IN,---,"$9,065,396.99","167,417",INDIGO.NS,0.00010510293526210902
,2206721,Coca-Cola Consolidated Inc,COKE,<0.01%,Soft Drinks & Non-alcoholic Beverages,US,---,"$9,052,646.20","48,178",COKE,0.00010495510439961187
,B00SCY1,Corcept Therapeutics Inc,CORT,<0.01%,Pharmaceuticals,US,---,"$9,042,992.65","78,985",CORT,0.00010484318250123073
,BWFGD63,Tech Mahindra Ltd,TECHM,<0.01%,IT Consulting & Other Services,IN,---,"$9,040,343.33","520,657",TECHM.NS,0.00010481246665847659
,BNGHNG2,Kokusai Electric Corp,6525,<0.01%,Semiconductor Materials & Equipment,JP,---,"$9,020,949.50","200,400",6525.T,0.00010458761732631575
,BQQ8816,Hut 8 Corp,HUT,<0.01%,Application Software,US,---,"$9,016,703.25","83,775",HUT,0.00010453838690217117
,6190563,Chiba Bank Ltd/The,8331,<0.01%,Regional Banks,JP,---,"$9,010,176.84","554,300",8331.T,0.0001044627206242927
,BMDHSH4,HD Hyundai Heavy Industries Co Ltd,329180,<0.01%,Construction Machinery & Heavy Transportation Equipment,KR,---,"$8,994,824.94","26,865",329180.KS,0.00010428473285898797
,2598354,Modine Manufacturing Co,MOD,<0.01%,Building Products,US,---,"$8,980,545.96","44,666",MOD,0.00010411918437697397
,B8KH5G7,TMX Group Ltd,X,<0.01%,Financial Exchanges & Data,CA,---,"$8,979,327.06","245,661",X.TO,0.00010410505262213384
,BNSP8W5,LG Energy Solution Ltd,373220,<0.01%,Electrical Components & Equipment,KR,---,"$8,960,972.11","39,610",373220.KS,0.0001038922479183004
,BYYHJL8,AGNC Investment Corp,AGNC,<0.01%,Mortgage REITs,US,---,"$8,958,525.42","840,387",AGNC,0.00010386388133921292
,B13X013,Eiffage SA,FGR,<0.01%,Construction & Engineering,FR,---,"$8,955,014.61","63,006",FGR.PA,0.00010382317750279465
,BFFJRM7,Zhongji Innolight Co Ltd,300308,<0.01%,Communications Equipment,CN,---,"$8,922,061.63","67,000",300308.SZ,0.0001034411252962058
,BD4HFR9,HD Hyundai Electric Co Ltd,267260,<0.01%,Heavy Electrical Equipment,KR,---,"$8,919,330.59","19,288",267260.KS,0.00010340946200328713
,BFTDJL8,Brixmor Property Group Inc,BRX,<0.01%,Retail REITs,US,---,"$8,892,058.98","282,198",BRX,0.00010309327879989459
,BCF5RR9,American Homes 4 Rent,AMH,<0.01%,Single-Family Residential REITs,US,---,"$8,857,971.00","265,050",AMH,0.00010269806756324292
,BP0QDP8,Belimo Holding AG,BEAN,<0.01%,Building Products,CH,---,"$8,850,182.50","8,487",BEAN.SW,0.00010260776879175041
,BDRXBF4,TFI International Inc,TFII,<0.01%,Cargo Ground Transportation,CA,---,"$8,848,242.44","65,494",TFII.TO,0.00010258527600949172
,6435327,Power Assets Holdings Ltd,6,<0.01%,Electric Utilities,HK,---,"$8,845,914.92","1,175,000",0006.HK,0.00010255829107059153
,BRJNZ47,AtkinsRealis Group Inc,ATRL,<0.01%,Construction & Engineering,CA,---,"$8,841,042.78","142,638",ATRL.TO,0.0001025018041659835
,B50K3X8,Primerica Inc,PRI,<0.01%,Life & Health Insurance,US,---,"$8,824,816.76","27,581",PRI,0.00010231368197657438
,B44ZV94,China Hongqiao Group Ltd,1378,<0.01%,Aluminum,HK,---,"$8,824,810.69","2,804,500",1378.HK,0.00010231361160184973
,B63DG21,Powszechny Zaklad Ubezpieczen SA,PZU,<0.01%,Multi-line Insurance,PL,---,"$8,782,343.27","461,170",PZU.WA,0.00010182125031861719
,6597346,Mitsui Kinzoku Co Ltd,5706,<0.01%,Diversified Metals & Mining,JP,---,"$8,773,521.36","46,600",5706.T,0.00010171897033720645
,BL6K5J4,Endeavour Mining PLC,EDV,<0.01%,Gold,GB,---,"$8,754,799.95","183,518",EDV.L,0.00010150191694777233
,BYX2YJ7,Encompass Health Corp,EHC,<0.01%,Health Care Facilities,US,---,"$8,751,538.51","78,793",EHC,0.00010146410427199438
,2181334,Check Point Software Technologies Ltd,CHKP,<0.01%,Systems Software,US,---,"$8,747,942.43","68,811",CHKP,0.00010142241182721184
,2166320,Camden Property Trust,CPT,<0.01%,Multi-Family Residential REITs,US,---,"$8,734,376.63","78,823",CPT,0.00010126513185362089
,BNYD4F8,Crane Co,CR,<0.01%,Industrial Machinery & Supplies & Components,US,---,"$8,733,929.36","40,916",CR,0.00010125994626826743
,BFYT7B7,Docusign Inc,DOCU,<0.01%,Application Software,US,---,"$8,725,426.88","159,136",DOCU,0.00010116136971326459
,BQWNKQ4,American Healthcare REIT Inc,AHR,<0.01%,Health Care REITs,US,---,"$8,689,446.00","156,285",AHR,0.00010074421246074874
,BJTCKZ4,PharmaEssentia Corp,6446,<0.01%,Biotechnology,TW,---,"$8,679,841.46","266,796",6446.TW,0.00010063285877740141
,5129074,Fresenius Medical Care AG,FME,<0.01%,Health Care Services,DE,---,"$8,669,797.96","168,930",FME.DE,0.00010051641585366963
,B1FFT76,Impala Platinum Holdings Ltd,IMP,<0.01%,Precious Metals & Minerals,ZA,---,"$8,669,615.70","794,926",IMP.JO,0.00010051430275691256
,6651048,Bank Mandiri Persero Tbk PT,BMRI,<0.01%,Diversified Banks,ID,---,"$8,668,849.96","37,258,164",BMRI.JK,0.00010050542487525595
,BP6NH40,Grab Holdings Ltd,GRAB,<0.01%,Passenger Ground Transportation,US,---,"$8,666,199.50","2,476,057",GRAB,0.00010047469581550245
,4002121,Bouygues SA,EN,<0.01%,Construction & Engineering,FR,---,"$8,660,304.77","153,743",EN.PA,0.00010040635314653152
,5641567,Carrefour SA,CA,<0.01%,Consumer Staples Merchandise Retail,FR,---,"$8,643,120.53","470,964",CA.PA,0.00010020712148946886
,6309466,SBI Holdings Inc,8473,<0.01%,Investment Banking & Brokerage,JP,---,"$8,632,657.95","457,280",8473.T,0.00010008581981127124
,B01SD70,Domino's Pizza Inc,DPZ,<0.01%,Restaurants,US,---,"$8,624,850.56","24,824",DPZ,9.99953020317806e-05
,BZCNN35,Banco Comercial Portugues SA,BCP,<0.01%,Diversified Banks,PT,---,"$8,620,813.35","6,996,818",BCP.LS,9.994849518793939e-05
,2372763,Gartner Inc,IT,<0.01%,IT Consulting & Other Services,US,---,"$8,575,368.66","56,783",IT,9.94216158558654e-05
,5579550,Fortum Oyj,FORTUM,<0.01%,Electric Utilities,FI,---,"$8,560,736.89","376,565",FORTUM.HE,9.92519771763044e-05
,BF13K02,Sigma Healthcare Ltd,SIG,<0.01%,Health Care Distributors,AU,---,"$8,555,502.17","4,149,138",SIG.AX,9.91912865702689e-05
,B0JQTJ0,Mitsubishi Chemical Group Corp,4188,<0.01%,Diversified Chemicals,JP,---,"$8,539,827.73","1,160,484",4188.T,9.900955932165453e-05
,5107401,Beiersdorf AG,BEI,<0.01%,Personal Care Products,DE,---,"$8,533,994.86","91,871",BEI.DE,9.894193384880666e-05
,6619507,NGK Corp,5333,<0.01%,Industrial Machinery & Supplies & Components,JP,---,"$8,519,379.21","249,000",5333.T,9.877248206225412e-05
,2002479,AES Corp/The,AES,<0.01%,Independent Power Producers & Energy Traders,US,---,"$8,485,025.32","577,999",AES,9.837418790253287e-05
,BYT16L4,Orsted AS,ORSTED,<0.01%,Renewable Electricity,DK,---,"$8,483,447.34","380,503",ORSTED.CO,9.83558930247721e-05
,2721967,Rambus Inc,RMBS,<0.01%,Semiconductors,US,---,"$8,452,135.50","92,850",RMBS,9.799286796408389e-05
,2818461,Acuity Inc,AYI,<0.01%,Electrical Components & Equipment,US,---,"$8,442,578.51","25,709",AYI,9.788206556873608e-05
,B0CC0M5,Innolux Corp,3481,<0.01%,Electronic Components,TW,---,"$8,434,591.30","6,146,073",3481.TW,9.778946298150458e-05
,6051422,Realtek Semiconductor Corp,2379,<0.01%,Semiconductors,TW,---,"$8,407,110.25","405,420",2379.TW,9.747085156026501e-05
,6139362,Oil & Natural Gas Corp Ltd,ONGC,<0.01%,Integrated Oil & Gas,IN,---,"$8,360,748.31","3,281,770",ONGC.NS,9.693333776094424e-05
,5962309,Chocoladefabriken Lindt & Spruengli AG,LISN,<0.01%,Packaged Foods & Meats,CH,---,"$8,360,293.29",71,LISN.SW,9.692806232318287e-05
,BFX05H3,Absa Group Ltd,ABG,<0.01%,Diversified Banks,ZA,---,"$8,351,201.96","605,912",ABG.JO,9.682265872425715e-05
,B05BDX1,Hudbay Minerals Inc,HBM,<0.01%,Diversified Metals & Mining,CA,---,"$8,349,271.23","367,948",HBM.TO,9.680027411270374e-05
,2523334,Range Resources Corp,RRC,<0.01%,Oil & Gas Exploration & Production,US,---,"$8,344,423.62","207,883",RRC,9.674407160545909e-05
,BC9ZHL9,Rexford Industrial Realty Inc,REXR,<0.01%,Industrial REITs,US,---,"$8,340,107.01","220,813",REXR,9.669402543738921e-05
,B0ZV104,Grupo Aeroportuario del Pacifico SAB de CV,GAPB,<0.01%,Airport Services,MX,---,"$8,327,705.72","383,055",GAPB.MX,9.655024662864268e-05
,2793610,SEI Investments Co,SEIC,<0.01%,Asset Management & Custody Banks,US,---,"$8,322,637.64","80,818",SEIC,9.649148802328531e-05
,6772217,Samsung Heavy Industries Co Ltd,010140,<0.01%,Construction Machinery & Heavy Transportation Equipment,KR,---,"$8,316,301.41","559,339",010140.KS,9.641802666552786e-05
,BCZWJ63,Murphy USA Inc,MUSA,<0.01%,Automotive Retail,US,---,"$8,314,156.80","13,680",MUSA,9.639316235939308e-05
,2212706,Molina Healthcare Inc,MOH,<0.01%,Managed Health Care,US,---,"$8,308,177.02","42,471",MOH,9.632383363270688e-05
,BDCG2C2,Aritzia Inc,ATZ,<0.01%,Apparel Retail,CA,---,"$8,296,305.48","83,263",ATZ.TO,9.618619667081125e-05
,BKWQ2N2,Voya Financial Inc,VOYA,<0.01%,Diversified Financial Services,US,---,"$8,265,814.76","83,132",VOYA,9.583269155969585e-05
,B92RRW2,Sanmina Corp,SANM,<0.01%,Electronic Manufacturing Services,US,---,"$8,260,574.52","44,517",SANM,9.577193695555821e-05
,BQPG2F3,Jio Financial Services Ltd,JIOFIN,<0.01%,Diversified Financial Services,IN,---,"$8,256,847.90","3,072,443",JIOFIN.NS,9.572873104841058e-05
,B1VZ431,AECOM,ACM,<0.01%,Construction & Engineering,US,---,"$8,255,862.33","114,047",ACM,9.571730448871102e-05
,B02L486,Mowi ASA,MOWI,<0.01%,Packaged Foods & Meats,NO,---,"$8,243,750.51","384,948",MOWI.OL,9.557688175435416e-05
,B28XP76,Invesco Ltd,IVZ,<0.01%,Asset Management & Custody Banks,US,---,"$8,232,085.60","278,111",IVZ,9.54416404315615e-05
,BBBSBJ5,Cytokinetics Inc,CYTK,<0.01%,Biotechnology,US,---,"$8,224,988.94","106,638",CYTK,9.535936275553916e-05
,B7FNMQ2,Element Fleet Management Corp,EFN,<0.01%,Diversified Support Services,CA,---,"$8,192,975.30","365,077",EFN.TO,9.498820112454426e-05
,BYY0144,PRIO SA/Brazil,PRIO3,<0.01%,Oil & Gas Exploration & Production,BR,---,"$8,144,067.54","678,447",PRIO3.SA,9.44211714468848e-05
,6533232,BlueScope Steel Ltd,BSL,<0.01%,Steel,AU,---,"$8,128,519.75","354,396",BSL.AX,9.424091256052368e-05
,BZCNB42,Delivery Hero SE,DHER,<0.01%,Restaurants,DE,---,"$8,123,736.62","186,355",DHER.DE,9.418545762531292e-05
,4651459,OMV AG,OMV,<0.01%,Integrated Oil & Gas,AT,---,"$8,123,399.68","111,089",OMV.VI,9.418155119043243e-05
,B734XQ4,Zhen Ding Technology Holding Ltd,4958,<0.01%,Electronic Components,TW,---,"$8,114,114.57","646,700",4958.TW,9.4073900933493e-05
,2658441,Old National Bancorp/IN,ONB,<0.01%,Regional Banks,US,---,"$8,094,670.56","303,854",ONB,9.38484698214832e-05
,BNC23Q1,DigitalOcean Holdings Inc,DOCN,<0.01%,Internet Services & Infrastructure,US,---,"$8,085,645.00","68,814",DOCN,9.374382875066957e-05
,B1FW751,Galp Energia SGPS SA,GALP,<0.01%,Integrated Oil & Gas,PT,---,"$8,079,229.78","355,747",GALP.LS,9.36694515939829e-05
,BP7RS59,Advanced Drainage Systems Inc,WMS,<0.01%,Building Products,US,---,"$8,062,721.04","58,223",WMS,9.347805158873293e-05
,B1YWPP8,Ensign Group Inc/The,ENSG,<0.01%,Health Care Facilities,US,---,"$8,061,027.36","45,246",ENSG,9.34584153014759e-05
,B17NY40,Orion Oyj,ORNBV,<0.01%,Pharmaceuticals,FI,---,"$8,057,471.12","86,188",ORNBV.HE,9.341718475603936e-05
,BYQ0JC6,Beazley PLC,BEZ,<0.01%,Property & Casualty Insurance,GB,---,"$8,055,346.24","463,483",BEZ.L,9.339254919674437e-05
,2127899,Affiliated Managers Group Inc,AMG,<0.01%,Asset Management & Custody Banks,US,---,"$8,044,589.28","21,936",AMG,9.326783451830898e-05
,B4QG225,United Airlines Holdings Inc,UAL,<0.01%,Passenger Airlines,US,---,"$8,031,318.02","66,194",UAL,9.311396939997325e-05
,2064253,Autoliv Inc,ALV,<0.01%,Automotive Parts & Equipment,US,---,"$7,989,545.22","64,866",ALV,9.262966144313914e-05
,6378217,LS Electric Co Ltd,010120,<0.01%,Electrical Components & Equipment,KR,---,"$7,973,503.66","63,324",010120.KS,9.244367785697705e-05
,2045247,AptarGroup Inc,ATR,<0.01%,"Metal, Glass & Plastic Containers",US,---,"$7,970,620.00","59,500",ATR,9.241024510928467e-05
,7582556,Klepierre SA,LI,<0.01%,Retail REITs,FR,---,"$7,965,985.67","175,381",LI.PA,9.235651534030592e-05
,5624030,CEZ AS,CEZ,<0.01%,Electric Utilities,CZ,---,"$7,965,760.94","123,657",CEZ.PR,9.23539098523535e-05
,BP6FB33,XPeng Inc,9868,<0.01%,Automobile Manufacturers,HK,---,"$7,959,515.63","1,227,128",9868.HK,9.228150260826414e-05
,BPR9XV6,NIO Inc,9866,<0.01%,Automobile Manufacturers,HK,---,"$7,949,362.35","1,620,057",9866.HK,9.216378691068186e-05
,2329770,FactSet Research Systems Inc,FDS,<0.01%,Financial Exchanges & Data,US,---,"$7,945,744.80","30,189",FDS,9.212184554574474e-05
,BSJN3Y0,GRUPO CIBEST SA-ADR,CIB,<0.01%,Diversified Banks,US,ADR,"$7,944,044.76","85,863",CIB,9.210213552154392e-05
,2975098,Halozyme Therapeutics Inc,HALO,<0.01%,Biotechnology,US,---,"$7,938,779.74","96,181",HALO,9.204109362157815e-05
,BRTNNQ5,Medibank Pvt Ltd,MPL,<0.01%,Life & Health Insurance,AU,---,"$7,919,911.17","2,184,959",MPL.AX,9.18223340798409e-05
,2946243,Viasat Inc,VSAT,<0.01%,Communications Equipment,US,---,"$7,902,941.97","102,729",VSAT,9.162559556623613e-05
,2134532,American Financial Group Inc/OH,AFG,<0.01%,Property & Casualty Insurance,US,---,"$7,886,151.12","55,646",AFG,9.143092481739936e-05
,6136749,Obic Co Ltd,4684,<0.01%,IT Consulting & Other Services,JP,---,"$7,876,505.55","274,600",4684.T,9.131909543801372e-05
,2989828,Zions Bancorp NA,ZION,<0.01%,Regional Banks,US,---,"$7,861,672.10","112,793",ZION,9.11471185089522e-05
,6356406,Subaru Corp,7270,<0.01%,Automobile Manufacturers,JP,---,"$7,850,749.92","461,200",7270.T,9.10204882931186e-05
,2982399,Saia Inc,SAIA,<0.01%,Cargo Ground Transportation,US,---,"$7,845,661.47","22,569",SAIA,9.096149352085165e-05
,2288406,Flowserve Corp,FLS,<0.01%,Industrial Machinery & Supplies & Components,US,---,"$7,836,012.81","103,119",FLS,9.084962831644143e-05
,2250289,Darling Ingredients Inc,DAR,<0.01%,Agricultural Products & Services,US,---,"$7,800,547.68","128,637",DAR,9.043845059674929e-05
,BPJM8Q3,BrightSpring Health Services Inc,BTSG,<0.01%,Health Care Services,US,---,"$7,789,647.18","130,458",BTSG,9.031207173578064e-05
,6436557,Hong Kong & China Gas Co Ltd,3,<0.01%,Gas Utilities,HK,---,"$7,785,304.78","8,696,365",0003.HK,9.026172656208495e-05
,BKX3XG2,Auckland International Airport Ltd,AIA,<0.01%,Airport Services,NZ,---,"$7,769,165.52","1,515,282",AIA.NZ,9.007461025589012e-05
,BYZR4X4,Axsome Therapeutics Inc,AXSM,<0.01%,Pharmaceuticals,US,---,"$7,755,866.21","35,579",AXSM,8.992041992980705e-05
,BDJ0LS6,Ionis Pharmaceuticals Inc,IONS,<0.01%,Biotechnology,US,---,"$7,751,573.87","149,731",IONS,8.987065514469719e-05
,BYMWL19,Glaukos Corp,GKOS,<0.01%,Health Care Equipment,US,---,"$7,746,478.08","46,464",GKOS,8.981157527350456e-05
,BP38QJ6,Shizuoka Financial Group Inc,5831,<0.01%,Regional Banks,JP,---,"$7,742,068.01","392,500",5831.T,8.976044554336447e-05
,B44XTX8,Pandora A/S,PNDORA,<0.01%,"Apparel, Accessories & Luxury Goods",DK,---,"$7,739,372.62","61,802",PNDORA.CO,8.972919557152223e-05
,2176608,Columbia Banking System Inc,COLB,<0.01%,Regional Banks,US,---,"$7,739,043.57","247,491",COLB,8.972538061218994e-05
,2905794,United Bankshares Inc/WV,UBSI,<0.01%,Regional Banks,US,---,"$7,719,441.60","159,328",UBSI,8.949811813419892e-05
,2961053,Skyworks Solutions Inc,SWKS,<0.01%,Semiconductors,US,---,"$7,714,125.36","123,862",SWKS,8.943648239677074e-05
,BGHH0L6,WuXi AppTec Co Ltd,2359,<0.01%,Life Sciences Tools & Services,HK,---,"$7,709,820.35","375,956",2359.HK,8.938657071746625e-05
,B2368L5,PLS Group Ltd,PLS,<0.01%,Diversified Metals & Mining,AU,---,"$7,705,288.21","2,651,849",PLS.AX,8.933402572494753e-05
,BJXSCH4,Evolution AB,EVO,<0.01%,Casinos & Gaming,SE,---,"$7,694,101.09","100,812",EVO.ST,8.920432383208762e-05
,6268976,Mitsubishi HC Capital Inc,8593,<0.01%,Specialized Finance,JP,---,"$7,678,345.49","833,950",8593.T,8.902165562586981e-05
,B056381,Global Unichip Corp,3443,<0.01%,Semiconductors,TW,---,"$7,672,250.64","67,000",3443.TW,8.895099279381856e-05
,2926825,Valmont Industries Inc,VMI,<0.01%,Construction & Engineering,US,---,"$7,661,438.50","15,905",VMI,8.88256383662388e-05
,BYZZ7S4,Abivax SA,ABVX,<0.01%,Biotechnology,FR,---,"$7,659,228.68","61,715",ABVX.PA,8.880001802455302e-05
,6465874,Galaxy Entertainment Group Ltd,27,<0.01%,Casinos & Gaming,HK,---,"$7,644,820.17","1,753,000",0027.HK,8.863296778997156e-05
,BNM73Q6,Accelleron Industries AG,ACLN,<0.01%,Heavy Electrical Equipment,CH,---,"$7,641,459.86","84,402",ACLN.SW,8.859400882934578e-05
,BK80XH9,Match Group Inc,MTCH,<0.01%,Interactive Media & Services,US,---,"$7,624,928.57","193,477",MTCH,8.840234738257343e-05
,2100845,Banco de Chile,CHILE,<0.01%,Diversified Banks,CL,---,"$7,618,463.98","36,566,346",CHILE.SN,8.832739783706366e-05
,BMB5YK5,H World Group Ltd,1179,<0.01%,"Hotels, Resorts & Cruise Lines",HK,---,"$7,616,681.42","1,792,870",1179.HK,8.830673108761104e-05
,2009210,Alexandria Real Estate Equities Inc,ARE,<0.01%,Health Care REITs,US,---,"$7,585,582.20","147,436",ARE,8.794617111324173e-05
,B1CC9H0,Swedish Orphan Biovitrum AB,SOBI,<0.01%,Biotechnology,SE,---,"$7,580,615.44","152,970",SOBI.ST,8.788858719768698e-05
,B73XCZ3,Taiwan Cooperative Financial Holding Co Ltd,5880,<0.01%,Diversified Banks,TW,---,"$7,576,035.58","8,890,862",5880.TW,8.783548894621266e-05
,B0JGGP5,ITC Ltd,ITC,<0.01%,Tobacco,IN,---,"$7,574,635.14","2,572,943",ITC.NS,8.781925244219404e-05
,2418601,Hecla Mining Co,HL,<0.01%,Silver,US,---,"$7,567,303.36","535,928",HL,8.773424881802337e-05
,B4PZ892,Allison Transmission Holdings Inc,ALSN,<0.01%,Construction Machinery & Heavy Transportation Equipment,US,---,"$7,564,908.84","66,046",ALSN,8.770648709056438e-05
,2041308,FNB Corp/PA,FNB,<0.01%,Regional Banks,US,---,"$7,559,281.80","399,962",FNB,8.764124798173222e-05
,6804820,Shimano Inc,7309,<0.01%,Leisure Products,JP,---,"$7,535,938.59","59,700",7309.T,8.737061009437371e-05
,BMP8TL6,CareTrust REIT Inc,CTRE,<0.01%,Health Care REITs,US,---,"$7,527,013.74","179,471",CTRE,8.726713664110866e-05
,B3FJBY3,Jentech Precision Industrial Co Ltd,3653,<0.01%,Semiconductors,TW,---,"$7,519,718.43","72,598",3653.TW,8.718255584497883e-05
,BGLP8L2,IMI PLC,IMI,<0.01%,Industrial Machinery & Supplies & Components,GB,---,"$7,514,396.48","189,096",IMI.L,8.712085390661529e-05
,2659109,Old Republic International Corp,ORI,<0.01%,Property & Casualty Insurance,US,---,"$7,511,107.88","173,828",ORI,8.708272634162455e-05
,2418128,Millicom International Cellular SA,TIGO,<0.01%,Wireless Telecommunication Services,US,---,"$7,496,994.12","78,519",TIGO,8.691909339700875e-05
,6346333,Novatek Microelectronics Corp,3034,<0.01%,Semiconductors,TW,---,"$7,491,768.40","474,025",3034.TW,8.685850713570505e-05
,2193544,Brinker International Inc,EAT,<0.01%,Restaurants,US,---,"$7,489,971.30","35,049",EAT,8.683767181154132e-05
,2254645,Gildan Activewear Inc,GIL,<0.01%,"Apparel, Accessories & Luxury Goods",CA,---,"$7,438,384.99","134,375",GIL.TO,8.623958740262665e-05
,BN4MKV3,New Oriental Education & Technology Group Inc,9901,<0.01%,Education Services,HK,---,"$7,431,597.61","1,267,260",9901.HK,8.616089547534247e-05
,4598589,Continental AG,CON,<0.01%,Tires & Rubber,DE,---,"$7,429,554.98","89,337",CON.DE,8.61372135109573e-05
,6728469,Phison Electronics Corp,8299,<0.01%,Semiconductors,TW,---,"$7,418,373.54","150,733",8299.TWO,8.600757747121701e-05
,2892807,Timken Co/The,TKR,<0.01%,Industrial Machinery & Supplies & Components,US,---,"$7,404,041.40","53,828",TKR,8.584141265965399e-05
,2515030,Lithia Motors Inc,LAD,<0.01%,Automotive Retail,US,---,"$7,397,366.06","19,193",LAD,8.57640197083418e-05
,2657802,OGE Energy Corp,OGE,<0.01%,Electric Utilities,US,---,"$7,388,351.95","156,037",OGE,8.565951138721471e-05
,6121176,Lynas Rare Earths Ltd,LYC,<0.01%,Diversified Metals & Mining,AU,---,"$7,377,663.75","751,690",LYC.AX,8.553559390253006e-05
,BJLT387,Avantor Inc,AVTR,<0.01%,Life Sciences Tools & Services,US,---,"$7,369,668.02","534,809",AVTR,8.544289253561912e-05
,B0LLFT5,GameStop Corp,GME,<0.01%,Computer & Electronics Retail,US,---,"$7,357,128.72","338,726",GME,8.52975136583801e-05
,BDX85Z1,CNH Industrial NV,CNH,<0.01%,Agricultural & Farm Machinery,US,---,"$7,355,020.75","717,563",CNH,8.527307415124227e-05
,BNDPYV1,Eurofins Scientific SE,ERF,<0.01%,Life Sciences Tools & Services,FR,---,"$7,338,622.74","93,058",ERF.PA,8.508295793400893e-05
,BYXB201,Viavi Solutions Inc,VIAV,<0.01%,Communications Equipment,US,---,"$7,323,933.40","198,212",VIAV,8.491265179598031e-05
,BQXZP64,Wayfair Inc,W,<0.01%,Homefurnishing Retail,US,---,"$7,313,795.40","86,146",W,8.479511325256487e-05
,BZBFKT7,Bid Corp Ltd,BID,<0.01%,Food Distributors,ZA,---,"$7,299,891.45","266,112",BID.JO,8.463391281552393e-05
,6191997,CSPC Pharmaceutical Group Ltd,1093,<0.01%,Pharmaceuticals,HK,---,"$7,292,036.54","6,666,000",1093.HK,8.454284409584951e-05
,BQKY081,Wise Group PLC,WISE,<0.01%,Transaction & Payment Processing Services,GB,---,"$7,269,926.71","608,669",WISE.L,8.428650584241067e-05
,6642406,MINEBEA MITSUMI Inc,6479,<0.01%,Industrial Machinery & Supplies & Components,JP,---,"$7,260,026.10","318,784",6479.T,8.41717195652037e-05
,6986427,Yokogawa Electric Corp,6841,<0.01%,Electronic Equipment & Instruments,JP,---,"$7,254,199.44","203,400",6841.T,8.410416609022078e-05
,BNXKS92,Core & Main Inc,CNM,<0.01%,Trading Companies & Distributors,US,---,"$7,231,789.87","164,471",CNM,8.384435269345947e-05
,B011108,Cipla Ltd/India,CIPLA,<0.01%,Pharmaceuticals,IN,---,"$7,230,754.60","468,517",CIPLA.NS,8.383234991896333e-05
,2350684,Franklin Resources Inc,BEN,<0.01%,Asset Management & Custody Banks,US,---,"$7,226,976.82","213,437",BEN,8.378855086998485e-05
,B019KW7,J Sainsbury PLC,SBRY,<0.01%,Food Retail,GB,---,"$7,222,974.24","1,497,825",SBRY.L,8.374214552148379e-05
,BDDRN32,Trent Ltd,TRENT,<0.01%,Apparel Retail,IN,---,"$7,206,561.35","228,831",TRENT.NS,8.355185678762723e-05
,2310257,Prosperity Bancshares Inc,PB,<0.01%,Regional Banks,US,---,"$7,191,937.33","96,059",PB,8.338230796047412e-05
,BH0VTS2,Mebuki Financial Group Inc,7167,<0.01%,Regional Banks,JP,---,"$7,188,090.39","775,750",7167.T,8.333770708020124e-05
,B1VRCG6,CMOC Group Ltd,3993,<0.01%,Diversified Metals & Mining,HK,---,"$7,183,367.67","3,333,000",3993.HK,8.328295253001787e-05
,B17MTL9,Home BancShares Inc/AR,HOMB,<0.01%,Regional Banks,US,---,"$7,181,488.73","231,139",HOMB,8.326116836442653e-05
,B8P4LP4,Xero Ltd,XRO,<0.01%,Application Software,AU,---,"$7,168,535.80","143,586",XRO.AX,8.31109939192537e-05
,2854238,Stantec Inc,STN,<0.01%,Construction & Engineering,CA,---,"$7,160,277.96","101,462",STN.TO,8.30152536859377e-05
,BMW5M00,Li Auto Inc,2015,<0.01%,Automobile Manufacturers,HK,---,"$7,160,010.48","1,051,297",2015.HK,8.301215256050933e-05
,BLFJ7Y1,Akeso Inc,9926,<0.01%,Biotechnology,HK,---,"$7,153,069.95","597,000",9926.HK,8.293168503370611e-05
,BD6JX35,Krystal Biotech Inc,KRYS,<0.01%,Biotechnology,US,---,"$7,148,510.72","20,956",KRYS,8.287882596354474e-05
,BSTJWN0,Alteogen Inc,196170,<0.01%,Biotechnology,KR,---,"$7,146,845.81","33,345",196170.KQ,8.285952323161361e-05
,2663520,Oshkosh Corp,OSK,<0.01%,Construction Machinery & Heavy Transportation Equipment,US,---,"$7,130,041.47","50,067",OSK,8.266469608161777e-05
,BDD19F8,Crinetics Pharmaceuticals Inc,CRNX,<0.01%,Pharmaceuticals,US,---,"$7,128,599.04","85,352",CRNX,8.264797275145614e-05
,BZ60N32,SBI Life Insurance Co Ltd,SBILIFE,<0.01%,Life & Health Insurance,IN,---,"$7,125,454.51","361,447",SBILIFE.NS,8.261151551374394e-05
,2547419,MGM Resorts International,MGM,<0.01%,Casinos & Gaming,US,---,"$7,122,464.28","159,804",MGM,8.257684720848876e-05
,B1VP0K0,Rexel SA,RXL,<0.01%,Trading Companies & Distributors,FR,---,"$7,121,075.88","171,610",RXL.PA,8.256075029453354e-05
,BLDDYB1,Chord Energy Corp,CHRD,<0.01%,Oil & Gas Exploration & Production,US,---,"$7,118,950.56","50,712",CHRD,8.253610963394055e-05
,2512149,Kratos Defense & Security Solutions Inc,KTOS,<0.01%,Aerospace & Defense,US,---,"$7,117,963.60","152,746",KTOS,8.252466695877689e-05
,BJ1C2K1,Element Solutions Inc,ESI,<0.01%,Specialty Chemicals,US,---,"$7,111,809.52","193,624",ESI,8.245331742245196e-05
,BBGVT40,News Corp,NWSA,<0.01%,Publishing,US,---,"$7,104,251.44","257,774",NWSA,8.236569010797008e-05
,6747204,Rohm Co Ltd,6963,<0.01%,Semiconductors,JP,---,"$7,101,128.78","267,800",6963.T,8.23294864279561e-05
,B1W0JF2,China CITIC Bank Corp Ltd,998,<0.01%,Diversified Banks,HK,---,"$7,091,047.77","7,191,525",0998.HK,8.221260861856999e-05
,BD83175,Hyosung Heavy Industries Corp,298040,<0.01%,Heavy Electrical Equipment,KR,---,"$7,090,842.97","4,363",298040.KS,8.221023419622916e-05
,6211732,Hanwha Ocean Co Ltd,042660,<0.01%,Construction Machinery & Heavy Transportation Equipment,KR,---,"$7,085,608.61","119,689",042660.KS,8.214954776398295e-05
,B0CCGJ4,Western Alliance Bancorp,WAL,<0.01%,Regional Banks,US,---,"$7,070,563.56","87,844",WAL,8.197511757433879e-05
,B7D65M0,Globus Medical Inc,GMED,<0.01%,Health Care Equipment,US,---,"$7,067,620.58","89,702",GMED,8.194099707892542e-05
,2339177,Finning International Inc,FTT,<0.01%,Trading Companies & Distributors,CA,---,"$7,067,583.62","106,649",FTT.TO,8.19405685698936e-05
,B128R96,Equatorial SA,EQTL3,<0.01%,Electric Utilities,BR,---,"$7,061,956.38","925,973",EQTL3.SA,8.187532714228963e-05
,7097328,Groupe Bruxelles Lambert NV,GBLB,<0.01%,Multi-Sector Holdings,BE,---,"$7,059,071.53","78,263",GBLB.BR,8.184188059790494e-05
,6247306,APA Group,APA,<0.01%,Gas Utilities,AU,---,"$7,058,310.97","986,706",APA.AX,8.183306277243837e-05
,4852832,Storebrand ASA,STB,<0.01%,Life & Health Insurance,NO,---,"$7,057,363.66","331,560",STB.OL,8.182207979378748e-05
,B64BRQ5,STAG Industrial Inc,STAG,<0.01%,Industrial REITs,US,---,"$7,054,187.50","184,375",STAG,8.178525584231239e-05
,B0CCH46,Heineken Holding NV,HEIO,<0.01%,Brewers,NL,---,"$7,046,644.51","83,763",HEIO.AS,8.169780347916412e-05
,2062161,Agree Realty Corp,ADC,<0.01%,Retail REITs,US,---,"$7,045,490.20","90,559",ADC,8.168442057168238e-05
,BN320L4,PrairieSky Royalty Ltd,PSK,<0.01%,Oil & Gas Exploration & Production,CA,---,"$7,041,829.80","284,730",PSK.TO,8.164198240988341e-05
,BMX6JW3,JFrog Ltd,FROG,<0.01%,Systems Software,US,---,"$7,031,413.96","88,124",FROG,8.152122262865948e-05
,6716538,Taiwan Union Technology Corp,6274,<0.01%,Electronic Components,TW,---,"$7,031,218.91","210,000",6274.TWO,8.151896124644473e-05
,2298386,Eastman Chemical Co,EMN,<0.01%,Specialty Chemicals,US,---,"$7,029,065.65","100,487",EMN,8.149399665342888e-05
,6410562,Harmony Gold Mining Co Ltd,HAR,<0.01%,Gold,ZA,---,"$7,024,501.15","445,205",HAR.JO,8.144107648363012e-05
,6459286,Infratil Ltd,IFT,<0.01%,Multi-Sector Holdings,NZ,---,"$7,020,008.72","808,685",IFT.NZ,8.138899188325572e-05
,0371847,Games Workshop Group PLC,GAW,<0.01%,Leisure Products,GB,---,"$7,015,792.82","27,216",GAW.L,8.13401133327344e-05
,B0704T9,Raiffeisen Bank International AG,RBI,<0.01%,Diversified Banks,AT,---,"$7,013,264.56","102,147",RBI.VI,8.131080104256123e-05
,2416962,Henry Schein Inc,HSIC,<0.01%,Health Care Distributors,US,---,"$7,002,173.50","81,658",HSIC,8.118221285580515e-05
,B0L6750,Sanlam Ltd,SLM,<0.01%,Life & Health Insurance,ZA,---,"$6,989,355.07","1,312,810",SLM.JO,8.103359778467942e-05
,2239556,Cullen/Frost Bankers Inc,CFR,<0.01%,Regional Banks,US,---,"$6,984,450.26","41,989",CFR,8.097673210869506e-05
,2897040,Toro Co/The,TTC,<0.01%,Agricultural & Farm Machinery,US,---,"$6,982,579.35","76,005",TTC,8.095504104179217e-05
,6107585,Gold Circuit Electronics Ltd,2368,<0.01%,Electronic Components,TW,---,"$6,977,152.98","291,100",2368.TW,8.089212847266286e-05
,4732495,Telenor ASA,TEL,<0.01%,Integrated Telecommunication Services,NO,---,"$6,970,338.53","493,078",TEL.OL,8.081312269961319e-05
,6202673,Advantech Co Ltd,2395,<0.01%,"Technology Hardware, Storage & Peripherals",TW,---,"$6,967,031.01","409,015",2395.TW,8.077477577880855e-05
,2923785,Universal Health Services Inc,UHS,<0.01%,Health Care Facilities,US,---,"$6,945,454.96","41,234",UHS,8.052462609547274e-05
,B9CGTC3,Norwegian Cruise Line Holdings Ltd,NCLH,<0.01%,"Hotels, Resorts & Cruise Lines",US,---,"$6,930,590.60","374,020",NCLH,8.035229080022687e-05
,BP3R273,China Merchants Bank Co Ltd,600036,<0.01%,Diversified Banks,CN,---,"$6,925,203.63","1,179,754",600036.SS,8.028983502914551e-05
,6177878,Discovery Ltd,DSY,<0.01%,Life & Health Insurance,ZA,---,"$6,914,433.95","434,764",DSY.JO,8.016497287682255e-05
,B03MP41,Aselsan Elektronik Sanayi Ve Ticaret AS,ASELS,<0.01%,Aerospace & Defense,TR,---,"$6,913,896.44","959,720",ASELS.IS,8.015874106162515e-05
,BD59BS7,Madrigal Pharmaceuticals Inc,MDGL,<0.01%,Biotechnology,US,---,"$6,912,130.12","14,791",MDGL,8.013826259644409e-05
,5393307,Banca Transilvania SA,TLV,<0.01%,Diversified Banks,RO,---,"$6,903,083.12","850,788",TLV.RO,8.003337295329165e-05
,2883890,Tetra Tech Inc,TTEK,<0.01%,Environmental & Facilities Services,US,---,"$6,895,588.84","207,949",TTEK,7.994648532701947e-05
,2296937,IDACORP Inc,IDA,<0.01%,Electric Utilities,US,---,"$6,887,547.45","48,195",IDA,7.985325458450266e-05
,BNRQW72,Lottery Corp Ltd/The,TLC,<0.01%,Casinos & Gaming,AU,---,"$6,876,983.81","1,755,235",TLC.AX,7.973078123090578e-05
,BCGCR79,Sprouts Farmers Market Inc,SFM,<0.01%,Food Retail,US,---,"$6,873,350.44","78,859",SFM,7.968865645111792e-05
,2891826,FormFactor Inc,FORM,<0.01%,Semiconductor Materials & Equipment,US,---,"$6,856,484.40","64,562",FORM,7.949311396001648e-05
,2943620,Watts Water Technologies Inc,WTS,<0.01%,Industrial Machinery & Supplies & Components,US,---,"$6,854,595.17","19,823",WTS,7.947121049361514e-05
,B5367T7,Booz Allen Hamilton Holding Corp,BAH,<0.01%,Research & Consulting Services,US,---,"$6,846,992.04","98,207",BAH,7.938306087578143e-05
,B4YVF56,Brenntag SE,BNR,<0.01%,Trading Companies & Distributors,DE,---,"$6,844,682.32","97,065",BNR.DE,7.935628230757297e-05
,BLD4QD0,Haier Smart Home Co Ltd,6690,<0.01%,Household Appliances,HK,---,"$6,828,281.11","2,368,600",6690.HK,7.916612898999053e-05
,6098032,Bezeq The Israeli Telecommunication Corp Ltd,BEZQ,<0.01%,Integrated Telecommunication Services,IL,---,"$6,817,873.03","2,845,488",BEZQ.TA,7.904545917711312e-05
,BV6JKC9,QIAGEN NV,QIA,<0.01%,Life Sciences Tools & Services,DE,---,"$6,808,368.28","165,457",QIA.DE,7.893526244496398e-05
,BPF0FP9,On Holding AG,ONON,<0.01%,Footwear,US,---,"$6,781,663.68","187,132",ONON,7.862565307561185e-05
,BG0Q4Z2,Jefferies Financial Group Inc,JEF,<0.01%,Investment Banking & Brokerage,US,---,"$6,772,802.40","124,044",JEF,7.85229166439689e-05
,2162760,CAE Inc,CAE,<0.01%,Aerospace & Defense,CA,---,"$6,769,943.37","262,457",CAE.TO,7.848976945302582e-05
,BMF5Q83,FirstCash Holdings Inc,FCFS,<0.01%,Consumer Finance,US,---,"$6,756,199.17","33,117",FCFS,7.833042113497389e-05
,2898087,DaVita Inc,DVA,<0.01%,Health Care Services,US,---,"$6,755,172.24","28,136",DVA,7.831851505326255e-05
,BP8XZL1,HealthEquity Inc,HQY,<0.01%,Managed Health Care,US,---,"$6,746,805.99","67,059",HQY,7.822151792968301e-05
,BLLHKZ1,WH Group Ltd,288,<0.01%,Packaged Foods & Meats,HK,---,"$6,746,595.81","6,270,258",0288.HK,7.821908113238028e-05
,BW0BGZ3,CAR Group Ltd,CAR,<0.01%,Interactive Media & Services,AU,---,"$6,744,135.61","369,362",CAR.AX,7.819055792025653e-05
,BDCBCD8,Protagonist Therapeutics Inc,PTGX,<0.01%,Biotechnology,US,---,"$6,742,364.16","49,344",PTGX,7.817001997857834e-05
,BYZFYS3,SPIE SA,SPIE,<0.01%,Diversified Support Services,FR,---,"$6,737,865.37","125,284",SPIE.PA,7.811786164126016e-05
,7184725,Swatch Group AG/The,UHR,<0.01%,"Apparel, Accessories & Luxury Goods",CH,---,"$6,732,334.36","30,112",UHR.SW,7.805373589071605e-05
,6173694,Capcom Co Ltd,9697,<0.01%,Interactive Home Entertainment,JP,---,"$6,727,231.52","267,800",9697.T,7.799457428281684e-05
,2360757,First Industrial Realty Trust Inc,FR,<0.01%,Industrial REITs,US,---,"$6,699,351.68","101,752",FR,7.767133934651231e-05
,6307200,Eisai Co Ltd,4523,<0.01%,Pharmaceuticals,JP,---,"$6,694,994.08","222,700",4523.T,7.762081794615848e-05
,BMTX0G9,Corebridge Financial Inc,CRBG,<0.01%,Diversified Financial Services,US,---,"$6,690,816.42","214,518",CRBG,7.757238274480862e-05
,BN48ZR2,Phillips Edison & Co Inc,PECO,<0.01%,Retail REITs,US,---,"$6,675,051.53","157,097",PECO,7.73896068316399e-05
,5258246,Subsea 7 SA,SUBC,<0.01%,Oil & Gas Equipment & Services,NO,---,"$6,674,267.77","197,529",SUBC.OL,7.738052002864252e-05
,2983563,CarMax Inc,KMX,<0.01%,Automotive Retail,US,---,"$6,672,049.72","116,522",KMX,7.735480426949648e-05
,6870564,Taiyo Yuden Co Ltd,6976,<0.01%,Electronic Components,JP,---,"$6,666,472.60","107,800",6976.T,7.729014392610991e-05
,BJYRDP5,Gaztransport Et Technigaz SA,GTT,<0.01%,Oil & Gas Storage & Transportation,FR,---,"$6,655,812.82","29,448",GTT.PA,7.71665559389005e-05
,6194037,Kakao Corp,035720,<0.01%,Interactive Media & Services,KR,---,"$6,652,829.85","258,152",035720.KS,7.713197180506226e-05
,2211811,NNN REIT Inc,NNN,<0.01%,Retail REITs,US,---,"$6,650,804.16","139,958",NNN,7.710848624065005e-05
,BPCR7W4,DPM Metals Inc,DPM,<0.01%,Gold,CA,---,"$6,634,775.02","188,737",DPM.TO,7.69226466502178e-05
,BW0WZZ9,Viper Energy Inc,VNOM,<0.01%,Oil & Gas Exploration & Production,US,---,"$6,626,949.33","148,553",VNOM,7.683191670310588e-05
,BN2RYW9,NOV Inc,NOV,<0.01%,Oil & Gas Equipment & Services,US,---,"$6,618,479.76","340,632",NOV,7.673372170200556e-05
,2321583,ESCO Technologies Inc,ESE,<0.01%,Industrial Machinery & Supplies & Components,US,---,"$6,614,153.62","20,978",ESE,7.668356504445857e-05
,BMQ8XV3,StoneX Group Inc,SNEX,<0.01%,Investment Banking & Brokerage,US,---,"$6,603,243.66","86,238",SNEX,7.655707650558299e-05
,BN770G0,Compass Inc,COMP,<0.01%,Real Estate Services,US,---,"$6,603,215.82","579,738",COMP,7.655675373254604e-05
,B3P6D26,Alkermes PLC,ALKS,<0.01%,Biotechnology,US,---,"$6,581,512.56","134,344",ALKS,7.630512919439586e-05
,6801575,Shoprite Holdings Ltd,SHP,<0.01%,Food Retail,ZA,---,"$6,571,098.36","377,802",SHP.JO,7.618438842710084e-05
,2356585,Fulton Financial Corp,FULT,<0.01%,Regional Banks,US,---,"$6,570,803.10","270,070",FULT,7.618096522426706e-05
,6352493,King Yuan Electronics Co Ltd,2449,<0.01%,Semiconductors,TW,---,"$6,559,993.10","971,250",2449.TW,7.605563560754572e-05
,BD6FXN3,Redeia Corp SA,RED,<0.01%,Electric Utilities,ES,---,"$6,535,844.08","370,575",RED.MC,7.5775655272597e-05
,B5LMKP4,NEXTDC Ltd,NXT,<0.01%,Internet Services & Infrastructure,AU,---,"$6,535,544.60","694,857",NXT.AX,7.577218314367787e-05
,7153639,Erste Bank Polska SA,EBP,<0.01%,Diversified Banks,PL,---,"$6,522,106.42","33,081",EBP.WA,7.56163827783835e-05
,BG49KP9,Tritax Big Box REIT PLC,BBOX,<0.01%,Industrial REITs,GB,---,"$6,505,833.83","2,829,708",BBOX.L,7.542772066295674e-05
,6365866,GPT Group/The,GPT,<0.01%,Diversified REITs,AU,---,"$6,487,868.05","1,801,244",GPT.AX,7.521942794126387e-05
,6805265,Shiseido Co Ltd,4911,<0.01%,Personal Care Products,JP,---,"$6,473,264.08","327,700",4911.T,7.505011157098545e-05
,BMWP7H2,Dutch Bros Inc,BROS,<0.01%,Restaurants,US,---,"$6,472,010.62","98,314",BROS,7.503557913237532e-05
,B1TK1Y8,Fukuoka Financial Group Inc,8354,<0.01%,Regional Banks,JP,---,"$6,461,780.04","141,364",8354.T,7.491696722948569e-05
,B012877,PSP Swiss Property AG,PSPN,<0.01%,Real Estate Operating Companies,CH,---,"$6,451,491.17","35,759",PSPN.SW,7.479767952054992e-05
,0136701,British Land Co PLC/The,BLND,<0.01%,Diversified REITs,GB,---,"$6,446,320.83","1,078,047",BLND.L,7.473773532716241e-05
,2465737,InterDigital Inc,IDCC,<0.01%,Application Software,US,---,"$6,434,246.10","21,108",IDCC,7.459774260903906e-05
,B8QV5C9,Ryman Hospitality Properties Inc,RHP,<0.01%,Hotel & Resort REITs,US,---,"$6,431,505.30","48,122",RHP,7.456596616005572e-05
,BPBLV81,Vibra Energia SA,VBBR3,<0.01%,Automotive Retail,BR,---,"$6,417,407.06","902,380",VBBR3.SA,7.440251315213292e-05
,0096162,Balfour Beatty PLC,BBY,<0.01%,Construction & Engineering,GB,---,"$6,414,353.75","550,223",BBY.L,7.436711350624659e-05
,6196152,CITIC Ltd,267,<0.01%,Industrial Conglomerates,HK,---,"$6,414,158.29","4,075,000",0267.HK,7.436484737054962e-05
,6776349,Sanrio Co Ltd,8136,<0.01%,Other Specialty Retail,JP,---,"$6,411,111.42","798,980",8136.T,7.432952238911577e-05
,BMF0P92,Aurora Innovation Inc,AUR,<0.01%,Application Software,US,---,"$6,406,823.70","993,306",AUR,7.42798111676349e-05
,BQV0SV7,Zalando SE,ZAL,<0.01%,Apparel Retail,DE,---,"$6,376,204.73","195,498",ZAL.DE,7.39248191440917e-05
,BD3DWQ6,BSE Ltd,BSE,<0.01%,Financial Exchanges & Data,IN,---,"$6,365,032.99","166,642",BSE.NS,7.379529556478456e-05
,2764188,SM Energy Co,SM,<0.01%,Oil & Gas Exploration & Production,US,---,"$6,363,643.68","195,684",SM,7.377918810041755e-05
,7268298,Public Power Corp SA,PPC,<0.01%,Electric Utilities,GR,---,"$6,360,671.51","246,843",PPC.AT,7.374472918025745e-05
,6957995,West Japan Railway Co,9021,<0.01%,Rail Transportation,JP,---,"$6,356,560.33","336,864",9021.T,7.369706473865966e-05
,6743956,Weichai Power Co Ltd,2338,<0.01%,Construction Machinery & Heavy Transportation Equipment,HK,---,"$6,340,373.06","1,516,400",2338.HK,7.350939181129011e-05
,BD8FDD1,Trade Desk Inc/The,TTD,<0.01%,Advertising,US,---,"$6,336,135.08","351,227",TTD,7.346025726836017e-05
,B8F0TD6,Talanx AG,TLX,<0.01%,Multi-line Insurance,DE,---,"$6,321,948.34","47,564",TLX.DE,7.329577820390826e-05
,BQ721R4,Praxis Precision Medicines Inc,PRAX,<0.01%,Biotechnology,US,---,"$6,321,904.71","20,537",PRAX,7.329527236383634e-05
,6346913,LG Chem Ltd,051910,<0.01%,Commodity Chemicals,KR,---,"$6,321,337.70","35,690",051910.KS,7.328869852979589e-05
,BWTN5N1,Etsy Inc,ETSY,<0.01%,Broadline Retail,US,---,"$6,303,899.04","77,178",ETSY,7.308651716310453e-05
,BP3R2M8,China Yangtze Power Co Ltd,600900,<0.01%,Renewable Electricity,CN,---,"$6,303,849.08","1,462,294",600900.SS,7.308593793390458e-05
,BR9YYP4,Qorvo Inc,QRVO,<0.01%,Semiconductors,US,---,"$6,292,531.89","69,477",QRVO,7.295472802779334e-05
,6594143,Sojitz Corp,2768,<0.01%,Trading Companies & Distributors,JP,---,"$6,286,485.44","188,159",2768.T,7.288462633852188e-05
,BRBTW19,J&T Global Express Ltd,1519,<0.01%,Air Freight & Logistics,HK,---,"$6,285,715.82","4,886,400",1519.HK,7.287570347269199e-05
,BQB7ZL7,Midea Group Co Ltd,300,<0.01%,Household Appliances,HK,---,"$6,273,843.36","495,182",0300.HK,7.273805584444598e-05
,6986041,Yaskawa Electric Corp,6506,<0.01%,Industrial Machinery & Supplies & Components,JP,---,"$6,273,079.20","210,663",6506.T,7.272919628108671e-05
,BVZHXQ9,Hiscox Ltd,HSX,<0.01%,Property & Casualty Insurance,GB,---,"$6,261,968.57","256,492",HSX.L,7.260038120250831e-05
,B15F6S6,Charter Hall Group,CHC,<0.01%,Diversified REITs,AU,---,"$6,236,390.84","381,392",CHC.AX,7.230383660514459e-05
,6555805,Makita Corp,6586,<0.01%,Industrial Machinery & Supplies & Components,JP,---,"$6,232,713.23","193,500",6586.T,7.226119891303077e-05
,0673123,Associated British Foods PLC,ABF,<0.01%,Packaged Foods & Meats,GB,---,"$6,215,207.01","221,225",ABF.L,7.205823426521955e-05
,BD1MGQ3,Kinsale Capital Group Inc,KNSL,<0.01%,Property & Casualty Insurance,US,---,"$6,209,549.24","17,422",KNSL,7.199263887709768e-05
,7751259,Yara International ASA,YAR,<0.01%,Fertilizers & Agricultural Chemicals,NO,---,"$6,202,242.98","131,482",YAR.OL,7.190793112821087e-05
,BMHVLR3,Tenaris SA,TEN,<0.01%,Oil & Gas Equipment & Services,IT,---,"$6,197,271.87","216,011",TEN.MI,7.18502967793691e-05
,2516378,Lincoln National Corp,LNC,<0.01%,Life & Health Insurance,US,---,"$6,193,245.07","135,787",LNC,7.180361062760098e-05
,6467104,Isuzu Motors Ltd,7202,<0.01%,Automobile Manufacturers,JP,---,"$6,187,431.36","414,720",7202.T,7.17362072930932e-05
,2910118,UGI Corp,UGI,<0.01%,Gas Utilities,US,---,"$6,186,453.00","171,275",UGI,7.172486432511767e-05
,B62G1B5,Edenred SE,EDEN,<0.01%,Transaction & Payment Processing Services,FR,---,"$6,184,620.79","187,841",EDEN.PA,7.170362194056143e-05
,6777450,Sasol Ltd,SOL,<0.01%,Diversified Chemicals,ZA,---,"$6,184,383.60","521,871",SOL.JO,7.170087199312477e-05
,BD2P9X9,Knorr-Bremse AG,KBX,<0.01%,Construction Machinery & Heavy Transportation Equipment,DE,---,"$6,180,494.21","51,965",KBX.DE,7.165577895353368e-05
,BF1HPT8,Food & Life Cos Ltd,3563,<0.01%,Restaurants,JP,---,"$6,179,679.04","177,000",3563.T,7.164632798742242e-05
,B4TPSL0,Alchip Technologies Ltd,3661,<0.01%,Semiconductors,TW,---,"$6,172,791.40","66,882",3661.TW,7.156647365982627e-05
,2416779,Hexcel Corp,HXL,<0.01%,Aerospace & Defense,US,---,"$6,167,322.70","59,906",HXL,7.15030703226418e-05
,BNGDN82,Melrose Industries PLC,MRO,<0.01%,Aerospace & Defense,GB,---,"$6,160,060.95","1,001,428",MRO.L,7.141887861642293e-05
,B611LV1,Tata Motors Passenger Vehicles Limited,TMPV,<0.01%,Automobile Manufacturers,IN,---,"$6,158,252.29","1,730,063",TMPV.NS,7.139790926724816e-05
,BSFWCF5,Axalta Coating Systems Ltd,AXTA,<0.01%,Specialty Chemicals,US,---,"$6,147,538.51","171,671",AXTA,7.127369521164809e-05
,6229597,Rakuten Group Inc,4755,<0.01%,Broadline Retail,JP,---,"$6,145,916.50","1,178,700",4755.T,7.125488985627176e-05
,2415497,Hancock Whitney Corp,HWC,<0.01%,Regional Banks,US,---,"$6,139,210.00","79,730",HWC,7.117713564031047e-05
,BMZ8604,Cipher Digital Inc,CIFR,<0.01%,Application Software,US,---,"$6,138,200.88","275,009",CIFR,7.116543604522945e-05
,2626103,National Fuel Gas Co,NFG,<0.01%,Gas Utilities,US,---,"$6,137,774.39","74,569",NFG,7.116049138026779e-05
,B828K63,TG Therapeutics Inc,TGTX,<0.01%,Biotechnology,US,---,"$6,135,949.93","117,931",TGTX,7.113933884811947e-05
,2731654,Repligen Corp,RGEN,<0.01%,Life Sciences Tools & Services,US,---,"$6,135,204.09","43,509",RGEN,7.113069168425865e-05
,BMFX6P4,Jackson Financial Inc,JXN,<0.01%,Diversified Financial Services,US,---,"$6,124,516.08","50,086",JXN,7.100677640240725e-05
,6628008,Nedbank Group Ltd,NED,<0.01%,Diversified Banks,ZA,---,"$6,124,101.79","362,039",NED.JO,7.100197318252643e-05
,5108664,HOCHTIEF AG,HOT,<0.01%,Construction & Engineering,DE,---,"$6,118,516.20","11,938",HOT.DE,7.093721463915342e-05
,2809250,Simpson Manufacturing Co Inc,SSD,<0.01%,Building Products,US,---,"$6,111,687.96","32,554",SSD,7.085804898678696e-05
,BNDLH43,Nordnet AB publ,SAVE,<0.01%,Investment Banking & Brokerage,SE,---,"$6,111,500.06","159,531",SAVE.ST,7.085587050066467e-05
,6985264,Yamaha Motor Co Ltd,7272,<0.01%,Motorcycle Manufacturers,JP,---,"$6,111,381.17","730,600",7272.T,7.085449210675793e-05
,2963811,Wynn Resorts Ltd,WYNN,<0.01%,Casinos & Gaming,US,---,"$6,093,959.53","61,363",WYNN,7.065250806754822e-05
,BKY83Q6,Oscar Health Inc,OSCR,<0.01%,Life & Health Insurance,US,---,"$6,079,720.36","194,738",OSCR,7.048742113706442e-05
,BKSHP63,NIPPON EXPRESS HOLDINGS INC,9147,<0.01%,Air Freight & Logistics,JP,---,"$6,069,279.17","183,900",9147.T,7.036636745151265e-05
,6055208,AGC Inc,5201,<0.01%,Building Products,JP,---,"$6,068,020.40","160,900",5201.T,7.035177344951077e-05
,B86SZR5,ALS Ltd,ALQ,<0.01%,Research & Consulting Services,AU,---,"$6,065,336.12","401,858",ALQ.AX,7.032065228544299e-05
,6490809,Kikkoman Corp,2801,<0.01%,Packaged Foods & Meats,JP,---,"$6,062,485.21","588,650",2801.T,7.028759923663568e-05
,B61KF83,Capital Power Corp,CPX,<0.01%,Independent Power Producers & Energy Traders,CA,---,"$6,059,607.71","128,961",CPX.TO,7.025423790711527e-05
,2696838,Fluor Corp,FLR,<0.01%,Construction & Engineering,US,---,"$6,057,475.63","120,739",FLR,7.022951887203486e-05
,7127979,LPP SA,LPP,<0.01%,"Apparel, Accessories & Luxury Goods",PL,---,"$6,037,918.57","1,038",LPP.WA,7.000277707425539e-05
,2020415,Hanover Insurance Group Inc/The,THG,<0.01%,Property & Casualty Insurance,US,---,"$6,036,981.13","25,951",THG,6.999190852699367e-05
,BNHPMD5,Cambricon Technologies Corp Ltd,688256,<0.01%,Semiconductors,CN,---,"$6,029,548.30","36,857",688256.SS,6.990573334336233e-05
,BL95MY0,Paycom Software Inc,PAYC,<0.01%,Human Resource & Employment Services,US,---,"$5,991,918.20","36,545",PAYC,6.946945526656443e-05
,BNGNB77,Merlin Properties Socimi SA,MRL,<0.01%,Diversified REITs,ES,---,"$5,985,887.42","344,410",MRL.MC,6.939953525306482e-05
,6804400,Shimizu Corp,1803,<0.01%,Construction & Engineering,JP,---,"$5,985,134.45","406,300",1803.T,6.939080542498872e-05
,7106354,NKT A/S,NKT,<0.01%,Electrical Components & Equipment,DK,---,"$5,976,921.71","43,791",NKT.CO,6.92955880747175e-05
,BMZMBC3,South Bow Corp,SOBO,<0.01%,Oil & Gas Storage & Transportation,CA,---,"$5,975,669.89","161,158",SOBO.TO,6.928107465003626e-05
,B01B1L9,China Mengniu Dairy Co Ltd,2319,<0.01%,Packaged Foods & Meats,HK,---,"$5,957,840.40","2,469,236",2319.HK,6.907436205539827e-05
,B1G5XP1,Aedifica SA,AED,<0.01%,Health Care REITs,BE,---,"$5,954,035.16","73,630",AED.BR,6.903024463904927e-05
,2213260,Commercial Metals Co,CMC,<0.01%,Steel,US,---,"$5,949,983.76","86,583",CMC,6.898327327834762e-05
,2833583,First Majestic Silver Corp,AG,<0.01%,Silver,CA,---,"$5,949,088.70","396,375",AG.TO,6.897289607883398e-05
,2333986,Federal Signal Corp,FSS,<0.01%,Construction Machinery & Heavy Transportation Equipment,US,---,"$5,948,369.70","47,606",FSS,6.896456009415103e-05
,6129222,ASX Ltd,ASX,<0.01%,Financial Exchanges & Data,AU,---,"$5,947,411.93","154,183",ASX.AX,6.895345584373409e-05
,B0M0C89,SUMCO Corp,3436,<0.01%,Semiconductor Materials & Equipment,JP,---,"$5,940,959.15","292,226",3436.T,6.887864322170013e-05
,6911485,Unicharm Corp,8113,<0.01%,Household Products,JP,---,"$5,940,174.72","936,500",8113.T,6.886954865081717e-05
,BY7QXS7,Vicinity Ltd,VCX,<0.01%,Retail REITs,AU,---,"$5,936,823.41","3,158,984",VCX.AX,6.883069403492315e-05
,B1VQF42,Orkla ASA,ORK,<0.01%,Packaged Foods & Meats,NO,---,"$5,932,418.68","534,070",ORK.OL,6.877962621599059e-05
,6458001,Orica Ltd,ORI,<0.01%,Commodity Chemicals,AU,---,"$5,897,616.96","361,028",ORI.AX,6.837613997835478e-05
,6850856,Stockland,SGP,<0.01%,Diversified REITs,AU,---,"$5,893,417.73","1,968,824",SGP.AX,6.832745469746445e-05
,BD9F675,Riot Platforms Inc,RIOT,<0.01%,Application Software,US,---,"$5,884,073.08","291,724",RIOT,6.8219114142155e-05
,6348544,Formosa Plastics Corp,1301,<0.01%,Commodity Chemicals,TW,---,"$5,883,623.04","3,499,089",1301.TW,6.821389644181187e-05
,BHZJ5Y9,Eldorado Gold Corp,ELD,<0.01%,Gold,CA,---,"$5,880,542.20","194,839",ELD.TO,6.817817761698489e-05
,2677606,Axis Capital Holdings Ltd,AXS,<0.01%,Property & Casualty Insurance,US,---,"$5,862,005.88","55,659",AXS,6.796327013492902e-05
,BN4L6W3,Maplebear Inc,CART,<0.01%,Food Retail,US,---,"$5,859,235.80","131,373",CART,6.793115421775164e-05
,2190084,Chemed Corp,CHE,<0.01%,Health Care Services,US,---,"$5,856,346.75","11,003",CHE,6.789765897915877e-05
,2568131,Silicon Laboratories Inc,SLAB,<0.01%,Semiconductors,US,---,"$5,849,010.00","26,892",SLAB,6.781259773350845e-05
,B2Q4CL4,Isetan Mitsukoshi Holdings Ltd,3099,<0.01%,Broadline Retail,JP,---,"$5,843,204.28","261,800",3099.T,6.774528703393477e-05
,6243898,Commercial International Bank - Egypt (CIB),COMI,<0.01%,Diversified Banks,EG,---,"$5,840,633.92","2,107,877",COMI.CA,6.771548664229407e-05
,B4NFPK4,First American Financial Corp,FAF,<0.01%,Property & Casualty Insurance,US,---,"$5,838,496.43","77,857",FAF,6.769070488443601e-05
,2437264,Hormel Foods Corp,HRL,<0.01%,Packaged Foods & Meats,US,---,"$5,830,406.23","233,123",HRL,6.759690824565721e-05
,B0D0006,BIM Birlesik Magazalar AS,BIMAS,<0.01%,Food Retail,TR,---,"$5,827,402.45","709,495",BIMAS.IS,6.756208284361141e-05
,6543792,JFE Holdings Inc,5411,<0.01%,Steel,JP,---,"$5,819,425.54","512,900",5411.T,6.746959967312847e-05
,6084848,LY Corp,4689,<0.01%,Interactive Media & Services,JP,---,"$5,815,445.57","2,087,200",4689.T,6.742345646178135e-05
,BRDVMB3,NEWMONT CORP-CDI,NEM,<0.01%,Gold,AU,CDI,"$5,811,702.82","60,975",NEM.AX,6.738006354568665e-05
,6250906,Dai Nippon Printing Co Ltd,7912,<0.01%,Commercial Printing,JP,---,"$5,807,747.81","320,300",7912.T,6.733420971706231e-05
,BMCNFN8,Applied Digital Corp,APLD,<0.01%,Internet Services & Infrastructure,US,---,"$5,799,476.43","211,737",APLD,6.723831250289427e-05
,0242493,DCC Energy plc,DCC,<0.01%,Oil & Gas Refining & Marketing,GB,---,"$5,790,193.89","67,717",DCC.L,6.713069204217268e-05
,BPW6WJ3,UL Solutions Inc,ULS,<0.01%,Research & Consulting Services,US,---,"$5,787,066.00","63,150",ULS,6.70944277262757e-05
,B3N4753,Terreno Realty Corp,TRNO,<0.01%,Industrial REITs,US,---,"$5,777,856.00","80,640",TRNO,6.698764828409221e-05
,BD8GL18,Postal Savings Bank of China Co Ltd,1658,<0.01%,Diversified Banks,HK,---,"$5,776,772.07","8,919,000",1658.HK,6.697508135241295e-05
,B0BV2M7,Builders FirstSource Inc,BLDR,<0.01%,Building Products,US,---,"$5,774,233.96","86,909",BLDR,6.694565486272778e-05
,B020GQ5,EnerSys,ENS,<0.01%,Electrical Components & Equipment,US,---,"$5,769,968.65","31,013",ENS,6.689620345962903e-05
,B0B8Z29,Bank of Communications Co Ltd,3328,<0.01%,Diversified Banks,HK,---,"$5,766,452.73","5,985,058",3328.HK,6.685544037859084e-05
,6010702,Aisin Corp,7259,<0.01%,Automotive Parts & Equipment,JP,---,"$5,762,843.19","418,000",7259.T,6.6813591880465e-05
,2328595,Banco do Brasil SA,BBAS3,<0.01%,Diversified Banks,BR,---,"$5,762,686.84","1,368,240",BBAS3.SA,6.681177918059687e-05
,BDQZFJ3,Lamb Weston Holdings Inc,LW,<0.01%,Packaged Foods & Meats,US,---,"$5,762,422.80","109,656",LW,6.680871793804377e-05
,BYRJ5J1,Primary Health Properties PLC,PHP,<0.01%,Health Care REITs,GB,---,"$5,744,443.33","4,507,126",PHP.L,6.660026649642003e-05
,2066505,Avnet Inc,AVT,<0.01%,Technology Distributors,US,---,"$5,740,751.96","64,619",AVT,6.655746927280516e-05
,2849739,ITAU UNIBANCO H-SPON PRF ADR,ITUB,<0.01%,Diversified Banks,US,ADR,"$5,734,247.22","677,807",ITUB,6.648205423385309e-05
,2543967,Macerich Co/The,MAC,<0.01%,Retail REITs,US,---,"$5,732,965.76","221,864",MAC,6.646719716718854e-05
,BK4Y052,XP Inc,XP,<0.01%,Investment Banking & Brokerage,US,---,"$5,724,585.36","335,556",XP,6.637003599050295e-05
,B7F4TJ7,PBF Energy Inc,PBF,<0.01%,Oil & Gas Refining & Marketing,US,---,"$5,719,444.12","79,129",PBF,6.631042917841485e-05
,B3BRJZ8,JBT Marel Corp,JBTM,<0.01%,Industrial Machinery & Supplies & Components,US,---,"$5,719,226.41","41,303",JBTM,6.63079050793532e-05
,2884224,Terex Corp,TEX,<0.01%,Construction Machinery & Heavy Transportation Equipment,US,---,"$5,713,161.44","90,916",TEX,6.623758867181145e-05
,B3NPHP6,Mosaic Co/The,MOS,<0.01%,Fertilizers & Agricultural Chemicals,US,---,"$5,708,928.68","258,089",MOS,6.618851464882593e-05
,B17ZL56,Mineral Resources Ltd,MIN,<0.01%,Diversified Metals & Mining,AU,---,"$5,708,294.65","140,453",MIN.AX,6.618116379434954e-05
,2616137,Bruker Corp,BRKR,<0.01%,Life Sciences Tools & Services,US,---,"$5,707,065.96","90,819",BRKR,6.616691853562896e-05
,BVYVFW2,Autotrader Group PLC,AUTO,<0.01%,Interactive Media & Services,GB,---,"$5,698,340.06","806,995",AUTO.L,6.606575168062908e-05
,BBGVT51,News Corp,NWS,<0.01%,Publishing,US,---,"$5,693,422.71","182,073",NWS,6.600874061765178e-05
,2933632,Vornado Realty Trust,VNO,<0.01%,Office REITs,US,---,"$5,692,800.36","144,524",VNO,6.600152517944952e-05
,BKPVGH6,Vaxcyte Inc,PCVX,<0.01%,Biotechnology,US,---,"$5,684,024.32","105,104",PCVX,6.589977700835506e-05
,BMD2L36,FULL TRUCK ALLIANCE -SPN ADR,YMM,<0.01%,Cargo Ground Transportation,US,ADR,"$5,671,015.22","597,578",YMM,6.574895133611738e-05
,3319521,Kingfisher PLC,KGF,<0.01%,Home Improvement Retail,GB,---,"$5,659,469.28","1,356,556",KGF.L,6.561508933474018e-05
,BYSZB89,OneMain Holdings Inc,OMF,<0.01%,Consumer Finance,US,---,"$5,658,733.92","90,424",OMF,6.560656367452258e-05
,6324500,Evergreen Marine Corp Taiwan Ltd,2603,<0.01%,Marine Transportation,TW,---,"$5,653,704.85","899,608",2603.TW,6.554825734560818e-05
,0766937,St James's Place PLC,STJ,<0.01%,Asset Management & Custody Banks,GB,---,"$5,651,656.74","397,755",STJ.L,6.552451184687523e-05
,6190950,China Steel Corp,2002,<0.01%,Steel,TW,---,"$5,651,627.76","9,659,678",2002.TW,6.552417585683892e-05
,5636927,thyssenkrupp AG,TKA,<0.01%,Steel,DE,---,"$5,631,548.54","401,311",TKA.DE,6.529138020959902e-05
,BXDZ972,Tryg A/S,TRYG,<0.01%,Property & Casualty Insurance,DK,---,"$5,629,606.68","236,562",TRYG.CO,6.526886655839398e-05
,2161778,City Holding Co,CHCO,<0.01%,Regional Banks,US,---,"$5,629,542.45","38,795",CHCO,6.526812188482488e-05
,BDC6HG1,First Hawaiian Inc,FHB,<0.01%,Regional Banks,US,---,"$5,626,974.78","202,482",FHB,6.523835268066514e-05
,BFPM3C8,Hyundai Rotem Co Ltd,064350,<0.01%,Construction Machinery & Heavy Transportation Equipment,KR,---,"$5,623,739.74","60,516",064350.KS,6.520084608276707e-05
,BYT1DJ1,ICG PLC,ICG,<0.01%,Asset Management & Custody Banks,GB,---,"$5,616,287.49","219,971",ICG.L,6.511444574639227e-05
,BJBT0Q4,Antero Midstream Corp,AM,<0.01%,Oil & Gas Storage & Transportation,US,---,"$5,614,697.14","255,562",AM,6.50960074525946e-05
,B5B82X4,Hyatt Hotels Corp,H,<0.01%,"Hotels, Resorts & Cruise Lines",US,---,"$5,611,694.40","32,240",H,6.506119410816223e-05
,BMV4NR2,Kyoto Financial Group Inc,5844,<0.01%,Regional Banks,JP,---,"$5,609,268.98","203,500",5844.T,6.503307413045751e-05
,6821120,Sonic Healthcare Ltd,SHL,<0.01%,Health Care Services,AU,---,"$5,603,802.47","366,154",SHL.AX,6.496969618382444e-05
,BPJJWP1,OR Royalties Inc,OR,<0.01%,Gold,CA,---,"$5,601,194.95","188,479",OR.TO,6.493946496438012e-05
,BQZDHW6,Hygon Information Technology Co Ltd,688041,<0.01%,Semiconductors,CN,---,"$5,600,692.58","136,497",688041.SS,6.493364055739101e-05
,BYTBXV3,Ryanair Holdings PLC,RYA,<0.01%,Passenger Airlines,IE,---,"$5,598,035.34","199,634",RYA.IR,6.490283289127291e-05
,BN7CQS9,Blue Owl Capital Inc,OWL,<0.01%,Asset Management & Custody Banks,US,---,"$5,592,498.30","542,961",OWL,6.483863722975851e-05
,BG20N99,Foxconn Industrial Internet Co Ltd,601138,<0.01%,Electronic Manufacturing Services,CN,---,"$5,590,459.83","665,900",601138.SS,6.481500349582716e-05
,BKLNP13,Equinox Gold Corp,EQX,<0.01%,Gold,CA,---,"$5,587,665.67","623,652",EQX.TO,6.478260839852299e-05
,B61X7R5,SITC International Holdings Co Ltd,1308,<0.01%,Marine Transportation,HK,---,"$5,576,225.11","1,106,000",1308.HK,6.464996815801629e-05
,BPY0594,Gates Industrial Corp Ltd,GTES,<0.01%,Industrial Machinery & Supplies & Components,US,---,"$5,564,718.36","198,882",GTES,6.451656051997668e-05
,6644800,Nitori Holdings Co Ltd,9843,<0.01%,Homefurnishing Retail,JP,---,"$5,559,429.31","344,600",9843.T,6.445524001957705e-05
,BMJ1825,EXOR NV,EXO,<0.01%,Multi-Sector Holdings,NL,---,"$5,558,887.45","69,416",EXO.AS,6.444895777109264e-05
,2493534,Kirby Corp,KEX,<0.01%,Marine Transportation,US,---,"$5,558,368.90","42,385",KEX,6.444294577546351e-05
,BLH11J8,Procore Technologies Inc,PCOR,<0.01%,Application Software,US,---,"$5,553,842.31","101,403",PCOR,6.439046512886271e-05
,B125XQ6,Portland General Electric Co,POR,<0.01%,Electric Utilities,US,---,"$5,547,257.16","112,452",POR,6.431411782770153e-05
,BMV1ZD3,Zurn Elkay Water Solutions Corp,ZWS,<0.01%,Building Products,US,---,"$5,536,148.55","109,605",ZWS,6.418532616871847e-05
,B00XSF9,Sino Biopharmaceutical Ltd,1177,<0.01%,Pharmaceuticals,HK,---,"$5,524,215.81","8,610,250",1177.HK,6.404697966264674e-05
,BP6QXH4,Grupo Cibest SA,CIBEST,<0.01%,Diversified Banks,CO,---,"$5,522,549.86","194,853",CIBEST.CL,6.402766487310217e-05
,BM91201,Ampol Ltd,ALD,<0.01%,Oil & Gas Refining & Marketing,AU,---,"$5,513,385.73","195,412",ALD.AX,6.392141724123498e-05
,BPQWHP8,Healthcare Realty Trust Inc,HR,<0.01%,Health Care REITs,US,---,"$5,496,636.20","261,620",HR,6.372722555065566e-05
,BZ0RDZ1,LIG Defense&Aerospace Co Ltd,079550,<0.01%,Aerospace & Defense,KR,---,"$5,476,463.66","11,208",079550.KS,6.349334796448585e-05
,2055718,Associated Banc-Corp,ASB,<0.01%,Regional Banks,US,---,"$5,466,964.32","177,039",ASB,6.338321395511438e-05
,BMCCXH5,D-Wave Quantum Inc,QBTS,<0.01%,Application Software,US,---,"$5,465,638.24","302,303",QBTS,6.33678395704574e-05
,2213204,Commerce Bancshares Inc/MO,CBSH,<0.01%,Regional Banks,US,---,"$5,462,619.55","92,165",CBSH,6.333284130397262e-05
,BFMBMT8,Sensata Technologies Holding PLC,ST,<0.01%,Electrical Components & Equipment,US,---,"$5,453,147.16","117,804",ST,6.322301974910352e-05
,2810133,Simmons First National Corp,SFNC,<0.01%,Regional Banks,US,---,"$5,448,841.79","230,981",SFNC,6.317310389600977e-05
,BWFGQN1,Spirax Group PLC,SPX,<0.01%,Industrial Machinery & Supplies & Components,GB,---,"$5,445,028.20","58,076",SPX.L,6.312888967093741e-05
,BPH0546,Life Time Group Holdings Inc,LTH,<0.01%,Leisure Facilities,US,---,"$5,443,209.20","120,692",LTH,6.310780044125969e-05
,2141941,Descartes Systems Group Inc/The,DSG,<0.01%,Application Software,CA,---,"$5,438,271.31","72,413",DSG.TO,6.305055124041674e-05
,6897024,TOPPAN Holdings Inc,7911,<0.01%,Commercial Printing,JP,---,"$5,434,317.40","193,800",7911.T,6.300471016503742e-05
,2197308,Cirrus Logic Inc,CRUS,<0.01%,Semiconductors,US,---,"$5,419,506.30","41,898",CRUS,6.283299235872647e-05
,2692160,Plexus Corp,PLXS,<0.01%,Electronic Manufacturing Services,US,---,"$5,415,622.98","21,547",PLXS,6.278796969386003e-05
,2191399,Eagle Materials Inc,EXP,<0.01%,Construction Materials,US,---,"$5,414,104.92","26,418",EXP,6.277036952013569e-05
,2503994,Landstar System Inc,LSTR,<0.01%,Cargo Ground Transportation,US,---,"$5,412,801.67","30,971",LSTR,6.275525982328167e-05
,2112226,Saputo Inc,SAP,<0.01%,Packaged Foods & Meats,CA,---,"$5,403,556.84","192,112",SAP.TO,6.264807656698622e-05
,6640541,Nippon Sanso Holdings Corp,4091,<0.01%,Industrial Gases,JP,---,"$5,403,170.99","150,300",4091.T,6.264360307645782e-05
,B0LDBX7,Indutrade AB,INDT,<0.01%,Industrial Machinery & Supplies & Components,SE,---,"$5,402,490.87","215,178",INDT.ST,6.263571786101614e-05
,2215460,Conagra Brands Inc,CAG,<0.01%,Packaged Foods & Meats,US,---,"$5,398,808.25","372,075",CAG,6.259302208366828e-05
,6400626,Hachijuni Nagano Bank Ltd,8359,<0.01%,Regional Banks,JP,---,"$5,396,357.76","347,300",8359.T,6.256461144791626e-05
,BGPZ5W8,Arcosa Inc,ACA,<0.01%,Construction & Engineering,US,---,"$5,394,180.00","37,150",ACA,6.25393628053528e-05
,BRBD9F4,Cava Group Inc,CAVA,<0.01%,Restaurants,US,---,"$5,393,999.16","82,692",CAVA,6.253726617187565e-05
,6302410,Technology One Ltd,TNE,<0.01%,Application Software,AU,---,"$5,386,239.48","246,955",TNE.AX,6.244730153540201e-05
,6897466,TOTO Ltd,5332,<0.01%,Building Products,JP,---,"$5,385,837.24","124,100",5332.T,6.24426380215232e-05
,BYVZ186,Cleveland-Cliffs Inc,CLF,<0.01%,Steel,US,---,"$5,385,335.04","467,477",CLF,6.243681558549012e-05
,B1LB9P6,SCOR SE,SCR,<0.01%,Reinsurance,FR,---,"$5,384,628.14","136,109",SCR.PA,6.242861988650212e-05
,6495730,Korea Electric Power Corp,015760,<0.01%,Electric Utilities,KR,---,"$5,380,757.08","223,915",015760.KS,6.238373936234807e-05
,BS7JP33,Globalwafers Co Ltd,6488,<0.01%,Semiconductor Materials & Equipment,TW,---,"$5,379,991.19","213,000",6488.TWO,6.237485974161259e-05
,6290054,MTR Corp Ltd,66,<0.01%,Rail Transportation,HK,---,"$5,376,595.46","1,274,326",0066.HK,6.233549012649795e-05
,2935326,Valley National Bancorp,VLY,<0.01%,Regional Banks,US,---,"$5,374,769.09","376,121",VLY,6.231431545007876e-05
,B08K3S0,Localiza Rent a Car SA,RENT3,<0.01%,Passenger Ground Transportation,BR,---,"$5,372,973.73","724,180",RENT3.SA,6.229350029922985e-05
,6410700,Harel Insurance Investments & Financial Services Ltd,HARL,<0.01%,Multi-line Insurance,IL,---,"$5,367,638.51","93,631",HARL.TA,6.223164451035621e-05
,6192150,China Overseas Land & Investment Ltd,688,<0.01%,Real Estate Development,HK,---,"$5,365,439.57","3,119,480",0688.HK,6.220615030985731e-05
,BD4T6W7,Telkom Indonesia Persero Tbk PT,TLKM,<0.01%,Integrated Telecommunication Services,ID,---,"$5,359,763.29","36,713,040",TLKM.JK,6.214034031940376e-05
,BYXJF62,Zillow Group Inc,Z,<0.01%,Real Estate Services,US,---,"$5,358,761.98","157,333",Z,6.21287312723622e-05
,B1FT462,Armstrong World Industries Inc,AWI,<0.01%,Building Products,US,---,"$5,355,424.92","30,662",AWI,6.209004186896016e-05
,2657750,CNO Financial Group Inc,CNO,<0.01%,Life & Health Insurance,US,---,"$5,349,183.91","97,099",CNO,6.201768447846487e-05
,B0R7JF1,Ipsen SA,IPN,<0.01%,Pharmaceuticals,FR,---,"$5,346,547.56","27,670",IPN.PA,6.198711900806309e-05
,6640507,Nippon Paint Holdings Co Ltd,4612,<0.01%,Specialty Chemicals,JP,---,"$5,342,921.43","708,053",4612.T,6.194507816781501e-05
,2345022,Macy's Inc,M,<0.01%,Broadline Retail,US,---,"$5,337,466.54","215,047",M,6.188183494182454e-05
,2446646,IAMGOLD Corp,IMG,<0.01%,Gold,CA,---,"$5,332,690.83","376,796",IMG.TO,6.18264660330482e-05
,BQPDNZ1,StandardAero Inc,SARO,<0.01%,Aerospace & Defense,US,---,"$5,329,144.20","181,820",SARO,6.178534690459747e-05
,BD978B9,IES Holdings Inc,IESC,<0.01%,Construction & Engineering,US,---,"$5,327,928.24","7,156",IESC,6.177124923570307e-05
,BKM4S16,MSA Safety Inc,MSA,<0.01%,Office Services & Supplies,US,---,"$5,327,560.00","28,000",MSA,6.176697991303318e-05
,BYT9340,Scout24 SE,G24,<0.01%,Interactive Media & Services,DE,---,"$5,325,428.48","62,116",G24.DE,6.174226737051388e-05
,6804369,Shimadzu Corp,7701,<0.01%,Electronic Equipment & Instruments,JP,---,"$5,323,025.00","209,300",7701.T,6.171440176207748e-05
,BP3R217,Industrial & Commercial Bank of China Ltd,601398,<0.01%,Diversified Banks,CN,---,"$5,314,888.13","4,489,385",601398.SS,6.162006403789511e-05
,BP3R400,Zijin Mining Group Co Ltd,601899,<0.01%,Diversified Metals & Mining,CN,---,"$5,312,061.03","1,085,712",601899.SS,6.158728703887266e-05
,BN6TZY0,Amer Sports Inc,AS,<0.01%,"Apparel, Accessories & Luxury Goods",US,---,"$5,306,685.42","149,442",AS,6.152496297403053e-05
,BP3R228,Agricultural Bank of China Ltd,601288,<0.01%,Diversified Banks,CN,---,"$5,306,089.79","5,189,235",601288.SS,6.151805732374305e-05
,B570P91,Lear Corp,LEA,<0.01%,Automotive Parts & Equipment,US,---,"$5,304,898.48","40,607",LEA,6.150424544347511e-05
,BNBRMS2,Terawulf Inc,WULF,<0.01%,Application Software,US,---,"$5,295,757.18","299,873",WULF,6.139826249941085e-05
,2951292,Enpro Inc,NPO,<0.01%,Industrial Machinery & Supplies & Components,US,---,"$5,289,238.08","16,849",NPO,6.132268097264231e-05
,5701513,Elisa Oyj,ELISA,<0.01%,Integrated Telecommunication Services,FI,---,"$5,285,612.30","131,063",ELISA.HE,6.12806441902449e-05
,BP8S8J5,Lantheus Holdings Inc,LNTH,<0.01%,Health Care Supplies,US,---,"$5,270,258.52","52,893",LNTH,6.110263462848508e-05
,2781585,Pool Corp,POOL,<0.01%,Distributors,US,---,"$5,263,207.11","28,341",POOL,6.102088157458639e-05
,BMXNX11,LIGHT & WONDER INC-CDI,LNW,<0.01%,Casinos & Gaming,AU,CDI,"$5,262,194.97","65,794",LNW.AX,6.1009146966050927e-05
,5072673,Stora Enso Oyj,STERV,<0.01%,Paper Products,FI,---,"$5,261,670.50","457,554",STERV.HE,6.100306633477601e-05
,BN70TG2,Core Scientific Inc,CORZ,<0.01%,Application Software,US,---,"$5,255,420.80","253,640",CORZ,6.093060819364527e-05
,2260824,Open Text Corp,OTEX,<0.01%,Application Software,CA,---,"$5,255,387.02","207,295",OTEX.TO,6.0930216553085334e-05
,6396800,Nippon Building Fund Inc,8951,<0.01%,Office REITs,JP,---,"$5,255,043.67","6,230",8951.T,6.092623580156811e-05
,BYW0PQ6,Land Securities Group PLC,LAND,<0.01%,Diversified REITs,GB,---,"$5,253,505.96","551,553",LAND.L,6.0908407808512735e-05
,6099723,Bharat Petroleum Corp Ltd,BPCL,<0.01%,Oil & Gas Refining & Marketing,IN,---,"$5,251,996.92","1,571,525",BPCL.NS,6.089091221139737e-05
,BF1KD82,Ringkjoebing Landbobank A/S,RILBA,<0.01%,Regional Banks,DK,---,"$5,244,646.71","19,518",RILBA.CO,6.080569491240372e-05
,B3N3363,Korea Aerospace Industries Ltd,047810,<0.01%,Aerospace & Defense,KR,---,"$5,242,794.24","58,885",047810.KS,6.07842176362624e-05
,B07DRZ5,Recordati Industria Chimica e Farmaceutica SpA,REC,<0.01%,Pharmaceuticals,IT,---,"$5,241,059.62","87,983",REC.MI,6.0764106696414375e-05
,B0T7Z62,Crocs Inc,CROX,<0.01%,Footwear,US,---,"$5,229,336.51","40,851",CROX,6.062819061102288e-05
,5579107,Acciona SA,ANA,<0.01%,Electric Utilities,ES,---,"$5,229,155.04","19,012",ANA.MC,6.062608667341452e-05
,6595179,MISUMI Group Inc,9962,<0.01%,Industrial Machinery & Supplies & Components,JP,---,"$5,226,871.25","219,700",9962.T,6.0599608733972145e-05
,BVK9DQ0,Coforge Ltd,COFORGE,<0.01%,IT Consulting & Other Services,IN,---,"$5,225,816.43","289,743",COFORGE.NS,6.058737929953089e-05
,BYP20B9,BayCurrent Inc,6532,<0.01%,Research & Consulting Services,JP,---,"$5,221,701.05","115,770",6532.T,6.053966616372491e-05
,BLR6XK8,Cogent Biosciences Inc,COGT,<0.01%,Biotechnology,US,---,"$5,213,661.32","133,924",COGT,6.0446454667014186e-05
,6687872,Kinsus Interconnect Technology Corp,3189,<0.01%,Semiconductor Materials & Equipment,TW,---,"$5,208,029.94","274,669",3189.TW,6.03811652408336e-05
,6002453,ASMPT Ltd,522,<0.01%,Semiconductor Materials & Equipment,HK,---,"$5,200,793.06","271,022",0522.HK,6.029726187389018e-05
,BMW7F63,GLOBALFOUNDRIES Inc,GFS,<0.01%,Semiconductors,US,---,"$5,199,509.89","104,011",GFS,6.0282384981726595e-05
,BQB80M6,Varun Beverages Ltd,VBL,<0.01%,Soft Drinks & Non-alcoholic Beverages,IN,---,"$5,197,257.13","1,121,570",VBL.NS,6.025626679973168e-05
,B11WWH2,Schindler Holding AG,SCHN,<0.01%,Industrial Machinery & Supplies & Components,CH,---,"$5,193,737.36","16,980",SCHN.SW,6.021545908233601e-05
,BMXPBZ7,Lottomatica Group Spa,LTMC,<0.01%,Casinos & Gaming,IT,---,"$5,191,530.36","192,036",LTMC.MI,6.018987143533287e-05
,6537030,LG Corp,003550,<0.01%,Industrial Conglomerates,KR,---,"$5,190,100.31","74,859",003550.KS,6.01732916371467e-05
,2473138,Rayonier Inc,RYN,<0.01%,Timber REITs,US,---,"$5,182,137.18","237,931",RYN,6.0080968230041974e-05
,B8383P2,WEX Inc,WEX,<0.01%,Transaction & Payment Processing Services,US,---,"$5,179,913.76","27,706",WEX,6.005519021187264e-05
,B0CSXQ8,Hanmi Semiconductor Co Ltd,042700,<0.01%,Semiconductor Materials & Equipment,KR,---,"$5,176,814.49","35,811",042700.KS,6.00192577122227e-05
,6659428,Omron Corp,6645,<0.01%,Electronic Components,JP,---,"$5,169,734.57","154,600",6645.T,5.993717411740145e-05
,BFFK0X2,Essential Properties Realty Trust Inc,EPRT,<0.01%,Diversified REITs,US,---,"$5,167,293.18","165,142",EPRT,5.99088689857671e-05
,6408664,Hankyu Hanshin Holdings Inc,9042,<0.01%,Rail Transportation,JP,---,"$5,163,089.07","174,500",9042.T,5.986012712684441e-05
,BSVLTM2,Everus Construction Group Inc,ECG,<0.01%,Construction & Engineering,US,---,"$5,162,949.66","41,162",ECG,5.985851082694921e-05
,B09M9F4,Elia Group SA/NV,ELI,<0.01%,Electric Utilities,BE,---,"$5,154,094.40","35,971",ELI.BR,5.975584419033795e-05
,2242929,Amkor Technology Inc,AMKR,<0.01%,Semiconductor Materials & Equipment,US,---,"$5,145,436.99","103,177",AMKR,5.9655471398746885e-05
,BD5ZXH8,MOL Hungarian Oil & Gas PLC,MOL,<0.01%,Integrated Oil & Gas,HU,---,"$5,136,958.92","358,784",MOL.BD,5.955717784984433e-05
,BYQ3PM7,Houlihan Lokey Inc,HLI,<0.01%,Investment Banking & Brokerage,US,---,"$5,131,662.57","40,893",HLI,5.949577271427338e-05
,2192831,Cia Paranaense de Energia - Copel,CPLE3,<0.01%,Electric Utilities,BR,---,"$5,130,238.27","1,753,604",CPLE3.SA,5.947925958077696e-05
,BMPRZV5,Kymera Therapeutics Inc,KYMR,<0.01%,Biotechnology,US,---,"$5,126,985.60","49,584",KYMR,5.94415485831432e-05
,BMY5XY9,Capstone Copper Corp,CS,<0.01%,Copper,CA,---,"$5,126,892.18","539,980",CS.TO,5.944046548482737e-05
,5287488,Deutsche Lufthansa AG,LHA,<0.01%,Passenger Airlines,DE,---,"$5,111,469.32","487,130",LHA.DE,5.9261655019281884e-05
,6739739,Sandfire Resources Ltd,SFR,<0.01%,Copper,AU,---,"$5,108,461.84","385,912",SFR.AX,5.922678671995746e-05
,BD4GT29,Guotai Haitong Securities Co Ltd,2611,<0.01%,Investment Banking & Brokerage,HK,---,"$5,104,922.42","2,679,226",2611.HK,5.918575118323074e-05
,BL0L913,Sibanye Stillwater Ltd,SSW,<0.01%,Precious Metals & Minerals,ZA,---,"$5,102,047.67","2,360,733",SSW.JO,5.915242173682282e-05
,4943402,voestalpine AG,VOE,<0.01%,Steel,AT,---,"$5,085,879.71","97,636",VOE.VI,5.896497268687223e-05
,B0DJ8Q5,Alstom SA,ALO,<0.01%,Construction Machinery & Heavy Transportation Equipment,FR,---,"$5,080,085.92","274,215",ALO.PA,5.889780030203746e-05
,B5730Z1,New China Life Insurance Co Ltd,1336,<0.01%,Life & Health Insurance,HK,---,"$5,075,100.57","823,034",1336.HK,5.8840000856642305e-05
,5002465,Henkel AG & Co KGaA,HEN,<0.01%,Household Products,DE,---,"$5,073,494.51","61,917",HEN.DE,5.882138042331839e-05
,2821395,Sonoco Products Co,SON,<0.01%,Paper & Plastic Packaging Products & Materials,US,---,"$5,071,892.76","89,991",SON,5.8802809959527146e-05
,BNCBD46,IMCD NV,IMCD,<0.01%,Trading Companies & Distributors,NL,---,"$5,066,630.85","46,247",IMCD.AS,5.874180411646312e-05
,2942605,Avista Corp,AVA,<0.01%,Multi-Utilities,US,---,"$5,065,917.55","125,239",AVA,5.8733534216776964e-05
,BS5YNY7,Horizon Robotics,9660,<0.01%,Application Software,HK,---,"$5,063,718.59","7,629,000",9660.HK,5.870803978440087e-05
,BNNTGH3,Victoria's Secret & Co,VSXY,<0.01%,Apparel Retail,US,---,"$5,063,450.64","57,098",VSXY,5.870493320985873e-05
,BPSLYH4,Syensqo SA,SYENS,<0.01%,Specialty Chemicals,BE,---,"$5,060,864.31","56,891",SYENS.BR,5.867494766428844e-05
,B2QPKJ1,Fresnillo PLC,FRES,<0.01%,Silver,GB,---,"$5,059,996.77","150,211",FRES.L,5.8664889527776835e-05
,6292782,Pro Medicus Ltd,PME,<0.01%,Health Care Technology,AU,---,"$5,055,785.73","44,443",PME.AX,5.861606732341069e-05
,B0386J1,Jyske Bank A/S,JYSK,<0.01%,Diversified Banks,DK,---,"$5,055,556.12","31,851",JYSK.CO,5.8613405257425914e-05
,B1B90H9,CG Power & Industrial Solutions Ltd,CGPOWER,<0.01%,Electrical Components & Equipment,IN,---,"$5,050,498.48","558,264",CGPOWER.NS,5.855476769195742e-05
,B4WFW71,LondonMetric Property PLC,LMP,<0.01%,Industrial REITs,GB,---,"$5,047,001.13","1,909,135",LMP.L,5.8514219908882454e-05
,B292JQ9,Getlink SE,GET,<0.01%,Highways & Railtracks,FR,---,"$5,045,063.43","236,494",GET.PA,5.849175448813121e-05
,B06QFB7,IG Group Holdings PLC,IGG,<0.01%,Investment Banking & Brokerage,GB,---,"$5,038,454.32","255,686",IGG.L,5.841512939810632e-05
,BMY36H7,Saipem SpA,SPM,<0.01%,Oil & Gas Equipment & Services,IT,---,"$5,031,377.08","1,037,088",SPM.MI,5.8333076874827425e-05
,2831888,Southwest Gas Holdings Inc,SWX,<0.01%,Gas Utilities,US,---,"$5,028,034.80","56,242",SWX,5.829432695148094e-05
,B6SNRV2,Bharat Heavy Electricals Ltd,BHEL,<0.01%,Heavy Electrical Equipment,IN,---,"$5,025,017.92","1,178,722",BHEL.NS,5.825934966988111e-05
,BMDH249,Lumen Technologies Inc,LUMN,<0.01%,Alternative Carriers,US,---,"$5,023,082.46","787,317",LUMN,5.823691021937422e-05
,BYQHP96,Floor & Decor Holdings Inc,FND,<0.01%,Home Improvement Retail,US,---,"$5,022,521.94","87,242",FND,5.823041162947925e-05
,BM91SH0,KANZHUN LTD - ADR,BZ,<0.01%,Human Resource & Employment Services,US,ADR,"$5,020,768.28","308,401",BZ,5.8210079942554224e-05
,B188TH2,BCE Inc,BCE,<0.01%,Integrated Telecommunication Services,CA,---,"$5,014,889.60","231,178",BCE.TO,5.8141923355021625e-05
,2268130,AAON Inc,AAON,<0.01%,Building Products,US,---,"$5,009,268.76","56,246",AAON,5.8076756128115806e-05
,B1KJJ40,Whitbread PLC,WTB,<0.01%,"Hotels, Resorts & Cruise Lines",GB,---,"$4,993,186.55","147,387",WTB.L,5.789030125158186e-05
,2548616,MGIC Investment Corp,MTG,<0.01%,Commercial & Residential Mortgage Finance,US,---,"$4,989,133.32","166,083",MTG,5.784330867411809e-05
,BLNN369,Weatherford International PLC,WFRD,<0.01%,Oil & Gas Equipment & Services,US,---,"$4,987,876.64","56,816",WFRD,5.78287389032817e-05
,5485527,Aurubis AG,NDA,<0.01%,Copper,DE,---,"$4,973,739.93","23,637",NDA.DE,5.766483987959987e-05
,BD2Z8S7,Italgas SpA,IG,<0.01%,Gas Utilities,IT,---,"$4,972,988.50","482,237",IG.MI,5.765612790606676e-05
,2370585,Glacier Bancorp Inc,GBCI,<0.01%,Regional Banks,US,---,"$4,972,473.78","100,882",GBCI,5.7650160314917935e-05
,B1FF8P7,Idemitsu Kosan Co Ltd,5019,<0.01%,Oil & Gas Refining & Marketing,JP,---,"$4,970,615.32","607,170",5019.T,5.762861359156068e-05
,BF2GC59,Magnolia Oil & Gas Corp,MGY,<0.01%,Oil & Gas Exploration & Production,US,---,"$4,950,769.02","192,562",MGY,5.739851838597912e-05
,BMWWGB0,Caesars Entertainment Inc,CZR,<0.01%,Casinos & Gaming,US,---,"$4,949,448.00","166,368",CZR,5.738320266624914e-05
,6702623,JB Hi-Fi Ltd,JBH,<0.01%,Computer & Electronics Retail,AU,---,"$4,941,461.14","85,898",JBH.AX,5.7290604136868294e-05
,BYZR014,Amundi SA,AMUN,<0.01%,Asset Management & Custody Banks,FR,---,"$4,931,768.85","45,134",AMUN.PA,5.717823309238615e-05
,BP3R284,Ping An Insurance Group Co of China Ltd,601318,<0.01%,Life & Health Insurance,CN,---,"$4,924,623.79","606,258",601318.SS,5.709539427358404e-05
,2881407,Teleflex Inc,TFX,<0.01%,Health Care Equipment,US,---,"$4,922,106.84","36,004",TFX,5.7066213109957136e-05
,2010278,AGCO Corp,AGCO,<0.01%,Agricultural & Farm Machinery,US,---,"$4,921,047.20","48,170",AGCO,5.705392779311509e-05
,BG0R3M5,HDFC Asset Management Co Ltd,HDFCAMC,<0.01%,Asset Management & Custody Banks,IN,---,"$4,920,788.59","179,610",HDFCAMC.NS,5.705092950521681e-05
,BN15Y35,MP Materials Corp,MP,<0.01%,Diversified Metals & Mining,US,---,"$4,917,445.05","118,865",MP,5.701216497360789e-05
,BYQCZ35,Madison Square Garden Sports Corp,MSGS,<0.01%,Movies & Entertainment,US,---,"$4,916,275.84","12,488",MSGS,5.699860931762577e-05
,7130836,Nexans SA,NEX,<0.01%,Electrical Components & Equipment,FR,---,"$4,906,727.26","32,213",NEX.PA,5.6887904426632896e-05
,2590930,Middleby Corp/The,MIDD,<0.01%,Industrial Machinery & Supplies & Components,US,---,"$4,904,122.54","36,713",MIDD,5.685770566999401e-05
,B06JSP1,AL Sydbank,ALSYDB,<0.01%,Diversified Banks,DK,---,"$4,903,859.48","50,926",ALSYDB.CO,5.685465578942281e-05
,6187855,Chang Hwa Commercial Bank Ltd,2801,<0.01%,Diversified Banks,TW,---,"$4,898,628.11","6,301,003",2801.TW,5.6794004022815276e-05
,BJT1RW7,Lyft Inc,LYFT,<0.01%,Passenger Ground Transportation,US,---,"$4,898,234.12","308,842",LYFT,5.6789436158273914e-05
,BPK3C96,SenseTime Group Inc,20,<0.01%,Application Software,HK,---,"$4,897,449.37","26,433,000",0020.HK,5.678033787735605e-05
,B067BM3,Molson Coors Beverage Co,TAP,<0.01%,Brewers,US,---,"$4,895,435.52","117,792",TAP,5.67569895842354e-05
,BMV3Y21,Topaz Energy Corp,TPZ,<0.01%,Oil & Gas Exploration & Production,CA,---,"$4,890,922.35","216,630",TPZ.TO,5.670466452722354e-05
,BNKBB55,TPG Inc,TPG,<0.01%,Asset Management & Custody Banks,US,---,"$4,888,173.60","111,960",TPG,5.6672795907060475e-05
,2267171,American States Water Co,AWR,<0.01%,Water Utilities,US,---,"$4,884,306.12","57,033",AWR,5.662795688892196e-05
,6900289,Tosoh Corp,4042,<0.01%,Commodity Chemicals,JP,---,"$4,883,916.43","290,390",4042.T,5.6623438877974676e-05
,6437947,Horiba Ltd,6856,<0.01%,Electronic Equipment & Instruments,JP,---,"$4,881,185.33","31,100",6856.T,5.659177488942448e-05
,BRJ3GY4,Xenon Pharmaceuticals Inc,XENE,<0.01%,Biotechnology,US,---,"$4,873,845.90","77,770",XENE,5.6506682572231786e-05
,B118753,Nan Ya Printed Circuit Board Corp,8046,<0.01%,Electronic Components,TW,---,"$4,873,344.36","177,000",8046.TW,5.6500867788145715e-05
,BN46048,Hims & Hers Health Inc,HIMS,<0.01%,Health Care Services,US,---,"$4,872,940.75","175,475",HIMS,5.649618839067995e-05
,BD761B9,Eoptolink Technology Inc Ltd,300502,<0.01%,Electronic Components,CN,---,"$4,869,612.62","83,060",300502.SZ,5.645760252043955e-05
,6647133,Nice Ltd,NICE,<0.01%,Application Software,IL,---,"$4,868,196.87","49,962",NICE.TA,5.644118851443832e-05
,4712798,Renault SA,RNO,<0.01%,Automobile Manufacturers,FR,---,"$4,862,017.45","153,977",RNO.PA,5.636954518972416e-05
,6421854,Far EasTone Telecommunications Co Ltd,4904,<0.01%,Wireless Telecommunication Services,TW,---,"$4,854,545.64","1,495,421",4904.TW,5.6282918077465634e-05
,6109677,Vanguard International Semiconductor Corp,5347,<0.01%,Semiconductors,TW,---,"$4,852,195.48","1,058,420",5347.TWO,5.625567065359573e-05
,6250508,Daito Trust Construction Co Ltd,1878,<0.01%,Diversified Real Estate Activities,JP,---,"$4,847,676.87","229,660",1878.T,5.620328252599043e-05
,7635610,EMS-Chemie Holding AG,EMSN,<0.01%,Specialty Chemicals,CH,---,"$4,847,499.29","4,787",EMSN.SW,5.6201223688493915e-05
,BFXCLC6,Elastic NV,ESTC,<0.01%,Application Software,US,---,"$4,844,380.86","73,634",ESTC,5.616506905050388e-05
,6484686,Kawasaki Kisen Kaisha Ltd,9107,<0.01%,Marine Transportation,JP,---,"$4,841,217.54","271,691",9107.T,5.6128393964179464e-05
,B4WRJD2,Meritz Financial Group Inc,138040,<0.01%,Diversified Financial Services,KR,---,"$4,840,763.35","56,411",138040.KS,5.6123128149321115e-05
,6348715,Formosa Chemicals & Fibre Corp,1326,<0.01%,Commodity Chemicals,TW,---,"$4,838,395.25","2,778,551",1326.TW,5.6095672731619195e-05
,B8RZJZ1,People's Insurance Co Group of China Ltd/The,1339,<0.01%,Property & Casualty Insurance,HK,---,"$4,833,679.07","6,953,000",1339.HK,5.604099400527426e-05
,BYW1G33,Avenue Supermarts Ltd,DMART,<0.01%,Food Retail,IN,---,"$4,830,614.98","117,476",DMART.NS,5.600546937758697e-05
,BP7L1B8,SentinelOne Inc,S,<0.01%,Systems Software,US,---,"$4,829,194.08","253,368",S,5.598899566321145e-05
,2816023,A O Smith Corp,AOS,<0.01%,Building Products,US,---,"$4,829,160.56","80,312",AOS,5.598860703705488e-05
,B03MYT9,Turkiye Petrol Rafinerileri AS,TUPRS,<0.01%,Oil & Gas Refining & Marketing,TR,---,"$4,825,526.01","774,675.437",TUPRS.IS,5.5946468576513293e-05
,BF1YBK2,AU Small Finance Bank Ltd,AUBANK,<0.01%,Regional Banks,IN,---,"$4,819,598.43","439,139",AUBANK.NS,5.587774504927138e-05
,B11WFP1,Konecranes Oyj,KCR,<0.01%,Industrial Machinery & Supplies & Components,FI,---,"$4,817,436.95","154,426",KCR.HE,5.5852685154733845e-05
,4490005,Kesko Oyj,KESKOB,<0.01%,Food Retail,FI,---,"$4,814,849.23","193,233",KESKOB.HE,5.5822683493699425e-05
,BKJ9RT5,ISS A/S,ISS,<0.01%,Diversified Support Services,DK,---,"$4,810,148.40","108,529",ISS.CO,5.576818273309146e-05
,B03PGL4,Northwestern Energy Group Inc,NWE,<0.01%,Multi-Utilities,US,---,"$4,809,875.28","69,972",NWE,5.576501621829785e-05
,5715774,Ackermans & van Haaren NV,ACKB,<0.01%,Construction & Engineering,BE,---,"$4,809,308.93","15,496",ACKB.BR,5.5758450036204405e-05
,BTVMCY5,China Tower Corp Ltd,788,<0.01%,Integrated Telecommunication Services,HK,---,"$4,808,084.40","3,761,257",0788.HK,5.574425300793763e-05
,BJFFLV0,Croda International PLC,CRDA,<0.01%,Specialty Chemicals,GB,---,"$4,802,659.57","110,935",CRDA.L,5.568135829335129e-05
,BD4HFT1,HD Hyundai Co Ltd,267250,<0.01%,Oil & Gas Refining & Marketing,KR,---,"$4,794,747.57","34,918",267250.KS,5.558962768026164e-05
,BYRGSX7,Archrock Inc,AROC,<0.01%,Oil & Gas Equipment & Services,US,---,"$4,789,587.12","133,937",AROC,5.552979815014049e-05
,B1WVF68,ANDRITZ AG,ANDR,<0.01%,Industrial Machinery & Supplies & Components,AT,---,"$4,777,804.97","50,721",ANDR.VI,5.539319756330855e-05
,BN6JDH9,Next Vision Stabilized Systems Ltd,NXSN,<0.01%,Electronic Equipment & Instruments,IL,---,"$4,769,038.23","61,349",NXSN.TA,5.5291557215103604e-05
,BD3VFW7,Convatec Group PLC,CTEC,<0.01%,Health Care Supplies,GB,---,"$4,765,481.67","1,577,101",CTEC.L,5.525032295963215e-05
,B0R80X9,Avolta AG,AVOL,<0.01%,Other Specialty Retail,CH,---,"$4,763,780.09","79,351",AVOL.SW,5.523059508088833e-05
,6497963,Kurita Water Industries Ltd,6370,<0.01%,Industrial Machinery & Supplies & Components,JP,---,"$4,755,753.25","88,500",6370.T,5.513753302902122e-05
,BF44466,Umicore SA,UMI,<0.01%,Specialty Chemicals,BE,---,"$4,750,936.39","190,343",UMI.BR,5.508168703294348e-05
,6986461,Yokohama Rubber Co Ltd/The,5101,<0.01%,Tires & Rubber,JP,---,"$4,745,335.15","99,900",5101.T,5.5016747045675764e-05
,BNTYXL5,One 97 Communications Ltd,PAYTM,<0.01%,Transaction & Payment Processing Services,IN,---,"$4,740,959.48","336,952",PAYTM.NS,5.4966016144288247e-05
,BM8JV32,Planet Labs PBC,PL,<0.01%,Research & Consulting Services,US,---,"$4,739,747.84","231,433",PL,5.495196856086509e-05
,B52J816,Airtac International Group,1590,<0.01%,Industrial Machinery & Supplies & Components,TW,---,"$4,730,630.13","116,804",1590.TW,5.4846259115936664e-05
,BLF9GQ6,NEPI Rockcastle NV,NRP,<0.01%,Real Estate Operating Companies,ZA,---,"$4,729,974.49","513,855",NRP.JO,5.4838657718165425e-05
,6793821,Sekisui Chemical Co Ltd,4204,<0.01%,Industrial Conglomerates,JP,---,"$4,726,734.72","284,000",4204.T,5.480109628131387e-05
,B03Q9D0,MarketAxess Holdings Inc,MKTX,<0.01%,Financial Exchanges & Data,US,---,"$4,724,066.10","29,107",MKTX,5.477015667707938e-05
,B1P5YY8,AeroVironment Inc,AVAV,<0.01%,Aerospace & Defense,US,---,"$4,722,481.92","31,616",AVAV,5.475178991739228e-05
,BJMKSJ5,FirstService Corp,FSV,<0.01%,Real Estate Services,CA,---,"$4,722,038.26","33,522",FSV.TO,5.474664618587011e-05
,2518932,Latam Airlines Group SA,LTM,<0.01%,Passenger Airlines,CL,---,"$4,717,122.12","177,273,415",LTM.SN,5.4689649151462305e-05
,2098508,Bio-Rad Laboratories Inc,BIO,<0.01%,Life Sciences Tools & Services,US,---,"$4,716,205.20","14,490",BIO,5.467901851018903e-05
,2598699,Mohawk Industries Inc,MHK,<0.01%,Home Furnishings,US,---,"$4,709,190.50","38,255",MHK,5.4597691066857384e-05
,6041995,Ramsay Health Care Ltd,RHC,<0.01%,Health Care Facilities,AU,---,"$4,697,340.90","151,148",RHC.AX,5.446030847423009e-05
,B3RDWC8,MaxLinear Inc,MXL,<0.01%,Semiconductors,US,---,"$4,693,503.62","70,241",MXL,5.441581959063597e-05
,BG0T321,Dropbox Inc,DBX,<0.01%,Application Software,US,---,"$4,692,351.84","144,114",DBX,5.440246601561771e-05
,2362128,GATX Corp,GATX,<0.01%,Trading Companies & Distributors,US,---,"$4,691,760.10","26,230",GATX,5.4395605465442075e-05
,3174300,Burberry Group PLC,BRBY,<0.01%,"Apparel, Accessories & Luxury Goods",GB,---,"$4,684,928.89","290,657",BRBY.L,5.431640537931414e-05
,2889155,ACI Worldwide Inc,ACIW,<0.01%,Application Software,US,---,"$4,684,491.63","81,711",ACIW,5.431133584849013e-05
,BSWW128,G Mining Ventures Corp,GMIN,<0.01%,Gold,CA,---,"$4,683,215.32","153,643",GMIN.TO,5.429653849019988e-05
,6654586,Korea Investment Holdings Co Ltd,071050,<0.01%,Investment Banking & Brokerage,KR,---,"$4,676,662.92","33,127",071050.KS,5.4220570887923766e-05
,2831543,Southwest Airlines Co,LUV,<0.01%,Passenger Airlines,US,---,"$4,672,158.15","103,895",LUV,5.416834321932823e-05
,6641588,Nissan Chemical Corp,4021,<0.01%,Diversified Chemicals,JP,---,"$4,671,503.19","100,500",4021.T,5.4160749705381166e-05
,6470588,Nippon Shokubai Co Ltd,4114,<0.01%,Specialty Chemicals,JP,---,"$4,650,394.35","345,700",4114.T,5.391601678894897e-05
,B987K72,NexGen Energy Ltd,NXE,<0.01%,Coal & Consumable Fuels,CA,---,"$4,643,650.28","507,777",NXE.TO,5.3837826991701824e-05
,BNNTGF1,GXO Logistics Inc,GXO,<0.01%,Air Freight & Logistics,US,---,"$4,640,853.36","92,521",GXO,5.380539989534658e-05
,6673570,Industries Qatar QSC,IQCD,<0.01%,Industrial Conglomerates,QA,---,"$4,622,362.51","1,592,966",IQCD.QA,5.359101958606335e-05
,BR858V2,SGH Ltd,SGH,<0.01%,Trading Companies & Distributors,AU,---,"$4,617,704.26","149,316",SGH.AX,5.353701249197527e-05
,BJBXT36,Powerchip Semiconductor Manufacturing Corp,6770,<0.01%,Semiconductors,TW,---,"$4,616,090.60","2,822,415",6770.TW,5.3518303945322305e-05
,BMHDM54,Frontline PLC,FRO,<0.01%,Oil & Gas Storage & Transportation,NO,---,"$4,614,018.60","115,701",FRO.OL,5.349428146929579e-05
,B235ZT9,Ecopro Co Ltd,086520,<0.01%,Electrical Components & Equipment,KR,---,"$4,613,644.87","84,278",086520.KQ,5.3489948496339524e-05
,BRS2KY0,Samsung SDS Co Ltd,018260,<0.01%,IT Consulting & Other Services,KR,---,"$4,610,350.24","32,705",018260.KS,5.345175102037851e-05
,BD73C40,Ivanhoe Mines Ltd,IVN,<0.01%,Diversified Metals & Mining,CA,---,"$4,610,147.07","641,781",IVN.TO,5.344939549602798e-05
,2501578,Ligand Pharmaceuticals Inc,LGND,<0.01%,Pharmaceuticals,US,---,"$4,609,553.74","16,031",LGND,5.344251651161639e-05
,BN4KLB4,Swissquote Group Holding SA,SQN,<0.01%,Investment Banking & Brokerage,CH,---,"$4,609,234.25","88,470",SQN.SW,5.343881238957695e-05
,2120490,Casella Waste Systems Inc,CWST,<0.01%,Environmental & Facilities Services,US,---,"$4,609,120.38","51,378",CWST,5.343749219684281e-05
,BKM4N88,Paylocity Holding Corp,PCTY,<0.01%,Human Resource & Employment Services,US,---,"$4,608,726.69","33,422",PCTY,5.3432927810459185e-05
,6042608,Zensho Holdings Co Ltd,7550,<0.01%,Restaurants,JP,---,"$4,608,181.52","73,800",7550.T,5.342660718630118e-05
,B3SJKB0,Freehold Royalties Ltd,FRU,<0.01%,Oil & Gas Exploration & Production,CA,---,"$4,607,922.16","377,314",FRU.TO,5.34236002030086e-05
,6660107,Ono Pharmaceutical Co Ltd,4528,<0.01%,Pharmaceuticals,JP,---,"$4,606,046.74","308,200",4528.T,5.340185684780125e-05
,BLF8533,Bilibili Inc,9626,<0.01%,Interactive Media & Services,HK,---,"$4,603,927.59","241,859",9626.HK,5.337728772131882e-05
,6146500,Brother Industries Ltd,6448,<0.01%,"Technology Hardware, Storage & Peripherals",JP,---,"$4,594,638.77","184,500",6448.T,5.3269594451162165e-05
,6574101,Macronix International Co Ltd,2337,<0.01%,Semiconductors,TW,---,"$4,592,289.29","1,528,903",2337.TW,5.324235491111642e-05
,2398822,INFOSYS LTD-SP ADR,INFY,<0.01%,IT Consulting & Other Services,US,ADR,"$4,591,911.15","381,705",INFY,5.3237970809241595e-05
,BMT9L19,Dassault Aviation SA,AM,<0.01%,Aerospace & Defense,FR,---,"$4,591,026.53","13,290",AM.PA,5.32277146496168e-05
,B02GKC7,Suzano SA,SUZB3,<0.01%,Paper Products,BR,---,"$4,587,519.76","536,815",SUZB3.SA,5.318705765238924e-05
,B7LV1N0,Shanghai Commercial & Savings Bank Ltd/The,5876,<0.01%,Diversified Banks,TW,---,"$4,586,083.20","3,270,228",5876.TW,5.317040237818044e-05
,B3MC7D6,Fortune Brands Innovations Inc,FBIN,<0.01%,Building Products,US,---,"$4,585,317.84","93,084",FBIN,5.3161528902190255e-05
,6211798,Cochlear Ltd,COH,<0.01%,Health Care Equipment,AU,---,"$4,584,407.42","54,701",COH.AX,5.315097362100103e-05
,B06CF71,Nordex SE,NDX1,<0.01%,Heavy Electrical Equipment,DE,---,"$4,583,864.64","102,594",NDX1.DE,5.314468070616625e-05
,BNC5412,Dixon Technologies India Ltd,DIXON,<0.01%,Consumer Electronics,IN,---,"$4,581,416.77","31,130",DIXON.NS,5.311630044632502e-05
,6899967,Toyo Suisan Kaisha Ltd,2875,<0.01%,Packaged Foods & Meats,JP,---,"$4,580,900.16","70,600",2875.T,5.3110310942782534e-05
,6215273,Compeq Manufacturing Co Ltd,2313,<0.01%,Electronic Components,TW,---,"$4,575,496.53","894,300",2313.TW,5.304766201800882e-05
,B60DQV3,MEIJI Holdings Co Ltd,2269,<0.01%,Packaged Foods & Meats,JP,---,"$4,570,377.93","192,168",2269.T,5.298831769089043e-05
,B7MSLL8,Matador Resources Co,MTDR,<0.01%,Oil & Gas Exploration & Production,US,---,"$4,568,277.63","91,567",MTDR,5.296396710865177e-05
,4476210,Indra Sistemas SA,IDR,<0.01%,IT Consulting & Other Services,ES,---,"$4,566,558.87","69,457",IDR.MC,5.294404004740886e-05
,BGKG6G7,Twist Bioscience Corp,TWST,<0.01%,Biotechnology,US,---,"$4,565,140.75","49,865",TWST,5.2927598563961596e-05
,2149309,Brunswick Corp/DE,BC,<0.01%,Leisure Products,US,---,"$4,554,824.00","57,656",BC,5.280798761823451e-05
,B4PH0C5,Gjensidige Forsikring ASA,GJF,<0.01%,Multi-line Insurance,NO,---,"$4,551,513.73","152,577",GJF.OL,5.2769608814317396e-05
,BTKSSY6,Lundin Gold Inc,LUG,<0.01%,Gold,CA,---,"$4,546,300.26","81,198",LUG.TO,5.270916457778749e-05
,B7K24P7,Ingredion Inc,INGR,<0.01%,Agricultural Products & Services,US,---,"$4,543,133.88","45,678",INGR,5.267245401425427e-05
,BMD78K7,Oklo Inc,OKLO,<0.01%,Electric Utilities,US,---,"$4,537,130.18","116,846",OKLO,5.260284796245873e-05
,BF7MPL9,SSR Mining Inc,SSRM,<0.01%,Gold,CA,---,"$4,536,955.14","177,459",SSRM.TO,5.260081857336429e-05
,2862156,United Community Banks Inc/GA,UCB,<0.01%,Regional Banks,US,---,"$4,535,292.24","127,971",UCB,5.2581539145089925e-05
,BD5CQ69,BYD Co Ltd,002594,<0.01%,Automobile Manufacturers,CN,---,"$4,530,378.55","319,298",002594.SZ,5.252457051563688e-05
,BKS3RS7,10X Genomics Inc,TXG,<0.01%,Life Sciences Tools & Services,US,---,"$4,527,047.90","95,770",TXG,5.248595542887159e-05
,6661111,Doosan Co Ltd,000150,<0.01%,Industrial Conglomerates,KR,---,"$4,525,118.97","5,731",000150.KS,5.2463591686264514e-05
,6105136,United Integrated Services Co Ltd,2404,<0.01%,Construction & Engineering,TW,---,"$4,524,596.28","135,200",2404.TW,5.2457531692058785e-05
,BD5GN60,SIG Group AG,SIGN,<0.01%,Paper & Plastic Packaging Products & Materials,CH,---,"$4,523,131.45","248,913",SIGN.SW,5.244054865945361e-05
,B17VCN9,PTC Therapeutics Inc,PTCT,<0.01%,Biotechnology,US,---,"$4,516,204.05","66,405",PTCT,5.236023336002018e-05
,6290689,Remgro Ltd,REM,<0.01%,Multi-Sector Holdings,ZA,---,"$4,513,304.46","384,088",REM.JO,5.232661592215256e-05
,2971029,LKQ Corp,LKQ,<0.01%,Distributors,US,---,"$4,510,047.85","200,893",LKQ,5.2288859244714e-05
,BN0SDX8,Hensoldt AG,HAG,<0.01%,Aerospace & Defense,DE,---,"$4,506,780.42","49,062",HAG.DE,5.225097712172012e-05
,6129181,Gigabyte Technology Co Ltd,2376,<0.01%,"Technology Hardware, Storage & Peripherals",TW,---,"$4,499,728.68","436,000",2376.TW,5.216922024184792e-05
,BF0TRG6,HDFC Life Insurance Co Ltd,HDFCLIFE,<0.01%,Life & Health Insurance,IN,---,"$4,491,611.03","781,737",HDFCLIFE.NS,5.207510535163721e-05
,BPBSZJ1,Kite Realty Group Trust,KRG,<0.01%,Retail REITs,US,---,"$4,490,964.54","156,917",KRG,5.20676100376766e-05
,BNDXX18,Primo Brands Corp,PRMB,<0.01%,Soft Drinks & Non-alcoholic Beverages,US,---,"$4,482,183.10","197,453",PRMB,5.1965799259743074e-05
,BQWS627,Sirius XM Holdings Inc,SIRI,<0.01%,Cable & Satellite,US,---,"$4,474,871.12","151,076",SIRI,5.18810251939823e-05
,B44Z3T8,EPAM Systems Inc,EPAM,<0.01%,IT Consulting & Other Services,US,---,"$4,459,382.20","42,245",EPAM,5.1701448838105576e-05
,2732635,AutoNation Inc,AN,<0.01%,Automotive Retail,US,---,"$4,457,214.00","20,985",AN,5.167631103283498e-05
,BMY2ZT9,Definity Financial Corp,DFY,<0.01%,Property & Casualty Insurance,CA,---,"$4,456,812.10","78,068",DFY.TO,5.167165146086825e-05
,BQXQY26,OceanaGold Corp,OGC,<0.01%,Gold,CA,---,"$4,438,086.96","184,069",OGC.TO,5.145455482633973e-05
,0557681,Howden Joinery Group PLC,HWDN,<0.01%,Trading Companies & Distributors,GB,---,"$4,432,788.98","416,006",HWDN.L,5.139313079277848e-05
,2069355,Banco de Credito e Inversiones SA,BCI,<0.01%,Diversified Banks,CL,---,"$4,427,740.25","61,535",BCI.SN,5.133459652859443e-05
,BMC1PR6,Bentley Systems Inc,BSY,<0.01%,Application Software,US,---,"$4,427,412.88","124,927",BSY,5.1330801046945394e-05
,BFZ9DB8,Atlantic Union Bankshares Corp,AUB,<0.01%,Regional Banks,US,---,"$4,411,192.52","103,964",AUB,5.114274447877869e-05
,BF8Q6K6,Aberdeen Group PLC,ABDN,<0.01%,Asset Management & Custody Banks,GB,---,"$4,410,960.07","1,355,104",ABDN.L,5.114004948623412e-05
,B60FNV8,China Gold International Resources Corp Ltd,2099,<0.01%,Gold,HK,---,"$4,406,879.27","195,200",2099.HK,5.109273726607534e-05
,B0P6L87,WPG Holdings Ltd,3702,<0.01%,Technology Distributors,TW,---,"$4,403,691.43","1,284,440",3702.TW,5.1055777898326136e-05
,6744807,International Games System Co Ltd,3293,<0.01%,Interactive Home Entertainment,TW,---,"$4,403,277.60","184,000",3293.TWO,5.105098001162051e-05
,BNNJP32,APR Corp/Korea,278470,<0.01%,Personal Care Products,KR,---,"$4,400,523.71","19,828",278470.KS,5.1019051799021744e-05
,2144047,Mercury Systems Inc,MRCY,<0.01%,Aerospace & Defense,US,---,"$4,399,212.60","45,306",MRCY,5.100385097443529e-05
,B0V3XR5,Hyundai Glovis Co Ltd,086280,<0.01%,Air Freight & Logistics,KR,---,"$4,395,098.71","32,047",086280.KS,5.095615511347935e-05
,BJLFHW7,Chewy Inc,CHWY,<0.01%,Other Specialty Retail,US,---,"$4,393,824.20","194,417",CHWY,5.094137862413546e-05
,2001119,AAR Corp,AIR,<0.01%,Aerospace & Defense,US,---,"$4,391,934.48","31,362",AIR,5.091946947674318e-05
,6894898,Tokyo Ohka Kogyo Co Ltd,4186,<0.01%,Specialty Chemicals,JP,---,"$4,386,785.22","81,000",4186.T,5.08597696819052e-05
,2105505,H&R Block Inc,HRB,<0.01%,Specialized Consumer Services,US,---,"$4,378,519.32","99,444",HRB,5.076393600208496e-05
,2101741,Black Hills Corp,BKH,<0.01%,Multi-Utilities,US,---,"$4,374,430.30","61,430",BKH,5.0716528480404485e-05
,BF8KKX9,OPC Energy Ltd,OPCE,<0.01%,Independent Power Producers & Energy Traders,IL,---,"$4,372,363.83","139,356.84",OPCE.TA,5.0692570118418724e-05
,6091280,Bendigo & Adelaide Bank Ltd,BEN,<0.01%,Regional Banks,AU,---,"$4,367,798.48","543,301",BEN.AX,5.0639640093839756e-05
,B5MN1W0,Azrieli Group Ltd,AZRG,<0.01%,Real Estate Operating Companies,IL,---,"$4,363,913.29","33,057",AZRG.TA,5.059459574845681e-05
,6738220,Ricoh Co Ltd,7752,<0.01%,"Technology Hardware, Storage & Peripherals",JP,---,"$4,361,871.01","444,500",7752.T,5.057091784192234e-05
,B23DBK6,Genpact Ltd,G,<0.01%,Data Processing & Outsourced Services,US,---,"$4,357,738.85","123,905",G,5.052301016116089e-05
,BD5LYF1,NAURA Technology Group Co Ltd,002371,<0.01%,Semiconductor Materials & Equipment,CN,---,"$4,356,306.99","42,880",002371.SZ,5.05064093780898e-05
,6398088,Gunma Bank Ltd/The,8334,<0.01%,Regional Banks,JP,---,"$4,351,582.64","276,900",8334.T,5.0451635929916116e-05
,BNDQ8P6,Rede D'Or Sao Luiz SA,RDOR3,<0.01%,Health Care Facilities,BR,---,"$4,350,468.02","636,639",RDOR3.SA,5.04387131827015e-05
,B03P2F0,Fuyo General Lease Co Ltd,8424,<0.01%,Specialized Finance,JP,---,"$4,346,338.87","153,100",8424.T,5.0390840399455915e-05
,2194105,Churchill Downs Inc,CHDN,<0.01%,Casinos & Gaming,US,---,"$4,344,822.00","51,540",CHDN,5.03732540224239e-05
,2766173,Selective Insurance Group Inc,SIGI,<0.01%,Property & Casualty Insurance,US,---,"$4,343,088.22","45,818",SIGI,5.03531528214175e-05
,2630513,New Jersey Resources Corp,NJR,<0.01%,Gas Utilities,US,---,"$4,342,907.80","75,020",NJR,5.035106105736118e-05
,BP9LHF2,Schroders PLC,SDR,<0.01%,Asset Management & Custody Banks,GB,---,"$4,341,091.13","547,287",SDR.L,5.0329998841375135e-05
,BPGN2Q7,ServiceTitan Inc,TTAN,<0.01%,Application Software,US,---,"$4,337,725.44","52,224",TTAN,5.029097750578746e-05
,2707826,TXNM Energy Inc,TXNM,<0.01%,Electric Utilities,US,---,"$4,332,937.28","74,809",TXNM,5.02354642534655e-05
,BVSS790,Elis SA,ELIS,<0.01%,Diversified Support Services,FR,---,"$4,330,866.59","150,986",ELIS.PA,5.021145696539439e-05
,BF4HYT8,Lion Finance Group PLC,BGEO,<0.01%,Diversified Banks,GB,---,"$4,330,412.53","27,568",BGEO.L,5.020619265773774e-05
,BYZ2QP5,Sartorius Stedim Biotech,DIM,<0.01%,Life Sciences Tools & Services,FR,---,"$4,330,042.91","22,396",DIM.PA,5.020190733554231e-05
,BYT8154,Japan Post Insurance Co Ltd,7181,<0.01%,Life & Health Insurance,JP,---,"$4,326,635.45","392,934",7181.T,5.01624017244606e-05
,BFWGXR8,Essent Group Ltd,ESNT,<0.01%,Commercial & Residential Mortgage Finance,US,---,"$4,324,931.24","65,569",ESNT,5.014264335386739e-05
,6459219,Inaba Denki Sangyo Co Ltd,9934,<0.01%,Trading Companies & Distributors,JP,---,"$4,317,581.39","242,100",9934.T,5.005743022866301e-05
,BN4LSB6,Allegro MicroSystems Inc,ALGM,<0.01%,Semiconductors,US,---,"$4,314,838.00","103,972",ALGM,5.002562375158464e-05
,BMW8R04,JD Health International Inc,6618,<0.01%,Drug Retail,HK,---,"$4,314,426.21","857,361",6618.HK,5.002084951635156e-05
,2611206,Murphy Oil Corp,MUR,<0.01%,Oil & Gas Exploration & Production,US,---,"$4,307,935.22","108,403",MUR,4.994559389296192e-05
,BF2YWG4,Rhythm Pharmaceuticals Inc,RYTM,<0.01%,Biotechnology,US,---,"$4,295,540.00","43,280",RYTM,4.9801885458940036e-05
