Date,1795.T,1992.T,2747.T,304A.T,3426.T,415A.T,4645.T,5138.T,5199.T,5922.T,5966.T,6018.T,6596.T,6647.T,7031.T,7079.T,7215.T,7219.T
2025-01-06,23.59909163444424,16.700423494752346,20.653041183330263,20.867857362057325,8.347142944822929,46.82992696249923,3.025839317498312,8.819738538022463,10.360277419750814,72.11686000122752,16.86613883262751,13.760510648744859,6.137605106487448,9.586939176333395,5.358129257963542,21.450929847173633,2.6207573804701405,12.477751181488982
2025-01-07,23.460857892488868,16.846665446335958,20.745622063579233,21.111721276465925,8.298248825431692,45.64036853987431,3.0264201598633234,8.822991030569286,10.446030874366954,71.32832997742389,16.76734395021051,13.515162609067058,6.101653548111539,9.701629141497346,5.253523704924035,21.325279150649827,2.593202757947404,12.508389773628654
2025-01-08,23.501008495813213,16.875496607786808,20.597762972923412,18.39740847136483,8.312450339221318,45.596234948963996,2.9582543854287633,8.89921153963694,10.463908074078601,71.63376321740725,16.624900678442636,13.59330114296192,6.112095837662734,9.72434447772141,5.286962899578265,21.361774952631254,2.597640731006662,12.529796467208605
2025-01-09,23.03921568627451,16.666666666666668,20.067401960784316,17.53063725490196,8.26593137254902,45.34313725490196,2.9718137254901964,9.007352941176471,10.379901960784315,71.44607843137256,16.72794117647059,13.584558823529413,6.127450980392157,9.754901960784315,5.251225490196079,21.354166666666668,2.5857843137254903,12.5
2025-01-10,23.575638506876228,16.8774557956778,20.106827111984284,16.398575638506877,8.282170923379175,44.265717092337916,2.9960707269155207,9.111001964636543,10.357318271119842,71.2180746561886,16.453831041257367,13.519155206286838,6.139489194499018,9.774066797642437,5.157170923379175,21.426817288801573,2.5663064833005893,12.647347740667977
2025-01-14,23.76678838893359,17.020486476449836,20.362691093643623,16.129231911864828,8.355511542984464,44.31515751686576,2.995605619855171,8.838274432134678,10.441294794825772,71.79550659157022,16.587237729776568,13.628767716779105,6.189267809618123,9.62431144395618,5.1742278888407505,21.414866621278705,2.5994924800396113,12.687999009717151
2025-01-15,23.623018565348794,17.140566212298772,20.631591932399928,13.717387281810893,8.326651452538087,43.606982051440205,2.9544192931598103,8.67822118053414,10.399062480725345,71.11577129464011,16.529945105779312,13.581693702584346,6.167889964843027,9.646579905014494,5.248874360081416,20.909146980817862,2.5535064454450134,12.644174427928206
2025-01-16,23.34678671220118,17.13753492704129,20.832039739211424,14.479975162992858,8.382489909965848,42.843837317603224,3.036324122943185,8.941322570630238,10.555728034771809,71.59267308289351,16.5476560074511,13.660353927351753,6.209251785159887,9.686432784849424,5.371002794163303,20.95622477491462,2.552002483700714,12.72896615957777
2025-01-17,23.42387241465238,17.27510590580613,20.99426862696237,14.060553202093196,8.379018190879641,44.16895090954398,3.0152005980563166,8.88362820832295,10.590580613007724,71.57986543732868,16.59606279591328,13.705457263892349,6.229753301769249,9.699725890854722,5.264141539995016,21.118863692997756,2.554198853725392,12.770994268626962
2025-01-20,23.327956322124333,17.32845266162055,20.9083012780742,15.591264424866608,8.31368656160814,43.80196054101005,2.9842412209951608,8.78520908301278,10.54721429457749,71.22471770691152,16.528105223973196,13.729991314058816,6.204243702692642,9.666211688795135,5.192951979153741,20.9083012780742,2.5499441618066756,12.600818960168755
2025-01-21,23.27164696416414,17.286624992263416,20.548369127932165,15.739308039858885,8.355511542984464,43.201089311134496,2.970848548616699,8.856842235563533,10.769325988735533,71.05279445441604,16.48820944482268,13.851581357925358,6.189267809618123,9.642879247385034,5.217552763508078,20.857832518413073,2.53759980194343,12.570402921334408
2025-01-22,23.702518007757188,17.19509942744567,20.316444006649018,15.385088961398756,8.268177060887767,43.21861725050791,2.9551191282398572,8.61909745736625,10.712306839869482,70.9844240595949,16.40706765991504,13.845964415440497,6.156498183833036,9.591824170411869,5.189927968971249,21.116788770547313,2.55494674629071,12.61466477867389
2025-01-23,23.596195151887084,17.140227063516416,20.190242405645904,14.525928198833999,8.297023626879412,43.26480515495551,2.9579625652040504,8.112918073028537,10.432648051549556,70.63516416078552,16.360846885547716,13.752684872660327,6.13685179502915,9.561215096655417,5.136544952439399,20.742559067198528,2.522246087756981,12.35961951518871
2025-01-24,23.618429114079156,16.872932238696237,20.218110525670873,14.581546379120207,8.222031613772822,45.460115181963,2.934689376301924,8.08724421026835,10.415390270800147,70.64085283666218,16.36441612547482,13.895355961279256,6.126700159294204,9.54539884818037,5.048400931258424,20.830780541600294,2.518073765469918,12.34530082097782
2025-01-27,23.494049809839282,16.893632683106365,20.36559931296773,14.85093853514906,8.232118758434547,44.411728622254934,2.9505582137161084,8.520426941479572,10.31775242301558,71.21825542878175,16.47037173352963,13.808121702858545,6.1342166605324495,9.759538706907128,5.005520794994479,21.13237639553429,2.5456999141209664,12.329775487670224
2025-01-28,23.582291730804755,16.957083923403733,20.442091004248507,14.605012006649837,8.380025860476572,45.56369681669848,2.9616402930854013,8.540114524967674,10.356505141309032,71.42417338833816,16.53223323686965,13.872298503786713,6.1572563265808755,9.549904562526939,5.036635675143156,20.842312665476264,2.5429468628779017,12.382242472754141
2025-01-29,23.624475697014557,16.98741672834937,20.571181840611892,15.01973846533432,8.395016037503083,45.213422156427335,2.9669380705650137,9.030347890451518,10.664939550949914,71.98371576609918,16.56180606957809,14.914877868245744,6.16827041697508,9.813718233407352,5.008635578583765,21.002960769800147,2.566000493461633,12.355045645201086
2025-01-30,23.7740995598537,16.868142086665426,20.705473932180272,15.485710743289319,8.337982766102535,45.00650920587688,2.9756369722893807,8.926910916868142,10.71849234393404,72.22118901494018,16.737957969127766,16.049841919285846,6.199243692269543,9.862996714400843,5.1019775587378335,21.077428553716445,2.479697476907817,12.491476039923128
2025-01-31,23.911558288305077,17.079684491646482,20.712999192596733,15.427613191727223,8.415626358611267,44.34507173467487,3.006024470529781,8.98701943978635,10.49003167505124,73.72212906030681,17.067262902925286,16.272281224768648,6.210794360598721,9.868952238991367,5.1114837587727475,21.11670082603565,2.5526364822060743,12.496118253524626
2025-02-03,24.308597171818295,17.51345263421349,20.77337004129646,14.560130146414718,8.478288074083345,44.988111625578775,3.0096358403203607,9.103991990989863,10.449255412338882,73.52021023651608,17.194343636591167,16.268301839569517,6.257039169065199,9.77349518207984,5.074458766111876,21.273933174821675,2.5904142159929924,12.607933925666375
2025-02-04,24.336144954701656,17.175882536707277,20.524835988753512,14.539206497969383,8.466104342393002,45.673227116526085,2.9490784129959384,9.134645423305216,10.621680724773508,73.41455795064041,17.169634489222116,14.87660106216807,6.248047485160887,9.80318650421743,5.067166510465479,21.243361449547017,2.6304279912527333,12.583567635114026
2025-02-05,23.961661341853034,17.221073733007582,20.578838564179666,14.533608970744847,8.388147591304893,45.918686963603335,2.944308713900896,8.983273820710393,10.649627263045794,74.54739084132055,16.901584915116207,14.289293992357326,6.264486625321055,9.866566434880662,5.086763139760697,21.20528722671177,2.6999937355133747,12.685585416275137
2025-02-06,24.427914013742672,17.329634999684803,20.708567105843787,14.80173989787556,8.441026287587468,49.17102691798525,2.9691735485091093,9.102943957637269,11.170648679316649,74.44997793607767,17.008132131374897,14.127214272205762,6.303977809998109,10.086364495996975,5.081006114858476,21.212885330643637,2.7422303473491776,12.740339154006179
2025-02-07,24.56885620086229,17.429622115140756,20.8280497083439,15.102713669794573,8.489728633020542,48.757291402485414,3.0180065939639866,8.97159523205681,11.120973877758052,74.62591935074816,17.087243215825513,14.424296221151408,6.3403499873193,10.23332487953335,5.116662439766675,21.493786457012426,2.7707329444585342,12.756784174486432
2025-02-10,24.36386768447837,18.097964376590333,20.833333333333336,14.860050890585242,8.492366412213741,49.04580152671756,3.0279898218829517,8.931297709923665,11.21501272264631,78.24427480916032,17.14376590330789,14.4529262086514,6.361323155216286,10.349872773536896,5.209923664122138,21.692111959287534,2.9071246819338423,12.773536895674301
2025-02-12,24.19050018898828,17.664104825500818,20.599722817185334,14.539498551089832,8.409978581327957,48.7589769434295,2.9734156482298095,9.323421947839233,11.024316492377473,77.80017638906388,16.977447398261308,14.356809877787576,6.299609424215698,10.180168829532569,5.159380118432657,22.174625173239257,2.8915207257150053,12.725211036915711
2025-02-13,23.874914175145122,17.321016166281755,20.47312901816366,14.655764309343985,8.351538605580176,57.42463017289807,2.9461332001747706,9.01941202172149,10.804569003183321,77.89775919106172,16.82167155608264,14.299981274577117,6.24180762748892,10.086761126022095,5.124524062168404,21.877535734348665,2.8774733162723924,12.577242369390175
2025-02-14,23.491190803448706,17.337248531800576,20.461077096088967,14.29463951018368,8.359365238035737,55.229289016618765,2.948894164688242,10.727227289766338,10.814694489566412,81.71935524178433,16.525053105085593,14.282144195926527,6.247657128576783,10.033737348494315,5.023116331375734,21.773085093090092,2.83643633637386,12.651505685367987
2025-02-17,23.63932781540005,17.387760220717333,20.472786556308,14.102081765738651,8.377225984449462,53.42362678705794,2.9094557311261604,10.72234762979684,11.07348883872586,84.71281665412592,16.585151743165287,14.434411838475045,6.270378730875345,10.001254075746175,5.07900677200903,22.13443691998997,2.834211186355656,12.647353900175572
2025-02-18,23.894862604540023,17.41809721436207,20.53071747469031,13.739545997610513,8.426083128969378,54.32937181663837,2.9239766081871346,10.306231528642394,10.897314972017858,85.26693076777967,16.632081997107463,14.582154310507452,6.288121738036848,10.029554172168773,5.08709048607181,22.951644343834495,2.867383512544803,12.68942966735836
2025-02-19,24.223524223524226,17.451017451017453,20.56952056952057,13.545013545013546,8.486108486108487,54.810054810054815,2.916902916902917,10.395010395010395,10.962010962010963,85.36508536508538,16.97851697851698,14.584514584514585,6.3000063000063005,10.04851004851005,5.178605178605179,22.995022995022996,2.8980028980028982,12.713412713412714
2025-02-20,24.4266565021282,17.67359125849692,20.710247125341464,13.550600343053173,8.544565148338734,53.6814687758084,2.9350104821802936,9.707134235436122,11.212756495775364,85.12800965631155,16.803252652309258,14.700463757067531,6.352836541515787,10.13277428371768,5.1394447620862715,22.743154818626518,2.8968934629311986,12.883552506194016
2025-02-21,24.45997458703939,17.67471410419314,20.67979669631512,13.456162642947904,8.545108005082591,57.43329097839898,2.935196950444727,9.872935196950444,11.213468869123252,86.14993646759847,17.376111817026683,14.612452350698856,6.353240152477763,10.133418043202033,5.158831003811944,22.61753494282084,2.9224904701397714,12.884371029224905
2025-02-25,24.463273236924252,17.837803401923935,20.80015289545773,13.633178314327578,8.35191437854367,56.12537427533924,2.949608205389565,9.345734853793719,11.199592278779384,87.21411734726381,17.500159266101804,14.289354653755495,6.370644072115691,10.33318468497165,5.1347391221252465,21.819455946996243,2.924125629101102,12.91966617825062
2025-02-26,24.498247849633643,18.190506530742276,20.484230646702773,13.507486460656262,8.372093023255815,55.431666135712014,2.918126791971966,9.060210258043965,10.825103536158013,89.20038228735267,17.202930869703728,14.272061165976426,6.371455877668048,10.334501433577573,5.129021981522778,22.013380057343106,2.9308697037273017,12.946798343421472
2025-02-27,24.527940801224805,18.212554223016078,19.01633069660628,13.326103597856596,8.382240367440675,57.92293952538913,2.7621842306710898,8.860678744577699,10.908394998724164,87.9688696095943,17.223781576932893,14.2957387088543,6.379178361826997,10.347027302883388,5.14161775963256,22.486603725440165,2.9663179382495537,13.013523858127074
2025-02-28,24.586499776486367,18.2323264576282,19.413755667667157,12.682802222364135,8.512676416118525,57.09176831215275,2.714094131170573,8.908614854077527,11.09904847052813,87.04259531259979,17.2424803627307,14.311258701066478,6.386103838048406,10.217766140877451,5.159971901143113,22.415224471549905,2.892905038635928,12.842454818315346
2025-03-03,24.522292993630572,18.18471337579618,19.03184713375796,12.86624203821656,8.560509554140127,55.605095541401276,2.6369426751592355,9.292993630573248,11.070063694267516,86.62420382165605,17.006369426751593,14.59235668789809,6.369426751592357,10.445859872611464,5.1528662420382165,22.356687898089174,2.8917197452229297,12.993630573248408
2025-03-04,24.54105048444671,18.19862315145334,19.001784803671598,12.49362570117287,8.567057623661398,56.22131565527792,2.5624681285058646,9.159867414584395,11.409994900560939,86.69046404895462,17.01937786843447,14.221060683324835,6.374298827129016,10.453850076491586,5.150433452320245,22.373788883222847,2.855685874553799,13.003569607343193
2025-03-05,24.07628878957638,17.97066784163152,18.782652483162334,12.56373135267829,8.283502234531378,56.58714672373639,2.5996097438156984,9.089192421476678,11.223012525964625,85.85636054635866,16.806193743312143,14.301000818279096,6.294454585510166,10.247372065210548,5.085919305092213,22.03059104928558,2.819915654308554,12.840687354440737
2025-03-06,24.04897245299519,17.833718533325005,18.620775813604848,12.368042975826098,8.220376038478356,55.781123118245986,2.592291835842339,9.288525204572428,11.112499219189205,85.32700356049722,16.67811855831095,14.366918608282841,6.246486351427322,10.16927978012368,5.01592854019614,21.956399525267038,2.817165344493722,12.867761883940283
2025-03-07,24.05949256342957,17.8352705911761,18.641419822522185,12.373453318335207,8.286464191976002,55.86801649793775,2.512185976752906,8.948881389826271,11.167354080739907,84.67691538557679,16.529183852018498,14.141982252218472,6.249218847644044,10.148731408573928,4.999375078115235,21.65354330708661,2.8058992625921757,12.667166604174477
2025-03-10,24.091108190976783,17.858707214817596,18.678430636380703,12.508603967211062,8.347412552405983,54.56479569488768,2.5280020023778236,9.50503723171266,11.19454352043051,85.91452349665228,16.550904198736,14.160565671735185,6.257430698955009,10.274701207684124,5.012201989862962,22.057443213816406,2.7720417996370688,12.70258431887867
2025-03-11,24.023461874454014,17.783601647323103,18.632222638212905,12.198926744040934,8.348932983901161,54.97316860102334,2.502183951079496,9.047797329339824,10.94471483838762,84.86209908898041,17.047298140521654,14.102084113315863,6.2398602271309125,10.245850492948959,4.979408461250468,21.839510794958194,2.7392986397104706,12.610757519031575
2025-03-12,23.8198354265916,17.632865185918455,18.455732227927985,12.448184124234363,8.352409824908742,54.56907752273712,2.474788096269257,9.428942646785869,10.957124296232136,84.14279527315473,17.014168161851142,13.865000309348513,6.186970240673142,10.1590051351853,4.943389222297841,21.93280950318629,2.734640846377529,12.55954958856648
2025-03-13,24.005954965572855,17.517523726815952,18.609267415172756,12.3627566528131,8.560263010979467,53.84281372123317,2.518454190186713,9.496929470876497,10.998077042367099,84.85825941318777,17.058495130575025,14.12443396811612,6.203089138390919,10.185472365237889,4.99968984554308,22.02096644128776,2.716953042615222,12.654301842317473
2025-03-14,23.9985117202034,17.45008061515565,18.57869279424532,12.470544462358925,8.712637975939478,54.19818925958081,2.49286865930795,9.376162718591095,10.97606349993799,84.08780850799951,16.743147711769815,14.082847575344166,6.201165819174005,10.107900285253628,5.035346645169292,22.448220265409898,2.728512960436562,12.6193724420191
2025-03-17,24.08150663785119,17.20284038283421,18.55510960172893,12.68910157456005,8.663167644334672,53.473294226613156,2.50077184316147,9.614078419265207,11.034269836369251,84.16177832664403,16.671812287743133,14.276011114541527,6.174745291756715,10.219203457857365,5.205310280950911,22.35257795615931,2.710713183081198,12.596480395183699
2025-03-18,23.773006134969325,17.11042944785276,18.39877300613497,12.38036809815951,8.607361963190185,53.12883435582822,2.4846625766871164,9.631901840490798,10.969325153374234,82.82208588957056,16.56441717791411,14.809815950920246,6.134969325153374,10.392638036809815,5.220858895705521,22.208588957055216,2.687116564417178,12.515337423312884
2025-03-19,24.117034951337455,17.07167778661933,18.36322458223664,12.572687763971354,8.532778355879293,53.375772785701166,2.497398543184183,9.432576360408888,10.999571524759748,83.06298586031707,16.832955867050252,14.745669339536022,6.121074860745547,10.424190487849666,5.190671481912224,22.066474872987698,2.6932729387280405,12.486992715920916
2025-03-21,24.435508815341787,17.32137333745747,18.552428085369627,14.13547788431797,8.747293535416022,56.17073925146922,2.5425301577482213,9.613362202288895,11.1351685740798,84.44169502010516,17.32137333745747,15.11908444169502,6.186204763377668,10.516548097742035,5.17166718218373,22.33219919579338,2.7219300958861736,12.68171976492422
2025-03-24,25.220447678362213,17.265832151446016,18.4991058765493,14.719121909107727,8.719245236480237,58.33384719738547,2.5528766109638035,9.866189800826294,11.09946352592958,85.09588703212678,16.538200653635077,14.978109391379418,6.166368625516434,10.137510020349017,5.1550841709317385,22.260590738114328,2.7132021952272307,12.678053894061788
2025-03-25,24.361734850815132,17.22546908643494,18.517379267917562,13.989541679483235,8.809597047062441,57.95139956936327,2.540756690249154,9.830821285758228,10.956628729621654,85.01999384804675,16.49953860350661,14.97385419870809,6.151953245155337,10.119963088280528,5.087665333743463,22.639187942171638,2.6822516148877265,12.734543217471547
2025-03-26,24.384236453201968,17.241379310344826,18.53448275862069,14.402709359605911,8.633004926108374,56.40394088669951,2.5554187192118225,9.58743842364532,10.954433497536945,85.5911330049261,16.6871921182266,14.673645320197044,6.157635467980295,10.197044334975368,5.190886699507389,22.629310344827587,2.70935960591133,12.68472906403941
2025-03-27,24.44731818461728,16.934540304205925,18.461727938912496,13.473736067491842,8.658168606441285,55.730032637477684,2.5371020383028515,9.181599852207649,11.115216454215162,85.04218240039413,16.68821971796293,14.656074881458219,6.158014656074882,10.197672270460005,5.086520105917852,22.63070386107519,2.764948580577622,12.685510191514258
2025-03-28,23.222952632548996,16.42808871413651,18.461632979050194,13.49757326288628,8.637955397186213,57.443017755114575,2.543466240707747,8.957424586840327,10.567057811636051,82.93911654481784,16.477237820237143,14.406831725747987,6.143638262579099,9.983412176691036,5.062357928365177,21.68704306690422,2.72777538858512,12.655894820912945
2025-03-31,23.333949818136983,16.799210899451328,18.55619258985266,13.124961469699771,8.70476542753221,55.421983848098144,2.5460822390728066,9.20411811848838,10.591208926699956,82.17742432649035,16.02860489488934,14.302447444670488,6.1648480364959,10.011713211269342,4.950372973306208,21.669440848283088,2.6755440478392205,12.681092411072067
2025-04-01,23.510874938210577,16.800543746910527,18.530647553138902,12.73479980227385,8.730845279288186,55.363321799307954,2.564260998517054,8.996539792387543,10.806969846762234,82.85961443400889,16.003460207612456,14.58230350963915,6.1789421651013345,10.065496786950074,5.1655956500247155,22.08971824023727,2.6569451309935737,12.666831438457736
2025-04-02,23.515233916321613,16.760397997651566,18.478462394165998,12.761881218713306,8.713923737717076,54.693776651628454,2.552376243742661,8.961127248006921,10.691551820035844,81.57715839564922,16.006427291267535,14.238922192695137,6.180087757246153,10.067362956553984,5.117112662999815,21.87751066065138,2.595636858043384,12.669179902354614
2025-04-03,23.544335127776744,16.397500154693397,18.445640740053214,12.282655776251469,8.619516119052038,57.48406658003836,2.52459625023204,8.687581214033784,10.512963306726068,80.811830951055,16.026236000247508,13.866716168553925,6.18773590743147,10.079821793205864,4.974939669574902,21.595198316935832,2.462718891157725,12.313594455788627
2025-04-04,22.94431353094382,15.750961180701973,18.38025548803175,11.075282153044773,8.63822398610939,54.8183058414982,2.517673322584646,8.061515564926207,10.759022696266898,75.65422299392286,15.999007813468934,13.642564802182811,6.201165819174005,9.574600024804663,4.898920997147464,20.649882177849438,2.356443011286122,12.191492000496094
2025-04-07,21.775648603247685,15.38605114166615,17.750264418590184,9.587506999315623,8.697816213525789,50.33285634293536,2.326883593604181,7.627698625023331,10.215890001866486,67.19342997573571,14.695452000248865,12.878740745349344,6.221613886642196,9.369750513283146,4.373794562309463,18.664841659926587,2.0158028992720713,11.82106638462017
2025-04-08,23.32008446155757,15.730965097503415,17.830083219475842,10.439696932058128,9.992547509626133,56.079990063346166,2.484163457955533,8.6200471991057,10.464538566637684,74.46279965221711,14.979505651471866,13.09775183207055,6.210408644888833,9.501925226679916,4.831697925723512,18.69333002111539,2.0991181219724258,12.110296857533225
2025-04-09,22.97095125296098,15.397082658022692,17.92170552300212,9.78680962473507,9.113576860740556,55.6663757636205,2.5246228649794293,8.303204089265678,10.216930557287123,74.18027677346964,15.359680837800774,12.635581598304451,6.233636703652912,9.606034160329136,4.6752275277396835,18.981423762623116,1.9511282882433614,11.843909736940532
2025-04-10,23.549488054607508,15.842382873099597,18.3990071362085,10.518150791188333,9.072292894818492,56.2829661805771,2.5442134657151723,8.848898541731305,10.20788085634502,75.89202606267452,15.290102389078498,13.03754266211604,6.205398696866274,9.847967731926776,5.063605336642879,19.91932981694074,2.1284517530251317,11.964008687558175
2025-04-11,23.290294680916784,15.382714524000741,18.107122999938223,11.113856798665596,9.031939210477544,58.31840365725582,2.4525854080434915,8.834249706554642,10.193365046024587,75.36912337060603,15.222091802063384,12.967195897942792,6.177796997590659,9.804163835176375,5.090504726014703,19.923395317229875,2.0819175881880523,12.046704145301785
2025-04-14,23.606073646031845,15.798856580807772,18.257822585602757,11.415749677260713,8.987520747525666,56.98653716112375,2.4897030798549213,8.907604352369829,10.35839429519887,75.61320464744576,15.2455892297289,12.749738734861992,6.1474150119874595,9.755947624024099,5.065469969877666,20.102047089198994,2.1331530091596487,12.048933423495422
2025-04-15,23.646776279327547,15.67830531436665,18.32625161647885,10.992056161093664,8.504218240039412,58.43955908615063,2.500153950366402,8.799802943531006,11.035162263686189,78.14520598559025,15.271876347065707,13.49836812611614,6.158014656074882,9.723505141942239,5.074204076605703,19.798017119280747,2.186095202906583,12.014286594002094
2025-04-16,23.696390003085465,15.711200246837395,18.364702252391236,11.045973464979944,8.522061092255477,58.438753471150875,2.505399568034557,8.207343412526997,10.737426720148102,77.50694230175871,15.303918543659364,13.582227707497685,6.17093489663684,10.003085467448317,5.047824745448935,20.117247763036097,2.190681888306078,12.033323048441838
2025-04-17,23.687619517611495,15.211893158966133,18.35790512614891,12.405156992165812,8.512738264141632,58.293751156622044,2.5168095737462215,8.105607303682683,10.862994263154647,78.83535870705076,16.223551909197457,13.922645117512799,6.16865091604466,9.999383134908395,5.045956449324533,20.109801986305595,2.233051631608167,11.899327617050151
2025-04-18,23.696390003085465,16.328293736501077,18.37704412218451,12.45911755630978,8.51589015735884,58.068497377352664,2.462203023758099,8.306078370873188,10.965751311323665,78.86454797901881,16.22955877815489,14.075902499228633,6.17093489663684,10.003085467448317,5.239123727244677,20.394939833384758,2.2647331070657204,12.039493983338476
2025-04-21,24.00493674791731,16.278926257327985,18.51280468991052,12.601049058932427,8.682505399568035,61.77105831533477,2.4807158284480098,8.022215365627892,11.03363159518667,77.75377969762418,16.22955877815489,13.853748842949706,6.17093489663684,9.756248071582844,5.115705029311941,20.549213205800676,2.2030237580993517,12.045664918235111
2025-04-22,23.821309243905457,16.322237346863012,18.840490038361587,12.436579631233759,8.724167801014726,59.27484222249721,2.4996906323474817,7.99406014107165,10.735057542383368,79.13624551416903,16.27273852246009,14.181413191436702,6.187353050365053,9.788392525677516,5.048880089097884,20.60388565771563,2.2583838633832447,12.07152580126222
2025-04-23,23.799221116399824,16.307102676639673,18.520121159671138,12.579588304382765,8.777894541633183,59.7144093466032,2.534462508499722,8.332818198677133,10.67565061507078,78.56833776349137,16.257649749644557,14.36607529208135,6.181615874389565,10.273845583235458,5.415095505965259,20.924769734808677,2.2810162576497497,12.171601656673053
2025-04-24,23.990132593277828,16.219549799568302,18.482886216466234,12.648781991982732,8.818994757940178,59.69781066913352,2.5038544557508478,8.313290163428924,10.829478877582485,78.69256860931236,15.97286463151403,14.326241134751772,6.167129201356768,10.064754856614245,5.402405180388529,20.78322540857231,2.294172062904718,12.247918593894541
2025-04-25,23.957245531052276,16.217212359481543,18.582222495239265,12.72805454880521,8.870323729958843,59.46311198476565,2.5431537563732416,8.243749616069783,10.62718840223601,78.99748141777751,15.910068186006512,14.374347318631367,6.142883469500584,9.933042570182444,5.4118803366300146,20.578659622826954,2.3097241845322194,12.285766939001167
2025-04-28,23.777382340308034,16.19316438608333,18.408296005399766,12.64649935570964,8.793029391912622,61.60643063140456,2.528072651408235,8.22237221574523,10.627722893784131,78.48070196968767,16.199300484751795,14.248021108179419,6.136098668466589,10.247284776339203,5.473400012272197,21.26158188623673,2.3010370006749707,12.272197336933178
2025-04-30,23.850557025912476,16.242998707453683,18.46494737489998,12.531544285098787,9.047824213700991,61.42672493383394,2.4989228780697976,8.746230073244291,10.801994214316489,79.09152458915491,16.267618637286883,14.513448636671386,6.154982458299994,9.94029667015449,5.521019265095094,21.05004000738598,2.2896534744875976,12.309964916599988
2025-05-01,24.05857740585774,16.182623677085896,18.45926655180901,13.099926162933793,8.903519566822544,60.546394289933545,2.498154073344819,9.463450652227417,11.10632537533842,78.75953728771843,16.262613832143735,15.142751661333989,6.153088850603003,9.937238493723848,5.414718188530642,21.043563869062268,2.252030519320699,12.103125769136106
2025-05-02,24.093074386222057,16.062049590814706,18.321729571271526,12.55649199951142,8.739465005496518,60.15634542567485,2.47954073531208,9.368511054110174,10.699890069622572,78.17271283742518,16.18419445462318,15.139855869060705,6.1072431904238424,9.863197752534505,5.386588493953829,20.88677171124954,2.2596799804568217,12.06180530108709
2025-05-07,24.114173228346456,16.178641732283463,18.485482283464567,12.764517716535433,8.802903543307087,58.31692913385827,2.4975393700787403,9.295029527559056,10.685285433070867,79.78592519685039,16.486220472440944,15.48966535433071,6.1515748031496065,9.916338582677165,5.216535433070866,21.007627952755904,2.3006889763779528,12.149360236220472
2025-05-08,24.445533635583875,16.009067516235756,18.410733978679083,12.633255728464649,8.767307927950005,56.30437446391374,2.481313564514153,9.343217742923661,10.776865580198505,80.32103908834702,16.419556426908468,15.353510599191276,6.126700159294204,9.802720254870726,5.2750888371523095,20.892047543193236,2.334272760691092,12.24114691826982
2025-05-09,24.212778966676854,15.976765515132985,18.46530113115255,12.693365943136655,8.67624579639254,56.435340874350345,2.494649954142464,9.238764903699174,10.663405686334453,81.320697034546,16.50871293182513,15.52430449403852,6.114338122898196,10.535004585753592,5.264445123815347,21.033323142769795,2.347905839192907,12.228676245796391
2025-05-12,24.15179387220564,15.916428092830603,18.170189437777914,12.493147347261985,8.64347932021685,57.50137053054761,2.4974112200767498,9.386611439361639,10.696229518182372,81.01358348053847,16.507279040019494,15.77023816775294,6.091246878235975,10.86678443077298,5.244563562161175,21.014801729914115,2.473046232563806,12.12158128768959
2025-05-13,24.286581663630844,15.86520947176685,18.30601092896175,12.489374620522163,8.658166363084396,57.80206435944141,2.489374620522162,9.623557984213722,10.661809350333941,82.87795992714027,16.39951426836673,15.385549483910141,6.071645415907711,10.61323618700668,5.136612021857924,21.03825136612022,2.465088038858531,12.082574377656346
2025-05-14,24.20432458697765,15.324344023323617,18.282312925170068,12.439261418853256,8.667395529640428,48.71234207968902,2.490281827016521,9.432701652089408,10.598882410106901,84.365889212828,16.156462585034014,15.61588921282799,6.073858114674442,10.799319727891158,5.217444120505346,21.076287657920314,2.490281827016521,12.232750242954326
2025-05-15,24.34856898761213,15.567217916641239,18.368218709953013,12.308537255141271,8.940013425276133,44.66955513516812,2.5019832794288153,8.640995911393178,10.691401720876303,81.10087264294867,16.35442728992494,16.049307377799476,6.102398242509306,9.776041984499908,5.339598462195643,17.831207664612194,2.1419417831207666,12.290230060413743
2025-05-16,24.442538593481988,15.6824307767704,18.56162705219309,12.460181328105856,8.974516049987747,44.7806910071061,2.4810095564812547,8.404802744425385,10.708159764763538,80.43371722617005,16.41754471943151,15.958098505268316,6.125949522175937,9.807645185003675,5.513354569958343,17.80200931144327,2.1685861308502816,12.10487625581965
2025-05-19,24.651989942969276,15.661985650334213,18.519654136260502,12.81658183602134,9.045195314895444,45.37928496964494,2.465198994296928,8.162138958729381,12.154289568896793,80.51756914208623,16.43465996197952,15.3737658674189,6.132335806708776,9.96504568590176,5.384190838290305,17.753112160421907,2.1463175323480717,12.062304531796162
2025-05-20,24.83900643974241,15.792701625268322,18.39926402943882,12.74455688439129,9.224164366758663,45.63017479300828,2.471634467954615,8.353265869365226,11.493406930389451,81.57007053051211,15.823367065317386,15.338853112542164,6.1330880098129406,10.058264336093222,5.3664520085863225,17.675559644280895,2.158846979454155,12.07605029132168
2025-05-21,24.8250889898122,15.803363201178348,18.411685282926232,12.612004418804467,9.205842641463116,45.17000122744569,2.4917147416226832,8.12569043819811,11.55640112925003,82.23886093040383,15.834049343316558,16.153185221553947,6.137228427642077,10.126426905609426,5.339388732048607,17.570884988339266,2.166441634957653,12.084202774027249
2025-05-22,24.88618186292605,16.076042820228867,18.45699520118125,12.919896640826874,9.46843853820598,45.58877814691768,2.5101513473606496,8.484065460809648,11.806324597022272,82.37972191460564,15.873015873015873,16.211394118370862,6.152331733727083,10.151347360649687,5.426356589147287,17.84176202780854,2.165620770271933,12.077027193306265
2025-05-23,24.973792933341556,16.34087685761855,18.4991058765493,12.98637232533761,9.138558303015355,45.87778257384227,2.5467102423382872,8.503422334587162,11.346118270950239,82.56767589566505,16.14971943022754,16.396374175248198,6.166368625516434,10.156009126225566,5.426404390454461,17.75914164148733,2.176728124807301,12.10458161188876
2025-05-26,25.1015134736065,16.611295681063122,18.45699520118125,12.919896640826874,9.117755629383536,45.834871416266765,2.516303679094377,8.619416758951644,11.363356712193921,82.74886181862927,16.11910914236496,16.672818998400395,6.152331733727083,10.034453057708872,5.414051925679833,17.73102005660145,2.1717731020056603,12.292358803986712
2025-05-27,25.09344935351431,16.545131441877565,18.383479379863964,12.813285127765182,9.081438813652797,46.632759360254916,2.512408848581408,8.842453581714565,11.410012868435565,83.03204853238556,16.054905325081194,16.943440161774618,6.127826459954655,9.92707886512654,5.361848152460323,17.807463692628225,2.193761872663766,12.25565291990931
2025-05-28,24.48343318254065,16.50568529160044,18.339650324000488,12.80107592615234,9.059787260056241,47.13290133268125,2.5247585279374003,8.558503484533562,11.382809634429636,78.8604963932021,15.894363614133756,17.117006969067123,6.113216774666829,9.915637608509597,5.379630761706809,17.75889473040714,2.225210905978726,12.226433549333658
2025-05-29,24.446072147958247,16.08984923396203,18.177378990416894,12.580113532320087,8.862845632668009,47.24409448818897,2.520905817005432,8.325703473112371,11.365439785143135,79.65574070683024,15.870109259598363,16.80400415064396,6.103888176768601,9.900506622718671,5.377525483733137,17.58530183727034,2.1973997436366965,12.21998412989074
2025-05-30,24.91440449987772,16.116409880166298,18.46417216923453,12.613108339447297,8.877476155539252,49.217412570310586,2.5250672536072387,8.333333333333334,11.335289801907557,80.09293225727562,15.896307165566153,17.632673025189533,6.11396429444852,9.910736121301051,5.319148936170213,17.822205918317437,2.194913181707019,12.22792858889704
2025-06-02,24.91724898859875,16.157901189162683,18.389113644722325,12.590413142086552,9.059703322299866,48.48596297658453,2.507049160230477,8.501900208409955,11.333823709697194,80.29912958195416,15.857545666298886,17.61677087164399,6.129704548240776,9.936251072698298,5.357361775162437,19.185975235993627,2.2557312737526054,12.259409096481551
2025-06-03,24.90351038412057,16.148992219567482,18.37897445322551,12.755008270538505,9.054708080622435,46.06996262941861,2.5056668504564112,8.454328248483735,11.523616982172395,80.25485511241807,15.830423329044907,17.092446241499726,6.126324817741837,9.955277828830486,5.329902591435398,18.960975310910985,2.1993506095693194,12.252649635483674
2025-06-04,24.839792493133963,16.08788526090937,18.3094293561184,12.572474824534636,9.020445529447667,45.773573390296,2.4900823924321025,8.422337503814465,11.52273420811718,81.72108635947514,15.855965822398536,17.693011901129083,6.103143118706134,9.935916997253585,5.291425083918218,18.3094293561184,2.1727189502593838,12.206286237412268
2025-06-05,24.94047255632212,16.118200134318336,18.499297881433545,12.577080407839308,8.730691739422431,45.91244886745223,2.472678429696563,8.388790524452043,11.667378960864522,81.50680749740522,15.849563465413029,17.815495451492765,6.105378838756945,10.073875083948959,5.262836559008487,18.52982477562733,2.222357897307528,12.21075767751389
2025-06-06,24.76120946644765,15.95789986007179,18.434020806716553,12.459694591470463,8.827644947374825,45.44624931556854,2.463953276145282,8.274015939648354,11.55928697450873,80.61081705907404,15.775384802579545,18.859889274198455,6.083835249741437,10.038328162073372,5.268601326276085,18.148080549978705,2.2023483604064,12.167670499482874
2025-06-09,24.640407841233234,16.33185652728045,18.389269891363718,12.593311889300235,8.897250713115252,45.09316016265097,2.500455179947806,8.247860654245311,11.355222431267828,80.11167081386174,15.421496631668385,18.23754324209504,6.0690659707471015,10.311343084299326,5.231534866784002,18.09188565879711,2.203070947381198,12.14420100746495
2025-06-10,24.727602905569007,16.289346246973366,18.34140435835351,12.5363196125908,8.874092009685231,45.33898305084746,2.4878934624697338,8.26271186440678,11.682808716707022,79.1767554479419,15.381355932203391,19.642857142857146,6.053268765133172,10.381355932203391,5.254237288135593,18.081113801452787,2.209443099273608,12.112590799031478
2025-06-11,24.6667872866534,16.27163621012002,18.27392798986792,12.610819612809843,8.841445027441047,45.835594958084556,2.47874072733852,8.33484108316748,11.68204571497497,79.48857125625716,15.324769314275375,19.14842289367348,6.030999336590073,10.343163862251975,5.210783426813823,18.09299800977022,2.2013147578553767,12.128339665882637
2025-06-12,24.63558607396699,16.25105408986869,18.25081315504156,12.408143597156968,8.643536923262257,45.35598120708348,2.4876520901096253,8.330321647994218,11.70943259848211,79.38802553909167,14.80544512709312,19.42537043729671,6.023370678231538,10.245753523671846,5.210215636670281,17.991808215877604,2.168413444163354,12.112998433923623
2025-06-13,24.41741434334919,16.559282230384778,18.124887095802976,12.235804178960679,8.640934545673511,44.61973866441862,2.4869031131450594,7.954477027759379,11.44095863190221,79.48455470584693,15.04787137953875,18.54639609803095,6.021557174685374,10.242668754139821,5.202625398928163,18.124887095802976,2.17378214006142,12.109351478292288
2025-06-16,24.01825387294344,16.686681878227454,18.07373603938994,12.369400744565871,8.52648012489492,43.59313077939234,2.4978984027861175,8.184220007205477,11.28257475681518,79.26023778071334,15.005404107121413,18.40398703014291,6.00456346823586,10.213762459469198,5.145910892278132,18.133781674072296,2.143629158160202,12.003122373003484
2025-06-17,23.926306974518482,16.461299198468716,18.12417753319775,12.6211269290585,8.493838975954061,44.383299437731786,2.5002990788371813,8.18877856202895,11.364995812896279,78.956813015911,14.947960282330422,17.94473023088886,5.9815767436296206,10.174662040913985,5.102284962316066,17.926785500657974,2.111496590501256,11.963153487259241
2025-06-18,24.14185586772899,16.48595219553106,18.271131612052955,12.95752710717067,8.32684358713233,44.210147966213384,2.5160246810040134,8.069250584077158,11.340082669382376,79.19487210207872,14.736715988737794,17.95962379440484,5.990534954771461,10.100041933744683,5.109926316420056,17.851794165218955,2.1206493739890973,11.981069909542923
2025-06-19,24.150536345658296,16.491879906514054,18.277701204530473,14.010906693833522,8.32983759813028,43.62677533409241,2.522922035117157,8.054173907832444,11.182357523820938,79.34320129442081,14.676095163900042,18.367591538323246,5.992688919518188,10.031761251273446,5.063822136992869,17.684425001498173,2.1214118775094386,11.985377839036376
2025-06-20,24.45506121230218,16.43475664377426,18.124813377127502,13.341295909226636,8.20543445804718,43.29650641982682,2.502239474469991,7.960585249328158,11.191400418035235,78.82950134368468,14.51776649746193,19.259480441922964,5.971931919976113,9.979098238280084,5.022394744699911,17.664974619289342,2.1319796954314723,11.943863839952225
2025-06-23,23.959012023929393,16.30042054137298,17.976662915358645,12.622164307291357,8.29236510098916,42.350293194337496,2.51140200201386,7.865900610081146,10.89261387194219,78.8366996386898,14.274714209559912,19.931291832020374,5.923117929277971,9.89753005982349,4.981342178522774,17.46727477344074,2.0967837469644017,11.846235858555943
2025-06-24,24.103172250222354,16.00948710346872,17.995849392232433,12.849095760450638,8.419804328490958,42.039727245775275,2.5140824192113844,8.052179069077972,11.01096946338571,78.38719241031723,14.527127186480877,20.160094871034687,5.929439667951378,9.908093685146753,5.063741476430478,17.438482063445004,2.1108805217906905,11.91817373258227
2025-06-25,24.087461483763928,15.99905190803508,18.073003081298886,12.597771983882437,8.414316188670302,42.84190566484949,2.5420715809433516,8.058781701825078,10.962313344394406,78.57312159279451,14.66579758236549,21.865370940981276,5.925574780753734,10.34605356719602,5.013036264517658,17.581180374496327,2.1035790471675755,11.969661057122542
2025-06-26,24.18161368614219,15.982951518380393,18.084413662463742,12.62653169952051,8.405848576333392,43.15396909962706,2.503995737879595,8.021073817557568,11.093352276090688,78.19807020659445,14.680636950216066,21.251405907772448,5.91961167347422,10.359320428579885,5.013911087432664,17.56348783519801,2.101462144083348,11.88066062866276
2025-06-27,24.210713018800995,15.97493200898664,17.914153955303302,12.303417287454181,8.395412084663594,42.15442828426156,2.524535887430531,7.96972921839896,10.937684758188484,78.10098143549723,14.869339009104884,20.36774269835639,5.912262031453235,10.34645855504316,4.978124630483624,17.458909778881402,2.1047652831973513,11.871822159158095
2025-06-30,23.983931947069944,15.9617202268431,18.0765595463138,12.68312854442344,8.660207939508506,42.119565217391305,2.5342627599243857,7.939508506616257,10.958175803402646,76.55954631379961,15.335538752362949,19.7601606805293,5.9073724007561434,10.219754253308128,4.968100189035916,17.332230623818525,2.0853024574669186,11.862003780718336
2025-07-01,24.041873669268984,16.453749704281996,18.216229004021763,12.692216702152827,8.895197539626212,41.69623846699787,2.531346108351076,8.037615330021291,10.982966643009226,77.35982966643009,15.76768393659806,18.74852140998344,5.914360066240833,10.23184291459664,4.944405015377336,17.329074994085637,2.087769103383014,11.870120652945351
2025-07-02,24.03732577368297,16.430427592723838,18.19040869359792,12.402551381998583,8.906213087644696,41.28277817150957,2.515946137491141,7.860855185447673,10.636664304275927,78.90385069690527,15.237420269312546,18.48570753602646,5.905976848570754,10.394519253484527,4.919678714859438,17.198204583038034,2.084809827545476,12.343491613512876
2025-07-03,24.02428958849192,16.401367763235466,18.21719136894234,12.43957080532956,8.583893408796133,39.73588020280627,2.499705223440632,7.764414573753095,10.623747199622686,78.41056479188775,15.21636599457611,18.128758401131943,5.895531187359981,10.193373422945408,4.893290885508784,17.197264473529064,2.0870180403254333,12.51621271076524
2025-07-04,23.917392327606496,16.368557307601787,18.23958578489056,12.43822075782537,8.566721581548599,39.244528124264534,2.4594022122852435,7.731230877853612,10.714285714285714,77.95951988703224,15.021181454459873,17.798305483643208,5.883737349964697,10.349493998587903,4.901153212520593,17.186396799246882,2.076959284537538,12.473523181925158
2025-07-07,23.831857888257023,16.310019346895704,18.145043090813157,12.376150554024742,8.536084891833266,37.87301401184265,2.462332180336519,7.715307498387759,10.67596881045905,77.6807175939497,14.803306560356452,17.136659436008678,5.862695667467902,10.376971331418186,4.930527056340505,17.148384827343612,2.0519434836137656,12.387875945359676
2025-07-08,23.763704222066714,15.931887100536507,17.844646606018195,12.252157686027525,8.508280849078611,39.53813855843247,2.455096804292046,7.866806624679263,10.671798460461861,77.09353860508514,14.981338931653838,17.58222533240028,5.831583858175881,10.496850944716586,4.939351527874972,17.080709120597156,2.0643806857942617,12.421273617914625
2025-07-09,23.6073962088615,15.885568089312711,18.1125712292127,12.635190138388186,8.367252006047215,40.469822072334,2.465402953831841,7.797418304454006,10.687289219676707,76.86940341900221,14.838934759855798,17.821839748808003,5.814629608093965,10.861728107919527,4.948249796487964,17.10082567740435,2.0700081404814514,12.460751250145366
2025-07-10,23.740168948441596,15.916108360034954,18.001747742499273,12.642004078065831,8.383338188173608,40.83891639965045,2.4526653073113893,7.853189630061171,10.888435770463152,76.95892805126711,14.855811243810079,17.593941159335856,5.825808330905913,10.882609962132246,4.998543547917273,17.110399067870667,2.0798135741334107,12.950771919603845
2025-07-11,23.723583862141233,15.904989229784013,17.989171566629796,12.953367875647668,8.377481515980671,40.169994760435465,2.4742388077079815,7.853525062583687,11.067124643418524,76.84694649822437,14.845432846247888,17.17412819467893,5.821738371077603,10.880829015544041,4.866973278220876,17.12173254933923,2.0783605984747044,12.662280957093788
2025-07-14,23.671216961951785,15.86988091780424,17.89137380191693,13.476619227417949,8.358989253557944,40.2555910543131,2.428115015974441,8.12082486203892,11.135637525413882,76.96776067383095,15.108916642462967,17.04908510020331,5.808887598024978,10.74644205634621,4.821376706360732,17.043276212605285,2.085390647690967,12.779552715654951
2025-07-15,23.38181607463638,15.831256881265574,17.847829866141275,12.012516659906126,8.33864518746016,39.867879700990905,2.422205481833459,7.88665469085009,11.253404415599467,76.49069942631975,15.269166135481255,17.37266036970505,5.794749956539375,10.66813466998899,4.844410963666918,16.8801066233992,2.086109984354175,12.748449904386627
2025-07-16,23.37016254989298,15.815352577081043,17.87470353444785,12.263550644993348,8.324174234974258,39.68299878521432,2.406432579394921,7.867183432637241,11.320645571816971,76.41580378318967,15.242667900734656,17.07641580378319,5.78469370046856,10.614912940359808,4.836003933591716,16.775611731358826,2.0882744258691504,12.552785330016775
2025-07-17,23.581899298916507,16.038009154643955,17.75885045483516,12.283446317863143,8.67373544237789,39.631496610464104,2.416130714409873,7.955269714351932,11.182571412016918,76.59771713308999,15.336925661973464,17.75885045483516,5.794078451822237,10.863897097166696,4.84384958572339,16.8317979025436,2.091662321107828,12.81650153543079
2025-07-18,23.430720277697425,16.20480185131617,17.73213769164015,12.074052646803587,8.666473821232282,39.051200462829044,2.458779288400347,7.804454729534278,11.15996528782181,75.788255713046,15.215504772924502,17.136245299392538,5.7853630315302285,10.84177032108765,4.790280590107029,16.777552791437664,2.0595892392247612,12.588949956609778
2025-07-22,23.596938775510207,16.12940630797774,17.857142857142858,12.140538033395178,8.51113172541744,38.845083487940634,2.464053803339518,7.780612244897959,11.183905380333952,75.89285714285715,14.795918367346939,17.886131725417442,5.797773654916512,10.998376623376624,4.858534322820037,16.90630797773655,2.0871985157699444,12.749304267161412
2025-07-23,23.77358490566038,16.150943396226417,17.880986937590713,12.336719883889696,8.354136429608127,38.72278664731495,2.455732946298984,7.83744557329463,11.082728592162555,77.03918722786648,15.105950653120464,17.735849056603772,5.805515239477503,10.937590711175616,4.806966618287373,17.06821480406386,2.1538461538461537,12.783744557329463
2025-07-24,23.788776577204604,16.161264087370746,17.892413152085513,12.181944928546534,8.45823167189497,39.09608458231672,2.4805390960845823,7.894736842105264,11.049146043917743,77.08841640525155,15.12141280353201,17.747182525851052,5.809225049378413,10.793540141745092,4.8216567909840835,17.31149064714767,2.149413268270013,12.861624259323808
2025-07-25,23.96646429603932,16.137612026597285,17.80861520670714,12.090199479618388,8.620988725065049,38.73952009251229,2.486267707429893,7.857762359063313,11.04365423532813,76.90083839259903,15.050592656837237,17.750795027464587,5.782017924255565,10.818155536282163,4.75860075166233,16.981786643538594,2.104654524429026,12.801387684301822
2025-07-28,23.923583054369157,16.41463696179153,17.892185155257994,12.235945977144176,8.657508946092578,39.016506983723886,2.4991342491053907,7.849474777790604,10.977721343645388,76.76324598868753,15.01212051252453,17.459309707953366,5.771672630728386,10.746854438416253,4.842433337181116,17.02066258801801,2.123975528108046,12.639963061295164
2025-07-29,24.041811846689896,16.666666666666668,17.94425087108014,12.299651567944252,8.681765389082463,39.08246225319396,2.502903600464576,7.845528455284553,11.039488966318235,77.23577235772358,15.10452961672474,17.334494773519165,5.807200929152149,10.720092915214867,4.872241579558653,17.125435540069688,2.148664343786295,12.874564459930314
2025-07-30,24.32479729335589,16.741527153940382,17.995683369305254,12.395730035583036,8.709094090882576,39.024674794376715,2.514145715452371,7.979933500554162,11.153240389663418,77.69935250539578,15.172373563553636,17.61651986233448,5.833284722627311,10.709910750743743,4.748293764218631,17.24902292480896,2.181648486262614,12.891559237006359
2025-07-31,24.505513740591635,16.745434389404284,18.087402999008113,12.480308069315598,8.594433747593209,39.6755936752436,2.561409650504697,7.88260691989031,10.998307952622675,78.8260691989031,14.9016862127312,18.46665499737441,5.834646128712294,10.712410292315772,4.726063364256958,17.50393838613688,2.182157652138398,12.777875021879924
2025-08-01,24.49810881582776,16.747163223741637,17.980797206866455,12.295606633692174,8.652894966540588,39.569391911550774,2.5080011638056448,8.001163805644458,10.957230142566193,78.6732615653186,14.995635728833285,18.15536805353506,5.819028222286878,10.881582775676462,4.794879255164387,17.340704102414897,2.2810590631364565,12.627291242362526
2025-08-04,24.89905787348587,16.84124290479256,18.14032418514834,12.247644683714672,8.777576218620165,39.20650710983674,2.5162385160044476,8.087073556088713,11.147521797647611,79.9344607642343,15.079875943589444,18.959564632219557,5.8517174790801105,11.036339165545089,4.8335186377201715,17.403007782784247,2.235356077008602,12.73333723447832
2025-08-05,24.950158320628592,16.875806262460422,18.236190922950627,12.513193385715962,9.106368007505571,38.99378444939604,2.5448575114342677,8.590360032836871,11.258355810953443,79.86396153395098,14.817638090770494,17.485633868887067,5.863726984871585,11.287674445877801,4.808256127594699,17.520816230796296,2.2516711621906884,12.80637973495954
2025-08-06,25.11549032220338,16.82942517981405,18.186070990000587,12.502192854219052,8.590140927431145,38.53575814279867,2.5378632828489565,8.274369919887727,11.239108824045378,79.87836968598327,14.613180515759312,17.6305479211742,5.8476112508040465,11.221565990292966,4.876907783170575,17.776738202444303,2.333196889070815,12.853049529267295
2025-08-07,25.14129231486337,16.768630192856726,18.120375225776378,12.620171298724,8.669812969760532,37.988696614810934,2.5286954495134886,8.302744275476316,11.105284623900252,79.93940453300705,14.100099050282585,17.829050865233352,5.826487210860573,11.50731224144963,4.940861154809765,17.858183301287653,2.3480743459768108,12.882363223212725
2025-08-08,24.87938150322618,16.72964017903854,18.078242167063884,12.788467127826541,8.43457536476196,36.21461373016334,2.540254606754636,8.376445968726385,11.07946288438063,80.50921350927163,14.770679532639656,17.438818810672558,5.812939603557519,11.108527582398418,4.911933965006104,17.90385397895716,2.174039411730512,12.776841248619426
2025-08-12,25.68344071043009,16.704393754715888,18.02193975274247,12.879447443264265,8.282546868651693,36.56625457078182,2.55383365256254,8.294155203436068,11.219455569098614,78.12409309884498,14.730976841372106,18.02193975274247,5.804167392187591,11.109176388647048,4.689767252887574,15.607406117592433,2.1649544372859713,12.902664112833016
2025-08-13,25.742746279029365,16.66763189899809,18.011235304337756,12.91480859442868,8.328024555510511,37.58614698557943,2.588753112874269,7.986332310187063,11.304801065616495,78.18381884519604,14.437945213412869,18.242891063879078,5.7913939885330405,10.893612092430649,4.708403312677362,15.451439161406151,2.165981351711357,12.880060230497481
2025-08-14,25.07125821650864,16.741318131580478,18.032691524634984,12.838112966086905,8.277587109534059,38.39218195567448,2.5594787970449655,7.503926473154558,11.250072712465826,78.52946309115235,14.501774184166134,18.119946483625153,5.816997266011285,10.95340585189925,4.70595078820313,15.630271653772324,2.181373974754232,13.000988889535222
2025-08-15,25.43951565956456,16.753987658633136,18.046338339736874,12.853650017464199,8.20235184538363,38.421236465246245,2.5148445686342997,7.2185353358947495,11.188729770636861,78.87996274304342,14.349749679823029,17.90080335312609,5.8213994644312494,10.932588194201886,4.633833973687274,15.601350564675748,2.258702992199325,13.074863197112586
2025-08-18,24.953574744661097,16.701485608170845,17.87372330547818,12.987465181058496,8.141829155060353,38.93918291550604,2.524373259052925,7.404828226555247,11.275533890436398,79.15506035283194,14.51949860724234,18.512070566388115,5.8031569173630455,10.938950789229342,4.752785515320334,16.660863509749305,2.2458217270194987,13.022284122562674
2025-08-19,24.86379969862061,16.680190100846183,17.908890692013447,13.02886287237742,8.218384142807466,38.65770256172482,2.5559290599281326,7.395386577025618,11.191607743132028,78.8223020748812,14.58212588385302,18.691317955256753,5.79575750550597,11.255361075692594,4.7467253970093894,16.564274950736063,2.2719369421583404,13.052045902399444
2025-08-20,24.79795336938194,16.733531019245305,18.024303738589452,12.814698528984243,8.244665387522529,38.490609919181345,2.569916855631141,7.529507529507529,11.221582650154078,79.36507936507937,14.628757485900342,18.256875399732543,5.814291528577242,11.058782487353916,4.692133263561835,16.518402232687947,2.2675736961451247,12.971684400255828
2025-08-21,24.651162790697676,16.732558139534884,18.08139534883721,12.872093023255815,8.30813953488372,40.348837209302324,2.5813953488372094,7.459302325581396,11.325581395348838,80.29069767441861,14.63953488372093,18.13953488372093,5.813953488372093,11.011627906976743,4.686046511627907,16.540697674418606,2.238372093023256,13.226744186046512
2025-08-22,25.162337662337663,16.685992578849724,17.97309833024119,13.03339517625232,8.26182745825603,39.83070500927644,2.568413729128015,7.403756957328386,11.294063079777366,80.06725417439704,14.58140074211503,18.089053803339517,5.797773654916512,11.224489795918368,4.673005565862709,16.465677179962896,2.2669294990723565,13.213126159554731
2025-08-25,25.085551882141406,16.6927672408793,18.096398120758657,13.224290934400557,8.352183748042457,40.020880459370105,2.6042572936604604,7.679368946116814,11.321849080679776,81.14378516327359,14.674322835102373,18.995417899193782,5.800127602807262,10.97384142451134,4.669102720259846,16.31575894669683,2.2736500203004466,13.288092338031436
2025-08-26,25.549354726194625,16.730612719451226,18.137425880711543,13.108940820834786,8.359493082199744,39.70468550168585,2.610161609115219,7.586327171259155,11.49284966864318,82.548540867341,14.626206255086617,18.86408557144518,5.8132775258690845,11.097546796884082,4.69712824090222,16.20160446459714,2.243925124985467,13.428671084757585
2025-08-27,26.079869600651996,16.753987658633136,18.191873326347654,13.115612993363605,8.359529630923275,39.41087437419956,2.631272557922925,7.480498311794156,11.631156129933636,83.01315636278962,14.489463266969379,18.512050296891374,5.8213994644312494,10.90348119687973,4.878332751193387,16.247525905227615,2.2703457911281872,13.365933170334149
2025-08-28,26.338791445719945,16.07132451488841,18.209894528290892,13.111124060369441,8.128896917429053,39.44991550608938,2.5173358195909326,7.57531612376901,11.63685099935901,83.32847736145912,14.649495950119455,18.617796165724606,5.827166249053085,10.925936716974535,4.859856651710273,16.17038634112231,2.237631839636385,12.767321251675309
2025-08-29,26.19629758994062,15.828385143788566,18.250087320991966,13.389218768191872,8.120852252881592,39.23623239026662,2.5439515659564558,7.626033298404937,11.619513331004773,84.99243218069624,14.63499825358016,19.0941902433345,5.8213994644312494,10.915123995808592,4.662940971009431,16.177669111654442,2.2528815927348935,12.550937245313774
2025-09-01,26.132404181184672,15.789779326364693,18.29268292682927,13.339140534262487,8.118466898954704,39.31475029036005,2.5203252032520327,7.56678281068525,11.579558652729386,84.32055749128921,14.4541231126597,18.147502903600465,5.807200929152149,11.213704994192799,4.651567944250871,15.91753774680604,2.2357723577235773,12.531939605110338
2025-09-02,26.45441389290883,15.629522431259044,18.234442836468887,13.302460202604921,8.086830680173662,38.147612156295224,2.5354558610709117,7.421128798842258,11.560057887120117,84.5151953690304,14.547033285094066,17.80028943560058,5.788712011577424,11.178002894356005,4.659913169319826,16.0,2.251808972503618,12.520984081041968
2025-09-03,25.929351910735967,15.719488928715963,18.18234375903336,13.00803607562005,8.19217205295716,37.52095739145516,2.532231022720703,7.330750997282766,11.66676302248945,84.40770075735676,14.40134127305313,17.401861594496154,5.781349366942244,11.163785627565474,4.665548939122391,15.910273457825056,2.2373822050066487,12.383650343990288
2025-09-04,25.933849890135306,15.43888053660229,18.156586099225166,13.328321961373888,8.112640222042327,38.27917196715624,2.503758528969585,7.326240314559963,11.668786862495663,86.04140164218805,14.403839481901237,17.722909679657686,5.782352260899734,11.165722215797386,4.620099456458887,15.814733433560773,2.2262056204463976,12.449404417717128
2025-09-05,26.004045073678125,15.301935856688818,18.231724934989884,13.025137243571221,8.090147356255416,39.06385437734758,2.4674949436579023,7.34469806414331,11.66714822305692,86.1022825772898,14.250216700375613,17.65385726668593,5.778676683039584,11.158624674949436,4.663392083212944,15.966483675238369,2.2190118462872,12.441490898584224
2025-09-08,25.950060550141284,15.408569286661669,18.222709186321435,13.234530880572056,8.15985237298887,39.32875843376968,2.525805893547085,7.4390173577071685,11.550660284873999,85.69286661668878,14.191799780866155,17.905541779597485,5.766680122253619,10.968225592526382,4.653710858658671,15.864137016319704,2.2144051669453897,12.686696268957961
2025-09-09,26.070871148621308,15.445979536389386,18.151338227643215,13.260882131915139,8.098734030868837,39.308630556679574,2.531938262327302,7.37036822937742,11.538239204578298,86.13214636684201,14.104861552690906,18.151338227643215,5.780680964217584,11.110468813226197,4.659228857159373,16.006705589918493,2.2197814902595523,13.006532169489565
2025-09-10,26.402640264026402,15.685252735799896,18.209715708412947,13.143419605118407,8.088703607202826,39.08285565398645,2.5013027618551327,7.249145967228301,11.533784957443112,85.98228243877018,14.295640090324822,18.151815181518153,5.790052689479474,11.157431532626946,4.62046204620462,15.922644896068553,2.223380232760118,12.923397602918186
2025-09-11,26.178767717674283,15.67254845241539,18.19496673416257,13.1674862597628,8.08215215504773,39.051200462829044,2.499276829621059,7.179635522129014,11.530228521839746,85.9126410182239,14.284061324848135,17.96355221290136,5.7853630315302285,11.258316459357825,4.570436794908881,15.91553369973966,2.221579404107608,12.785652299681805
2025-09-12,26.1470010401017,15.65353056743326,18.172888015717092,13.059054663122616,8.08967987981047,38.541546284525595,2.502022419969953,7.142031665318386,11.053969721483877,84.47937131630648,14.214723217381255,18.172888015717092,5.778342771293193,11.244655032936553,4.593782503178089,16.150468045764473,2.213105281405293,12.625678955275626
2025-09-16,26.117036609974058,15.618333813779188,18.247333525511674,13.139233208417412,8.244450850389162,38.916114153934856,2.507927356586913,6.981839146728165,11.375036033439033,84.6929950994523,14.240415105217643,18.189680023061403,5.765350245027386,11.213606226578266,4.583453444796771,15.854713173825312,2.2138944940905163,12.337849524358605
2025-09-17,25.917180210793067,15.314173817888614,18.257213615158673,12.814605770892127,8.207107066751139,40.02764499222485,2.5341242872775442,6.836376202269193,11.26533433162472,82.99257040833957,14.50786154466394,17.99804181305074,5.759373380176237,11.20198122444278,4.619017450901342,15.71732995450095,2.211599377987675,12.330818406957324
2025-09-18,25.75600781878809,15.511095780154076,18.109692997585373,12.803265493848453,8.192480165574336,39.381395883638035,2.512360584109463,6.847188685753708,11.325744509601012,81.23490858916868,14.459008853627688,17.937219730941703,5.7491088881223416,11.182016787397954,4.392319190525469,15.52259399793032,2.2019087041508567,12.234103713924341
2025-09-19,25.727904439212082,15.218514902658933,18.118646987882617,12.90415207029231,8.126112674438637,39.05128352380405,2.5211049216102914,6.776546258542468,11.342100729340148,81.77798196749555,14.443232067995176,18.405788778498824,5.742835812324126,11.175558490782748,4.473669097800494,15.465456842588871,2.2052489519324645,12.51363923505427
2025-09-22,25.821461397058822,15.498621323529411,18.152573529411764,13.40188419117647,8.12844669117647,38.83272058823529,2.5218290441176467,6.893382352941176,11.47173713235294,81.57169117647058,14.30376838235294,18.468520220588236,5.744485294117647,11.144301470588234,4.624310661764706,15.630744485294116,2.200137867647059,12.454044117647058
2025-09-24,26.178610299593288,15.397834679498196,18.072979320616373,13.742338317007505,8.162914590135763,38.3800194764278,2.5262072521051726,6.822478089018732,11.330698287220027,82.94666895801112,14.137595234003552,18.703099043363693,5.728361115884746,11.256229592713526,4.554047087128373,15.483760096236468,2.199690668499742,12.424815260354013
2025-09-25,27.16769617936399,15.442690459849004,18.18805765271105,14.870738961336079,8.104552733928163,38.14916495081217,2.562342713337909,6.874857012125371,11.313200640585679,84.01967513154884,14.178677648135437,18.531228551818806,5.719514985129261,11.278883550674902,4.547014413177762,15.47128803477465,2.1962937542896364,12.405628002745367
2025-09-26,26.527928649019497,15.436510205248414,18.095020296152306,14.207306614830484,8.101309244754445,37.790863872848895,2.515579440855297,6.900691784346235,11.291521353839117,83.92887770853582,14.144417128809103,18.209364816191183,5.717226001943857,11.285804127837174,4.5623463495511976,15.545137499285348,2.1725458807386655,12.400663198216225
2025-09-29,25.208881767196978,15.451527984434016,18.284308114913586,15.4229140437221,8.126359162183816,37.827629621151424,2.558086299645187,7.010415474419137,11.439853496623554,83.60993476021517,13.963603067414443,18.799359047728053,5.722788142382969,11.445576284765938,4.4694975392010985,15.457250772576398,2.146045553393613,12.349776811262446
2025-09-30,25.301550832854684,15.508328546812177,18.380241240666283,14.991384261918439,8.179207352096496,37.966685812751294,2.5732337736932798,7.403790924755888,11.361286616886847,83.34290637564618,14.187248707639288,18.868466398621482,5.743825387708214,11.487650775416428,4.485927627800115,15.427914991384263,2.148190695002872,12.395175186674326
2025-10-01,25.64620355411955,15.774290330025387,18.347565197322872,14.239556888991462,8.239095315024233,32.944841910916224,2.5848142164781907,7.189014539579968,11.498961458573737,84.98730671590123,13.904915762750981,18.17447495961228,5.769674590353104,11.568197553657974,4.483037156704362,15.335795061158551,2.0886222017078238,12.577890606969767
2025-10-02,25.545333564774634,15.628073829774921,18.39958340565874,14.719666724526991,8.245096337441415,29.740207139964124,2.574784470288723,7.122606029045882,11.485274547242955,85.6911415842157,13.944338367181622,18.283862755308682,5.786032517502748,11.531562807382977,4.657756176589712,15.28669791124226,2.1234739339235085,12.61355088815599
2025-10-03,25.578034682080926,15.61271676300578,18.38150289017341,14.260115606936417,8.167630057803468,28.670520231213874,2.5722543352601157,7.023121387283237,11.497109826589595,85.83815028901734,13.959537572254336,18.38150289017341,5.780346820809249,11.53757225433526,4.589595375722543,15.595375722543352,2.098265895953757,12.699421965317919
2025-10-06,25.677685005146973,15.663959739219946,18.471920393457623,14.262838842502573,8.092188036143199,28.165389454420676,2.5677685005146973,6.9426970147546605,11.42056502344733,87.3841930687407,14.125586183232299,19.07240077776507,5.718860802928056,11.512066796294178,4.632277250371725,15.538144801555529,2.0816653322658123,12.547180601624156
2025-10-07,25.619177459668258,15.558963871847308,18.348102703930927,14.297886843899114,8.015223812769825,30.845262440354468,2.5391956373551468,6.867757327880027,11.41217905021586,87.1960917973188,13.922972051806408,18.74573960463531,5.680527152919791,11.451942740286299,4.504658032265395,15.445353328788912,2.062031356509884,12.559645535105659
2025-10-08,25.10153429602888,15.354241877256317,17.965929602888085,14.141471119133573,8.009927797833935,29.952617328519857,2.5383574007220218,6.943817689530686,11.208258122743683,86.24774368231047,13.825586642599278,19.2351083032491,5.640794223826715,11.287229241877256,4.461868231046932,15.47269855595668,2.041967509025271,12.674864620938628
2025-10-09,24.760832864378166,15.30106921778278,17.95160382667417,14.153066966797976,8.002250984805853,28.812605514912775,2.5323579065841306,6.90489589195273,11.142374788970175,86.55036578503096,14.006752954417559,19.245920090039395,5.627462014631401,11.254924029262803,4.451322453573439,15.402363534046145,2.0371412492965675,12.639279684862128
2025-10-10,24.278696855061824,15.346394895827451,17.95494325560386,13.82756479024335,7.893399582180565,28.343967026141943,2.5407938569250748,6.939190333690926,11.29241714188922,86.38699113545253,13.748517870250126,18.830105584100274,5.64620857094461,11.179492970470328,4.511320648184744,15.504488735813899,2.043927502681949,12.687030658912539
2025-10-14,23.7257350437053,15.399023725735043,18.16324213872176,13.253490748098535,7.957770462027471,29.117947553638324,2.4690657282324895,6.839595867862413,11.170393915313882,85.42399818367578,13.82109206493359,18.67408332387331,5.676013168350551,11.23850607333409,4.4556703371551825,15.438755817913497,1.9639005562492904,12.089908048586672
2025-10-15,24.41239922788691,15.402520722152834,18.30929942091518,13.767457704099014,7.936868400136256,30.31679345974793,2.492335642102873,7.000113546042921,11.206994436243898,86.0679005336664,13.795844214829115,18.337685931645282,5.677302146020212,11.479504939252868,4.428295673895765,15.430907232882936,2.0154422618371752,12.09833087316907
2025-10-16,24.760338079301153,15.38941516818878,17.92500992682512,11.91219014124454,7.924442679675535,30.00737421294458,2.5526121731238303,7.005502297350956,11.225821090249022,86.10811730671054,13.784105734868684,17.953372284304272,5.672471495830734,11.458392421578083,4.56066708264791,15.38941516818878,2.002382438028249,12.167451358556924
2025-10-17,24.82652713001934,15.430553975656922,18.257308611079512,12.131725628483677,7.945626208622455,29.575702422932547,2.5253099761119326,6.864975543169151,11.2273916505517,87.47582755090434,13.650324195199637,17.944488681606188,5.687635081333182,11.392333067910362,4.48754407917188,15.436241610738255,2.007735183710613,12.37060630189967
2025-10-20,24.62886070189409,15.35180023889426,18.144587907400034,12.553324611796826,8.133780786075878,29.691143848472784,2.5368295318810077,6.848302144360389,11.154086798248109,88.44775610033558,13.651100619987487,18.31522666514988,5.687958591661452,11.501052272339457,4.7039417553040215,15.54519083101075,2.0419771344064617,12.285990557988738
2025-10-21,24.582718292267515,15.323038492108552,18.110593845804477,12.773929828545477,8.203701600999207,30.146474395367324,2.5604632678551154,6.8695355966844565,11.348926989894403,88.79300556375611,13.659588963324628,18.053820824344275,5.677302146020212,11.570341773589192,4.55319632110821,15.413875326444874,2.0381514704212558,12.274327239695698
2025-10-22,24.83556361986845,15.303923792243138,18.031299614425038,12.729643910183714,8.187797686550237,30.278974824223177,2.682014062145611,6.929008845543207,11.334769789067815,88.62553867090043,13.608528010886822,18.513268314810613,5.6702200045361755,11.657972329326377,4.46246314356997,15.411657972329325,2.0526196416420954,12.32138806985711
2025-10-23,24.766751484308738,15.26152106304778,18.179247950240317,12.926208651399492,8.102912072377721,29.855810008481765,2.651964942041278,6.836301950805768,11.280746395250212,87.92762227876732,13.768730562623693,18.744698897370654,5.654509471303364,11.603053435114504,4.568843652813118,15.284139100932995,2.046932428611818,12.315521628498729
2025-10-24,24.794319846726022,15.383748450355009,18.144934069649498,12.577482249521019,8.00180322326158,29.69683308914685,2.6484841654457343,6.795897667079905,11.247605094105714,87.34362673278486,13.997520568015327,19.722754423532063,5.635072692437732,12.019610052969682,4.468612645103121,15.248506705736503,2.039896314662459,12.284458469514256
2025-10-27,24.300483200359594,15.411844027418812,17.97954826384987,12.698055961343972,8.05146645690527,29.553882458703228,2.6688391954152153,6.770423643105968,11.225980447241264,87.93122822789078,13.95100573098101,21.097876165861333,5.618608832453085,12.703674570176425,4.551073154286999,15.119676368131252,2.028317788515564,12.360939431396787
2025-10-28,24.345623416830847,15.23219814241486,18.012946805516464,12.592175626231354,8.100197016605685,29.045876723895297,2.578103011539544,6.7886293273290175,11.246833661694343,88.31972980579792,13.976920911905431,20.99634112018013,5.629045876723895,13.751759076836477,4.475091471995497,15.052068674359695,2.03771460737405,12.389529974669292
2025-10-29,24.393683023124645,15.262267343485616,18.076706147772136,12.419627749576987,8.071065989847716,28.257191201353635,2.5944726452340663,6.694867456288776,11.13931190073322,87.98646362098138,14.004512126339536,20.248166948674562,5.640157924421883,13.649182177100958,4.388042865200226,15.00282007896221,2.0586576424139875,12.447828539199097
2025-10-30,24.289565315062337,15.197124564753453,17.999550713242726,11.889250814332247,8.031000786251825,28.080422329551837,2.5721666853869483,6.6325957542401435,11.069302482309334,87.61091766820172,13.736942603616757,20.526788722902392,5.616084465910367,13.428057957991689,4.431090643603279,14.944400763787486,2.049870830057284,12.304841064809615
2025-10-31,24.236480806948727,15.16391145979266,17.960212944802468,11.437377416643319,7.867750070047633,28.07509106192211,2.5777528719529283,6.640515550574391,10.989072569347156,88.20397870551976,13.673297842532923,21.238442140655646,5.603810591202017,13.550014009526478,4.421406556458392,14.866909498458954,2.0622022975623424,12.261137573550014
2025-11-04,24.74186085877109,15.375500761722057,18.08384585002539,12.018281329346047,7.893697455284094,28.211928003159738,2.55035829148564,6.708796479151386,11.408903684477798,88.30333464988998,13.654573153529313,20.961462506347686,5.642385600631948,12.684082830220618,4.451842238898607,15.0651695536873,2.082040286633189,12.356824465383966
2025-11-05,24.535021764938666,15.405053988354346,18.203403244954494,11.69088133868506,7.85799084176607,28.09655718242976,2.498728023065182,6.636892984340551,10.758098253151678,86.6074961840692,13.737350896037086,20.464695573520267,5.6532308214144384,12.1374865735768,4.460399118095992,15.25806998699757,2.0803889422805133,12.465373961218837
2025-11-06,24.11203342932972,15.387655994127279,18.154610649952,11.525213168445424,7.905584730927776,28.064825794793606,2.5184934214241346,6.618103789033825,10.915353774916708,87.80845897566209,13.642780507086792,20.38511491332091,5.646846236376983,12.406121181320232,4.348071602010277,15.263425376926985,2.111920492404992,12.451295951211248
2025-11-07,24.099785528840727,15.379839711028332,18.145388870075628,11.445987131730444,7.884637092222598,28.332768935545772,2.522858110396207,6.383338977311209,10.932385145050231,87.48165707190428,13.765662038604809,20.007901569025847,5.643977875606727,12.569138728976181,4.340218986341573,15.27824810926741,2.116491703352523,12.444971215712833
2025-11-10,24.319011513619767,15.270991294580174,18.084807638303847,11.513619769727605,7.846110643077787,28.25049143499017,2.544229149115417,6.576804268463914,10.783487784330244,87.95282224094355,13.591687728166244,20.275203594495927,5.616399887672002,13.097444538051109,4.4144903117101935,14.782364504352708,2.094917158101657,12.440325751193484
2025-11-11,24.029574861367838,15.229933344535933,18.092197389794432,11.482663978042906,7.825015403573629,28.062510502436567,2.542989973673892,6.475102223715902,10.737691144345488,88.38850613342295,13.555144793592113,20.724808155492074,5.601299501484345,12.670139472357587,4.251386321626617,14.73701898840531,2.1228925110625667,12.434884893295244
2025-11-12,27.034575210858517,15.18739875998436,17.985812433670336,11.450594872367759,7.819918449421885,28.486845780036866,2.4912025917444005,6.440261408702452,10.752387867955091,88.19750879740826,13.472602357146847,21.44891917555717,5.585656035301346,12.433670334580796,4.295369491146735,14.656761436630733,2.1225492934145116,12.243758029380551
2025-11-13,25.79873093621285,14.944895914505176,17.978403651341424,11.410441945897807,7.848157631080931,27.134587554269174,2.5047311588556163,6.4566403206055885,10.842702883223868,86.94200155849938,13.442057219191806,21.512857619948793,5.56606924190137,12.195257709005901,4.079928754313704,14.694422798619614,2.0260492040520983,12.211955916731604
2025-11-14,25.018068605103686,14.927447601045198,17.90181797965197,11.391560571523877,7.750041696781008,27.79785400567076,2.5018068605103685,4.781230888975371,10.81892477900706,87.61883582587424,13.50975704675599,21.070773336298437,5.559570801134153,11.986434647245233,4.280869516873297,14.399288374937454,1.9458497803969532,12.242174904097403
2025-11-17,23.976412995104585,14.936582109479307,17.96840231419671,11.048064085447264,7.754784156653316,27.981753449043172,2.492211838006231,4.088785046728972,10.808856252781487,88.22874944370272,13.629283489096574,21.194926568758344,5.5629728526924795,12.349799732977303,4.06097018246551,14.430351579884292,1.9526034712950602,12.24966622162884
2025-11-18,23.945774765264737,14.917495416412022,17.917662092338464,10.895049724984721,7.6670926162564585,27.2515139729985,2.472359575531974,3.6390910606144784,10.722817934329685,88.61603422412355,13.611867325962553,20.16778709928329,5.555864214678593,11.989554975276404,4.078004333574087,14.311906217012055,1.883437968776043,12.27845991443969
2025-11-19,23.904492825882222,14.874522187136447,17.89374549886433,11.057559137997895,7.661625394714974,27.256107694864554,2.487396820120769,3.7172455819622185,10.625450113567116,87.80676970804942,13.517256661680793,19.694199767325912,5.539859287574096,11.855298875408565,3.92222037560246,14.37593485125478,1.9001717356379149,12.243089025538753
2025-11-20,23.77803493690417,14.878492312778972,17.771532484708217,10.855788835620213,7.582520526808839,26.78128616300215,2.468727613379622,3.7416652890284894,10.574750647489942,87.23204937455226,13.440238055877005,20.58191436601091,5.510552708436657,11.792582796054445,4.149446189452802,14.228247093183446,1.8680773681600265,12.17832148564501
2025-11-21,24.154855787790215,14.889979595213147,17.674957260243755,10.86417029724811,7.51116748469641,27.105277670545412,2.4761484586113713,4.009264876192577,10.544311476313903,87.3545469585838,13.4947333590691,20.29449070754977,5.514807257486351,11.691391385871063,4.130590635857277,14.178569458997407,1.8860640820603318,12.402801522086802
2025-11-25,24.008408474857553,14.637384521767991,17.729711788460474,10.859102727222437,7.274437130054765,27.35520274381811,2.4782873264369085,3.9774298832770922,10.599103833600708,87.12728882004757,13.553133816451844,20.385019638214306,5.531891353653814,11.937821541184931,3.982961774630746,14.261215909719532,1.8974387343032582,12.435691763013773
2025-11-26,24.242089568722733,14.6115191341322,17.69838201999006,10.762604229940914,7.28919321884146,27.99712849964106,2.457341653321553,3.859959136341046,10.630073444143795,87.19421282235352,13.52366226738086,21.177315147164393,5.522116074879894,12.121044784361366,3.8875697167154453,14.357501794687725,1.932740626207963,12.47446021315368
2025-11-27,24.211339069049195,14.598499889697772,17.620780939774985,10.71034634899625,7.224795940878006,27.741010368409444,2.4762850209574236,3.8716082064857713,10.644165012133245,86.47694683432606,13.512022942863446,21.72953893668652,5.515111405250386,12.375909993381867,3.8716082064857713,14.366865210677256,1.9358041032428857,12.375909993381867
2025-11-28,24.232722455288144,14.765952748951204,17.77434312210201,10.824685361006845,7.269816736586443,27.87591079708545,2.4784720688893795,4.068226981673659,10.708765731949658,86.33252373592404,13.579156546699052,23.101126076396557,5.5199823360565246,12.237800839037316,3.9688672996246415,14.385073967763303,2.0147935526606315,12.386840362110842
2025-12-01,24.326119444290697,14.805999889300937,17.822549399457575,11.147395804505452,7.367022748657774,27.840814745115406,2.4907289533403443,4.455637349864394,10.765484031659934,85.84712459179721,13.615984944927217,21.946089555543256,5.53495322964521,12.453644766701721,3.9630265124259703,14.529252227818676,1.9981181159019208,12.508994298998175
2025-12-02,24.30536375186433,14.776556371872065,17.787107109318896,11.125227862785174,7.396564105396895,27.56449207313705,2.491299784566094,4.303154173341435,10.633596641440645,85.23449152074242,13.644147378887476,21.81958791360548,5.523946307241894,12.484118654366679,3.9385737170634703,14.511406949124455,1.9886206706070817,12.484118654366679
2025-12-03,24.37544807808967,14.939612860530524,17.730105332818617,11.101307009320024,7.301604808911928,27.51888821485689,2.487178073126344,4.24640158826449,10.764903766613356,84.43169911211602,13.3734075994044,22.831302045993493,5.514807257486351,12.408316329344288,3.9982352616776042,14.39916174929686,1.9632713836651408,12.463464401919152
2025-12-04,24.243428318975038,14.750386569472056,17.754583609454382,11.11111111111111,7.372432074221338,27.612105146896397,2.490611884250055,4.362712613209631,10.796333112436491,84.54826595979677,13.518886679920476,22.14490832781091,5.52242102937928,12.425447316103378,3.838082615418599,14.441130991826816,1.9825491495471614,12.480671526397172
2025-12-05,24.279630551407553,15.032354405176704,17.69813616503512,10.928599081909187,7.383441181350589,27.40445771804657,2.494331065759637,4.634699408218572,10.735025717604115,84.56390686355843,13.68840219014435,21.956750179746695,5.530667551573475,12.344449975111996,3.9212432940655937,14.429511642055196,1.9412643106022898,12.250428626735246
2025-12-08,24.238074204946997,15.006625441696112,17.723056537102472,11.07000883392226,7.370803886925795,27.247128975265017,2.495583038869258,4.521863957597173,10.738736749116608,84.75044169611307,13.582155477031801,21.836351590106005,5.521201413427562,12.312279151943462,3.776501766784452,14.476590106007066,1.9379416961130742,12.312279151943462
2025-12-09,24.47206335239771,14.947206335239771,17.652881654201497,10.921689397272328,7.41311042674879,27.056753189617247,2.469203695556533,4.349978002639683,10.73471183457985,83.58996920369556,13.528376594808623,21.80488341399032,5.499340079190497,12.181038275406951,3.6240651121865377,14.375274967003959,1.924769027716674,12.263528376594808
2025-12-10,25.0658183413778,14.973672663448882,17.551557700745942,10.80517770952172,7.366169372531813,27.479157525230367,2.4736726634488813,4.492101799034664,10.706450197455025,83.09565598946907,13.71763931548925,21.363536638876703,5.484861781483107,12.554848617814832,3.455462922334357,14.397762176393156,1.903247038174638,12.231241772707328
2025-12-11,24.494492848923226,14.959723820483314,17.644802454929035,10.795112060934844,7.21683379911228,26.987780152337113,2.471368294153104,4.3838018521562825,10.723875280837305,83.29223519096936,13.704860540303578,21.042248890350155,5.479752315195353,12.597950572634117,3.709792317387254,14.406268836648582,1.8959943010575921,12.18148939667927
2025-12-12,23.895450568678914,14.927821522309712,17.63451443569554,10.722878390201226,7.185039370078741,26.30139982502187,2.47156605424322,4.297900262467191,10.646325459317586,84.5909886264217,13.970909886264216,21.489501312335957,5.468066491688539,12.57108486439195,3.723753280839895,14.298993875765529,1.9247594050743657,12.166447944006999
2025-12-15,24.312780637389114,14.97097798707699,17.68700032855109,10.650531157595006,7.1952688643083995,26.694776037673858,2.4805607271930783,4.462818968349578,10.63957945460519,85.9708684700471,13.70058044025846,21.52009637498631,5.475851494907458,12.397327784470486,3.7235790165370712,14.396013580111706,1.9713065381666848,12.293286606067243
2025-12-16,24.36882546652031,15.005488474204173,17.727771679473108,10.850713501646544,7.21185510428101,26.152579582875962,2.486278814489572,4.308452250274424,10.581778265642152,86.7178924259056,13.732162458836445,20.44456641053787,5.488474204171241,12.173435784851812,3.7650933040614714,14.429198682766192,1.9264544456641055,12.29967069154775
2025-12-17,24.362139917695472,15.001371742112482,17.77777777777778,10.699588477366255,7.242798353909465,26.44718792866941,2.4801097393689986,4.290809327846365,10.534979423868313,86.69410150891632,13.454046639231825,19.945130315500688,5.486968449931413,12.175582990397805,3.7037037037037037,14.436213991769547,1.9259259259259258,12.170096021947874
2025-12-18,24.30878729811114,14.968519025458527,17.738844785108128,10.648781823159046,7.226936764303312,26.361894333424583,2.4801532986586365,4.18833835203942,10.56118258965234,86.50424308787298,13.49028196003285,19.38133041335888,5.474952094169176,12.258417738844784,3.739392280317547,14.535997810019161,1.9162332329592116,12.170818505338078
2025-12-19,24.20278004905969,14.903243390569639,17.606977378032163,10.733169801035706,7.140910329790134,25.701826110656857,2.4638866176069776,4.246388661760698,10.569637503406923,86.78113927500682,13.43690378849823,20.087217225402018,5.451076587626057,12.20496047969474,3.6304170073589535,14.576178795312074,1.929681112019624,12.134096484055602
2025-12-22,24.09605897977991,14.82083807665203,17.401203447715076,10.581666395619884,7.128530384344338,25.66813031929311,2.461104786686182,4.336748522795035,10.435301132975551,87.6023201604597,13.373448257169187,20.4369274136716,5.420935653493793,12.321786740391392,3.5290291104244593,14.430530709600477,1.9515368352577656,12.050739957716702
2025-12-23,23.936170212765955,14.839339991315674,17.477203647416413,10.584020842379504,7.132001736864958,26.052974381241857,2.4641771602257925,4.5864090316977855,10.448328267477203,87.71168041684759,13.411854103343464,20.4895788102475,5.427702996092053,12.337168910117239,3.533434650455927,14.470256187581414,1.9594007815892314,12.071211463308726
2025-12-24,24.095403672715417,14.85385200478105,17.43996522872976,10.550907312832772,7.144409431707052,26.322938172335107,2.4665869825057047,4.699554493100076,10.442247093339128,87.79745735086385,13.441269151363686,20.2922959904379,5.433010974682169,12.316635879604476,3.4879930457459523,14.50613930240139,1.9558839508855808,12.142779528414648
2025-12-25,24.20932507336159,14.867949135963482,17.28073035539615,10.56950331485708,7.156830779263124,27.768720791218346,2.4779915226605804,4.657102488859906,10.4336485164656,88.79469622867079,13.580045647212259,20.351048799043582,5.434191935659167,12.3899576133029,3.4289751114009346,14.585371155309204,1.9345723290946635,12.080208672970329
2025-12-26,23.795295268104525,14.863910468843375,17.330363448688,10.51230510132015,7.18748302276308,27.136415494105503,2.4718856956592603,4.780789916879448,10.43624707991525,90.18308252295323,13.445971641223448,20.562829358396264,5.432715814635737,12.4354864997012,3.406312815776607,14.575976530667681,1.939479545824958,12.196447003857228
2025-12-29,23.944121324128933,14.948089362396043,17.611567103332064,10.610425612871664,7.185954231668207,25.955318801978585,2.5330216883187475,4.750774582812415,10.566940261999239,90.23210306028157,13.273903353807686,20.601184975811275,5.435668859053107,12.502038375822146,3.3538076860357666,14.59477088655759,1.940533782681959,12.192205250856118
2025-12-30,23.97018011644991,15.138488327801054,17.630734069761115,10.627414703161561,7.199216411819122,25.629863416226804,2.4922457419600588,4.527398378407792,10.616531533982695,91.52745279425368,13.614844642759971,20.92289274636774,5.441584589432442,12.515644555694617,3.395548783805844,14.741252652772486,1.9535288676062468,12.29798117211732
2026-01-05,24.23351304253118,15.150029951532975,17.64417578826989,10.613734139301858,7.226488046615477,25.676632358547078,2.499591570004901,4.7976910090943745,10.684528671785657,91.76060556553941,13.712356368785057,20.99330174808038,5.445733267984534,12.470729183684583,3.403583292490334,14.839623155257856,1.976801176278386,12.350923051788923
2026-01-06,24.261258314251446,15.156471486206522,17.718896521644314,10.653145785628613,7.158434194744303,25.8695889216007,2.497001417511722,4.8249918220477594,10.72402137171519,95.9546396249046,13.640824337585869,21.426234870788356,5.451968160505943,12.425035437793044,3.4565478137607677,14.954748664267802,2.0008723149056813,12.196052775051795
2026-01-07,24.510071510453628,14.968065942464108,17.85031934057536,10.868497188711174,7.172880615754135,26.03853922157323,2.4783012173153556,4.8528849828047385,10.80845024291719,96.51181833069491,13.625197881980458,21.944429281074296,5.4588132539985805,12.446094219116764,3.4608876030351,15.197336099132048,2.0798078497734593,12.178612369670834
2026-01-08,24.53685993770151,14.98442537843598,17.869828952401768,11.142685392644406,7.180720257937592,26.066998196622766,2.513798568227772,5.104104049401607,10.853052079348597,96.6173014918848,13.640089622383735,23.361932346029835,5.46477949614733,12.339472102300672,3.442811082572818,15.20848133777802,2.0711514290398383,12.246570850866167
2026-01-09,24.480671719099288,14.950111771441033,17.883430565399923,11.291641677116843,7.164276756992531,25.92552205441361,2.546207949402977,5.054250040891991,10.948148955891172,96.45057521400142,13.60885447903604,23.853661196227034,5.452265416280465,12.31121530996129,3.364047761845047,15.14094106101085,2.050051796521455,12.223979063300801
2026-01-13,24.37442576879425,14.608441874290655,17.618764524671676,11.187375020266984,7.2096416797276115,25.536399502783333,2.4806788088418092,4.864076095768254,10.8631032805491,96.14657082635249,13.489704372263956,23.050316164946224,5.40452899529806,12.203426471383018,3.2913581581365183,14.970545316975626,2.069934605199157,12.06290871750527
2026-01-14,24.368523316062177,14.658894645941277,17.594991364421418,10.82685664939551,7.1297495682210705,25.367012089810018,2.4719343696027636,4.754965457685665,10.880829015544041,95.80094991364422,13.471502590673575,23.100172711571677,5.397236614853195,12.413644214162348,3.2545336787564767,14.820811744386873,2.0563471502590676,11.631044905008636
2026-01-15,24.437107599047415,14.700151547954103,17.72569820307426,10.543407663996536,7.193115392942196,25.43840658151115,2.462654254167569,4.773760554232518,10.88439056072743,95.36696254600564,13.5256549036588,23.46287075124486,5.412426932236415,12.177960597531934,3.2907555747997406,14.862524355921195,2.045897380385365,11.853214981597748
2026-01-16,24.86413043478261,14.83695652173913,17.608695652173914,10.733695652173912,7.2228260869565215,25.543478260869566,2.489130434782609,4.538043478260869,10.923913043478262,95.16304347826087,13.58695652173913,23.070652173913043,5.434782608695652,12.179347826086957,3.2989130434782608,14.945652173913043,2.0706521739130435,11.91304347826087
2026-01-19,24.883063200261066,14.804742739040574,17.83966061133471,10.714674208637005,7.222886979223322,25.562928315022297,2.4964647014032413,4.693788752311541,11.013814859131948,96.21451104100946,13.47764603502665,23.25138692483411,5.438920918089851,12.607418688132274,3.2687914717720004,14.962471445665178,2.072228869792233,11.981942782551942
2026-01-20,24.897052449068052,14.74859124403988,17.66363242306025,10.766146510619853,7.1629822280017335,25.411790203727783,2.476159514521023,4.616384915474642,10.98287819679237,95.14521022973558,13.5457303857824,22.756827048114435,5.418292154312961,12.987646293888167,3.288903337667967,14.965322930212396,2.053532726484612,12.055700043346338
2026-01-21,24.60608676883229,14.742067774660049,17.53723289445284,10.549320094970861,7.133606734297432,25.36153680120872,2.4552126052233976,4.59745305417656,10.878480466220593,93.56788258148069,13.37146557306281,22.6635009712929,5.396071659831643,13.053097345132743,3.275415497517807,14.903949924454997,2.0235268724368662,11.979279084826247
2026-01-22,24.576910639215264,14.654521935970681,17.435593403039775,10.633825590169236,7.060472135388596,25.33146491322626,2.452301390535734,4.543494664223348,10.790126118357229,94.04980058208473,13.355610649994611,22.879163522690526,5.389673385792821,13.145413387948691,3.2661420717904495,14.9401746254177,2.0480758866012723,12.024361323703785
2026-01-23,25.156048213517003,14.636246233318984,17.461256995264744,10.638183383555747,7.075979337064141,25.53271631510977,2.4591046061127853,4.563065002152389,10.76194575979337,93.62892811020232,13.334050796383986,22.54627636676711,5.380972879896685,13.129573826947912,3.212440809298321,14.916056823073612,2.0716745587602237,12.04261730520878
2026-01-26,25.937227550130775,14.919354838709676,17.681996512641675,10.778116826503922,7.132737576285963,25.719267654751523,2.4738448125544896,4.800566695727986,10.952484742807323,94.15867480383609,13.8077593722755,22.368134263295552,5.448997384481255,12.859633827375761,3.204010462074978,15.164559721011333,2.0815170008718393,12.085876198779424
2026-01-27,25.63261736896759,14.964201781712848,17.762474722632124,10.805050008198066,7.279881947860305,25.714598021533586,2.4922118380062304,4.700224080450347,10.930753675465924,96.62786249111876,13.854730283653058,22.326064382139148,5.465376837732962,13.13876591791004,3.1808493195605836,15.33584740667869,2.120566213040389,12.182324971306771
2026-01-28,26.03540596656103,15.293410556223362,17.73030269915856,10.703748224237788,7.190470986777401,25.65293410556223,2.5024587476778493,4.677084471642443,10.982406294394055,96.32827013441154,13.850945251885038,22.784395148071248,5.463883728554256,12.987651622773466,3.179980330018577,15.140421811823844,2.09266746803628,12.075183040104905
2026-01-29,25.64102564102564,15.270049099836333,17.594108019639933,10.654664484451718,7.255864702673213,25.31369339879978,2.493180578286961,4.500818330605564,11.129296235679213,96.29023458810693,13.829787234042552,22.531369339879976,5.455537370430987,13.087834151663937,3.1587561374795414,15.08456082924168,2.078559738134206,12.002182214948173
2026-01-30,25.663379284040754,15.250912657331227,17.59930256633793,10.641312047076772,7.181387239143464,25.309213752520023,2.4682613196752574,4.451588296191359,10.99002887811257,96.11507655424181,13.621751212335857,22.50313300277884,5.448700484934343,13.071432463357489,3.2474254890208685,15.09290034326813,2.092300986214788,11.938102762491146
2026-02-02,25.632653061224488,15.23265306122449,17.632653061224488,10.612244897959183,7.16734693877551,25.224489795918366,2.4653061224489794,4.462585034013605,10.998639455782312,95.56462585034014,13.572789115646259,22.775510204081634,5.442176870748299,13.05578231292517,3.330612244897959,15.07482993197279,2.089795918367347,12.038095238095238
2026-02-03,25.61453121601044,15.227322166630412,17.59299543180335,10.659125516641287,7.167718077006744,25.36980639547531,2.452686534696541,4.356101805525343,11.088753534914074,96.31281270393735,13.579508375027192,22.94974983685012,5.438329345225147,12.52991081139874,3.355449206003916,15.123993909071134,2.104633456602132,12.170981074613879
2026-02-04,25.695873497238168,15.163002274450342,17.54575977472111,10.55994801256363,7.1211957110365,25.100184122170475,2.447741795732698,4.316040290263187,10.966099859200693,96.39337160186288,13.516733456081447,23.204808837864185,5.415357955160836,12.027510018412217,3.2492147730965018,15.060110473302286,2.057836022961118,11.91378750135384
2026-02-05,25.457588683116462,15.117974191458345,17.52065223260083,10.517790616057448,7.164839911451865,24.944657415906267,2.435073700124183,4.238432050105286,10.636574698990335,96.10712164569948,13.606176772312509,23.00091787700448,5.399276496949408,12.088980076669726,3.3097564926299876,15.112574914961394,2.051725068840775,12.034987311700231
2026-02-06,25.419612499325382,15.381294187489882,17.56705704571213,10.464676992822064,7.12396783420584,24.82594851314156,2.423228452695774,4.474067677694425,10.847860111177074,96.06562685519997,13.476172486372713,22.85606346807707,5.396945328943818,13.648874736898916,3.3083274866425603,15.143828593016353,2.0616331156565386,11.981218630255276
2026-02-09,25.320547354810902,15.35394892791725,17.562762633336924,10.28983945695507,7.138239413856265,24.862622562223898,2.429695075961642,4.3206551018209245,10.699278095032863,97.24167654347592,13.576123262579463,23.62353194698847,5.3873505010235965,14.174119168193082,3.1893114966059692,14.599719857773946,2.0795172933951083,11.852171102251912
2026-02-10,25.59948152948801,15.392093324692159,17.579390797148413,10.207388204795853,7.155973212356881,24.897386044502053,2.4303305249513936,4.336789803413264,10.96349103478073,104.55821991790884,13.555843594728884,24.411319939511774,5.4007344998919855,14.20393173471592,3.256642903434867,14.619788291207605,2.117087923957658,12.097645279758048
2026-02-12,26.731803710615875,15.643868701284443,17.812054012515095,10.237128115051048,7.273026676912943,25.606542979470852,2.4810626852563398,4.42968492699528,11.093424086068723,111.42825776704358,13.744648150181138,25.688879130530243,5.4890767372927876,15.089471950817872,3.293446042375672,14.869908881326161,2.1791634647052365,12.268086507849379
2026-02-13,24.264907941742237,15.663643858202803,17.834569936795823,10.19510854630393,7.27672437482825,27.15031602088486,2.4841989557570763,4.193459741687277,11.063478977741138,108.43638362187414,14.207199780159385,25.69387194284144,5.496015388843089,14.454520472657324,3.2921132179170103,14.866721626820556,2.0719978015938447,12.212146194009344
2026-02-16,24.362076550813903,15.673119225692917,17.900351957765068,10.201275846898373,7.2756269247690275,27.11174659040915,2.4747030356357236,4.075010998680158,11.328640563132424,106.74219093708754,13.968323801143862,25.929388473383195,5.499340079190497,14.556753189617245,3.2721073471183457,14.897712274527056,2.089749230092389,12.241531016278046
2026-02-17,24.241923944747125,15.678828903197402,17.85812558472291,10.021462770348357,7.264322271751692,26.938528424412524,2.4874800506301247,3.819272467117935,11.551373066974849,107.2588189973034,13.895767981949259,26.3056518628584,5.503274448296736,14.935886852677342,3.1808926311155137,14.875350833746078,2.1517803092840238,12.22277254966705
2026-02-18,24.547803617571063,15.476386827203257,17.840453021056685,10.13249766342295,7.279124745725439,27.81901149046127,2.4795205893672003,3.5735884325691356,11.53444389466161,107.20765297707406,13.882016603441642,25.949749848809724,5.49782835779867,14.783660454120623,3.1942382758810273,14.860630051129805,2.210126999835065,12.210676782670847
2026-02-19,25.446967204124164,15.438192387846879,17.82384556323352,9.975869255237468,7.23922342875946,28.95689371503784,2.4788855983327847,3.5428320719534936,11.522430624108807,108.03992541406164,13.84775693758912,25.584073708456728,5.484260173302621,14.653943183064605,3.5099265109136777,14.878797850170011,2.2156411100142592,12.328616869584293
2026-02-20,24.80424902808958,15.413677928051252,17.74078738432897,9.855992991293872,7.211301538630017,28.637135191370533,2.480424902808958,3.570059683513114,11.219405355089526,107.53983463833981,13.825767946120571,24.96851557794448,5.47555166182993,14.997536001752177,3.4112686853200462,14.860647210206428,2.179269561408312,12.215955757542572
2026-02-24,24.085199344620428,15.527034407427635,17.722555980338612,9.825232113599126,7.209175314036046,29.382850901146917,2.4795193883123976,3.5062807209175313,11.19606772255598,108.46531949754232,13.866739486619334,24.959038776624794,5.461496450027307,15.128345166575642,3.446204259967231,14.822501365374112,2.184598580010923,12.452211906062262
2026-02-25,24.960617089467107,15.44353305448422,17.600086914009452,9.989678961377587,7.192134282144603,28.790265630941388,2.4390243902439024,3.4059427453962736,11.31511760551904,110.00054321255907,13.792166874898147,25.313705252865446,5.432125590743658,15.476125808028682,3.427671247759248,14.802542234776467,2.1456896083437447,12.379814221304796
2026-02-26,25.253346339348614,15.406708936216333,16.365902563268847,10.025470113260717,7.191242616376741,30.29317726114995,2.3085677125670623,3.4303365306454237,11.569934428006286,108.27507722321573,13.905598005744324,25.253346339348614,5.419173034194982,15.249552918224678,3.289438031756354,14.77266569121552,2.1676692136779927,12.220235192109683
2026-02-27,25.43292980837088,15.162043320123772,16.367189620541772,10.015742902122577,7.209163454752727,30.34580098800282,2.3451495575701644,3.561153031865805,11.541175831930948,110.52603007437163,13.978611367461049,26.600076000217143,5.374301069431627,14.88518538624396,3.3222952065577327,14.87432821236632,2.1877205363443895,12.241463547038705
2026-03-02,25.048849326964827,15.19756838905775,16.36452453321754,9.661311333043855,7.186278766825879,30.775075987841944,2.3013460703430306,3.4954407294832825,11.452453321754232,110.50803300043421,13.856925749023013,27.029960920538425,5.373425966131133,14.904472427268779,3.5768562744246633,14.909900130264871,2.1710811984368212,12.972210160660008
2026-03-03,25.712886373530694,15.335219851980845,16.320200261210275,9.724640835872878,7.205050065302569,30.69220722681759,2.312799303439269,3.3630822812363954,11.700043535045712,110.14366565084894,13.746190683500219,25.359164127122334,5.387461906835003,15.302568567696996,3.858293426208098,14.752938615585547,2.1168915977361777,12.815629081410536
2026-03-04,25.260800699109726,15.391337593533235,16.37992244251461,9.454366704899229,7.1822600906657925,29.111365994865913,2.321262766945218,3.2279206947402916,11.606313834726091,109.78207438964444,13.796493527773226,24.741930198263148,5.40717679829592,14.621224534381998,3.511934021519471,14.533835818449942,1.9880932874542574,12.660440220656508
2026-03-05,25.48258325586482,15.579373325313064,16.432438344178923,10.165691474818177,7.190900639798764,29.583857385027613,2.3131186088478155,3.275550937824684,11.565593044239076,109.36731011100781,13.813091267020287,26.41220539180839,5.413681850494887,14.764586864986056,3.3794498824301415,14.83020725105266,2.045168699075846,12.899874227593372
2026-03-06,25.471440284230667,15.572560808964198,16.39792292976223,9.729434271658924,7.187756217545778,29.570921016671225,2.3722328505056027,3.3123804318119707,11.494943973763323,111.72451489478,13.828915004099482,27.138562448756492,5.411314566821536,14.648811150587592,3.3342443290516535,14.779994534025692,2.0661382891500413,12.806777808144302
2026-03-09,24.6232801921817,15.50556890150688,16.302686176020966,9.559947586809347,7.190434592705831,29.26403144791439,2.325835335226032,3.1393317318191745,11.16510155055689,106.9010701026425,13.649268399213803,26.752566062459053,5.405110286088666,14.031447914391789,3.177549683336973,14.593797772439398,2.0146320157239574,12.328019218169906
2026-03-10,24.683958151700086,15.529642545771576,16.483217088055795,9.644725370531821,7.138186573670445,29.152136006974715,2.3158238884045335,3.334786399302528,11.333914559721011,110.2332170880558,13.627942458587619,26.56386224934612,5.394507410636443,14.407149084568438,3.7162162162162162,15.033783783783782,2.0379250217959894,12.696163905841324
2026-03-11,24.57323040121779,15.494182885723605,16.418397303468524,10.150048928998586,7.132760682831358,29.03120582798739,2.310536044362292,3.3054256822877024,11.389583559856476,111.068826791345,13.710992715015767,28.378819180167447,5.3821898445145155,14.966837012069153,4.251386321626617,14.945090790475156,2.055017940632815,12.66717407850386
2026-03-12,25.12508157494018,15.499238633891668,16.31498803567544,10.169675875571025,7.162279747661518,29.040678703502284,2.3112899717206874,3.3500108766586907,11.289971720687404,110.56123558842724,13.845986512943224,29.96519469219056,5.383946051772895,14.563845986512943,4.07874700891886,14.906460735262128,2.0502501631498804,12.682184033065043
2026-03-13,24.994548626253817,15.53641517662451,16.435891844744877,9.92150021805495,7.2012647187091146,28.728739642389883,2.3113824683820323,3.3144352376798953,11.191670300915831,108.75490623637157,13.732010466637593,29.219363279546446,5.396860008722198,14.707806367204535,3.690580026166594,14.696903619712169,2.0497165285651984,12.64718709114697
2026-03-16,25.065602449158103,15.580581675049203,16.482615350973106,9.949704788978789,7.254537502733436,29.52110212114586,2.2851519790072166,3.362125519352723,11.228952547561777,108.13470369560464,13.699978132516948,28.482396676142578,5.412202055543407,14.618412420730374,3.580800349879729,14.689481740651653,2.0446096654275094,12.70500765361907
2026-03-17,24.828113063407184,15.551675215540763,16.479319000327404,9.603841536614647,7.2356215213358075,29.02979373567609,2.2809123649459786,3.3558878096693223,11.202662883335153,108.47975553857907,13.674560733384263,29.411764705882355,5.402160864345738,14.727709265524393,3.465022372585398,14.662228527774747,2.0408163265306123,12.68689293899378
2026-03-18,24.79428913955643,15.42150291537246,16.484115307067736,9.803280475178465,7.220314969211487,28.82676693368209,2.266906435616588,3.4058089477412676,11.143806877009428,108.27747806659038,13.732221677292792,32.64127295515231,5.394801373222168,14.903819955315788,3.438504713639584,14.604108767914555,2.0434853686447605,12.69140646286306
2026-03-19,24.922203417590218,15.450128296118361,16.542010154501284,9.58126330731015,7.211879674619206,27.897581481683684,2.2711142654364798,3.3739149424032324,11.235464322760278,106.458481192335,13.757711415624831,32.04673254353879,5.404815198995469,14.685810995250314,3.362996123819403,14.472894032865645,2.041819075176066,12.605776055030846
2026-03-23,24.44794952681388,15.446535407375176,16.311323833351462,9.46372239747634,7.092352877189165,27.738496682258237,2.2734689437615576,3.3177417600348087,11.073642989230935,102.36049167845098,13.167627542695529,31.00184923311215,5.384531708908952,14.418579353856193,3.208963341673012,14.21190035896878,1.963450451430436,12.237572065702164
2026-03-24,24.40880674096222,15.438977983147595,16.308779559662952,9.513454743136723,7.088882848600163,27.72492525142702,2.2832291383528136,3.2889372111986956,11.204131557488449,105.62652894808373,13.351454199510737,30.225604783908672,5.3818972546887744,14.873606958412614,3.2780646914922533,14.335417232943735,1.9787985865724382,12.459907583582496
2026-03-25,24.580823701774378,15.953117369363504,16.278691193228067,9.84860817190298,7.168050355418091,27.890824244397418,2.2518856150632156,3.2828693906343265,11.18346084974768,109.06723099462803,13.353953008844757,30.549677139291337,5.371968093765261,15.795756687828966,3.2611644690433557,14.477182701177492,2.0239839383580227,12.442346302023985
2026-03-26,24.742547425474253,16.422764227642276,16.287262872628727,9.75609756097561,7.159891598915989,27.642276422764226,2.254742547425474,3.3279132791327912,10.997289972899729,107.26287262872629,13.550135501355014,31.056910569105693,5.365853658536586,15.663956639566395,3.252032520325203,14.46070460704607,2.016260162601626,12.422764227642276
2026-03-27,25.55832610581093,16.045099739809196,16.23482220294883,9.887250650477018,7.128143972246314,27.699479618386817,2.2712489158716394,3.3228534258456204,11.06352992194276,105.70251517779705,13.351040763226367,31.060277536860365,5.366435385949697,15.654813529921944,3.344535993061579,14.294232437120556,2.0056374674761495,12.391587163920208
2026-03-30,24.49700924415443,15.443175638934203,16.26427406199021,9.918433931484502,7.069059271343121,27.406199021207176,2.2947253942359978,3.2952691680261013,10.880913539967374,101.63132137030995,13.159325720500272,31.865144100054376,5.383360522022838,14.95921696574225,3.099510603588907,14.127243066884176,1.9630233822729743,12.294725394235998
2026-03-31,24.890948745910578,15.485278080697928,16.314067611777535,10.087241003271536,7.088331515812432,27.699018538713194,2.2737186477644493,3.3097055616139586,11.014176663031625,98.41875681570338,13.195201744820064,30.75245365321701,5.39803707742639,15.038167938931297,3.0534351145038165,14.149400218102508,1.9574700109051253,12.404580152671755
2026-04-01,25.235220536248434,15.429379452874313,16.37026159786806,9.871104584760973,7.07565127535759,28.11769184750095,2.267906673193017,3.339315820960461,10.88812748137271,101.04965464730516,13.161472779681295,31.761570674933377,5.384238864415075,15.228150323598195,3.1108935661064883,14.16761842606189,1.9742209169521945,12.378310763039103
2026-04-02,25.038018683467303,15.40842928524875,16.429502498370628,9.857701499022376,7.071475124918531,27.536389311318704,2.281121008038236,3.3402129046274167,10.808168585704975,98.3054529654573,13.143601998696502,31.175320443189225,5.376928090375841,14.691505539865306,3.177275689767543,14.142950249837062,1.998696502281121,12.421247012817727
2026-04-03,25.627103920078184,15.40340970789445,16.478444999457054,9.827342816809642,7.069171462699533,27.25594527093061,2.280377891193398,3.3336952980779673,10.85894233901618,100.3366272125095,13.139320230209577,30.89369095450103,5.375176457813009,14.713866869366923,3.138234335975676,14.181778694755131,1.998045390378977,12.444347920512541
2026-04-06,25.515743756786105,15.276872964169382,16.476655808903367,9.77198697068404,7.111834961997829,28.230184581976115,2.2801302931596092,3.3876221498371337,10.884907709011944,101.52008686210641,13.159609120521173,31.324647122692728,5.374592833876222,14.554831704668839,3.1541802388707927,14.277958740499457,2.014115092290988,12.622149837133552
2026-04-07,25.43152426816731,15.177750121746659,16.611655213462473,10.010280828959472,7.045073318543369,28.082895947189005,2.261782371083816,3.3710297061847303,10.789459444835236,102.97061847302635,13.197337806395758,30.680158000108218,5.356852984145879,14.495968832855365,3.0896596504518152,14.187543964071208,1.9858232779611493,12.483090741842974
2026-04-08,26.216216216216218,15.135135135135135,16.594594594594593,10.21081081081081,7.145945945945946,28.486486486486488,2.2756756756756755,3.3405405405405406,10.778378378378378,104.54054054054055,13.324324324324325,31.89189189189189,5.351351351351352,15.135135135135135,3.081081081081081,14.281081081081082,1.9945945945945946,12.45945945945946
2026-04-09,25.947081963679477,14.970092148515386,16.543622352750983,10.13094789028399,7.123996335614593,27.967882739666972,2.263296869105998,3.3680012933124965,10.89076898205529,104.9199762892709,13.283397100824487,29.36897127768497,5.334914048606995,15.088645794039985,3.087783585708897,14.156383036051086,1.993856765640998,12.448132780082988
2026-04-10,25.67269993017885,14.925613620495193,16.70336752779419,9.796444492185403,7.100273913744025,27.767334443310595,2.26650196036307,3.3782695096406896,10.886728610559107,102.74450829797519,13.239164294537838,28.250711638648692,5.31714914871905,14.914871905043235,3.136580911971642,14.082388957516516,1.9872173586121704,12.406681347011117
2026-04-13,25.754979653030627,14.880059970014994,16.598843435425145,9.638038123795246,7.0786035553651745,27.736131934032986,2.297065752837867,3.3090597558363677,10.794602698650674,100.93167701863355,12.957806810880275,28.48575712143928,5.300920968087385,14.724780466909403,3.041336474619833,13.964446348254445,2.0239880059970017,12.481259370314843
2026-04-14,26.03054250320376,14.924177701836822,16.472661255873557,10.091841093549766,7.058949167022639,27.76591200341734,2.2960273387441266,3.2197778727039728,10.679196924391286,102.89406236651004,12.985903460059804,27.55232806492952,5.286202477573687,14.972234087996583,3.032891926527125,13.95771038017941,2.0237078171721485,12.190303289192652
2026-04-15,26.004160665706515,14.909052115005068,16.56265002400384,11.10577692430789,6.987784712220622,28.004480716914706,2.288366138582173,3.1951778951298873,10.647036859230811,102.78977969808503,12.972742305435537,27.631087640689177,5.280844935189631,15.431802421720809,3.040486477836454,13.927561743212248,1.9896516776017497,12.156611724542593
2026-04-16,26.0813910075204,14.907461731292335,16.614219425036,10.560563230038936,6.9123686596618485,28.69486372606539,2.2934556509680517,3.194837057976425,10.736572617206251,102.93882340391487,12.859352498799936,27.57480398954611,5.280281615019468,16.00085337884687,3.0188276708091095,14.000746706491013,1.989439436769961,12.293989012747346
2026-04-17,25.601365406154994,14.907461731292335,16.427542802282787,10.928582857752414,6.9123686596618485,29.281561683289773,2.2827884153821536,3.1841698223905275,10.68857005706971,103.47218518320976,12.907355058936476,27.041442210251212,5.280281615019468,15.947517200917382,2.9921595818443647,14.107419062349992,1.984105818977012,12.2779881593685
2026-04-20,25.75611841402159,14.828470663674256,16.484984503580208,10.430693598375548,6.930640162445228,29.282889815111684,2.2817142246446513,3.2114994122047666,10.687186063909374,104.68098749599231,12.829966869723203,28.000427487442558,5.29015710163514,16.324676712621567,2.9710377257668057,14.080367639200599,2.0252217591108264,12.145986961633003
2026-04-21,25.729995195644047,14.733358244808626,16.468264559867613,10.644317514546522,6.9930069930069925,29.09304436021993,2.2900763358778624,3.2402711792024768,10.457481449847862,104.57481449847862,12.913041157315966,28.399081834196338,5.284791544333529,16.575028025409704,3.048096941226712,14.034057545507926,2.044520365131052,12.277798537340521
2026-04-22,25.746487901287324,14.74280220073714,16.398696650819936,10.426793440521338,6.9494150953474705,28.8980289514449,2.275519470113776,3.210298595160515,10.464184605523208,100.68906575503445,12.921318305646066,28.043373751402168,5.288179050264409,16.505528550825275,3.5842102451792104,13.989637305699482,2.008439720100422,11.772875380588644
2026-04-23,25.217949403647644,14.761726480183986,16.41974648339306,10.162058084184629,7.033213884580414,28.346793603251857,2.294485746376424,3.214419425576296,10.477616729956678,100.65785954966037,12.937904476654008,27.330587794833395,5.294967107022517,16.098839385997753,4.123656201529657,13.954110285072472,2.0110178103439056,11.85216879713323
2026-04-24,25.53123160092062,14.77814055558529,16.378525932666058,10.276722153829684,7.022426805116951,28.31451051758283,2.3069100251565593,3.2061232136166566,10.453353315848632,102.76722153829684,12.947599421934378,27.2440186265589,5.298934860568431,15.736230798051704,3.7520740780388584,13.964566718407108,2.028582133490339,11.866402612000213
2026-04-27,25.553298406928256,14.882925264620978,16.30492889981824,10.1037100395595,7.019138244413557,28.1193200042767,2.2773441676467443,3.202181118357746,10.440500374211483,103.92387469261199,12.937025553298406,28.600449053779535,5.292419544531167,15.503047150646852,4.54934245696568,13.936704800598738,1.9886667379450444,11.873195766064365
2026-04-28,25.58475619547182,14.901247123053041,16.325001338114863,9.853877856875233,7.0973612374886255,29.170904030401967,2.280147727880961,3.2435904298024942,10.453353315848632,103.3024674838088,12.985066638120216,30.187871326874696,5.298934860568431,15.522132419846919,3.7520740780388584,14.028796231868542,1.9857624578493818,11.962746882192366
2026-04-30,25.31169389509888,14.961306964746345,16.632631126397246,9.73237317282889,7.00773860705073,29.28847807394669,2.262467755803955,3.1545571797076524,10.473989681857265,104.73989681857265,12.967540842648322,30.309544282029233,5.320292347377472,15.58469475494411,3.80481513327601,13.97248495270851,2.009888220120378,12.139939810834049
2026-05-01,25.42098445595855,14.84779792746114,16.65047495682211,9.774395509499136,7.037996545768566,28.929188255613127,2.266839378238342,3.173575129533679,10.52461139896373,105.56994818652849,13.29339378238342,30.440414507772022,5.3432642487046635,15.651986183074266,3.540587219343696,14.129965457685666,2.040155440414508,12.186960276338514
2026-05-07,26.09121052345491,14.920911018100778,16.66032505299777,9.892917323476654,7.088112192205251,29.298255150296246,2.31015926509757,3.261401315431864,10.626732619448823,106.75653639180301,13.371745393270642,31.472522693917487,5.381312170462575,15.926509757025602,3.571234440397891,14.197967059846714,2.054682828722074,12.241126270587596
2026-05-08,26.42000759507405,14.891770194759397,16.817663972223727,9.873596267563608,7.074268974122497,29.34953615797754,2.278522215591602,3.1573807844626485,10.584278196712416,104.81202191721368,13.345630119893668,30.977052026257255,5.370802365323062,15.846579504150164,3.488309011012857,14.094287419302336,1.9747192535127216,12.314870069983181
2026-05-11,26.701655664971323,14.857699383183638,16.610756411643763,9.760848393031058,7.115030840818093,30.029217617141004,2.321177361757386,3.138188507737258,10.529163510442594,104.53414132669624,13.310247808678715,29.921004220322477,5.356563142517044,16.610756411643763,3.3546153013743103,14.024456227680988,2.0344118601882912,12.282220538902717
2026-05-12,26.929933553022526,15.028901734104045,16.557722435308733,9.956242234347144,7.103884176975852,29.65804116471287,2.3175409216141754,3.1116633353141374,10.512668143266165,105.88298849332828,13.235373561666036,29.279887634379556,5.348171357571173,16.719788234023014,3.3385554535141266,13.975474042461238,2.106855383285614,12.317000702285126
2026-05-13,26.935754039012267,14.886259253255526,16.561301129302425,9.785486572648187,7.105419570973146,29.610417679796836,2.3180418220132926,3.1339493164748475,10.525747014643109,105.90587345328795,13.08153671583725,29.286216026368404,5.349327281569137,16.047981844707408,3.323066947641433,13.94607445831307,2.1343275517371807,12.422326687199439
2026-05-14,26.65297075201384,14.905119749148511,16.7324430988809,9.731307779639941,7.103854679137157,29.464237443909823,2.3192950208141863,3.0707682326863814,10.580094069308537,102.88154835919339,13.088608963615721,28.59923230794183,5.352219278801968,15.716062064118505,3.3789263123749795,14.002270638481916,2.178731686219387,12.434448829539926
2026-05-15,25.95258714007361,14.922061052175795,16.751461355271704,9.515046546871618,7.014505304178394,27.982247239662264,2.3219311539294223,2.6791513314570254,10.716605325828102,101.7536263260446,13.5256549036588,27.928122970339903,5.358302662914051,13.693440138558131,3.3827668326477593,13.936999350508769,2.451829400303096,12.448581944143754
2026-05-18,25.685394473584598,14.875898988806576,16.492726977775373,9.468447520683501,7.008057102687503,26.983182825934136,2.292759422484183,2.6334288649759365,10.458011139350024,101.44378954198886,13.24825609690153,31.1469204563889,5.353376953441843,13.989076948034391,3.3472124587681824,13.940409884821284,2.190017844589845,12.274914832639377
2026-05-19,25.617467437712804,14.867859266064963,16.483813435659084,9.468734799762201,7.004269577906285,26.32005620710155,2.2807112360157813,2.513105982813598,10.538831540831216,98.95692590390748,13.246500567475545,33.50807977084797,5.350483705345079,13.754526293033562,3.3399989190942008,13.943684807868994,2.2158568880722047,12.273685348321894
2026-05-20,25.200303161541793,14.892810740580337,16.538544824599395,9.419662191424859,7.0376786487656995,26.310090948462538,2.289952360329147,2.5173235166738848,10.551104374187961,99.12299696838458,13.268731052403638,33.0229536595929,5.35946297098311,13.588133391078388,3.275227371156345,13.967085318319619,2.27371156344738,12.424209614551755
2026-05-21,25.307205110160776,14.892004547176962,16.618849131164403,9.446218805824717,7.037297677691766,26.146267525577873,2.284415092296866,2.387267904509284,10.528879987008066,99.17176419639475,13.316732528555189,34.04969414821632,5.359172846857576,12.997347480106102,3.2858766848914636,13.852649813240946,2.3277215395442,12.396470524549343
2026-05-22,26.416828898983347,14.876703439325114,16.601773739995675,9.593337659528446,7.100367726584469,26.065325546182134,2.2982911529309975,2.3739995673804892,10.518061864590093,99.1239454899416,13.248972528661044,34.01470906337876,5.353666450356911,13.297642223664289,3.4609560891196196,13.838416612589228,2.3631840796019903,12.38373350638114
2026-05-25,26.152266709893556,14.86464580969363,16.42621710704058,9.617982385043497,7.105419570973146,25.233695358512996,2.301831739341871,2.372075430918031,10.444696601286001,98.61133625114822,13.130166963851517,32.528232560652725,5.349327281569137,13.832603879613119,3.4797644134651753,13.80558707516075,2.3396552655751877,12.57902415302318
2026-05-26,26.107125519175792,14.838988079184423,16.397863962457524,9.38561950482766,7.093154970602514,25.29802038944927,2.2870705000269704,2.3517989104050923,10.42127407087761,97.4162576190733,13.2153837855332,33.5508927126598,5.340093856195049,14.288796590970389,3.4629699552295166,13.781757376341767,2.3733750471977992,12.568099681751983
2026-05-27,26.098678889188463,14.834187112429227,16.338635750876247,9.441898085737396,7.026152601779456,25.80210299272041,2.302507414397412,2.3456457266109463,10.617417093556215,97.60043138312214,13.211108115394985,33.54003774602319,5.338366136424913,13.750337018064169,3.666756538150445,13.804259908331087,2.3833917497977892,12.623348611485577
2026-05-28,25.93691021838771,14.834187112429227,16.176867080075493,9.479644108924239,7.026152601779456,25.478565651118902,2.302507414397412,2.3240765705041793,10.60124022647614,97.60043138312214,13.211108115394985,34.4567268805608,5.338366136424913,14.063089781612295,3.4025343758425453,13.847398220544623,2.394176327851173,12.639525478565652
2026-05-29,25.904782421370097,14.85351141749246,16.15144334338647,9.451744937526927,7.08207669108143,25.82399827660491,2.299655320982335,2.3481258078414475,10.394226626454115,97.21025420077552,13.194743644980612,33.98319689788884,5.331753554502369,13.911029728565273,3.4898750538560965,13.884101680310211,2.41813873330461,12.629254631624299
2026-06-01,25.8769098343017,14.83752958898214,16.381536475145257,9.420055950075318,7.042177749085432,25.41962556488057,2.270281902302561,2.404777275661717,10.383042823326878,96.8904669679363,13.019152141166344,32.601678502259524,5.3260167850225955,13.960619754680438,3.437701743060039,13.761566602108887,2.437056165267915,12.642565095760705
2026-06-02,25.84493041749503,14.819192950405673,16.334425877169416,9.510504540325613,7.033474826715383,24.931492128311213,2.299715222180431,2.4716565472032666,10.36483799903283,96.71699532534522,13.003062704851969,31.164365160389014,5.319434742893987,13.809037665896511,3.3743485035731555,13.809037665896511,2.407178550319703,12.412014400085969
2026-06-03,25.724423418095803,14.827159830116662,16.37008762969733,9.343583678296866,7.03725606150207,24.97177571098328,2.26869523143917,2.3923444976076556,10.370410193000376,96.93027256599107,13.010053222945004,31.288640395677653,5.322294500295683,13.816461480565561,3.4460512875651848,13.977743132089673,2.360088167302833,12.510080103220258
2026-06-04,25.731340073134007,14.831146483114647,16.37448913744891,9.15788341578834,7.03914820391482,25.0322650032265,2.2746827274682726,2.2585502258550223,10.373198537319853,96.20348462034846,12.911378791137878,30.97440309744031,5.323725532372553,13.847063884706388,3.387825338782534,13.981501398150138,2.4521402452140246,12.379006237900624
2026-06-05,25.977518420911096,14.833539504114452,16.40402301941591,9.229279836497605,7.040283977841122,25.627924487710427,2.2750497499058784,2.258914645296617,10.374872263755176,95.73495401495185,12.913462055612326,30.549131393535202,5.324584521056312,13.876189963964933,3.3238315495078794,13.897703436777281,2.447157532404668,12.483192599365353
2026-06-08,26.068652849740932,14.923359240069084,16.515544041450777,9.428972366148532,7.070379965457685,25.01619170984456,2.320811744386874,2.1696891191709846,10.411269430051814,95.15328151986184,13.271804835924007,28.065630397236614,5.3432642487046635,13.601036269430052,3.1411917098445596,13.789939550949914,2.444948186528497,12.267918825561313
2026-06-09,26.421007132051002,14.93948562783661,16.533390966068726,9.444564512643181,7.078020315539225,25.043224551545276,2.344931921331316,2.155824508320726,10.422519991355088,95.25610546790577,13.286146531229738,28.095958504430513,5.349038253728117,13.61573373676248,3.204019883293711,13.885887183920467,2.442187162308191,12.340609466176788
2026-06-10,26.232071605737087,15.038283187749379,16.256874797800062,9.231101046047664,7.063517739674323,25.342391890434595,2.34551924943384,2.156799309824221,10.406556669901866,94.89916963226571,13.258923757144396,27.984471044969265,5.338078291814947,13.587835651892592,3.2405909630108916,13.905963550091663,2.421007225277688,12.185916100506848
2026-06-11,25.864393980257837,15.043961378715142,16.343923620475756,9.23458654727871,7.006850423431685,25.082259021522198,2.346404876206915,2.1090673714871353,10.410486002481257,95.85198770160204,13.258536059118615,28.696261934300665,5.340093856195049,13.86266788931442,3.306542963482389,13.760181239549059,2.362586978801446,12.406278655806679
2026-06-12,25.854631726517848,15.415723066968617,16.364714763291275,9.489916963226571,7.004205758654157,25.072791976706565,2.307775261511916,2.0543513426075704,10.509004637118515,95.97756928717783,13.210395772673353,27.283511269276392,5.338078291814947,13.857435565620618,3.3052949423056184,13.884395556993422,2.3509112477084004,12.207484093605089
2026-06-15,25.782342187331974,15.399505323153027,16.29207441660394,9.302075491988386,6.984622002365846,24.895150016130767,2.301322722873427,2.1453919776320034,10.484998386923326,96.24690826970642,13.200344123023982,30.648456823314337,5.323153027207227,14.114420905473708,3.4412302398107326,13.818690181739973,2.295945800623723,12.361544252070116
2026-06-16,25.771256583897667,15.47887778136085,16.285069332473395,9.190583682683005,6.9923680533161345,24.991938084488876,2.2895840051596257,2.1229710845963665,10.480490164463076,94.59314199720521,13.167795334838225,29.936579597979147,5.320864237342793,13.973986885950769,3.4397506180801893,13.812748575728259,2.2895840051596257,12.35622917338493
2026-06-17,25.808357503491244,15.468901063486948,16.27457299387689,9.26522719948437,7.036201525405521,24.922118380062305,2.2881082823074443,2.116231603824256,10.060156837469115,94.53217316575356,13.38489633687829,29.487592652271992,5.317434740573638,13.938124395746051,3.5181007627027605,13.750134278655064,2.2881082823074443,12.305295950155763
2026-06-18,25.93512171425487,15.5448804447563,16.35450963458736,9.445673881362335,7.016786311869163,25.15248016408485,2.310141954984617,2.1158309494251633,10.22291790360015,94.99649160684406,13.450639607059966,29.57845306849463,5.343552652884979,14.006584984077293,3.4922005721379605,13.769093755060181,2.2885518432557888,12.39812166027959
2026-06-19,26.177869029608814,15.560838556299977,16.344283553058137,9.347309271666306,6.991571212448671,25.17830127512427,2.2963043008428787,2.118003025718608,10.190188026799222,93.20293926950507,13.464447806354007,29.554787119083638,5.349038253728117,13.912902528636264,3.387724227361141,13.78863194294359,2.2854981629565594,12.410849362437864
2026-06-22,25.901143967191885,15.540686380315131,16.35009712928988,9.712928987696957,7.0148931577811355,25.280595726311248,2.2933304554284484,2.126052233973667,10.392834016835744,93.35203971508741,13.447010576300453,29.46255126268077,5.342110943233326,13.921864882365638,3.4372976473127563,13.76537880423052,2.26635009712929,12.41636088927261
2026-06-23,25.974025974025974,15.568181818181817,16.53138528138528,9.713203463203463,7.034632034632034,25.324675324675322,2.316017316017316,2.083333333333333,10.238095238095237,94.69696969696969,13.414502164502164,29.49134199134199,5.357142857142857,13.944805194805195,3.392857142857143,13.782467532467532,2.261904761904762,12.234848484848484
2026-06-24,25.89814663840426,15.64215446491657,16.52263709984238,9.755964998097722,7.054731235393228,25.2731126691668,2.3316484591553888,2.11968041741399,10.402739279308658,95.11386488396109,13.832273493124626,30.490787542801236,5.380727213435512,14.055111690852764,3.407793901842491,13.73987716723735,2.2718626012283276,12.332191966954726
2026-06-25,25.953908033481902,16.186542015436462,16.63224263506903,9.696706163713447,7.093162300250028,25.247309490161975,2.3372105663659095,2.098054136319165,10.441352320904446,94.73855853897163,13.860202195890858,30.49244483095989,5.3810196760517455,14.555929992390478,3.4677682356777915,13.811283835199479,2.2611153386237635,12.4361343624307
2026-06-26,26.697053556894026,16.159314124477724,16.821314233002333,9.636985186391014,7.070378208258723,25.204840197514788,2.333279071029356,2.0077052471647945,10.396657442074991,95.2846057843616,13.782625210266428,30.386890227359054,5.371968093765261,14.824461446633025,3.5216235281350046,13.722936675891258,2.2518856150632156,12.3935102284443
2026-06-29,26.57070187780724,16.11559067049083,16.775799556253045,9.865252448725581,7.035012717138374,25.217814816819093,2.364846582607284,1.9968613020185075,10.346880242437361,95.02678716380757,13.799448022079117,30.629363060771688,5.357432761513069,14.611180258672007,3.517506358569187,13.702040153687971,2.2512040694842796,12.500676443530494
2026-06-30,26.51617432629476,16.19592806610142,16.741372792568992,9.985418804341956,7.020575687206351,25.301074688124427,2.300588648269158,2.0683696063077175,10.32564670302965,94.83177620564886,13.625317276016634,32.02462601933359,5.346438407949452,14.58119565804396,3.5048874007668633,13.852135875141762,2.24118377706972,12.63163579413512
2026-07-01,26.471856803968084,16.168859176191503,16.578606857882253,10.16282078930343,7.008841923657537,25.50140176838473,2.312917834806987,2.1673495794694846,10.335346128962692,96.50636187189994,13.748113004097478,31.971102005607076,5.337502695708433,14.745525124002588,3.499029544964417,13.92063834375674,2.23743799870606,12.421824455466897
2026-07-02,26.495079485238456,16.21607007678166,16.654049962149887,10.214123499513356,7.029306802206121,25.197361306369633,2.2980426084135397,2.254785335784579,10.403374067265059,97.05850546123067,13.442197469449551,31.95631015464475,5.353087487833892,14.761544284632855,3.4605818103168597,13.96128474099708,2.32507840380664,12.393208608197254
2026-07-03,26.53669103709721,16.241538044949905,16.68020579474682,10.230165177362577,7.02409964798267,25.53479555916599,2.301651773625778,2.2204170051448684,10.419712970484701,96.34443541835905,13.441646357974546,32.33143785540211,5.361494719740048,14.763065258597345,3.628486325480639,14.178174925534796,2.307067424857839,12.48307608989981
2026-07-06,26.99201036493198,15.709350032390411,16.6270783847981,10.381127186352838,7.001727488663355,25.831353919239902,2.2943208810192184,2.2565320665083135,10.386525588425826,95.5517166918592,13.458216367955085,32.39041243791837,5.344418052256532,14.81321528827467,3.670913409630749,13.88469013172101,2.267328870654286,12.41632476786871
2026-07-07,26.73464983273983,15.711665048019855,16.699039602891983,10.37552606021366,6.997949714039064,25.79043919283479,2.2822920038847525,2.2553145570303226,10.380921549584547,95.931801014352,13.720729470162944,31.671522607100464,5.34153447717708,14.805222833711017,3.6959102190568682,13.828639257580662,2.2661055357720943,12.431207510521205
2026-07-08,26.704392347076258,15.69388305039073,16.680140123955805,9.94341147938561,6.990029641606036,25.653462678523308,2.306655887900835,2.2419832929129613,10.369172729722447,95.66154675289678,13.78604149824845,31.31231473996227,5.335489086499596,14.686068445163029,3.6001077876583127,13.76987334950148,2.236593909997305,12.422527620587442
2026-07-09,26.840036612286653,15.678673343024823,16.63705378775642,9.93915899423895,6.983255263016207,25.440155063802294,2.282883755989878,2.4336402304420397,10.369891778387982,95.56883648306682,13.395789587034944,32.251117213158885,5.33031820384429,14.763366176708125,3.542777149625801,13.756528293759759,2.207505518763797,12.53970817853874
2026-07-10,28.042927250175268,15.704039260098149,16.47521975947797,10.165561128188534,6.994553200668716,25.562206762659763,2.2973628862643585,2.340505851264628,10.548454942565927,101.22418163188264,13.487569433209297,32.68079598770425,5.338941918783368,14.765679771342285,3.548508871272178,14.069999460712937,2.2002912150137517,12.565388556328534
2026-07-13,28.454187138923384,15.722693159116679,16.467793315695697,10.253226067706926,7.002861616543383,26.726418659899572,2.3216888936882456,2.445872253118082,10.625776145996436,98.96873818908266,13.627773878300307,32.61163004157443,5.345283731979914,14.982992279034608,3.5527239349927107,13.838345661681334,2.2137033637492576,13.42260137141623
2026-07-14,27.350703997410584,15.709122295948642,16.453579327830823,10.778443113772456,6.986027944111776,26.70335005664347,2.3250795705885525,2.4006041970113827,10.843178507849167,98.88331445217672,13.858768948589308,34.25581269892647,5.340670011328694,15.045584506662351,3.5226843610077143,14.009818201434967,2.222581863300426,13.411015806225386
2026-07-15,28.08625336927224,15.69811320754717,16.442048517520217,10.059299191374663,6.986522911051213,27.223719676549866,2.31266846361186,2.4582210242587603,10.79245283018868,101.72506738544475,13.827493261455526,34.44743935309973,5.336927223719677,15.035040431266847,4.059299191374663,13.929919137466307,2.2318059299191373,13.202156334231805
2026-07-16,28.00774110310719,15.654230727878723,16.449844102784645,10.482743790990215,6.9884958606601435,26.61004193097516,2.327706698204494,2.333082464251156,10.611762176110096,102.08579722610472,13.869476400387054,34.40490269863455,5.322008386195033,15.046769164605955,3.736157402429846,14.030749381786904,2.2255671433179227,13.444790882700785
2026-07-17,29.560356874126626,15.65086531226486,16.473180694399655,10.265505750833064,6.976244222293883,25.717510480490166,2.327206277544878,2.2788347844781254,10.630979254004085,98.62409975276792,13.968612275610019,33.430076319466835,5.320864237342793,14.92529291626357,4.00408470385897,13.866494679135762,2.2250886810706225,13.006557024615715
2026-07-21,27.14470006450226,15.652547839174371,16.555579445280586,10.77187701569555,6.982369382928403,26.338421844764568,2.3274564609761343,2.2790797677918726,10.64287250053752,101.69855944958074,14.158245538593851,33.59492582240379,5.32143625026876,14.80864330251559,3.966888841109439,13.787357557514513,2.2414534508707806,13.169210922382284
2026-07-22,28.45179299978527,15.900794502898862,16.61477345930857,10.575477775391883,6.9948464676830575,26.411853124328967,2.324457805454155,2.238565600171784,10.629160403693366,102.53382005582993,14.027270775177152,34.30319948464677,5.314580201846683,14.79493235988834,3.698733089972085,14.0326390380073,2.2439338630019328,13.44749838952115
2026-07-23,28.373739540871057,15.887148680540657,16.600514910963312,10.577129371379533,6.967388972323536,26.389186869770437,2.3331903025101908,2.199098905814203,10.620038618322248,106.14674962454409,13.918686977043553,34.27376099549453,5.310019309161124,14.782235571765716,3.8350139455052563,14.122505900021455,2.2420081527569193,13.677322462990775
2026-07-24,28.93425494293522,16.069227884048654,16.583614638589722,10.480630123774313,6.965653967743664,25.772919680651558,2.314740395434818,2.153994534640733,10.920002143278143,105.61003054171356,13.936666130847131,33.703048813159725,5.3046134062047905,14.735037239457752,3.831109682259015,14.12420296844023,2.2290092696779724,13.502652306703103
2026-07-27,29.407038405913546,16.310461192350957,16.578284857249987,10.745085435749102,6.963415287374793,26.11280732765547,2.3086399914296427,2.2336493652579144,10.691520702769298,106.59381862981414,14.017890620815255,33.69221704429803,5.302908565000804,14.730301569446677,3.829878408056136,14.119663613476886,2.255075258449837,13.53045155069902
2026-07-28,29.42279864944531,16.50677957018061,16.801543491076693,10.772281472747736,6.956428533147543,25.99281847901817,2.3152366150383195,2.2348464547939333,10.697250656519643,103.91768047590975,14.025403290637225,32.79918537970952,5.305750576129482,14.470228843989496,4.024867356235597,13.987887882523179,2.2616431748753953,13.559140361219786
2026-07-29,29.471653627692636,16.879219804951237,16.879219804951237,10.491908691458578,6.939234808702175,25.774300718036653,2.3255813953488373,2.143392991104919,10.743757367913407,106.90172543135783,13.814167827671204,33.49051548601436,5.304897652984675,14.264280355803237,3.9116922087664774,13.937412924659736,2.2559211231379273,13.422998606794556
2026-07-30,29.45902517407606,16.523835029459025,16.73808248527049,10.498125334761651,6.989823245848956,25.709694697375472,2.3245848955543655,2.249598286020354,10.712372790573113,106.10605249062668,13.540439207284415,33.47616497054098,5.302624531333691,14.258168184252813,3.910016068559186,13.952865559721479,2.2710230316014997,13.792179967862882
2026-07-31,29.73615916955017,15.922361591695502,17.003676470588236,10.975346020761245,7.055579584775086,25.843425605536332,2.3302335640138407,2.3356401384083045,10.759083044982699,107.59083044982698,13.570501730103805,35.68339100346021,5.352508650519031,15.679065743944635,3.8657006920415222,13.905709342560552,2.276167820069204,14.192257785467127
2026-08-03,30.31967483247281,16.175985938701526,17.16467098758651,11.150170273536197,7.167966604416127,26.20015379545205,2.3948148961880698,2.372844117323959,10.979896737339338,109.85389432055366,13.786663737229485,36.855981544545756,5.437767768867406,15.92881467648028,3.9437548061078767,14.29748434582006,2.3014390860155993,14.467757882016917
2026-08-04,30.451541850220266,16.21696035242291,17.180616740088105,10.90308370044053,7.175110132158591,26.54185022026432,2.3843612334801763,2.488986784140969,11.145374449339208,109.8568281938326,13.843612334801762,35.07709251101322,5.451541850220265,15.969162995594715,3.9537444933920707,14.229074889867842,2.3843612334801763,15.126651982378855
2026-08-05,30.46604819673931,16.188175879672833,17.181753307350277,10.868968545863755,7.152659603666905,26.321567766372073,2.3823900752044795,2.459241367953011,10.934841082505352,110.11692375253884,13.728934511719823,35.07712576165121,5.434484272931877,15.919196355052973,3.9413734423889775,14.409617390349675,2.409836965471812,14.557830597793272
2026-08-06,30.43263694686626,16.17042276690245,17.464495256895322,10.857048856719855,7.1228820529692385,26.347535230575204,2.3852607336733014,2.423644239732412,11.07638317705763,110.27032954981631,13.719361737127818,34.819323353621755,5.428524428359927,15.34243570762735,3.9370510500630584,14.267697537972253,2.423644239732412,14.761199758732248
2026-08-07,30.39264005257105,16.149170363068833,17.441542084223208,10.842779694430753,7.069711406823284,26.312907288757458,2.3711735392366244,2.3985542960407424,11.061825748863697,109.52302721647226,14.50632495482175,33.29500027380757,5.4213898472153765,16.154646514429658,3.931876677071354,14.270850446306335,2.3985542960407424,14.599419527955751
2026-08-10,30.574361214238916,16.10613671107229,17.19807818300939,10.4826381305962,7.064861323433064,26.261192400087356,2.358593579384145,2.336754749945403,10.842978816335444,108.86656475212929,14.610176894518455,32.867438305306834,5.405110286088666,16.54291329984713,3.7562786634636383,14.24983620877921,2.391351823542258,14.506442454684429
2026-08-12,29.63728315840992,16.04763717439774,17.238566534341185,10.441024525531569,7.009625319484475,26.347272826146067,2.343792484637555,2.278536081352983,10.821686878024908,106.36793735385285,14.628310402958292,32.7369623144271,5.383653270977215,17.510468214693567,3.7413671216488122,14.035564739790093,2.343792484637555,14.46516939474686
2026-08-13,29.622785085335366,16.039786933362322,17.067072507881292,10.46309381454506,6.984454832046962,26.87792151320796,2.348081313186216,2.4078704206979022,10.930535927818243,106.53331883900425,14.349385802804653,32.177410588107406,5.3810196760517455,18.04543972170888,3.701489292314382,14.061311012066529,2.342645939776063,14.403739536906187
2026-08-14,29.990220580245573,16.03281538628708,17.05965446050201,10.436814082364446,7.041182223188091,27.32804520265131,2.347060741062697,2.450287949581658,10.876887971313701,108.38856894490927,14.234488753667282,32.598065848093015,5.3786808649353475,17.657285667717048,3.7216125176572854,14.125828534173639,2.37965880691079,14.468108225578616
2026-08-17,29.902491874322862,15.985915492957748,17.118093174431202,10.325027085590467,6.960996749729144,27.51895991332611,2.3564463705308776,2.497291440953413,10.834236186348862,108.34236186348863,14.111592632719393,32.50270855904659,5.362946912242687,17.768147345612135,3.656554712892741,14.041170097508125,2.361863488624052,14.442036836403034
2026-08-18,30.362071764896896,15.97120744709639,17.04822211397954,10.310115278454294,6.960004329707203,27.547762082589163,2.354278291930508,2.4192238999837636,10.964983492991285,110.24516967040103,14.09860908156086,31.877469286139522,5.35801266439357,17.589435514423336,3.674838989013368,14.022839205498727,2.359690425934946,14.315094441738376
2026-08-19,30.71930773391022,15.954570037858302,17.03623580313683,10.248783126014061,6.949702541914548,26.798269334775554,2.3526230394808003,2.390481341265549,10.822065981611681,109.51865873445105,13.74256354786371,31.855056787452675,5.354245538128718,17.414818820984316,3.710113574905354,13.931855056787452,2.3309897241752298,14.375338020551649
2026-08-20,30.147495812847804,15.938192230806635,17.01874763628505,10.249068020962774,6.953374034253606,27.554162839699604,2.3448052298881623,2.452860770436004,10.81095683181155,108.3256793992112,13.728456426603273,31.822356691339348,5.3487492571181585,17.532011453887296,3.7117078178183585,13.917553622561996,2.3664163379977308,14.409206332054676
2026-08-21,30.048465266558967,15.885837372105547,17.04361873990307,10.231556273559505,6.952073236402801,27.625201938610665,2.3371028540656975,2.417878298330641,10.764674205708133,108.93914916532042,13.812600969305333,31.717824448034467,5.331179321486268,17.609046849757675,3.7049003769520734,13.904146472805602,2.4340333871836295,14.361873990306947
2026-08-24,30.30139935414424,15.608180839612485,16.79224973089343,10.597416576964477,6.9537136706135625,27.61033369214209,2.3519913885898815,2.5349838536060276,10.818083961248654,108.18083961248654,13.805166846071044,31.59311087190527,5.3283100107642625,20.129171151776102,3.7944025834230355,13.90204520990312,2.3896663078579117,14.41334768568353
2026-08-25,30.076401592596575,15.79145593457441,17.002044549661033,10.599375874314,6.951468847519638,27.170988916388676,2.3512321101904656,2.534165500914667,10.561713117400194,108.09211234262347,14.311847627246314,31.58291186914882,5.326589906381146,19.772947379748196,3.782416872915097,13.832992575056494,2.3996556547939307,14.365651565694607
2026-08-26,30.074783450798943,16.059611556464194,16.812826168827677,10.582665303706891,6.977995373110238,27.061925001345024,2.3403454027008124,2.4909883251735083,10.760208748049712,108.19389896163986,14.311077634906116,31.581212675525904,5.326303330284607,18.29235487168451,3.7822133749394737,13.977511163716576,2.399526550815086,14.445580244256739
2026-08-27,30.3144518630196,16.07796683178979,16.772560844281713,10.59121257807452,6.983631272883911,26.976093043290977,2.3530045229377556,2.493000215377988,10.833512814990309,108.76588412664226,14.322636226577643,31.606719793237133,5.330605212147319,18.118673271591643,3.8714193409433557,13.929571397803144,2.374542321774715,14.295713978031445
2026-08-28,30.17589156043247,16.061535151417353,16.862998224947557,10.381367328277124,6.981872949276532,27.593997095368728,2.3183260717551506,2.5012102630304986,10.822440966058846,108.65472540476574,14.307998493894896,33.1881017696735,5.325157334193965,18.180840191490507,3.711473293529127,13.737830132859987,2.3667365929750956,13.67866171803561
2026-08-31,29.684301260640016,16.08662859605646,16.7815968106885,10.613080487016486,7.008943001831699,27.206120030169163,2.3434974679452645,2.5320547354810903,10.833961857558453,108.82448012067665,14.330352332722766,34.58679021657149,5.333476996013361,18.55942247602629,3.76037064971447,13.764680530115289,2.3434974679452645,13.538411809072297
2026-09-01,30.164287638028547,16.084029086991652,16.96741179639106,10.756800430918394,7.007810395906275,27.578777269054672,2.348505251817937,2.5531914893617023,10.772959870724481,109.34554268785348,14.32803662806356,34.581201185025584,5.332615136008618,18.55642337732292,3.689738755723135,13.794775114462698,2.3538917317532992,13.62779423646647
2026-09-02,30.000539578049963,16.11180057195273,16.888792963902226,10.62968758430907,7.019910430043705,27.518480548211297,2.3309771758484863,2.5522041763341066,10.84551880429504,109.53434414288026,14.217881616575836,33.07613446285005,5.341822694652781,18.075864673825066,3.6691307397615063,13.802406518102842,2.282415151351643,13.651324664112662
2026-09-03,31.22441181287188,16.027075713739833,17.140673617555542,10.590097712757247,7.101916043452154,27.83994759539276,2.358207325727387,2.5219717233473444,10.830285495933184,110.26802773077134,14.389431737540258,33.51711337955128,5.404225121458595,18.39620066597522,3.711993012719035,13.870844478410394,2.319995632949397,13.657950761504448
2026-09-04,31.430298368042198,16.13275454695313,17.28116929501621,10.659926369580745,7.1487444365075,28.298258146051978,2.3847464146381667,2.5386010220341775,10.901697895488763,110.99510962140776,14.484312324853013,33.73811747898236,5.43985933293038,18.517500961591296,3.901313258970273,13.962305621187976,2.324303533161163,13.73701851750096
