Date,ABSLLIQUID.NS,ABSLNN50ET.NS,ABSLPSE.NS,ALPHA.NS,AUTOBEES.NS,BANKBEES.NS,BANKBETF.NS,BANKNIFTY1.NS,BANKPSU.NS,BNKETFAXIS.NS,BSLGOLDETF.BO,BSLNIFTY.NS,BSLSENETFG.BO,CONS.NS,CONSUMER.NS,CPSEETF.NS,EBANKNIFTY.NS,EBBETF0430.NS,ECAPINSURE.NS,EGOLD.NS,EMULTIMQ.NS,ESILVER.NS,EVINDIA.NS,GILT5YBEES.NS,GOLDAXIS.NS,GOLDBEES.NS,GROWWDEFNC.NS,GROWWEV.NS,GROWWGOLD.NS,GROWWLIQID.NS,HEALTHAXIS.NS,HEALTHY.NS,HNGSNGBEES.NS,IDFNIFTYET.NS,IT.NS,ITAXIS.NS,ITBEES.NS,ITBETA.NS,IVZINGOLD.NS,IVZINNIFTY.NS,JUNIORBEES.NS,LICNETFGSC.NS,LICNETFN50.NS,LICNETFSEN.NS,LICNFNHGP.NS,LIQUIDADD.NS,LIQUIDBEES.NS,LIQUIDBETF.NS,LIQUIDCASE.NS,LIQUIDETF.NS,LIQUIDPLUS.NS,LIQUIDSHRI.NS,LOWVOL1.NS,METAL.NS,METALIETF.NS,MID150CASE.NS,MIDCAP.NS,MNC.NS,MODEFENCE.NS,MOM100.NS,MOMENTUM50.NS,MONIFTY500.NS,MOREALTY.NS,MOSMALL250.NS,MULTICAP.NS,NETF.NS,NIF100IETF.NS,NIFTY1.NS,NIFTYAXIS.NS,NIFTYBEES.NS,NIFTYETF.NS,NPBET.NS,NV20BEES.NS,PSUBANK.NS,PSUBNKBEES.NS,QGOLDHALF.NS,QNIFTY.NS,SBIETFCON.NS,SBIETFIT.NS,SBIETFPB.NS,SBIETFQLTY.NS,SENSEXETF.NS,SETF10GILT.NS,SETFGOLD.NS,SETFNIF50.NS,SETFNIFBK.NS,SETFNN50.NS,SHARIABEES.NS,SILVER.NS,SILVER1.NS,SILVERAXIS.NS,SILVERBEES.NS,TATAGOLD.NS,TNIDETF.NS,TOP100CASE.NS,TOP10ADD.NS,VAL30IETF.NS
2025-01-01,11.210762331838565,0.7961883031733902,0.10829596241493396,0.6113228562701443,2.6464652159823427,5.884753171638523,0.5776905692746286,5.881726731099355,0.733400182339108,5.86311648244815,0.7609865162939234,0.30549327354260086,0.8734305343285804,1.2950672269402064,0.13275897021785446,0.9600896792561484,0.5718576320083686,16.17107579526345,0.23542376377122817,0.87331840275649,0.5073688489973812,0.9843049669479575,0.33587442919812394,0.6584080666169991,0.7270179201134651,0.7214125389475459,0.732719695086971,0.33609864957664043,0.855349810134135,1.141331848007681,1.704708492809347,0.171412555626155,3.8392375723663466,2.8809418272009877,0.5206277872949437,5.1951794132523474,0.5217488891875263,4.910089809263768,75.49719840421805,30.069393961953473,8.178811522342698,0.29977578218742335,2.9329595865155547,9.949888220816984,2.9804931093224494,11.765530847113228,11.210762331838565,11.304332921323219,1.1909193201449955,11.210762331838565,11.322197336787065,11.555725918757007,0.223094166127021,0.09702129748904652,0.09708520008309539,0.11771300448430493,1.7886771642573744,0.3204035865886329,0.8033632697545894,0.6902466333500473,0.6425571869307034,0.25369954216106055,1.1678250915801043,0.20056053127408563,0.17813901730182458,2.849215178211708,0.2663901247785765,2.9031389176578264,2.8950671550938902,2.9774663266579666,2.8402467051963636,2.867152466367713,1.0674888029226808,7.340694820934346,0.8164798411553216,0.7188341115087672,28.767601663221694,1.3070627392140204,5.225224174191599,2.8348654161119673,2.5010089275548277,0.8910314277683138,2.718609865470852,0.743834063611223,2.81524658203125,5.824103248493554,8.07825131266641,6.013676938454666,0.9789237633948903,1.0711883750197064,0.9764573819968733,0.9400224044183979,0.08464125774366438,1.1187219833579298,0.11401345377011149,1.0482835983481642,0.13962331908700712
2025-01-02,11.252278499317823,0.8082592756954505,0.1100483822771598,0.6198942292403273,2.7568627841778195,5.945088633458633,0.5837740640048974,5.953752507612945,0.7419523082676064,5.935636322718578,0.7677506847860199,0.31247890691756125,0.884212915843982,1.3332958013251888,0.1361944362365235,0.9810960103680235,0.5800956519178294,16.2044555622855,0.23851919404913338,0.8810622600625386,0.5158917686863317,0.9979745970676972,0.3439855935053923,0.6610779790705524,0.7312928757034942,0.7269044500294936,0.7397006624955166,0.3443231729657896,0.86297852606423,1.1457589824355008,1.7140767619112713,0.17328681915753655,3.8568696946733994,2.936649161543019,0.5270620023921221,5.313266596617601,0.5356138007665252,5.042984285222621,76.02846745070046,30.634071690917914,8.312591315791323,0.30032632535228554,2.9877347700424424,9.947901511468647,3.042308935717199,11.811126197324743,11.252391133115786,11.348129861384606,1.1955665578935524,11.252391133115786,11.366363487617095,11.600465281977888,0.22673567703983652,0.09831889643904676,0.09845842241476313,0.1192753503034739,1.7953190396281964,0.32496904648100144,0.81118483557883,0.6965230283096535,0.6550568354952063,0.25869246957486397,1.1860020426001903,0.20243051390928507,0.18093844856201252,2.9062675681253163,0.26737930831831913,2.960841733800073,2.9515020568579806,3.0369080077465678,2.9060426439251152,2.913243995684532,1.0714526974311143,7.399234919817922,0.8253628724442567,0.7252165741897398,29.414764126146334,1.3408349686295642,5.357825969353937,2.882299920068464,2.540114836200788,0.9121187977787076,2.726116847895363,0.7490716742975606,2.8707099709371833,5.895690471554307,8.220434204939448,6.111623884870457,0.9922358535521073,1.0751660071087858,0.9895353037178604,0.9546528225260563,0.08529312393052835,1.141667594064056,0.11646225252019496,1.0686587439595319,0.14216721467015658
2025-01-03,11.290391670253754,0.8133679678844682,0.11143727995437601,0.6196229092030624,2.764896712831306,5.908998366846139,0.5801061428036044,5.912498395733953,0.7467731821681033,5.892966043145606,0.7780287192289644,0.3117308412594735,0.8872078788647928,1.3363441414739932,0.13679011460013862,0.9934514831632555,0.5751089626043931,16.2792139052268,0.23794513369462583,0.8896918036779702,0.5139494206063618,1.0127582358387963,0.3453765400540577,0.6655752598277008,0.7383990236635307,0.7346731364437645,0.7401185446484332,0.344134577647469,0.8699977668451243,1.1498272816026078,1.7070114309744413,0.17195438119268747,3.8847240298545644,2.95178957255737,0.5282827245740922,5.2727787034619515,0.5315569812696702,5.005419290643171,77.08027548831433,30.58654226970899,8.353167289776096,0.30156936981452703,2.973015776495639,10.075646657040336,3.0356779396769507,11.853059043165011,11.290504685559446,11.388682597671687,1.2002935255571159,11.290504685559446,11.406756088051825,11.641643240339564,0.22772948036913115,0.09872529769678667,0.09879191599864515,0.11956644634286882,1.8014000570368953,0.32889239201497805,0.8138195984086564,0.7008016223870862,0.6534311967091487,0.26013323829205537,1.1829061380045887,0.20379360096037652,0.18098679786209224,2.9080953745536724,0.26828496251833606,2.952015258609892,2.945805618856378,3.0304844039980736,2.8895787814811027,2.9135145962850713,1.0750818699413247,7.467878431475458,0.8330134219182215,0.7313988797481865,29.322796852066165,1.3480862766837407,5.306762888265461,2.869820398281374,2.5436377248067386,0.9065146315403336,2.7415604304416705,0.7566895861247196,2.867223630441935,5.8724172419237615,8.277068709336543,6.126227566737468,1.0060968794213794,1.0788077571610908,1.004629144822554,0.9694027391933111,0.08614655204291428,1.1351473514229125,0.11617929278370812,1.0614056397173492,0.14352602494063113
2025-01-06,11.266223414087145,0.7859396365055258,0.10748084679870468,0.601171705839923,2.6988677153344516,5.763068936224615,0.5712032533003544,5.776250700845327,0.7153458614615826,5.743803597614001,0.7739972616971855,0.3170346934390315,0.8711131105771093,1.305205030127547,0.13327625432815998,0.9603424725526084,0.5618905097098434,16.225214335444598,0.23082582302703789,0.8827174230973535,0.501694449329763,1.0132943042069202,0.3359621416721971,0.6630238674416526,0.7311852357579868,0.7279179879489811,0.7136694318058793,0.33832808344575827,0.8634587890019874,1.1479506249790956,1.6937809411659601,0.1704596678057787,3.7573231185218563,2.9695807410124564,0.5273772124075148,5.235015814129217,0.5277151887402871,5.002253267237494,76.02918091095368,29.74312753492564,8.079765357644561,0.3009238292527338,2.937021208217736,10.02996856428149,2.990536305108227,11.833502420061823,11.266223414087145,11.370031314693414,1.197724172584427,11.266336187471833,11.388120440654573,11.622434653049655,0.22487605998729895,0.09542248602545224,0.09553852571244173,0.11649391789756523,1.7975439730932605,0.3217665554973229,0.7828976775999271,0.6807120118177705,0.6363226627110897,0.2541685383724919,1.1436458104577565,0.1972735492212915,0.17620550184004904,2.902771449937859,0.2677106706877988,2.913474606844475,2.892631816133393,2.979720718638217,2.841369952098267,2.9062639866502717,1.0727805455239199,7.131478033284981,0.7951780287410397,0.7257773565676578,28.760139702568722,1.3141054460302888,5.285489124024758,2.797431309731386,2.590581370452977,0.8904912225724125,2.7360298118917936,0.7503379728945594,2.827287031863927,5.739522334851355,8.005407813864283,6.049909759287686,1.0050698409697234,1.076498457095063,1.0054078173024958,0.9681162720276676,0.08528616687315656,1.1214511144155852,0.11378999979123171,1.0461919852450603,0.13804529206394986
2025-01-07,11.224604332697272,0.7826916977992321,0.10775620587574056,0.5998428401246939,2.688843896994086,5.774048413340793,0.5662812971482709,5.783252671105062,0.7162498536636056,5.765405933869542,0.7703445645237172,0.3055337222286956,0.8690088468845584,1.3130542525191782,0.1325816575064377,0.9634078104282713,0.5629441970686463,16.183970771744164,0.2334324756125192,0.880570175645327,0.5018329952204451,1.0235716965024835,0.3365136327560481,0.6624761528540091,0.7316197138306856,0.727017584948551,0.7248164588105251,0.3357279138782367,0.8617712413305277,1.1439005819310617,1.6978335897051962,0.17162419981875662,3.7491302027794924,2.9815917037020148,0.5230665447763059,5.196879450380234,0.5238522636541173,4.9289481997663875,76.30486025367605,29.819509677713548,8.033449457930534,0.300145917287217,2.931080984204877,9.79021239165626,2.9747445169342446,11.7917208896902,11.224604332697272,11.329926116015054,1.1936243836332991,11.224491977038669,11.347937961261083,11.581415760221406,0.22460433526638046,0.09624649477748976,0.09641935293060827,0.11673588077820489,1.7908856555366237,0.3222583801153065,0.7959367343372923,0.6836906481918521,0.634639139247136,0.2534515649759351,1.144236193078979,0.19889998106807152,0.17701201546485207,2.8518353050198533,0.266719038390942,2.900886771146102,2.892580673555183,2.9763161259637374,2.841171793884695,2.842406507212247,1.0688068382613438,7.162083368775606,0.7960489187220261,0.7244359739087142,28.75979302881917,1.3090133881084525,5.227522743525683,2.8042429209906237,2.49410704847056,0.8886519044667787,2.7327422461989808,0.7495790636356142,2.8137837319090946,5.736558618523052,7.9542037787455095,6.011336713356928,1.0138062599037403,1.0725109782439983,1.0117858276983773,0.9773262958224741,0.08508249998547597,1.1039398189933898,0.11348074594990736,1.0446739218186578,0.1384386565096786
2025-01-08,11.26126126126126,0.7820945602279525,0.10788288202371683,0.5918919073568808,2.684750084404473,5.749098975379188,0.5655405542871974,5.761035884822811,0.7129076364878062,5.729166666666667,0.7747748091414168,0.305743238947413,0.8718468262268616,1.294256760193421,0.13139188826621115,0.9694819407420115,0.5606565389547262,16.25833322336008,0.23048987259735934,0.8890765422099346,0.49536713608750355,1.0274774534208282,0.33569819218403585,0.6639639536539714,0.7364865036698075,0.7333333642633112,0.7187477318016259,0.3355855769939251,0.8679459546063397,1.1478378536464933,1.6904279348012563,0.17038288417163197,3.711486335273262,2.8999998762800887,0.5236486486486487,5.233108245574677,0.52736488548485,4.979166597933383,76.39695725999437,30.100787738422017,7.993243105776675,0.3007882779782957,2.9418917819186374,9.743806306306306,2.9659910459776184,11.832298759941583,11.26126126126126,11.368927139419693,1.197635117951814,11.261148538675394,11.387017739785685,11.621232591233813,0.22443694037360115,0.09591329205143559,0.09594595110094226,0.11621621277955202,1.7967342686008763,0.32207207636790236,0.7880631008663693,0.6787162213712126,0.6239864847681544,0.2530405328080461,1.1501125816826347,0.1972973024522936,0.1762387344429085,2.847522529395851,0.2675900802955971,2.907094525861311,2.8977478302276887,2.9833334845465584,2.8447072140805356,2.837725287085181,1.0722973110439542,7.121509173968891,0.795045027861724,0.7306305997006528,28.85101318359375,1.3067567670667495,5.265540389327316,2.80157656282992,2.483671205537813,0.892792779046136,2.7452702565236136,0.7552927893561286,2.820270297763584,5.715653015686585,7.916328498909065,6.04718457471143,1.0188063200529631,1.0760135478801556,1.0185810467144392,0.98198194761534,0.08603603453249545,1.0952702943269197,0.11328829301370157,1.0506757100423176,0.13855405755945155
2025-01-09,11.285520931786762,0.7697776671309408,0.1063085439148397,0.5824399120906395,2.683017749224569,5.726893030753619,0.5616747597084265,5.737388721909914,0.7054000766669342,5.70183941128964,0.7828687817016368,0.30470601512244666,0.8638980143523057,1.3066245207007885,0.13020539873004996,0.9593725554252395,0.5581255113011678,16.265996569853147,0.22948426191861412,0.8943685814242185,0.4919704122557326,1.0285520752697037,0.3349509119193746,0.6658390700823835,0.7408870502864113,0.7380656982945368,0.7226272168001813,0.33675657547215765,0.8723259079794006,1.1505089929768173,1.6878455880667391,0.1699582487260659,3.701388229165197,2.8892900238536496,0.5207087167322925,5.180453769833223,0.5233043553987673,4.952036878376806,77.01162397020653,30.007899785577248,7.910732092349904,0.3022232331186718,2.929466048665677,9.972689230061858,3.047060151224467,11.859756984609525,11.285295003209288,11.395332552538864,1.2004288764990636,11.285407967498026,11.413468831334288,11.6481638508986,0.22762667956544347,0.09493849883161863,0.09502313594734167,0.11567543166685476,1.800586875654642,0.3219726970617933,0.7909942031135383,0.6744159611954994,0.6156189960169343,0.2520031590532226,1.120076740774179,0.19580183254113223,0.17514953682161913,2.845051417486916,0.26816385430819345,2.8918857916713687,2.887145940989219,2.9697550377664412,2.836361605135478,2.8334274610565258,1.0745965604412948,7.0382572299348976,0.7865929008942805,0.7344543711889706,28.791106327058177,1.308204470928172,5.217018381438854,2.785915817744629,2.5073918595619147,0.8883873289775773,2.742918440940727,0.759169356089227,2.808373841592547,5.6842342024126085,7.835684542650025,6.020426257793985,1.0227964930980473,1.0783207657347682,1.0213294210585713,0.9848775154391876,0.08633337202762026,1.0859948465967,0.11296693633768012,1.0459316138717503,0.13654328081384765
2025-01-10,11.29932192355226,0.756158171400512,0.10406779704120873,0.5674576409118998,2.6532225528005826,5.651073391154661,0.5540112856417726,5.651638569804908,0.6870530985169492,5.615028165828036,0.781807937191031,0.3046327580166402,0.8696045094290695,1.2923164152156161,0.12837739718162408,0.9385310458598164,0.5501502947618733,16.292429433704097,0.22571977518372616,0.8994350110070181,0.48839888060833775,1.0354802190920727,0.32994351144564354,0.6664406727936308,0.7482486013638772,0.7449717548607433,0.7060361528127207,0.32949152369957185,0.8780644303661281,1.1521480581854697,1.6461016121557204,0.16644067279363084,3.6288134903557556,2.8745762022201626,0.5394350472143141,5.359435000662076,0.5405649734755694,5.105649786480402,77.28813559322033,29.887005649717516,7.772090588585805,0.30237288394216766,2.919209108514301,9.94802287473517,3.0526554086114053,11.876593121027541,11.299435028248588,11.411525230623235,1.2027118919932909,11.299435028248588,11.42969577595339,11.664651472016242,0.22531074049782618,0.09351863968843795,0.09378531288965947,0.11355932418909451,1.8028248932402013,0.3175141286041777,0.7750282072078036,0.6618079061562059,0.6079095958989892,0.24971751843468618,1.0907344494835804,0.19073445379397289,0.17310734118445445,2.835480253575212,0.2684971653135483,2.8864406434829624,2.8752543131510415,2.9629378669006003,2.828926560568944,2.7840677897135415,1.075932217183086,6.872316522113348,0.766779667913577,0.7394350558350988,28.639549126059322,1.2972881080067091,5.400677869548906,2.76768364340572,2.5005650062345515,0.8868926312290343,2.74666668735655,0.7645198153910664,2.799661065225547,5.624067920749471,7.6912993522687145,6.081016756046964,1.0268926243324064,1.0796610514322917,1.0255367473020391,0.9891525527178231,0.0868926560137905,1.0911864372296523,0.11231637943935933,1.0482485496391685,0.1336485868119924
2025-01-13,11.299435028248588,0.7236158295539813,0.1000000043103924,0.542598875228968,2.5799503649695446,5.579999848274188,0.5472316418663931,5.583050916423906,0.665836140260858,5.529604464600989,0.7908474334889213,0.30045197912528687,0.8554802156437589,1.2541242696471133,0.1230926513671875,0.9070056117860611,0.5423378378657971,16.274914757680083,0.2200429453014654,0.9067796610169492,0.46984971041059764,1.0337852865962658,0.3196610272940943,0.6635028386520128,0.7540113373664813,0.748587570621469,0.6649016902945136,0.31898304567498675,0.8800632455254679,1.1527784961765095,1.6097175899871998,0.16237288006281447,3.522598870056497,2.838418044612906,0.5300564954509843,5.293107372219279,0.5354802190920728,5.0319772494041315,78.07005870409604,29.536723163841806,7.46790930106815,0.30112993919243247,2.888474631444209,10.045310844809322,2.920339120983404,11.882880086952683,11.299435028248588,11.41746115819209,1.2027118919932909,11.29932192355226,11.435769636078742,11.67067912473517,0.22169492473710053,0.0899898291981153,0.09005649480442543,0.11016949152542373,1.8028248932402013,0.3108474602133541,0.7310734118445444,0.635593220338983,0.5800000206898834,0.2441807978570798,1.019999962068547,0.1830508560784119,0.16836157761051157,2.7997739975061795,0.2684971653135483,2.8456496761343573,2.834802315060028,2.9197739423331566,2.7847457282287253,2.7659886247020657,1.075932217183086,6.672655698269774,0.741129902123058,0.7463277180989584,28.210057490289547,1.2647457661601784,5.317626953125,2.7103954250529663,2.452655339645127,0.8744632699395304,2.741016969842426,0.7706214344434146,2.765649655444474,5.52542372881356,7.357288080420198,5.98757089733404,1.0240677655753443,1.0796610514322917,1.0213559253067621,0.9863276939607609,0.08790960689048982,1.053559297895701,0.11016949152542373,1.0418078751213806,0.12902824488063316
2025-01-14,11.276499774470004,0.7400766492266346,0.10261615224932032,0.5546910084202636,2.626534695554328,5.645128386914326,0.554916543577725,5.643549855894261,0.6923669514808775,5.610960606362941,0.7819124530659746,0.300293179530521,0.8589309671734924,1.2593594982541247,0.12441023438160731,0.9299729501657997,0.5489715865242303,16.269958798929437,0.22135993947195587,0.9015561225557305,0.46941247887583426,1.0193955968186614,0.3239738333585513,0.6621560805221371,0.7489850943724099,0.7447000554299429,0.6847271039564435,0.3230717142369223,0.8752819434661934,1.1506134397982475,1.6173882800606816,0.16305818716900058,3.5929183030805985,2.8482183336835214,0.5190572708535958,5.177266521393634,0.5218763957972132,4.921628464220018,77.9567004433074,29.47677041046459,7.60735222279192,0.3005187146879823,2.8952413170951736,9.665652056992133,2.9234325665313485,11.860716617155784,11.276386899350191,11.396161166730096,1.2006089447530799,11.276499774470004,11.414470337079244,11.648858276422247,0.22147044868796162,0.09337730863689031,0.09336941512146132,0.11107352708017282,1.7991655734298353,0.3102165113766558,0.7511276568600762,0.6489625534174621,0.5868290585873629,0.2458276864801595,1.0248082685320024,0.1859494787000244,0.16993684815994833,2.796346365894667,0.2679521778332095,2.8476544742816516,2.8403248182545386,2.9235454416511613,2.7860848818698547,2.7731168038897756,1.0737483222902922,6.922755673709193,0.7725530236381424,0.7414298601714028,28.253495935174218,1.2651105372283067,5.21628311425649,2.7469554138871857,2.433017529395985,0.87629678715012,2.7318447734194398,0.7674785471199114,2.7626297416910695,5.60723951285521,7.523455036939346,5.895466819560146,1.0117275735307072,1.0774695878637552,1.0137573469314265,0.9728235976890663,0.08728010567341185,1.052886814914096,0.11096075950144214,1.038452822935167,0.13302773788376437
2025-01-15,11.227124733355788,0.7433479183167471,0.10328954540546915,0.555630421898134,2.6012439070372144,5.620747890967077,0.5519254501786472,5.615695547787205,0.6900258426702665,5.594139317544313,0.7891546077863181,0.2989783222270866,0.85326147973504,1.2572134653298934,0.12531941140743302,0.9351072293199433,0.5468193577558381,16.17817435987847,0.22339844952612545,0.8970472833263603,0.4701537931756405,1.0243628366876563,0.32322893135205283,0.6611653686948292,0.7460424042690266,0.7439093088158805,0.6804277696927497,0.322330740815905,0.8757808278864236,1.1457640032341576,1.581789596830004,0.1608846965724268,3.631413632053792,2.831593204377088,0.5214999524299928,5.187268426847389,0.5222858477350811,4.94824284533934,77.80397440215562,29.347704052992032,7.637476361639722,0.29976423894621596,2.873470331665053,9.671269595937536,2.894801800133498,11.810709087217218,11.227124733355788,11.348215824588456,1.195576488871332,11.227012352468565,11.366394118346175,11.599734528934407,0.22083754436167,0.09311889309239091,0.09318513742825714,0.1111485305774141,1.7912877854693816,0.3091950254353581,0.7492982807204394,0.6496014439244591,0.5904344914403042,0.24508813207259522,1.0363758567261003,0.18569665336844443,0.16941731393946213,2.7835409529109834,0.26677892814919757,2.837767985930571,2.835185795209351,2.9143368875296467,2.782306133650149,2.776467980821352,1.0690468308151244,6.9029973682040815,0.7692825490408265,0.7407657275955271,28.15774121214354,1.2645110278816434,5.224430182304824,2.731110300963691,2.4299989046974995,0.8713371574082359,2.717300985509115,0.7670371583566209,2.7544627409665505,5.57146064892781,7.5606825269538716,5.898843304642767,1.0191983695890523,1.0727518025346112,1.0149320930265961,0.9803525282903809,0.08701021668350736,1.0672504497428288,0.11058718290636271,1.0372740472622481,0.13302682799710508
2025-01-16,11.213276519398967,0.7536443046027433,0.10461986907048726,0.559206088045355,2.6150010684916563,5.662816884566326,0.5564027689155053,5.66405018072648,0.7067268647054674,5.656537477091626,0.7882933735339517,0.3006279374965506,0.8559094172578458,1.258802446021871,0.12562009191587917,0.9480825639353869,0.5520385807205888,16.162031352934374,0.22755886145465762,0.9060327769876408,0.47218658967412724,1.0472078873026287,0.3272034122580823,0.6627046251863769,0.7503924441460563,0.7466920423625322,0.6972987279145539,0.32709127692637296,0.8812727482229584,1.1445413552263066,1.5932944195771541,0.1605741163357728,3.7122672971360586,2.842229213060138,0.5159228338364342,5.171002398480425,0.5188383096856208,4.912424269319248,77.3816988376738,29.3115048217089,7.729535852480587,0.300179417557341,2.886633692260386,9.90894811253399,2.956492528168977,11.798095703124998,11.21316427712912,11.336084619501989,1.194326106035327,11.21316427712912,11.354303456229674,11.587330727706604,0.2198923593894546,0.09458735000394763,0.0946400491184492,0.11224490052569898,1.7890783028903094,0.3107198820864841,0.7653061224489796,0.6545189384602462,0.5916124503423772,0.24624354209994007,1.041040550996755,0.18759811103651408,0.17077819625741564,2.7978245627588687,0.26644986690120004,2.848732933973512,2.8429019822751385,2.9235254678257805,2.791545155284169,2.7990580300200434,1.0677282038652514,7.0667192416758935,0.7889661427489522,0.7438887232326824,28.2574568288854,1.2644090842815705,5.201053897423924,2.752971456681273,2.4202735628828282,0.8757568790549572,2.727629513343799,0.769230752120667,2.763960590863019,5.611123501866835,7.6456607631247895,5.860170277546114,1.0367795367175672,1.0714286056487756,1.03319129165338,0.9974209121803339,0.0873514236583654,1.068849514407089,0.11112356859623355,1.0400313971742543,0.1348093716813246
2025-01-17,11.19946242580356,0.7579796203961897,0.10572292060010416,0.5626610110702968,2.6037518021400596,5.56971673562794,0.5479896999123729,5.581363930468837,0.7043274776814619,5.563781034213482,0.7924739851744929,0.2992496283274106,0.847127331052172,1.2626273699604607,0.12572404184511252,0.9614738321662122,0.5431112109353126,16.16631190765343,0.2275629905506723,0.9071564564900884,0.47340465694756023,1.0321424981757126,0.3270243113779757,0.6634561729025288,0.7513718931335045,0.7465562063177217,0.7160275630500205,0.3270243113779757,0.8819419441304317,1.143321719678549,1.597379380477237,0.16138425184692695,3.697054377327388,2.8719901718155025,0.5067756747676111,5.027438614587124,0.509575540374062,4.816440783498642,77.92305969313472,29.504086928827416,7.792922131143954,0.30014558446702366,2.875910052020628,9.991712097038091,2.9512822154067853,11.785547574966401,11.19946242580356,11.32398672207484,1.1934146887511898,11.19946242580356,11.342225495051236,11.574950652368685,0.219845438019561,0.0955885315624967,0.09564340868913682,0.11199462425803561,1.786874264215005,0.31212902720610813,0.7858662579118076,0.6559525108615099,0.5889797306819116,0.24605218180484367,1.0537573786302006,0.1874789984445981,0.17034382392369773,2.8075932628671323,0.2661216164212008,2.8351438447360775,2.8259603744098407,2.909284231310022,2.774218912687503,2.7251652125776085,1.0664128258562338,7.016463209765931,0.7857543248080342,0.7459961990183845,28.120841215246667,1.2648673137126918,5.086347896316601,2.695150564413533,2.435771144508501,0.8695262559037791,2.7305409066927284,0.7727629073804457,2.7485720480338816,5.522790960721385,7.723373223397776,5.883189579556431,1.0271026888170305,1.0701086689635773,1.0232949126059137,0.9816328987107056,0.0876917899395907,1.0615970535953336,0.11109866811842249,1.027886647769032,0.1353880661921587
2025-01-20,11.193082496467147,0.755876413468736,0.10723080281739483,0.5688381429910927,2.5886299947990996,5.6616297017975565,0.5569733414095949,5.667450039985064,0.7179337111473724,5.655585281102215,0.7895679529385196,0.3007611466222677,0.8569509464807896,1.2596821235228044,0.12575330578402863,0.9730244045799841,0.5518547128131253,16.16767454606349,0.22699461971750082,0.9055294551810936,0.4755954815019343,1.0296619416137176,0.32628161650470416,0.6621893871436323,0.752518506345798,0.7453547832761431,0.7302899314755691,0.3261696819974081,0.8828139449222685,1.143277409307797,1.5993955606631791,0.16185359344243308,3.808260700540946,2.8438550181801965,0.5085068312645599,5.073539165140719,0.5108573918698056,4.8293039199354295,77.91190846590273,29.52205059323931,7.796843601121767,0.30008953957849094,2.885381674270169,9.981083747175466,2.9198565631471065,11.784902162297822,11.193194537721066,11.323348899962573,1.1929706943256624,11.193082496467147,11.341580198145778,11.574211317019252,0.23125139744137127,0.09656033581045614,0.0963734011269,0.11271546557895924,1.7858742226523148,0.31184240665269264,0.8015446676779893,0.6612939537839119,0.5914484010811271,0.2473696035535004,1.0603313561331273,0.18871726673776093,0.17147973690199483,2.804119143412368,0.26597267887003606,2.8509066145986366,2.845310017329776,2.92466989640611,2.7927020371614057,2.795947988427723,1.0658159975453674,7.1414821975738745,0.8002014535904357,0.7447951747876354,28.25162301320797,1.2640474625607319,5.098500111931945,2.755876502281925,2.4278038269138613,0.8751959082315451,2.722744571300649,0.7719946409301894,2.763711704299411,5.6064473347079975,7.726550011499258,5.86456237342071,1.0222744776254162,1.0695097722381666,1.0207074372219191,0.9819789943690798,0.08753078320641791,1.0658159975453674,0.11137228351539216,1.0379449670576852,0.13682785145196175
2025-01-21,11.14951499609767,0.7357564707745516,0.10458245193935688,0.5456572485974912,2.5366094229625133,5.561601152014926,0.5458802440012561,5.579774915899557,0.7027494507312296,5.547775522045553,0.7910580549475102,0.29568514280035313,0.8394469942638795,1.2299029719990384,0.12124652035300955,0.9567398545946455,0.5410246605032569,16.116177510731408,0.22029657669058877,0.90645560320836,0.45967442306976203,1.027093352063575,0.3197680934906431,0.6588248428206923,0.753261205915863,0.7464599949631195,0.7078682223960221,0.3202140630321607,0.8812342828858429,1.1390121209872635,1.5823391478308095,0.16021852921796279,3.787044304405278,2.8096777790166128,0.5022856420677951,4.985617166485778,0.5022856420677951,4.753930258477116,77.4941486822667,29.0163895692803,7.562715885750571,0.29891849109089513,2.8407848509993623,9.632846144532557,2.8917380460649182,11.740899317266418,11.14951499609767,11.28110839898191,1.1884267626033072,11.149403392065727,11.299203903941702,11.530974855230516,0.21853049817671677,0.09527483942357443,0.09543985304511873,0.11015720943740571,1.7789051516530028,0.30806108998513326,0.7776786709778125,0.644553477235935,0.5641654417897324,0.24250195116512432,1.0130449393505583,0.1844129882431413,0.16780020281787114,2.7624037741870437,0.26493476563997126,2.8013156427695396,2.793064940426312,2.8755714534742935,2.7432265947835077,2.740885291906062,1.0616568315386679,6.981157482979569,0.7812465123740018,0.7437841351819897,27.84925910166267,1.2381536743422656,5.021072542511881,2.704203292297166,2.4036124632741074,0.8582897018277801,2.7168022986837475,0.7705429881854339,2.717694280298807,5.518006507549441,7.50786046251324,5.811349879620081,1.0190656876561368,1.065336191902752,1.0169472525863827,0.9790388845868409,0.0875236916560661,1.034786459567329,0.10915375138647594,1.0275393428711046,0.134839999900373
2025-01-22,11.102475852115022,0.7262129861453245,0.10280892893174017,0.5315865556579908,2.522626817325674,5.557788346151778,0.5455756565965187,5.562673462632363,0.692733437686487,5.538580940952176,0.7934939627034876,0.29532586190151805,0.8354613078716554,1.2179415670949505,0.11949039424075872,0.9356056027874587,0.5404440904280395,16.056844567940214,0.21534139710048653,0.9098478621987587,0.4512889782014163,1.0317530843252558,0.31575441916351304,0.6568224697170214,0.7574109161841138,0.7507494476138785,0.6803763935829859,0.3175308136057481,0.8837848441826063,1.1343943181995602,1.583213124275737,0.15876540680287404,3.694459972972411,2.7892749608919627,0.5060508696686432,5.067947165767771,0.5100477253992338,4.807927032230141,78.72543360372488,28.857221293160876,7.463639391584324,0.2997668480071056,2.8313534392412674,9.785500220748446,2.896302821329938,11.693387239612248,11.102364718933886,11.235451446834753,1.1837460058463645,11.102475852115022,11.253386580402744,11.484244079691491,0.2186077554575066,0.09418452396183177,0.09414899014362528,0.10836016685779767,1.7714000560870193,0.30565116783219176,0.7469745617774718,0.6319529051731466,0.5545686772836622,0.24092373446141285,0.9619185010508321,0.1803042052971929,0.1662040664708428,2.7489730887478143,0.26381702154156794,2.8005995336960146,2.795159259540757,2.8738759420841085,2.7467524580491216,2.7418675109788744,1.0571777641912194,6.80071031450365,0.7694016104336385,0.7481958408976179,27.79016385693072,1.2281559092548244,5.089374862845392,2.722327045056536,2.388808744999549,0.8603308300629459,2.715332600468733,0.7741756784382546,2.7188853046480346,5.5058288404808415,7.373709608238731,5.814810594364106,1.0262018463991982,1.0608416015516577,1.0199844870276678,0.9837903920323257,0.08804263160140584,1.0276451377661124,0.10902630947956278,1.0236482396829376,0.13314755680003337
2025-01-23,11.100122208520645,0.7330447432070967,0.10323010534726233,0.5382395568705383,2.5497358611982635,5.543123597322816,0.5434565332941798,5.544788531238726,0.6919147357227191,5.518925654423701,0.7936507936507936,0.2962593021873417,0.8448218515967539,1.2365412534785092,0.12112665234613476,0.9380619617741199,0.5388233846638387,16.072039668231074,0.21708070643007166,0.9057608888236329,0.4603207766354739,1.0233100504096597,0.318792311170546,0.6576756576756576,0.7544677680175726,0.748473751861203,0.6883560876785975,0.3190143164737281,0.8821356798041368,1.1343412413053526,1.610944665143884,0.1621711583602758,3.706515855563707,2.8058607923109875,0.5160395346705161,5.145521118421509,0.5189255189255189,4.883227801928974,78.39160622363747,28.850814983627483,7.5369075369075365,0.29914530761393554,2.8485959027951213,9.742812526015651,2.9338439067442974,11.692796678148241,11.099899991501553,11.234877183363512,1.1835941531070926,11.099899991501553,11.252829337546133,11.483607809291403,0.21933622187681026,0.09466644026275374,0.09468309171907194,0.10989010565579169,1.7710068048813166,0.3099123107591735,0.7554667283671189,0.6441336305838259,0.5697635900882971,0.24231324146637867,0.9718060056805173,0.18215118045745488,0.16738816654130373,2.7954267547773406,0.2637584541042183,2.8054168663909875,2.7989788396282536,2.880563988962426,2.7511378188868423,2.733377733377733,1.056943070492875,6.892440919540529,0.7705627502380432,0.7468087332589285,27.92640573402292,1.23920523243033,5.195360059862013,2.6915306441063276,2.4154734222483243,0.8591408760781319,2.7140636530895317,0.7711177846675893,2.7241647038399965,5.492618343570491,7.461205379906551,5.8491509846490315,1.0155399918278336,1.0606060944806062,1.013320023482377,0.9751359581987024,0.08780108610736052,1.0502830807701413,0.10933511356942753,1.0212010212010212,0.13349095675984712
2025-01-24,11.076650420912715,0.7216437918240907,0.10168365424430417,0.5275808713792117,2.505058623226438,5.495901788078582,0.5365529311775474,5.503766115228317,0.6809714202813253,5.472751291230235,0.7957465256744641,0.2944173673427786,0.8376163352523486,1.2261851677917832,0.11912051375376,0.9270049007687887,0.5352470269496852,16.038104164214804,0.2133584307736932,0.9099468489796069,0.4535788712271241,1.0273593265396543,0.3121400122416458,0.6572884376671233,0.7568675435429185,0.7506645618416748,0.6754585742739169,0.3119184741627394,0.885328952855223,1.132148908311728,1.5732166457609313,0.15872839968659785,3.7965219317678334,2.7850021342022733,0.5168365069496246,5.148426980427213,0.5198272076337592,4.928333990648884,78.94273588073217,28.910944595979174,7.402968839781444,0.29818343017605164,2.8163490751754092,9.65573738040679,3.1727957736088417,11.670195005296023,11.076650420912715,11.213181089604909,1.1817678604497812,11.076539546238093,11.231098842663103,11.461374724814466,0.2183207696552133,0.09361541952556564,0.09348692490455583,0.1083296381587416,1.7672796084598783,0.30505096273291255,0.7419140823763136,0.6332520842816273,0.5620292609489012,0.2432432331022669,0.9471644011545245,0.1780017688837419,0.1652636251250991,2.7433539894654997,0.26320335766780045,2.79275592470993,2.7834514099039964,2.8598803992180577,2.731391186728961,2.7100133325444102,1.0547186666006105,6.80239250240571,0.7590828398238466,0.7476739034116083,27.705139241284062,1.2326096453178652,5.192179884802836,2.673017360702467,2.395990225505026,0.8558927408403456,2.7058041512992563,0.7729286528499876,2.707133295264559,5.451152025728982,7.306601845906485,5.798515620673183,1.0208241433552212,1.0583739815214646,1.018054980749993,0.9821665725403779,0.08805936873355269,1.0424235778727466,0.10844040719819481,1.0171688284343674,0.13148759285010328
2025-01-27,11.03763807688328,0.6986754882677765,0.09845474697896188,0.5068432468978512,2.473593873956609,5.453863080763659,0.5349889759459506,5.462803451167564,0.6719878493555335,5.413134576995378,0.7913906947929602,0.2897350993377484,0.8218542945306033,1.200993350536355,0.11621743637994426,0.9022074819400611,0.5300209853822823,15.980352608047049,0.20641941634761315,0.9006622348136987,0.4368190049598812,1.0098233759797963,0.30485652140434216,0.6544150211426859,0.7520971235060534,0.7471302697726959,0.6487450168095941,0.3050772559563845,0.881349929910622,1.1287417211806274,1.530242818870292,0.1540838856307613,3.906401914213404,2.7438189441268284,0.499006612411398,4.9642385183843825,0.500883013996857,4.744922898989377,78.26710816777043,28.499006730304913,7.171302104891005,0.2974613770743869,2.7758278752004863,9.655408711886038,2.7845474478951093,11.634974195467716,11.037417110754692,11.179391890435292,1.1778145594312657,11.037417110754692,11.197265220793668,11.426697451020972,0.21589403384042366,0.09053090287096979,0.09061810196630213,0.10496688994350813,1.76103756127768,0.29988962556615834,0.7118101309466837,0.6139072729788606,0.539735116179679,0.23410595015974237,0.9328917951773334,0.170529799219262,0.16070640639753533,2.7072847547383763,0.2622737210844263,2.7514348651136524,2.7422736970004657,2.822185457410665,2.6920529127647286,2.686534148967819,1.0509933909569882,6.715673316130312,0.7469094720634141,0.7443708878742412,27.322405210920255,1.2135761252565365,5.0097130781767385,2.650551869642919,2.3389625128268143,0.8439293497182413,2.708830001864739,0.7697571508142332,2.6686534081600097,5.396357656314674,7.103862972975304,5.688741991325194,1.0079470164991635,1.054635795273265,1.0030904774107945,0.9667770015219717,0.08752759192426737,1.0045254098921685,0.10651213706987057,1.0034216739747173,0.12797240916203717
2025-01-28,11.052166224580017,0.6998231619675532,0.09736958907622346,0.4992263281271586,2.5099601711876933,5.541887629042675,0.5442086834490141,5.557139672398251,0.6843777697872631,5.531056722005208,0.7912245395434419,0.29177718411284564,0.8281388185806342,1.2119805886616861,0.11682028690341507,0.8921308711395128,0.5395689862265616,16.02199429647781,0.20501988846891017,0.9001989052635078,0.42986515662398195,1.0095048224788972,0.3048187436307035,0.6561670969483285,0.7524314968065283,0.7469054136942384,0.6444595431353959,0.3045976952469317,0.8821982393003374,1.130432159261931,1.498563177916563,0.15141467516871282,3.878205060748059,2.7639257496800913,0.497236976994549,4.933908194382564,0.49889477663183507,4.760831230831399,78.30183465959328,28.53680382145916,7.200596924907438,0.298850584831204,2.79995575086086,9.757515311135748,2.844385337660947,11.652376291290201,11.052166224580017,11.19614929145253,1.1795977382508134,11.052166224580017,11.214039580786153,11.4437626063771,0.21606984125840567,0.09029177202786311,0.090406723089918,0.10400088248687123,1.7633731548602765,0.29829796387177454,0.7066754932218057,0.610632183908046,0.5299513789007455,0.23209549071618035,0.9541335304051136,0.16755083827820633,0.16025641025641024,2.710101754132042,0.262621564215838,2.7613837986683865,2.758952308607565,2.8440537861656234,2.7114279601133364,2.690097191605707,1.0523872813959232,6.832449294949505,0.7675729105685476,0.7442528330889768,27.481100687824657,1.219164429250594,4.987621560337057,2.6895447182086163,2.326812541769417,0.851569441332425,2.7160698496905393,0.7691202070942819,2.680592321906861,5.498452696728559,7.128868474041225,5.646551656680861,1.002431442840873,1.0560345164871552,0.997126450273023,0.9626436612966522,0.08764367626368946,1.0012156978104623,0.10720601027039275,1.0159150991262744,0.12779619501925063
2025-01-29,11.077877478675086,0.7135261289698612,0.09936856394182796,0.5181123347486837,2.552175727861987,5.584468653501302,0.5494627060387847,5.589121510793142,0.6912141434177286,5.563863963664562,0.7936191358108834,0.29511464927050446,0.8403677922936919,1.2274288584441988,0.11952476167620728,0.9104907770179047,0.5441287222317422,16.072227382522573,0.21147002700530138,0.9122631934653938,0.44278497380038706,1.0201616964427898,0.3119530281091405,0.6572504910939924,0.7587238048495573,0.7517447724642912,0.6642815862579363,0.3113991426869565,0.8904442407369905,1.1332580255381859,1.527085478049359,0.15387172198208435,3.944389028011452,2.8477900445798023,0.5098039266396773,5.09582364019054,0.5134596042330907,4.852110335659688,78.65293009859312,28.772128168446052,7.3598094064161685,0.3010967132510888,2.8245264342605862,9.780214748549492,2.85554435597288,11.681486573266312,11.077877478675086,11.2240974829418,1.182341900486691,11.077766591717902,11.241754878593387,11.472268578379445,0.21756950691977886,0.09217791030662353,0.0921679372418768,0.10701229475365137,1.7674753855296093,0.3016505986732727,0.7291458922656943,0.6313282561035427,0.5491303832372241,0.2378420218605793,0.9842693970767818,0.17347955962570188,0.16362025543108089,2.742439321575205,0.26323251501328265,2.793840666314858,2.784756894680542,2.8733799145099423,2.7357926965089976,2.7588345329138453,1.0548355070422413,6.907943027471405,0.7704664124488514,0.7505261991802371,27.76913670879722,1.2296444001329345,5.12517994789503,2.722720713185963,2.371552030918962,0.8576492541148257,2.7206158894194155,0.7752299031453816,2.714079982275396,5.534618204847264,7.310956264236804,5.712196905377618,1.011631767971909,1.0584912268944036,1.0108563199291016,0.9749640205630937,0.08840146249112094,1.0288025118708546,0.10878475345988943,1.018610800357175,0.12997119836373042
2025-01-30,11.08770373655616,0.7163765451862908,0.10167424411014464,0.5160217420504196,2.5442554623182656,5.61525670741109,0.5505045074385065,5.619026486077136,0.690434658153317,5.594190137985607,0.8017518301207867,0.2967069545280168,0.8398935580441291,1.228406707124153,0.11879920642250909,0.9300365589690428,0.5462268356050854,16.078722858947085,0.21038030042182,0.9125180513555584,0.44096242378286465,1.0362567810674428,0.31267325383013034,0.658166100569371,0.7609490769865613,0.7549617068177251,0.6804324026474708,0.31267325383013034,0.895992913073269,1.1344528155945954,1.5499500308918153,0.1560039881896465,3.9173965800930675,2.8086262064374514,0.5069298283701422,5.048896611060678,0.5078168226750255,4.803636658547234,78.93281068092361,29.199467790220645,7.373211999494123,0.30036589591515567,2.8377869214037728,9.800199632806436,2.8509813159198636,11.69383379662033,11.08770373655616,11.235991622936648,1.183723274600626,11.087592751240438,11.253668741424354,11.484365254947889,0.21831689249426342,0.09216099650358359,0.09236057127958815,0.10721809597842273,1.7690431650045217,0.30225080639629487,0.746645929015308,0.6263444026884,0.5440736189691121,0.23905088663867816,1.0016631149560997,0.1727464233696203,0.16398713784070326,2.756070599004532,0.2634660065445063,2.808848007883964,2.805410846795221,2.8852422798614383,2.7526332687308566,2.773256404448248,1.055771163329672,6.91196379474928,0.7698192738127928,0.7525224830533543,27.881471147715935,1.237055102503872,5.084488383681325,2.7315666993053727,2.380197340824319,0.8631777189724038,2.72546842841328,0.778467669192512,2.728794773371234,5.558265747787657,7.2965962644400015,5.753187768963438,1.0296041757440022,1.0594301258649275,1.0293823742974901,0.9923494844217763,0.08870162989244927,1.0247255590303284,0.10921388603470149,1.0223971513967476,0.13120080034488824
2025-01-31,11.094973818200101,0.7262842459167054,0.10396094403149986,0.5334517012210661,2.588014042921076,5.640519304147482,0.552868099756515,5.647509261795462,0.7002973667620078,5.614778625969087,0.8096083570476327,0.29956729168978147,0.8525462813479489,1.2551869217066234,0.12100631966120552,0.9596138673446082,0.5496316383063007,16.09419667468171,0.21328857838346998,0.9281038669242084,0.4486119960106452,1.053256410797468,0.3180960842815261,0.6586042450943256,0.7709974244288199,0.7664484836464517,0.7085987033080039,0.3186508300605181,0.9047997192260919,1.1354044117806399,1.5506490015182064,0.15632974761553192,3.887717673321695,2.8292466437368247,0.5059358534796526,5.076001331410185,0.5099300908074188,4.859647176300899,79.915675187923,29.934538999223346,7.510373606396664,0.3001220374687734,2.871962788233836,10.033396178393362,2.8910463477667676,11.703617506917093,11.095084877399312,11.245431945523134,1.185065988667411,11.094973818200101,11.263120154568401,11.493948573848192,0.22023743904881535,0.0933318506873806,0.09342061551419001,0.10917563688658484,1.7702208260485723,0.3102185630142312,0.7776544584255035,0.6387440330059272,0.5504271675396822,0.24165095624814723,1.0201930206173548,0.17630090251107017,0.1665372265492271,2.800843253538292,0.2636413972068016,2.8422280420252344,2.829579482739342,2.918007322756019,2.7846443551263627,2.7888605415549934,1.0564739955697673,6.986464023537183,0.7812049668490999,0.7634527633262371,28.23699101298125,1.2612892522487051,5.11239319626425,2.7488072783756796,2.4279374440369987,0.8725174679867795,2.7301676170444775,0.789415305956717,2.7605680412581135,5.593032354416017,7.384666782312702,5.8451126963743345,1.0431598429276203,1.0601353938950162,1.0403860717082705,1.0059913255180886,0.08998113454651332,1.0359481054763346,0.11039609241390366,1.0312881054947542,0.13391545963488394
2025-02-01,11.096316023080337,0.7350199496645531,0.10119840086062008,0.5279627366961239,2.637842841218219,5.64169987434289,0.553928075554209,5.631269310190579,0.6892310107383948,5.6182868100778816,0.8156902145609239,0.29993342972309706,0.8527518694420894,1.2913892282891475,0.12479694059992492,0.9300932056682669,0.5488049438991284,16.103750771540724,0.21305924460880502,0.9420772472911552,0.4468897105427355,1.0492676160518613,0.3214602675694018,0.6569019170321733,0.7709720745332178,0.7650909559281202,0.6869218744175517,0.3209054602340651,0.9070660980129792,1.1357312090281533,1.5512650138899002,0.1563470944583654,3.9248778457065923,2.8348867701679876,0.5023302314443372,5.002219127751539,0.5039946534503474,4.758656210122614,80.44829116733244,29.518419342786007,7.531402357620395,0.30104304439377055,2.876719928983577,10.084886546670411,2.9023523919062777,11.70690462846413,11.096204951557645,11.248648584656221,1.1853084741991147,11.096204951557645,11.26634349729874,11.497175857537172,0.22103861602634203,0.0922170470568322,0.09243231162567747,0.10841101262498526,1.681158418820479,0.3096981785110087,0.7538837376986933,0.6364846938565419,0.5563692786245943,0.24012427196680466,1.0533732834573433,0.1773191249693334,0.16655570604618103,2.7806257915877786,0.29472259220101277,2.833444364220102,2.835996469496834,2.908677373311279,2.781624419393933,2.7962716378162447,1.683842590846753,6.889369675068658,0.7665335311923511,0.7644252040573506,28.223257661659453,1.2932756663532823,5.040945500942319,2.7569907535937324,2.433311066202095,0.8707279318764217,2.718819399383721,0.7916111444506283,2.7587660354770027,5.59043494849749,7.472592018151145,5.8735020786087295,1.038615162828685,1.0181990825383862,1.0352863188166646,0.9998890436124229,0.0905459370551721,1.0348424560167606,0.10996449009556268,1.0267421080703159,0.13099533687207204
2025-02-03,11.165698972755694,0.726217071410533,0.09870478062291078,0.5151853437879459,2.6567664408374974,5.6480571274887295,0.5541536519441183,5.652411913648148,0.6824665061061326,5.625167580894616,0.8214604700181355,0.300357298107752,0.8549575669364026,1.2929879751201185,0.12546337412211872,0.9086645517353502,0.5489336587105973,16.20734735704416,0.2107012000345875,0.9395935855948963,0.4423012420395327,1.059513168709786,0.3202322499461342,0.6633541742676653,0.7804823752331276,0.7775792696477047,0.6562684039123998,0.31922733533483577,0.9160595953917067,1.143219109995656,1.5609647504662552,0.15710138113917171,3.921839998150681,2.8379856874603093,0.5073693459882647,5.053706848498911,0.5094908560530955,5.191938256301642,82.05281266574084,30.951317552478784,7.477221674235499,0.3027021059664087,2.8840999083627596,10.061969901898866,2.905091476951555,11.784105867400346,11.165587206725938,11.322832469590917,1.1928316417044962,11.165587206725938,11.340717078852515,11.572929406176724,0.22186244795928314,0.09118914337976003,0.09122376145928925,0.10819561836068893,1.78148730517818,0.30884323188267204,0.7200759029005084,0.6346583313151841,0.5588432250676703,0.2414024211616056,1.056833424808831,0.17563643973019571,0.1658106340047982,2.8121929500932508,0.26531932927924323,2.843345175262219,2.840330559209608,2.919495324036435,2.7842787026613616,2.7943277635868236,1.0631978698158009,6.806945119281068,0.7608307211885712,0.7752344830859288,28.28773951732777,1.3072800561752422,5.0924518375643775,2.7534614348315722,2.4201652523447965,0.874609220980959,2.7504466484039156,0.8004689866168629,2.7596024329665516,5.603394331597706,7.408664800482916,5.847364922302437,1.051697213503866,1.0668825709218157,1.0472309168772593,1.0108307143735693,0.09122376145928925,1.0404198336888766,0.10998213914101972,1.0289191773769417,0.1292987932526357
2025-02-04,11.134728980799744,0.7372230161949967,0.10076829073304602,0.5229929987830211,2.672976256080545,5.721857308571567,0.5615187652285467,5.727869757378424,0.6969580179385865,5.715844859764712,0.8260773014297544,0.303975049961703,0.8674980922181201,1.2879411888313697,0.12530230318381014,0.9291837985551964,0.5579300784756752,16.17815344546821,0.21304755045754142,0.945329044937968,0.44720408353942526,1.0629105788272202,0.3223471858694962,0.6612849280664562,0.7846565106413887,0.7803140166023237,0.6697784379653922,0.32256986207943983,0.9186360183238399,1.1402271569352573,1.589355366809532,0.15955906829647093,4.024830210674793,2.8671640129161564,0.5154214554674017,5.102104456304455,0.5146420356386051,4.873288202068081,81.90457741516813,29.959580468489033,7.575882581543675,0.3023048615803393,2.9004564105820623,10.103774445052402,2.9328581883585834,11.753257528045317,11.134506070976228,11.293126798501698,1.1897338656510532,11.134506070976228,11.311046573582423,11.542557454191487,0.22313774541284204,0.0925665323299709,0.09252867631240061,0.109453289429975,1.776528260235584,0.30820621651459507,0.7328805221559316,0.6423560697774077,0.5637456972287633,0.243291397188172,1.061017714235913,0.17726311186164062,0.16791003144088693,2.8237390725255054,0.2645807719658058,2.872397296745386,2.8661619381150136,2.9512302393159864,2.8229595677463184,2.8309765059570204,1.0602382944071165,6.980180543908668,0.7743013129442973,0.7777530171931978,28.615298312061572,1.2982963865284611,5.142634287401876,2.803919466921487,2.426344545842438,0.8860928830982595,2.7450172450651027,0.8025832516540996,2.7893329752459186,5.670972024925885,7.477675173412969,5.833760078786118,1.0532234309975572,1.063912738578753,1.049994466671393,1.0142522696569494,0.09163789714103472,1.0474334672622672,0.11145752398265044,1.045651972632328,0.13172252448175098
2025-02-05,11.04229229499089,0.7345405989737898,0.10125883476472997,0.5267226232656742,2.6488029493459964,5.698873971460564,0.5605123489568595,5.707597227062859,0.6982818087924917,5.705609675430999,0.831934588536778,0.3011263301431501,0.8541298418078742,1.272857736782977,0.12418286539219293,0.93109540299055,0.5553445209462735,16.04604687370597,0.21582485930237247,0.9529593976563362,0.44940701643064246,1.0735424163063507,0.32199646474615845,0.656139555752488,0.7952738145214929,0.7903047669481472,0.6708270669404693,0.32199646474615845,0.9278865248070167,1.1309706280172502,1.5736527661973934,0.15967314529755933,3.9757068081373883,2.836572492080527,0.5100485714080055,5.06216864703822,0.5106007252480874,4.842424898181282,82.37963565246797,29.569346828932474,7.559076720328719,0.29913869426444223,2.87919600523824,9.932089357409797,2.9115505016313423,11.657822679715105,11.042402826855124,11.201426502672605,1.1801016204348722,11.042402826855124,11.219236960259428,11.448808272398823,0.2201855182647705,0.09318794462790338,0.0930874592002626,0.10931978377352333,1.761815404723474,0.3056537136172237,0.7350927528138717,0.6414531818969511,0.5652605855422812,0.24326414185783465,1.0356669712403637,0.17822437488569387,0.16729239861451273,2.8030034931304177,0.2623895663675908,2.8498231732803183,2.845737538152364,2.9289973498233213,2.7979240821865337,2.8217755442373322,1.0514576106526405,6.95185509671592,0.7763913157971924,0.7865503904255035,28.31404723042734,1.2789310920364865,5.11947874466859,2.7778268281646836,2.407575074859727,0.8765459060668945,2.721731401585016,0.8125000202192434,2.770759697095244,5.653158262003437,7.478135718894931,5.773078594949136,1.069456696931549,1.0551016238047461,1.0625000134794955,1.0272747215028364,0.09242491039707466,1.0467093740672189,0.1108657239603912,1.0303665808148603,0.13261926047793546
2025-02-06,10.981880186312596,0.7261146798438615,0.10026356374303666,0.5165824831487738,2.6098012138716915,5.6774653001798265,0.5563364797651231,5.691192513006534,0.6893751570452131,5.650120799472875,0.8319789384606904,0.298264878623019,0.849110473257459,1.2477487672587528,0.1213046291124263,0.9108280522886696,0.5527223620130914,15.982099231876647,0.21282889778577913,0.948275845312114,0.4411322034219582,1.0596309890596258,0.3190204177142603,0.6528662504166424,0.7899187382514362,0.7844278531207531,0.6540445922208099,0.3183615173634764,0.9214550800017673,1.1249395613876667,1.57588403250604,0.15945530922209172,4.005161338184473,2.8135296750168157,0.5064792327244099,5.053920398144939,0.509663956154317,4.819898900686189,81.59455304195036,29.69470678673402,7.460795133788848,0.2971666974076695,2.8497693828245114,10.041621070156353,2.8850207715251277,11.595699746818719,10.981770261366131,11.14172982614485,1.1737315753724793,10.981770261366131,11.159491418561593,11.38775928345665,0.218097964093472,0.09197781380783875,0.09202723604701206,0.10773117087213595,1.7521414787146696,0.30375576375370206,0.7182077918501967,0.631012509163987,0.5572150414942543,0.2412694851016307,1.008126543507114,0.17702614582949042,0.1656050947035587,2.7781681938012195,0.26094881539917664,2.8229738365758155,2.8156162381774377,2.9032505503754393,2.7703712307540185,2.802987101835757,1.0456841776927643,6.905885960750466,0.766747196297213,0.781243129690846,28.11399141877608,1.252031650957945,5.097518039488043,2.768504349917808,2.380737901231417,0.8686580109172094,2.7049198062661293,0.8075993950749762,2.746760324150972,5.629255167866654,7.393476828464748,5.707226138886791,1.0535910656864294,1.0493081819872372,1.047111777664409,1.0085657405874218,0.09202723604701206,1.032945283973136,0.10981770261366132,1.0241599180345977,0.13112233231257742
2025-02-07,11.001100110011,0.7259625727587407,0.09988998815958255,0.5172717322086212,2.6324531714646073,5.660396361901815,0.5545654548670199,5.677558051215278,0.6810891011891717,5.649504708771658,0.8344334265579878,0.2976897631016764,0.8506050571487812,1.25060506386332,0.12230142901832908,0.9107810881796187,0.5512409189222145,16.011880973253575,0.21321453014747274,0.9521452480941452,0.442266222929666,1.0669966761690817,0.32013201739790675,0.653465363321,0.7929593160732088,0.7870187119419949,0.6534763583780253,0.32013201739790675,0.9234466384870909,1.1270990151383302,1.5869086908690868,0.16017602221800548,4.0899889854708125,2.819802060772483,0.5064906591367144,5.03839373195132,0.5095709537384402,4.807480748074807,82.3982398239824,29.264027476966444,7.477557997498968,0.2990099043473683,2.848954908918626,9.955885481126238,2.8939493680813393,11.617960746269938,11.001100110011,11.16321660242196,1.176457672622731,11.000989991577281,11.180979914397689,11.409642184921616,0.21870186095452807,0.09459075885768507,0.09438943810457705,0.10759075613829693,1.7552255561249483,0.3034103401947861,0.7163916693793402,0.6322332367514095,0.5631462995237512,0.2416941618630857,1.0103409938161785,0.17667766189155534,0.16567657227301097,2.7799779642270868,0.2614081312458638,2.8238724140968783,2.816501529303321,2.9015401540154016,2.7690869825507938,2.8154015200103992,1.0475247659043248,6.814081676722359,0.759075907590759,0.7840483679105215,28.08613893615924,1.2573157416449652,5.095269567239927,2.780088082660805,2.3787678297859083,0.8682068005384522,2.7048404303320956,0.8099010203144338,2.7454345165961906,5.615291448578451,7.410340765521864,5.712651587424367,1.0581958464401127,1.0511551490842443,1.0554455714126099,1.0201320501312825,0.09229923369992028,1.0387238522436226,0.1097909740620058,1.0234323298052461,0.13135313069728602
2025-02-10,11.051055473153111,0.7183114156260361,0.09824290356197099,0.5083434633661178,2.6051971843617046,5.672781711679122,0.5559730508707152,5.683500804431084,0.6772041215410759,5.654768617604501,0.8520278315186329,0.2970493884491834,0.8486020655931854,1.2483147207920506,0.12055254862550636,0.8910376533696317,0.5517781064027923,16.07978846937507,0.21020333033686173,0.9669576748812024,0.43623493526347873,1.070505058532236,0.31760415262590524,0.6576417098191315,0.8082661000071659,0.8014144838442525,0.650482944973741,0.31760415262590524,0.939230824560207,1.1327649311593047,1.5659188523399514,0.15758647617285707,4.233948556556664,2.804398323267333,0.506133265963759,5.051386961029016,0.5075699005986936,4.815449220908388,83.77168747927948,29.23859043903332,7.374405984734156,0.29892804991778704,2.855453803165405,10.066637116540848,2.8669465429968093,11.676231111949525,11.05094485578517,11.219380033360041,1.1818985186014166,11.05094485578517,11.237242714794109,11.46688909211308,0.2180351369459203,0.09251077183835059,0.09260691915616,0.10631008824797307,1.7631782854653313,0.3010277353422275,0.7122333622305469,0.6221681869495033,0.5529892907009321,0.23969499982382161,0.9858547804671528,0.17405238147861643,0.16410653532401068,2.7642833394811412,0.26259254205159716,2.8182120043370644,2.814786238411617,2.8942423902805214,2.764062273369295,2.8266106617228077,1.0522709826577867,6.78273863997403,0.7547795673749345,0.7980992509747279,28.017792884572884,1.2528456486526913,5.087523429298127,2.7891479654066575,2.3698750905983226,0.866394093555961,2.7254945837419884,0.82440046937917,2.7375400731650252,5.601723879947889,7.304342697570174,5.699303574635319,1.0656426158158447,1.0559178146950803,1.0625483647461478,1.0271852906204242,0.09382251929625555,1.0361366132857828,0.10929384841775615,1.0263012791090953,0.12951707666072285
2025-02-11,11.119648506998498,0.704103187977585,0.09651951857195352,0.4946069114003817,2.5603202854607403,5.643945263633867,0.5525408498466472,5.661848253394132,0.6667619126399525,5.618925804054195,0.8488824234169979,0.29578561527265346,0.8416546474080534,1.2248415603900689,0.11823641025064308,0.8785722465943563,0.5488079779009976,16.17691581299344,0.20476480910526978,0.9685310627612709,0.42851440741887786,1.0640498436718142,0.31024129454609445,0.6607361077387447,0.8061825864561325,0.80040034868157,0.6316001431424745,0.31024129454609445,0.9418636437824036,1.140004440845484,1.5315244715616485,0.15456465716146195,4.2022684717236665,2.7939507895789606,0.5020571725328467,5.004670380565092,0.5031691315467586,4.757144418532122,83.92305343392083,29.104304432961747,7.232069441596936,0.30134549517924747,2.835538752362949,10.456799787421465,2.840653916533606,11.75086590785889,11.119648506998498,11.291055288010465,1.1894807207906495,11.119648506998498,11.309098428552067,11.540110352757004,0.21761369615060844,0.09146447204501612,0.09140442863370185,0.103747358208674,1.7741577121289647,0.2983431549394646,0.6930946495168985,0.6070276898986755,0.5394195298736039,0.23629489603024573,0.9609696226948216,0.1701323272627028,0.1612365172912265,2.7493606138107416,0.2642277230095521,2.8008451560415044,2.794173232283964,2.875013763960511,2.7441343131246176,2.8184143969072295,1.0588235429856903,6.651506537419729,0.7436895057646833,0.7975091873757714,27.824864217307905,1.2322917791040167,5.039141703855603,2.7733793357290044,2.332814336552127,0.8610030057286309,2.7424664170222672,0.8250861442037383,2.717558093958061,5.597798328278765,7.164349805708259,5.6435003782238615,1.0560436030323932,1.0624930840849305,1.0555988024594214,1.016012484672323,0.09396196830051302,1.0156788206148184,0.1081952578920975,1.0193483617140588,0.12709885805822063
2025-02-12,11.114704793090752,0.7045681826125202,0.09569856237276032,0.49438701280689484,2.54032346584061,5.649772119135198,0.5544070364356478,5.660220073357786,0.6720851259230507,5.628431862270062,0.8390574398551688,0.2953206590510639,0.8345004093703978,1.2208513542057422,0.11755919024535413,0.8711792514551292,0.5494087103063218,16.167722411376708,0.20603090044364833,0.9647660670418785,0.42720352449297333,1.0630210002183889,0.3075469609458035,0.6607758226402073,0.7992664628443856,0.7943759166466947,0.6239013061319919,0.307658111650281,0.9372112922460699,1.1396832289636911,1.5189508020685716,0.15371790512066305,4.324441561900842,2.780593510825223,0.4976103196372532,4.979437590307881,0.5001667222407469,4.727131130298641,82.75647546578026,28.863511144339782,7.23296654440369,0.30132266989387085,2.8304990959443077,10.293430872356758,2.8455041654509836,11.747549204769646,11.114704793090752,11.287889420171307,1.1891741454236915,11.114704793090752,11.30593946354514,11.536820867372457,0.21685006367546777,0.09203289990638698,0.0919195338197585,0.10347894208754807,1.7733689346644195,0.30265643594794184,0.6846726517074702,0.6055351733048386,0.5372902095430465,0.2364121424670854,0.9345337538185472,0.1678337265918609,0.1608313912085007,2.7512504032377114,0.26411024930809185,2.7951538927146724,2.7890407099675585,2.870623419069377,2.7342447482494165,2.809603187499132,1.0583527978293112,6.716571946508211,0.7491386187160043,0.7918194716435426,27.753695676336555,1.2302990156875209,5.2503056031698065,2.7770368578805784,2.370790297340867,0.8563966105563834,2.7391352944471072,0.8189396499408222,2.7147938201622765,5.602867581837175,7.158830911302031,5.640880401974269,1.052795389804414,1.0620207074775794,1.0531288207180172,1.0146715673616467,0.09325331047374406,1.0142269645437367,0.10814715507654027,1.0195621135593376,0.12759808316368043
2025-02-13,11.057054400707651,0.7004643794131037,0.09553295381825248,0.4922600669810225,2.5199944126242193,5.602609599812376,0.5500884564352057,5.610460013955212,0.6625718745653844,5.585470963030566,0.8453117751906478,0.2936753589776911,0.8310482492493297,1.2161653899134182,0.11713180010532817,0.8709641380259444,0.5452344186640271,16.08171222590599,0.2055439997541857,0.9575408942295566,0.4214971374484724,1.0746351441995383,0.3051747056774627,0.6559044636756327,0.801415340081088,0.7946705301479658,0.6232905735857769,0.30495355952793074,0.9403969428540331,1.133946263120534,1.5367093733695165,0.15457761546037516,4.288920993459062,2.7951127077192925,0.4913754823828946,4.903029551921509,0.4931446093998352,4.7103051747014595,83.34309823847302,28.863333727816784,7.208536072992108,0.29997787661174924,2.803184478908237,10.607364187194204,2.8549315812365244,11.688403838611926,11.057054400707651,11.231088954650529,1.1832154150401424,11.056943722184597,11.249064766480194,11.478717977733856,0.21517026851473525,0.09230649982707156,0.09232640846384041,0.1029411811103129,1.764153063376358,0.2948916417104594,0.6839893919764658,0.6036046014218033,0.5342768652678486,0.23440956173086525,0.9377487567292542,0.1666298064443191,0.16043786188502693,2.742481189510138,0.26273771705273136,2.780406973837541,2.774767768114133,2.854599883101884,2.724458136847461,2.8000885171734198,1.0528527335327635,6.62815139547801,0.7371737966491079,0.7920167763535821,27.576625710934046,1.2219151054426192,4.937085468439021,2.765369373103888,2.3028527672762156,0.8543785564248829,2.7342989085154006,0.8177797333533022,2.698142462101514,5.556833232624876,7.137660651225951,5.618421106621103,1.0639097879334711,1.0565015817310683,1.0612561184977178,1.0255417956656347,0.09332153450224791,1.0042016772979236,0.10758513425736763,1.0131578643677353,0.12704555253337202
2025-02-14,11.014539153713239,0.6890626872264678,0.09307192211989355,0.47417115582179253,2.4794196095126804,5.557440219832511,0.5430113364584265,5.559643240066362,0.6462165235041889,5.519991228792922,0.844255992134364,0.2908910656174921,0.8303777881886599,1.1959467103321366,0.11453023499388935,0.8437052370759014,0.540273149366197,16.005176620239702,0.20050116475031018,0.9637625289128758,0.41080734936961755,1.0877850218771943,0.29816058701205217,0.6549179324206702,0.8032823031740915,0.7954620687377808,0.5985625975325528,0.2998127471456602,0.9402302291270118,1.1297598850465789,1.4895914251918059,0.1506773907388014,4.566582289938491,2.7478796753776744,0.4892609116526634,4.87531671861232,0.49113338641466997,4.659544096760897,83.28009692697434,28.56427026827018,7.021808676788467,0.29838088063209484,2.7878621060728226,10.440687004565824,2.825861852170875,11.645271174379062,11.014428901861438,11.18955926257538,1.17920473134259,11.014318650009637,11.207574684066595,11.436307612777425,0.21401035692450468,0.09030950188912513,0.0903183148944282,0.10023130720861026,1.7573521649053618,0.29078091880747076,0.657451246026093,0.5870690520658722,0.5175680325858222,0.23097256650902623,0.9184932194035514,0.16059037254880554,0.15838748886926882,2.707346657690911,0.2617248499862212,2.758894104279536,2.7514043732983566,2.830157640786774,2.702720617720151,2.779050529337964,1.0487939334805938,6.45643785302105,0.7206740864101309,0.7931490487524008,27.37206859149548,1.2025553508665687,4.898997673524582,2.7223262877201164,2.2684215987249936,0.8487718642867468,2.722105952083362,0.8210155404287625,2.6887322459560696,5.506443360235502,6.96563468602854,5.538495388675962,1.0873444346371088,1.05242871518623,1.0799647874408833,1.0431765512112858,0.09340235204577957,0.98986675566232,0.10639938151131302,1.009252090025531,0.12567463208957053
2025-02-17,10.98297638660077,0.6795167373079052,0.09335529928610654,0.4707303746331858,2.4591609110614874,5.559033431043211,0.5434376665813985,5.56858856687174,0.6478715086952138,5.5163098271897315,0.8348160586076933,0.2904997338049363,0.8242724113317718,1.1879187661955999,0.11398133178912043,0.8507413408508804,0.5404755677710779,15.97660674294687,0.19958703482563453,0.9538714824175848,0.40830751489244405,1.068533782707604,0.2965403624382208,0.6541460886687646,0.7919824339412582,0.7869302748586371,0.580108743130277,0.296430530160551,0.928523876979939,1.1271004674200302,1.5018122514350805,0.1513454116745875,4.566721447479064,2.743657304322831,0.48610651643638886,4.832839085988983,0.4863261809917285,4.613618971161107,82.53377479750138,28.446458526393467,6.981329208281851,0.29763866426655383,2.7764964640500582,10.504338087975357,2.8101043449791496,11.617750055772927,10.98297638660077,11.162984849069879,1.175947278361606,10.982866449581275,11.181146578759954,11.409115065983663,0.21372871042803576,0.09073805246033687,0.09071938746712616,0.10060406202539385,1.7523339159995368,0.2900604046942571,0.634486550881534,0.5874794253538363,0.5152114206195729,0.2299835314009623,0.914332784184514,0.15925315760571115,0.15606809487256423,2.7112575574997426,0.26097747534595306,2.751674830160712,2.7459638031022617,2.8238328978754805,2.697968082333711,2.7786930258099947,1.0457990249390787,6.458868941129531,0.7199341356590644,0.7840746775359521,27.320813383786383,1.197144426139484,4.863042271052135,2.728830386753072,2.2641405150629805,0.8467874626482274,2.7038989834311504,0.8118615943870985,2.670400871934634,5.512026305515514,6.918396297750206,5.555628735177272,1.0626029654036244,1.0494234272570875,1.0585392339749364,1.0198791939632241,0.09236682973544327,0.9830862398268037,0.10609555021869423,1.0013179370559617,0.12454695389992192
2025-02-18,10.974539069359086,0.6777875145032177,0.09328358208955223,0.4633450529049948,2.4425548456341053,5.528972649176566,0.5424714695475832,5.535447921953879,0.6438838901804455,5.514596029789014,0.8379060411997485,0.2897278272446255,0.8236391906470347,1.184591773939928,0.11349429782803797,0.8574407073465536,0.5381837029327312,15.964223377740204,0.19843831619115332,0.9553336594793438,0.406460724345836,1.0701273280973493,0.29587356326243036,0.6538630578473956,0.7975197340753436,0.789947359053266,0.5634372332726161,0.29499560097417254,0.932733755136813,1.1264168033482633,1.4972562848527353,0.15111940800881993,4.750548673366851,2.7377085899239155,0.4884767155567735,4.874451313236494,0.49056190477326,4.632682230935168,82.91428777813597,28.412642240314966,6.989464496080031,0.2967515464829603,2.7709614299074192,10.44534711695429,2.7885205919434877,11.610708663712686,10.974539069359086,11.156243248086314,1.1754828864173787,10.97442921679516,11.174413130092871,11.402164288421174,0.21630815500957698,0.09072761560763257,0.09075944312734495,0.0998683097176221,1.7509877420078777,0.28961807934205924,0.6164398394309186,0.5859306342147546,0.5126207098822724,0.22925811446058425,0.9142888230749973,0.15715539612405857,0.15528972364497665,2.693810433646479,0.2607769878209945,2.7487928140990245,2.7422080236741384,2.8187005743842253,2.696334530744142,2.76196222749062,1.0449956235810263,6.415056826463386,0.7151010059494005,0.7873134093916762,27.271619734793404,1.1894205141946659,4.906606632329791,2.7213564664256267,2.2453907605741397,0.844710285565223,2.7104916124620178,0.8146400719593239,2.6688981830707443,5.482660080907217,6.905070263843352,5.534789141486672,1.063871844176978,1.0486172415688961,1.0660667184992145,1.0229367766074697,0.09262510514029083,0.9824407006482265,0.10590429783286076,0.9989025092522652,0.12500000376780898
2025-02-19,11.009468129851095,0.6894197834623447,0.09479246566858138,0.47814599036855426,2.4492469795157334,5.609710434650411,0.5479467186806526,5.610150911859725,0.6545524508971732,5.582847036638673,0.846086078103282,0.2903225898847671,0.8262688875014622,1.189584972495407,0.11489045629151708,0.8688759018930454,0.5452042356745388,16.010018071190686,0.20164702677010152,0.9677419522831543,0.41179234900427825,1.0858746807598587,0.29802928211850954,0.6554001847329833,0.80700212541845,0.8007266691284113,0.5888616252572844,0.29791918381528554,0.9459352225547555,1.1302014377874963,1.4919078994477148,0.15061103495734648,4.77199165959932,2.7473301033373647,0.48332050562456136,4.836948104567771,0.4868435673313126,4.602003743256633,83.45370579826324,28.48177914785864,7.089507898727362,0.2982494787249575,2.7922492030957557,9.325552989401562,2.797423718351763,11.64967134688429,11.009578333149841,11.193709230155235,1.1791258226810646,11.009468129851095,11.211956611724856,11.440397970453045,0.21358581546328606,0.09215787605975255,0.09215016938851792,0.10183859958163602,1.7565782566526238,0.28955190176219914,0.6451612735232973,0.596719154056363,0.5240559118586491,0.23120114499614666,0.9322910966109852,0.16118023057715242,0.15710668785383322,2.7096773655971322,0.26160959077671503,2.754926739266091,2.751954274070981,2.828250739275983,2.697897204136935,2.797533921650508,1.0483320623219545,6.520092157911758,0.7296047191794166,0.7977540359404675,27.388858091696026,1.1977320369429412,4.867664922193246,2.760101254522098,2.266541837687851,0.8474072577419699,2.714081297726092,0.8263789228073737,2.6733458914920045,5.553891791864782,7.003963260047961,5.501706498081065,1.0794891891639085,1.051965243331034,1.081360797321404,1.0410657003037955,0.09380161243822165,0.9911923238940534,0.10657272162474712,1.0039634750787874,0.12694043524134307
2025-02-20,11.039854164654173,0.7017001697205897,0.0967100930545577,0.48575844557297415,2.485885333741151,5.595606161443096,0.54680943673324,5.598366152611124,0.6674939419002454,5.574409281030926,0.8474277118153066,0.29101347549515966,0.8285493823333828,1.1997129407037461,0.11615698425468164,0.8925811268946908,0.5441079841962475,16.075513304451174,0.20383749347197402,0.9704129115243862,0.41690880322093127,1.092846079308562,0.3026054299780538,0.6569882791072335,0.8066902152221707,0.8002870154975661,0.5982910041699585,0.3032678219624033,0.9472995858288253,1.1335096235016267,1.4985648652369625,0.15135791607581114,4.517001478212458,2.75689999139659,0.4854272601093302,4.839147566485599,0.4866416629615223,4.60763949383487,83.99591629119287,28.57198110872295,7.211525399681221,0.2990726446521074,2.787149555242517,9.30702174096793,2.82015894179998,11.683740697967266,11.039854164654173,11.226412991494053,1.1826010459989185,11.039964672113049,11.244728255150834,11.473806174445242,0.21318171192252575,0.09422057984180075,0.0941708957051357,0.10300286954853229,1.7614263971269355,0.29255906381099583,0.6551115053277533,0.6057628497668885,0.5325679143129477,0.2336056507773472,0.9444690113905698,0.16350188142654778,0.15908588924058412,2.7093177706128215,0.26233163093673023,2.7630823446599346,2.7571208378578502,2.8356149934148336,2.705895408517505,2.8035989947918103,1.0512254495551239,6.650916344020824,0.7438727892848087,0.7975270243295378,27.440384729831365,1.2017001377138563,4.8716050895746505,2.766835892218895,2.2867079364408536,0.8491940623641567,2.7202472278260585,0.8253477824710805,2.680724302541607,5.5482446186640955,7.1332524274984825,5.514904046642989,1.0889821085189715,1.0548686581117004,1.0852285609600112,1.0439390324419713,0.09406050406009794,0.9920512321743383,0.10708765521379043,1.0027600113828072,0.12949878055019132
2025-02-21,11.019394047004132,0.6943250503750216,0.09619834206321022,0.483305791849604,2.4173575577328683,5.537410347258092,0.5422589430795886,5.5395040380724865,0.6572980644289127,5.523636242574897,0.8407713834904442,0.28947658906626633,0.8269972788072486,1.1823691796336948,0.11456639313500774,0.8809917019090048,0.5392044109418044,16.03977945290978,0.20355483126049198,0.9625344184476153,0.41170579474162794,1.0863911442191805,0.2978512472357632,0.6552066014817923,0.7984572901870265,0.7942699926287018,0.5898181925792011,0.29763085651660426,0.9397399734202824,1.1315592616057593,1.4716253779808024,0.14831955964900245,4.574435315513085,2.7023692065362432,0.48011018947464706,4.793278129304408,0.4818732731926868,4.569697104209711,83.20716038223141,28.38347161243113,7.131790875731749,0.29895315879632617,2.773553685380079,9.20550991089876,2.809035792495265,11.66374774018595,11.019283746556473,11.207210151945592,1.1810468353187413,11.019283746556473,11.22550993780131,11.454116358901516,0.21223140748079158,0.09499944471459086,0.09476584442390883,0.10203857001522684,1.7581267553912707,0.29002754484654786,0.6478237015485107,0.5964738409709668,0.52308541290031,0.23250689125586477,0.9303581300845816,0.16176308876226755,0.1574655643179397,2.6848484175921143,0.26184021080164216,2.7533883759469697,2.732561936391615,2.8157575623063016,2.6874931062220213,2.7768595041322315,1.0492562117983815,6.56573032347624,0.7293664180871212,0.7920660854371127,27.23537308453857,1.193719028441374,4.82578515086949,2.7398347040181648,2.26809919373063,0.841763078673812,2.7150413155884126,0.819173513365186,2.6601653296100207,5.485179049909608,7.066666532153926,5.486170745092975,1.0775757676642133,1.0528925956116564,1.0760330746653324,1.0364738022985538,0.09322314091622008,0.9808264698207214,0.10622589909997525,0.9974655277472882,0.12848484680343922
2025-02-24,11.004842189563387,0.6857048681995269,0.09453064985790569,0.47573456082575466,2.419349600723819,5.498184165480219,0.5392318697039726,5.489820461665704,0.654510828847078,5.480136579578828,0.847474437506663,0.28601298306501777,0.8141301128748056,1.1777263854194608,0.11354792533934123,0.8683834451646238,0.5433036088025175,16.024871285473065,0.20226696556362497,0.9667656924630911,0.41179705259101257,1.0746120999876627,0.29536700949254857,0.6551116845966422,0.8054363644922004,0.7989435289327731,0.5899350609311809,0.2959172376983431,0.9425784044170242,1.1306206883803784,1.4648398878656494,0.14757345490714327,4.7030922759677285,2.706833952027106,0.46550015667503625,4.657752833718499,0.4678111403272059,4.439088861921563,83.88356993507207,28.077144461180808,7.04038747403571,0.29811819250124233,2.7514031503517216,9.09706200521693,2.824364409557438,11.654012568177754,11.00462187998652,11.197932115204068,1.179707240544098,11.004732034774953,11.21620571992441,11.444455173341725,0.2105205145897062,0.09281391014921084,0.09287993375573127,0.1006932939202187,1.7558050297321206,0.2877737385113929,0.6457576791589719,0.5907340189850971,0.5160118783938421,0.22889841792737478,0.9226366934949997,0.15967866434336783,0.15560691474989274,2.6613843549894423,0.261494433038946,2.7124463049140424,2.7051833093894437,2.782766535899499,2.6565422460271195,2.7626278561255946,1.0478705977847818,6.584131042070746,0.7270826421792034,0.7960822750950878,26.942555513714645,1.179707240544098,4.693738186570616,2.7184989411169456,2.2434246793259773,0.831957725037098,2.717838684061881,0.8228237772979685,2.631231496682245,5.457686832193311,6.973808979560429,5.3956199823150515,1.070870447436929,1.0515021795065236,1.0660284224340488,1.0257510628862403,0.0935402222955871,0.9560910889558486,0.10498514319195584,0.9847034594138174,0.12699460726150574
2025-02-25,10.96983336732805,0.6777095083292769,0.09346204977801308,0.4697235596185193,2.4239414980035963,5.468297391776821,0.5362000994747174,5.470601274759009,0.6444866168702993,5.45842470752403,0.8476305028857658,0.28433523558900775,0.811540186012874,1.181548914924009,0.11320206197326045,0.8584905894715936,0.5349934231874032,15.968407785332795,0.20041685451693367,0.9680781044317683,0.40697672744757674,1.0672444154840648,0.29387890429494673,0.6537955076143166,0.8053970839068156,0.798047389205792,0.5854738862329327,0.2942079826110599,0.9415500568893721,1.127206049973947,1.4517331761506211,0.14622641425741614,4.628345912985239,2.7007459077253424,0.4613865881229818,4.6109037579230545,0.4625932225641215,4.38777962082465,83.37758002756144,28.015575936197347,6.9640196013105395,0.2980473900427155,2.7312417258396127,9.118582711715666,2.9213470552719807,11.618834726116855,10.969613758604376,11.164079961571687,1.176393131458639,10.969613758604376,11.18235970966227,11.4098622956889,0.2145677870331547,0.09109806522772783,0.09115840741132843,0.10004387763886663,1.750219427948199,0.28850372133677654,0.6415094289407233,0.5851250565224648,0.51239577758307,0.2253181320264079,0.90796398248208,0.15763492634443926,0.15456340667604093,2.639534830157827,0.26066256176227537,2.7015138687194047,2.6933962130243185,2.7725976305397104,2.6471039661978253,2.7550460058850854,1.0445370910564187,6.444054436610425,0.7163229821386333,0.7953049583150504,26.808796539909228,1.183523468513037,4.633282087726936,2.7186266106960804,2.2260859222880787,0.8304080402396028,2.707327808817001,0.8229486248690918,2.6216542945717864,5.418275479111247,6.906208943881294,5.3509215505147205,1.0613207547169812,1.0481571199183612,1.0541904176625834,1.0191970564075183,0.09357173906286959,0.9503071221305175,0.10443177334097929,0.9831066558422777,0.12483545540194074
2025-02-27,10.945818845945983,0.6700963356031427,0.09205341339111328,0.45731172043888874,2.382085202245495,5.47263584704825,0.5368870319292967,5.486865135500185,0.6360814366783236,5.455779361223799,0.8318739054290718,0.2842600625367173,0.8069177016276612,1.1644045233517728,0.1117447420511062,0.8505910582801298,0.5340411658879963,15.938047018234867,0.19746060546768107,0.9511821533042788,0.3966725227502933,1.0540718372565434,0.28809106496086057,0.6531304528124487,0.7888572646105978,0.7867775531241021,0.5764601735851602,0.28852890335323517,0.9284774392791053,1.1251083814951668,1.4390324126609362,0.14514010758408313,4.833625285721493,2.675678600571828,0.45709280124270146,4.559435067786436,0.4598292285631918,4.359019157556644,82.27835152487413,27.856830122591944,6.8860550060372425,0.2969570836336099,2.718914118831922,9.084938704028021,2.899956243885795,11.597183414599524,10.945709281961472,11.14331527683238,1.1739273204903677,10.94559971797696,11.161556344107446,11.38852415068137,0.20851575347045256,0.09134960884388191,0.09095884872610223,0.09873030273384054,1.7463879493406065,0.2861208339497421,0.632224149754085,0.5767294070349057,0.5040499040834123,0.22438704028021017,0.8859457360048846,0.1555385293142182,0.15291156159182145,2.6416374380241967,0.26009193443792716,2.694176875981266,2.689251340208037,2.764448309529266,2.641528041057954,2.750985133877569,1.0422504511898327,6.353217958360127,0.7074211608298815,0.7834938904449944,26.734347101268334,1.1749123942413597,4.595118186937322,2.705560340146467,2.1938484312147684,0.8292469585839587,2.70479422734623,0.8105298057329008,2.6137258459515413,5.4267732984339085,6.799036483631034,5.303743298959816,1.0501313752343067,1.0458625552950724,1.0429071670238275,1.006676896023458,0.09227233258730058,0.9443957834861743,0.10398423817863398,0.9802976965695464,0.1246716324794522
2025-02-28,10.977058285023327,0.6535675182824078,0.09055982436882547,0.44939625276299655,2.2952337505788627,5.452469826791472,0.534796939854041,5.4672887741407115,0.6198254531877101,5.431613691813598,0.8260153677277717,0.2799121844127333,0.7996706747982557,1.1396267804042177,0.10901317114887595,0.84039514334351,0.5312843197132702,15.967618270187295,0.1959385332762868,0.9478594783108792,0.39110868351388844,1.0448957457893113,0.28068056745141845,0.6613611416026345,0.7848518111964874,0.7804610150836564,0.5636651953017804,0.2825466495183114,0.9265400523280993,1.1285016827211685,1.4173435248868003,0.1428101013049598,4.626125164011046,2.645334857224633,0.44665201566091095,4.3855103075046316,0.44160262944276985,4.220856081379494,81.81668496158069,27.48902305159166,6.7187707693725995,0.29703621806742464,2.6861691187032624,9.016465690604418,2.8362239833459113,11.632173875291576,10.976948408342482,11.176960816367659,1.1779363069000413,10.976838531661636,11.195284092858124,11.422861478200467,0.2070252536811368,0.09034028037581042,0.09034028037581042,0.09714599760120447,1.751372152050031,0.281009883440941,0.6183315239413248,0.565861682075308,0.4911086902136861,0.2211855062407275,0.8787047535868037,0.1523600451640057,0.1506037350936203,2.5996707116471427,0.26083423853182247,2.667837467465783,2.6488473936179338,2.7272227985537016,2.6023052395633233,2.752360104205972,1.0452250408419663,6.1928647959402445,0.6912184546729213,0.7771679808096358,26.33863832241356,1.1442370786363287,4.429637854499692,2.7087816056252576,2.1656420777841143,0.8164653924634245,2.7092206098638174,0.8064764129605173,2.5771679339110527,5.404939787578897,6.6691547481733675,5.327881395358809,1.035565272644244,1.0488474539161121,1.0322722383702234,0.9929747429689645,0.09165752339703323,0.9126234839697963,0.10318331085104582,0.9656421648814834,0.12184413151997506
2025-03-03,10.970927043335161,0.6583653134562062,0.09094898477074083,0.44651673903389416,2.2983620079153524,5.416127182400233,0.5306637293679074,5.426988627841299,0.6182117221516302,5.404827140937843,0.8309379908257765,0.2796489278235673,0.7897970144132697,1.144377373105801,0.10970927043335162,0.8428963448278078,0.5294569206970181,15.948765556431704,0.19177179969540678,0.9495337690812705,0.3921009509431354,1.0492594557284523,0.27953921604208803,0.65419639131229,0.7888096711561042,0.7828853605085195,0.5714755913613592,0.2788809662785951,0.9297860669226549,1.1284695623735772,1.416236931847401,0.14306088822658286,4.732638561522902,2.634338948076659,0.4447613923809911,4.412506990751851,0.44498081594394967,4.229402191614097,82.31651017382062,27.45551364080499,6.761163239680472,0.29764124147851456,2.6845858140235017,8.899725967884324,2.863411958310477,11.63137631565414,10.97081722692677,11.176302476172516,1.1773998869426683,10.97081722692677,11.194734222864097,11.422051509788123,0.20515634408052058,0.09149753321544586,0.09138782143396658,0.09665387185536696,1.7504114432447373,0.2798683513865259,0.6266593409970901,0.5650027427317608,0.4920460611532758,0.21985738799262033,0.8860120914561762,0.15106967040881703,0.1496434486376605,2.6021942121931567,0.2606911588617556,2.651673032893496,2.645090577109332,2.721338486579899,2.592320277412318,2.713987985549232,1.044651686458619,6.168842326136519,0.6879868248433643,0.7805814758736028,26.288425029141525,1.1479977991184689,4.458365385439523,2.6879867746224457,2.148107548565637,0.8137136387158015,2.7035654709356143,0.8075699463560236,2.572462926248371,5.373230817484058,6.69621486946311,5.181788341461533,1.0431157633686745,1.048272112471287,1.0392759556438134,1.002852481208002,0.09193636987867161,0.9125617148126799,0.10235874847730174,0.9644542365563288,0.12287438079281554
2025-03-04,10.911183958162846,0.6583742515285094,0.09187125015050676,0.44866338168995923,2.255890841569916,5.407637592488407,0.5291871249318058,5.415384695299713,0.6226950321311971,5.38919818251756,0.8387343452982218,0.2774686339899158,0.8135297060403027,1.1322421892314938,0.10878341807996517,0.847244970276911,0.5275504470716976,15.87266754466721,0.19127114769935086,0.9590834863707464,0.3897436030627727,1.0571740249825252,0.27637752235358487,0.6518276233329711,0.7951990971458589,0.7901800127544496,0.5858155878527985,0.277032181010894,0.9364975649869578,1.122313154504654,1.4137480340885842,0.14195308487596112,4.794108072916666,2.621494757303174,0.4368794426135007,4.366612244484792,0.4403709832007808,4.163993506631887,83.11401966550736,27.228587015821056,6.768794166410938,0.296017448562647,2.65630111236489,8.82804175510604,2.885870051657119,11.56977626969108,10.910965523561101,11.116966667945308,1.1710856719154903,10.910965523561101,11.135079424952263,11.361375008524277,0.20021822565706193,0.09099836500368674,0.09110747824844219,0.09623567588460685,1.7408620082024855,0.27790506615771404,0.6398254161445547,0.5621385756439026,0.48968904602417057,0.2185488345515058,0.8828150972406914,0.15231860379865764,0.14959083511344215,2.5797053210668985,0.2592689485024443,2.6313148244638227,2.624113475177305,2.7003819475522537,2.576759450759513,2.699836360517253,1.0389525501440602,6.243862520458265,0.6951445617509291,0.7874522440692341,26.099290780141843,1.1332242292455161,4.388979814511729,2.669176267133797,2.1216584500626534,0.8065466248657426,2.688488749552475,0.8139661590193245,2.5538461272077875,5.359520045903232,6.7068193417979405,5.129732838499045,1.0490998529828577,1.0425532247873193,1.048445131891878,1.0096017324527755,0.09263502205257135,0.9012547569462203,0.10147299717113871,0.9565739025525948,0.1254773595199127
2025-03-05,10.785159620362382,0.6673856888278175,0.09404659476950829,0.45481016144246456,2.287849380190358,5.364106830797698,0.5272864472567778,5.373597823925529,0.6357851678487861,5.353429628097363,0.8274374592396799,0.27739429803013904,0.7907679000736003,1.1383736308429444,0.1096850741619278,0.8639991437699694,0.5242666157285544,15.684966119432161,0.1927308114671419,0.9437014667817084,0.3966781576714503,1.0532787280210243,0.28084556638834496,0.6447368289397851,0.7837575298635172,0.7794434495585246,0.591134613603225,0.28095339988201623,0.9251509790692071,1.1096850667563465,1.4205134460080586,0.14225625086694674,4.778041296523639,2.6060181717300743,0.4420837109411863,4.407355413033697,0.4444564180810252,4.186475554656324,81.70836928386541,27.26704002558105,6.860871598883062,0.292709225513896,2.6513158092219014,8.86982283374171,2.810612662893827,11.43798564815439,10.785051663442353,10.990293566989322,1.1578947434248443,10.785051663442353,11.008412556158664,11.23198936271503,0.20071182711768296,0.09383088664004677,0.09361518879611498,0.0976056966213855,1.7207722503425131,0.2781492764832544,0.6487273676216448,0.5692407115972484,0.49622517603034083,0.2202329602706422,0.8930112494797003,0.15455133653695055,0.1504529746469493,2.570534904420736,0.2562769535186478,2.6312554057452884,2.6253235350403936,2.701466735629196,2.577976690889742,2.683455538811408,1.026962912216384,6.3564494727910645,0.7048101647338341,0.7775021175354899,26.085849133311314,1.144197544627811,4.428278649028156,2.6549827239963903,2.14074639229038,0.807377055763067,2.6545513900217053,0.8038179333401302,2.5531707908492134,5.3262511443433525,6.794219391422091,5.140854224138367,1.0455133999288853,1.0305220346393207,1.0432485262827178,1.0061475508577151,0.09145814864361873,0.9072476568872091,0.10170405851138677,0.9559965421661825,0.12564710546300986
2025-03-06,10.657465525251785,0.664925923368309,0.09463924240052135,0.45092189463168514,2.2784738338388744,5.3252692468052265,0.5220078817247824,5.328253354012909,0.6317808673057325,5.2851966712363785,0.8146648453736145,0.2763508505294232,0.7814131908219569,1.1292763410899782,0.10870723445875666,0.8680592235771308,0.5201961139645211,15.495044489119286,0.19098369472763452,0.9293402637561781,0.3940104574304927,1.0427368255130622,0.28125332398644826,0.6383885913447608,0.7723542707098277,0.7661728593163001,0.5898966052874464,0.28157305847057384,0.9096237714389971,1.0967707946510645,1.4188426396974583,0.14302461980490191,4.650964445235899,2.6139827802670887,0.43749333088628956,4.364488852325183,0.4396248534583822,4.141425944131841,80.39273153575616,27.102206117446446,6.862837071740448,0.28977939394711305,2.648619889933507,8.776084642147035,2.7742725946775417,11.304379637709156,10.65757220505169,10.862197721485998,1.1441969584392153,10.65757220505169,10.879782325332384,11.100820268787302,0.1992966083655489,0.09485238855941888,0.0949589667207941,0.09719705729040906,1.7004156778403263,0.28040071902315233,0.6433976226354553,0.5647447690340701,0.49024832143237773,0.22018544013015146,0.8822338141244471,0.15506767761627266,0.15048491831566752,2.574123401676403,0.2532452214670044,2.623787727181139,2.6144090116017664,2.6937013748268144,2.571032777290462,2.673345372885971,1.0148140383747535,6.308323277678048,0.7027603372205717,0.7643610915560388,26.013536157478953,1.1394010834712711,4.384418785552995,2.631247995200346,2.1424917273718096,0.8043269873249826,2.6403069966232984,0.7905787094231672,2.5460939347381903,5.275391561700682,6.775231489961899,5.144410233475767,1.0361291827848569,1.018331056717018,1.0286688334548268,0.9966961168396719,0.09005648309991619,0.902589816065291,0.101673238429639,0.9514014349682022,0.12693168333594915
2025-03-07,10.605578534309046,0.6612578054313404,0.09364725764880745,0.45222186222980626,2.2727468686615095,5.285820276768314,0.5210520847185834,5.290486757215936,0.6280623737480445,5.270760536497275,0.8125994564278505,0.27510871284396665,0.782903804166128,1.126630643301873,0.10754056997903015,0.8594760941301022,0.5151129461748246,15.440025090893121,0.19068829719202807,0.9285184330444141,0.3919821729183652,1.0409375493252615,0.280835714733655,0.6353802083721721,0.7709195295514503,0.765828816252759,0.6041998220458492,0.28115388937195707,0.9092162833485373,1.0919503561827621,1.407996547956686,0.1416905255772324,4.72807294048779,2.594230571750467,0.43238944169862836,4.293456215635439,0.43398025420453185,4.097465331461614,80.35157596411337,26.969986212747905,6.799130627377969,0.288365686011853,2.639622434931047,8.797857543673441,2.789797303987366,11.254428398673639,10.605578534309046,10.814296242186671,1.1392512267360835,10.6054723749536,10.832007377091287,11.051543629527256,0.1997030429918979,0.09481386764644502,0.09481386764644502,0.09629865228238471,1.6921200875146654,0.27850249473837985,0.6605154181705045,0.5603987713711729,0.48562945079570835,0.2193233673260768,0.8668999667384614,0.15537172148192038,0.1497507676907316,2.562201679264934,0.25200974790803926,2.6116237140736027,2.6070633929814266,2.6815144377759106,2.55583842924132,2.642167832037464,1.0098632009831703,6.266836614848472,0.6981652543329587,0.7632835000604848,25.919609300429524,1.1300244251962859,4.334818230844502,2.616078037638618,2.125994344192037,0.8006151008990299,2.619365741091728,0.7895852895136514,2.5354757378748407,5.236504401315091,6.716088766206649,5.116767329038902,1.0383922331329873,1.0133630613188864,1.0359529144678734,0.9978788454543496,0.08982925301759262,0.8895958983287513,0.1010711605999702,0.943790411112202,0.12557005146450195
2025-03-10,10.580784998776585,0.6500899230421011,0.09194793757679928,0.4405882910765891,2.2397101158793546,5.2343668628402416,0.5138080771695166,5.240821051302441,0.6186647044831565,5.20198936248479,0.8062638551290041,0.273304411424252,0.7839381688486998,1.1055972686887052,0.1055972864483793,0.8491164956089302,0.51253834119891,15.400063072029415,0.18759919100874328,0.9252988778779196,0.38218176840424045,1.041582927112541,0.27542059767903404,0.632843099918432,0.7677494186709739,0.7636228776737415,0.5961273955410844,0.27584382282112174,0.9026557777864115,1.0895143500233109,1.3928684730679126,0.14019680457094486,4.612633609580005,2.5914717825515323,0.42852608189609565,4.258173764061012,0.4309596819620815,4.063062109829647,79.93228126487938,27.080731164360913,6.680668867299095,0.28780024085217915,2.6181356728537324,8.831975684823364,2.7354777143085056,11.23013422232105,10.580890911014707,10.7907101586059,1.1368109453116733,10.580890911014707,10.80859189007777,11.027933552005079,0.19818008191975797,0.09406412383158134,0.09364088859876972,0.09459316030455296,1.6881811771427129,0.27573801149023786,0.653687427566362,0.5503121185222009,0.4741297362532114,0.21701407500668538,0.848058422662987,0.15204740118039448,0.14760342619051037,2.555390905796592,0.2514231206247913,2.593059013059134,2.585546509473617,2.6637392868479526,2.5429055320183545,2.63294885554852,1.007512445462947,6.153105801469421,0.6849011041893301,0.7607660726471157,25.76446936832081,1.116813067947919,4.301661070711763,2.587874318390167,2.1043276360471115,0.7945190597597145,2.615596200912519,0.7870066368999891,2.5183577876080405,5.190879233286325,6.6112582487550915,5.072690862636064,1.0343879180640192,1.0110041588377718,1.0319542776351378,0.9956618185813256,0.08940852617992949,0.8753571405875948,0.10020103975271197,0.9431806093497876,0.12347899773879954
2025-03-11,10.53751327466412,0.6508956844864454,0.09230769471951354,0.43972602257361776,2.222954736997003,5.179346564949124,0.5084299262381454,5.187355097779735,0.6126448829256947,5.165121321683186,0.8061116965226554,0.2728134814504577,0.7710221092618051,1.104425685548933,0.10621706979669182,0.8515278984045705,0.5053740683295327,15.324025289778714,0.18746049436804366,0.9199157328952351,0.38082191137669585,1.032560567584505,0.273972602739726,0.6297154723027735,0.7632244500018522,0.759536373351472,0.5929399415991957,0.27449946509020595,0.8984194113406793,1.085142290378647,1.3955743144510668,0.14025290220881664,4.622233866137875,2.6120126963415435,0.4247629227954796,4.224657675740088,0.4250790321663634,4.056375260348063,79.6907260520943,26.631191241603002,6.688830553543203,0.28672285652763596,2.6185458377239197,8.716227427925777,2.8423602764423075,11.185669331203899,10.53730232069942,10.748366907600104,1.132349832291598,10.53740779768177,10.765858721557231,10.98451057651146,0.19683878087645712,0.0939936783592618,0.09388830186946374,0.0946259171995398,1.681243446277743,0.27323498740964997,0.6480505795574288,0.5533192657695806,0.47323498258600744,0.21517386803260216,0.8724973978056672,0.15015806111696522,0.14720758974740578,2.5410958260957255,0.2503898749235935,2.586195918606757,2.582824031721302,2.6562697769341903,2.5357218060026177,2.576080097162309,1.0033719833583048,6.131717854731955,0.682402551488203,0.7569020214020514,25.690200210748156,1.1152792027174987,4.243308771774565,2.549947370844721,2.0966280423677883,0.793256046146437,2.6068493086369697,0.7825079255661798,2.5101159822325307,5.133614253696325,6.62328754260241,5.075658510809075,1.0262381389847042,1.0068493472261097,1.0248683049128604,0.986828256331706,0.08883035095021898,0.8766069804152397,0.09968387816803975,0.9429926013042099,0.12360378864316467
2025-03-12,10.510720940029168,0.6497792694431808,0.0921799501551784,0.43682994926730095,2.228161705775699,5.183729164134762,0.509039313697454,5.1903510359322445,0.605108258301705,5.167858034767021,0.8029220032546609,0.2719150813457368,0.7688669489791771,1.1042673697560832,0.10573891548892894,0.8511667369868993,0.5045196552449023,15.290624343073365,0.18572629888894204,0.9202228615908956,0.3788101841026629,1.0446710047261765,0.27307125858982895,0.6285473958068167,0.7657136690574006,0.7601429440280031,0.5892369284558652,0.27307125858982895,0.9006727185348565,1.0826150935463528,1.3964683688285848,0.14084506641297323,4.593336238865094,2.5737859482571737,0.41065797450939895,4.0911289782039955,0.411603950466808,3.9025647313950165,79.7209365392448,26.650199705696867,6.670275229677975,0.28610468061125177,2.5999579631106955,8.671431574521757,2.8006097562227374,11.159343611224248,10.510826150935463,10.72293454567775,1.1295984992716326,10.510720940029168,10.740382876345057,10.958376666540756,0.1962371250398775,0.09323102675592897,0.09302081544534083,0.09396678137884487,1.677002344458249,0.2703384413848486,0.6459953656135449,0.5468782718025739,0.4699390275853758,0.2142106281350284,0.8562118886322541,0.14967416198358383,0.14662602280076872,2.5271178544858235,0.24975824185672718,2.578095425470852,2.5756779803632313,2.645995432974186,2.5258566066701045,2.6233970605201873,1.0008408789226733,6.039941293340735,0.6713264550334745,0.7574101067752128,25.60437250367879,1.1138322600452293,4.106264593522539,2.5613832503826597,2.0826150871310536,0.7905192251889075,2.6047930137084165,0.7811645963298741,2.503153183692289,5.141896281343612,6.598276327156033,5.01902469797798,1.038679837027793,1.0043094707983793,1.0334244239523251,0.9982131723849393,0.08913180094845835,0.8561067579171977,0.09964262709939382,0.9391423005478358,0.12297666396116394
2025-03-13,10.557326755008182,0.6488597876316793,0.09237753378378379,0.4367609684531753,2.2133150616207637,5.2067144497020825,0.5091849613834072,5.215265944197371,0.6097972795769975,5.190772945816453,0.81513934844249,0.2725929021835327,0.7791385457322404,1.135557406657451,0.10525760417048996,0.857685788257702,0.5074957738051543,15.381440600833377,0.18581081483815168,0.9316934121621622,0.38048987453048294,1.0496199131011963,0.27238174870207504,0.6318623149717176,0.7722761985417959,0.7687922265078571,0.5973395463582631,0.271959461875864,0.9088893194456358,1.0881545575889382,1.4026604794167183,0.14157516730798259,4.431059876003781,2.5691512468698865,0.4098395238051543,4.078969439944705,0.4114231547793827,3.899387733356373,80.7960304054054,26.714314641179264,6.66258463988433,0.28811234074669917,2.6025126109252104,8.703652588096825,2.8218962050773,11.21611079654178,10.557432432432433,10.777343930424871,1.1353462934494019,10.557432432432433,10.795396727484626,11.013830030286634,0.19679053409679517,0.09279983067834699,0.09248311052451262,0.0938555779489311,1.6844383768133215,0.2731207858871769,0.6556165379446907,0.5452914012444986,0.46938343628032786,0.2149493307680697,0.846389338776872,0.14970439511376457,0.14653716337036443,2.530194295419229,0.2508657002771223,2.581503423484596,2.5759079971828975,2.650548960711505,2.5296663915788806,2.605996582959149,1.005278729103707,6.110325375118771,0.6773649035273371,0.7678420962514104,25.632600526551943,1.110536343342549,4.1121199324324325,2.565139370995599,2.0763302171552502,0.791174012261468,2.612331106856063,0.7915963192243833,2.505384264765559,5.163851299801388,6.598078237997519,5.0190033139409245,1.0453969240188599,1.0087627011376459,1.0414907255688228,1.0051731322262738,0.09005489582951004,0.8480785666285334,0.09997888795427375,0.9411951174607148,0.12278294039739145
2025-03-17,10.572954009667741,0.6544724204470174,0.09304292863961582,0.43867627065412135,2.2367032543754295,5.2427572991283835,0.5137449794098953,5.254493563340063,0.6086910519647306,5.232607252024576,0.8267075749778626,0.273947978932249,0.7802918487180991,1.1134489063078215,0.10615352042559767,0.8629731734677737,0.5108902484121824,15.403996978004733,0.18798901127770679,0.9431169057754514,0.38115879929224517,1.0672446864179135,0.2736307798769994,0.6325861897975755,0.7833579650865999,0.7774370773873639,0.5987523902317111,0.27447662385782046,0.9238739400868891,1.0898710280297599,1.4224994003608884,0.1432649628963297,4.605201919629877,2.578980737671234,0.4109748248243261,4.092197172181454,0.4120321550084915,3.906851446031138,81.59600441590453,27.068829793561008,6.719602220631675,0.28832734677271804,2.6195812487506442,8.79678578980757,2.8504969983454815,11.234615630038723,10.572954009667741,10.795094100232607,1.1371326184368558,10.573059843518715,10.812962597181288,11.031930898858771,0.19771622714040446,0.09378303960202032,0.09346585063002634,0.09462888358284137,1.6869317302998288,0.27447662385782046,0.6573271111117077,0.5502220439366393,0.4729329619606294,0.21653626075530058,0.8442588123717604,0.1504546367333086,0.14759991581885148,2.543878262883439,0.2512370388057626,2.597377919878509,2.5910340194395616,2.666314153899146,2.5419750282189186,2.635229493478157,1.0067667712064192,6.0780290267663615,0.6766758299851977,0.7771198984986255,25.766546838655106,1.118206831637032,4.125079233415991,2.597589264916275,2.077183407843806,0.7963628641871878,2.6159864471235497,0.8013322152202088,2.517868464682263,5.201522430271496,6.664939681932624,5.044935439802119,1.0623810885698202,1.0102559003146312,1.0587862062766804,1.0200888491957454,0.09124550765955718,0.855889162066422,0.10065553455026086,0.9414252581468318,0.12391626418935091
2025-03-18,10.569601418818042,0.6542648929910042,0.09301342554417993,0.4385371702617778,2.289191402172818,5.241094866838204,0.5135820753893657,5.2528274095835865,0.6084980413785458,5.230948038225181,0.8299333753627144,0.2738611124343316,0.7843779630532994,1.113095841439528,0.10611986007666238,0.8626995322543286,0.510728249601778,15.399112505862885,0.18792940161341834,0.9428178516884281,0.38103793718486995,1.0669062725019158,0.2735440139601163,0.6323856022730651,0.7831095691564383,0.7771905589186859,0.5985625311078664,0.27438958973124045,0.9235809877752665,1.089525439499574,1.422048338295453,0.1432195348349526,4.6037416505506155,2.578162965531607,0.4108445083171416,4.090899572401669,0.4119015032311925,3.9056126177531447,81.57013103959676,27.060246505390552,6.717471493788645,0.2882359207035585,2.6187506025455654,8.793996406299545,2.8495931307844375,11.231053232100862,10.569601418818042,10.791671070711342,1.1367720436714703,10.56970721911003,10.809533901716586,11.028432770468898,0.1976535330614042,0.09375330182389897,0.093436213429742,0.09459887759502311,1.686396819065192,0.27438958973124045,0.6571186784583587,0.550047573359342,0.4727829990723637,0.21646759900894544,0.8439911053178427,0.15040692888950774,0.14755311318197836,2.5430716214302467,0.2511573737474794,2.596554314153994,2.590212425310155,2.6654686891003196,2.5411689902647216,2.63439388535212,1.0064475343061317,6.076101737147897,0.676461262023042,0.7768734806045873,25.758376492971145,1.1178522580724075,4.123771207023405,2.5967655921761046,2.076524751229967,0.7961103445177489,2.615156940798492,0.8010781198132052,2.5170700707076255,5.1998730731960485,6.662826288100492,5.043335735085978,1.0620442168579811,1.00993555704215,1.058450474470441,1.019765387981541,0.09121657451052656,0.8556177671307704,0.10062361756435548,0.9411267404664131,0.12387697143038588
2025-03-19,10.588627596721464,0.6829733163913596,0.0964633593464342,0.4688691103271588,2.302425890239504,5.408195679796696,0.52933080981011,5.4211139476991015,0.6353240152477764,5.382570802332334,0.835662835334025,0.2794366729102969,0.7857899098313497,1.1405124850113582,0.11054637420990365,0.894112689976771,0.5246717411802261,15.457750487660817,0.19832697524604329,0.9519271656700435,0.39983056248976284,1.0673443779305147,0.28420161110321784,0.634582807128079,0.7916137456187047,0.7862134688691232,0.6425243573186762,0.28282506442686,0.9327615029425098,1.0919102366220037,1.4668572509455409,0.14824227022448117,4.603028287326113,2.644324393557169,0.41264296082913093,4.118593725699684,0.4138077279866019,3.9369970093031954,82.40734651299768,27.328991435534466,7.020224377746453,0.28896654929613874,2.67407870908654,8.936785157077246,2.6980093503998073,11.254871179369838,10.58873358746294,10.81448546510185,1.139241807898037,10.58873358746294,10.832592432199016,11.051884691172967,0.2005506198015419,0.09731045722557498,0.09688690828600459,0.0985811141424894,1.6894324761939625,0.2795425626697403,0.7045743426040592,0.5778271886364276,0.4951291647769293,0.22299872369697568,0.89284201286345,0.15681914887353557,0.15279542889851527,2.5950868470039676,0.251609478295733,2.6475010459476587,2.6403007846623847,2.7181280411587383,2.59402790901672,2.689008862221963,1.0082592251239213,6.352286882089488,0.7092334112339432,0.7851546116675022,26.20044596767789,1.1490893333658028,4.134476826080878,2.662007559259682,2.1265353857587326,0.8103557685228386,2.62717069684828,0.8081321441637465,2.56882683294701,5.3645701491191495,6.955844696574876,5.123888118344816,1.0638500764581018,1.0117535265963344,1.058767448790444,1.0208598439444025,0.09233375971017375,0.8859593198744738,0.10302837295887683,0.9579627405834723,0.12822956010882303
2025-03-20,10.636141350410817,0.6886832588810892,0.09774515614106893,0.4722399651763338,2.3456115008566996,5.459689505681969,0.5364815850532757,5.47681336604745,0.6407147593965837,5.435439359124887,0.8370559130848989,0.2837694140095276,0.7893001391669077,1.163369466639204,0.11210380729475673,0.9032120630604692,0.5322271954427499,15.542225370100777,0.20070198722860455,0.9551159652388621,0.4028930128495558,1.0660498123477302,0.2877047355569086,0.6378430251085209,0.7981280675976106,0.7922782159516011,0.6574133309220487,0.2871729419272495,0.9366092061113992,1.096894248600489,1.4888321179274524,0.150393536942382,4.53329080217723,2.6706019606242357,0.4202297205013104,4.1903851413138495,0.4220378675300551,3.9887256861696647,82.94298877565944,27.67474984544512,7.093810061398173,0.29068283262822864,2.7167623130799963,8.997447377594195,2.7373962467260955,11.307061963628085,10.636034886194427,10.864496707814826,1.1445437205951028,10.635928421978036,10.882897489604938,11.102957077367183,0.20431822042621417,0.09848968548055559,0.09838332269729845,0.10008508665615944,1.6969793985509234,0.2847266587722152,0.7195277762803542,0.5837056059148611,0.5017017461066295,0.22686662331106205,0.9066155909781912,0.1589023567366869,0.15475430962279157,2.6340139746488447,0.25273345171505024,2.6866624771699175,2.6758136761439557,2.758136644588585,2.6392256901685647,2.7287810844351603,1.0127632548468744,6.406083682120493,0.7129334054381714,0.7886620030406181,26.701765581791108,1.1700702205512707,4.212188882996138,2.687513217142962,2.154009830594139,0.8247181548130966,2.6424165330930256,0.8146138729833081,2.6074238874333586,5.410232008378371,7.002871443783571,5.209317153576865,1.0622208332969798,1.0162731658344801,1.057328266986911,1.019357544542551,0.09285257968768697,0.8992767820863413,0.10455222211982615,0.9764943369346283,0.12944054537645125
2025-03-21,10.69393637294808,0.6993904558429997,0.09977542427233509,0.4813388762863138,2.372881053361188,5.540583633685568,0.5451823285449292,5.5511712849478,0.6557587391169309,5.517270697360242,0.8384130202746113,0.28745587809610307,0.811570948450951,1.1788044418450816,0.11378462563707362,0.9241792125863042,0.5409047356545256,15.670944440684819,0.20457704160802695,0.9560474978705903,0.40755000118010437,1.053791048182305,0.2913057402536431,0.6427119930929429,0.7969200795964753,0.7908244781118831,0.6704095671768686,0.29248209155672894,0.9387231181616604,1.1034114031138464,1.5212276761843653,0.15324564136141647,4.444765317963988,2.716287028125334,0.4228424865311447,4.22500252991408,0.4245535318462138,4.006951154330085,82.65426157630199,28.178804405945886,7.18457937215104,0.29344455709611394,2.7535024167076045,9.097529910947024,2.7775640143976914,11.374291362972542,10.694043417816276,10.929312373008234,1.1514276352149,10.69393637294808,10.947492377361044,11.168752161784166,0.20692974421419874,0.09859908316788374,0.09849214028603329,0.10159341246925462,1.7062346599482174,0.28585177566288444,0.7322211658721326,0.5952304550038724,0.509143413649359,0.23002887636490038,0.9231098245623379,0.1627633436747814,0.15709549332032188,2.6712650335379404,0.25411185039299566,2.7259116019301075,2.716287028125334,2.792107756794895,2.6683777593033997,2.7804512886322317,1.018286827298718,6.538658888629892,0.7297614999868413,0.7885787387848308,27.056036891943375,1.183723692026588,4.241685537893674,2.735643220603077,2.186076335888625,0.8349909296444732,2.6630307375944917,0.8152069656393283,2.6404662994557735,5.497165843517738,7.126617186873395,5.2775104266923325,1.0498342227456454,1.0218158812079756,1.0484440264733967,1.0071650123534999,0.09282430013020833,0.9102770050965889,0.1057640930737114,0.9905892124202541,0.1322853158545512
2025-03-24,10.751424473006933,0.7126115340210394,0.1036447730708822,0.4946779735677153,2.4056229869751067,5.695301265488926,0.5597247755433933,5.704117600552023,0.6803569377410694,5.681539645644621,0.8371142953483663,0.29265669619776896,0.8364692296716246,1.181163322334712,0.11514890912963092,0.9490377017854682,0.5549940751734734,15.78410876308663,0.20589183548575715,0.948822707235781,0.4155467318124815,1.0617137942156756,0.2983550155897215,0.6455219967264524,0.7915278222404261,0.7848618428126007,0.6958391702043126,0.29684980765887065,0.9418341949695849,1.1095580792198922,1.5324158561369408,0.1549295758242351,4.399634356037825,2.7546499457593603,0.4301687810077755,4.294484385289552,0.43274916675626274,4.074938283685894,82.31372970648317,28.33028706590689,7.317062655183246,0.2950220463827289,2.8030318401793153,9.359853752914672,2.807547628027228,11.43726512522175,10.751532093323299,10.989893376090272,1.1576174408014763,10.751424473006933,11.008386352525937,11.230834921564213,0.21019244422170247,0.10009676830036231,0.09945167186324051,0.10375228059918581,1.7154069783008044,0.2900763309562018,0.7623911801108415,0.6064939237438136,0.5177937839738964,0.2347059447769708,0.9402214487500503,0.1658961434810857,0.16030534187089676,2.71734228032646,0.2554778962503927,2.7884099140255416,2.7680893608760146,2.8480807858991977,2.7214277509642777,2.8478658733771907,1.0237608990506732,6.7794860505170815,0.7559401952327034,0.7864745890321353,27.571335470480324,1.189657042531759,4.320825770162482,2.817223941289075,2.2263198293110285,0.8502311776266497,2.675196294207276,0.8124932770113344,2.692398647123377,5.641113779978295,7.249973199916339,5.344909202051526,1.0555854242035887,1.0273089243281133,1.0526825466305705,1.0125792958302955,0.09267820541403163,0.9287173126913016,0.10751532093323297,1.0124717575416118,0.13579185156908846
2025-03-25,10.783996549121104,0.7047341580299913,0.10277148423348637,0.4851720228455386,2.390758193941753,5.702469298256699,0.5596894373544582,5.713793021195608,0.6681764163104998,5.69610710888635,0.8398576216264204,0.29354037866229366,0.8256227494725952,1.1828966078012104,0.11377116565011175,0.9429526845832659,0.5588266978844411,15.837377068758087,0.20867033733926157,0.9565404609968962,0.41238004613897117,1.0681548911005911,0.2936482210960458,0.6479025324172833,0.7961824849676985,0.7897121034932987,0.6876954648739746,0.29407959083105434,0.935619563638849,1.1130162739617455,1.530788277237595,0.15356410839122359,4.212660569917367,2.7917610792927046,0.4382616131742525,4.352528689222069,0.43944785937668496,4.1520542328660826,82.87663002635338,28.771702793055105,7.2330418494891076,0.2959128710671586,2.8139760858557774,9.42273287535048,2.830907039422247,11.473740547153024,10.783996549121104,11.024911321637752,1.1613286147029682,10.783888603843147,11.04324424741184,11.266580394694273,0.21071930244287007,0.09878140674444202,0.098350047293854,0.10287932666723851,1.7205866823224178,0.28879543499024596,0.7501347736287474,0.6019626840809255,0.5111614528834132,0.23465976737713615,0.9293648258942713,0.16445594737409683,0.15938746611637217,2.7146554052360514,0.2562493166208241,2.784535656800152,2.7809770827435836,2.854847524925354,2.724900169047571,2.8689745340765866,1.0268521645713697,6.69599895298346,0.743880118159534,0.7892807337582901,27.63787455431764,1.1902297287456274,4.391351142619197,2.823466055475237,2.224199288256228,0.8524749601181689,2.683705387796307,0.8147309721962451,2.699342149882387,5.648765206067009,7.1564757372715135,5.369459761265063,1.0611452768885894,1.0304109031786672,1.0621157970858355,1.0198425503593682,0.09285020658554131,0.9293648258942713,0.10783996549121104,1.0193033176217665,0.13490779929776595
2025-03-26,10.796804145972791,0.6996329416082683,0.10148995485349031,0.4812135574910842,2.3947148826564524,5.6648671202308485,0.5565752454875895,5.688836368106915,0.6610883129155293,5.661628210783983,0.8408550772340527,0.29226948493656035,0.8351327842163797,1.1732886867733243,0.11369034477403575,0.9324120126360566,0.5536601034257922,15.887065006882962,0.2064349043320384,0.9587562411116153,0.41384152268467594,1.0818397424772423,0.2936730810077678,0.6487799627789667,0.7986396158572999,0.790865903692507,0.688404214225148,0.2930252579318553,0.9392139695937112,1.1145541282329259,1.5117685626480342,0.1521269720642182,4.376052662044847,2.761066678120698,0.4348952578200915,4.32433587792779,0.43619090397191645,4.105052812082467,83.1310742567075,28.77348304901749,7.211077679210079,0.2966961729889476,2.797452020120013,9.285251565536601,2.8267112670977514,11.489203248572798,10.796696072493791,11.03973223925718,1.1630317557838816,10.796696072493791,11.058194352596631,11.281688989199822,0.2096739373385224,0.0983588820630236,0.09803498082170216,0.10202979712011592,1.7226301344391903,0.2897862249253713,0.7559921900568604,0.5981429661615083,0.5069099628907304,0.23364283512900494,0.9192398983982772,0.16249190445621747,0.15795724589117813,2.7156122249240005,0.2565536507260745,2.7685166640869614,2.7631180972678178,2.8384797440777843,2.708162403703894,2.8364283249306643,1.0280717039592218,6.6236231965963075,0.7354783280779749,0.7896782486466037,27.509500449585673,1.1817101808274906,4.350356215458661,2.8017706758799394,2.223925671858552,0.8473332256200993,2.6981212901801377,0.8154826039656324,2.6828979215413953,5.617253503900345,7.138199251224762,5.347549217716712,1.0748218856808227,1.0316346690969316,1.0723385844830946,1.0336860058709731,0.09274454926136785,0.9209674266007105,0.10710429795178088,1.0076657507131794,0.13366443656273932
2025-03-27,10.804970286331713,0.7075094906205683,0.10275526989607603,0.4840626605841226,2.3712102147065774,5.712371611839884,0.5612101418337005,5.749108774606632,0.6800648149833494,5.702431223831713,0.8454889249054566,0.2932468869762122,0.8282009889344021,1.1824959745154646,0.11442463698096046,0.9429497206166009,0.5576445230724102,15.877579370103998,0.20810373018781023,0.9659643600851314,0.41534304296822244,1.0829822080705953,0.29076174875647876,0.6498109064251587,0.8025931796790586,0.797406840105433,0.6834143706104808,0.29054564440462927,0.944462492297238,1.1155051092789794,1.506428937535876,0.15170178240792034,4.3742841311495475,2.783576392406132,0.43587250299932895,4.333657337355652,0.43673687918903636,4.1144247276598795,83.73851971907078,28.849270664505674,7.306861156131821,0.29821718402452435,2.8014045274302743,9.286439999704552,2.8470015152282553,11.49962224810913,10.804862131111562,11.049703127110346,1.164127475567472,10.804862131111562,11.068395514671124,11.2919497167916,0.21037276405569413,0.0985413277748145,0.09897352617409087,0.10243111336830177,1.7239330421583772,0.28935711168714756,0.7554835026358219,0.6009724357848165,0.5130199842489068,0.23414370692916203,0.9313884057076411,0.16347920166872953,0.15948136389931752,2.703295542316653,0.2567476945461807,2.7756889751316858,2.770394315467146,2.8495949323212115,2.7267423080535016,2.8625606988198946,1.0288492838541667,6.7609938462317665,0.7547271580131939,0.7967584858321938,27.64624432316991,1.1873581781701614,4.3762289466631215,2.8151270507284916,2.2340355970484707,0.8515396818864803,2.704916221911298,0.8220421591686082,2.6940032612755775,5.670772740030727,7.214802598257699,5.375040426310947,1.0784440578994463,1.0324149438331476,1.0757428153278634,1.0361966669462874,0.093571041030925,0.9267422651871032,0.10761750446404077,1.01220961972097,0.13527823293099592
2025-03-28,10.82123136277865,0.711286693614691,0.10312736427844596,0.47992639837810946,2.3507499550343747,5.724380372626069,0.5622767999618294,5.743101078921383,0.6771994571048013,5.712260525020967,0.8579157967676321,0.29304187775896606,0.8294557031260568,1.1773617904096723,0.11286657618413355,0.9422140427964963,0.5615193094865105,15.949789459423359,0.20841900474928943,0.9760848062789979,0.4145655380726222,1.1079969634200675,0.28719836506360075,0.6524185793261265,0.8082458872568581,0.8025105904351193,0.691483622182436,0.28849691426698526,0.9559571078659304,1.1181690491402954,1.5052484157939143,0.15106590237146383,4.286224394956072,2.773833855343206,0.4303646841008946,4.286008087049224,0.4303646841008946,4.077588979099597,84.50763010124716,28.583593897948006,7.272806158314509,0.3028892952182466,2.7979655617205257,9.348447296271372,2.83951946646991,11.527323777019532,10.821339681852614,11.076398737411738,1.166865077708632,10.82123136277865,11.095011785115247,11.317931118368548,0.21025863332080708,0.09847419523287228,0.09825776348561903,0.10291094285122646,1.7265447792636925,0.28849691426698526,0.7683151174115356,0.6009089793236325,0.5143382618688116,0.23525592220666772,0.9174331650178215,0.164484361100153,0.1591819071328533,2.7165890410792426,0.25713666410831104,2.775889936302044,2.7620387998394555,2.8482847251929244,2.7225408109283697,2.8650579998444434,1.030407977715649,6.746996972561141,0.7514338539271318,0.8021858808940371,27.637701547451577,1.1860188126189926,4.305161739399314,2.829996634711307,2.241748768121517,0.8506655189952556,2.7042527204467524,0.8294557031260568,2.6924574998224626,5.686181386999851,7.21090775188359,5.333405317082161,1.0985823681751585,1.0339790396251252,1.098041350727228,1.0561627364367612,0.09457850634258375,0.9231684618395601,0.10745590634320724,1.018396284063971,0.13515853014953105
2025-04-01,10.817827780181739,0.7038078489679116,0.10276936391172653,0.47165727470922864,2.343291939207611,5.645391446901368,0.5543055136138771,5.654478712754557,0.6748161084824236,5.624296550676452,0.8790567085269415,0.2890523508584432,0.8127433714130027,1.1709216558174982,0.1127217662948285,0.9345521353272224,0.5518173769097058,15.984963483492672,0.20683687623575725,0.998485537124165,0.4108610941392939,1.0968195520299484,0.2874296808180898,0.6556685483594933,0.8351362716166398,0.8299437605008992,0.686499341026316,0.28753786157189587,0.9780398492222996,1.1178061643342134,1.477282535250906,0.14885331273130503,4.257572558678264,2.736477787904232,0.41951534811009167,4.173517825540554,0.42038079414054047,3.9660319679488047,86.81955968905507,28.666052494354446,7.224686018887251,0.2993292955029635,2.770121238903275,9.22436188021453,2.780939066683457,11.523474474997295,10.81771949626109,11.073020628034064,1.1664863893450312,10.81771949626109,11.091411067313933,11.314906438466844,0.2085677270299168,0.09779316272017555,0.09746863077544175,0.10309389585646031,1.725984455341387,0.2860233722853485,0.7542189660396271,0.5950886880304328,0.5095196719398647,0.23150151036921543,0.8937689609106667,0.1629164909088782,0.1576157474559089,2.68422765991792,0.25705321430386224,2.737883993270128,2.73117699286784,2.8083081577619606,2.682388649003323,2.8200995504262902,1.0300735744342615,6.739614990973875,0.7506490630641328,0.8236694005803595,27.17189549471279,1.1818476849848552,4.204240746954105,2.78916039130534,2.2031588453278816,0.8355689946318643,2.7126784347342703,0.8469277468144455,2.655776720034617,5.600713765347793,7.120618568463327,5.314149613093629,1.0887061811948122,1.0336434774097556,1.0968195520299484,1.0463003161045341,0.09671137581548357,0.9077239686511183,0.10623106550004564,0.9978364113345903,0.13446560260899806
2025-04-02,10.814318157240185,0.7102844198678034,0.10251973118023498,0.4801557426828042,2.361638442598782,5.692981428309519,0.5587757993829925,5.700119247923313,0.6793554633375605,5.682167110152279,0.8735806075407903,0.290364446647234,0.8216719298900572,1.1956309890623311,0.11484805759229028,0.9304639441497496,0.5505569357349639,16.000648383850844,0.20860820715396716,0.992754439837329,0.41797341327867316,1.0953822960476625,0.2901481553336872,0.6584838259938189,0.829890752284736,0.8243755094293673,0.6841137484755402,0.290364446647234,0.9791283758573305,1.1176597650494333,1.4910782403245648,0.1505353095738504,4.260192521265343,2.7393749060083676,0.4208932428781801,4.202768518252541,0.4240294050445837,4.009732873140444,86.57889256312858,28.51411215715232,7.30539666158619,0.29966474623632156,2.7761435217376245,9.249162101559966,2.804909647639099,11.521683077535283,10.814209908450039,11.071158213474641,1.1663241967570142,10.814318157240185,11.089326848825971,11.313074457847815,0.20828377018364697,0.0983021536994473,0.0980858623859005,0.10295231380732855,1.7254244949903517,0.2885260117354362,0.7526765272425769,0.6041959438940713,0.5169243996654109,0.23326483935140283,0.9228938719356615,0.16405320727040063,0.15907862050553664,2.7033632067431497,0.25696981864657753,2.7538660527358534,2.7422948181145745,2.829458361073186,2.7016330412481753,2.8382179323784067,1.0297393881334824,6.8203740962018085,0.7566778546631678,0.8223207625773478,27.3786087506421,1.19909156757238,4.233264974662391,2.8029631495772276,2.2135828100076376,0.8405969866652275,2.7153671064982223,0.8470855610582317,2.6739482481543844,5.6439929102850925,7.2147726226242295,5.3407590067217745,1.08878555537121,1.0333081329269798,1.0874878074899292,1.047366697027372,0.09667999978785878,0.9268951993562524,0.10716989128811624,1.0038931743382145,0.13507083130872893
2025-04-03,10.6928999144568,0.7023096696447367,0.10243798036469264,0.4767964088172358,2.3084474079011343,5.654939858703353,0.5574208839618824,5.660500375504571,0.6870188195038495,5.632377996518125,0.861954668630791,0.28646279849794,0.8173652955667906,1.1922583404619334,0.1133447431722597,0.9330624693779991,0.5523952079492314,15.858425535229765,0.2058383233532934,0.9832121145021621,0.4059024709631379,1.0530368194710606,0.28261334800230736,0.6483105332347652,0.8162959403110632,0.8110564421954779,0.693220721033519,0.2829341219468847,0.9642857175489284,1.1053250935263264,1.501817760353317,0.15130452971054614,4.086077896522803,2.6943968747598275,0.3998075212751116,3.9894139899261187,0.40226688336061556,3.800470631177656,85.32292453318809,28.181672891660877,7.225192602727024,0.2964071782865108,2.734709153122327,9.154619489397321,2.7659325644539603,11.393927059385693,10.6928999144568,10.948246416625455,1.1534431431413819,10.692792881034805,10.966423824365778,11.187767635766415,0.2054105975670729,0.09623609923011121,0.09623609923011121,0.10211719622257126,1.7060522139837235,0.28400341601734796,0.7599443936572308,0.5985885323164706,0.5064157464751022,0.23011121105393148,0.913815216899836,0.1630667236954662,0.15739948959611644,2.6656329478842262,0.2540846784671624,2.7142856751271456,2.7055175820408572,2.785072620349424,2.661141949499439,2.8064584201783376,1.018177942907433,6.835115170050524,0.7625106667942018,0.8099871685201027,26.94610778443114,1.186163390773907,4.015932499189679,2.780581785125341,2.176005132591959,0.8284859212674679,2.6868050071905576,0.8373609661953995,2.6348375070798693,5.610671749066042,7.151518365682141,5.250427598520871,1.0431992895486928,1.0217066194584883,1.0420230640316743,0.9975406428093172,0.09538066805275819,0.897134319138996,0.10564585237853848,0.9824636147713641,0.1344097486615079
2025-04-04,10.624734381640458,0.6813641867128981,0.09912877097010257,0.456226079756789,2.231901876479577,5.620271785685826,0.549511275188091,5.619422273842567,0.6657458547323853,5.581810299102874,0.8425414688882045,0.2805992333979187,0.7946238941301247,1.1569273203320063,0.10985975512736815,0.8980025142697238,0.5463238224494826,15.873672219473809,0.20144495414866825,0.9652571023599775,0.3907777175870896,1.0007437573460076,0.2711432262830819,0.6488525254443712,0.8015299876902491,0.7967488085823367,0.6658520842429378,0.2709307267318317,0.943901363555999,1.0987038213143792,1.4484700577035134,0.14640883694189535,3.9406078904423874,2.649383771890688,0.3835528949651625,3.824479297227774,0.38663407766307306,3.6412026291444763,84.35932747921535,27.319380034297968,6.996387590310242,0.29515512841739805,2.682426702302413,9.310985715957687,2.7059072744983133,11.326498606333669,10.624734381640458,10.883552755541462,1.1466213150121687,10.624628030539471,10.90182698740637,11.121015309578198,0.2024011818642217,0.09009774269269366,0.08988525327397973,0.09859753222451328,1.6951764030148513,0.2767743225357049,0.7306629477588865,0.578516795186352,0.48470037114199704,0.22428814928125332,0.8763281274642328,0.1575648100691251,0.15257118207264392,2.609859747021339,0.2524649291356675,2.6577772407191285,2.6492775829102806,2.7322567324916,2.6053973780355197,2.8075860603484912,1.011687220789451,6.641733904772497,0.7409689530787242,0.7941988950276243,26.393432876580427,1.1677645947950421,3.8467913042774513,2.7606245917155294,2.1179345127272695,0.8123671810929947,2.6775392531538027,0.8201232728581199,2.5801104583286296,5.560773532541569,6.921057938212189,5.107947405074638,0.9927752065597774,1.015193402589862,0.9927752065597774,0.9532511816904284,0.0936039143605684,0.8643221257343933,0.10316617125103031,0.966532099667479,0.12855929007086406
2025-04-07,10.630275223071916,0.6689699192641202,0.09652386439572717,0.4428616971129171,2.148805222704419,5.458275985677222,0.5364090473527443,5.453279368920751,0.6448389480962274,5.430530520926073,0.8356543064776397,0.27171254880346957,0.766025274355201,1.1434038222450702,0.10566598894847774,0.8716912937174445,0.5417242381680946,15.788455094112098,0.1920909928226238,0.9487615605400235,0.38907195146296475,0.9725735926838476,0.2600191249545302,0.6485595654462976,0.7874986906671063,0.7848410952594312,0.637185060345583,0.25980653273155757,0.9311150881034403,1.0995003753074921,1.4066121752335363,0.1422345074353239,3.699904196799923,2.6906559010348845,0.37408311498574454,3.7675135926662,0.380992879266375,3.5298180907087144,82.39183690503083,27.330711172531096,6.8034442436483475,0.2950993965013483,2.599340961756787,8.77431725751103,2.621771073485835,11.33432519084857,10.630275223071916,10.891358018795845,1.1474434191708967,10.630275223071916,10.909322740877805,11.1289467887112,0.19942596182504346,0.08355480103661533,0.08398001589632648,0.09588604717512142,1.6960774216196217,0.27139365033108864,0.7106409957916562,0.5582013215853429,0.4683746292472735,0.2171786999593471,0.8271499687317291,0.1510577233777716,0.14648665603243535,2.5513978367900068,0.2525991190629215,2.6038057025768713,2.5715956592123885,2.6480281290902057,2.525353434236141,2.7267992959033167,1.0122249518518458,6.507494133565762,0.7187201085399337,0.7821834998517561,25.523971925826515,1.1430849237726892,3.7336026493111847,2.6849155663252766,2.143935289420445,0.7894121626047674,2.6847029132747724,0.8075901054608603,2.505580917914768,5.428298231619406,6.753056338531148,4.960773930712335,0.9647071329860742,1.015732997254787,0.9622621095255279,0.9251621003433281,0.09205910329979919,0.8389496988300768,0.09843733633338829,0.9361113804464096,0.1259700263789702
2025-04-08,10.621348911311737,0.6715878868001733,0.09792883979850035,0.4502389738677476,2.181888525624004,5.508550237735661,0.538183729887895,5.513436291614113,0.6640467387972774,5.491343704361391,0.8264471328581385,0.27573020801351733,0.7985130143937947,1.1473180737447308,0.10770048160725176,0.8931491910556625,0.5348911376564159,15.780881779407858,0.2014869815544821,0.9442379344225056,0.38204993330539694,0.9706850705220227,0.2639405244978197,0.6472649880691341,0.7869357019425451,0.7825809910268272,0.6509824844984317,0.2639405244978197,0.9255443376489477,1.0986723573171135,1.4320764931604322,0.1444503492455627,3.820923953631173,2.6164630519159915,0.3806691466021018,3.7913966166232407,0.3821561289669286,3.6111523126327665,82.09187674256505,26.9097190528744,6.915454347907262,0.295592139391461,2.6445034065590978,8.804567309687002,2.646733961140799,11.326394103906663,10.621242594098513,10.883802028013807,1.1465745825623175,10.621348911311737,10.901646464667419,11.121295234084572,0.2004248628702432,0.08486457537034693,0.0847583645148538,0.09676048493549916,1.694636251213572,0.2775358381387849,0.7139670867838886,0.5679235392533524,0.47966011521414875,0.22049920582986549,0.8463090844946975,0.15422199105431408,0.1501858772524987,2.5634626245726566,0.25238448359266086,2.612957987326988,2.6099840225973345,2.684227309832216,2.5620817973521306,2.736803116598347,1.0113648563006172,6.5993629005825145,0.7383961406592289,0.7799256537989993,25.95634667087095,1.160807232241395,3.8114711216517856,2.6971853684695297,2.1153478880733867,0.7994688968992714,2.674349371068856,0.8055230625373406,2.5375465072980283,5.451088377091078,6.8356879138592,5.027402937570532,0.9700478155183716,1.0148699208896208,0.9669676146099558,0.9287307747361258,0.09155602639999025,0.857780160767185,0.1011152464977554,0.948805117695748,0.12841210995844812
2025-04-09,10.506303742744011,0.664845542963825,0.09623870400727158,0.43780204001833695,2.158502882131635,5.422462548345897,0.5318344077735319,5.434755508477358,0.6379491618060845,5.398928294990412,0.8317923741221402,0.2712754748353038,0.7604538480081736,1.1457239236368755,0.10590460100552694,0.8779155028219557,0.529943250963532,15.618616894880095,0.19594452215308122,0.9545072333906397,0.3730825627393696,0.9664845331347922,0.2595083080787923,0.6418365218805199,0.7928136066870419,0.7868249568149657,0.6427821002855199,0.25961335453322815,0.9324437907123344,1.0872032292176255,1.4023954163431294,0.14099600836618978,3.8788611309246295,2.552111826666415,0.36782935828465224,3.6702036832555747,0.3698256016278572,3.493380962387056,82.69226625702615,26.433598982684124,6.827274714480129,0.2923933591479938,2.600231198709435,8.947887929654668,2.6384745207271747,11.207396204067292,10.506408909434754,10.769279465552112,1.1345870756857483,10.506408909434754,10.78703468099916,11.004307781555342,0.19983190226690134,0.0825803754309141,0.0825803754309141,0.09539819209609218,1.6762975735633305,0.2732716981391241,0.7047699288826926,0.5588358754644777,0.4674301500154107,0.2166421605298739,0.8210758723038338,0.15139735078180402,0.14719479122590706,2.5247950993758534,0.24965327936802922,2.568711971981131,2.5648244916703873,2.6374238157102003,2.5174406452022646,2.704034409720398,1.0004202691815836,6.398403025845766,0.7126497355647686,0.784198354587607,25.530047816472734,1.1529732912772592,3.680920425546497,2.6647405430007614,2.0978146477090283,0.7873503093234528,2.653288435450019,0.8089934860264761,2.4938012251560364,5.3762344132704145,6.751943942152368,4.955452864699615,0.9619667740974337,1.0038874033595062,0.960075617287434,0.9242488045881815,0.0920361444513746,0.8317923741221402,0.10002101762727118,0.9338095950138471,0.12418575010321725
2025-04-11,10.30598773816732,0.6606204109463165,0.09667113381882839,0.4438833319058458,2.160206094643731,5.388436842785414,0.5284963287570532,5.3946202457117,0.6354735633042575,5.381325614903251,0.8578789844766519,0.270741012653444,0.7933629120574419,1.1504688988294132,0.10635885493995897,0.8872513278150121,0.5168504743468917,15.386374743958054,0.19571266382683875,0.972379660662899,0.3756570211577806,0.9717613203702704,0.2608471551679108,0.6316603206794532,0.8085127996314767,0.8028444968141699,0.6468102475681047,0.2608471551679108,0.9508399684245127,1.0670926611926965,1.3977119974975523,0.14057508341051997,3.883025755062062,2.6029062924723667,0.36339274782575703,3.6210451005206186,0.36535093025805887,3.449139579797324,84.64805102159126,26.390600140581522,6.784705836588877,0.2875399321707747,2.5921880271303817,8.645573584281278,2.6611356431524076,11.000205870204447,10.306090899721735,10.57033922135873,1.1135731531666269,10.306090899721735,10.58785907266116,10.800680101353963,0.19746470006608377,0.08420076343701892,0.0840977001691447,0.09481603431170912,1.6443368345022964,0.2718746692854437,0.7109141848596681,0.5587962611635898,0.4715036586622694,0.216221782358408,0.8153148573673251,0.15253014728161252,0.1475832185388459,2.519736220686015,0.24489332299545524,2.56735031032002,2.56477378759509,2.63805010018245,2.5179842041040787,2.6781406302335617,0.981345988052181,6.32783665087473,0.7080284133591898,0.7997526380925599,25.497268885911573,1.1453158533795524,3.6445429751913068,2.655570580518751,2.0829640380330985,0.7844996675933426,2.614655229807711,0.8262392885596754,2.493867831882295,5.336493742069141,6.712048021552612,4.916726861014313,0.9684633744275288,0.9847470169201052,0.9668143621415413,0.9313614629143773,0.0938884845581495,0.8339688567344667,0.09976296305447574,0.9286818572642642,0.12490982052518892
2025-04-15,10.260619741432382,0.6754566163662497,0.09829673634009907,0.4562897724266687,2.2235727104689587,5.502565455539452,0.5412476913605582,5.539503436105197,0.642827842457202,5.4903552929968065,0.8475271749858516,0.2757028610633429,0.7818591929842211,1.1471373184050668,0.10896778047977716,0.8966755529411907,0.5358095754227696,15.327826550235354,0.2001846935038153,0.961933100759286,0.3840550000531067,0.9927149599835831,0.2684178108702248,0.6270264786615182,0.8025856887000116,0.7968397666951507,0.6719679649473582,0.2685204194161086,0.9434639539117812,1.0624872055382497,1.4109377642810994,0.1421095873329543,3.992099397950121,2.5857787246751074,0.36794583019035054,3.6611944112889265,0.3688692875327258,3.4918941855552923,83.9985635132362,26.85727487959804,6.9494149192216685,0.2867843296012667,2.638723716681042,8.840036812979363,2.676072209712639,10.953314280377848,10.260619741432382,10.52544693816694,1.108865172325305,10.260619741432382,10.542684077922996,10.754566126086985,0.1988508019779048,0.08659962631216192,0.08649702755156763,0.09696285459947812,1.6370819110584631,0.2745741866292001,0.7378412031819144,0.5720295505848554,0.4845064767156077,0.2197824756443048,0.8537861592907107,0.15616663520448193,0.15083110824199814,2.5559204402166595,0.24381283737173226,2.60804425072626,2.6009645546189626,2.6766878218467833,2.556228246283732,2.7462548111685243,0.9770162243043621,6.3919558995757875,0.7137286841636954,0.7947875957774745,25.918736292453318,1.1610917675160002,3.6801766204364292,2.717627594413734,2.1035295968277854,0.8004309679481887,2.6008618482201835,0.8205417732475183,2.5296531221643015,5.458752408840807,6.866509562617035,4.957418365447203,0.984403883043364,0.9804022476067906,0.9837881926269031,0.946234365080065,0.0938846667199905,0.8474245468693887,0.10127231567370287,0.9429509698940992,0.12682125648140002
2025-04-16,10.274324463166547,0.6807767608777404,0.09904449135233488,0.461933618457543,2.2170584676788216,5.587177517650969,0.5497790847789294,5.60885619176545,0.655707384103814,5.574848202876169,0.8587280574443099,0.27679030652478803,0.7813624067785658,1.15729990126013,0.10972978840209371,0.9025993884118062,0.5443337053553512,15.31521632469755,0.20127401780117016,0.9817117338103135,0.386520075330163,1.0084249617371717,0.2678516356192769,0.6297133557539026,0.8213295226693337,0.8140347617069105,0.6777971973769971,0.2678516356192769,0.9623959536519605,1.0641117815146843,1.4147744472232835,0.1427103703207927,3.9086611802710496,2.613582707107906,0.3681290643281073,3.670502414466249,0.36956746348200065,3.501284278015996,85.55429980478783,26.896641299252543,7.000822096459853,0.28727010258371166,2.650364650725143,8.809822479940987,2.6907429841614867,10.969588451097426,10.274324463166547,10.54042971760056,1.1104490067918904,10.274221619586715,10.55830694183127,10.77047199283366,0.2006575638204614,0.08692078535032337,0.08671529415784754,0.09822254617915031,1.6392684994529725,0.2756601245628897,0.7442720891955846,0.5765950778987441,0.48751670361594013,0.22295284868940154,0.8600636914052466,0.15822459281342108,0.15216274961077467,2.5714579140994234,0.24413848895765974,2.6313570877587846,2.617692374183673,2.6909483577736504,2.5688893329836318,2.795540905557286,0.9783211879246185,6.575670500006422,0.7334840171545098,0.8091030514743656,26.096372762123703,1.1683961904931996,3.6869413963168154,2.759272552744208,2.1138395714904354,0.8023219597029757,2.6045412514127197,0.8369464613631219,2.544847451365522,5.557998787348775,6.927360425710213,4.989725612827334,1.0048289638524381,0.9817117338103135,1.00277405192768,0.963731665999772,0.09544847387088284,0.8558512591365233,0.10171580826600507,0.9501695608438672,0.12822356459710602
2025-04-17,10.275380189066997,0.685881627620222,0.09977394202781519,0.4630086454304461,2.240031783687593,5.710953329504149,0.5618577918739805,5.74753365789085,0.6680024880418257,5.690711131568216,0.8701191975459904,0.2815454132606892,0.7881216291434668,1.1746814600783417,0.1109741080017968,0.9095766198424415,0.5563090771644928,15.344533046184624,0.2040690568264649,0.9890053431976984,0.39097820835450625,0.9919852128599194,0.27085902805540035,0.6314221204576599,0.8238799866951889,0.8172009738933095,0.67704479438603,0.2700369984242243,0.9668104843597476,1.0648376207708383,1.4275584944079456,0.14406083495441505,3.8779284206379407,2.6536169338265516,0.3674475783141513,3.6728319198664847,0.3710439848988036,3.502979897884396,85.39509238209001,27.525380389758016,7.044698179772594,0.28781340144761447,2.6966708019051198,8.935676069843687,2.720818008065371,10.977189157707821,10.275380189066997,10.547883472372073,1.1112823831265815,10.275277334919595,10.56607109599774,10.777743677028747,0.20221948525663566,0.08713521929959236,0.08734073160706947,0.09874640008916201,1.639436940523611,0.27836005088972354,0.7438347656149655,0.5797369314523768,0.49023837941299486,0.22472257335833745,0.8666255275163444,0.15896013426868896,0.15361693186667835,2.615906307347459,0.244163575115588,2.666564013210286,2.660398722380902,2.738799923396238,2.620838445937051,2.8555280918257746,0.9784217141461481,6.668721742704481,0.7446568148448739,0.8138100796161344,26.55589726546445,1.1817714974951754,3.6870119947001516,2.8277847534631246,2.125359600677051,0.8184340477381721,2.613440159657734,0.8414508774111019,2.589190256139941,5.665330616378315,6.984176039940724,5.055795301883445,0.9884915428302733,0.9818126084233233,0.9848951754430857,0.9469790758539804,0.09586929638004578,0.8586107435120608,0.10347307536810747,0.966707787002206,0.12936703814825207
2025-04-21,10.253152775908694,0.698861926198189,0.10140469951115302,0.4712396091917631,2.282488457327633,5.805700609748283,0.5702860548742414,5.840767193828181,0.6828667945670163,5.804470269163975,0.884548309679754,0.28422023288582476,0.8120577970700521,1.1833282442541717,0.11288834439538435,0.9268943045819635,0.5664923613247206,15.320824261605404,0.20814107697180914,1.0037937201464053,0.39690350747946945,0.9995898478803397,0.27601763638156407,0.6310878625762385,0.8397416336089296,0.8312314128455267,0.6887111470208686,0.2763252410841736,0.983799825163972,1.062647384288408,1.4371987918481013,0.1447759651959303,3.8442529752463983,2.681636507176478,0.376396996662285,3.756997984494354,0.3786527253683562,3.5811544039133794,87.39464379549882,27.983697323900337,7.1584125207067695,0.28811648089274816,2.7209063377133957,9.025120175362709,2.7370040238019713,10.955192873346663,10.253255408592228,10.52650491555483,1.1088895880844756,10.253255408592228,10.544550745203399,10.756178087030914,0.20291193392317589,0.08879319027388607,0.08879319027388607,0.10078949988420029,1.6359069317313422,0.28073412448238083,0.758433315089748,0.5928432245957573,0.5026145848227589,0.2263918786394551,0.8857787284901921,0.16159130758619744,0.15533681552886572,2.647903209268943,0.2436378461011896,2.691787129901537,2.6888135982197783,2.765303108859133,2.6430841667107234,2.9176663340366424,0.9763149925223329,6.795754926969586,0.7605864893384167,0.8293858237429349,26.82754014389803,1.187634592751509,3.7770942774819285,2.8751153866718893,2.147851899185267,0.825182029703,2.6175535044205147,0.8556341325565692,2.614375020276213,5.757715449533157,7.100379370450118,5.092586821242502,0.9936430191952156,0.9796985855814396,0.9928227399882568,0.9535527529990772,0.09740592638162617,0.8767558918920381,0.10448066831111762,0.9779554727101196,0.13185686103432018
2025-04-22,10.210435059889983,0.6958341997741363,0.10087808979416907,0.47753727238884697,2.2810077725660323,5.8247904887558715,0.5701449882845404,5.826117881882403,0.6837860038871056,5.793853504258028,0.8943230175402351,0.2836430537742037,0.8075351882570004,1.1824586232243592,0.11313048727492399,0.9167857965645022,0.5665713873643741,15.30630973642983,0.20931182356544825,1.0154175714543823,0.39830506760805806,0.9882581265624601,0.27557688146945236,0.6289564884022983,0.8521543708849567,0.8464366094126905,0.6933837417001162,0.27598530413156536,0.9986726318010389,1.058403141332544,1.4458852420905817,0.1453951375446004,3.8510313807201797,2.6882786251268316,0.3734939945992923,3.7155400642892014,0.37492343496735886,3.546252882624247,88.63691657519911,27.92372981066214,7.140085642158145,0.28752297169095475,2.7142126462350995,9.001225414435815,2.741372169025679,10.911068050671968,10.210332856851133,10.484072479005004,1.104553811570102,10.210332856851133,10.50204151816482,10.7126807348568,0.2026751111034279,0.08862569231341415,0.08862569231341415,0.10159280997820233,1.6290586384700614,0.28098836489446266,0.7627118332473166,0.594956100242635,0.5059219852671079,0.22626097454984798,0.9016744696609531,0.16234428852900015,0.15580968173250803,2.638349947891407,0.24261792046404967,2.6832753501426256,2.6886868140929714,2.7573002633547965,2.634878472111433,2.908719674114892,0.9722279070931502,6.85052075190327,0.7622013633436686,0.8424545858304112,26.734226032838983,1.1933836762652437,3.740861801948259,2.872472805516292,2.1520318998617616,0.8236675328665031,2.610169485293531,0.8701245785246389,2.608127449881624,5.770880255330113,7.084541406489305,5.073105833689631,0.9816213946257754,0.9755973356315889,0.9787625138896423,0.9429242237504707,0.09893812109846131,0.8740044769667255,0.10424749885794336,0.9753930853512036,0.13110067543994172
2025-04-23,10.254306808859722,0.7021123997200895,0.1014150978601595,0.4809270049823514,2.3452419252841565,5.818498594238682,0.57013944292577,5.822907871061705,0.6827317661100768,5.792452880258537,0.8762304855234023,0.2867104089876195,0.8112182179076247,1.20529123170147,0.11464315325241778,0.927399532828202,0.5663453603592733,15.400122500913275,0.21400739170665914,1.0008203288978783,0.407711221508749,1.0048195022946014,0.28189089182852917,0.6315627579223533,0.829573436483582,0.8243437181055008,0.6996513879915258,0.282403618904095,0.9759023602229832,1.0630639680982907,1.4683142169955523,0.148072186017056,3.8894584474258487,2.7170836876610247,0.3910992554311776,3.8826908803162175,0.3927399429559121,3.70775211825539,86.42380849761588,28.054756996962162,7.221595570139459,0.2898892581805135,2.7440525646381833,9.10356879918863,2.759228738435866,10.959598331592238,10.254204165651919,10.530967806283327,1.109515965424961,10.254306808859722,10.548912843198831,10.760459242735465,0.2058039345244485,0.0894175581114521,0.0896226391624094,0.10244052267348405,1.6360746826472294,0.2840443064288295,0.7720467690271468,0.603978686688668,0.5143560279677206,0.22908121567460923,0.9173502777324924,0.1632485651793883,0.15740361342770434,2.662838317019906,0.24366282947343135,2.7133919744827986,2.7071369975389663,2.7873257518890355,2.662633343540908,2.9042247869227147,0.9764151068570871,6.847518658031686,0.761792462218287,0.8223953747768887,27.030250104946422,1.2062140817618743,3.9138637477007925,2.8648482863290865,2.195344507156385,0.8320344482121457,2.621410986358167,0.8494667384935463,2.6299220797857172,5.763843589576177,7.148175008772239,5.185603078415005,0.9970262854484577,0.9797990468802074,0.996718590527504,0.9591878682888366,0.09700574280298373,0.8983798257829324,0.10531173562103847,0.9836956553032792,0.13269072580376642
2025-04-24,10.285949393128986,0.7034560727180461,0.10183089506819866,0.47891381786968745,2.346500725541137,5.812589750935379,0.5706644676222622,5.821333184602255,0.6856614242142499,5.792017852149121,0.8765686198385427,0.2866694182188171,0.8137214627684793,1.195638735484155,0.11427689422626257,0.9270725905515117,0.5651100455329046,15.45309581964552,0.213639173603823,0.9972227622736287,0.4075293039691912,1.01728041067557,0.28245216091825404,0.6331001772995325,0.8338819141619442,0.8281218076139731,0.70170748015535,0.28193787129615416,0.9729479154277991,1.066447236218636,1.478502422270768,0.1491462662003703,3.8576425482917287,2.7113763228092536,0.39189465618310115,3.8824317239974415,0.39168897172448763,3.7027361755433876,87.12147907130735,28.141327940174346,7.230199371632959,0.28965233334100093,2.7463484879654394,9.133820101155884,2.7583831868723965,10.99506214159895,10.285949393128986,10.56469837056097,1.1130425744134196,10.285949393128986,10.583213581712226,10.795206848031526,0.20602757340717454,0.0901049190380769,0.09020778088627517,0.10296235577948813,1.6411232570639562,0.2849208060372295,0.7703147437733845,0.6048138164684278,0.5156346540641353,0.2307138480269058,0.909997955366212,0.16375231512336913,0.15747788952496092,2.6711582230138475,0.24441472053331642,2.7131247584208174,2.7118904947180043,2.7869781136292042,2.663752326894704,2.903003610227609,0.9794281137698326,6.832441884385929,0.7626002817285378,0.8252417543399876,26.99033120757046,1.2005760257221059,3.9117464286460475,2.8667968674663458,2.1944044058618664,0.8318247556735449,2.631660215012504,0.8533223522369128,2.6354659660635993,5.770520569488017,7.15912373756043,5.197490102787171,1.0124460019047088,0.9828224959037011,1.0112116597263294,0.9735651257547717,0.09720221980317977,0.9002262563573998,0.10543098127957211,0.9827196144366113,0.13217445362548577
2025-04-25,10.29336078229542,0.6890375958971307,0.09943386358633154,0.46412763924434264,2.3090386501121816,5.7596499000820245,0.5670612470672969,5.772311161058929,0.6730828552717286,5.741739552841932,0.8728770257514957,0.28461142170386283,0.8068965454415691,1.1787956422343429,0.11168296841451082,0.9080803007792395,0.5626350987896254,15.459392741974394,0.21142563989220114,0.9963973551390407,0.4022645582198115,1.018425140930584,0.2776119332306175,0.635203284451597,0.8297478189434025,0.8237776508419647,0.6848172802809765,0.2779207411219763,0.9733401704435795,1.0677303485016325,1.4397323223591096,0.14565105114287466,3.8558930118735524,2.6860526217913665,0.3933093060676547,3.923211679345728,0.3946474539638486,3.7318578259698274,86.5151847175759,28.020895321345854,7.077714622603576,0.28986103805879676,2.7229027151754694,9.03839441162989,2.729490616857791,11.007926340147323,10.29336078229542,10.577354254455095,1.114359260280293,10.29336078229542,10.595676738210885,10.80782275315234,0.20473493967728704,0.0880082366519286,0.08831703472677359,0.10087493762979786,1.6423057442280782,0.28121461343102644,0.7521358692210418,0.590015436899889,0.5048893385183792,0.22758621317912056,0.884817283422261,0.16006176212799653,0.1552238798116938,2.6453937210499228,0.24459082995624315,2.7033453925147963,2.6918168786991763,2.765105557208569,2.640247040658775,2.8571282277325656,0.9801338262553074,6.680185079451878,0.7474009326850392,0.8219248427598671,26.862067960306227,1.1803396620581093,3.9435923326524702,2.830365426872909,2.1756047412285286,0.8293360750882575,2.633144596588716,0.8494080972008894,2.6136901509927464,5.71343281069062,7.020381155912249,5.17879562652792,1.0150283130247202,0.9835306541611715,1.0116314851188561,0.9742666137506835,0.09675758742697141,0.887699411876166,0.10427174590263424,0.9778692743180648,0.12959341381974154
2025-04-28,10.32748125338867,0.6976144072266633,0.10131158132414231,0.47423317328250864,2.3543581912848226,5.862645798572562,0.5749251076003854,5.873696168542807,0.6900753867068493,5.8484973413053165,0.863162262016469,0.28875347603503726,0.81937412308056,1.18692554275716,0.11298150966005681,0.9243003201487142,0.5727563677008433,15.488381599033099,0.21315707311420468,0.9893628323015369,0.407518321640738,1.0078487693678677,0.2810079426259698,0.634204273958609,0.8217494546609958,0.8163792528323641,0.7168233363844818,0.28131777105358013,0.966745849533735,1.0714654549209957,1.4772280624406984,0.14892078979958634,3.869978425966417,2.735515902951694,0.39357637726274464,3.9334917368874573,0.39564186071766,3.743777855681349,85.96922844805329,28.22782246027187,7.169265849499445,0.29102551177502617,2.763503008756487,9.180212567491028,2.7878757844369644,11.04595637772062,10.327274504124496,10.613652490995818,1.1182484641051005,10.327274504124496,10.632242275444078,10.844986007613214,0.20840648874497347,0.08984818557539127,0.0897449094328545,0.10213777076652643,1.647733172072269,0.285345442122964,0.7860167366554949,0.6020861224523448,0.5128575838832191,0.22906124450248663,0.8999277020515175,0.16100382270564795,0.15728596036596434,2.6826397786391096,0.24539914417276695,2.7320046322929037,2.7289062298293403,2.808013982200603,2.6850148738446245,2.915005780911133,0.9833729342218643,6.876897806965171,0.766601294608423,0.8140039212519283,27.21326095831612,1.1941546757556334,3.951357898911107,2.8805123766160734,2.198595470305158,0.8387896439192722,2.632964958672335,0.8430238278779094,2.653929680742829,5.812971136189068,7.093049750327571,5.221728752630254,1.0021687588095358,0.9867809878318478,1.000206531799247,0.9620985610049507,0.09604461624222724,0.89218216864245,0.10595889939979176,0.9897758580800436,0.13157079181160966
2025-04-29,10.311301198539647,0.6963291274417083,0.10105176521689897,0.4759744261436596,2.345036093439852,5.84481353980041,0.5752732616573246,5.855743603304161,0.6894205053655553,5.827696256033782,0.8808001461017252,0.2884099743591925,0.8181067883882308,1.1859146435989942,0.11270365338395319,0.9193648552496326,0.5682615035095026,15.518457212505155,0.21303361360499184,0.999175103380892,0.41008455823637524,1.0212415025317316,0.28242936058618723,0.6346669337704738,0.8308929865029355,0.825324818679391,0.7524231926242846,0.2808826538576837,0.9777273633205219,1.069911343949582,1.46329143805021,0.14776242445562027,3.8264590259629885,2.717570507248595,0.3994638242778593,3.9746338570331834,0.399876250559877,3.7765518663641986,86.96225623195504,28.21200247473706,7.15003065729564,0.2903691467046,2.7611878612012464,9.18746133223345,2.780160807560193,11.030624871107443,10.311301198539647,10.598783203930578,1.1166219933545818,10.311301198539647,10.617549406127551,10.829862129272788,0.2078779113983513,0.0888843048624364,0.0888843048624364,0.10218601616222014,1.6451846056069066,0.2836667377694559,0.8240874218286792,0.6029078286317089,0.5148484255019157,0.22922251538705224,0.8963703887933159,0.16096101935117804,0.1568364615193542,2.6888019155044853,0.24501958270003116,2.732109625232812,2.725407275299997,2.8037740117767513,2.6816870212849944,2.905960067273858,0.9818519408197889,6.859971430159569,0.7673746975556333,0.824396751373914,27.174880613270776,1.1909672097339656,3.9986596055364183,2.870592025659285,2.2454113683938535,0.8389358693581311,2.630954773112852,0.8499690689335511,2.650546378562268,5.796556242669236,7.086719112510311,5.204681377603629,1.0156733347081872,0.985254723156917,1.013095483604867,0.9761806369245752,0.0970303139555796,0.8966797183385508,0.10600123461508755,0.992266481304739,0.13085171767769954
2025-04-30,10.343400910219279,0.6954902551072562,0.1007447224981192,0.47310717499448485,2.3532870588196078,5.834298692165843,0.5741621671652172,5.840918620263046,0.6754241110028735,5.82829934287081,0.8677078960451844,0.2897186618626586,0.8256102574971474,1.1892842713791227,0.11243276671037528,0.9167355942637356,0.5691973394631451,15.56092318691495,0.2144186961340125,0.9908978387645615,0.40773684494151125,0.9927596540849565,0.28134051264935306,0.6386015895579933,0.8228175739734982,0.8180595401105774,0.7408977787900078,0.280202732236118,0.9693835459319726,1.0735415899413254,1.4766238571249062,0.14832437063082218,3.804302728516433,2.741001241208109,0.39687628187716967,3.9716591951419953,0.39925525935168693,3.783409172313786,85.63870298601054,28.328921058032943,7.12122445664822,0.29147704080653475,2.7823748448489862,9.331816427462051,2.776789319973915,11.068162456444584,10.343400910219279,10.634980775819713,1.1205006395433872,10.343297375200402,10.65359940250698,10.866673208733062,0.2082126516421866,0.08874637902054255,0.08864294264402377,0.10188250291135421,1.6502896467910406,0.284546961407549,0.8079230514103388,0.5980554374723233,0.5143773225303716,0.2291063262156627,0.9134257091290209,0.1592883700716826,0.156495656955326,2.6862845620094964,0.24577988343244747,2.7378983471972616,2.7250723154228185,2.813301512560767,2.6919736219034442,2.913529092633236,0.9848986472973016,6.747207357511571,0.752689249514547,0.8150600232908337,27.223831195697144,1.199731049480446,3.9975176974175435,2.8732934272333663,2.1988001844337473,0.8426768847817865,2.643463046382072,0.8430906302878617,2.6588746127285243,5.791787465939503,7.067335741945076,5.187836135277138,0.9890360234441665,0.9883119885370066,0.985105480593396,0.9476624198032895,0.09619363043788645,0.8991518442819174,0.10581298657671005,0.997620986225095,0.13032685541445724
2025-05-02,10.44921619889629,0.6988505460127269,0.10114942847623595,0.4737722064011274,2.37502924202627,5.890177663964537,0.5776384407450039,5.914315569487983,0.6826541466149915,5.86112824602436,0.8690699913160429,0.29226749543735103,0.8349007473968537,1.2016718913270636,0.11337513460260946,0.9178683002914381,0.5749216348773634,15.719644672070924,0.21515151674595495,0.990073145245559,0.4117032552338444,1.001567382174724,0.28369905557502895,0.6450365678394601,0.8221525632724742,0.8190177351454333,0.7329153541238081,0.2833855887067231,0.9656217728538075,1.0851619485279111,1.4796238882290034,0.14911181251581684,3.859143232227991,2.7785789306385515,0.40229885057471265,4.001567525674307,0.40386626463823305,3.825182939647009,85.68443051201672,28.63312373465256,7.179728062548981,0.2948798256358881,2.806060695349236,9.426436628542973,2.7954021840509076,11.18652088639629,10.44921619889629,10.748798685263193,1.1324973589698848,10.44921619889629,10.767920483117816,10.983071641114812,0.20929990268177123,0.08881922675026123,0.08902821794946365,0.1024033457757039,1.6671891645951704,0.285893423305659,0.8059560841527478,0.6002089720659246,0.5177638373778531,0.23260188326940268,0.9135841202212726,0.16029258257667597,0.15747126117893645,2.7197492035454216,0.24829675162224685,2.7653084080296497,2.7617553583382315,2.839811797426038,2.7122256798181166,2.9402299360795454,0.9949843387743273,6.7727275278376435,0.7583072068424683,0.8152559732817806,27.502612330198538,1.206792036194039,4.033437826541275,2.892476463517176,2.206060555038532,0.8502612617197705,2.672518228911556,0.8433646717290768,2.684535043491216,5.845872645841497,7.119540510506465,5.209404478003363,0.9955067569808401,0.9984326337696741,0.9925809599139972,0.9563218040027838,0.09613374931311533,0.9024033501604134,0.10679206130646612,1.0066875270416993,0.13124347355921315
2025-05-05,10.46134532900931,0.7106391913921517,0.1025211862196345,0.48174494441950566,2.42172514173897,5.882937290364447,0.5779893294277644,5.889842135847108,0.6853227548512445,5.856888642656789,0.8831467535196705,0.2942776353255215,0.8389998634610544,1.2184329032399113,0.11549325203319413,0.9232137252850716,0.5743278745253573,15.71545130488937,0.21675906803383713,1.0105659428195533,0.41657076780860147,1.000523060881352,0.2894654260518249,0.6460926699605942,0.8376399173012262,0.8325138804378563,0.7516476459265727,0.28967465774722895,0.9832618251257405,1.0864106964548708,1.497123136419621,0.15053876287606185,3.9192385673024113,2.7917144612570612,0.40401714543241724,4.029710348436356,0.40715554104974694,3.8385813649522045,87.30777277957945,28.870488340503712,7.306099117569175,0.29532377384910896,2.8256094372163996,9.48854492902631,2.8255047216015337,11.201066648577257,10.461240613394445,10.76273730090752,1.1339052138262207,10.461240613394445,10.781881103132518,10.99696569904671,0.2111099519319571,0.09007217969115228,0.08996757382016661,0.10367193061420765,1.6691076791689279,0.2888377509190455,0.8238309446594831,0.6124071651378528,0.5253687751930445,0.234334131379122,0.9269798159886135,0.16277853770914005,0.15984935383378168,2.73480503638178,0.24858247860915392,2.7886809009751934,2.787216159386769,2.8704886980692277,2.738048027893379,2.9106602258220327,0.9961293149984635,6.84004631086378,0.7622136270567168,0.8328277080275297,27.712103776545664,1.2231404767124732,4.065383255063945,2.8874360264214354,2.2376817020241067,0.8585626079592449,2.6786273437908648,0.8628517978547294,2.7084422418295255,5.836593607178117,7.221780699757754,5.270111821463248,0.9965477783892716,0.999581578112332,0.9939324420570192,0.9562716148353319,0.09791818868790926,0.9159953714676613,0.10775185888413917,1.0100429234413413,0.1332775370971667
2025-05-06,10.450412791305256,0.6935939256618459,0.10011495374340114,0.4697460629422035,2.423268877384817,5.8037410946970684,0.5709060619512513,5.812415115909774,0.6488661318067498,5.778346668155306,0.9057372574871493,0.29250705163672447,0.8381230739705527,1.2015884978256202,0.11349147932571059,0.9079318346056847,0.5644267773177261,15.688577596764292,0.20994879457192905,1.0288431074118736,0.41049220168561895,1.0168251964861303,0.2863413064952479,0.6455220029027451,0.8579788742200971,0.8582923738469848,0.7338279989623067,0.2867593325745388,1.0064792304169061,1.085484405335793,1.4898108220147743,0.1496499079822784,3.924130003135124,2.773748703393608,0.40223640587801024,4.018392611701033,0.40411744350449696,3.8355103878531915,89.89340987172119,28.848469116580887,7.138468148080716,0.2947016486878405,2.805308835211686,9.342773641609625,2.796844026364432,11.19113810098038,10.450412791305256,10.752743794659185,1.1329292889759575,10.450308185122532,10.772181409368795,10.987145839184477,0.20994879457192905,0.08914201831927257,0.08903752176574012,0.10189152471522625,1.6673633927448825,0.2869683256816037,0.8030096806133413,0.5974500801436442,0.5155188821303657,0.23168565238054076,0.8947643718944721,0.15895077895440457,0.15748771757575733,2.720660427817856,0.2483226996577388,2.7710314940130565,2.768314284632505,2.848782590694071,2.7196153227544677,2.8889121375421283,0.9950883187449381,6.495558549049992,0.7248406375833584,0.8527536678244445,27.61134792363361,1.2173685637346592,4.03709893989543,2.845647275503906,2.213815407439551,0.8548437982208988,2.6692444160199114,0.8790887527075142,2.69359389695893,5.758595234897521,7.063956653851304,5.251645927257779,1.0113909371856713,0.9985369741013461,1.0079422818292632,0.9720973627658732,0.09969693763040054,0.9007211039963032,0.106803221517701,1.004911732282468,0.1297941276653145
2025-05-07,10.418732967642999,0.6952490451858053,0.10054177556293262,0.474265476742693,2.455915771789614,5.819024898579131,0.5729318782920066,5.829755970278638,0.65023963166714,5.810897900278704,0.8961242147971501,0.29235256788854325,0.8342362960494292,1.209106095559052,0.11419045674251899,0.9119608124536036,0.5543863209467874,15.641383723334288,0.21191915141266815,1.0210460512606792,0.4105022038537081,1.0126068185185064,0.288914352388376,0.6443008976097926,0.8518441564516614,0.8468430795925909,0.7248385048429279,0.2900604308458834,1.0044801381757593,1.0823087857201288,1.4733278147750508,0.14846843092310896,3.9423839825842624,2.7722440776439425,0.4012294053087435,4.020316681779407,0.4041467067673197,3.8239215358790566,89.00448416987913,28.568451760783496,7.150552172938046,0.294123771017257,2.7972495414287155,9.319441346830068,2.8232966345731207,11.158887573420243,10.418732967642999,10.721920877477729,1.1295061852689037,10.418837257762034,10.741195472038445,10.955511666655813,0.2084809359125009,0.08793498208359346,0.08970618521230721,0.10262555096342703,1.6623255162717003,0.28755991228870315,0.7950614457032064,0.6050218763786644,0.5205250998590608,0.23119400431399892,0.9003958967383341,0.158887268180871,0.15826213357348717,2.724213390505346,0.24757240185714754,2.765263634737543,2.7618252403861807,2.8421547045730553,2.7182745769585783,2.9026881236040385,0.9920816964024081,6.484684563597233,0.7246301630731175,0.845488659365273,27.540008742055637,1.215774145044866,4.045842960243996,2.8690351647967023,2.216816047848103,0.8509064197639644,2.6654511547307216,0.8749739878822004,2.6872266454233626,5.776828734868267,7.0855387301960695,5.185142877971811,1.0059387690326924,0.9955199317749303,1.0068764262309693,0.9666597080568543,0.09908314470599953,0.9062304996554864,0.10689727264932106,1.0037507432578727,0.13033965647928564
2025-05-08,10.37980060446725,0.6789495916764519,0.09860909279634628,0.4662652913529719,2.4001817028131973,5.779115733502439,0.566638988505168,5.787731231632434,0.636910946754739,5.752024334794088,0.8884159885602099,0.28949553030567193,0.8311189505379304,1.183828140458354,0.11168777484826485,0.8981731241363595,0.5646668209038707,15.585530514486454,0.20801329578085265,1.016192666866088,0.40512766015462814,1.016296488085005,0.28575877814662143,0.641478090482256,0.8453394482188732,0.840149495966434,0.7161095896177032,0.28555117530498064,0.99346065065884,1.078368272676442,1.443221852669014,0.14542246448912016,3.9123937453574253,2.7351048370354993,0.39962632343782434,4.000415132826285,0.4028441080889663,3.8277972702270278,87.95515475788872,28.444881490684036,6.977060233653272,0.2926095135359935,2.757629369189686,9.248909881952914,2.785966305755495,11.118746665050212,10.379904504878555,10.683516711646252,1.1255968698505943,10.37980060446725,10.70271928156464,10.916130726382473,0.20936267465532432,0.08760638966559374,0.08760638966559374,0.10099646608092513,1.656113795430328,0.28326760344122215,0.7849284071681755,0.5903051581055093,0.5097571165699768,0.22918829067579463,0.8775171363455194,0.15746315213093154,0.15559476615235793,2.6938966034803493,0.24664728181699214,2.741540327145396,2.7365581757155644,2.8133694056977565,2.687461113370452,2.8906995041973738,0.9883745196253179,6.360701453470456,0.710296868436535,0.8392152633809539,27.29395889557816,1.190263630568251,4.029894023607795,2.852397631232808,2.183101591490749,0.8439900099501115,2.6505086786746483,0.8660992572286303,2.657670838124578,5.731264525784331,6.90367423277909,5.1472909969736085,1.0008303733542174,0.9917999071181006,0.9970936013970703,0.9610753200943598,0.0984014899547055,0.8894540423646071,0.10556362960653877,0.9973012438349044,0.1275690259689955
2025-05-09,10.380878129703882,0.6753866662368292,0.09789266381372139,0.4640299051483386,2.395508072277993,5.700508718808393,0.5605730302086578,5.705595298631657,0.6504723330988489,5.690958392740125,0.8897539612215577,0.28672273268175436,0.8153223389964429,1.1778262128565624,0.11149174474325926,0.8957749498134262,0.5545520416167893,15.610921299990917,0.2062701218647711,1.010069584259917,0.4040278020237238,1.0056057588143053,0.2836084261893929,0.6410256410256411,0.8432472060306612,0.8387833805850494,0.7397488024107803,0.28257032402527243,0.9913837849060522,1.0792068834680022,1.4427488396920904,0.14533374857261497,3.9021074914194696,2.712861897355607,0.40122497172094784,4.002387499148435,0.40195163729578665,3.7992319213778485,87.65857355574587,28.161009031454377,6.956815368151796,0.2912903505236415,2.7460811666074627,9.149901101884472,2.7778469463084257,11.126647524703493,10.380982040901069,10.691373657365956,1.126232719441187,10.380878129703882,10.710266487108118,10.923596174932523,0.20595868527548936,0.0876154840691716,0.08751168177282032,0.10100695050593095,1.6562857163060087,0.28298557281098136,0.8101318479759924,0.5905740619708132,0.5073185812507502,0.22838160489982354,0.8564310183743382,0.15633759389200352,0.15488425284225002,2.673621797913098,0.24667288622702194,2.717014543613912,2.7165992156275953,2.7871897667847505,2.662306565504808,2.85030631500279,0.9884771226066971,6.463925909998508,0.7215820838392034,0.8362918878707957,26.994083752627688,1.1807328751559174,4.012768481189336,2.822173625574198,2.1764767327116097,0.835980471081666,2.6515104138788055,0.8665005836261095,2.6315789473684212,5.655351700372417,6.881656525947589,5.11190691036833,1.0068514259708246,0.9919028656883402,1.0046714292463084,0.9657427465929292,0.0983079026993544,0.8878853812861712,0.10474411037670395,0.9905532873346342,0.1275822688866711
2025-05-12,10.47878015544771,0.7093157543896704,0.10227392045354537,0.4912501421787198,2.5005794278508295,5.951692032936445,0.5841978413496803,5.978413701469663,0.677564745489986,5.928114541581525,0.8646128275828404,0.3005344263352801,0.8522477400299139,1.233364738009454,0.11673478301710943,0.9363931741627534,0.5785392338307938,15.721680250330738,0.2173320734687013,0.9913025094217865,0.42324216063762377,1.007544813223084,0.29791470507362233,0.6483286066424055,0.8365294124599674,0.8171434911132096,0.7484019508429771,0.2987530150778773,0.9682489942982175,1.0893848798540569,1.4664151990087628,0.14775228315487504,4.176464398602051,2.8301371326864255,0.43120613565837684,4.2903698278924995,0.43309233816467235,4.104369618314799,85.53494810495913,29.51430418975296,7.301372938606832,0.29539977506085735,2.8756157752041744,9.546264277480875,2.867651720235873,11.231582899032666,10.47878015544771,10.792099074174132,1.1368542163236877,10.47878015544771,10.811274973311589,11.026721463867494,0.21314052344742626,0.09368122791976632,0.09326207291763883,0.10520800546843788,1.6719061411690013,0.29246568005252127,0.8215446036453831,0.6213978752704657,0.5343183661161772,0.23828984356196334,0.9144922628425695,0.16451849323341858,0.16158440821852607,2.7954520487652923,0.24899925736402623,2.851619038906135,2.845017290160327,2.922980220490477,2.789164973569468,2.966991665602405,0.9977994469318151,6.749554493886225,0.7541653695976435,0.8155716423667052,28.291313925292098,1.2347270442319467,4.331761551742769,2.943937990583739,2.284816025213589,0.8743581938741092,2.6800795819641197,0.8440742224851494,2.7625485160097716,5.891648226284973,7.227392035760832,5.339934992537887,0.9991616732067597,1.001257498184615,0.9982186119273861,0.9581892742471575,0.09713926917912262,0.9417374279218488,0.10950434673860564,1.0346850871190352,0.133291420591311
2025-05-13,10.539523505842908,0.7139544462876216,0.10255058539456502,0.4946247924238594,2.4900095458778524,5.936340537883379,0.5835792467525798,5.95404703741733,0.6919266602643224,5.945404464438633,0.8836424571868743,0.2985876889092122,0.8462268224655075,1.223229316595634,0.11677908857194409,0.9371837918312111,0.5798903926830067,15.842749095485745,0.2193296739665091,1.0086424636197533,0.42674959610525715,1.0336214133096988,0.29900928371873314,0.6516652806814365,0.8394814663351488,0.8333684622135774,0.7858347128856846,0.2977445193929174,0.986087663981806,1.0958052405217447,1.486930879332364,0.15008431461971083,4.168844946721352,2.8218801668884383,0.42548481167669444,4.2311341927385255,0.4263280012957362,4.028562510395533,87.24388907369836,29.302803541315345,7.343275510842644,0.2970067485790028,2.8569773115958976,9.520973604404906,2.9119941878680637,11.298376794207156,10.539523505842908,10.855817875210793,1.1437605042481704,10.539523505842908,10.87552692998722,11.092222319887622,0.21258431783615037,0.09348650806870872,0.09295952460818106,0.10687184172979294,1.681597839921562,0.29489881473689217,0.8608769003496605,0.6260539789827035,0.5376264578576434,0.23861719424165723,0.9134696265698283,0.1663153428854468,0.16231028265735956,2.779932649300432,0.2504426552513599,2.828309507836379,2.8229341941177344,2.905248670915729,2.7749790108022965,2.9686974433783133,1.0035834867274782,6.888701260391416,0.770446864187617,0.8307335549623126,28.134273638411678,1.2281829550937697,4.258853146840911,2.9239040201068125,2.2866779796992747,0.8686762032983275,2.6952992804335905,0.8597175347262249,2.7424115957739383,5.8896500585855165,7.272344013490725,5.3133432217834375,1.0313026820628277,1.0070615835977847,1.0294055456254776,0.989776598462367,0.09780775435256316,0.9378162242509865,0.1095067489810577,1.0252950967463836,0.13343170159582746
2025-05-14,10.46561999198718,0.7131344781752845,0.102982733151103,0.49649396783578215,2.4927608983046343,5.8757717705471615,0.578126652835864,5.887912368974032,0.6894819178798323,5.853794004079997,0.8677132774684393,0.29691261998151125,0.8482470230429913,1.2154892662443584,0.11700680591497417,0.9420199072342279,0.5731030698224302,15.78440555909864,0.2189429625985761,0.9963369643981391,0.42846675695142844,1.0156986190660158,0.29921507224058497,0.6477236984787905,0.8266875757589695,0.822396670131394,0.8047095697503761,0.29931973188351363,0.971742527201686,1.0883306945449454,1.482888565582483,0.14945054665589944,4.217059156895932,2.8121403684670985,0.4254317271154255,4.25232859820611,0.42836211727028556,4.04688637023319,86.23547676282051,29.002092122906856,7.345996579220631,0.29670330069565387,2.846363173424418,9.4985874082205,2.92098384200435,11.220722288314365,10.46561999198718,10.78137136765764,1.1358450944981358,10.46561999198718,10.801046981292517,11.016116858402015,0.21234956478835526,0.09481947063963056,0.09461015135377318,0.10706435941639277,1.6698064160309558,0.2940868695077941,0.8824699078474539,0.6284667633391999,0.5392987836661107,0.23903715491981048,0.9201465009832058,0.16766091530888197,0.16117215717980402,2.758765108357045,0.2486865424411201,2.8192569846448197,2.8056513508348053,2.894505571158752,2.7641024107960495,2.9418105320553702,0.996546323607568,6.890528672406463,0.7670329766146242,0.8203034772728202,27.964416535845107,1.2248037548853676,4.270015698587128,2.8969124834428963,2.2869702173988586,0.8655154050051511,2.682365126038396,0.8485609820099915,2.7338566323464484,5.831187680901688,7.261538742600406,5.301203545570873,1.017268413901017,1.0000000319388573,1.016012578033016,0.9767661102151197,0.09649398500291793,0.9360544473197934,0.10894819306553752,1.0217686787380216,0.13343799058084774
2025-05-15,10.431879824744419,0.720008310484732,0.10369288108056855,0.49687044719502643,2.5323200444699627,5.911746424024945,0.5940955639780874,5.932818388307167,0.6898601841583347,5.886188191112039,0.8552055430516753,0.30033382970506306,0.8539536888206923,1.2306488756593275,0.11829751880438025,0.9494054051348891,0.5763613603171291,15.723346445173952,0.21886083394780229,0.9769455615051003,0.4334445987592379,0.9976006389882951,0.3034633856935937,0.6464636054736399,0.8078447990966644,0.8036720312489812,0.822345105685945,0.30398497172593825,0.9537867755599393,1.0849155017734196,1.49228044076526,0.15021906549687328,4.1519925909203526,2.833507147060166,0.42875024487921026,4.281556360064482,0.4313582148353963,4.070206691297042,84.26872522428542,29.3722106946328,7.3858753365911225,0.2955351546391201,2.8742958353776014,9.494366835831551,2.9578552946476306,11.186209666114646,10.431879824744419,10.747861872131233,1.1322762457284306,10.431879824744419,10.767681425059983,10.982057064827613,0.21447944362552038,0.09597329239792549,0.09586897121201023,0.1074483641845907,1.664406457873543,0.2955351546391201,0.9015230353530702,0.6310244281083538,0.5411015953670433,0.2392030075649466,0.9345920752961676,0.16889213993383703,0.1634675576496343,2.8026288719185204,0.24788231932243923,2.8472773048341984,2.839557815637714,2.922699910575155,2.7966826240130462,2.953369344372653,0.9933236096463919,6.8619860007025215,0.7664302234582008,0.8027331206785123,28.29188460873931,1.2351345871675246,4.306697228644801,2.9183183809722513,2.293240160974908,0.871061965366159,2.6799498633057,0.8283956150856392,2.762361650250039,5.866263580799799,7.311808607808588,5.3621950712627795,0.996661808006753,0.9967661490899,0.9940538380505669,0.9545170039641143,0.09472146801279005,0.9498226898785501,0.10995201295486154,1.0290006195456753,0.134362613336542
2025-05-16,10.428720510643707,0.7287516660070703,0.10564188251580893,0.5037021507671346,2.5472760536161227,5.919282256605877,0.5820210801260925,5.929398345231189,0.6890186640402984,5.891854945282355,0.8603608301178434,0.3001355791703567,0.8488893682957441,1.2331838565022422,0.11919908546434228,0.9640212998373787,0.5769110407219128,15.729169042978935,0.22348524669074754,0.9860256862212724,0.4399832998926789,1.0072999930951154,0.30576702153325913,0.6473041995497364,0.8185420571881273,0.8111377492887358,0.8748566001631916,0.30607988717770074,0.9636041456447899,1.0850975393863573,1.492543488551335,0.15038064528411665,4.106997677799757,2.8340808193307434,0.42767752968540207,4.25779537782143,0.4288246838240147,4.049223055368619,85.3321514235061,29.36302134933257,7.4906666940961,0.2956512710550602,2.8730837417874646,9.515069604902102,2.941912671848114,11.187506721568985,10.428616122640525,10.749400456414902,1.1325476950059556,10.428511734637345,10.769319469655986,10.98331360315205,0.2142037847067196,0.09604755488733938,0.09573469918840109,0.10866618079355454,1.6638857341929065,0.2977369823449843,0.9531755295221493,0.6366670063308014,0.5461466152037205,0.24069245931490307,0.951298375437513,0.17102930043310327,0.16487642527496818,2.7965377376380163,0.2478047672358851,2.841902281422724,2.8376265106217082,2.9222024346133915,2.7943478173639718,2.957659665779148,0.9930128399280751,6.931588100012058,0.7726561303357037,0.8117634407956056,28.261549692355825,1.239545318702175,4.280321226837066,2.918552355319246,2.3216184703012566,0.870372292047895,2.6942330389354012,0.8357492897032895,2.7576388849283684,5.874126807083638,7.401293377543604,5.37449145220109,1.002398610351257,0.996454302343913,0.9967671480973479,0.9622483746278695,0.09563041064025389,0.9491083755994417,0.11002190208295821,1.0273229965192456,0.13484200964830306
2025-05-19,10.416666666666666,0.7297916412353516,0.10552083452542622,0.5034375190734863,2.554866631825765,5.919583638509114,0.5823958317438761,5.9424997965494795,0.7054166793823242,5.9008331298828125,0.8672916889190674,0.29927082856496173,0.8527083396911621,1.2364583015441895,0.11927083134651184,0.966041644414266,0.5782291491826376,15.740416208902994,0.22874999046325684,0.9901041984558105,0.4400000174840291,1.0103124777475994,0.30645833412806195,0.6476041475931803,0.8217708269755045,0.815833330154419,0.8580208619435629,0.30687499046325684,0.9662500222524008,1.0839583079020183,1.495104153951009,0.15052083134651184,4.072187423706055,2.8185415267944336,0.4208333492279053,4.194270769755046,0.4228125015894572,3.9940624237060547,85.78281656901042,29.216041564941406,7.519166946411133,0.2954166730244954,2.859999974568685,9.60812505086263,2.8921874364217124,11.1763547261556,10.416666666666666,10.738541920979818,1.1314583619435628,10.41656239827474,10.758541107177734,10.972395579020182,0.21427083015441895,0.0959375003973643,0.09572916229565938,0.10864583651224773,1.6619791984558105,0.2996875047683716,0.9386458396911621,0.6367708444595337,0.5429166555404663,0.23979167143503824,0.971458355585734,0.17208333810170492,0.1653124988079071,2.787708282470703,0.24752082427342734,2.8369792302449546,2.831458409627279,2.908437410990397,2.7788540522257485,2.9478123982747397,0.9918750127156576,7.066249847412109,0.7811458110809326,0.8145833015441895,28.1374994913737,1.237708330154419,4.220312436421712,2.9131250381469727,2.3179167111714682,0.8681249618530273,2.686770757039388,0.8412500222524008,2.745729128519694,5.871562321980794,7.434895833333333,5.329687436421712,1.00822917620341,0.9953125317891439,1.0024999777475994,0.9667708079020182,0.0959375003973643,0.9355208079020182,0.10989583532015483,1.0172917048136394,0.13520832856496176
2025-05-20,10.381955878679143,0.7185423492989271,0.10392442098091607,0.4954319063611205,2.491192960263883,5.8555856495600604,0.5749584828500336,5.865033045163583,0.6927948853502243,5.836482380711756,0.8596345831785488,0.2954734124218507,0.8373131387653542,1.2361918572967632,0.11617524481294957,0.9541113115228292,0.5719476760027813,15.744081921751715,0.22726328269983845,0.9831810314393915,0.4333471935056769,1.0037375446965924,0.3014950261163553,0.6470099636090555,0.8170680746287603,0.8117732811607792,0.8309800759502424,0.30107973421926915,0.9610672725791551,1.0805648030632755,1.4719684258647932,0.14825581118117934,4.0968644658592455,2.80118352947045,0.417462615079658,4.152823920265781,0.41912374306358774,3.9621055324212264,85.12562089584199,28.96594684385382,7.35610442304136,0.2942275763350072,2.8363788642756567,9.35226326368972,2.9192274987103537,11.140884196639458,10.381955878679143,10.70421542044098,1.1278031276310005,10.382059800664452,10.724252086145142,10.937396078014691,0.21117109792969158,0.09499584321563823,0.09489203014247045,0.10641611295681064,1.6564576728795455,0.29505814032697203,0.9107142983876986,0.6248961651444039,0.5343646306136122,0.23806063439758912,0.9551495016611297,0.1699543276498484,0.16247923191995717,2.7513497691613895,0.24669849595358206,2.8021178768322716,2.793189457484654,2.874688690286934,2.733284769660215,2.9161130075042827,0.988579746892682,6.902616126988814,0.771698523993508,0.8113579892636931,27.77232173273334,1.217504117972035,4.187915333085678,2.8800872473225643,2.283222572352007,0.8574542809166386,2.6802325961597737,0.8371054532123959,2.7089907877468984,5.79588880570624,7.2742937411184725,5.254256606498034,0.9967815836402666,0.9920058456370205,0.9948089669313146,0.9604443743379409,0.09509966618990978,0.9148671381497304,0.10838869996245122,1.0114202467706117,0.1335132854721475
2025-05-21,10.330681919066373,0.7204545233860489,0.10454545336321366,0.4954545359966184,2.4966115399825672,5.832644375887784,0.5742768610804534,5.863533335283768,0.6954545423019031,5.814979490169809,0.8704545675230421,0.294731412052123,0.8360537221609069,1.2126032774113427,0.11704545375729396,0.9599173364560466,0.5678719134370158,15.68615747877389,0.2248966989438396,0.9953512239062097,0.43481405116309807,1.020041300245553,0.3009297433963492,0.6443181707839335,0.8294421582182577,0.8212809917355373,0.854958699754447,0.3006198386515468,0.9736570247933884,1.0753098795236635,1.4709710680748806,0.14845041204089962,4.114566203976466,2.780475143558723,0.4207644580809538,4.1566114189211,0.41983470443851695,3.9590908082063536,86.2334751097624,28.90495867768595,7.400516478483342,0.2928719047672492,2.8179751940010007,9.515702428896565,2.9053717999418907,11.087396795099432,10.330578512396695,10.65268650527828,1.1224173711351126,10.330475105727015,10.672727222284996,10.884710895128487,0.21157024320492074,0.09504132034364811,0.09483471389644402,0.10650826879769318,1.6482438331793163,0.29524793309613695,0.9408057819713246,0.6266528909856623,0.5348140543157405,0.23760330578512398,0.968698312428372,0.16993802441053155,0.16280991971985367,2.739876045668421,0.2454751976265395,2.794937890423231,2.7919422496448862,2.867251940010008,2.7374998991154444,2.8969009651625455,0.9836776985609827,6.929442350529443,0.7728305532912577,0.818698347107438,27.776860008555012,1.2164256198347108,4.194318282702738,2.8694215884878616,2.2936983344968684,0.8567148791857002,2.665702567612829,0.846694205418106,2.710847145269725,5.787190208750323,7.304545631093427,5.2641529682254005,1.0144627783909317,0.9870868083859279,1.0101239543315794,0.973760352647009,0.09628098858289483,0.9255164910939114,0.10857438252977103,1.0086776796451284,0.13378098976513572
2025-05-22,10.296643428393997,0.7163303098725723,0.10368615830749812,0.4924835443889486,2.4645129774115624,5.799114723771172,0.5709431709528362,5.815898134838022,0.6893533458426914,5.783772350732341,0.8729406793584933,0.29180395544262655,0.821869848587564,1.1889415282197604,0.11624794029914566,0.9483113516692864,0.5655889652509862,15.620881132474643,0.22302306267928448,0.9967051385065672,0.4327635788642594,1.021313863688285,0.2994233929541398,0.6424011469280111,0.827738873451899,0.8217668611881563,0.8674835255354201,0.2979818835879079,0.9739497151759743,1.071869836018545,1.4606672220999954,0.14744645484786056,4.05735160412859,2.7622527699101305,0.41124380793563614,4.095243111473724,0.41237643366001386,3.905168750140773,86.27162474580416,28.645696749993565,7.350905919585628,0.292421742365427,2.7894357872951954,9.484349208373018,2.882825483796624,11.052512808333118,10.29654036243822,10.619130519508726,1.118822113489594,10.296437296482443,10.639106461400845,10.850494736698156,0.209019761501859,0.09483113713083785,0.09452224366943761,0.10626029339810768,1.6428130462495656,0.29252471012574244,0.9558278606986684,0.6214991825612804,0.5314044543899461,0.23579077037201682,0.962623536488566,0.1691721612971147,0.16175864948668628,2.7110789517397933,0.24466638313683095,2.7744029263491683,2.76410638598673,2.8409184891073864,2.7113878353816476,2.881589635003732,0.9804365858803863,6.884781964724696,0.7685337663678793,0.8200164681800703,27.454694216883752,1.201812203672808,4.121293346021674,2.8530683313209493,2.260914351637713,0.8457578190861659,2.660420149122863,0.8471993284523978,2.684822899505766,5.755559930691413,7.26204672598171,5.187088025264331,1.0165774645483276,0.9838344630535194,1.009266851761392,0.9725082058097424,0.0964785820177006,0.9175247179813794,0.10749587706325474,0.9979406730739838,0.1322075798248341
2025-05-23,10.315555913290437,0.7205487773274303,0.10418816155838381,0.4973179191713705,2.4748957818725663,5.8587787518777725,0.5756137738504286,5.873323554276485,0.6936249005959308,5.837425261840442,0.8720858357285677,0.2947183793565527,0.8368063002535798,1.2108520451146891,0.1167732586633404,0.9560552950812439,0.5701464870823568,15.655663649470679,0.22911078073522442,0.9903032803796162,0.43336082444329693,1.0078398694887785,0.3008046198412638,0.6436971479871973,0.828037926996765,0.8201980826927013,0.8729111073507534,0.29966989103631675,0.9735918841904061,1.0743759183606243,1.4656488738503681,0.1477202361752034,4.056014054481187,2.78760069100813,0.4156179174285882,4.148236072651254,0.4175778785046042,3.9382090882367637,86.45502574079327,28.82494366683,7.404580026748182,0.2929647165105248,2.8261811555673937,9.364039612131215,2.8407262727750413,11.077883377846478,10.315555913290437,10.643800893271612,1.1214152989939412,10.315555913290437,10.663812667629461,10.875386937957758,0.21033628419278355,0.09531668837547105,0.09521352942269784,0.1069733844188063,1.6458634521534745,0.29409944531547183,0.9570868452578593,0.6267794338924407,0.5354858659728916,0.23705384301873664,0.9659583184407721,0.17051785317356621,0.16288425791059447,2.7391169669826376,0.24512068424024164,2.7947185210205734,2.7894574341046976,2.871569992956339,2.7391169669826376,2.9174748021891763,0.9822570788188892,6.921188389121171,0.7717144373694425,0.8187538967049931,27.804209695591346,1.2135341385356762,4.176191420857134,2.8842583670674196,2.276562847549064,0.8554776181676891,2.668661153363227,0.8461935091736835,2.714359447934934,5.811945256287717,7.325871496906914,5.237260286847857,1.0107283201664288,0.9856612652337303,1.0078398694887785,0.9698782405928039,0.09655456629541208,0.9276872323620361,0.10841758024429375,1.0103156843553358,0.1332783172714457
2025-05-26,10.32204789430223,0.7229562439670453,0.10497522787256344,0.49834845973675557,2.5024648740407756,5.88150276417185,0.5773121418783628,5.8993603354343005,0.6953963949894925,5.863645822917205,0.8725226959052114,0.29675887696118913,0.8398018229805075,1.213563167783074,0.11725846053547942,0.957473184725748,0.57225432108494,15.676196954350743,0.22863335692124562,0.9955614879050598,0.4361065235342692,1.0197151209282345,0.30450041288191576,0.6440958043546543,0.8292732900277728,0.8233897258780596,0.8852188494656325,0.30470685856486035,0.9753302834823445,1.0751445464709886,1.470272527264722,0.14822460421838612,4.014244363093357,2.8029519796962092,0.4206234516928159,4.19229968927007,0.42113954621243344,3.9817299752270854,86.18858583105389,29.052437011315547,7.440545281332255,0.29335260194357915,2.8378405519795753,9.423926406217744,2.9247523338513175,11.086396044881555,10.32204789430223,10.651940141799134,1.1222130596686946,10.32204789430223,10.672172212482582,10.883774194315778,0.21222129919428553,0.09640792890780234,0.09640792890780234,0.10776217568521161,1.6468827730363111,0.296036336758627,0.9698596106985204,0.631709339006394,0.5383980165917848,0.23792319608856882,0.9733691479330906,0.17124277614149352,0.16412055758185667,2.7713665383399566,0.24527249308679835,2.811003164453609,2.809145271433571,2.8890381363381246,2.7597025738187706,2.9365193046487925,0.9828654130956145,6.9241329227765664,0.772708511667543,0.8200866737019219,27.972749793559043,1.2232659180040304,4.220788642259593,2.887489577150857,2.2861271235295115,0.8608588101350011,2.6728944282311238,0.84816265657458,2.730387995599421,5.835672846320835,7.362923279564604,5.278488902588899,1.0146573395102996,0.9862717078009684,1.0106317471315998,0.9759496599066662,0.09671758758834725,0.9315648224607762,0.10900083009513521,1.0162055836936643,0.1339801769429844
2025-05-27,10.30598773816732,0.7242089729265836,0.10460681870071394,0.4981964356651334,2.4811099242220513,5.856229830658044,0.5755951610236122,5.863856237278419,0.6957642186563997,5.814902305504741,0.8689064985941848,0.2945480771277549,0.8304648235705935,1.206740145706386,0.1166649458396807,0.9527980722275811,0.5733278477596129,15.662784806406524,0.22663093652600397,0.991961249098217,0.4362568466562371,1.0109244186116728,0.30299906852035735,0.6437184281611116,0.8248995250492357,0.8199525668205065,0.8933319623330493,0.30330825832398,0.9700093037883338,1.0736885530781797,1.467278111070674,0.14789240834246858,3.9863958342055934,2.7908892898378723,0.41646913168517063,4.163042383194952,0.4187364842637868,3.953725702182959,86.0903803913738,28.946923329930176,7.39565057802677,0.293517464106321,2.8198493801047357,9.409357829891528,2.912501351164749,11.071008664362825,10.30598773816732,10.63681300443484,1.120684302419556,10.30598773816732,10.65721886312545,10.868700049678578,0.21075956676223284,0.09574358406526876,0.09564052079739453,0.10780171120423553,1.6443368345022964,0.2954756268813145,0.9801092288376904,0.6312480676079563,0.5345769239604737,0.23765845064353688,0.9728949966595786,0.17139028301315676,0.16324848142417697,2.7588374981078663,0.24489332299545524,2.7931566424164886,2.790477272654076,2.8676697928475727,2.73946199689368,2.9045654598811255,0.981345988052181,6.931773955018744,0.7734721534758097,0.8170668739492618,27.71184049069875,1.214881966952674,4.181902391153992,2.8800372277340127,2.2899103621705272,0.8538596153160991,2.6673193605956276,0.8444811134845538,2.713284437943645,5.80799740073141,7.346799807807508,5.240853231100401,1.0075234683729823,0.9847470169201052,1.0035040992124296,0.9692878805705226,0.09625889057598568,0.9233226459640381,0.10842008098282667,1.0081418086656109,0.13346387518566563
2025-05-28,10.32204789430223,0.7195499492616914,0.10507845071403574,0.5006193228736582,2.468112123396454,5.864987739544088,0.5755573732610777,5.878302954524928,0.7030346883810029,5.851362560722673,0.874793559042114,0.29459125635350275,0.8311312617987863,1.2109826558094987,0.116432697491445,0.9531378647593995,0.5716350234115941,15.690338109565314,0.2340008265513413,0.9996903228129759,0.43817094098822723,1.0244632535094964,0.30233279227422943,0.6445086563450556,0.8328860697915592,0.8263831292175243,0.9018373528755371,0.30099091502283354,0.9773947403117904,1.0754541953076615,1.4588150478019684,0.14729562817675138,3.9808010287170665,2.785507693554526,0.41742360267040657,4.147398717929075,0.41897192560474705,3.942609325506587,86.8915132606059,28.940958390050838,7.389451018253897,0.2954170193975372,2.8120354322438197,9.435487049458738,2.905346833409405,11.089698545800863,10.321944573022039,10.654933938893477,1.1226259510345837,10.321944573022039,10.675371392121697,10.886870052674702,0.2110858873135782,0.09537572018082334,0.09516928434175072,0.1079686213681562,1.6468827730363111,0.2952105737145926,0.9889553835527845,0.6324318792089562,0.53540461325232,0.2384393102959303,0.972749771508769,0.17227498486847254,0.16391412174278405,2.7399877395440884,0.24527249308679835,2.7895334434351775,2.78684961018141,2.8663295049690984,2.733897454083015,2.920829905250858,0.9828654130956145,7.003612817564255,0.782927317032629,0.823905859773165,27.663088356729975,1.2080924949992502,4.182184283936152,2.8790257372804953,2.2907720135815572,0.8533236805217311,2.6742360298541046,0.8518786001166069,2.7092279234176626,5.8232862628461115,7.3239056361203945,5.214079424529702,1.017857149157221,0.9862717078009684,1.017547500320548,0.9794591183902606,0.09682081042981955,0.924339420435155,0.10869116157071833,1.008980181668043,0.13387696394538406
2025-05-29,10.345541071798056,0.7237740439113662,0.10500723793223954,0.5062073278002874,2.48623213954478,5.893234167685056,0.5777984530738784,5.908545366409968,0.7028760856756285,5.882785070171866,0.8668528958775849,0.2957790208213107,0.8337471170897023,1.2064970282079663,0.11752534302376626,0.9566521955380005,0.5728325980952284,15.730498756110336,0.2315332005045169,0.9916200959458007,0.44040968026923466,1.0196565027787476,0.3031243455106616,0.6468032325446272,0.8236085310402603,0.8183322829931833,0.9092695984859139,0.30291744968596634,0.9696875993889261,1.0781088256204496,1.4668941991116575,0.14773432374271872,4.01065604622113,2.7970203326253102,0.4204427828434558,4.186219890838377,0.422304983393588,3.987378578809584,85.83229675861267,29.00382795122724,7.417028684831174,0.2948479205462446,2.8259880370588597,9.456962397595309,2.900268946181364,11.116594550971188,10.345541071798056,10.680736855101,1.1253879451613582,10.345437515356663,10.70122082436181,10.91330441633367,0.2110490339181696,0.09662735518919813,0.09652389741057371,0.1088350968111284,1.6506311095774655,0.29702047469969645,0.9964825128783801,0.637802622862393,0.5395199826803115,0.23867162936917255,0.9861369718065821,0.17328781295261741,0.16439065118273075,2.757190252075574,0.24583073795002094,2.805917662121903,2.796917091904776,2.8816470985404705,2.7522242787016022,2.9300641549834796,0.9851024334854451,7.015311148209575,0.7847092745098396,0.8160562513285534,27.87088764742396,1.2154975984250935,4.208773094601891,2.894889378483538,2.2978481337714833,0.8577488481492798,2.6835300501597095,0.8439892595805368,2.724394747960797,5.84843779804049,7.332402234636872,5.25087924470276,1.0197599802899258,0.98851648098239,1.015414871983022,0.9789985232093728,0.09611007616235286,0.9357541583720483,0.10924891805934926,1.0115869933715795,0.1342851183761259
2025-05-30,10.313531353135314,0.7172029797393498,0.10375412974027125,0.5076320257910801,2.4543244453153203,5.900371035333515,0.5796204699148046,5.908415891943199,0.7213284080178037,5.875618937778788,0.8676773644123141,0.2939356435643565,0.8315800046763405,1.1950289062147488,0.11674917177005177,0.9443069055135495,0.574773097589071,15.692965819103884,0.22926979725903807,0.9942244381794443,0.43729374511013724,1.0193894011746145,0.30022690398464896,0.6455239289664593,0.8252887442560479,0.8198225852286463,0.8987211158173313,0.2994018222632581,0.9701938912419991,1.0752888009099677,1.4568893822899747,0.14665841859559417,3.992574207066703,2.7877473988548758,0.4165635250582554,4.139232635498047,0.4180074131528143,3.9534858351100004,86.37582508250826,28.77402982302625,7.3732464226952485,0.2939356435643565,2.81322183388688,9.425536555425563,2.888304329547945,11.087252676683685,10.313531353135314,10.652640314385444,1.1224216360463561,10.313428117103703,10.673060905028493,10.884178589672933,0.20967409162238093,0.09519388966827896,0.0948844864816949,0.10839521688203214,1.6455239588671393,0.2945544499375246,0.9806105799407456,0.6354166729615467,0.5385726198504861,0.23803630284350305,0.9756600502694008,0.17326731886407332,0.16388201674219013,2.7432961039023827,0.24507012304299736,2.7930074005630545,2.7863036681323163,2.866852322820783,2.7361797420891993,2.925845734750477,0.9820544680353046,7.196678816288612,0.8054867829426681,0.8178630677780303,27.703794473075238,1.205548673573107,4.177289591370636,2.875309494068914,2.2806312384778518,0.8544760568700608,2.6798679490294,0.8459158069623186,2.710602385769583,5.851072682799286,7.304455344826476,5.198019801980198,1.0124793540526538,0.9854579522664791,1.0089727911618678,0.9730816674311169,0.09632838441200382,0.9297648672223485,0.10860148239450487,1.0085602404654224,0.13335396354347961
2025-06-02,10.273268954181221,0.7147113180072346,0.10345181523345201,0.5087322833137833,2.4448530370752644,5.891925411251798,0.5787959744461464,5.905383368500552,0.7359769816072369,5.865523034795883,0.8768234895636028,0.29247996007144533,0.8304910246341752,1.1924183243766613,0.11660160654889795,0.9430861213453648,0.5725292741137901,15.633552697054139,0.23001848561381175,1.001130028233431,0.43558661933304815,1.0184918778472205,0.29843845528108226,0.6422847797181392,0.8329566656159306,0.8272035817039902,0.8950072195046438,0.2988493954447081,0.9783234369933592,1.071193719365794,1.4504828687220694,0.14629134755617593,3.9189439204921217,2.767618593553363,0.4112389436952627,4.098726127190293,0.41401273101562097,3.914937195112653,86.89542213504211,28.574583430982894,7.371481179652186,0.2919663044616185,2.798746585943921,9.426340636517297,2.893466138242083,11.045511032929037,10.273166121166787,10.612389662683634,1.1180398790944595,10.273268954181221,10.632936200591997,10.843538214152712,0.20926649721834187,0.09389768176826334,0.09358947664554393,0.10858844971054261,1.6391000929911426,0.2945346217001638,0.9795561791054149,0.6369426751592356,0.5366755874097677,0.2380316424521671,0.9983562801024839,0.1744401021392678,0.16406410794153287,2.724471052054975,0.24411340795406844,2.774501821699391,2.7728580610448876,2.851859524383764,2.719847955619478,2.920176700226012,0.9782206823577473,7.334291996200496,0.8171358220210329,0.8264844560123503,27.569960058653944,1.2041298447141222,4.123073724449256,2.879288976922867,2.2717280140005394,0.8509348862857478,2.6582083418943907,0.8530922633606671,2.697452304543032,5.844770830858653,7.281487870319242,5.163447558573685,1.0107869261315845,0.9816108799235443,1.0102732313323466,0.972056736661003,0.09708238965754198,0.9194575713992192,0.10797205905980928,1.0022600940886968,0.13334702632254292
2025-06-03,10.25010250102501,0.7109471157272608,0.10260352838132263,0.5086100751525704,2.433225687237341,5.841943444458859,0.5751332575886794,5.849425819087292,0.7300123126353334,5.82800345520545,0.8825338096978381,0.2900778929588002,0.820623181207398,1.1889093671973097,0.11572365684556199,0.9330668181559745,0.5694957090333232,15.607727976693829,0.2287822846947952,1.004510045100451,0.4347068455044292,1.0413078755421343,0.2969454624165077,0.6407338901346167,0.8364083484432256,0.8299508120203272,0.9023165106528995,0.29725297252972527,0.9834973036925193,1.0689831992161474,1.4404468919567126,0.1453464565926177,3.9371667215207307,2.7504098664643872,0.4088765825097216,4.079130703721588,0.4104141135252905,3.8822263222632225,87.12381923623923,28.510147100982728,7.3183679834845226,0.2917179077949227,2.7752152521525213,9.333128106061334,2.8750511504138476,11.022139670859598,10.249999899901342,10.5899962503043,1.1158261645177487,10.249999899901342,10.61049645530635,10.820623556577363,0.20756457564575645,0.09348093363631695,0.09327593666943139,0.10783108300290767,1.6354038853193706,0.2928454253262015,0.9906724223644824,0.6327388226961493,0.5375153610773779,0.23657236494163647,1.0046125680220426,0.1743542458884977,0.16318163259833893,2.7319598070858637,0.24356292671431962,2.7584049339028547,2.747745052523767,2.8266706540966777,2.6933170332679888,2.874948862098484,0.9760147726599336,7.284542770354461,0.8130381272532208,0.8282083133636512,27.346863068240058,1.1968019899162614,4.098093455910145,2.8412259372837867,2.2550225502255024,0.8426609172250169,2.6543664560791114,0.8551660547885996,2.6717917554541755,5.79653556545331,7.243850163721364,5.110803457888094,1.0340303121506558,0.9793973252537701,1.0333128081036669,0.9958999965365865,0.09727347038866506,0.914616680575375,0.10701106580958693,0.9941574196778344,0.13222631835311882
2025-06-04,10.222755982768096,0.711408672438056,0.10273972797725275,0.5110407041348068,2.4361644145097503,5.835820745773487,0.5725822768506769,5.843998907631684,0.7286853279421067,5.816908707479299,0.8797791613023284,0.29032917213790915,0.8254958086280925,1.1898384725991458,0.1162338978282466,0.9355959583220856,0.5708444096563882,15.557861328125002,0.23134327500272545,1.0059292734193306,0.43436926680092824,1.0479452273178336,0.29820077771717385,0.6393375681407416,0.8377632074038254,0.8312205843242052,0.9073809255390561,0.2975874116780982,0.9834389383381946,1.0662441530541589,1.4406051744934096,0.145266816991893,3.951441410542802,2.7613984371006697,0.41085666148751776,4.060417117577247,0.41044777679287375,3.8820281152563383,87.30320997750972,28.47137669555689,7.320588587057223,0.29155592371461536,2.7716212954118538,9.318340007475467,2.8518707955500218,10.994581785262472,10.222755982768096,10.563483401033148,1.1128603619950068,10.222755982768096,10.583929117655517,10.79339663252658,0.20793293960936304,0.0937436114934977,0.09353914964762088,0.10826007107532092,1.6310570747470643,0.2927826557927667,0.9960130883784072,0.6354528710633011,0.5410958935307277,0.2360457999651185,0.99580866552964,0.17470865009801567,0.16305458811352624,2.705990719761105,0.24291555029900863,2.7541402950532548,2.7469841694446755,2.82621132135635,2.695563204618496,2.863013673671987,0.9734205808699973,7.279493120934817,0.8089347500860558,0.8305049873621911,27.317521479982368,1.1952565750249982,4.10365992054523,2.8388878778064943,2.2567981446210994,0.8414434426353891,2.6490493240933604,0.856879980523658,2.671232751921578,5.789613850495489,7.250970946916212,5.099774947368253,1.0427315477407484,0.9767941428313005,1.0422203736275015,1.0028623847282876,0.09752606789872242,0.922919635854599,0.10723778134449156,0.9934573738006112,0.1321815610833754
2025-06-05,10.204183773118622,0.7136734943000638,0.10255102235443737,0.5184694017682757,2.4289265846719545,5.834490094866071,0.573163246621891,5.839592135682398,0.7236734507035236,5.81479566924426,0.8844897990324059,0.2915306091308594,0.8253060944226324,1.1919387505978953,0.11704081905131437,0.9429592210419324,0.5693877473169443,15.535918566645408,0.23091835878333267,1.0096938464106346,0.43704083501076213,1.073877529222138,0.29846938775510207,0.6385714472556601,0.8396938868931362,0.8339796260911592,0.927346910749163,0.2989795840516382,0.9864285527443399,1.0644897928043289,1.452653067452567,0.14642857532111966,3.946122461435746,2.759081782126913,0.4095918305066167,4.094081645109216,0.4113265446254185,3.8848979716398278,87.45203882334184,28.596019511320154,7.333469313018176,0.29112245598617864,2.782653185786033,9.325611970862564,2.8803060103435905,10.97591851682079,10.204081632653061,10.545509805484693,1.111020380136918,10.2039794921875,10.566020109215561,10.775101642219388,0.2073469356614716,0.09418366879832987,0.09397959222598952,0.1084693889228665,1.6280612556301817,0.293469390090631,1.0153061224489797,0.6382652983373526,0.5471428462437221,0.23704081165547275,1.0112244742257255,0.17530612556301817,0.16377550241898517,2.707142732581314,0.24246937888009207,2.760510191625478,2.753979741310587,2.8372447733976403,2.705203932158801,2.8596938775510203,0.9716326655173788,7.213877775231186,0.8030611933494101,0.8317347156758211,27.421939772002553,1.2013265648666693,4.116020358338648,2.8288776631257972,2.2529591151646207,0.8469387755102041,2.6413265928930167,0.8601020501584423,2.6831633898676657,5.792448705556441,7.245714460100446,5.120510179169324,1.0700000062280772,0.9750000311403858,1.0698979436134806,1.0277551144969708,0.09775510126230669,0.934081641995177,0.10755102001890844,0.9950000217982701,0.13173469232053173
2025-06-06,10.203040506070808,0.7204366963611015,0.10345883423449397,0.5213753542916141,2.4656137171211006,5.937557417012613,0.5801448894026279,5.939088122186193,0.7289052386634655,5.892460152344149,0.8774614835220895,0.2939495915308885,0.8337924826109899,1.205591303561977,0.1189674507439252,0.9480665051417744,0.5763697753134047,15.527803335198575,0.23497602986068264,1.0039792013659719,0.4381185453189367,1.0898887837447628,0.30058156396768343,0.6408529881980514,0.8343025879304806,0.8287930145590612,0.9118457580510358,0.3006835967080348,0.9805121770648004,1.0647893134409914,1.4580144260431014,0.1459034811828881,3.8977654220352194,2.7698194186379257,0.41230486529346094,4.115090371637779,0.41301907501516505,3.9166411092458677,86.8441955859096,28.69890857358305,7.413631112657509,0.2908886871633694,2.8134884195490253,9.302315791277675,2.8890929870636604,10.979287379396872,10.203040506070808,10.549025958368405,1.1115192576411208,10.20293837602668,10.56922777929229,10.778594369754998,0.20844812065274748,0.09590857686491452,0.09580655385494086,0.10978471818061254,1.627895143880806,0.2944597552326452,0.9978573926309336,0.6460565217306827,0.5523926067712318,0.2381389669685531,1.0600959241493613,0.1761044814700728,0.1654933100025966,2.7353330919078727,0.24244463963115012,2.7856340068735013,2.7763492026483267,2.8619528619528616,2.736863485709366,2.9107233831169967,0.9715335294429458,7.236608608974849,0.8069584362604899,0.8272625429145463,27.711253754400058,1.2118150866551005,4.128660278507136,2.878175658992864,2.271094748881651,0.852362013218318,2.6413631760311445,0.8540965114220248,2.704621840345532,5.883481426879272,7.338128986559088,5.153249743130484,1.0860116563759437,0.9749005514922743,1.0828486608858072,1.0448934155913618,0.09733700603870041,0.9397000150405171,0.10805020051615029,1.0008162058758354,0.13345576904097597
2025-06-09,10.219621770407512,0.7317322276353715,0.10464997211158063,0.5262136093864772,2.481669960548272,5.972610964845747,0.5837506278169112,5.974859628497062,0.7393970206859591,5.929177137559083,0.8696985025459489,0.2961675987964878,0.8350536441949173,1.2112416621672601,0.11987735863297219,0.9586101487149497,0.582933070163795,15.6004087889627,0.24537557719858802,0.9948901223722136,0.4424118642363551,1.096780783799941,0.30475216857255205,0.6400613292602477,0.8277976494634646,0.8224834272553255,0.9120081539475681,0.3050587673119032,0.9733264983522691,1.0666326289890857,1.476750127746551,0.14839039813759503,3.9111905105271143,2.7866122986993807,0.4169647341549366,4.147572778108233,0.4178845108804133,3.962698007153807,85.92131211676035,28.893203384485183,7.514869873171628,0.29013796003728604,2.856106297605551,9.373428742375129,2.866530303877108,10.998773433507921,10.21972406745018,10.567603873914155,1.1134389059605743,10.219621770407512,10.58824791613439,10.797445368389116,0.20899336497638685,0.09688297948120929,0.09667859006793023,0.11129279860319627,1.630557006149799,0.2978027530878737,0.9967296758231668,0.6545733577083067,0.5568727815888278,0.2416964702966814,1.0585590376193632,0.17925396949951297,0.16699029282154207,2.755441953164921,0.24284107440213618,2.7993869537836935,2.7967297257241635,2.8753194287533534,2.7465508431272356,2.9539091317825434,0.9731221381778552,7.342564851334952,0.8240163234891975,0.8209504530511466,27.87399050284236,1.220030631102892,4.173019791234192,2.8998467041389886,2.2857435223516545,0.8578436631722662,2.6342361754279513,0.8475217200324556,2.7183443048990803,5.91415444258591,7.43505385315534,5.177721151235948,1.094123633710718,0.9764946658329874,1.0919775010129902,1.052529359875008,0.09657639048814652,0.948492565749553,0.10884005741982906,1.0079713567033006,0.1355135434734986
2025-06-10,10.22704029453876,0.7322560694837502,0.10503170850648058,0.5265903219315483,2.481544293321503,5.942831119405489,0.5844753684381152,5.9523421919743305,0.7365514076811864,5.912149998521873,0.8734915490090956,0.2964818957978949,0.8400490835513238,1.213438346552249,0.11924728827379943,0.9622621838606118,0.5777255234042421,15.622519393424652,0.23931273899090072,0.9976478119427062,0.4442626163500612,1.1140315024051521,0.3051748839495591,0.6391900184086725,0.8292084458074728,0.8244017243848595,0.9204336265084885,0.3042544487625281,0.9763755494037955,1.0674984378545507,1.4783187057860279,0.14900797397038473,3.9259562782042594,2.797095520556351,0.42503580868573343,4.212006607726689,0.42749027650910765,4.025772291352398,86.67416649621599,28.88893444227475,7.541521508943866,0.2901411417389384,2.830742570514644,9.367968909797504,2.8753323163886724,11.008181682172351,10.22704029453876,10.576702202968399,1.1143383011298083,10.226937924262375,10.597258653833862,10.806607117460754,0.2103702157376173,0.09736142828557652,0.09705461005438908,0.11137247231870274,1.6317243102041092,0.2988341103840713,1.0107384110355357,0.655450975024449,0.560544092588372,0.24217631729572286,1.0468398507910774,0.17958682211027185,0.16731438546074415,2.7501534430569583,0.24301492258385174,2.8003682483556838,2.7948455592073724,2.877787018290422,2.74810791015625,2.9480467351771833,0.9738187893301609,7.312026699766056,0.8174473338635281,0.8227653604851931,27.888934142654428,1.2215177177480696,4.244324092509971,2.904377073372622,2.3043567940705536,0.8566169169178817,2.6432807471372275,0.8496625263965503,2.7201882898990397,5.892820742555034,7.464205109285514,5.217938141287361,1.10421355308553,0.9771937313536286,1.1028839879105197,1.0622827034831461,0.0967478015764673,0.9552055791151453,0.10932705645718245,1.0117610994597646,0.13601963786801866
2025-06-11,10.21659174499387,0.729873339205213,0.1052308969220971,0.5224764956032738,2.483805666955871,5.91898217803369,0.5818349076720418,5.929914006029386,0.7302820122285819,5.908561678482262,0.873518594196976,0.2965876653723489,0.8358193457150976,1.2069881425178632,0.11922762644354257,0.9582141491165442,0.5794850962474778,15.5503672485601,0.23498161013485902,0.9971393387221199,0.44360439486049563,1.0991009586335787,0.30547608927799624,0.6378218257578238,0.8319370689127072,0.8250919711506995,0.9020228945190779,0.3043522774369365,0.9778299865597943,1.0665100060241974,1.4827340098366624,0.14936657014261426,3.9585205502153467,2.7989373871585426,0.42981201159403576,4.279321468651027,0.43165100122599104,4.062014674477837,86.63669799754803,28.887924487414438,7.506232345450105,0.2897425481237389,2.832754280891621,9.358398038414386,2.904474954484286,10.998467810552462,10.21659174499387,10.567326890628193,1.1134042026658522,10.216489479305016,10.587862339807035,10.796996920655396,0.2106661303558786,0.09705762157744177,0.09664895829737406,0.11054351956297731,1.6300572440923358,0.2974049919324843,0.9870249347195705,0.6514098725125992,0.5555782700052639,0.24131590559086022,1.0462811980190987,0.17940334558584373,0.16704127892797024,2.7590927417101936,0.2427666441586537,2.8021045056566396,2.8025132566264177,2.8797506652757203,2.751123812620524,2.942787173528013,0.9728238784297418,7.253882404634502,0.8095627080483198,0.8233550913147796,27.87699323310431,1.2173069220053014,4.29536159251922,2.9004903340466326,2.312116852866712,0.8581937065794851,2.6353699653354234,0.8503269652322599,2.72282396572972,5.872905873063637,7.429914080857938,5.230486222467084,1.095116494088744,0.976195372412728,1.0880670208418473,1.0500612870790444,0.09685328506575734,0.9567838325079578,0.10931752972277418,1.0134858699248284,0.1357785039012365
2025-06-12,10.148163182463973,0.7142276969090517,0.1026994102451703,0.5072051912140889,2.426443067070241,5.838542897197521,0.5727623160818853,5.847980614629845,0.7156484335606496,5.833062492666366,0.872944962888841,0.29165820754128435,0.8332656851060641,1.1844936190450894,0.11619646650360398,0.9385021651809782,0.5702252752862693,15.415263035632737,0.23147959677229937,0.9985792726393231,0.438197689315768,1.0802719398035536,0.29845747764777864,0.6327379589417605,0.833062678484784,0.8259589952267955,0.8798457169498902,0.2988634134659981,0.9776740038348957,1.059468251734107,1.4744265606467708,0.14877207070643503,3.886137633868543,2.7609092506453594,0.42348284495876115,4.202252855062823,0.4248021170118892,4.013700119399482,86.64856514486502,28.68540604941521,7.3418913203077425,0.28729449427585124,2.792064185942891,9.313476760706312,2.847879083446443,10.926121718892707,10.148163182463973,10.497868489319057,1.106048283577933,10.148061601728992,10.518367977153947,10.726100580189517,0.20864622961175544,0.09488532962725518,0.09468236171814547,0.108585344116756,1.6191394667318633,0.2926730277307478,0.9628576948794192,0.6367972396996143,0.5436370985876214,0.2381773829242388,1.0180637273678121,0.17556321531419267,0.16389283152557613,2.7063120831721252,0.24114064471533408,2.75461743902381,2.7578649255695655,2.8308302436272705,2.7083418396875634,2.8993303451089023,0.9663081106221141,7.136086893052631,0.7947026340429647,0.8230160186129601,27.463060289603206,1.193322471462255,4.238684723724186,2.8593465573942054,2.263040389689466,0.8449360882507658,2.616805209575426,0.851126473986016,2.6767808911474718,5.789628676330677,7.2669984458643055,5.153744734153801,1.0781408348261572,0.9696570230541689,1.0756037940305412,1.035721509626484,0.09671199241902974,0.9395169660143564,0.10757053360533515,0.9981733368211037,0.13243353146676337
2025-06-13,10.079528174925663,0.7043644517026305,0.10170345885080023,0.5018647406060613,2.401367808863853,5.736720236351553,0.5646608250958943,5.747505513281487,0.7017438035135776,5.729563478235876,0.8891240710056714,0.2876726228759938,0.8276383490610983,1.1712528671327709,0.11480697856388222,0.9337768308602806,0.5624432943963366,15.28636285247203,0.22900916554132136,1.013506733713918,0.43171053150947175,1.0930350009213412,0.2945267544940479,0.6278601039766893,0.8448745055420243,0.8379195368754961,0.887813746911145,0.2940227807307121,0.9918355158338767,1.0528172255643806,1.4618485916671393,0.14736417584476447,3.857474167997493,2.719887071241716,0.4209252930302712,4.178913379073588,0.4225380321433859,3.9768169392694475,87.92560840011087,28.102005846184863,7.23717367200887,0.28515271560858124,2.75143635944666,9.204414705273221,2.8031449057909046,10.856768224835577,10.079629069650238,10.43130747554115,1.099082762982838,10.079629069650238,10.451567628405025,10.657695550709985,0.20542283198031047,0.0932365688942647,0.0932365688942647,0.10754964294218271,1.608204848823282,0.29019253014340635,0.9723818286533931,0.6301784140486208,0.5386553636398447,0.23505694682818487,1.0144138634174826,0.17347040706050457,0.16197963607322063,2.67251299917788,0.23951213718626171,2.727144416476099,2.723818274229696,2.7930652767212543,2.6660618889224876,2.8536436382578625,0.9597822923163303,6.988610289844459,0.7803648641159693,0.8368107715257173,27.075697325275932,1.1749823575730696,4.214494457385219,2.814736417699829,2.2338473451989467,0.8335852932994878,2.590767047467966,0.8627154151586597,2.639250038684514,5.692773201258694,7.163793677080184,5.111984715876519,1.0889023160900804,0.9631085883656669,1.0841648781231101,1.04535832158525,0.0981755848313493,0.9278298866218911,0.10613849141186565,0.9851829237352034,0.13002721115341473
2025-06-16,10.05823768089293,0.7074029554521695,0.10199155444903192,0.5033192608683096,2.400446638354016,5.773284856857272,0.5670891276213562,5.7828404010841,0.7020720483982882,5.748943849915447,0.8879500983634769,0.2895795706651312,0.8099979760540824,1.1901025919817363,0.11536914370376995,0.9436733021004247,0.5628646055569569,15.284348685265163,0.23204586295337173,1.0143834085105723,0.4327097209592001,1.0897203413587873,0.29450815416058646,0.6268356436815954,0.8427881806027695,0.8357472977055987,0.8907664208267325,0.29450815416058646,0.9864212401410604,1.050694016138329,1.4664050823388937,0.1477569863245152,3.8800040233353448,2.72108226492956,0.42607121917472907,4.244719470585647,0.42788172314954076,4.031482574518143,87.41299144412594,27.980588192768053,7.2697647331082775,0.28485213935650994,2.763528465097566,9.089821182585558,2.8078857741109373,10.835445682615418,10.05823768089293,10.410380205190103,1.096861829126512,10.058338362502514,10.43110097157262,10.636592136736823,0.2071011884187074,0.09414604361976711,0.0940454675263501,0.10812713739690202,1.6048079164328888,0.290987731896759,0.9747536075448539,0.6349829115682482,0.5430497050740978,0.2373767891920109,1.0259505129752564,0.17400924599739032,0.16254274640326,2.699557580450991,0.23900622742153513,2.7328506558743837,2.7429089942368865,2.813317362774404,2.686280500143017,2.8713538646218377,0.9577549911557345,6.979984029441071,0.7811305940666805,0.8338362655992648,27.303158121793903,1.1829611809530431,4.274089646708723,2.8263930798632066,2.254777692304821,0.8377590114215182,2.598169357861534,0.8613960912255928,2.6585193880365496,5.72359664079002,7.182659179098144,5.14202374995678,1.0856970674050115,0.9610742612327279,1.0811707690984664,1.0417421011348242,0.09806879903439951,0.9406557698960613,0.10651780479368227,0.9914504093223115,0.13106014617754166
2025-06-17,10.044294995637053,0.7018882809704496,0.10134592358967347,0.5023101478659422,2.3826194508768266,5.737243995651178,0.563479293633197,5.755926050206847,0.6960627064258519,5.731819738293805,0.8774608337721129,0.28836881362467515,0.8159903361166083,1.1725592392905737,0.11440337829773758,0.9375250737032003,0.5614704853945249,15.243069260606042,0.23081558399192775,1.002410637321794,0.43411009663221295,1.0912012795264006,0.2919847297591826,0.6263559723819964,0.8349738575072114,0.8292486697327617,0.8919244983101428,0.29077943715286714,0.9802129001395201,1.0493170070379985,1.4408396640040395,0.145239052211199,3.86088805392163,2.7282040489874197,0.4279831318838044,4.275713162328307,0.42959020146407867,4.0522298356911035,86.70700888597328,28.305344296153073,7.204901640460212,0.2849538051349277,2.750602712972234,9.130875927322405,2.7806347563066556,10.821615351688052,10.04419445560466,10.397248135938755,1.0955202862075555,10.04419445560466,10.417737458881579,10.622940891092682,0.20500200730626866,0.09260747556276425,0.09250703131927453,0.10727199985110267,1.6025512560441724,0.28927279265830197,0.9822217850093145,0.6301727770034833,0.5409803195093568,0.2349337021861032,1.0180795561505782,0.17286057738522154,0.16161109032330143,2.684210428227953,0.23867013991813,2.724487746082764,2.7243872060503715,2.7982120966039634,2.6739654602320524,2.8606869983788044,0.9564082083236554,6.956709374764589,0.7735034364828292,0.8275411750667782,27.161007456244977,1.1761751554250812,4.286862071042274,2.8090599982697304,2.2498995580554437,0.8350743209084817,2.594616385337673,0.8544596192730436,2.6449375911236,5.692346127649156,7.119626527619965,5.131076798950539,1.0876858267931633,0.9597228108854742,1.085074314777992,1.0465046448514086,0.097227805395498,0.939232645000306,0.10616713233049636,0.9888509135018299,0.1299718720408126
2025-06-18,10.051362044081063,0.6986632037011807,0.10101517932189027,0.5041712719611229,2.3929952916122224,5.7523367955871825,0.5653834556236808,5.76158378433134,0.6955472605110281,5.748919710248832,0.8819981907729421,0.2875665957417988,0.8141521760981003,1.1671525052425573,0.11498642657938789,0.9316514467927054,0.5596542396740958,15.279425313238141,0.23097798313635873,1.0071363649436345,0.4340134717577222,1.1156900190973968,0.29239119662868523,0.6278017799223304,0.8379736933016588,0.8321439432659298,0.8901396879947105,0.29068248141817216,0.9839179755719011,1.0502562856947386,1.4302945326340117,0.14433611073150313,3.842195293653885,2.7277113768500603,0.4254699148764166,4.241330799283377,0.42627399585297127,4.029148510921324,87.17257819567294,28.06060910644286,7.190572064010831,0.28525479104198015,2.7482160360612564,9.094481832933901,2.7708313742862036,10.830737248247312,10.051160822538698,10.405970841918787,1.0963916155498512,10.051160822538698,10.42637397013833,10.63182239185471,0.2054477890648067,0.09206955319541772,0.09206955319541772,0.10684491018635962,1.603678792358607,0.2883706958896132,0.978188759622316,0.6271987287755444,0.5405568276137992,0.2340938879839918,1.0138707683845818,0.1723791297470125,0.16122224259249518,2.6741379816360316,0.23883806543621494,2.7217811694132266,2.7243942888025807,2.7966628830472913,2.671725777048887,2.870439105158967,0.9570811259493731,6.931952690165155,0.7716353064937824,0.8307367728000694,27.117900903985326,1.1774047581631164,4.254397316450617,2.826113312169408,2.237310245631628,0.833450579645646,2.597044978217032,0.8574730883364534,2.6436826717627087,5.709518323724432,7.110664412919955,5.105739282548027,1.112373084419995,0.9603980606267747,1.1085536326819514,1.0677455358019259,0.0976982638157484,0.9358729581902862,0.10604081003854522,0.9861292653568355,0.12946024841130685
2025-06-19,10.050251256281408,0.6902512593485003,0.09979899804196765,0.4972864275601641,2.4052794183318937,5.729447407938128,0.5635175848726052,5.736783895061244,0.6804019793793185,5.723316288473618,0.8809045379485317,0.28743718976351484,0.8107537504416614,1.175276406446294,0.11427135563375962,0.9250251348294205,0.5569849062205559,15.259496947628769,0.22804020637243835,1.0060301354183026,0.4283416978078871,1.091155775827379,0.28964823813893686,0.6273366650145258,0.837185960319174,0.8320603107088175,0.8757788883381753,0.2887437139923249,0.9826130315886071,1.050251256281407,1.4258290966551508,0.14371859488175742,3.800200955951633,2.710050189914416,0.421708533512288,4.192562850875471,0.421708533512288,4.001407182396357,87.17085427135679,28.297086016017587,7.090954651185616,0.2849246269494445,2.7467335456579773,9.078191249214823,2.7702514035018844,10.8310546875,10.050251256281408,10.406231597440327,1.0964823967248352,10.05015065562186,10.426733275753769,10.632161049387562,0.2054271410458052,0.0910552805991628,0.09095477578628003,0.10512562852409017,1.6035176186106312,0.28582915109605644,0.9619095385374137,0.6175879473662257,0.5350753937534352,0.23145729333312068,0.9949748743718593,0.16954774712797385,0.1596984959127915,2.6745728152481156,0.23881406161054294,2.719798945901382,2.7201004411706973,2.793065363438285,2.6706533767470164,2.8618090452261304,0.9569849368914887,6.798391984335741,0.755778863801429,0.8298492431640625,27.07537688442211,1.1759799209671404,4.208442112908291,2.8176882949905777,2.219195955362751,0.8333668157682946,2.583316668793185,0.8574874341188363,2.6397990317799938,5.680301532074434,7.023014854546168,5.102009988909391,1.0905527852887484,0.9603015382086212,1.088140669779562,1.0465326357127434,0.09748743526899635,0.924824086864989,0.105427133378072,0.9885427197020258,0.12773869385072334
2025-06-20,10.025967417629587,0.6961098887625404,0.10056145711821929,0.5021054925912842,2.4244435067307815,5.782333872756667,0.5669741250958548,5.786344544644201,0.691197136970185,5.755063262137808,0.874072591790413,0.29015440679825166,0.8035893475624515,1.1861840541266668,0.1158010847276405,0.9376378247750793,0.5645678902475538,15.232905113842866,0.23180269540037496,0.9985963352127641,0.43092038843228725,1.081712446256752,0.29165831314004304,0.625626644534579,0.8297573905778071,0.8244435868952636,0.8863044067162513,0.2905554395652329,0.976137964812027,1.0481251345049865,1.4315219448495777,0.14447563512544725,3.798776966597529,2.728393872897659,0.4235011196958773,4.202927734179179,0.42420294138049947,4.018147072525284,86.35752761868358,28.341287445013286,7.168036920407121,0.28403849933533243,2.7707038911521518,9.122819061003923,2.7762181060405493,10.809203783352341,10.025967417629587,10.385602419807125,1.0942450309770246,10.025967417629587,10.405955631125302,10.610887869006293,0.20633647406964162,0.0917385163277549,0.0917385163277549,0.10607579630745995,1.5996591442927393,0.28704631201891523,0.9759374006205197,0.6244234888640152,0.5345899307682397,0.23290554985197845,1.0142370529587867,0.16994185645618062,0.16101864313156591,2.6957087940363698,0.23823941377831387,2.7465410310949094,2.7436333857678403,2.822338079005414,2.6942049450641985,2.873370727269808,0.9546821858903461,6.883196604139513,0.7677962886610656,0.8232404312246999,27.309003898417135,1.1914978578092104,4.2407258995458506,2.8330660449590814,2.2338079311385384,0.8395828941625179,2.5830158901424958,0.850411065719112,2.6676359266514815,5.733707688819055,7.104672098628309,5.113996464048714,1.0780027736421336,0.9579908066147766,1.0771004642588309,1.0357930374833944,0.09685181318841096,0.9371365672819644,0.10627632225255391,0.9941849174063503,0.1291357541050824
2025-06-23,10.020943884501202,0.6983665942620126,0.10151317881993104,0.5065637763008372,2.4011534146023052,5.760897934490555,0.5650866759159078,5.766710311380461,0.68874640101146,5.734943160911351,0.8806493361400738,0.2887062778428939,0.8130072878386407,1.1850887076483663,0.11604369098813562,0.9461869743355578,0.5633831167522109,15.246517197834201,0.2327888520115876,1.0031065084088695,0.43401143775218975,1.0852791166625695,0.2901092370271515,0.6240104264732305,0.834352160900195,0.828339549675412,0.911814789696057,0.28990881155602544,0.9804589271258706,1.0478003563342393,1.424190751750551,0.1445034580247915,3.7948692498387238,2.735745064635735,0.4170758486009095,4.156428389755204,0.4192804905560466,3.9815613520815587,87.12395640219461,28.438120932865264,7.166950620717569,0.2840966066887436,2.7573905567903534,9.13919230383806,2.7637038635627,10.805391517499247,10.020943884501202,10.38160116713849,1.0937969889355537,10.020943884501202,10.402345413649915,10.606874044869224,0.20523098048137414,0.09229381739800553,0.09209339192687944,0.10672411683064709,1.59885763154382,0.286902486830009,1.000200396418416,0.6237098073801662,0.5422387073890326,0.23449243028890943,1.0131275526016743,0.17095900857743643,0.16123860259132067,2.6845376756031416,0.2381200433936168,2.732838876190782,2.7266258777221224,2.8145103251985417,2.686942628347655,2.8682232810973356,0.9542038402716015,6.964225092420645,0.7651067088297534,0.8266359140572154,27.18689227847229,1.1880949750335077,4.183685642192354,2.8279387935367395,2.2285800119215193,0.8362561073077681,2.5846278527681568,0.8542940174366168,2.6560776409757363,5.7120954982024745,7.094197742016045,5.1029161360928255,1.0821725409737402,0.9575108032043071,1.0792664289832867,1.0397835668526954,0.09720412675884493,0.9317567226869785,0.10612285953089377,0.9892774949464187,0.12947189173558418
2025-06-24,10.004101738351592,0.7011804355531276,0.10084033537120904,0.5101040584080312,2.4110153705036703,5.794317849209997,0.5687274757315036,5.8021206529486795,0.6968787881363483,5.772008510435424,0.8577430758680425,0.28921568474802034,0.8182273000753036,1.1874749594662084,0.11644658206605397,0.9337734727680135,0.5634253670950803,15.18857543017207,0.2343937605559802,0.9833933878727272,0.43657462374598277,1.0744297871736586,0.29061623886615195,0.6239495691465063,0.8134253457242272,0.8101240832026171,0.8859543573288691,0.2899159618070861,0.9610844307205305,1.0461184443259726,1.431172444563763,0.14425770384447725,3.850040077065983,2.723089357813438,0.416366535933221,4.155061988174176,0.41836734388579655,3.9413766605274927,84.89046009028613,28.476490693933826,7.2212887840683155,0.2839135570304782,2.77130841350212,9.239195556152149,2.767807257180216,10.788415708080107,10.003901462928923,10.365245951896384,1.0921368364240227,10.003901462928923,10.386053835596739,10.59033598791079,0.20538215973034724,0.09293717448832561,0.09303721679406626,0.10704281521873887,1.596138485911943,0.289015600136539,0.9730892021115087,0.6300520162288549,0.5448179180119314,0.23459384516746154,1.0152061160157424,0.17246898530530377,0.16166466433985704,2.6852742439749337,0.23771507733342362,2.739295791558811,2.7296917302077084,2.8154260971966916,2.6858744596471404,2.8929571096016535,0.9525810446248812,6.942777110844339,0.7744098005413104,0.8087234527600103,27.201481178408866,1.19057625186305,4.179872022051009,2.847238749015231,2.2376950047597166,0.8369348105453119,2.59133652240193,0.8346338565943956,2.6608644556455396,5.748599488623575,7.145358143257304,5.0870348139255706,1.0700280020455448,0.9558823834709665,1.0670268473600377,1.0275109952428239,0.0951380575118231,0.9313725337547129,0.1062424958539324,0.9890956657321133,0.13005202080832334
2025-06-25,10.00490235352051,0.70445226275247,0.10075037213430935,0.510955474685585,2.434611318110227,5.814107004674212,0.5701851093393376,5.817708659017009,0.6996498279657407,5.78489256835449,0.860130077245654,0.2914457144648985,0.8191095822569487,1.1965982838831524,0.11795897910808431,0.9302651661524122,0.5664832309343149,15.191796337621936,0.23741870477475066,0.9819910107641712,0.43681840767796004,1.0654326949851878,0.2919459760397777,0.6240119953165059,0.8152076373880299,0.8115057589830071,0.8688343805691908,0.29254627084660495,0.9610805158438595,1.046323179900497,1.443821886529202,0.1455727883014994,3.894447223611806,2.749574860672524,0.4224112178159392,4.2099049402631,0.42461229241329645,4.007303639612775,85.20710550587793,28.414207103551774,7.2539272565970485,0.2837418770420366,2.7857929208744996,9.205402872334604,2.7729865298860368,10.79099608397949,10.005002501250624,10.367583694190845,1.0924462475378314,10.00490235352051,10.388593955180715,10.592796398199098,0.20660329783421985,0.09354677720329892,0.09334667257334722,0.10755377688844422,1.5962981796073819,0.2900450202212923,0.9511755847406125,0.632716374972154,0.5501751043368364,0.23611806284612033,1.0179089331042475,0.1749874914569101,0.16308153313717405,2.704252211554996,0.23773886073285666,2.756778474686562,2.7508755598502375,2.8355177955188533,2.7052527728708102,2.8883441965123184,0.9526763503822223,7.004502006862806,0.7766883166925259,0.8093046462195942,27.442121939876188,1.2039019692951944,4.235117436648012,2.8455227980201037,2.240520284556341,0.8421210422105584,2.5848922996654577,0.8358179181143306,2.6781389962559405,5.76838406996467,7.17648802428558,5.121160433732491,1.061330683652373,0.9559780195273417,1.058629290231053,1.0193096273478537,0.09514757607685678,0.9411705822393619,0.10685342976664113,0.9948974731506378,0.13036517991967175
2025-06-26,9.984025559105431,0.7097643404342115,0.1016373832385761,0.5121805035649016,2.443097117609871,5.855630990415336,0.5739816461508267,5.8623201169145,0.6994808062958642,5.831269943676056,0.8571285790147873,0.294029560332862,0.8310702662117565,1.204073467193701,0.11811102160249656,0.9339057599393705,0.5705870759372894,15.146465118700704,0.23682107940649455,0.9809305111821086,0.4371006267901046,1.0841652989006652,0.29273162634608846,0.622703663457316,0.8150958405516019,0.8099041807765778,0.8712060916157196,0.2919329050630807,0.9582668066786502,1.0443290582480143,1.444388959354486,0.1458666099907872,3.854532820729021,2.7623801185681036,0.42192490336994015,4.188698168379811,0.4233226989404843,3.985722758137761,84.98053505016973,28.842153335912542,7.2860425272688705,0.28314697094999564,2.8107027657115804,9.27745587528704,2.7821485988629133,10.769867820861622,9.983925621349591,10.347244457695812,1.0902555605854851,9.983925621349591,10.368110729863469,10.571885032775684,0.20786740909369228,0.09544728853451177,0.09524760345300547,0.10772763540188726,1.5929513084240996,0.2908346561578135,0.9531749323153268,0.6350838719084622,0.5498202844930533,0.2365215708272526,1.007987211306636,0.17511981744735766,0.16403754298298504,2.7314295783972207,0.23724040665184729,2.7840455880942057,2.7785541912237295,2.859325226122579,2.7323284088232267,2.907547935510215,0.9506789259255504,6.980431041778467,0.7784544850309817,0.8078075445498141,27.70846674617487,1.2111621162000175,4.229133350018876,2.8702077774194104,2.2453075018934547,0.8504393001714835,2.5818690705223206,0.8351637532535834,2.7023763321459104,5.806908896936776,7.212360369892547,5.12090628139508,1.0788737775418706,0.953973672641352,1.076477632735865,1.0376397794047103,0.09504792789300791,0.9451876813992144,0.10772763540188726,1.0038938004368791,0.13208865357664065
2025-06-27,9.9849225185659,0.7133300293700074,0.10224662776952734,0.5139291185292374,2.448023978436642,5.89725397255679,0.5786320595400843,5.908337201229406,0.7046430323996427,5.85491757480966,0.8451322954533044,0.2951572587712669,0.8337493759360958,1.2074887698969123,0.11802296250448545,0.9387917787625202,0.5720419462359195,15.158662153254493,0.23794308461014532,0.9650524366038832,0.4376435529810752,1.0653020713071018,0.29465801526591945,0.6222665970526632,0.8009985144353782,0.7969046186579505,0.875087362852206,0.29385921423041217,0.9455815970867917,1.0448327447793153,1.4563155876536757,0.14707937635782653,3.8549176966971417,2.7822268062749624,0.4187718285243034,4.185821182776616,0.4222666092414113,4.013879083718172,83.68746684660509,28.723913641256864,7.328307465559472,0.2835746342339518,2.8219670006708686,9.3748378896499,2.833050534062188,10.7753372382832,9.98502246630055,10.352670457204818,1.090863704443335,9.9849225185659,10.3736399794839,10.577134786102096,0.20918622828696407,0.09595606247306286,0.0956565144653625,0.10813779254823819,1.5931103649701228,0.2926610031546918,0.962156770947095,0.6367448872467665,0.5535696318193608,0.23794308461014532,0.9918122998607557,0.17643534774132746,0.16475287069395905,2.7468797414230215,0.23726409515975058,2.7983025461807287,2.788317523714428,2.875286984074669,2.7467797936883733,2.9208186621435033,0.9507738514298864,6.99989993037787,0.7837243920496209,0.7958062600922834,27.806191103969045,1.2135796396957297,4.216674865631241,2.8857714404955064,2.261208254756537,0.8535197539384283,2.578032974951635,0.8213679694081923,2.719720468125936,5.866799775922054,7.265901075145094,5.141887388643597,1.058012971387645,0.9540689271268877,1.0561157927415517,1.015077420490358,0.09365951187659428,0.9447828531860412,0.10823764505829146,1.0078881921258735,0.13320020122404283
2025-06-30,9.963136395337251,0.7148550363654478,0.10222178169654116,0.5142970900855312,2.428876164782103,5.87097757827289,0.5778619109295606,5.8809407146682275,0.7209325556476194,5.8603169493576885,0.8458702951666723,0.29371325637378026,0.8330178400951634,1.2008568175679672,0.11806317008538135,0.9388263759782165,0.5734781445978979,15.128026545920717,0.24080900743542835,0.9649297446858731,0.43787985217634207,1.065955941653577,0.29371325637378026,0.6216000736240753,0.8022317091069683,0.7969512589794713,0.8819368002696663,0.29291620622228026,0.9431105276687195,1.042642238974583,1.458204648902576,0.1471555291198931,3.8295306876276527,2.7761284711411527,0.41924879775883916,4.173856657126445,0.4225366130059989,3.9932249456308533,83.59021814598485,28.886421023463186,7.342333488164105,0.282454920608446,2.808508664425999,9.334661581250934,2.834313151203827,10.753213597968765,9.963036666677045,10.331075557546452,1.0885723038381037,9.963036666677045,10.352395599173683,10.55554409621899,0.20783103128775093,0.09534721226286956,0.09524758812012253,0.10859818290854113,1.589618442281138,0.29281657257794597,0.9708080346857253,0.6389359096684065,0.5485703036095548,0.23762080682942838,0.9834611844622163,0.17774235481307055,0.16508916703023033,2.7370728426890816,0.23674403836055616,2.7808108533581994,2.7739365689721467,2.8545383059243297,2.7332868022107264,2.8924978312665015,0.9486898597260448,7.169174128965016,0.8019328271771399,0.7945601275281459,27.56062578226188,1.2079306352871328,4.204144676902492,2.8623095401506613,2.257845921263201,0.849755912279838,2.566802878178863,0.8210621068258381,2.70200271203578,5.825346243313801,7.2755803526950285,5.139782852274708,1.0636644628497605,0.9519777129795537,1.070837933216435,1.0209225985922399,0.09355385417278822,0.9447045899653703,0.10819965783279113,1.0004981385767193,0.1336056575412186
2025-07-01,9.914832537830904,0.7118778807431867,0.1016260162601626,0.5096173064235465,2.4121594811960887,5.861193467623749,0.5744596334196806,5.870116969646974,0.7228832407506383,5.838290457921253,0.852369633360134,0.29298036126373733,0.8243109199846167,1.1990878687428739,0.11729129410773403,0.9340670145198559,0.571088622586963,15.059983652308894,0.23973825406678348,0.9736267791814613,0.4341661800072114,1.0741621687278469,0.2908982763492751,0.6201665599549926,0.8102320168620178,0.8035891637096749,0.8850882078432124,0.29099742595151423,0.9503271710700089,1.0377751156944806,1.4594487105715068,0.1466389050352273,3.8261947616707257,2.7509418149422777,0.4164187983343248,4.1576442230605855,0.4186000517618791,3.9616300547711556,84.20582986317667,28.56434661907595,7.302002582478187,0.28098354305560075,2.7916915261175763,9.24340648450668,2.817965508831084,10.702458369738995,9.9147332936744,10.282371168497795,1.0834820422297926,9.914634049517897,10.303489598825104,10.505651155918477,0.20682134255752094,0.09518144340144484,0.09498314419696663,0.10797144897206776,1.5818957272631153,0.29119572515599246,0.9696609463787211,0.635930987404803,0.5417410211148963,0.23626809363182683,0.9759072011221077,0.17628396476943792,0.16408882844597011,2.7209994293218944,0.23559388390094213,2.7708705256861306,2.771465385477859,2.843942061648727,2.7221891489053514,2.8855840625116187,0.9440809163266223,7.201566285801483,0.8034899951965828,0.8011104803862563,27.551952137399613,1.2009716166311517,4.181439522450674,2.841959296534181,2.237457844229083,0.8460242101036555,2.5526471490687896,0.8291691181183618,2.6965100259835726,5.813305741521354,7.243406774977382,5.100931791282471,1.0692048020810097,0.9473527964679538,1.064941539382405,1.0253816990773876,0.0941899662899068,0.9349593798508608,0.10787229936982866,0.995240900787408,0.13285742235306636
2025-07-02,9.903050205640968,0.7074668492910106,0.10120816267606267,0.5095068405915969,2.416927060365063,5.807882555642206,0.5712022212831827,5.818478785828567,0.7147950119347968,5.8050109174233135,0.8514557670522241,0.29154288506692033,0.8232322960330557,1.197464826390823,0.11695385640341353,0.9267181801451246,0.5686274328475471,15.055457009587293,0.23757179412872018,0.9729649435531789,0.43256090617127924,1.065458470369287,0.2894632555182841,0.6201227860158919,0.8086750214112634,0.8032283680961732,0.877995678967215,0.29035452262650246,0.9500891507368414,1.0366409220160009,1.4580114451132804,0.1470588273070878,3.8375914935004145,2.747177695208055,0.41770647955214674,4.160626011570979,0.41839968310556547,3.9623687375439443,84.25332135695187,28.426123694821992,7.291245984662805,0.2812438068778993,2.782234226649151,9.20479302832244,2.801544799925573,10.691027491133763,9.902851953202367,10.27134037603362,1.0822935325364165,9.902851953202367,10.292631962625643,10.494553280197811,0.20687264200483696,0.09635570946956157,0.09615765535895199,0.10804119476541997,1.5800158749431354,0.29451376283539477,0.9643493489148145,0.6341849961925861,0.5388195667202625,0.2366805270205018,0.9622697382545584,0.17548028632753507,0.16349772458785736,2.7090512731094645,0.23531391493611628,2.7564864933998376,2.7556940880735974,2.830065347388561,2.707268814446549,2.869380075262428,0.9429590138710945,7.153396470448975,0.7958011547866068,0.8021390374331551,27.371756783521487,1.2032085561497325,4.184293907499474,2.8229352105228136,2.2356901812917007,0.8423449946384803,2.553773072715513,0.8283818729043266,2.6771637585451638,5.763319275784808,7.211031718262589,5.103188822778954,1.0596157654981184,0.9462270058601486,1.0569420019502238,1.0170330456351968,0.09427609880930551,0.9381065889971637,0.1073479912120013,0.9903941586079468,0.13230342302116505
2025-07-03,9.933545343852439,0.7058706422826437,0.10132114641169303,0.5107777706262572,2.434982613559464,5.801331275764875,0.5708751487106698,5.812754374790466,0.7117314147797646,5.794675430475191,0.8558657361886299,0.2919439693021599,0.8255686958413784,1.1985696201659817,0.11731400039353033,0.930863207355445,0.5674977755847346,15.126751351879903,0.23621735061731905,0.9744710288479298,0.43349557355367474,1.0767855520599872,0.2930366544154167,0.6223304015682816,0.8107678826520516,0.8047084745826012,0.8789113276739207,0.2921426427675783,0.9540081545199894,1.0399324768193727,1.4721366539012832,0.14830635050338514,3.8300388131937892,2.7482866139637863,0.41790006650267425,4.165888595240017,0.4195887720121863,3.957882213583056,84.46409059302673,28.551206913678353,7.280123320238775,0.2822091968551913,2.7934836716072624,9.237012164979015,2.8105692107023565,10.725439360969007,9.933445912387008,10.304360443233461,1.0858249484314468,9.933445912387008,10.325717594460862,10.528161270658464,0.20840369069470874,0.09585774926522572,0.09575842200578875,0.10867189411327408,1.584881325635818,0.2932353278808351,0.964140236004706,0.6364358765751884,0.537896111312992,0.2370120255324482,0.9570874985012525,0.176616675142997,0.16419986775251325,2.715605492031514,0.2360385331305158,2.761795954895171,2.7610014126058533,2.8349062744455895,2.7133206903395686,2.860435000050443,0.9458627319032793,7.1128438243068315,0.7899075856070965,0.8021257574252508,27.45356114035959,1.2075096608581877,4.19310614003365,2.8238799918475896,2.247541417570636,0.8442435468736419,2.5667032348111403,0.8293433780050614,2.6860037140805044,5.756332474762839,7.203238545883208,5.1268500557980285,1.072712802858543,0.9491407872430496,1.0712227708144495,1.0317870542026624,0.09446707290038578,0.9388099943998258,0.10747988174058029,0.9895699090750176,0.13261150671967545
2025-07-04,9.947179849143291,0.7099373594606787,0.1020590891165009,0.5108922770352289,2.441020568283022,5.832189371914789,0.5742564363099207,5.839053018999303,0.7126230915114735,5.827912114620635,0.8568586430881173,0.29304684257905755,0.8267183985909834,1.1995423887186971,0.1167810581032345,0.934149046673723,0.5710733099314842,15.184920312966279,0.23445737287202048,0.9738386703061663,0.4350940184866885,1.0791803229261865,0.2937431680756541,0.6243907336890846,0.8100069661312621,0.8046354261379532,0.8898836077237905,0.2923505360553908,0.9511588853733416,1.0418780251046407,1.4813488328752145,0.14950760701254542,3.828807357625678,2.764249623479931,0.42226201892907045,4.200537140945955,0.42305778155074975,3.9935342805202736,84.44245498856063,28.590967870287475,7.317815310300719,0.28260220677819664,2.800557132646194,9.235949370679151,2.810504412065273,10.744554107371556,9.947279419078882,10.323386636762658,1.0877349892979318,9.947279419078882,10.344971455970855,10.54700128382075,0.2091912930134836,0.09549388621774323,0.09549388621774323,0.10862429201525858,1.5870884616707233,0.29384264314659647,0.9739381643500385,0.6378195836723568,0.5376504450120416,0.23624788620312345,0.9673729235054213,0.17716104114137454,0.16462746679658358,2.717994531327713,0.2363672449044964,2.773500520483624,2.7721077556528524,2.846015968880558,2.723067740972844,2.8790410094079504,0.9471799584273662,7.10693347232325,0.7928976333877714,0.8024470125230808,27.55555468128295,1.202128702617339,4.225305769558061,2.83109504975194,2.260419829833523,0.8473092639528079,2.5728637610313774,0.8291057244018809,2.6953147463948883,5.783447459907801,7.247886251694146,5.117974831051676,1.0766935030714169,0.9504625788496749,1.0727145761254413,1.0335223468206396,0.09449915448124938,0.940714211626621,0.10782851042064946,0.9957226546714523,0.1328956496237665
2025-07-07,9.926543577526306,0.7093507949620077,0.10174707166964464,0.5069485774749277,2.432193722023433,5.812487470646901,0.5719674303343734,5.821421602213929,0.7102442232654141,5.800278015924348,0.8496128284483883,0.29213818051593987,0.8277744628712372,1.2000198470284738,0.11633909337928142,0.9259479727942911,0.5671034451867702,15.15098330944759,0.23506055494516362,0.9693269954921472,0.4334921398545296,1.0774270489927273,0.2929323032448068,0.6218979702787265,0.80504266899068,0.7993845421808307,0.8800873899355706,0.2933293551425506,0.9498709791682177,1.0398054397458805,1.479749923806023,0.14919594731954727,3.809906666255646,2.766825600420172,0.4181060048827156,4.168949880745763,0.419892785756011,3.983819600677642,84.17708953742307,28.491164891521493,7.302462025154482,0.28211236923063276,2.7939248705090147,9.272880925293453,2.8138773200387446,10.723645511496178,9.926444215151628,10.30266045908713,1.0856660983381183,9.926444215151628,10.324597732637855,10.526503289718583,0.20915227014913856,0.09479849305871416,0.09459995764315259,0.10829858891614165,1.583780058087729,0.293627158265893,0.9643637237033841,0.6345046472994373,0.5340480368975635,0.2361524807973729,0.9649592920833101,0.17619614850109194,0.1640857721525264,2.7102441808546445,0.2358745198555591,2.764740808156362,2.765535101285643,2.839686393927127,2.7126264543743486,2.858844550327576,0.9452054915694176,7.076335071641727,0.7891602144133413,0.7985904005185844,27.56025334400437,1.2036926954162246,4.184832108122549,2.823506079426308,2.2560056012751732,0.8448481299419452,2.5636292412708457,0.8247964695045724,2.686618958670681,5.7656344757776825,7.224737019299373,5.1133610791859,1.0730593455838902,0.9484812691260455,1.0695850704784595,1.0302759669994774,0.09390510262206644,0.9326980254563496,0.1076037338950555,0.994639636174729,0.13261861878774317
2025-07-08,9.933445912387008,0.710936720918091,0.1025131587843868,0.5022350389717991,2.4246676600274255,5.846230039012057,0.5733585101887665,5.854574400345808,0.710936720918091,5.822390132595982,0.8531836633520258,0.2930366544154167,0.8283500485710583,1.1931061945996977,0.11612197854756433,0.9352339478084722,0.5701798105282497,15.188933607718909,0.23423065385622385,0.9729809968038362,0.4314095590064148,1.0816529193369269,0.2921426427675783,0.622529037140611,0.8082845211739548,0.802423748676834,0.8775205755229027,0.29065262967002914,0.9509288105387265,1.0406278150017927,1.469156589813096,0.14830635050338514,3.8197079445643873,2.766862109316796,0.4193900985467679,4.184762081844609,0.42078077491160787,3.983212379401758,84.23562133704182,28.747094176051704,7.314294398428963,0.28230853358790053,2.8011323158277044,9.29671227191877,2.818416717853662,10.73249171954157,9.933346480921575,10.311115719988576,1.0865202866138668,9.933346480921575,10.333167678895153,10.535114197765596,0.20939703907525634,0.09476507362524116,0.09456640963309498,0.10797655593085409,1.584881325635818,0.2929373176827075,0.9628489153191196,0.6344491798140932,0.5333266973945464,0.23631668735002825,0.9744710288479298,0.17611999147945095,0.1639018575543856,2.719578809767526,0.2360385331305158,2.773318788530905,2.7679546428576973,2.8500050031003217,2.7266314714848017,2.882487262101731,0.9458627319032793,7.064666854147524,0.7882189179906735,0.8014304192428309,27.59958231024014,1.2004569233547342,4.213171894789287,2.843647452206932,2.2549915020049265,0.8472236109618292,2.5676963368866095,0.8274560748163089,2.6962351512444744,5.802224946374913,7.224992816682912,5.1078774408727154,1.0766861963807335,0.9491407872430496,1.074103479223383,1.0339723486429981,0.09426839943496736,0.9375185979280617,0.10787721919814489,0.9996026348804804,0.13300884417724002
2025-07-09,9.943323058566174,0.7099532815539317,0.10251566490620165,0.5048225162350967,2.4363248926917356,5.848066169319256,0.5750223906836501,5.860892837583586,0.7067714212096519,5.825693692437482,0.8446852634805826,0.2925325651416322,0.8291737037849104,1.2011534558194077,0.11633687788868587,0.9375559402955886,0.5724371054471932,15.204932228096725,0.23486129898810182,0.9645023366809188,0.43313116608621877,1.0782539767466068,0.2925325651416322,0.622650879306799,0.8001392186606655,0.7957641322392053,0.8820721794220211,0.29094163496949227,0.9427264349069678,1.0417619234669029,1.4693248908467829,0.14835438079242266,3.8161480416120304,2.7647408550558694,0.41692353888014105,4.152232239613112,0.41801731048550606,3.95803915241716,83.52093263709357,28.855125394625635,7.3204730108692955,0.2828875486023611,2.796161792334475,9.278313563857886,2.8217162054220633,10.744655123996347,9.943223528232824,10.322760606340733,1.087700103307631,9.943323058566174,10.344934022555808,10.546981813040668,0.2095058138095279,0.0936661039703087,0.0934672329574453,0.10818335601512298,1.5864572243388468,0.2933280302277021,0.9666898798916489,0.6335885574296821,0.5357462570161603,0.23694938772701657,0.9629113685780116,0.17699114285632442,0.16446257249206866,2.7209902942874056,0.23627323386943447,2.7746841781144354,2.7701103344724136,2.8487620562792086,2.720493249512933,2.883165869096929,0.9468032337745166,7.053594559837054,0.7854230671549124,0.793974331054202,27.68807882957766,1.207019980010425,4.178184470587961,2.8500547368282043,2.262006617213524,0.8470717156349434,2.5659739242178956,0.8202246978598939,2.695336654312606,5.802128065340062,7.241722062175289,5.103311029475739,1.0752709494844233,0.9500845485906118,1.0710947720065938,1.0300287992233332,0.0934672329574453,0.9360644266644969,0.10728845542262135,0.9969175910930742,0.13244506010564006
2025-07-10,9.950248756218905,0.7074626713842895,0.10208955451623718,0.5029850670354283,2.4352169511330066,5.830248780511505,0.5737313417652946,5.834626914256841,0.7030846135533271,5.823780875893967,0.8523383448966106,0.29203980479074354,0.8274627230060634,1.1941293744898553,0.11631840378490847,0.9322388302627488,0.5706467509862796,15.1652734860852,0.2362189031952056,0.9731343587239584,0.432139306519162,1.0791044472461908,0.29233830010713036,0.6234825855463891,0.80955224487912,0.8030845680047031,0.864278613038324,0.29174129049576336,0.951741308715213,1.042686576273904,1.4615920337278452,0.14736318825489253,3.8111441692902672,2.7650747726212686,0.4143283521358053,4.127661557932991,0.41582090463211285,3.930049763390081,84.37810945273633,28.59402936489428,7.308756510416667,0.2828855751758784,2.7909451764614426,9.283283290578359,2.813930226795709,10.753631743625622,9.950248756218905,10.33134376943408,1.0886567528568096,9.950149156560945,10.353532629819652,10.555621550450871,0.20875621435061023,0.09402984884840931,0.09393034408341593,0.10776119327070702,1.5875622194204757,0.2938308526034379,0.9475622224570507,0.6324378246098609,0.5323383084577115,0.2362189031952056,0.9681592343458488,0.17711442026925917,0.16407959971261854,2.7115423857276117,0.23643780229103506,2.7605970392179726,2.7630846014070274,2.8374129717622822,2.706368062033582,2.883880463405628,0.9474626987134639,7.007661885883085,0.7800995176704368,0.8016915392519822,27.519103700248756,1.1996019657571517,4.151343198557991,2.841691505849658,2.2487562189054726,0.8453731252186334,2.5712438175334267,0.8287562280151974,2.686766059837531,5.781293726679104,7.240199150730722,5.078905399759018,1.0749253609880287,0.9507462990224658,1.0727362941153606,1.0319402893977379,0.09432835365409281,0.9339303543318563,0.10756219323001691,0.989850779670981,0.13233831035557078
2025-07-11,9.956093092735713,0.7040023803710938,0.10215053991320028,0.4990043700904497,2.393828118194009,5.81361990153481,0.5717841527795279,5.817303644238787,0.7038032899383339,5.805754728024816,0.854739132557956,0.28972521287803393,0.8216845756600645,1.1836917501956237,0.11509359238965253,0.9291119045681424,0.5697929066331773,15.194743470526559,0.23367183705052263,0.9786937778948408,0.42761848628971977,1.1120071927658925,0.2888291540111692,0.6246515499648227,0.8145161047251469,0.807945057007954,0.8490641057277666,0.2893269560527916,0.9561927610068434,1.0437077044111378,1.4596774254316165,0.14735165462698988,3.8264634266454167,2.7462165130651695,0.4066109135064505,4.0530664709069155,0.40840303124017996,3.8651931622929423,84.9900476963859,28.505972646138243,7.253883085323016,0.2827558703557375,2.7709079804718613,9.201513462833844,2.791517372389611,10.76443701424669,9.956192751891678,10.341795902715551,1.0898048495068962,9.956093092735713,10.364097677251344,10.566109217101006,0.2076861868812382,0.09368777227610622,0.09358820806979563,0.10722820049545671,1.588510583948206,0.2938072503871151,0.9311031127346318,0.6270410149565545,0.5273795422212577,0.2356630831968732,0.9588808996275762,0.1755276698602808,0.16268419108510446,2.694743166687668,0.23657904351104167,2.7508959358121143,2.7419354231031896,2.818697584145385,2.690661091198726,2.8757466779957253,0.9480286859886811,6.973416697974226,0.7788729924027638,0.8064516129032259,27.260155413835374,1.1882715897463272,4.080446000974618,2.832138505128217,2.2273994546067617,0.839107912975875,2.5725807910039578,0.8330346293204431,2.6672639774640023,5.76891669330726,7.189366543069868,5.053962516101031,1.1041417913767315,0.9513142478271387,1.1021505072505196,1.0622262290064342,0.09488251426693739,0.9223416904584671,0.10673038895886906,0.9837713815073054,0.13231780129284176
2025-07-14,9.953120237228775,0.7051856123631044,0.10182143467937024,0.5026376032646561,2.3989688345148896,5.819050608623843,0.5718124889314169,5.831890043553113,0.7083706396829433,5.806011914898415,0.8634418234298796,0.2889419795625113,0.8151687222641476,1.1849308554967435,0.11585548266470344,0.9296307507303564,0.5673335323977307,15.191599968429632,0.23539364604887303,0.9878570717627152,0.42649545609755246,1.144321700216016,0.29053449322243075,0.6236687553240978,0.8206429476285676,0.8149696153420719,0.8411466321910069,0.29073354319172545,0.9658604649699148,1.0434955343673795,1.4799442862686,0.14899970406120044,3.809296319505356,2.7314620550988478,0.4013138219849131,3.994724854220321,0.4030058891058704,3.818950954925911,85.65741017219071,28.342889493598836,7.284960514682554,0.2831691127992381,2.766298324632042,9.17457967085946,2.778341939369339,10.762714800982259,9.953120237228775,10.340001844844855,1.0894794374885304,9.953120237228775,10.362396589544765,10.564547068232432,0.20712650010891195,0.09375933190299537,0.09395839136442023,0.10749477645799606,1.588036260095131,0.2939185894958247,0.9204738066779495,0.6316313236236952,0.5288145821450705,0.23569224947920556,0.9686473543826438,0.17726684050903138,0.16333233649260584,2.6914502205843474,0.2365084018139646,2.7400219821331926,2.7339503600655046,2.8138747034445917,2.6803026629334314,2.8770777103473053,0.9477456078501356,7.02149907641118,0.7851099557421914,0.8150691688031098,27.17229023589131,1.193391077195968,4.02309159158984,2.8377623703748633,2.2298198345704874,0.8345774706292535,2.570220075508392,0.8410470787299692,2.660396223200178,5.770876757170984,7.197969470247648,5.032945194208315,1.1417338417883214,0.9510301886310124,1.137951645576338,1.0950532163139883,0.09565043950111721,0.923857864982823,0.10669851962803632,0.9745197935912151,0.1324773606013407
2025-07-15,9.964029396516292,0.7130330565822415,0.102032680062955,0.5075727244590373,2.4374293254732184,5.854225082671134,0.5734356241237599,5.859605493465711,0.71522517715521,5.840872882038723,0.8629932304738099,0.29075329120342547,0.8215424167820067,1.198086865920382,0.1169788737656254,0.9324432227087952,0.5686528467001217,15.198286656318503,0.2367477105309071,0.984954149801924,0.4309485850936628,1.1245516202705417,0.2951375133442945,0.6241530429418936,0.8190513844982282,0.8137704082198616,0.8449581810657415,0.2934436106311225,0.9626345218249458,1.0448385871896329,1.49242724969407,0.1506576313826134,3.8667796664429925,2.743623018169745,0.40404542882682887,4.028298114580479,0.40494220196939457,3.8384815761890008,85.44191107326127,28.410721889479124,7.334496082657122,0.2834794814960089,2.7777999081237232,9.184635507485552,2.804802612937176,10.775906443833449,9.964029396516292,10.35273017138302,1.0909724777179108,9.964029396516292,10.375149461937026,10.577421769909575,0.20864886941069766,0.09396174078493205,0.09396174078493205,0.10860900377172453,1.5897768339154823,0.29553606862706366,0.9278597324290756,0.6384017506459169,0.5321841355860114,0.2368473541028664,0.97957351094653,0.17935432443204463,0.16450777430133356,2.7063569684292794,0.2367676278422581,2.7525906735751295,2.7482064324291926,2.8267238186668617,2.7009765576347027,2.8844162115018745,0.9487843884087597,7.122459122744059,0.794340386814499,0.8122757736455402,27.30171383021124,1.2026703562001015,4.05699485514258,2.8408727117533132,2.2478078551005445,0.8396771287671025,2.5754284697160537,0.8388800562117004,2.672777901896921,5.802411489536108,7.246512652108659,5.062574597172834,1.1235552225610848,0.9520725692682126,1.1203667042786594,1.0784177297422637,0.09545635635418548,0.9292547044263698,0.10721403177443041,0.9828616918059828,0.13341969254008323
2025-07-16,9.996101656993453,0.7164134163229239,0.10225909178564901,0.5104957986287907,2.4559925480491396,5.881947147898653,0.5782686772703027,5.881647585106582,0.728508569106537,5.860655615683414,0.8607557038219867,0.29208315986959704,0.8316673025613973,1.201819305846997,0.1175529810963798,0.9339264324787663,0.5737705070559667,15.282586916405313,0.2389044344115381,0.9841063269516411,0.4316273521109134,1.1211515759906974,0.29638144360785956,0.6261495340828512,0.817572979963288,0.8131747148552688,0.843962418084524,0.2946821225733339,0.9618152860925941,1.0482807151797484,1.498000805781203,0.15073970335571826,3.892143093934301,2.752598911607232,0.40863655605872884,4.065273914848123,0.40983606557377045,3.8783485629185823,85.35585765693722,28.659337046431425,7.370651592878473,0.28398640391255603,2.785385784650983,9.214014589476708,2.808876449420232,10.811775143458242,9.996001599360255,10.387245248385021,1.094562175129948,9.996001599360255,10.409836309616777,10.612754409954768,0.21011595819435896,0.0937624961459508,0.0938624584498476,0.10925630053154518,1.5948620856833047,0.29618151900006595,0.926429431279246,0.6401439515746435,0.5337865006585256,0.2387045098037445,0.9858057051837468,0.18012795339627818,0.16513395099723782,2.70201916791877,0.23752498130996624,2.7610955739774403,2.755697647698733,2.8352660400683476,2.7058176973351284,2.8976409924311524,0.9518192844932339,7.2610958058182975,0.8109755823012591,0.8120751485782639,27.439224505510293,1.2065173625374068,4.089364315309032,2.8514595138507097,2.2523990586870717,0.843962418084524,2.582866999684501,0.8375649831620086,2.681727296874219,5.838064554451656,7.290783637716788,5.073670605000187,1.123950444236368,0.9551179833242484,1.120351877559523,1.0774690215466547,0.09546181718047643,0.9352258852318447,0.10765694180091634,0.9843062896911547,0.13384646484728863
2025-07-17,10.01401962747847,0.715902241776182,0.10214299829025773,0.5096134527303068,2.4595242665904142,5.86100570095008,0.5748047418974455,5.869016794410612,0.7244141431793574,5.846485250248786,0.8650109879172638,0.2914079749796688,0.82495490940735,1.2004806454377925,0.11756458813457003,0.9345083085802546,0.5723012369905759,15.309233219476017,0.23613058205193324,0.9838774283997597,0.43140398388799006,1.1224714233716266,0.2976166564525785,0.6277788766944621,0.8183456961816856,0.8127378696385877,0.8383737354366425,0.29601441484020014,0.9624474325090283,1.0503705126141443,1.4995994392149008,0.15151211810976284,3.9052674843413593,2.7533548188166557,0.40376526832389564,4.025836060621589,0.4052673865481987,3.832265195688026,85.24283606423994,28.55367631872121,7.374224060168611,0.28509913191823044,2.7936110677018138,9.215702276155367,2.804225904058651,10.83276597001427,10.013919389489034,10.40727037383587,1.0967353959850432,10.01401962747847,10.430002393976567,10.633486734944547,0.20979371883576461,0.0945323410813469,0.0945323410813469,0.10965351301086658,1.5977368621245525,0.29751651396427653,0.9185860540449989,0.6403965628173388,0.5315441801627747,0.23883437193540683,0.9993991893827139,0.18095333161249968,0.1655317513183007,2.7069898590448505,0.23795312567844004,2.7576607739116015,2.754556452275373,2.83226503677414,2.7013820325017526,2.8842378230890433,0.9535349611526449,7.236130338333041,0.8068295583299041,0.811536159778964,27.378329661526138,1.2082916449239873,4.045964337865981,2.8429801111204123,2.254356049641373,0.8417784654375501,2.5904265238912605,0.8375725955302267,2.67905065871517,5.810735126833817,7.287202205157533,5.07250158767196,1.1199679184647569,0.9568396059659304,1.1146605002863383,1.0729020567759708,0.09533347143764943,0.9273983638128537,0.10745042601878958,0.982275148586928,0.13388744127337354
2025-07-18,9.984025559105431,0.7098642020179822,0.10143769815706978,0.5027955332503151,2.4414636837407806,5.798022967938798,0.5684904016244907,5.796625667486709,0.7169528510242986,5.773861796711199,0.8661142172523962,0.2889377050125561,0.8154952107146145,1.1915934352448192,0.11691293967798495,0.9260183706070287,0.5650958314109534,15.264077232287715,0.23562300700349167,0.988917762098221,0.42731628631250546,1.1385782839010319,0.2948282816158697,0.6262979187523595,0.8207867320734091,0.8159944424613977,0.8165934596198816,0.2946285965343634,0.9668529985811763,1.0476238049638158,1.4902156001081863,0.14976038338658149,4.063198893976669,2.734025522542838,0.4028554160754902,4.010383313456282,0.40445285864150565,3.8252796989660296,85.78274760383387,28.360424102685705,7.305311623472757,0.28424520081224536,2.771565556145324,9.11092240208635,2.787440120221708,10.80471197256265,9.984025559105431,10.38059076181235,1.0938498158805288,9.984025559105431,10.403154757076178,10.605731025671426,0.2091653430804658,0.09474840027074845,0.0946485577299953,0.1087260417664013,1.5929513084240996,0.296325881641132,0.8952675536036873,0.6341853080847012,0.5265575247450759,0.23682107940649455,0.9958066879369961,0.17931308990088515,0.16383785790147873,2.692292368830964,0.23724040665184729,2.7350239860364045,2.7286340634282022,2.8098042399738543,2.6781149184741913,2.836162213700267,0.9506789259255504,7.166433486694726,0.7972244256601547,0.8141973148138759,27.16653354632588,1.1992811775816896,4.039536802151714,2.7987221178536217,2.238917731629393,0.8341653659320868,2.582967167083448,0.8418530320968872,2.6575478501974965,5.750698784288888,7.236222337229184,5.043130941665211,1.1340854266961924,0.953973672641352,1.1302915244056775,1.0893570348477593,0.09574680663526249,0.921325866406718,0.1064297109366225,0.9710463472067739,0.13298721740040154
2025-07-21,9.950248756218905,0.7105473001204913,0.10109452584489662,0.5045771053181359,2.4494835393345773,5.831741560750933,0.5734328464489078,5.944278849891169,0.7109452432660914,5.804179177355411,0.8682587277236863,0.28895523299032183,0.816218893326337,1.1901492598044932,0.11731343245624903,0.9262686202775187,0.5681591887972248,15.213830748600746,0.23592038890022543,0.9895522084402207,0.42786069651741293,1.1367163966544231,0.2950248718261719,0.6243781094527363,0.8242785705262748,0.8172139030190843,0.8146268930008163,0.2942288526848181,0.9682586821750622,1.0441791287702114,1.4813930834110696,0.14945274087327037,4.1047761072566855,2.7184080816620027,0.39950250274506377,3.9876617887126864,0.4018905411905317,3.7995025482936877,85.73482198383084,28.17771251166045,7.308656910758707,0.2835820895522388,2.7690548113922575,9.130746414412313,2.775124317377954,10.769751098025498,9.950149156560945,10.346865525886194,1.0903482769259172,9.950248756218905,10.369452784903608,10.57134372084888,0.20786069044426306,0.09532338232543339,0.09522387756043998,0.1084577076470674,1.5875622194204757,0.29572138620253224,0.8995025027450637,0.6362188918080496,0.5268656792332284,0.2368159128065726,0.9973134662381452,0.17830845847058652,0.16407959971261854,2.691343392898787,0.23643780229103506,2.7354229220110384,2.7323383691892102,2.8085573111007465,2.685273583255597,2.8501492780239426,0.9474626987134639,7.081492561606033,0.7914427951793765,0.8170149314462842,27.186069165889304,1.1987064798079914,4.013034801578048,2.813930226795709,2.2354229220110384,0.8338308761368937,2.575820846937189,0.8430846105167522,2.6543284553793534,5.788656813588308,7.234726635377799,5.003184152479789,1.133333348516208,0.9507462990224658,1.1298507766344061,1.0882587337968361,0.09601989670179377,0.9227860483957168,0.10656716455867635,0.9703482253041433,0.13283582469124106
2025-07-22,9.901970492127933,0.7045252156241104,0.10080206263170395,0.5015348205354878,2.419516785048721,5.785325376429597,0.5687691714695414,5.80968383704451,0.6962075211267824,5.777898898560501,0.8690959168538114,0.2876522352417125,0.8139419442345004,1.1910089987057815,0.11723933213771554,0.9241509241613496,0.5654024999912971,15.138627345142465,0.2355678870732483,0.9921774130928032,0.4247945492214963,1.1415981871029544,0.29210812951777404,0.621150604438423,0.8269135769504948,0.8195860643931717,0.8134468910375177,0.2905238157499544,0.9697990141737425,1.0393108137882232,1.4583622019932359,0.14753935655540423,4.2145757489138775,2.721061370363093,0.3965739106551198,3.9506882957355,0.39815822442293947,3.764630185576852,86.14961877413606,28.040995221525648,7.246261885265559,0.28230518099694857,2.7488858832712397,9.086444347444672,2.7651252599267258,10.719081290536192,9.901970492127933,10.298148428216903,1.0851569099702014,9.901970492127933,10.320626094631894,10.52153625397626,0.20586197559686448,0.09466284205977522,0.09446479811717029,0.10783246205884497,1.5798594222374276,0.294583622140806,0.8963263357071632,0.6292702172201262,0.5261907059079952,0.23536984313064335,0.9827705713436975,0.1764531111478782,0.162788400178806,2.6661055550054464,0.23529061422169545,2.715714523869938,2.719873182253503,2.793048889238724,2.6683831170049324,2.8322606077759866,0.9428656423477882,6.954351988555488,0.7756213667794305,0.8177047413709743,27.042281414001387,1.1983364357170652,3.9752449891581163,2.7972075476222895,2.2172492144662375,0.831468474311349,2.5636200999750907,0.8450341255360989,2.6445193318568054,5.737003712078548,7.166352910869889,4.9634618255829785,1.138033471682105,0.9461333107412399,1.1351618911738632,1.0911971180140825,0.09614813385629244,0.928804862380016,0.10585206040581543,0.9622734954468342,0.13149816549134757
2025-07-23,9.862806886619735,0.7013512240886829,0.10040438214001166,0.5003451971815399,2.430400477792281,5.8020516770021695,0.5703718496010917,5.812506332871523,0.6972088217911653,5.794950071929862,0.8753328730644048,0.2876023261407645,0.8112239865864483,1.1900582272621498,0.11697405717208054,0.9218857995926928,0.5647499587881764,15.098826266073454,0.2343426395984006,1.0010849196173193,0.4230200156785525,1.1548475819892556,0.293026916702561,0.6191932022812593,0.8323305985762741,0.8260183450044383,0.8089554851865707,0.2918433785638415,0.9784002066105354,1.0353092141306157,1.468586585427403,0.14784495286633953,4.305947199647555,2.7108196676547553,0.3949107497339712,3.9437812935354817,0.39767235126564965,3.7543149610068487,86.6111056317191,28.135811632372523,7.224184061274842,0.2813887038824885,2.7551040175351673,9.102968854986006,2.7616135713581222,10.678371177738805,9.862806886619735,10.259000238481976,1.0810730901504246,9.862905611993293,10.28158547363522,10.4815067630252,0.20643061746893956,0.09478251954509563,0.09448663501041576,0.10770293003544675,1.5736266204927292,0.2941118423397201,0.887858730082517,0.6288588452661328,0.5261859993502426,0.23483577735420044,0.9568004944889088,0.1759542376229203,0.1624420486572097,2.671072170078102,0.23436235457391286,2.723148299669747,2.724923550441827,2.7964296161287785,2.671072170078102,2.8524508477668222,0.9391458844136811,6.927310241163453,0.7758161915584315,0.8244402439874803,27.130486337564108,1.196962231091346,3.9674525077978595,2.80727887250037,2.20800863119822,0.8323305985762741,2.547095374297268,0.8522537100513796,2.6452314055333983,5.763783555068917,7.131078208218266,4.946838914671996,1.1497189041801383,0.9424006613251584,1.1471545276515804,1.1047440786688083,0.09685373009985421,0.9294802038048084,0.10582897270180815,0.9649866489583847,0.13137389974183075
2025-07-24,9.85017720877044,0.6989755622978,0.09988180007213115,0.4975374145147085,2.429858148332841,5.78447586913293,0.5727935532493982,5.791568380345314,0.7029156876512171,5.756501422518347,0.8587470479233233,0.28615050469917797,0.8052600472813239,1.1892238313330732,0.11633176142254432,0.9147951413177899,0.5625492573911699,15.074960935576119,0.22901891252955084,0.9810874554188446,0.41587865662631135,1.1414499335443062,0.2922576839666464,0.6181048069345942,0.8147163030385408,0.8106777290362275,0.8042750347308797,0.2910756426030393,0.9577423498515918,1.0341804360103382,1.4764578348074118,0.14854215842894067,4.241922918128817,2.7071511679695197,0.38652483922839637,3.8524429285216275,0.3881008818545992,3.671493410030813,84.9679885275069,28.099782716767635,7.204984359801332,0.28083136553272103,2.7445823964028024,9.072990808269,2.7530534893062946,10.666075121050655,9.850275807722616,10.247341002696514,1.0797872610971437,9.85017720877044,10.269700118741998,10.469661198609264,0.20429471799761786,0.09456265151171914,0.09436564148646627,0.10825452887232234,1.5716115351827997,0.2916666726787979,0.8821906772911127,0.6242119674141525,0.5208825952336016,0.2338455454207857,0.9454295050919385,0.17494090059970288,0.16174152951432177,2.6562254103832683,0.2340622451758178,2.7048857969219426,2.7042948044220045,2.7787628654798624,2.6569150018353835,2.8265367632686296,0.93794327443561,6.997832770982627,0.7835894705649903,0.809889688935216,26.874507967180115,1.1922773927849424,3.8763790265888187,2.786642965883416,2.176418409655656,0.8271276715987306,2.543045837546635,0.835303418555534,2.6292357508642077,5.739952430093824,7.135638033338567,4.895291580188172,1.137411359541993,0.9411938834885522,1.13445624673902,1.0924941259073029,0.0952521678121941,0.9223798206230146,0.10539794926384098,0.9555752771496303,0.13159968140935033
2025-07-25,9.840582562487699,0.6896280439977828,0.09820900946896603,0.49193073881585114,2.39684899429054,5.727022047517713,0.5636685571668655,5.741094008507491,0.6920881896384047,5.717968879734243,0.8556386237772307,0.28340877029187705,0.8044676244833694,1.17801612954608,0.1151348141041639,0.8976579533625578,0.5600275521296212,15.06238943759533,0.22771107448975042,0.9771698784861033,0.4085809924991505,1.1382601669843073,0.287246610254454,0.6165125125553916,0.8129305314933237,0.8079118133647027,0.7874433836160835,0.2867545698646766,0.9563078164256621,1.033556374525653,1.481106027424089,0.14918323014575977,4.184707734697894,2.680180922569991,0.38122418498786453,3.7991537819742054,0.38230661753710976,3.6221214974637435,84.84599296090828,27.820311923403363,7.090041234347323,0.2804566030308994,2.7190513438161164,8.994292462113757,2.729088629917985,10.660008064664927,9.840582562487699,10.241684803834136,1.0792166716093812,9.840582562487699,10.264121620374926,10.463687721797506,0.20310961808353117,0.09299350333856658,0.09279669656736647,0.10539263961963169,1.570064977875987,0.28704979409854303,0.8643967362516298,0.6138555507588588,0.5145640712018041,0.230860057906639,0.9349537702837085,0.17161976514522354,0.15902381270824748,2.6382602450651014,0.2338319142909764,2.6868727469486506,2.677720776929369,2.7556583229610006,2.630584602678791,2.800432853496021,0.9370202836125086,6.886439557104593,0.769041542273951,0.8064357109647922,26.641409651920142,1.1794922319459906,3.8192283541779424,2.7659908145273135,2.143672469375031,0.8196221306389229,2.544774710721468,0.8326116966182991,2.6061798498119524,5.685396575477268,7.023518800125467,4.859378051157191,1.135308037262173,0.9402676938767743,1.1317654215334625,1.089155681019246,0.09476481120292184,0.907695314542113,0.10421177083829847,0.9485337471919744,0.1291084420936733
2025-07-28,9.86572602835808,0.6879439952341515,0.09767166158770987,0.4883583267561168,2.3940725409335384,5.701361628338965,0.5605761611565137,5.711227453121917,0.6857735017386589,5.672257324796826,0.858030793416566,0.28265587626805716,0.798243919318364,1.1728492231000194,0.11414758972794217,0.8961128831003817,0.5574191002367798,15.099941094089138,0.22503945803021294,0.9777032209364749,0.4048934581247765,1.1264798767282536,0.28670086292366204,0.6178966166941124,0.8142265072937734,0.8092935949022975,0.7707182591414959,0.28650356072935423,0.956195719898829,1.0363062442336952,1.4926005651749488,0.15035516743407817,4.350828729281768,2.670580134583724,0.3799328958320166,3.7776242491760494,0.3812154635916381,3.6072415635636594,84.79676400947119,27.649665236378997,7.068370286178288,0.2801894200723192,2.709352753721266,8.937549064172565,2.7188238612101974,10.68883231990245,9.86572602835808,10.269337257439448,1.0821823445284753,9.86572602835808,10.29173287238864,10.49171212910665,0.20313733378638407,0.09204814447223811,0.0918508328691466,0.10467639755995704,1.5740923742280764,0.2859115976937286,0.8495461780816058,0.6102999270950233,0.509273864758137,0.22987370991575126,0.9016377208923484,0.16998815649404428,0.1582478385509801,2.6299329846509347,0.23443171991169123,2.675809009675445,2.669100321082497,2.747533447458317,2.6232242960579866,2.765588075416523,0.9394238478759187,6.877762479112199,0.7625296065067813,0.8070244973535696,26.595204631079813,1.1767955680672542,3.80327545382794,2.7262232297974114,2.1419692246482986,0.8160023587655155,2.547750495603542,0.8333662314591863,2.5963892406051143,5.654301451432395,7.008188393704987,4.8501379770280435,1.121941606360528,0.9426795881191576,1.1186858661172892,1.0758682226890077,0.0949092332829428,0.9031176096638451,0.1037884812328697,0.9369573916801808,0.12855169428740323
2025-07-29,9.936506456335701,0.6977345113344905,0.09876788136310911,0.49632353699264165,2.4319277279706752,5.758346775946443,0.5658783859592553,5.768481498681873,0.6937599333746445,5.725655608791236,0.8639705579117865,0.2854729684244468,0.8023648648648649,1.1818362722715248,0.11575913770399715,0.9063990582343315,0.5618044606073862,15.21104894495541,0.22714626997567133,0.9846979180655911,0.41037360132214373,1.136724975416126,0.29222972821355436,0.6224165281165385,0.8196541918101106,0.8138911333675415,0.7766296071354271,0.290938003643139,0.9638314785373608,1.0439188946601128,1.5159976880387396,0.153120030280327,4.356915848433308,2.6950517784810026,0.3825516693163752,3.8119038640978986,0.3841414929194367,3.631458676676303,85.42230117870628,27.847476831869784,7.183723874236138,0.2821939548741084,2.7341017851958402,9.021264153557855,2.743143951949709,10.766791994128205,9.936307534125348,10.344098065350506,1.0899245075656423,9.936406995230525,10.366851612570176,10.568163315328771,0.20637917783946413,0.09370032099737462,0.09360095465315924,0.10602146339719738,1.585353766412538,0.2892488136958621,0.8525437505142867,0.6195349609908694,0.5140103293147489,0.2331080990110558,0.922694759641808,0.1726947452381419,0.16077106821518067,2.6522258885903653,0.23610889437846805,2.7061805057980486,2.701808462461341,2.7830881989059084,2.6510332650334734,2.7792131578600086,0.9461446862152536,6.900139036921515,0.7716614036378118,0.8119038064832339,26.897754274983853,1.1919713740508013,3.836744881585975,2.7427464107640787,2.1632552336433544,0.8256160208454951,2.56816366708146,0.8385333802628024,2.6282791113436508,5.709956522397283,7.119535073187848,4.917726683502925,1.1335453282100028,0.9494237187177843,1.1295707502501569,1.0882352607617887,0.09548886781277073,0.9114666470283544,0.10492846203911664,0.9501192641750996,0.13016693542795832
2025-07-30,9.925558312655086,0.6987593203561182,0.09856079707370502,0.49766748773844605,2.414846718459212,5.743920716695099,0.563771704586209,5.757220625581576,0.6884367306238368,5.730719554513027,0.8680893209376939,0.2855583171986469,0.8049627640111274,1.1866997276287221,0.11563275055613174,0.9045161017708979,0.5587096865064749,15.167543472782258,0.22957815544185212,0.9910669823734104,0.41220842460840573,1.1389578163771712,0.2909181088431006,0.6225310294858871,0.8249131574228443,0.8177667433215726,0.7757816740656017,0.28952853673740886,0.9683374447503101,1.0428784088816299,1.5136476426799008,0.1527543458394318,4.301141402857475,2.70878415545518,0.3831265357232863,3.820248284351737,0.38481390032519774,3.631761726019696,85.97469176488833,28.035037511631515,7.179652363135856,0.2820843680029176,2.7466005083940757,9.018263293850806,2.7402480056800558,10.75652576380273,9.925558312655086,10.33419398456886,1.0890322701806763,9.925558312655086,10.356922689205955,10.558014597549628,0.20843672456575682,0.09349876006247092,0.09339950220756436,0.10650123615122907,1.5836228590745192,0.29121588240782026,0.8536972916747441,0.6184615520922185,0.5147394601523728,0.23245657643964213,0.9128536101310484,0.17181140909123954,0.16069479438270587,2.660248029912376,0.23585110799254613,2.7068982751434554,2.704813992710918,2.7804466985887095,2.654193584735577,2.778461465764578,0.9451116746471774,6.896377146983561,0.7656575621801334,0.8178660201079793,26.86848635235732,1.1905706893125776,3.8475435697115383,2.742530993137407,2.1634739575255892,0.8264020063149426,2.5572209890663773,0.8440694879953087,2.628684827175093,5.697071766439206,7.09210947192928,4.90560784351737,1.1351861314797225,0.9483871270645937,1.1325061883287453,1.0906203201331808,0.09617865588469778,0.9137468740307072,0.10540942814450702,0.9568238364851505,0.1295285378732989
2025-07-31,9.951338538816051,0.6969847837150697,0.097920192582226,0.49726342144196567,2.412047999713513,5.742461912216079,0.5643347505669486,5.752313541575965,0.6834510926975399,5.723952753577782,0.8688426466175118,0.2857995752149915,0.810229855398003,1.1916608617772912,0.11573290988596795,0.901383240432428,0.5597571897701265,15.209573431980173,0.22838094101840437,0.9901482734600459,0.4103891101449577,1.1134441177196581,0.2891829979693739,0.6236441254746274,0.8234650213951638,0.8179918096153069,0.7746044018100371,0.2874912865921827,0.965867226177667,1.0456762049065051,1.5057219380893,0.15185590833796236,4.245795637994918,2.7042491790227885,0.38202805642002624,3.80903561562018,0.38391881611160006,3.628918433950984,85.78515080791621,28.034131777726643,7.1630012693660445,0.28301324046231086,2.7425615096379303,9.057518185306064,2.7564931834013335,10.785749680083217,9.951238929246692,10.362325192494279,1.0918499474644554,9.951238929246692,10.385212313181038,10.586824511067643,0.20758285013784022,0.09254652394004242,0.09244700927309213,0.10608020546733117,1.5877202015300809,0.2915712930347353,0.849835819742053,0.6136928865453808,0.513583447212176,0.23226191812705635,0.9074535022530227,0.17126081286170422,0.15991640655611722,2.6555874748886708,0.23646133078166012,2.7069359042061087,2.7025573347822234,2.778983080561499,2.6544929843765552,2.783560565436393,0.9475569829903785,6.813911637662952,0.7616678367551731,0.8168971672593356,26.853916298418998,1.2021096930217714,3.831923647370074,2.7444522693295044,2.1712608462673524,0.8259528311274754,2.5663251532335307,0.8428699069384237,2.6279230428128733,5.694696086830779,7.100706416488892,4.9101404460914955,1.1078714482142968,0.9508409100582925,1.1064782808379565,1.063787456720857,0.09602945187113418,0.914319805487292,0.10538362177916102,0.9534281775161086,0.12886854223569646
2025-08-01,9.977052778609199,0.690112722427869,0.09707671896873518,0.493365267514112,2.3993056631368943,5.7241342958071435,0.5854534600935426,5.731916689270927,0.6791379795951733,5.703581591441248,0.865908419789757,0.2844457770017144,0.8036516317645197,1.196049059696877,0.11483587976535803,0.8945425886671593,0.5560211467847583,15.290531241036241,0.2250823053571025,0.9852339618876583,0.4097575545727249,1.1025641238773867,0.28684026738501445,0.6255612168306839,0.8227077629898498,0.817619444759475,0.7604509749646126,0.28733911241205773,0.9663773382255967,1.048887531212391,1.4692207373724029,0.14845854648748796,4.129003353322514,2.692407316687244,0.3763344429881585,3.7516711441613975,0.3778309780692883,3.5730819603193904,85.48089394392896,28.359273183396937,7.095680057937057,0.28354784072926215,2.7203432471526425,8.989923152335566,2.7288238029095577,10.818317333024668,9.976952910649256,10.393594732116133,1.0952808418566984,9.977052778609199,10.416642308627656,10.618776277452485,0.2059263632609841,0.09109049301048507,0.09089094738778056,0.10505836309459435,1.5918388012746463,0.2913299487472758,0.8347799877177023,0.6079018288454133,0.5086301460863646,0.2306694686145206,0.8957397862845143,0.16901127939796085,0.1585353720774494,2.64262192075414,0.23707471944776037,2.7027835368301343,2.6862215926805844,2.7671356490423586,2.6395290587508105,2.776414235052348,0.9500149777581873,6.825601166145989,0.755462448575308,0.8149256740015542,26.693205237329142,1.2015364691726607,3.773720345548987,2.73750379011087,2.1655193360446754,0.8221091641811723,2.575176946538586,0.8418636860562503,2.615684060937188,5.678140228645989,7.0288336825301805,4.856829170836763,1.0988725869465075,0.9533074234436577,1.0956799331021072,1.0546742400925138,0.0957797104805919,0.9014267033235667,0.10455950855269208,0.950613576566865,0.12690811400806953
2025-08-04,9.90579485125681,0.6909361069836553,0.09727587612505417,0.4925210621169205,2.4201585184884222,5.683804153510401,0.5583952345902403,5.681922009464772,0.6810302129767212,5.658345933359645,0.8758791299548817,0.2836057371051669,0.8025754991883745,1.1913818389605388,0.11530460964163203,0.8924219548082281,0.5538385324161675,15.174244337001609,0.22694403018734136,0.9965329219823783,0.4108964788730691,1.1192669426822142,0.2888558677306796,0.6223873385939047,0.8324913414118608,0.8244675914505556,0.7735512267250185,0.28945021608077753,0.9764239692404578,1.041505689842976,1.4675581366665118,0.14789500054656543,4.179197767691307,2.679544328875681,0.37810795610644193,3.784943004832993,0.38098067443756967,3.5958395245170878,86.6394254581476,27.667062805689696,7.122238635308321,0.28172363084752466,2.7165922757243686,8.95492818226845,2.7206537285436787,10.742644583488113,9.90579485125681,10.320852051990466,1.0875681120904144,9.90579485125681,10.3438331940317,10.544427547672115,0.2055473006438831,0.0925210515362842,0.09232292912158711,0.10510153201265227,1.5804854190367292,0.2918276283751625,0.8499257360253374,0.6117879972415374,0.5102525836704627,0.23159979356876276,0.9048043223168957,0.16879644294727433,0.15898959125369536,2.6267460468324355,0.2353838447771077,2.691035202200192,2.6843981202018323,2.7622586042943595,2.633382826526901,2.758395160525786,0.9432392394324232,6.778603148023464,0.7583952209865651,0.8239722665198195,26.694502809249627,1.2039623666718904,3.800693340027551,2.7212480579997833,2.1712729315642023,0.8206042232579557,2.5625557448381007,0.8508172302094942,2.6127787000061913,5.638335833991146,7.034967733291543,4.867062769413231,1.1151064853375356,0.9465082025929451,1.1128280964625124,1.0707280469330422,0.09668152777495627,0.9012382700042951,0.10430906124785727,0.9481921864358903,0.12738979352825405
2025-08-05,9.856100926473488,0.6862802804397592,0.09678690809012636,0.4873841983337222,2.4168805965135585,5.626650945030677,0.5520401963486419,5.625862288517335,0.6762270905810326,5.609994110402191,0.8750246282209431,0.281490237196357,0.8077074408460693,1.1880544147006442,0.1146264549028279,0.8881332605002126,0.5486891205297193,15.109501377544108,0.22570470745643875,0.9969446237520098,0.4089296439825232,1.1199487212045927,0.28750246477719243,0.6190617127270946,0.8297851610625493,0.8240686044781349,0.7766607830845438,0.2881923888342023,0.9741769794785199,1.0364676095220715,1.4497338491808658,0.146165975987641,4.1906169197297585,2.662921276126368,0.3757145567897178,3.736447921382965,0.37739011349819973,3.565050181895113,86.6026039356643,27.616794795978713,7.064360339049872,0.2807017498742,2.692391222429868,8.860634732899666,2.6870688437099597,10.690124138746182,9.856100926473488,10.270254479905875,1.0822984186733073,9.856002269213237,10.293218761935123,10.492804805696212,0.20451409422432487,0.09215454742233123,0.09195742089203682,0.10447467358042309,1.572540932897278,0.28848807862964393,0.8525527301399567,0.6061502069781195,0.5076877421795112,0.2291543465405086,0.8959195892556565,0.1675537157500493,0.1576976148235758,2.622215531174539,0.2342006616425096,2.6676523128534337,2.661541578404513,2.7413760560658145,2.6178788227041445,2.72826727339438,0.9384979422501787,6.753104503352615,0.7528089616934552,0.8215059971823487,26.491623180471368,1.1941652243456473,3.767001894411899,2.690715552927262,2.153459545566372,0.8141139214874936,2.550069100988844,0.8491031098549074,2.5890005191778167,5.584171174100323,6.976739457437045,4.8287010982429965,1.1158091768625336,0.9417504736029747,1.1124581386416523,1.0709639627647287,0.09668835422448946,0.8903016147354099,0.10348905972797162,0.9400748792964515,0.12694658106091977
2025-08-06,9.835841543873562,0.6800432712663366,0.09589849513130717,0.4815579727006261,2.39907545455733,5.620635509068863,0.5506048936976131,5.61709478563459,0.6807317702810333,5.600964022888081,0.8720370184135868,0.28051539744038234,0.7915806369325621,1.1847152252212274,0.11409462360056778,0.8854135599790145,0.5488344569397122,15.077701890153191,0.22494345273171434,0.9943936114303245,0.40306874734175596,1.1236352696347942,0.28494147057494335,0.6170945380000669,0.8265958583213076,0.8206944274752263,0.7687617159644868,0.28513818993919704,0.9729516884916427,1.034425082806583,1.4253958706496046,0.14389692253802416,4.284252843240539,2.6473886462290683,0.3681518668749462,3.6681420521432697,0.36992230363284706,3.4945412466304897,86.28110745856694,27.466017219466163,6.994000364806174,0.2800235990297481,2.6844692896211395,8.862299884891069,2.6717813971519377,10.669420770784155,9.835644636907396,10.250516808747049,1.0801613031850519,9.835644636907396,10.273335204429772,10.472607455493263,0.20369823039709506,0.09157077229877741,0.09147241261665057,0.10337366213122687,1.5692928400881068,0.28533490930345073,0.8463657229444065,0.6005704866065803,0.5024097750669292,0.22730402882218512,0.8806924453184553,0.16553555546086413,0.15619160140101226,2.6129635454127014,0.2337169187592114,2.653880272688293,2.651126276629506,2.727549892383139,2.6013574406051747,2.716927421917263,0.9365594690735037,6.7648276708653,0.7544998434589619,0.8188256122750074,26.350448006571504,1.1908134129519448,3.6936165907278142,2.6829939881901925,2.1340611903285445,0.8092849294708063,2.5408673804688267,0.8459722842158992,2.5782433843101455,5.572833941727833,6.932920184097448,4.7756467841538495,1.118914154974235,0.9398052823031161,1.115865023588494,1.073866433610463,0.09639028416184581,0.8792170688467438,0.10298023278281507,0.9354775313302996,0.126586012447714
2025-08-07,9.798157946306095,0.6766607638506148,0.09563002379856786,0.4804036721467458,2.3958152727638766,5.606995884773663,0.5510484193461376,5.6072901165674605,0.6786204402922836,5.582010701617002,0.8689986521791715,0.2790515338255568,0.7857143096355698,1.177542624977227,0.11385459421476662,0.8800705437470528,0.5447775668638163,15.003821664339604,0.22525964894295672,0.9969625710366451,0.40094060522188235,1.1360963839725866,0.28365668002096267,0.6141485430646265,0.8308838237483619,0.8224574019342176,0.7645502525896225,0.2838526289766264,0.9724671761708799,1.0305702557826355,1.4221046383465454,0.1441309037639327,4.2873800443290095,2.6304133985408398,0.3702723977613888,3.686850860075415,0.37164413389355067,3.513227489306229,86.35704104815794,27.31530520113781,6.9834409217004705,0.2779737491596453,2.6671564908394876,8.784146676128012,2.6848911328010177,10.630021795160323,9.798059869041495,10.212718583125122,1.0761317051837613,9.798157946306095,10.235351706027704,10.433862481705003,0.2018420574316062,0.09151479671357918,0.09122085459158043,0.1035665265022949,1.5632961302347423,0.28551831657503857,0.8390162380307463,0.5994513061451674,0.5007838586160255,0.22614148465320452,0.8768371336838088,0.164805013666708,0.1558886914306497,2.5901431129092263,0.23282382059816797,2.6426610959737227,2.6410933548203874,2.716931300655711,2.5907309784647206,2.7086028065981407,0.9329806116079084,6.758475597993827,0.7536742912889017,0.8214775263363768,26.288163538145454,1.1830295695058743,3.702527972592715,2.6846952772878696,2.1407015062467085,0.80629042637201,2.5299822795912026,0.8480306001543975,2.5691749113764266,5.572506177432393,6.906035832743913,4.79649224749458,1.130021573888445,0.9362140216711524,1.1256123579601995,1.083480323643491,0.09651185950881566,0.8851655529873664,0.102880658436214,0.9317068032323205,0.12610229164764925
2025-08-08,9.789427217174497,0.6718550881391872,0.09554576827099202,0.46852668243124385,2.36038663605528,5.556436875726566,0.5439060340018699,5.5470387164249875,0.6759667454895527,5.528242995327031,0.8742046309521078,0.2765540871267743,0.7980420620956085,1.1669113749216073,0.11209006176471009,0.8791972350327337,0.5422417952975862,15.009691534355115,0.2233969622596595,0.9980420650831344,0.3964757709251101,1.1355849241311795,0.28066568846102735,0.6134116480412345,0.8329906641007403,0.8258443525242444,0.7449828533932559,0.28066568846102735,0.9764072233359719,1.0301517705035104,1.4105726513743575,0.14243759364400257,4.228781216061704,2.61732731621696,0.36730299028647745,3.648262490726719,0.3679882540635134,3.4773371654926883,86.63387558125305,27.084972887604014,6.893098432528756,0.2777288383674341,2.654429700406112,8.78698019437561,2.670876031054974,10.625158936383382,9.78952520802741,10.205188065956925,1.0756730029703179,9.789427217174497,10.230934565054454,10.428976468811184,0.20068526676456191,0.08986784439721762,0.08986784439721762,0.10181105842907756,1.5619187768160334,0.28164464471623757,0.818208534812087,0.5902104837545505,0.49339208542221147,0.22408222603669542,0.8577582256150957,0.16279979599379932,0.15359764640610182,2.5813999260049556,0.2326186894786982,2.622222078820974,2.618306328488283,2.69349010913791,2.5684776810297354,2.677924501154858,0.932158602258474,6.744884877477973,0.7513460597161037,0.8231032974161007,26.05991208547479,1.1715124637194843,3.671854983575777,2.6484582334304636,2.126382836161206,0.801076865698039,2.52648053423657,0.8513950192922479,2.5450808711339024,5.511698673825257,6.8303472413423885,4.726774315593643,1.1333333004705473,0.9353891635022791,1.13000489775013,1.0863436242849056,0.09691629582506385,0.8744983047582445,0.10171317027237155,0.9202153695545765,0.12550171017938538
2025-08-11,9.798059869041495,0.6767587663612015,0.09553203997648442,0.4700176486449454,2.387325160530953,5.6033706141760975,0.5486968449931413,5.618165928360155,0.6910640679923268,5.578777142045733,0.8661571774042612,0.27934548529180714,0.784734434037729,1.1819517661514596,0.1131687261486857,0.882030145434709,0.545365469796317,15.006662316820375,0.22535763276504017,0.9876543508892593,0.3978051976692249,1.122868885695876,0.28208897624463397,0.6135606401321259,0.8199098599370545,0.8155007187628218,0.7555359652199839,0.2823829090223811,0.9662943635761516,1.0311581213381298,1.4264158517642043,0.144326862063848,4.23417611844442,2.623848800165803,0.36909659189638755,3.6666666786273088,0.36988046247305506,3.4973545212757813,85.47471883879581,27.405447775818146,6.973349129992467,0.2772878624050612,2.6686261547282237,8.801587086295745,2.6746031865638167,10.635998527979865,9.798059869041495,10.218597238680065,1.0767195707392556,9.798157946306095,10.241328438847246,10.439544982730746,0.20252792549768708,0.0904369933591645,0.0904369933591645,0.10239074867004837,1.5632961302347423,0.2834607123767958,0.8284342842617853,0.5954340628822621,0.4977464161969483,0.22584753318695422,0.8739956589088985,0.16323730989037927,0.15510483954248536,2.5928865851735496,0.23282382059816797,2.6417792976404812,2.638937748111558,2.716931300655711,2.5923964978666043,2.6937097141655335,0.9329806116079084,7.003723180413176,0.7697432643405228,0.8137370473423262,26.253673830804182,1.184401305638036,3.6856751289644265,2.6619634790885875,2.1341367583636464,0.8068782919275044,2.521065919978138,0.8404859766734948,2.568195035778586,5.55820124957133,6.906525621034808,4.774152459337644,1.1197334781432184,0.9362140216711524,1.1153243369689858,1.0730942253876778,0.0957280076206513,0.8823241529664688,0.10258671631421525,0.9263178612142596,0.12678815971373017
2025-08-12,9.81267794883353,0.6777548787638527,0.0959670271118751,0.46923755956063407,2.4041408763036167,5.588460597892749,0.54724757587836,5.593268666133108,0.691885017527529,5.5538219039777745,0.8655676487535341,0.27867726050957,0.7921695943178647,1.1828083693016127,0.11323716967768646,0.8861740512078673,0.5448925402737403,14.994701063208346,0.22529682155306308,0.9837111176528309,0.39603572377933044,1.1214797460065484,0.28299480083002543,0.6135805983642123,0.8197429193948321,0.8142478987040879,0.7461485714407551,0.281522917614146,0.9638897395440447,1.0327740162888823,1.4358748094500509,0.1466980650501927,4.268864768373289,2.628888270651647,0.3708173968749617,3.6879599287399727,0.3717005305476915,3.515258465649838,85.42831910509273,27.359728981147583,6.975566724392234,0.27789225488003355,2.6615640293825433,8.814542027547285,2.6772642168373135,10.65322386365727,9.812579727210284,10.235109985219802,1.0785006737524225,9.812481505587037,10.257776421520827,10.45638293937359,0.20449416301234316,0.09086449051988849,0.09066823443350176,0.10214895346297821,1.5655971254220176,0.28377980645956186,0.8214110399810878,0.5946423164961347,0.49651651922403195,0.22588558981222326,0.868511452617314,0.1636738328444292,0.15503876156152355,2.5982730698157384,0.23316651094346996,2.6416445045145536,2.633107608064867,2.713570881610459,2.5902266825699454,2.695123183810317,0.93435385360321,6.915120897881709,0.7699931431724377,0.8123834845994244,26.303602175019627,1.1881071713379914,3.7055245302994066,2.654302816210382,2.1303111186685864,0.8053184152175863,2.520361162825195,0.8389755666764793,2.5659895986654893,5.53851430355982,6.905504761400992,4.780100232052178,1.1184378702476068,0.9375920228805594,1.1129427746928202,1.0721224819569275,0.0955745242971069,0.8848002960351812,0.10234520954936495,0.9269944188078023,0.1270729055957721
2025-08-13,9.776126698602013,0.680125131438305,0.09629485171052621,0.4724802212440579,2.421818344529417,5.578355512284314,0.5469742962453754,5.574053992669432,0.689021442535278,5.54365038184176,0.8637207789043023,0.27920617329105857,0.7837520595263008,1.1816404609109592,0.11389187230941708,0.890409637609294,0.541597434019737,14.943396799235018,0.22563300345787518,0.9839671671314781,0.39769283708256703,1.137354544314113,0.2841920001449234,0.6104213376352428,0.819141665026174,0.8132760039241983,0.7626356646420028,0.283116620241203,0.9641216418670645,1.029132824744026,1.4613353771389095,0.14742398986905908,4.356242116565799,2.6301692105281247,0.3688532558630983,3.6739661507341257,0.3705152167942018,3.4988756857609187,85.39935477563789,27.258089553903115,6.999511002725095,0.2761755792355069,2.66282143790021,8.795581310069716,2.6622348941657905,10.615016703428976,9.77602884186504,10.198357037894711,1.0746896109607564,9.776126698602013,10.221136176862352,10.418907029035095,0.20334342787232912,0.0917000695516758,0.0917000695516758,0.10274709383988499,1.5597810445963223,0.28448529065861494,0.8406491139287274,0.5963437286147228,0.4998533685415508,0.22661061985703176,0.8676312445009287,0.16423892107792107,0.15534265659715274,2.5968325826846463,0.2323003141093853,2.6453220875734735,2.635839232742081,2.717958637341596,2.5941928375360495,2.6976244250797365,0.9308827961746321,6.850620784045361,0.7662527837854919,0.8114185159839671,26.258676312445008,1.1899501536875854,3.7023168584913297,2.6558804714804416,2.129533696657099,0.8062371807674564,2.51041165847025,0.8387917005744238,2.570339362867674,5.53025713599967,6.9130903768544085,4.796069961265917,1.1330530992851588,0.9341089358857934,1.1286537975192314,1.087594095219474,0.09551276232049732,0.8930491590001084,0.10284485734444883,0.9217909953614951,0.12728517409095386
2025-08-14,9.772403105302697,0.6782957457452299,0.09576859367472748,0.4713182795097853,2.4204720503002695,5.590540575489531,0.5471513894113827,5.581061129205145,0.6889475227206098,5.565718538330341,0.861721883173808,0.2794879349308094,0.7896999663695276,1.1797127061536512,0.11414052873229533,0.884393628456953,0.5442196680026286,14.948207020561542,0.22632658895154997,0.9821166813251246,0.3974396381212285,1.1332942560412698,0.28476497009331025,0.6110622376555934,0.8183328238421727,0.8124694555814369,0.7633147719178301,0.28320140273855493,0.9614971112053986,1.0293169337540768,1.4562689755932858,0.14668230459182874,4.514707224023991,2.630313726786958,0.3694908763147759,3.689045245773478,0.372520267095522,3.515000512473432,85.33176976448745,27.22173456128457,6.989543537910437,0.27636080022129883,2.6685234762456638,8.793706492246287,2.645949474891283,10.616926157636446,9.77230528681716,10.200332735543096,1.0748558376211232,9.77230528681716,10.223003958928834,10.420697504015807,0.20443662734578272,0.09039382390305874,0.09049154919263008,0.10251148022200883,1.559171338334387,0.28290824550903404,0.8387569806611422,0.5942538979115706,0.5004397447910941,0.22622886366197864,0.8614287259442872,0.16358838826461608,0.15508648378343676,2.5955243438240556,0.2322095097258773,2.65249675242628,2.6391087418996753,2.718948607312891,2.595133368108998,2.697840392106115,0.9305189213398136,6.854197348269691,0.7665396505561053,0.8102218671172615,26.259260309018618,1.1917325999046438,3.7118145858718425,2.649565180131071,2.125476399882732,0.8073878896372719,2.508355249445727,0.8375842771862861,2.5712889193509967,5.54089709762533,6.9187921430665495,4.801329105093509,1.1286035166986175,0.9337437999780887,1.1244991663717798,1.0830646128315713,0.09547542712561001,0.8958272077489037,0.10280465609072288,0.9248509663798342,0.12635591034081678
2025-08-18,9.783778495254868,0.6877996580741397,0.09558752037729842,0.47989432772782065,2.5242814344968387,5.631053593513049,0.5521964448362097,5.632716668653997,0.6916153257157446,5.60610507778104,0.8604832887999432,0.28275119478065036,0.795812506974764,1.2079052840668492,0.11730750191877669,0.8862146740148195,0.5477937743710675,14.953135557690663,0.23109285626879367,0.9808237941493005,0.40201545986290865,1.1248410255425412,0.2919479517912914,0.6112904759048657,0.8164562855712962,0.8096076704823403,0.7652871658419248,0.2919479517912914,0.959690796770283,1.030623190860881,1.458467931946177,0.1469523574773865,4.4815575536502665,2.66969959022784,0.3690441367841026,3.667547063414172,0.37012035839012514,3.5003423247595333,84.96233245279328,27.621171236761327,7.0874667169996215,0.2772722840484091,2.7061931915029414,8.873887095196165,2.6655905704630785,10.630857607422831,9.783680561925204,10.21358041004733,1.0763134931633938,9.783778495254868,10.236474117319734,10.434203898529988,0.20555718842463397,0.09216319417174391,0.09206535414746218,0.1039037264999421,1.5610018887756367,0.2901868686763733,0.8403287289858962,0.6020937375553013,0.5074845800986671,0.22874473300818512,0.8815184274936024,0.16593287432220583,0.15712747740869176,2.635456365494448,0.23248213609479526,2.67723329075861,2.6706780277928104,2.7499266933198196,2.6255746536695286,2.728304327869705,0.9316114002612575,6.890030138623912,0.7708639165984478,0.8096076704823403,26.568046370523923,1.2202328658712762,3.696800764147497,2.6824186814180058,2.1535074905620935,0.8163585015302441,2.517268452645748,0.8360238425618061,2.5992565642083396,5.585265581813791,7.006457341579225,4.847666676316683,1.1217102194098318,0.934840065079325,1.1182859118653539,1.0768026373015729,0.09529400030445323,0.8956070924129473,0.10409940654850557,0.9276978739342944,0.12699344038974983
2025-08-19,9.819422719615327,0.6962883313247189,0.09593480418071162,0.48546738635810077,2.5665612831325486,5.6631970761427235,0.5566574884790748,5.6619205160208415,0.7021799109999064,5.6335425245789965,0.8578161882399014,0.2844658220085869,0.7983111061641576,1.2246661549558437,0.11910840646544499,0.886783165343615,0.5503731268368082,15.03426910664093,0.23252160551036705,0.9765317846449547,0.4044579598066475,1.1210722522480883,0.29742734598907444,0.6126276452243562,0.8142183637956139,0.8082285698997815,0.7578554625410033,0.2970345640219953,0.9572859177510755,1.034465813767882,1.460722648338923,0.14748625744072733,4.353495535659491,2.6796935771453687,0.3715632379476423,3.6964848017186887,0.372643369628235,3.5224863608241175,84.74665759402002,27.998036806356783,7.159073223584483,0.2768067609392932,2.7190691640034306,8.968185460764127,2.7101335428122546,10.670855957414817,9.819226141343037,10.252159819861424,1.080223901573355,9.819324430479183,10.275039612919162,10.47358606522793,0.20738414021242535,0.09338177758132203,0.09308719110601264,0.10477219242236788,1.5666732428491537,0.2942851464390661,0.8336606591307827,0.6090926824361437,0.5090337799743508,0.23114690608334,0.889630778418314,0.16771406052342944,0.1585820858064638,2.637863458841688,0.23332677857667933,2.6945208529272326,2.6849960962431876,2.7686566325125503,2.6441476706529543,2.7473488663091308,0.9349960842567078,6.9686763790397315,0.780145296035371,0.8066575169469649,26.809505393724223,1.2284956854904905,3.7203456881658727,2.7073841439582003,2.172623669548664,0.8205027254378805,2.5147290465781187,0.8331696629430586,2.6166536821124127,5.6201883871913045,7.108601752174059,4.887470446134868,1.1211704664687332,0.938236479298486,1.117046368187652,1.0743323218981675,0.09495286799188869,0.9099567769927859,0.10457580143882829,0.9363707836837348,0.12824038118241063
2025-08-20,9.855030947416724,0.7015866999251626,0.09628462065402259,0.48950426893609256,2.5771825551117327,5.670739855568456,0.5570119292181303,5.6805949851634105,0.7012910580675015,5.653198037674312,0.8582832003339965,0.2859958653568904,0.8078249849285811,1.23711440602441,0.12023257917872412,0.8903123715175976,0.5533655417944112,15.054991671260595,0.2333694718160617,0.9786143988544181,0.40869223633293705,1.1034788727772062,0.2995959359271733,0.6156499578269747,0.8143293313631416,0.8089090551991198,0.7578594808897103,0.29811767024736374,0.9571302133298712,1.0384350324882432,1.4652605959966616,0.14723563201323842,4.3480832975956565,2.6958705803978393,0.382280486010913,3.801419246933361,0.3837587328935546,3.6307283301676296,84.85364747585493,28.05134638008771,7.215827362189872,0.2781117504026263,2.743471024764093,8.997043388940389,2.7331229582365784,10.711244654747093,9.855129594954175,10.290923136918547,1.084458469651398,9.855030947416724,10.31398500634424,10.513058142954815,0.2095200574443859,0.09382083825528405,0.09372228470367434,0.10554843833790256,1.572385956950407,0.2993988288239539,0.8314773109942055,0.6142702456987749,0.5124667389376171,0.23277816930357148,0.9019414274471904,0.1688183616908111,0.15994874881478593,2.669163263406826,0.23417758086379248,2.7101606386123978,2.709668002434525,2.7842711048947657,2.657337288345693,2.7325316745212564,0.9384054520617239,6.994284241378302,0.780427736684796,0.806543769960487,27.00640670041022,1.2456883958399418,3.8307873406433246,2.7027692914161823,2.212378096907106,0.8257613177838509,2.5232088181659296,0.8340395905530499,2.632009533105536,5.625307852497968,7.142702469017936,4.9559476188313045,1.0987483774886126,0.9416576628733401,1.0954962418656684,1.0544002943113189,0.09500345267884847,0.9319010304384917,0.10554843833790256,0.9421503742398847,0.12870799664547847
2025-08-21,9.856002269213237,0.6972205584838315,0.09629411056341093,0.4840331225147996,2.5681697004014823,5.680859500126282,0.5572639554063409,5.682042184111966,0.7009659249613841,5.6491225423273335,0.862803084127019,0.28681254072018264,0.8050463266821978,1.2372363372688437,0.11965306863121185,0.8867534123861929,0.5522373228789363,15.06031953017199,0.23250542235943122,0.9826532322909737,0.40636703668673696,1.1232998346215566,0.2983441795561174,0.6149221307869943,0.819534807075487,0.8136211615588194,0.7602010373883104,0.2971614391733715,0.9630396125021946,1.0386358885611864,1.4785136458391084,0.14853143795411217,4.379755520571531,2.6961362881230904,0.38310663248457294,3.814606729541661,0.3844864805985926,3.631283192152388,85.45141327247191,28.05411114909817,7.191996966361436,0.2778434903810134,2.747880817987076,9.087127739688055,2.727183246668946,10.713877678857433,9.856100926473488,10.293218761935123,1.0846639370368403,9.856002269213237,10.316577673005373,10.515572976342279,0.21062488507030752,0.09402720246257666,0.09373152206664534,0.10555884129851147,1.572540932897278,0.2975556922339604,0.8341217943368615,0.6119653080286604,0.5123201216463269,0.23289965662099943,0.9064656142391398,0.1687364561327952,0.15976738699460533,2.6721860350599993,0.2342006616425096,2.7181155014714853,2.710427754780209,2.789867904184839,2.6658782868749076,2.7567515494483663,0.9384979422501787,6.986595558363518,0.7773507071415536,0.811452807323622,27.03400470320816,1.2403902865574719,3.8312635641701474,2.7075694012919196,2.206879594540798,0.8261383766491645,2.5277942166440286,0.8393455909926019,2.636802668828079,5.63010033972748,7.14025243649745,4.966193525696704,1.1186674551547409,0.9417504736029747,1.1167947719159645,1.0754977601673767,0.09560417710689077,0.9296274363771361,0.10555884129851147,0.9453971828202772,0.12832643857444975
2025-08-22,9.836809067141699,0.6938815750101057,0.0959079283887468,0.4838677811008163,2.558269722124453,5.607416759718363,0.5504623163926092,5.61617157624834,0.6900452638784075,5.58754701256025,0.8607121778477278,0.2842809327024422,0.7992327365728901,1.2273263490366557,0.11951603008587718,0.8810741657960282,0.5477080494311999,15.035313695006641,0.23175289657625794,0.9817037482958668,0.40517409626902406,1.130631540836182,0.297167018340278,0.6136140179826405,0.8183159791600064,0.812709057117667,0.7590989392971209,0.2957898848595733,0.9618335508488774,1.037084401978908,1.4707850115331589,0.14863269384888103,4.454849546358573,2.6882747250139865,0.379795402423289,3.777296871926028,0.38087744659357786,3.600826259675327,85.34969890443637,27.998919114573088,7.133778976029166,0.27680503039197757,2.7157189314604135,8.984261527203117,2.7247688373008065,10.697324318654092,9.836710603974032,10.277591444905198,1.0830218224879116,9.836710603974032,10.300708675440807,10.499409749332948,0.20814479487912757,0.09266181463991684,0.0924650759249486,0.10515443222883436,1.5694472068833152,0.29480621004676855,0.8343497904271515,0.6096793187314217,0.5103285566409133,0.23086759112093738,0.8965177984423416,0.168011016365395,0.1587645031442892,2.6503048659825033,0.2337399088161423,2.689651708398399,2.6779459987642635,2.7616565020657093,2.639484424279615,2.718276572279074,0.9366515957181106,6.899862310066951,0.7666732484891428,0.8118237141382735,26.75506513746803,1.2362777917093821,3.8005113648589663,2.676569015379851,2.180110219189578,0.819201247091254,2.5257720737130818,0.8376943110575387,2.611056486734274,5.561381026137985,7.07928381542181,4.923273657289003,1.1267952297044836,0.9398977282289771,1.122565441142849,1.081349599696791,0.09541609098234445,0.9250442742034954,0.1043674961309979,0.9344875073775329,0.12709030175382593
2025-08-25,9.788566953797964,0.6919538218618466,0.09524275197960384,0.4816953708346971,2.5571122613845625,5.574294936404904,0.5478661043530063,5.585160699783122,0.6870595383849476,5.558535486996501,0.8673649237505048,0.28318324496060865,0.8002153484729836,1.224060327444771,0.11951840287927734,0.8774471357639824,0.5447337659150245,14.895947724464076,0.23032498714414162,0.9866875788151704,0.403778386844166,1.1425215467962326,0.29718089869177333,0.6108065928531609,0.8234142790385869,0.81734534064213,0.7548943103620012,0.297474543751453,0.967599828446761,1.0321065235063258,1.468872333189054,0.1479052433112495,4.539252261025139,2.684514487079092,0.38713781555462556,3.8464175039842528,0.3870399463148722,3.6560297572435396,85.7845536413469,27.819205263954828,7.124804180865187,0.27545026810540757,2.7129992527614464,9.01487883685059,2.7396241668247114,10.64653508627704,9.788468972536952,10.228660541674824,1.077819113257161,9.788468972536952,10.251859397559588,10.449393204440339,0.20712607524874815,0.09279561024115435,0.09259984375633294,0.10463977662865408,1.561765887350801,0.2935591207039758,0.8281127493551399,0.608065768714612,0.5076350881984296,0.22954190253464618,0.8980031114307903,0.16709083491409768,0.15837901629968462,2.6286218534154453,0.2786804944533525,2.683731533161065,2.678347642102462,2.757243467852205,2.6286218534154453,2.7033086670686606,0.9320673572895765,6.8480812018983706,0.7610610806577918,0.8158770406628925,26.703210649960848,1.2321847812589857,3.8701056687273643,2.6607283410749685,2.187744714173845,0.8185199955616879,2.499021173176956,0.8425019547261572,2.6068912228290793,5.527016588179694,7.041112052899558,4.945281827085729,1.1424236402160597,0.9352976023077312,1.139291301778078,1.0968089570453976,0.09583007010427788,0.9319694507094035,0.10444401014383267,0.9352976023077312,0.12685982809462581
2025-08-26,9.789427217174497,0.6851688483971564,0.09368575325329631,0.47234459128732253,2.5469800414142805,5.512188030584618,0.5436123228516581,5.516299463870533,0.6731277742166467,5.491825650850465,0.8705824797374035,0.2809593809392017,0.7952031655108526,1.2181106246223767,0.11825746376608962,0.8669603285226994,0.5385217652621949,14.969554720004282,0.22525697727735522,0.9931473024791208,0.400000005975052,1.1433186580080992,0.29544787376579323,0.610376881782879,0.825746436359482,0.8206559161140938,0.7389133955646949,0.2939794487189966,0.9702398493426486,1.032501235640755,1.447185529427848,0.14615761434337524,4.505139620235254,2.6608908228937223,0.3837493956234895,3.8173274835184166,0.3843367432357631,3.6330885474027164,86.33724531938326,27.82192863206681,7.03445920043288,0.27440039830294183,2.6963288563463657,9.015761350686796,2.7027899788339758,10.65051347206926,9.789427217174497,10.232501223690651,1.0783162166018492,9.789427217174497,10.255604359780348,10.45335348598874,0.2075379418789961,0.09133626944401424,0.09104258630185867,0.10318159531916815,1.5619187768160334,0.294468917510583,0.80930003102247,0.5977484226460207,0.4984826056675997,0.22780225607208685,0.8790014773913591,0.1647577085042198,0.15614292520083345,2.6138032305433185,0.27870777595060686,2.6612824875527714,2.654429700406112,2.7317668897990086,2.6048947267537015,2.6670582715751956,0.932158602258474,6.722956436612824,0.7469408032477515,0.8184042924534615,26.39960813218918,1.2274106436947427,3.847283406754772,2.632501259540963,2.176407315949278,0.8092021895458578,2.4907488269777898,0.8454234029402992,2.5843366640663237,5.470778530156326,6.959863066148127,4.931179649737671,1.1402839290938187,0.9353891635022791,1.136857535520489,1.0955458018806594,0.09632892954075271,0.9175722306111952,0.10327949281189293,0.9265785758774244,0.12481644640234948
2025-08-28,9.796238244514107,0.6769200477480515,0.09277037879142642,0.46590910436217686,2.534984421206866,5.454055642633229,0.5352664517011014,5.467868075475423,0.6667319510050328,5.435736724949182,0.8789185072561043,0.2789968607193998,0.7854623854347157,1.2130681997556299,0.11706504515345942,0.8607954814516265,0.5318377832633948,14.954937064909263,0.22227665099978072,0.9992163009404389,0.3952781982182709,1.1539968950995083,0.29349528883691867,0.6103056351592921,0.8322883922851946,0.8269984146644329,0.7258032556611542,0.29349528883691867,0.9779584818872913,1.0334051514867706,1.4355406865804548,0.14478839863804066,4.5082289597083784,2.6354819629633317,0.37823276459983896,3.7537224987831235,0.3791144275366326,3.5878722570532915,86.69866962492652,27.380191719270424,6.950136860336256,0.2755681735968515,2.67398110751448,8.815830553586954,2.6923000251985267,10.659188536640993,9.796140186465273,10.240791583883352,1.0790556575811021,9.796140186465273,10.26410667873849,10.46169723462909,0.20670063069621597,0.09071316838638162,0.09061520376175548,0.10197883863060452,1.5629898418079724,0.29280955514937734,0.7967280743637802,0.591202963108553,0.4920650425375816,0.22550940887307672,0.8657915091439848,0.16291143378493927,0.15458463688255478,2.5983541363085325,0.2735109725342275,2.635580021012166,2.636363588530442,2.7128721853034996,2.5881662637836134,2.6404781401344226,0.9327978176009318,6.657327753623077,0.739615987460815,0.8251371802207444,26.299862278666243,1.219141819634034,3.7888909582060335,2.6076606822238073,2.157229689595094,0.8033895193596245,2.5033306552324923,0.8521747439632595,2.564753110879641,5.412617746191713,6.887637410417994,4.883718640079319,1.151645744108481,0.9360305941590695,1.146747624986224,1.1048197372580024,0.09698275488372134,0.9072296298036008,0.10246865241131439,0.920062677987317,0.12362852552467753
2025-08-29,9.746588693957115,0.6693957144753975,0.09210526129888048,0.45984405755531954,2.4998848898368973,5.40925916407773,0.530701761822022,5.40672495583577,0.6612085413049769,5.390741002489949,0.8821637635110182,0.27680311519035355,0.7822612293979578,1.2008771840591876,0.1156920066818624,0.8560429028367904,0.5279726917051201,14.878849379035698,0.21793372914572673,1.0058479234721462,0.39239764445938796,1.1569200482284814,0.2916179344668026,0.6082845989026522,0.838206627680312,0.8317738434492264,0.7230994390000609,0.2899610136452242,0.984502944797568,1.0285574929756032,1.420857687907377,0.14327485194215533,4.52738800941155,2.6149123639855936,0.37300195377937306,3.713060345566064,0.3744639197752955,3.5378168712117755,86.71393381457115,27.101463035300927,6.89551637883772,0.2741715317813509,2.6453216731199745,8.727192720706933,2.6634501853184394,10.60964959871467,9.746588693957115,10.193469547621223,1.0741715310377453,9.746588693957115,10.216568915235136,10.413060476440668,0.2054580889250103,0.0896686141253912,0.08976608224314789,0.1006822604649713,1.555068255865086,0.2916179344668026,0.7942494918496056,0.584892771165041,0.4872319851702417,0.22358674984461616,0.8507797360187851,0.16169590791995997,0.1533138356943112,2.573781747799403,0.2715399669624909,2.6077972471597834,2.6143275924593388,2.6906432510584186,2.570857592725847,2.6216375339798064,0.9280701873362878,6.600487543593141,0.7330409267492463,0.8297270687467638,26.02495041042276,1.2101364879347893,3.736647221080044,2.59405452140823,2.147758290549236,0.7964912399678667,2.494931732237223,0.8570175468340719,2.5437620880543372,5.364814743428667,6.82845980103253,4.847368385359558,1.1529239855314557,0.9312865794518306,1.1497075934159129,1.1070175617061861,0.09746588693957116,0.8956140291388737,0.10155945493463885,0.9142300492374056,0.1227095531441315
2025-09-01,9.69743987587277,0.6758146086249636,0.09290147327100517,0.46634988511043335,2.5567175345054607,5.410589628019843,0.5314196977992682,5.41243216527165,0.6637897299092531,5.389934033733454,0.8955585577397313,0.2774437607675675,0.7756012738259658,1.2102405261031595,0.11724204957901367,0.8632660651965323,0.5279286135251064,14.822536850271527,0.22148952824464593,1.015321925409641,0.39546158630039635,1.2005430862272868,0.29654771066433333,0.6047323565782735,0.8496897085587861,0.8398952735681882,0.7353568835439749,0.2963537574276802,0.9962180310020713,1.0234678133778834,1.395073706461904,0.14342513539423027,4.632758058439954,2.609290218427257,0.3777152905638038,3.7526183206041805,0.3778122486857317,3.5693367661386612,88.46441228968676,26.964799334967754,6.947827986546317,0.2721101577379983,2.643522169351393,8.699864283192518,2.6577774178066207,10.557699388455198,9.697342806772449,10.143327971962277,1.0687548398416664,9.69743987587277,10.166407926217634,10.362102783771334,0.20636152721727605,0.09057408992036356,0.09076803390881735,0.10211403930344444,1.5472265617897383,0.29295964977184497,0.8077967712544396,0.5935802859239008,0.49078743803676844,0.230896038265539,0.8552172463286098,0.16311093575275618,0.15389836972031692,2.5775794006300305,0.2713343632877844,2.6191815005613908,2.620054234637134,2.697633753644116,2.576609893396346,2.6303334972301684,0.9233902368183002,6.6312063378451676,0.7379751597567987,0.8401861849267691,26.066718386346004,1.2196469806348564,3.770364505362381,2.59833206401674,2.16611709772292,0.7980993313785668,2.4805080807421724,0.8669511397001445,2.550814667813439,5.367338833094938,6.877715093762122,4.8726726262674855,1.192882099847076,0.926590409733881,1.1925911884884948,1.150019359366666,0.09871994089580859,0.904965086257023,0.10201707193331722,0.9142746196595896,0.12412723226081132
2025-09-02,9.72100709633518,0.682123050150144,0.09419655468439098,0.46952463533644934,2.5554477131330806,5.392534076686594,0.5294060375665661,5.391076281616057,0.668513625382195,5.3757169242733545,0.8989987689018527,0.27734033913332856,0.7864294889265957,1.214931499532746,0.11742976498207498,0.8757654937094451,0.5253232323858009,14.863225240291143,0.22095848684977473,1.0192475792176638,0.3984640971951667,1.1979197371141594,0.2974628208561264,0.6055215409305662,0.8505881209293282,0.8419364305468218,0.7445318979089202,0.29794886379440333,0.9989307099857146,1.026149485356214,1.4212112078180439,0.1433848546709439,4.662486681081098,2.6230192142730204,0.37756391710496634,3.766792944827209,0.379119276757072,3.5870516185476813,88.52483527449694,27.163994433963982,6.995236469193521,0.2732575154112138,2.661028387619082,8.755808515336406,2.6696802263323853,10.584718339515286,9.720909791332506,10.169339896152303,1.071546644861802,9.72100709633518,10.192475940507435,10.388549080833211,0.2072518683272501,0.09157188758913137,0.09157188758913137,0.10255662672047111,1.5509867118864373,0.29532418742846894,0.8178283003151353,0.5967726197107848,0.49304949179258406,0.22562456580609172,0.8632254598207233,0.16438222851571993,0.15485564601123536,2.580441452386811,0.2725770478810863,2.62340813762212,2.625060839359598,2.69932917931157,2.577233353914528,2.6275880994747616,0.9256343075794996,6.636239748324645,0.7415184094419838,0.8416448122003954,26.102263950404637,1.2206668581201927,3.7873044240645046,2.5893846127849467,2.1870321350008655,0.7967337327157835,2.482064759706957,0.868863587570895,2.552639217827264,5.352678184920895,6.939146661707434,4.8858752342914595,1.1950034053190997,0.9288422577209858,1.1907261384637846,1.1462039823282724,0.09895985520730807,0.9084280834863632,0.10226499910336999,0.9128998120162279,0.12491494489617698
2025-09-03,9.752194170415203,0.686951457396199,0.09469475363903815,0.47542422469280277,2.5826915653914018,5.447435313924749,0.5352057837733102,5.445972232063402,0.6775892662076612,5.426662884796482,0.9095962223821572,0.279793256622368,0.7837917178328655,1.226350692412717,0.11868539181094154,0.8798517770694667,0.5321825599261187,14.910863672103568,0.22225473879000723,1.0386190754827385,0.4029646937275621,1.2093817255337473,0.2996879221985208,0.6081529218875713,0.8675638685827253,0.8570313755940897,0.7496586965728694,0.2996879221985208,1.0149210034603493,1.0295494411432047,1.433976919115787,0.14521162807999563,4.64803964649466,2.6325336692159764,0.37634094160901005,3.746538067366241,0.37799881335608737,3.5694364127718448,90.38764978910669,27.25141512991881,7.059391409373781,0.2742344532790462,2.6873415014491293,8.806709362466782,2.691730151800517,10.620148139597962,9.752194170415203,10.20323766563658,1.0750926259388485,9.752291788570313,10.22674102217732,10.423249939810074,0.20830895855618842,0.09488979463854424,0.09479227878904631,0.10347181252854736,1.555978184628026,0.2975424247014027,0.8232884549341263,0.6020089676442005,0.4980495386661226,0.2275209666833046,0.8704895858809291,0.16617906100572793,0.15652427576614536,2.588940913016414,0.2744294849780421,2.644041302098571,2.639750269902294,2.720304295313109,2.59547507946594,2.638970217510392,0.9286132360123183,6.738053275893858,0.7520967695200119,0.8576165636961794,26.33391875655232,1.2322995963560712,3.767212878339398,2.612248735630607,2.1902671770810476,0.8035888582590102,2.4964892285270532,0.8842402786126907,2.5747999708764566,5.402184537169946,6.9908331076211105,4.904037305944631,1.2056758070354785,0.9318315101595261,1.2019699629412912,1.1601326222398347,0.10064364828188237,0.9121318390803284,0.1031792463790331,0.9173005418236175,0.12648722710189983
2025-09-04,9.745638826625086,0.6843387703021453,0.09375304439683346,0.47042199062239226,2.602852595594819,5.440697978084494,0.5332813684894564,5.450833228326613,0.6692330003795469,5.420037271358177,0.9138485200571719,0.2796998417594723,0.7850112372259801,1.231653808141682,0.11879933320712699,0.8721371977757483,0.531527150526531,14.919013408247856,0.21995906534279525,1.03937239573023,0.40064321811082315,1.2107007441470967,0.2993860180621235,0.608712592188604,0.8669720210941687,0.8591755546448628,0.7370626376904588,0.2995809352998554,1.0171523511020566,1.0294318024892113,1.4393334220973224,0.14472274029304869,4.6266444813797385,2.637267180114633,0.37296560235614146,3.7000292726060753,0.37403762857533607,3.5340610552851817,90.43660652287788,27.376960358091317,7.029334658384904,0.2749244623766948,2.699347149267402,8.856056629013985,2.7174738947265435,10.618847827560058,9.745638826625086,10.202124216161314,1.0750413951719495,9.745541275064564,10.22551398727585,10.42188884756298,0.20767955819064793,0.09414286957813185,0.0940454109592659,0.10262157424199582,1.5549167045293617,0.2968521497366013,0.8084007109272214,0.5977000470817141,0.4945911704512231,0.22697593719449707,0.8615144871443222,0.16479875107116373,0.15593022122600136,2.592437479442793,0.274242270632964,2.645746135720964,2.6471103705017787,2.7221519084321093,2.5951662464177163,2.652275547183358,0.9279797409677724,6.663775650825943,0.7428126032618958,0.8581035284256682,26.31322483188773,1.240522375163506,3.732482119036887,2.611831205535523,2.192476378722377,0.805477063891228,2.502582677564778,0.8852937953210275,2.5740180793020904,5.3984016438532425,6.965110636793746,4.886853157015946,1.2083617372943136,0.9311958196253564,1.2037812751492682,1.1600233776366522,0.1008673655732358,0.9038105239622798,0.10301139942329421,0.9142383545326357,0.12571873714579743
2025-09-05,9.714493974797213,0.6810763610875419,0.09403536336871753,0.4719254112206595,2.626966109941926,5.431999056830739,0.5336118156710296,5.433747577092846,0.6683505250802196,5.409073222834601,0.917330486741556,0.2789003213956932,0.7840489516657534,1.2312997862832717,0.11900136001554304,0.8680784982548239,0.5292403297283498,14.865844560544978,0.22051681331784975,1.041383300449215,0.4003302805952269,1.2084709687767525,0.3007577140516093,0.6069555036160514,0.8673984934479051,0.8611812854660862,0.7296483447673554,0.30007770924469046,1.0212745021703709,1.0262288652579021,1.4272391506600477,0.14435593216123224,4.686030744927264,2.632601515445891,0.3662327643572902,3.645327375170002,0.36768990163319504,3.4729940719411796,90.48135215295318,27.177870035032544,7.0053429656383575,0.274723146363372,2.6771905608887763,8.78608900759089,2.696230695482502,10.586263843015349,9.71429949712818,10.170973382552944,1.071789409666356,9.714396735962698,10.194288171887143,10.38983902561565,0.20613949206678156,0.09461822198482771,0.09452107579401912,0.10268117053452709,1.5499320288688345,0.2964833928284794,0.8029920697698599,0.5963668096915528,0.4927142143064224,0.2265397289180515,0.8507868839232047,0.16504759832055726,0.15552749396621174,2.5900524103087963,0.2741402692185204,2.636584453682819,2.6381387927357562,2.7161453866671423,2.589760990265112,2.644647272531329,0.9250048690567625,6.66932172165673,0.7409170064412901,0.8614727055097706,26.239266255676853,1.2373227389409562,3.670390388306447,2.603749745281687,2.1794249670052035,0.8031863250939943,2.5081601169749974,0.8879930412095335,2.567514938730996,5.389838907031706,6.945696427378813,4.8457354509832795,1.2117738280917965,0.9282106377672218,1.2045851952593745,1.156110376299111,0.10102972234826378,0.8985816980765494,0.10268117053452709,0.9082960948125122,0.12599572825945995
2025-09-08,9.678668215253582,0.6809911015326323,0.09339914458507814,0.4698025640294943,2.708671944943501,5.424796653449236,0.5324235222757763,5.431571839347718,0.6705381221379876,5.397309566531771,0.9265389407368718,0.27855207788081215,0.7845528218988943,1.2350948568559,0.11943476725307677,0.8607239673361962,0.5260356027305565,14.825009395113483,0.2200929129995951,1.0511033534080634,0.3999225677005829,1.223770832766224,0.3052652043701834,0.6054006894798737,0.8779519849445669,0.8708865984991637,0.731416954073018,0.305942708191556,1.0312621278722205,1.0224545043519981,1.4235385388216677,0.1436314377912107,4.74632224785557,2.6185635674890513,0.3614014726344163,3.6008518055064065,0.36285328763518004,3.4305071858440406,91.50212930700737,27.304877009079803,7.007549550244387,0.27448703649198186,2.687282170891254,8.801877401708587,2.6889276744504333,10.547231806372194,9.678571334053185,10.133468740170104,1.06775067455308,9.678668215253582,10.158052935509824,10.351529418614499,0.20692991831945995,0.09475416145812067,0.09456059289357019,0.10269066644093347,1.5442315432806604,0.2955865361549298,0.8022648024549791,0.5961091768543156,0.48983740428137407,0.22599690651829005,0.8496902914781973,0.16473093745415865,0.15543940636800604,2.5883661699165823,0.27361595487576146,2.63182359105434,2.63201705808562,2.709930219070606,2.58188162761929,2.6448895568493214,1.419763864125109,6.645567122698292,0.7420634743413214,0.8707897911411453,26.23916017515365,1.2401278056795635,3.6239836689487155,2.60094861581812,2.1688927249118337,0.8006194465805568,2.504161933665584,0.8983739807861423,2.5610722546608837,5.37746782409928,6.938056783347549,4.789295262991344,1.210898186317766,0.9247967775044311,1.2095431786750206,1.1638598528842432,0.10220674041440864,0.8933411058048569,0.102497097876383,0.9050522854842283,0.12543554043889832
2025-09-09,9.663606399636404,0.6809045137656808,0.09325473152812401,0.4689795011528496,2.695593374965271,5.413026813378793,0.5311171152345637,5.410320693385799,0.6679551869596253,5.392346347120216,0.9376691030082805,0.2786045605305958,0.7847893224243588,1.2294163241273977,0.11905681962528236,0.8576536528797835,0.5287011894518038,14.796869479232097,0.2187862329884851,1.0644569146296763,0.4002705659929002,1.2213954328338659,0.3056629219246869,0.604657901960033,0.8918631708110489,0.881039796762131,0.7263239627184903,0.3046965663572237,1.0455160653402227,1.0210669082152046,1.4244297825327055,0.14418245145239605,4.853594897564746,2.623018870079061,0.3703131010323175,3.6819676243295802,0.3722458490313459,3.5088906658631194,92.75995172678294,27.277347430511934,7.005604971409028,0.2737727089650759,2.6825473167558043,8.784596340325425,2.683320578157464,10.532470278450546,9.663606399636404,10.11915350679177,1.0661963841423916,9.663703131039814,10.142346630236519,10.3368770214504,0.2076729780741995,0.09451101404108225,0.0943177447707947,0.10262852614571977,1.5418438640486838,0.29677231430684825,0.7993815347961261,0.5956706550990378,0.4911093901703152,0.22555083255303335,0.846540379533447,0.16408967474136382,0.15529570636668166,2.588712841928996,0.2732895311813443,2.636258096182535,2.631619707423838,2.711055358957498,2.5906454056075146,2.6352919617996835,1.4316775598809854,6.644858768376135,0.7401429874168015,0.8816196690851719,26.281117784686653,1.2376305307713447,3.7099923044270326,2.596153787171283,2.1686316550261826,0.8022806014985157,2.498067259373792,0.9093544498852058,2.5612679604263806,5.374178538047811,6.925396353386524,4.8460572209190484,1.2197526209963578,0.9233668636621357,1.2308658943426944,1.1614805029127004,0.1033049824157644,0.8966950223765688,0.10272516538887629,0.9085813359399536,0.12485504519031644
2025-09-10,9.685326971095641,0.6858111143689467,0.09433413821906213,0.47447943514253554,2.6742856669945523,5.4616947497351696,0.5359806310178004,5.4709927833686445,0.6818402084830887,5.442808432960049,0.9339467341905645,0.28048425263411775,0.7893462469733656,1.2311864672792447,0.1188377768306409,0.8702179028970566,0.5332687784338113,14.835060248940678,0.22237287248883927,1.0648910116052512,0.40561744375898534,1.2141404417467463,0.3065375265717218,0.6066828028053117,0.8876513464976166,0.8803874239794567,0.7462470029225938,0.3052784547967426,1.042808698972836,1.0234382389244099,1.4369007323036471,0.14518159584618076,4.889007346682052,2.657045969374243,0.38053269651842464,3.7890557018954296,0.3818886228104192,3.6051332783179477,92.73559511198548,27.376754502118644,7.057239449341707,0.2740920022959859,2.6953027461977905,8.804164932657384,2.7114769148191584,10.557288513922519,9.685133077330509,10.142857142857142,1.0688619913835502,9.685133077330509,10.166392772018765,10.361356499697337,0.20803873648655039,0.0948184015675838,0.09472154705056844,0.10392251372625984,1.5452784799201724,0.2981113867955981,0.8219854987562424,0.6027118599732332,0.49869251020306826,0.22711865145704072,0.8572397301329827,0.16610169122063217,0.15661017023044985,2.606682950590194,0.2756416376220112,2.6585956416464893,2.6545277149856235,2.7296851945558416,2.6015494949303872,2.655593243984564,1.4387409496538286,6.791767554479419,0.7582566674627346,0.8799031329212696,26.399418791616224,1.2339951928533595,3.8152059411887107,2.620242213510139,2.2035835764887257,0.8066828175837999,2.4945278213907387,0.9077966426821655,2.578305001986229,5.416367944158596,6.974140601354419,4.8855205101770585,1.2100726628707628,0.9254237583705357,1.2044552117225333,1.1558353156212167,0.10343825961429329,0.9115738764802134,0.10324455058026256,0.9163196185021943,0.1258111357977546
2025-09-11,9.682416731216112,0.6880325092815042,0.09537180849602755,0.47395430638012637,2.656467712544176,5.475212824058385,0.5371804758156112,5.478311268328512,0.6868706665511837,5.449844939500024,0.9315453048457848,0.2807900852052672,0.7902788801954108,1.232184373898436,0.11860960495739736,0.8780015521415161,0.5338884526495782,14.85302110312984,0.22230827928420466,1.0602246320681643,0.4069519633936568,1.2124322349022378,0.30567389324965355,0.6057320040016558,0.8835205267234701,0.8774206307763558,0.7457397041350349,0.30528660618363196,1.0375678123751877,1.0232378031097578,1.4434547040187324,0.14562354726813542,4.901142548812996,2.654918785893021,0.37926024563270055,3.7701394740783547,0.3799380487845352,3.5949845908687244,92.04105344694035,27.378002494735185,7.067002371057441,0.2738187518071796,2.692486314603656,8.845759361497567,2.709140083200704,10.555673328875388,9.68231981249395,10.141169683218557,1.068648361217874,9.68231981249395,10.164988050157945,10.359701308790424,0.20759101988824183,0.0951781557291446,0.0951781557291446,0.10389232709369024,1.5448296190139215,0.299186673301029,0.8200038966054052,0.6044732794846609,0.4969984685423575,0.22734314041669565,0.8574748020777861,0.16605344324680746,0.1569519663484959,2.604182721292391,0.2762393559899836,2.6618901377588533,2.658210772123566,2.7355731872511315,2.6100891491500655,2.6556932492185985,1.442486403248829,6.85640980715349,0.7628776231170347,0.8770333252425899,26.41789253879018,1.2381874249943645,3.793570757096909,2.621030327333765,2.2051704105344694,0.8073198804552476,2.4974825952885964,0.9044345823209661,2.583559126377475,5.432319788855236,6.998353776407279,4.877807889032696,1.21068939693578,0.9251549482160903,1.2056544988678002,1.155112345582473,0.10292409096089192,0.9142137700323907,0.10350503079379648,0.9184740570328385,0.1268396628724799
2025-09-12,9.668374746205162,0.6880982129840985,0.0956202295593421,0.4760707887311882,2.6724354990052146,5.47626388034933,0.5376583255375768,5.47616769229491,0.6851977448185442,5.4566373864721305,0.9382190942234104,0.2818331201636882,0.7889393645375722,1.2287537110885682,0.11853427660139065,0.8849463287179432,0.533114177604645,14.83931118683832,0.2220825612815865,1.0664217640119675,0.4076186778247327,1.2471237116229725,0.30619742894995594,0.6048535374000871,0.8898772204923846,0.8823358999925598,0.7780141276293446,0.3057140175890302,1.0436043937098158,1.0222372943723639,1.4459054728005203,0.14608913909578697,5.000773281144252,2.6516485523119497,0.3791936693483817,3.7764672348788126,0.38054723591174283,3.6027265288872905,92.64091278521705,27.487189403461276,7.079377073413178,0.27429179966386347,2.699410347162634,8.874697603640445,2.7269649791450132,10.54471637482778,9.668374746205162,10.130812685436405,1.0675819217726512,9.668277968039979,10.154500911697525,10.348931786217127,0.20719327376173044,0.09610364092026781,0.09591027821999366,0.10403171448208291,1.5425892202625717,0.29875277596954725,0.8554578300003247,0.605143576840258,0.500531765036872,0.22788358981750187,0.8575848104828597,0.16629605301111333,0.15691771770507906,2.614231989252997,0.27670889335041476,2.66412054329468,2.6607368481778133,2.7410810187143477,2.6141352110878127,2.659866434801919,1.4443584974344816,6.808759358684617,0.7604176885418051,0.8812723728693697,26.480132339656045,1.2289471198912458,3.8004446154139573,2.6364691331471164,2.19520451563142,0.8110799515580435,2.494827502126287,0.9090205611821174,2.5924781460740354,5.435946922888668,7.012375307235267,4.880789010192582,1.245189918651579,0.9238132365054414,1.2393889823204702,1.195591256522376,0.10354829390067652,0.9120178075128559,0.10383834256132808,0.9212027340162126,0.12704244748450888
2025-09-15,9.654373431164318,0.6910600678804276,0.09586793111774262,0.4760571671489768,2.658911022032336,5.478760284170448,0.5375555155935101,5.490634974928799,0.6871983037765571,5.458582973682781,0.9323228393012571,0.28113536241777753,0.790307014967673,1.2230160292061767,0.11865224910072435,0.8839544077871573,0.534852302817908,14.780652447081966,0.22195404297275695,1.0624638255624428,0.4088627000784041,1.2424213404267836,0.3054643694694771,0.6042672345297151,0.8849199040558928,0.8777756146837741,0.7816180641482203,0.3054643694694771,1.0398725534318658,1.0208534259873483,1.4370535441544277,0.14529832198044856,5.0071443777605475,2.6463601597949653,0.37594128815127426,3.7508207160226394,0.3782583539792989,3.5957715022883883,92.19974710067098,27.447383664800157,7.108515039515049,0.2734118526242925,2.6935701872948448,8.84273018609559,2.694632026950787,10.53099101011899,9.654276793149016,10.117203527768392,1.0661324609497564,9.654276793149016,10.14114736382808,10.335296672107308,0.20641049585602048,0.09586793111774262,0.09586793111774262,0.10426723489800023,1.5403553104050764,0.29870631911621565,0.8599150385675248,0.6076462504992178,0.5012550508683656,0.22793976260235144,0.8740104149381819,0.1669241254636739,0.1572697520325096,2.6076463226831015,0.2763081757021954,2.6618072162104474,2.657559268330487,2.7333461586907464,2.604943109907499,2.6741648024172138,1.437536144974748,6.836358228920279,0.7638540523902494,0.8783549271764202,26.414365707665574,1.2290982579512817,3.7776598623761526,2.6312993608125965,2.1927012465455444,0.8087468299195444,2.4931453005828828,0.9052905642311876,2.584186265956115,5.435508879760813,7.041803578378428,4.850550428921938,1.239814618352436,0.9224754108105601,1.2321876545029733,1.18826029958539,0.1030121652470935,0.9124348536033063,0.1035914224969717,0.9174550953784213,0.1271480988250043
2025-09-16,9.634839579920994,0.6912997398593314,0.0965410970012879,0.47769536401440105,2.686675075667363,5.4902208024842825,0.538298477039067,5.49349631862565,0.6880239296859945,5.468445970943431,0.9445996812364134,0.28201175891476704,0.7935253936829324,1.2230465597977285,0.11927931510204179,0.8931495996554791,0.5339627918773033,14.799017152272617,0.22140860913610488,1.0733211439047972,0.40909527974248633,1.252625440859774,0.3071586777220021,0.6033336442035336,0.8979670194454397,0.8890066156957934,0.7850467613154792,0.30609885786456953,1.050871950041663,1.0188842855766451,1.4366509356426587,0.14519702952908967,5.049426891702898,2.6584450662658674,0.3785528559160549,3.7592254882718406,0.3803834622048013,3.5811735469833916,93.29944893233933,27.391848925715387,7.128528712951031,0.27353308979331764,2.7052702454889377,8.918489492379443,2.733885730802582,10.511127769263657,9.634743137434965,10.098275128489618,1.0641680021990767,9.634743137434965,10.122072899981331,10.315830558926075,0.2069563497662234,0.0965410970012879,0.09644474640024892,0.10473070513112132,1.5372386843795915,0.3003179504412173,0.8631852426812855,0.6092109022279248,0.5024568987944783,0.2288274400231236,0.8802389499022214,0.1680316074193816,0.1579150148342657,2.616340570314758,0.2766162355185726,2.6720299313254228,2.664418619760303,2.744869589059037,2.6200982988862727,2.6661528203170164,1.443009965049243,6.853742899951223,0.7651026463253625,0.887754113013281,26.55853174453825,1.2293091467182833,3.7926583933754454,2.6376337774894014,2.198959396160893,0.8106753963739131,2.490606031409577,0.916273229348888,2.594662181259936,5.445033381331895,7.06686550441396,4.862221735200736,1.2513730116852537,0.9206089512646479,1.246362853939219,1.2006937349126314,0.10434531191546444,0.9158878269447321,0.10405626930084655,0.9248482306943783,0.1275652738329142
2025-09-17,9.611784023122116,0.6942522429539946,0.09688581241547534,0.48039215246286354,2.6981930144242896,5.514994514579729,0.5406574394463668,5.512302960399846,0.7029988407309538,5.493175795517349,0.9321415163103959,0.2824874989393352,0.7923875667186298,1.2232794756157863,0.11918492520694227,0.8980199952439041,0.5353710184826936,14.724048583702782,0.22193387305447798,1.0601691950380412,0.41099575472446365,1.2236639519280443,0.30786234889750935,0.6026528331693527,0.8820645582763015,0.8770665128796616,0.79863510513159,0.3069011947825431,1.0378700822465743,1.0166281876496195,1.435505633444018,0.1447520224876653,5.038734914155613,2.6733949889315407,0.3806228227039705,3.7860437706313377,0.38225682869822825,3.6053441570887697,91.77912529135428,27.640522594224574,7.142444978719122,0.27326028743921355,2.706843474790345,8.904075402564517,2.7329872773730353,10.48731233742731,9.611687812379854,10.075355538584919,1.0617070269557156,9.61159160163759,10.09909612588908,10.292387026999831,0.20684352612229595,0.09582853005602468,0.09573241097796013,0.10467128357672774,1.533544819797749,0.29969242892325815,0.8803344515368188,0.6091887838150253,0.5026912652543305,0.22971933504931058,0.8837946650157842,0.16849289395084108,0.15820837259200937,2.629373294488598,0.27710495889759756,2.674836683438311,2.6709920669784455,2.7487505861815467,2.6226449956897584,2.6733949889315407,1.44598233796046,7.037101255751994,0.7832564192980539,0.875913083942887,26.58842762173803,1.2316416704118458,3.8069971796642217,2.650230786104653,2.2053056751384683,0.81266823386926,2.4836600720538673,0.9039792680868686,2.5959245153043597,5.469146575986399,7.073817973593389,4.864955727570976,1.225682397568881,0.9183967998054383,1.2132833848225066,1.1703191285681513,0.10303729591530958,0.9175317097700177,0.10419069735282478,0.9256055656647233,0.12850826495154827
2025-09-18,9.617234083477591,0.6956145588676157,0.09694171882771739,0.47941910438662333,2.704173809153503,5.536256714219381,0.5421234750133176,5.5390460877767955,0.703789193163837,5.50788634326463,0.933160211380043,0.283516056378499,0.793325619001438,1.2289863523324422,0.11963838796290921,0.8934410610298029,0.5364493054365923,14.74687444588202,0.22408154680766057,1.0627043662242739,0.41306021122272985,1.234756678107794,0.30842469412217943,0.6037699440209355,0.8870936513153446,0.8809386273718127,0.7936141242841547,0.3072706363044764,1.0416426001018826,1.0173110096104718,1.453837258789626,0.14627813077656254,4.974033585372488,2.683016070266668,0.384400858056387,3.8176571595987507,0.38584342115680675,3.6353144835545295,92.69956136396422,27.793806501250238,7.164166115366236,0.27264858993527336,2.7109059904098145,8.9170995595983,2.7335065492049253,10.494806693594922,9.617234083477591,10.082419649136252,1.0624158609415573,9.617234083477591,10.10636646808581,10.299768904627092,0.20792460895588957,0.09588382638035015,0.09626851537682088,0.10502019692531203,1.534429727368319,0.30005771074186816,0.8743027857483109,0.610886713384917,0.503077528113974,0.23062126891937226,0.8838238269463253,0.16839777100290282,0.15878053691942523,2.6298327775248245,0.27861126479471526,2.6816695166175286,2.677437910141223,2.7572611291309026,2.6317560482447044,2.6852278462692643,1.4519138413223998,7.012117667986031,0.7828428690698106,0.8802654239209162,26.63973841123293,1.2376418776823066,3.8431427712210278,2.656376144018832,2.2070591026463173,0.8158299849110856,2.4818234041026517,0.9080592245522726,2.6057896923161303,5.487497853966809,7.105116157216231,4.887766983903906,1.2336026569769276,0.9189267460257531,1.2292748576151589,1.1833044904359236,0.10338526639738412,0.9248893841983584,0.1046355079288413,0.9313329134246069,0.12819772959901957
2025-09-19,9.63298333493883,0.7014738435104924,0.0974857902471735,0.4791446072485001,2.7006069367451655,5.524226670871062,0.5422406407429664,5.515750186450908,0.7159233185129007,5.505442823728446,0.9310278540206041,0.283498702487003,0.7970330205545663,1.2278200470520437,0.11973798579304287,0.8960600774787246,0.5390617386039173,14.780367744783137,0.2242558586518207,1.062518091241285,0.4122916793859989,1.2454483506996707,0.3087371085354065,0.6045660179321183,0.8849822054386093,0.8793950574658255,0.8019458626336576,0.3073884967480215,1.0408438787376728,1.0194586439750957,1.4545804835757634,0.14680666381965285,5.067623613565348,2.6775839654665075,0.3836817438691329,3.817647601951582,0.3844523634275321,3.6261438462169466,92.283980348714,27.83932183797322,7.2126962720354495,0.27299874918204303,2.7237260379539543,8.953376478249025,2.7395242717314083,10.516423860297659,9.63298333493883,10.103457911764883,1.064733636251776,9.632886911033378,10.127443946196777,10.321067851950076,0.20807244370937025,0.0966188202771524,0.09642616538755261,0.10528851079063463,1.5369425204870226,0.30026009128498166,0.8806473188415885,0.6123687476623082,0.5029380510978967,0.23109526800036762,0.8898949740238702,0.16876987243775812,0.1589442250264907,2.626432847476008,0.2783932147050407,2.6797032335592066,2.680859144523348,2.754069876663947,2.6270108029580785,2.6969463560418374,1.449378737249467,7.133031311711299,0.7935651406744819,0.8791060797247902,26.62566236167638,1.23677872449329,3.8420190380299646,2.654175886516683,2.2045082949958155,0.8153357035897162,2.4851171465786352,0.9062710897895645,2.6049514827833,5.481649049156813,7.138040651189673,4.888161086999386,1.2431365287713882,0.9204315870509374,1.2369714253165338,1.1911184040639524,0.10316925188466403,0.9251517283067849,0.10451787285877782,0.9292939140805618,0.1290819730134888
2025-09-22,9.638457737198795,0.7042891536850527,0.09725301351891943,0.4755662665309676,2.6915662650602408,5.503807417168675,0.5404337319983057,5.506602386106928,0.714024114034262,5.492337514118976,0.9555662591773343,0.28202409859163213,0.7935421863234187,1.2328675051769578,0.11932530230786427,0.8966746870293675,0.5376385424510542,14.791132106551204,0.2231325264436653,1.0848193065229668,0.40906022772731554,1.289060293910015,0.3059277086372835,0.6064578136765814,0.9040964149567018,0.8977349338761296,0.7958554187452936,0.30573493314076616,1.063228892131024,1.0201445430158131,1.4458794651261295,0.14554217235151543,5.075951854292168,2.671132577183735,0.3724337290568524,3.7076627800263555,0.37378312076430725,3.5330119305346384,94.4390342620482,27.6156155873494,7.227855562876506,0.27344579122152674,2.711999952936747,8.886746987951808,2.735228903896837,10.524048145707832,9.638457737198795,10.110650414156627,1.0653493858245482,9.638457737198795,10.134553840361447,10.328193241716868,0.20713252791439193,0.09715662577066077,0.09677108396966773,0.10457831692982869,1.5378313547157378,0.2991807317159262,0.8718071995011295,0.6091566338596573,0.5025542109845632,0.2298795217491058,0.8864578430911144,0.16742169483598457,0.15826506097632717,2.6144578313253013,0.27787951733692584,2.6720000117658134,2.6623614575489456,2.7420721950301203,2.6188914839043673,2.6817350456513553,1.4377831148814006,7.111806993599398,0.7924819394766566,0.8971566441547439,26.516241528614458,1.2378794474774097,3.730313147119729,2.6456866528614458,2.1871807052428465,0.8106988010636296,2.4901205407567772,0.9257831619446536,2.5918071700865966,5.463325371799699,7.16684334996235,4.831710925734186,1.2867469879518072,0.9209638848362198,1.281445753717997,1.2358554334525602,0.10515662503529744,0.9159517954631025,0.1042891536850527,0.9234698559864458,0.12896385652473175
2025-09-23,9.578639940283765,0.6966475417330804,0.09674329867308167,0.4721264455510282,2.69061296835713,5.484865853612907,0.5381226082871243,5.490133935921037,0.7156130180505044,5.466858144007423,0.9805555818638125,0.28026820142607123,0.7861111081879714,1.209961682900615,0.11819923517804493,0.8923371998286338,0.5363026980696053,14.686972665604046,0.2212643714700165,1.1010536106153466,0.4033524962677352,1.3018199584493235,0.30440613684526346,0.6033525064987241,0.9195402298850575,0.9112068702434671,0.7843869673337972,0.302394633092186,1.0772988622672712,1.0139846801757812,1.4268199876807202,0.14425287758253544,5.039751191705579,2.6504788453551544,0.36724138077191465,3.6588123657694265,0.3685823710942177,3.4844827469281308,95.82375478927203,27.44367928340517,7.166857956926484,0.2724137982189427,2.692720259743175,8.80402312881645,2.723946406923491,10.45986599392361,9.578544061302681,10.049042098823634,1.059003808032507,9.5784481823216,10.07298845897689,10.26542108177682,0.20431034409680127,0.09750958146720097,0.09750958146720097,0.1038314190860909,1.5282567342122395,0.2966475030014798,0.860823781097529,0.6019157102738303,0.4971264513973075,0.2281609166170902,0.8741379514964603,0.16532567269043905,0.15660919905622342,2.5965515955197858,0.2753831417624521,2.652011447482639,2.6480842093398285,2.7236590622942107,2.597126577092313,2.667049831814236,1.4303640022131674,7.127490281145234,0.795306501717403,0.9099616858237547,26.321839080459768,1.2210728290894022,3.6814175894433965,2.6425287824024184,2.1620689772098,0.8052681963105768,2.4744251587381765,0.9383141674757917,2.5749998713818547,5.440038337561362,7.104310368212703,4.763505723741319,1.298946365999536,0.9152299142888679,1.2909961568898167,1.2427203591299238,0.10708812552850365,0.9015325933580653,0.10344827768903125,0.9154214530155576,0.12911876956165064
2025-09-24,9.57130560648569,0.688648515967096,0.09628637461348295,0.4671707635269048,2.656202038798544,5.439510024159827,0.5350306424758701,5.4489854283938906,0.714012236544038,5.419984966470856,0.9625765667575059,0.27861792314655015,0.782924990924175,1.2075038635347375,0.11696018632301693,0.8931852957008444,0.5331163932134327,14.69573156756975,0.21946784365597033,1.0954249325061465,0.4004594195308948,1.2981432320330446,0.30120596586288756,0.6026033603031457,0.9125191073687846,0.9058192897171558,0.7730665834902987,0.2998660023325618,1.0709226587830056,1.01330400791139,1.4204632816051816,0.1432810132755437,5.0166540452568675,2.622702804495328,0.3643759542000786,3.629019943167203,0.3657159177304044,3.4573124159715074,95.043552743348,27.331643447759138,7.0845138059093244,0.2719180689836534,2.6773546227634775,8.79374061572789,2.6848201547245885,10.453388628879331,9.571209800918837,10.042783494747798,1.058192932222375,9.57111399535198,10.066711519250095,10.25890099144274,0.2030053511147842,0.09676492780127532,0.09666922264040703,0.10279479107119223,1.5270865529456146,0.2954632545868434,0.8487748880663838,0.5971477736375234,0.4933001619020611,0.22693337561708132,0.854517599342428,0.16452910158937228,0.15553215926493108,2.581546719187434,0.273928032534776,2.6366769811095723,2.633518318304789,2.707503875218343,2.5851838256462063,2.6607005190885813,1.4204632816051816,7.104230474732006,0.7932618420120403,0.9059150222614749,26.1981233885971,1.2150650550176318,3.6483536818126074,2.617151631330458,2.150555153535665,0.8006317144513677,2.476167605810472,0.9345329191199123,2.5598201780917997,5.3978749110176585,7.022875191424196,4.748564365264285,1.2950803747951163,0.914529125686809,1.290773359593717,1.2441616145976653,0.10633613760219415,0.8924195813913622,0.10269907678250696,0.912327715302682,0.12844563625855612
2025-09-25,9.607166968638918,0.686713453328212,0.09616678094804339,0.46565473360268156,2.638389901842756,5.454510613561581,0.5347295594909416,5.454606778088673,0.713613207602045,5.4420215387900495,0.9624363560877681,0.2781247071086507,0.7798059195786848,1.2066480783372187,0.1163416241394682,0.8921126007335148,0.5329042292314643,14.755404118055889,0.21961764444568702,1.0942453792475637,0.3994620216260418,1.323662203663146,0.2995484706040521,0.6046690232174943,0.9121913435319645,0.9071956989641251,0.7790373363232839,0.2989720514865347,1.070515902634026,1.017196630352752,1.4118551898728713,0.14276106885077572,5.022576499115849,2.63752530065253,0.36103373840959446,3.596407014156169,0.3624747770413712,3.425881507383184,95.1023171804448,27.221442794396676,7.059179345060464,0.27293688007889433,2.6684600803691514,8.7743299771757,2.694879525080459,10.494091229269742,9.607070804111826,10.08175650090967,1.0623499071097577,9.606974639584735,10.10587034244704,10.298779902007878,0.20203670560712372,0.0973196283450948,0.09722355543816967,0.10250744621283452,1.5328081761144952,0.2961859921578063,0.8574310692669804,0.5944855516198985,0.49217023289688083,0.22605438261740327,0.8433086634575547,0.16408876860126864,0.15515418982159931,2.5795946754311174,0.2728408071719692,2.63108843421258,2.6263810633376163,2.701892499129359,2.5809395128877353,2.6615429776628097,1.4183879276553792,7.109136230515659,0.7921029584805667,0.9054664232875396,26.110960635777932,1.2085695364757212,3.6196559613187804,2.6253241330932067,2.1483331263059613,0.79748296797224,2.482178836748847,0.9343837269308336,2.5549044331002615,5.410317736041226,6.980113339980726,4.709962626242914,1.322893620407745,0.9179556446513384,1.3193390511197491,1.271687915430757,0.10635027086967258,0.8897108330324869,0.1024113733059094,0.9089249746407105,0.1279661801789242
2025-09-26,9.64785335262904,0.6779546227020395,0.09551374451066351,0.4577906489429759,2.6218041485769414,5.422286729679208,0.5314037803285546,5.421514736530692,0.7043897938854845,5.402894450223107,0.9649782599427535,0.27660395635594737,0.7767486940302023,1.1973950854833724,0.11480945121592159,0.885287044247279,0.5295706646372256,14.834442506708273,0.21775204722454625,1.0988905115859036,0.3943077562169297,1.3410516160154364,0.29753979886722515,0.6066570291183332,0.9157742225658013,0.9090207546618728,0.7693198057286014,0.296960932818577,1.074095531413938,1.0219971085882853,1.391895844403868,0.1404727488626792,5.0766039791742035,2.608972633166757,0.35397972625864915,3.5221418941072717,0.3553304566430746,3.3570669701406475,95.4476641642547,27.050651701187892,6.971442613173842,0.27390255079255604,2.653931370692384,8.702363724071393,2.678726424471629,10.54307804208876,9.64785335262904,10.128702033963458,1.0674384890462945,9.647756779878195,10.153207958348407,10.346839856940424,0.20192957361481698,0.09589965827673227,0.09580318673589755,0.10101302717828083,1.5393150318548752,0.29358418046479284,0.8424505518072766,0.5866859756226822,0.48557647690356665,0.22383020514172167,0.8402315131489688,0.16198746662351513,0.15340086462643776,2.5627593331675107,0.2715870681961435,2.6155331027835564,2.6125422917985706,2.6892425492945007,2.5692232300334656,2.643029543724373,1.410805554534868,7.018813314037626,0.7813796224193876,0.9077664866173721,25.980993069374094,1.1959478927590221,3.5449106866934996,2.6084900638416544,2.120984045710474,0.7946937071546747,2.496478627743608,0.9369030449623884,2.541437659698354,5.378774816841534,6.908924123025205,4.664833668746985,1.3383502288538651,0.9218524172866166,1.3339121515372496,1.2832609214359472,0.10689821441105696,0.8721659577991211,0.10168837396867368,0.9081524095843508,0.12677279636587316
2025-09-29,9.627515257202512,0.6835467411187061,0.09656300888583028,0.455473200859642,2.6113410054334745,5.40743220285122,0.5321074464018838,5.412053763493429,0.7131029141698683,5.400692892106719,0.9860402249826254,0.2757292711047313,0.776547642843067,1.19611050220246,0.1148551102837757,0.8872629600665194,0.5278713953119735,14.818522683853615,0.21757967056387528,1.1148551367262713,0.3927024252963064,1.3993453942766498,0.2966207708283661,0.6051795572383899,0.9316452935695234,0.9232694861449784,0.7561374883559001,0.29594685444419144,1.0912679163774053,1.019928780604662,1.3870223098509555,0.14084913944778008,5.092230602443258,2.6093193297323274,0.3535188333561483,3.5118898505756895,0.35428900776990996,3.3504381415772118,97.3259844035814,27.047366054773995,7.017907116655735,0.2729373291756015,2.6468662046383096,8.68893828373207,2.676422451140849,10.52219063643256,9.627322520789207,10.108404360619042,1.0651776200023917,9.627322520789207,10.133051117081447,10.326176528879248,0.20333109501524402,0.09608163610509605,0.09598536889408692,0.10099162194202525,1.5360547131198403,0.29248097776804277,0.833541945037592,0.5867911886294354,0.4846442683410791,0.2236449363842912,0.8450948183238363,0.16135554278311193,0.15326850944732787,2.5639742690306995,0.2712043908375271,2.610763383804575,2.6061424107733826,2.681621339606449,2.555983346821748,2.638779208028214,1.4065659584433967,7.105612761707843,0.794550869156608,0.9280831955894763,25.88851486533648,1.1988061677391586,3.5354771443759323,2.599980721657781,2.1216906217657887,0.7924328252488085,2.47347659023524,0.9529219539514161,2.535669633992611,5.362279584757389,6.945893623790555,4.6385866714026545,1.4088764449589932,0.9198999042241052,1.3881775531087537,1.3387888471993237,0.10811590971634089,0.8924617016293654,0.10156927111519075,0.9034369532867105,0.12881486583653526
2025-09-30,9.60809002465051,0.6806302492110936,0.09646425789635883,0.45119138244112855,2.6320138589681616,5.413047796391598,0.5326671658984338,5.420349965546334,0.7269408499434029,5.407474995758972,0.9801114732535595,0.274500381387627,0.7749808191978226,1.187355897684999,0.1142390501856529,0.8872982174684964,0.5270945485237468,14.783147625699582,0.21752497491975825,1.1121252882398156,0.392006141785747,1.3662566962744254,0.2955418930522851,0.604534955504855,0.9303420621738536,0.9209261959465901,0.7541314168309909,0.2944850078644338,1.090699429698947,1.0179669191798826,1.3842237444678973,0.13979631236294066,5.014316051579915,2.605399821557786,0.35194082502032314,3.503939300935879,0.35309377401998465,3.3388740369487415,96.56802271990296,26.992793160159252,7.012490251264052,0.27190621864969783,2.636433454040011,8.696003238757147,2.6540162469862425,10.502497843831067,9.607993850883936,10.08935410824306,1.0633166618845629,9.607993850883936,10.11414348300286,10.30668688223602,0.1999423469056724,0.10299769664708694,0.09713681453379368,0.10088393543428133,1.5329554482298022,0.29304381245196004,0.828497342015119,0.5841660188034257,0.4835703481077507,0.22328977489544738,0.8352229083894676,0.1608378148647018,0.15295926283910402,2.630860946620088,0.270465023237224,2.603093703648936,2.5960800557939208,2.6664103479407366,2.5512105954967033,2.6204841490620194,1.4009415599403705,7.211856123669893,0.8064950273002138,0.9195810826717203,25.812356349232562,1.1928324512478758,3.526421971361423,2.5875288005245363,2.1189468993671485,0.7900653666115833,2.4730975585749846,0.9525365045123794,2.523635700058699,5.369715650296047,6.944177555726364,4.639604291395441,1.3711568669664411,0.9180438417732304,1.361356672188761,1.3073597936608259,0.10857033234756787,0.8969062113193802,0.10098001757188543,0.898443525521046,0.12932359759941364
2025-10-01,9.604302727621974,0.6835382075388524,0.09700346121273268,0.4547637194978975,2.645121049386375,5.487802676223948,0.5387053414578168,5.5098924552574555,0.7225317264400076,5.473972456848168,1.0751056707780084,0.2767960016790647,0.7746830931819955,1.1914137826715119,0.11515558750593703,0.8907030144426578,0.5346715152607118,14.762869624966985,0.21917018531333288,1.1342681374771522,0.39243181531263505,1.4021322079635425,0.2977333845562812,0.6069919397132102,0.9536112266185875,0.937668048918728,0.7654628980814655,0.2983096375906875,1.1113138598201369,1.0178640353143833,1.395793332991305,0.1412792934896943,5.10737638587087,2.5992124940723444,0.35420669485320044,3.5286207635083016,0.35689588789293225,3.3612178373098645,98.98242225016807,27.109680293021274,7.023242506392863,0.27199385031525375,2.6543410979368756,8.72771783008788,2.6823857908655575,10.501344836861914,9.604302727621974,10.088455956393464,1.0631962826377466,9.604302727621974,10.11294622490876,10.305705237196264,0.20072992334354853,0.09738763295546247,0.0974836690216123,0.10161352212549034,1.5323665295020918,0.2932193688690502,0.8422013296331756,0.5896081385867118,0.4885708694956278,0.2249327706136568,0.8423933834467215,0.16240875765858728,0.15424509667635788,2.60833640580355,0.27257010334966003,2.621878507821504,2.614291319698725,2.6941030519172586,2.573856994183394,2.664233518022324,1.412024628048991,7.1882443569093954,0.8043603534383403,0.9381482933651151,26.037168557763877,1.1967921687509755,3.5524395397888253,2.6353247661202217,2.1186131035141242,0.7948521142549987,2.4769496148336954,0.9680176807100206,2.5482136700366764,5.444679450768945,6.965040455311479,4.67018833812548,1.402420325321369,0.9176911549342855,1.3934882475786652,1.3433537756164762,0.10977718310771975,0.8738954846693193,0.1020937390937468,0.9079907886623833,0.1293699603056935
2025-10-03,9.600614439324117,0.6856758656772783,0.0983102896612727,0.4577572993968489,2.642665224324357,5.504032140869516,0.5402265788955806,5.512960641981087,0.7303187374695106,5.4811826316259245,0.9945276146110852,0.2773617452923237,0.7784178363196494,1.1969085845712877,0.1153993899554884,0.8994815902592767,0.5358103050431166,14.78494623655914,0.2174539133883475,1.1256720430107527,0.3961213356522005,1.3983294344900574,0.29925115280620146,0.607910903368128,0.9361559344876197,0.931931640695317,0.7791859030540454,0.29925115280620146,1.1030145870741979,1.017953137282036,1.3947772540255077,0.14093702289915305,5.154377927062332,2.614439394433744,0.3550307175713933,3.5344661472396735,0.35599080098938835,3.3642474407424574,113.79896125852055,27.265745007680493,7.054435272919967,0.2723694397007815,2.653321765718006,8.783602384927635,2.663018480057724,10.50153577016429,9.600614439324117,10.08890154907414,1.063268049155146,9.600518339423724,10.11338358467442,10.305779101112472,0.19940476629957443,0.09917434642574938,0.09936636310934838,0.10243855680005708,1.531778063092913,0.29406681221934144,0.8582949455249511,0.5939900051064205,0.4901113598028086,0.22523040595691876,0.8433179371917303,0.16397849389118715,0.15504991953274072,2.6022464265838012,0.27313748812345867,2.627016175910258,2.6206797352218043,2.699308790918869,2.5783409903858847,2.6957566104543194,1.4173387565554196,7.278033958235827,0.8127880535916799,0.9393240815849715,26.07546101700509,1.2011328783635904,3.556643543155512,2.6514976255355345,2.136040759342973,0.7980990519721387,2.4769585253456223,0.9610214907269691,2.5522273073914232,5.45938963531166,6.991839665238576,4.672138958299581,1.400057621265886,0.9173387389761695,1.3856566996069,1.3417818213021884,0.10935100176001109,0.8776881544637607,0.10234254845825758,0.9123463784494708,0.13066435922309186
2025-10-06,9.621764555319686,0.6876744079736661,0.09785432576054984,0.4648321117414703,2.6537091099102157,5.585105570794345,0.5459444017941575,5.587318410866989,0.7334744862593436,5.559030116424516,1.0181853141039565,0.27961127168230904,0.7864908867869674,1.20263636932329,0.11652073180676653,0.8986818197428933,0.5416145570627089,14.858943895530645,0.22216876890780227,1.1517367165230654,0.4018088936931897,1.4393341319916348,0.29952852074248626,0.6089675831379519,0.9630520190309884,0.954681047057665,0.7812950731092291,0.3004907104997241,1.1333590004380576,1.0203021352403285,1.4156644364746704,0.1427884167476945,5.422303262073932,2.649475467637472,0.3630328061410211,3.6150292644575974,0.3639950142505021,3.438564371376768,102.17213509092657,27.297122969637012,7.096218702642403,0.27383815149112534,2.6853651143836292,8.805349895587774,2.689310112575772,10.52621947690152,9.621764555319686,10.112190521865678,1.0656210911190223,9.621860867891849,10.13759237550214,10.32983696771565,0.20186663660383264,0.09843163227399526,0.09843163227399526,0.10333878351888928,1.5351679308357338,0.2953911359851771,0.8612527868395118,0.6000192495944535,0.49985567942787884,0.22717214096364438,0.851053564401445,0.16405272045665878,0.15616279748134637,2.5984797224920015,0.2746079179787101,2.647358940136991,2.6462040701786957,2.7236602263467597,2.6030983214175105,2.734051706884291,1.430097227776508,7.315116037386943,0.8177619346076159,0.9540075197332715,26.398825005412295,1.209660360056799,3.636197475821316,2.6909459581231054,2.146829549862287,0.8042913147107729,2.4825364164882613,0.9840276786593515,2.574040113669507,5.5337245753602184,7.026460211350187,4.742903807137315,1.4401038984792196,0.9193688352906553,1.4351968022910553,1.3823727332718685,0.1119984638056649,0.8941595333895485,0.10324256270794119,0.9235062384002077,0.1312421855414486
2025-10-07,9.648687671115159,0.6912388980089583,0.0980316465400628,0.4651678800122796,2.6693361047518755,5.597742420050777,0.548822858627125,5.611829268154791,0.7334041116965503,5.579795233764413,1.0232535994959264,0.2811655672486341,0.7886916042432414,1.2085102277113084,0.11713624414630214,0.9044770152814505,0.5481474466739774,14.919432651485913,0.22259744977638188,1.1607487751037997,0.40331917442165716,1.44432653841573,0.3021034298141874,0.6105750557631887,0.970667681147444,0.9615978740072305,0.7783674080369096,0.30065611585692886,1.141740658346726,1.0232535994959264,1.42628335897548,0.14473176379776148,5.231184611583667,2.663161035947752,0.3637591737064787,3.6272673936296917,0.3649170175108473,3.4499226919429637,100.89396363011386,27.48967608352832,7.103048756701382,0.2742184492116359,2.7000191680071945,8.876881512929371,2.702141912321196,10.557120944118463,9.648784253184099,10.141836892955784,1.0688923077894334,9.648784253184099,10.167309824723803,10.360188927718545,0.2032033912190504,0.09841759754211826,0.09851408759308156,0.10411038172378452,1.5394635570412756,0.2951563117771892,0.8571015228777952,0.604592819832228,0.5012543493143521,0.22829023395804815,0.8598996791449444,0.1647047442572773,0.1568892341652049,2.6176187624944216,0.275858743270821,2.6635467753084594,2.6565033512564526,2.7345619805298087,2.6126012062299484,2.743149245397228,1.433133913347133,7.304322843798244,0.8157082295979096,0.9622732859603782,26.52363867338262,1.2112118755238988,3.6470475780232356,2.704940142202727,2.1611346558041205,0.8100154086090524,2.493438956269147,0.9902547014031066,2.5858741798533385,5.55297191977639,7.05760335977452,4.727132510881265,1.4446159901650244,0.9219413648374933,1.4347741890027228,1.3876882219627436,0.11260131297080225,0.9052489356891569,0.10362794067076576,0.9265727400549679,0.1316094205260783
2025-10-08,9.67669818303053,0.6879233243457579,0.09754209332016697,0.4646797025136798,2.6406038792608135,5.589704031821536,0.5500290318616982,5.604702946017092,0.7312753986338709,5.5742208053739475,1.051770877118311,0.2812076588537099,0.7910779949680665,1.2060189399401777,0.11670215230904489,0.8945229576292457,0.5478033734309228,14.941552724925005,0.22034062761528617,1.1858912623549236,0.4021676153792434,1.505031921611156,0.2997871060793142,0.6121540383349449,0.9929359455230459,0.9840333117999444,0.7736597343549659,0.29891619304865913,1.1640216848802722,1.0264176475210394,1.4164893060074752,0.14370041011679627,5.211244719342703,2.6569576865126643,0.36984711845077534,3.6823108068443666,0.3712986155591713,3.506386743792487,103.46235537727404,27.42200540993323,7.0748014839516395,0.27569188863090927,2.7010838482950694,8.92664970455535,2.711824949045626,10.589123565868734,9.676795045480937,10.172440204210615,1.0719953433258842,9.67669818303053,10.198180809781425,10.391619848240637,0.2034062362856945,0.09850977651611942,0.09860653745290594,0.10363847530624126,1.5439326790377184,0.29514224888716856,0.8471066471407717,0.6007354541421974,0.5008708953119141,0.22759822389939685,0.8483646039185727,0.16431197544258105,0.15657054678900503,2.6121540782021118,0.2757886587962067,2.6605380534295167,2.6548287797901646,2.7325334321928825,2.611960648613648,2.7456937317048093,1.4366170574208166,7.258854314716591,0.8114960384202783,0.9863557219389953,26.456938829047317,1.2145345668301768,3.702341843463476,2.698761511984106,2.16227982338148,0.8092703430754593,2.503967580468599,1.0135474923918089,2.5825431089879283,5.548867649604763,7.028352985858271,4.746274540219935,1.533094568180581,0.9246177961269384,1.5227404742631272,1.460518605339474,0.11544416784571106,0.9127153057366384,0.10363847530624126,0.925585460865869,0.13112057471196886
2025-10-09,9.69649956365752,0.693590601951875,0.0981285744745378,0.46921360796711375,2.6512170408972597,5.62746034472571,0.5513429711078403,5.638320376890817,0.7374188214075227,5.599728498012218,1.053815575537436,0.2830408274416525,0.791816189877915,1.21438958463851,0.11732764841917703,0.8999321008299598,0.5495975982272451,14.984388304279188,0.22457092841473975,1.1921845917603238,0.40744691610359424,1.5666635055194293,0.3007854209033615,0.6118491076711053,0.9931154675549823,0.9839038225608758,0.7828953540557504,0.3001066688930423,1.1671676791096872,1.0286046914676108,1.4407059229230552,0.1448656994122302,5.316300005151265,2.667119146306543,0.3751575548017937,3.728013199075954,0.3761272269516857,3.550567375426495,103.5915872260739,27.6564526416901,7.124697173773393,0.2765441719942177,2.7070686771626224,8.920779598564918,2.6881606805617,10.612140538261782,9.696402503969505,10.194511639208402,1.0744690929757952,9.69649956365752,10.220304659471056,10.414040531368176,0.2049839948574463,0.10094055897810637,0.10103752619309557,0.10452826270698334,1.5470765349729256,0.29574323669155433,0.8638611106166065,0.608164464469147,0.5080965919313382,0.22922524376659012,0.8560069696431386,0.16522836144213462,0.1574711506944455,2.626296965999376,0.2776107743698885,2.6784641809980427,2.6732279883778363,2.7542905826914454,2.6308543326308422,2.743236727063991,1.443420930964332,7.314457741253455,0.8183845779683788,0.9866188306021527,26.71657160183143,1.2193348201299332,3.756132988627824,2.719868127605934,2.1762823857403886,0.8142150801968693,2.505187485227989,1.0172598047329524,2.6046736654434937,5.582856683463833,7.05459107948554,4.794046384777556,1.5963347705111268,0.9265005628988443,1.5518277250667392,1.5142054073704003,0.11577620072125765,0.9218462105577836,0.10443130473929674,0.9361970624625019,0.1325511497749825
2025-10-10,9.728475437633767,0.6982196385160658,0.09884229835015185,0.47524076733263054,2.6728280011127055,5.691020337277458,0.5574472150701483,5.706586410057824,0.7526997056774203,5.663975213610577,1.038330609562541,0.28543632797536617,0.7944352919749914,1.2233680319097189,0.11868858652850604,0.9104970944439208,0.5533612322999828,15.040276196462447,0.22599474211729084,1.1854265830734614,0.4091837861007006,1.586632905320465,0.3023640424526321,0.6132892393766645,0.9856016884774175,0.9793754078115119,0.7884035501072802,0.30187762123402573,1.156727322948525,1.0324934064930242,1.4551999399849662,0.14709601990037047,5.21218026817419,2.702500326344215,0.37639846898247864,3.7407336293960984,0.37727404202059417,3.5633816400359652,102.36501225192139,27.823036595394736,7.168790785901473,0.27804261040671324,2.7287672948183186,8.914485916180745,2.7428738441619442,10.651814616344609,9.728572818367544,10.232706939284585,1.0785095885820757,9.728475437633767,10.258682656234798,10.453059351134595,0.2076077454284258,0.100301589839641,0.10039886851662826,0.10545773083556659,1.5521938228597898,0.29818075317180925,0.8652592902170079,0.6136783911961736,0.5119174913112634,0.23056718321762285,0.8740149463750425,0.16703959603360194,0.1589648813365881,2.6469499617887498,0.2795991805731896,2.6992897310543644,2.6973441946261794,2.7777020042190084,2.653857462252377,2.782371826053118,1.4584103868285765,7.49674118937123,0.8350034228140353,0.9777215682459383,26.850860978694424,1.2317346104713645,3.770211193160053,2.7494892024242388,2.1934040929454923,0.8208969476935302,2.5203814313086754,1.009728581725142,2.6262283510753113,5.642766996120732,7.105555062582084,4.827998725689969,1.558906561855862,0.929565162484267,1.5689269799830814,1.4974219103895836,0.11489444906719232,0.9270357127690178,0.10516587624882477,0.9427960274550965,0.13337873371093464
2025-10-13,9.730368689640702,0.6961175529388669,0.0982777112140676,0.4759170949441677,2.6655639042658974,5.688236032790151,0.5588206704794764,5.71022698117611,0.7545003494748209,5.661574650729481,1.0654860367811618,0.2848107468888165,0.7989685765335367,1.2240926637321963,0.11832246616144897,0.9052252484119576,0.552593178121313,15.059939291013915,0.22740100067367325,1.2051182103154725,0.4089714778563479,1.7036100207361555,0.30106062600036604,0.6140897208363488,1.0089520525582003,0.9988323589167939,0.7790210913553931,0.30076870533630545,1.1825435319577393,1.0327916647820223,1.4564560929822055,0.14693004166069598,5.151016786194293,2.6821058153978545,0.3740391031109174,3.7129511197067786,0.3745256561104096,3.5404301459912,105.00292294079011,27.76335496968352,7.161330842688772,0.2779994132025321,2.7392236038301547,8.990853266851952,2.7182057614431803,10.655444765921475,9.730368689640702,10.235963327545734,1.0788168020490614,9.73046608932568,10.262041499297583,10.45626122234419,0.20716163195025147,0.0998345843036084,0.09993189119162861,0.10557556078106185,1.552495894246938,0.2965846019483928,0.8558917883085789,0.613700493284268,0.5129901841072602,0.23070934206940408,0.8743796887258107,0.16678018283203697,0.1587038967202723,2.6414322414622764,0.27926438418740346,2.6955336091629065,2.6942688980095117,2.769680010201786,2.6487300910292704,2.8017904295164566,1.4537315743552046,7.5032595636038,0.8376957899960166,0.9998053906782135,26.826895008270895,1.2301255051955369,3.7362070761963913,2.7489540699194803,2.1852680921577767,0.818429508712188,2.5199962147156576,1.0311375033638526,2.6194415900265766,5.645226945066958,7.109273086671086,4.787681218052904,1.6529142270817117,0.9297460645300946,1.6917388402291678,1.599104761485751,0.11705750445627315,0.9215724344115273,0.10499172873263625,0.9382115225157664,0.13330738356782268
2025-10-14,9.74174369444106,0.6945933078593065,0.09780808535658088,0.47316122449901815,2.6629323536630842,5.682318344153373,0.5578178112180536,5.693521699380479,0.7436921221421395,5.65718482194502,1.0922552629964153,0.2844617707056936,0.8211398043402566,1.2172430292083993,0.11787628233287605,0.9000487032600919,0.5554797901389544,15.105893766363248,0.22961519429931046,1.2367267116243759,0.4079883201959594,1.8105212479641073,0.30043838434084646,0.6152946892100546,1.037408649427857,1.0237700568718033,0.7735996460020397,0.2985874293086242,1.194934278247534,1.034096459092829,1.4587433559977014,0.1463224594034454,5.106965226193375,2.7501216540961395,0.3734047913400359,3.732294156036897,0.37379443674510243,3.5399903057263757,107.64003896736483,27.795810913145395,7.133268197454943,0.2793960088180787,2.730832998774659,8.91573319246986,2.704822151938474,10.669459042407452,9.74174369444106,10.24939089708658,1.0802727656078757,9.74184120798831,10.275499554767412,10.46984881119094,0.20555285320477082,0.09907452582848461,0.09878227319359721,0.10491963426949509,1.5543107944642747,0.2956648843786627,0.8521188623546334,0.6102289273224397,0.5127131131818338,0.230004876866552,0.8673161108553031,0.16512421590783685,0.15801265770437886,2.650657538605851,0.2785192416228728,2.6887481734047736,2.683195252564844,2.7636629560779955,2.639746724020488,2.7918167225744335,1.4523137051247412,7.404773264353993,0.8247443123439783,1.0228933268387725,26.712128592303944,1.2270823096392853,3.7576230026371467,2.7474914639970467,2.1753531714735295,0.8184121006939159,2.5188504389536654,1.0561130410337005,2.6166586079251397,5.637019139293107,7.084754018509498,4.78090608636751,1.7828543059604085,0.9308329571530229,1.80993661262672,1.6981003171806501,0.11953239608147756,0.9183633379743439,0.10462737234406394,0.9368728511343917,0.13248904414485851
2025-10-15,9.744786686470716,0.7043461194630372,0.09890859109852147,0.4780744628073574,2.6750147121966963,5.7157472987036515,0.5600272970249768,5.7223736159496195,0.7562853304458347,5.6817384287526185,1.0970571217214449,0.2864938571285351,0.8213798569043786,1.233677630813887,0.11917754377544658,0.9116156991985754,0.5560319759626877,15.107289598457902,0.2328980668342455,1.2424478659130773,0.4150263121476115,1.7779185046603214,0.3018904652332521,0.6159617918970245,1.0376145328097213,1.0260183289371207,0.7868836484116156,0.299649191190801,1.2157474384742786,1.034496235257351,1.4581952776227678,0.14704736067616342,5.037809203554375,2.731826119059546,0.3750731015247203,3.73192361353248,0.3765347825925593,3.5623660818964993,107.6334984347593,27.939777154946647,7.2226661707406565,0.27840576588213034,2.7412784794250022,8.93997254833518,2.728220631657602,10.673942558483361,9.744591602361869,10.253556526048772,1.0806860409849826,9.744689144416293,10.279965442515469,10.474273973077251,0.20736699168432574,0.10007796197392001,0.10017540180248675,0.10592476988461393,1.5547651827300508,0.29750536627017643,0.86386670752172,0.6164490189196375,0.5196842899147797,0.23163126542353996,0.8931982426633148,0.16702396598760902,0.1594231203503368,2.6643930367154,0.2807444890464079,2.7132137271075933,2.7079518090863135,2.787663294915404,2.660884793983568,2.793217839099956,1.4570259625069277,7.524264418714066,0.8397973134396393,1.0279672370275728,26.934320795166634,1.2373806602702553,3.761450009744689,2.7515102840729146,2.1944065722218498,0.8219645144622987,2.524264359237204,1.0586630227016998,2.635256213952263,5.524459003217269,7.1524067478927105,4.791561015933328,1.7158448823918795,0.931105077487408,1.7405963273941483,1.6425647783920654,0.1202494655290186,0.9284739697846118,0.10543753356874117,0.9409471599940923,0.13340479029802477
2025-10-16,9.759906304899474,0.7086668027557248,0.09916064656853514,0.47930900459058723,2.7154011440630796,5.77766914375122,0.5668553760594837,5.787624438805388,0.7541479274162249,5.758637803014591,1.0928167208735422,0.2893812182171606,0.8226625113754377,1.2502440572273632,0.12024204269787449,0.9165528368349539,0.564122576976972,15.138883514374513,0.2325785665011327,1.2424361023985733,0.41840717286633583,1.6465938582263049,0.3045090841590812,0.6169236685972346,1.0360140691575144,1.0284013541536408,0.7871364583825777,0.30294750063954073,1.2161819306104975,1.0363068544327132,1.4602771336832667,0.14747218091623313,4.966035597542639,2.7248682650927805,0.3767323684766845,3.7463400947054035,0.3787819770963402,3.5781768018464524,107.84745075822273,28.16708959593988,7.271325585899376,0.2790357227463195,2.766933437439001,8.942318763114875,2.7310170537206595,10.692075051392008,9.759906304899474,10.270934856056632,1.0825687894685274,9.75980861052484,10.297481515271205,10.492094666516202,0.21042357472128034,0.1008198313849898,0.10091743268190408,0.10657817759412401,1.5571930807315812,0.30021472017257306,0.8685340412235949,0.620242038230144,0.5212765942554374,0.23296897168878977,0.9106968334822736,0.16777279459357425,0.16045286486489965,2.686609301324145,0.28381807460185493,2.739996000725893,2.7360920977736742,2.8176850693639595,2.6869997809739776,2.8389615936249513,1.4700370399881661,7.504099112992265,0.8375951561079857,1.0288893047915804,27.23082245129197,1.250439148127928,3.781378122598148,2.79855543855529,2.2162795415874945,0.8335936332433084,2.525180665492174,1.0607066201949618,2.66094099793517,5.730138447702152,7.182510081106347,4.831251315299873,1.6020885603795079,0.932559077218015,1.6078470182819058,1.5343549357199608,0.12033964399478875,0.9344134087816663,0.10667577889103828,0.9509076742648428,0.13429631298928202
2025-10-17,9.738144023426088,0.7062031029610129,0.0985490299499375,0.47891713219569365,2.7251923858556397,5.793845269287418,0.5683124024768874,5.806602680853783,0.7473950725484468,5.770376838626874,1.1214334761136369,0.29029116239110314,0.8156587996516746,1.2543577520556408,0.12036225198828752,0.913136592103091,0.5677281063108438,15.075080909472685,0.23118122281739376,1.2698412104049506,0.4165936194302939,1.631804531348902,0.3033401462511469,0.6164183390501563,1.066705627768306,1.0527802182330468,0.787807980581156,0.29886065375457804,1.239750682233847,1.0343753162012186,1.4735612749461364,0.14850520985490312,4.898529543084009,2.7461291264972245,0.37072742910530937,3.6853638349112012,0.37228551506705937,3.5185510499972614,111.03272173836304,28.32943716373308,7.259421274740725,0.2782159869006156,2.77154528533998,9.10069128243226,2.7406758442049495,10.67260658976653,9.7380465478625,10.252313356643782,1.080533636035375,9.7380465478625,10.278703082396047,10.47287915997176,0.21034180914859993,0.09971759442125001,0.09991235980993121,0.10575518216649378,1.5537053564296213,0.3003213570219875,0.8684389941101937,0.615639314643131,0.5211802556993249,0.23361573445435938,0.9078781123471964,0.1671048772754125,0.16028823726236885,2.7017236580134996,0.2843509666271249,2.747297644533913,2.743305009787498,2.825689097553164,2.6958807706484627,2.8273443990446063,1.468107844063063,7.415717397324472,0.8290972771413813,1.0539488105651338,27.338688403051663,1.2633167370487786,3.715551541464298,2.8209172526612254,2.2261175002776867,0.8359138800067254,2.5140716080215637,1.085889591354859,2.66919861820543,5.748661185021363,7.175382479846808,4.836985017577935,1.621384750219106,0.9304703773664215,1.6327782468492094,1.5639303350230367,0.12338105050437186,0.9233615706965062,0.1069237466378063,0.9534521731630088,0.13311909705223435
2025-10-20,9.750390015600624,0.7073908253876542,0.09916146720255406,0.4811817323919763,2.718993616922411,5.836291023052055,0.5727379258820865,5.875194983995649,0.7695982869069401,5.812402448490517,1.083950840180824,0.29241419433617555,0.8186427367830797,1.258092811810617,0.12061232337713614,0.9165366614664586,0.5679602184087363,15.151520489530519,0.23283930538968994,1.2426871777324706,0.41712167296506314,1.5285686844038702,0.30450467572383316,0.6169071807504258,1.0336388663829024,1.0251560002890838,0.7954368353261962,0.30411466979385354,1.2127534833601596,1.0361739142264665,1.4861544283243497,0.150156002520771,4.998829881784139,2.76803836435684,0.37412245448405584,3.725428886235039,0.3761700646553694,3.551579563182527,107.73985769001072,28.519890795631824,7.28159114462723,0.2781786338401473,2.799337032990597,9.083951096080952,2.7848087495277154,10.69081465651204,9.750390015600624,10.269695883050165,1.0823908164609055,9.750292416481816,10.29631425735545,10.49064005406896,0.21197347670747038,0.09974648539622005,0.09974648539622005,0.10666926267924436,1.5556747567449085,0.3010920354988943,0.8711973330160013,0.6212948636964033,0.5242784756022199,0.23644695787831513,0.9136115147059496,0.16790170937358123,0.16156395958291944,2.7154836193447736,0.2858814322818274,2.7644304701021047,2.764040668743449,2.8457486871252193,2.7111934239332465,2.8662245656696386,1.474356539721794,7.643525574396999,0.8530616016358183,1.0286661466458658,27.496099843993758,1.2656006537807898,3.7547776554006496,2.818642614784181,2.224258922749488,0.8416536631710629,2.5229134165366616,1.059964889669195,2.6876949482886543,5.792804069340508,7.214410814591763,4.883190399027094,1.4980499160457141,0.9316497957464686,1.5008774636874147,1.4510531135356741,0.12061232337713614,0.9264820265509595,0.10754679926843985,0.9629485387697978,0.13445787794318473
2025-10-21,9.774215619196559,0.7117583784070396,0.09950151798627486,0.4843123764740548,2.7343368194702373,5.848206598473695,0.5736487012678035,5.879288532554247,0.7710878642327088,5.8359888289496995,1.0963737481081548,0.29332421296922917,0.8380412263099358,1.2665428778326135,0.12120026994946997,0.9196559118159576,0.5737464643039728,15.202423862296573,0.23673149558551942,1.243768937542762,0.41980256830162693,1.4829440056759176,0.30612843021038233,0.6198807366723225,1.041344941017763,1.0330368726557155,0.795327951779709,0.30485779038273497,1.2281302074663172,1.0387058610406257,1.490372355855137,0.15032743734181328,4.896686648287832,2.7553513233944322,0.37523213165524816,3.744893115515956,0.3782621519200416,3.5676865386142604,108.55879572500244,28.589580686149937,7.308571891646711,0.27866288954043433,2.801094580903779,9.128433121647749,2.8006059894369746,10.716840400803928,9.774215619196559,10.29488827613381,1.0850356967669872,9.774117781589043,10.321473856264051,10.516176660929405,0.21268693411085754,0.10057667834867585,0.10145635924583049,0.1072231479525834,1.55947613187135,0.3027074510150962,0.8812433160210085,0.6249633332685856,0.528003132223279,0.23702472876551656,0.917603335484488,0.16948490032829527,0.1625451975443906,2.73668253576752,0.28794838319296895,2.778320789756622,2.771087965649741,2.8528002650492374,2.7262243517518754,2.870687246672185,1.4842147014320752,7.690157651225442,0.8638451495789069,1.0367510477453252,27.570325195026147,1.2720164147165325,3.768741927204238,2.82826688839373,2.232626313839755,0.8444922444128522,2.542468919139747,1.0643143328086055,2.6976835108982504,5.800410540918837,7.2454308405519985,4.886912432668636,1.4765908251805175,0.9339263322427701,1.47229014644524,1.420193559297799,0.12286188735044687,0.931482778337971,0.1078095956697409,0.9656925330051589,0.1353728900544397
2025-10-23,9.810654370646521,0.7126459274958151,0.0998724644871557,0.48032962900493137,2.73884051238825,5.872657466751079,0.5762778541986343,5.88855067892794,0.7768076160617656,5.849700870848866,1.0564112656251916,0.29510448272055384,0.8320415732227386,1.2629254952176892,0.12116158521995218,0.9269106578723986,0.5728441027141021,15.241146171852005,0.23437652692679717,1.2032767735296663,0.4204846523138581,1.4705189776282588,0.306975384239452,0.6212106317553636,1.0046110225240743,0.9977435195550101,0.7977042829254758,0.30569998869235854,1.1762974740103884,1.0426763345364158,1.4944569982444293,0.15039733075351763,5.025311296661925,2.7856372259531663,0.3852644016262501,3.8467576386099833,0.3867359773270412,3.659570185555497,104.7365820140047,28.721574491225596,7.324928920659398,0.28254683838968453,2.8157560067264296,9.194348991227129,2.8118315054602423,10.758265140982168,9.810556168295644,10.334445351206096,1.0892769427969868,9.810654370646521,10.361424650725375,10.556853316920925,0.21357795013993594,0.10095163309970594,0.10085352431051889,0.10752477227653263,1.5652899347763936,0.30432650306841624,0.8784460013296118,0.6255273062055646,0.5263416219550564,0.23712351688701996,0.9200431549033343,0.16992053070562363,0.1624644311384517,2.7428626172104935,0.28951241272325945,2.7908368607937124,2.7906407554893673,2.868537375144094,2.7387423100373725,2.8969882129394864,1.4989698154236515,7.702835518631045,0.8606887408705346,0.9969587240908665,27.7151967994273,1.2716569716196162,3.8645148990690608,2.866869432166223,2.25772593822047,0.849504526026593,2.5450800885679814,1.0286470957924172,2.7084274239597637,5.832630428051113,7.252820850553075,4.960561217333586,1.4215637584271987,0.9374080550550162,1.4180319168658178,1.39252430532136,0.11713920906880507,0.9444716633284254,0.10840773266687788,0.9785146459704652,0.1353870321861558
2025-10-27,9.765625,0.7098633050918579,0.09941406548023224,0.4789062589406967,2.7317383885383606,5.849999785423279,0.5754882842302322,5.865917801856995,0.7871093600988388,5.834863185882568,1.0367187857627869,0.2945312485098839,0.8255859464406967,1.2615233659744263,0.1210937462747097,0.9233398735523224,0.5696289241313934,15.162109136581421,0.23281250149011612,1.1835937201976776,0.4165039211511612,1.4380858838558197,0.30585937201976776,0.6188476458191872,0.9823241829872131,0.9779296815395355,0.7948242127895355,0.3057617135345936,1.157812476158142,1.0384765267372131,1.4756835997104645,0.14912109822034836,5.021679401397705,2.7684569358825684,0.38505859673023224,3.831738233566284,0.38701172918081284,3.6554688215255737,102.82910346984863,28.617284297943115,7.311816215515137,0.27949219569563866,2.813085913658142,9.25830066204071,2.8099608421325684,10.715038776397705,9.765625,10.292773246765137,1.0848632454872131,9.765625,10.319921970367432,10.514062643051147,0.21250000223517418,0.10273437947034836,0.10283202864229679,0.10751953348517418,1.5581054985523224,0.30253905802965164,0.871874988079071,0.6265625357627869,0.5245117098093033,0.23740233853459358,0.9355469048023224,0.16962891444563866,0.16240233555436134,2.7309569716453552,0.28789062052965164,2.7909180521965027,2.781347632408142,2.8647461533546448,2.7358397841453552,2.8681641817092896,1.4951172471046448,7.872070074081421,0.8713867515325546,0.9789062291383743,27.678418159484863,1.2694336473941803,3.862890601158142,2.8270506858825684,2.241796851158142,0.8480468392372131,2.529589831829071,1.0065429657697678,2.7077147364616394,5.804687738418579,7.23388671875,4.946679770946503,1.4050781726837158,0.9331054985523224,1.398632824420929,1.3559570908546448,0.11494141072034836,0.949414074420929,0.10820312425494194,0.9763672202825546,0.13730469159781933
2025-10-28,9.72951936174353,0.7056820274304035,0.09865732966844477,0.47694104356648837,2.70879552113358,5.839171282487473,0.5730687052527622,5.852500676505643,0.7905234481416618,5.813193038224849,0.9902704687614018,0.29295583392052504,0.822533575749439,1.247908099891379,0.12025685597078464,0.9128235035495643,0.5722903258885408,15.10138154424195,0.23331386984078933,1.1150029040097402,0.41564507901053827,1.3658299755089756,0.3040474800544853,0.616754226402495,0.9422066193606794,0.9422066193606794,0.7834208663462386,0.3022961636001578,1.1090678912606493,1.0347343692753561,1.4678925385988275,0.14847246768711653,5.036874902134717,2.768340132120032,0.3822728246305443,3.8021989545137367,0.3835376354246479,3.6247323194490053,97.7734032946585,28.636894812493917,7.24897828169847,0.277972365195799,2.7992799324292483,9.228449114613738,2.783226284866645,10.676785224280623,9.729421971535075,10.256178292302126,1.0809495862436378,9.729421971535075,10.28312925096383,10.47674692379962,0.21161704611792176,0.1036193774910515,0.1037166749115792,0.10712201039970652,1.552344843858317,0.300155676021305,0.8632029696507406,0.6240513659238026,0.5204320069903366,0.23603814194280828,0.9202179590489851,0.16919633576229265,0.16189919624098498,2.7213466842482124,0.2863397577853258,2.776026535553792,2.7673671207995842,2.851722184311302,2.7232924099677405,2.8310956507718243,1.483654460918117,7.892683615223353,0.8779918064192405,0.9394823658162459,27.583187390542907,1.255010755917144,3.815333865036364,2.815820234112759,2.2200816567015105,0.843938488653138,2.5179994920506785,0.9686709239014765,2.6960498745234056,5.794317746909357,7.181358003365806,4.9006616310703075,1.3374197967879664,0.929655604706731,1.3483168109657004,1.3019069620411923,0.1106246340295688,0.9439579358150069,0.1077057763652872,0.9721735568101315,0.13767269525715387
2025-10-29,9.733307377846993,0.7127701319538018,0.10044772916901128,0.4786840598128848,2.691064930760445,5.863831148598708,0.5753358050452752,5.872104222240304,0.790344529377479,5.844267105717406,1.0347478835759563,0.2945298834814273,0.8228538146342939,1.255596651742262,0.12030367584852295,0.922425507524493,0.57319446554067,15.130816031365583,0.23204204937305714,1.177243497646897,0.4156122324599908,1.437998885469769,0.3042631908592743,0.6158263622519338,0.9787813661533361,0.9728440427121101,0.7813899044120779,0.30260852786244785,1.1532022908013781,1.0352345786485455,1.4750827628164087,0.14901694003909577,5.116994069526232,2.7881060171990586,0.38456295816170144,3.8312244025422184,0.3860229691202269,3.6432742608389503,102.07076114463695,28.70751325782923,7.335409914818353,0.2783725947193861,2.8156511463820992,9.310492481590362,2.7808060366656733,10.6825971315639,9.733209949721385,10.26153415934641,1.0814677886933188,9.733209949721385,10.288690467137922,10.482091237209826,0.21189410607128356,0.1054117181594905,0.1054117181594905,0.10745571308013459,1.5529492218391845,0.3011485354687329,0.8623710188253951,0.6283823005508444,0.5224839430131962,0.23583803330967812,0.9263188453274802,0.17023554381076664,0.16254624063596898,2.735059373175005,0.28820323739878884,2.7920964118314435,2.7866457834628067,2.8664590227759392,2.7377846873593232,2.8507885404753504,1.4915320760479276,7.879598868921246,0.8786256243241816,0.9697293873215688,27.70099279735254,1.2607552927710421,3.855655099112444,2.8223671522357714,2.2230873456928597,0.8469923753461788,2.520342636182658,1.0001946869401448,2.709168739905496,5.816040276692075,7.268152428156025,4.929628199539645,1.428752124646027,0.930017549656977,1.4233014962773902,1.373661717761461,0.11387969446432876,0.944422802991015,0.10833171222932567,0.9747907487432248,0.13977029060421692
2025-10-30,9.736150326161036,0.7125888661416245,0.10008762275310283,0.4769740208204342,2.6802649064835156,5.842469254112003,0.5731671593017698,5.854055296770032,0.7889202490438797,5.81958894429705,1.0173303267819058,0.2930581285314938,0.8258202676937418,1.2480771340804815,0.11994936904706668,0.9232791532572748,0.5700515941686355,15.145069115257765,0.23045467896304106,1.1746665517075154,0.4162204264433843,1.4380293734616123,0.30337844267755926,0.615714162968229,0.975562232968963,0.9704994674829694,0.7842469384846443,0.3018206601109921,1.147113228457056,1.0357316449558756,1.4636354963592124,0.14828156501057665,5.102132002992345,2.7813261944088636,0.381851827676985,3.8038165946977536,0.3840911377951461,3.625060720205098,101.51202224406096,28.582903320027263,7.3205142113566115,0.27845390304225226,2.8001168932286595,9.19637812830877,2.7642879313380817,10.68727428104615,9.736052869578183,10.265699685020325,1.082075741307063,9.736150326161036,10.293155106002338,10.48680727860907,0.21088501457902942,0.10505306164787293,0.10495569791618335,0.10758446296110276,1.5534028142513663,0.3011391325593981,0.8604809390849769,0.6287606058909034,0.5211761150744512,0.23610164540940515,0.926394718390409,0.16999317578105985,0.16220426294822424,2.720767327495193,0.2867296345335357,2.770908442250177,2.7697401517508338,2.8486027316937554,2.7214486322039906,2.8394510237409945,1.4867101250924175,7.847921308135467,0.8750851645742185,0.9704994674829694,27.53383312238341,1.2509980088907027,3.826891223430959,2.8076136220152614,2.219842274364716,0.841884930588094,2.5235128268075773,0.9983448633582646,2.6931163991000147,5.797001004230662,7.258105154987343,4.906825148343182,1.423619912576216,0.9302891933770598,1.4268328600112727,1.3681238854294708,0.1140103206907504,0.9423619989828386,0.1077791811393654,0.9700126302542885,0.13981111534103055
2025-10-31,9.738897450665903,0.7126022416141927,0.10040904187394525,0.47477600311647833,2.685527853525516,5.817978327312402,0.5705103411672642,5.833950421668046,0.802785355523722,5.792851553940336,1.0294117349848284,0.2914881213982838,0.8192442807419363,1.2401635794496555,0.11901052071512279,0.9217958855266741,0.5660303752618305,15.152999943316004,0.22984028419818586,1.1745227743876225,0.41634203350214255,1.4539344885677132,0.3029801383945419,0.6152122922569664,0.9829567618345907,0.9740942407778185,0.7896377272210234,0.3017140586505291,1.1493961496208258,1.0365212339810652,1.450038950035532,0.1470588272445435,5.0946629832215375,2.753700818075574,0.38069731352345043,3.7936306854236155,0.38225555122711335,3.6033306411606443,102.46543037227308,28.67997767259325,7.313498365865127,0.2786326510552353,2.7905142070441844,9.164394234514997,2.7900273761816137,10.69497501148897,9.738994935722634,10.273178570178588,1.0828788706798427,9.738897450665903,10.300643201648933,10.494254468524785,0.20929099893960035,0.1037202923503143,0.1040124688856231,0.10712894429294896,1.5538566717156,0.30044799748217493,0.8684261605857548,0.6263147405394794,0.5177249692969624,0.2353915083394424,0.9244253814661599,0.16916635020679194,0.16166731964812744,2.7059798023326413,0.2857421129001547,2.760907579220637,2.753213987213004,2.834826515117507,2.7063694453490212,2.8291780288274246,1.47876895537486,7.9736071335094465,0.8888780350902454,0.972828198185123,27.357129229615065,1.246201783058752,3.8171016988839717,2.787397657334224,2.2263343017483015,0.8378457224317966,2.5256134259083134,1.0051616583996168,2.679294754105595,5.772009962116831,7.25136353062153,4.879236462797039,1.4477015377530615,0.9305609958293515,1.4427347038337401,1.387514620380825,0.11414102324726147,0.9365991251358132,0.10722633647138523,0.9664978366163763,0.13985196393335844
2025-11-03,9.767434950521343,0.718988089571709,0.10109396739079632,0.47978119683419385,2.692713349050413,5.861496147547739,0.574819285740585,5.871166505718586,0.8179331692104858,5.83317066035389,1.0378980478240913,0.29253761245301285,0.8218401972030518,1.242234814467433,0.11984763096077039,0.9217620897302407,0.5693494912632091,15.226313685457976,0.23236961238061482,1.1813830528251825,0.4179527340840725,1.4598555060936433,0.3044539956660866,0.6175034305597101,0.9824184589866644,0.9772416785676676,0.7991795242706019,0.3049423648501123,1.1564758890982507,1.039656206694728,1.4740183987312891,0.14856417306258032,5.1315686180619995,2.756397853164986,0.3805430658768574,3.79038872395579,0.3820082106891147,3.6162337466920116,102.31637420028326,28.81422152764212,7.400664120685498,0.2788630517392122,2.7948819559331657,9.237253584417427,2.792830559443068,10.727681664662288,9.767434950521343,10.304649250189247,1.086149608793145,9.767434950521343,10.332290938553063,10.526469536744237,0.20990427594372107,0.10451259825420138,0.10470795337984772,0.10822426180607594,1.5584098754811273,0.3014260657389291,0.8766360617308069,0.6324477436999414,0.523149065962991,0.23647195823864678,0.9481343982694298,0.17063878993313628,0.16282477120818467,2.710392559429332,0.2871654582782797,2.765481587056188,2.765676830401293,2.8457707179479943,2.7134204707263994,2.8457707179479943,1.4763625111983236,8.132643046661336,0.90965029550125,0.9762648656792556,27.47069692490599,1.2501464921251175,3.820570364294632,2.7972260684002004,2.2295369652943537,0.840203131891643,2.5310608017465572,1.0077163329648888,2.690076222524999,5.816565735495214,7.314905493397759,4.899394472587573,1.4529204922836492,0.9332877813221119,1.4461808708594819,1.3915803987175535,0.11467083191168358,0.9402227206117452,0.10783356086982836,0.9674741458464331,0.1420199253941495
2025-11-04,9.797099933715833,0.7195062451396713,0.1003233052916446,0.47888704877158067,2.6763007095888547,5.851866246624559,0.5739198768595541,5.863231331171317,0.8193396419458996,5.834525612784119,1.0369354005867604,0.2917605632080485,0.8190457379653286,1.2415989356023671,0.1195258137480664,0.9124130229589299,0.575585382580582,15.25413922047982,0.23297737519981884,1.1781130596649358,0.4178505097078369,1.4400901880392287,0.3036151638201055,0.6206524784375537,0.9842265022481891,0.9777603904355621,0.7899480479417847,0.30322328561712014,1.1531301748627627,1.0431076831655053,1.4689918922445995,0.14813363265953838,5.07249926521015,2.7482121070405117,0.3783677763484351,3.766336755910466,0.3800333194428073,3.5903791635221234,102.77260703438817,28.6763985500147,7.39090834376837,0.28068971900196216,2.792397266715704,9.227490698402445,2.7646713279259947,10.763201485117445,9.797198001371608,10.338787393914716,1.089742366581107,9.797198001371608,10.36651303371767,10.561085242511268,0.20966003349201798,0.10336044078313769,0.10326246656072331,0.10835701400623787,1.5631429710175158,0.3025374660602195,0.8653865174003595,0.6322131750690396,0.523366299294066,0.23562260445831829,0.939551303280875,0.16998138906113186,0.16233956789286,2.704712523995481,0.28578426644747673,2.762614000061998,2.753796282671359,2.8371705333387935,2.7087294110544544,2.828940922896052,1.4720289997060843,8.13510312124951,0.909963723458587,0.9778583085979597,27.34809367958264,1.248358951395565,3.7924954061283005,2.789360159254219,2.2149505420892988,0.8365827313573865,2.5430587569728496,1.0074458884202477,2.6817871165506824,5.797491917311649,7.313412172712355,4.862251479817007,1.431958495758885,0.9361222989297328,1.4259821989983132,1.371117830393281,0.11452924052496621,0.937395907761103,0.10757322957025893,0.9636524013946465,0.1416674834735669
2025-11-06,9.809593782954435,0.7112026682362174,0.0988816943663533,0.4772415295848431,2.6780459093584463,5.830881149833848,0.5729841068021592,5.829704034695655,0.8173435324193077,5.814989496732147,1.042475933324175,0.2910535616666073,0.8227388929427314,1.239748844942299,0.11850107831769723,0.9002353996769316,0.5666077920495703,15.273199442533599,0.23131253603792482,1.1840297915268019,0.41593095473689334,1.45811260927652,0.30233470369652954,0.6216401700204509,0.9881303056399214,0.981655873011813,0.7754561806136729,0.3026290011915806,1.1591132397695643,1.0445360345000352,1.4694918878924643,0.14783205507969607,5.127231537278362,2.736217310925851,0.3797331673972205,3.770060891938579,0.3805179607173567,3.6053560798439954,102.87669217186581,28.6523451869666,7.31518561872333,0.28134196885595236,2.7848735986701736,9.152442613301943,2.7671177807756093,10.77830086555204,9.809691975671964,10.353149150618624,1.091328232293506,9.809593782954435,10.381106533254856,10.575828679477512,0.2102217020323306,0.10133411736027129,0.10133411736027129,0.10741612526255775,1.565136384655266,0.30213850536649545,0.8497155458758292,0.6275260076584572,0.5210908272698133,0.2347459319715105,0.9305473867996034,0.16813811447565663,0.16117324215397077,2.7023740532306073,0.2849715444090695,2.7549538585235496,2.7494604549666164,2.827545519269914,2.701393024159432,2.8124388091723684,1.46429276312008,8.102903764622573,0.9044535702201509,0.9814597121027842,27.324013263776486,1.2462232775704076,3.806356572627741,2.7850696847371923,2.2088483241999737,0.8381401063508559,2.5493427985365167,1.0123601819525425,2.6755934863645283,5.783892342079287,7.245831024606999,4.870315979854111,1.4512458548303537,0.9373160982122603,1.448302917300848,1.3913086308716371,0.11487149340932876,0.9314302231532489,0.10712183712275795,0.9634098399497023,0.13939572334850867
2025-11-07,9.775171065493646,0.7082111138635601,0.09912023796014423,0.4806451433914498,2.692179898945351,5.848093937102884,0.5738025490023407,5.858651288909763,0.819354835726532,5.827761414230511,1.0344085991673921,0.2898338183629548,0.8125122458121411,1.2287389731010967,0.11759530530763629,0.8998045264101449,0.5682307044781548,15.220234890487538,0.2345063516238335,1.1725317394745083,0.4147605112920409,1.4549364255903288,0.30087977210797173,0.6192570720832952,0.9832844216802603,0.9769306201505987,0.7779081312908572,0.29941348153242037,1.1534701857282503,1.0413489616744562,1.464222808271093,0.14721408034815933,5.067155377489614,2.737145745509531,0.37390029325513197,3.743010788485918,0.3773215882123274,3.5659822853662635,102.94574398216031,28.327858664772727,7.295601435537329,0.28240468611582054,2.774389123403898,9.120234604105573,2.7960900151018757,10.744673056802908,9.775171065493646,10.32091843650721,1.0878787968282244,9.775171065493646,10.348778628650416,10.542619841306207,0.20928641102064624,0.10244378829165521,0.10244378829165521,0.10762463566844414,1.559628573330966,0.3014662771513968,0.854349966039872,0.6293254863481718,0.5231671598999381,0.23431084372780542,0.9273705058316914,0.16725318289688723,0.16089930678858902,2.687683403783297,0.2847507249341799,2.7452590062354902,2.741348997472202,2.819550365996151,2.6922777461166607,2.8166179340023216,1.4610948310919172,8.146920749518879,0.9099706386890579,0.9750733137829912,27.311143026790077,1.234506362810629,3.7644184369845126,2.782698078472477,2.210752723969789,0.8336265765327163,2.5516128912932245,1.0075268787372846,2.6646138449451673,5.79540562186889,7.228445461418622,4.861290298715481,1.4478982904905915,0.9340176251393726,1.442913006943808,1.3885630796848272,0.11446725354982379,0.9231671792903837,0.10664711483296295,0.9554251990593308,0.1400782006227376
2025-11-10,9.753340580958012,0.7091582862037712,0.09919048157899098,0.4802496993900985,2.688188775160319,5.834097170683275,0.5732956088880998,5.845508893547925,0.8163464054251652,5.812932800156052,1.0527650681888838,0.2903540471838844,0.8138106158334756,1.223251713341903,0.11733151012358521,0.9007119718533219,0.5682239180877129,15.186385044316298,0.23466302024717042,1.1967228806031618,0.41714620557655,1.4811274808383064,0.30166780752146477,0.6181605487965984,1.0013654361547382,0.9919047785842405,0.7892324019208554,0.30205792756612204,1.1714620170716041,1.0391105131720213,1.4526480292734443,0.14707890299137866,5.158099925402931,2.741148812961755,0.38105919920827286,3.795962276475483,0.3826197165925712,3.6198187325508386,104.09051390446699,28.285866598495563,7.309762710456695,0.28040573490685655,2.7800644547441906,9.066614411254633,2.7719690964115684,10.721934519546108,9.753242953281966,10.298936420285527,1.0856334493181874,9.753242953281966,10.327025807614234,10.520433377349923,0.21057251684958442,0.10270164569366226,0.1028967150174082,0.10787087115592216,1.556129942960673,0.30108261815306153,0.863162001365454,0.631229895842223,0.5234565314439219,0.2350531588946623,0.9224617363801296,0.1665853888979426,0.16102604339102541,2.6869208059531355,0.2842094937057294,2.7511946412978214,2.7449527205833046,2.823466207299083,2.6944309935201893,2.8238564203579135,1.4674730002327825,8.12328103855274,0.9076367654207914,0.9909294691711801,27.256608965059005,1.2296888894085116,3.822686066920962,2.7742124494431506,2.2310543255632496,0.8354628270955756,2.5360381255600495,1.0233102327996226,2.6691701299886312,5.7903052050695525,7.221691236139727,4.925680276790177,1.4738125486233449,0.9319223939506273,1.469911310971103,1.4175362951125585,0.11606358742348848,0.9304593926253673,0.10679800847815407,0.9577684282477537,0.1403491694462377
2025-11-11,9.751243200725256,0.7115553507625854,0.10024378091634512,0.48113115702182246,2.71506575012951,5.848366650414432,0.5733788321507611,5.863286487536568,0.8134568324616803,5.8234032417494515,1.072452494948158,0.29137005520006437,0.8136519009400902,1.2328620215034207,0.11779619623311609,0.9051194509490417,0.5703559403068434,15.18976071123842,0.2342272107046677,1.2135543339662818,0.4156996691186274,1.508434933607082,0.30307167161098053,0.618137487953666,1.0174548643382801,1.0072160011265465,0.8033154290923255,0.3019990181702047,1.1920038797052124,1.0390053929961758,1.456655337716358,0.14656264976081124,5.110677480116407,2.740224376066553,0.38459286812978044,3.832276938078986,0.3874207658921144,3.6479766562995186,105.45538952035592,28.37269738846904,7.3126277244712945,0.2811311547899177,2.782057413875853,9.086884303769503,2.7711359597833374,10.721306393984642,9.751243200725256,10.298195573424548,1.0855192559222255,9.751340809361288,10.326279482569479,10.519649332642613,0.21053144956204672,0.10346172263946608,0.10355923827946448,0.1079473397837564,1.5558264558923238,0.3013164272894225,0.8855192350911141,0.6330570274884965,0.5220867958608225,0.23471477030545315,0.9211116439246481,0.16655290027992253,0.1613846829552467,2.700048899545953,0.2851292030338193,2.7602145056908216,2.754363641687744,2.835885005599403,2.7038517677162055,2.8275963063939846,1.4694295703696367,8.071867572220867,0.9033642066274836,1.0061433476857706,27.37259930369332,1.2381277544680949,3.855680096503992,2.780497461223184,2.2353974207036966,0.8386153096050707,2.5429546443617443,1.0382252678761885,2.67966833537756,5.803510720761214,7.232861828071672,4.88698199572998,1.5056069614479217,0.9317406440932016,1.4977083991993236,1.443686036584669,0.11799122751311289,0.9388590812218126,0.10716723326297577,0.9646026150067802,0.14051681957495962
2025-11-12,9.752194170415203,0.7123074011656655,0.10044860728237627,0.4840062518833161,2.7533644097158727,5.864248169731019,0.5754827220746362,5.875560566303394,0.8168519810437923,5.838014481010459,1.0632923618031682,0.2927638039571257,0.82826214457944,1.2364930848013198,0.11897795796045578,0.9072556931860432,0.5705090696313634,15.203237189450457,0.23600546872380976,1.2107470404318208,0.41905599005951943,1.5322800382015553,0.3082699493890341,0.618685377674166,1.0099473138150354,1.0014628675775916,0.8026136439609695,0.3018334382966594,1.1847084392133176,1.039301732931775,1.4677199141798323,0.14774721687663617,5.196411418524173,2.765067278908688,0.3925297444899551,3.8607373208778277,0.395162867737114,3.721864781045811,105.03608728910669,28.593719524088158,7.328164547257472,0.28008581347137207,2.798127690927778,9.222254967954578,2.7913985857843584,10.723912667084186,9.752194170415203,10.300565347212062,1.0858201320254595,9.752291788570313,10.328749613336868,10.522040703246903,0.21240492185142879,0.10347181252854736,0.1033742966790494,0.10912814102187732,1.555978184628026,0.30144333769662673,0.8831675205636215,0.6388726559023841,0.5249658848357196,0.2361029752727975,0.9157402138275688,0.16793445790281344,0.1626682300095161,2.7204019134682196,0.2874000323127998,2.780671005293666,2.782913841930588,2.8546908642549553,2.7254729980563988,2.836844301233055,1.483908754262818,8.132241124271625,0.9097913098842143,1.001072766977559,27.595473889000633,1.2436122161406904,3.936902695937256,2.7964696703725376,2.254339805559873,0.8454261989604666,2.538033937975424,1.032962728388388,2.6995318661848424,5.8089528419549685,7.247512903691547,4.962161179288265,1.5295494084054089,0.9318315101595261,1.5210649621679648,1.4654769287347467,0.11751511791237432,0.952408851785736,0.1079578671233101,0.9706455898117502,0.14082308933473084
2025-11-13,9.720909791332506,0.709147438011492,0.099445898145585,0.4819675496359938,2.730241910679134,5.852046271993778,0.5749975845813056,5.882181156663142,0.8113152433602863,5.833770731186813,1.0899193423406437,0.291824637481906,0.8251190556373866,1.2299990160328265,0.11811023251220251,0.8997763931038568,0.5693593826657356,15.157577619963302,0.2354427851983522,1.233595815358014,0.4171284130204346,1.5951200188382484,0.30611451123863287,0.6165062522498815,1.0362593416362504,1.0243025444403813,0.7954700284928033,0.3046563638824525,1.2122095552468375,1.036064954127099,1.4645669647332493,0.14775930601015977,5.179158445580587,2.7551279617744178,0.389423557628959,3.8786818314377367,0.39233985234131974,3.6948575516466473,107.32817740230388,28.501992806454748,7.303684427820003,0.2792845294277858,2.7925536017660333,9.238358856672864,2.7757364493527934,10.690774859197287,9.720909791332506,10.268785608884393,1.0824341253438425,9.72100709633518,10.296976766793039,10.489743910320671,0.21172354123306608,0.10343151884244924,0.10343151884244924,0.10819481009469153,1.5509867118864373,0.3017400691700918,0.8726547744052338,0.6350734114032729,0.5241566848346972,0.23534557290242689,0.9178574722362721,0.1663264373515268,0.1618547644457108,2.7118693615310887,0.28589481721990967,2.7683483890278686,2.765432205563606,2.842325407295008,2.714882849998025,2.8187031345881026,1.4812871088054096,8.0743655618894,0.900165242287558,1.0246913936240825,27.497812298744773,1.2375813897015042,3.907358921036563,2.787790403220539,2.249927062780618,0.8426168980769493,2.5326139669417405,1.0557013558289208,2.685914142052773,5.803635846517449,7.238456256607247,4.9383689099409445,1.592592610392288,0.9288422577209858,1.5843296950280845,1.5270729691639022,0.11986001675615879,0.9424516083235364,0.10712550265153759,0.9702536945522868,0.140662975279759
2025-11-14,9.692837159693951,0.7074730819401912,0.09944751603064685,0.48231073297987015,2.708927120154387,5.847532984659724,0.5727440162119598,5.873316004720667,0.8165164084886065,5.826402882151425,1.0676553409506533,0.29155762260062085,0.8211689562925572,1.2276825013289656,0.11737907973904474,0.9053019436452351,0.5696423423259055,15.102840304155157,0.2342735298661815,1.2067461471357952,0.414752359363452,1.5536492515860503,0.30377047739253554,0.6151012802604696,1.011825137051938,1.0062033300241713,0.8021711944967574,0.3010565034985207,1.1898808000022338,1.0335368542543177,1.4630222200388314,0.14781428709896288,5.166230493360473,2.750412036111515,0.38499565009889625,3.8229136731812483,0.3872249758935684,3.653096972457473,105.53164868966269,28.40137561185422,7.278084761876635,0.27808471972528465,2.7811378567004095,9.152369874963652,2.7769700494329745,10.664243292320926,9.69274013763691,10.243288250733013,1.0797712661226995,9.69274013763691,10.271493272632547,10.463312978579044,0.2109140276134713,0.10216148068094434,0.10206455106107581,0.10807404883716461,1.5464767185398645,0.29921489618332264,0.881845530260091,0.6339052197914016,0.5233110562999592,0.23475815947808948,0.9106329063510923,0.1663274192828546,0.16119026035443057,2.7078607649237907,0.2855481155808147,2.764466331831716,2.7566152359841465,2.8383249643526764,2.704177476343656,2.8117669510312164,1.4737811675075876,8.131045893988684,0.9084036175312894,1.0059125596520002,27.43200457603349,1.2379567822109443,3.8567412416059357,2.778520923350871,2.233885831353137,0.8384220219055927,2.511970569565856,1.0368324243549785,2.680721210857989,5.799844868829965,7.212755788004628,4.908403546539541,1.5475429258709836,0.9261413497311022,1.5427934299597297,1.485509300250421,0.11805757783440711,0.9347678825376199,0.10739555998551957,0.9668508287292817,0.1400600931401099
2025-11-17,9.71722864639005,0.7137304144227207,0.10028179666528247,0.4870274893779494,2.7453113304214547,5.906423254201183,0.5792440055422365,5.913613908504701,0.8292682570973727,5.884850698198061,1.0516956890188864,0.2933631380240756,0.8255757369009101,1.2384607613277834,0.11893887640771708,0.9095325864747944,0.5752599432799481,15.177436927214922,0.23661452124642626,1.1947332324190283,0.4192984309190449,1.5129724705883023,0.30580117882960345,0.6156836129661992,0.9954329262598994,0.9905743119367044,0.8038091654912363,0.3055096738320631,1.1705373538477568,1.0362452569201093,1.4742979420921498,0.14877077465374308,5.110290782373554,2.7661063420669456,0.3867456927126669,3.844621454634966,0.3888834948767241,3.6630064275102336,103.73432907091149,28.656107278204257,7.331746280882568,0.2783014225016853,2.797493097351448,9.16606772225124,2.7930229586607838,10.692546838180814,9.717131379208775,10.270333727969222,1.0825964790798697,9.71722864639005,10.298707276458192,10.491206145312045,0.21241862414101217,0.10241958956226827,0.10261393858339034,0.10902730800727635,1.5503838601861608,0.3011369135275305,0.884948009861279,0.6395879865399302,0.526576607003294,0.2364201722253042,0.919930018160969,0.16781654317135042,0.1626664053164723,2.722670318155731,0.28714409908716887,2.781459432847877,2.773102758554198,2.8565737170411345,2.7250996253173283,2.8524923505292854,1.4822659924801556,8.245263040824508,0.9188611170789404,0.9896997228075124,27.631620526279033,1.2500242871406904,3.869983575606112,2.807598801630369,2.250121441634377,0.8454960852806381,2.5218150715544834,1.0224468100350124,2.699445999348642,5.85968340813575,7.256048690147945,4.904285416451572,1.5090856384390032,0.9284812268171977,1.505587430195377,1.4470896722276292,0.11621805498150785,0.9494704021423832,0.10805558143580879,0.9727917657210335,0.14148285316895054
2025-11-18,9.73794907229891,0.710195737707428,0.09981497711559062,0.4835913900809437,2.7387281160227386,5.919271356372943,0.5799980657638623,5.9500439163075765,0.8299737399642964,5.8926866794935,1.0377836176338906,0.29330997019411237,0.82734442579095,1.2367319115785373,0.1185120272304406,0.9065147174787285,0.5780504490247499,15.15736692731157,0.2355633511934718,1.1831726555652937,0.41854123616940625,1.492355633459928,0.3048008495185563,0.617489530114053,0.985100824443562,0.9826663128065963,0.7999805387659841,0.30304801674197485,1.1596066007503623,1.0385626791886153,1.4697632941453038,0.1483104444662219,4.98782756068781,2.7742722236677135,0.3838737770858439,3.8170221172529275,0.38533449892710314,3.643685007573614,102.33129214748271,28.71749926964651,7.2996394545324526,0.27967669016802504,2.8028046287293678,9.185899189726056,2.7723244954855026,10.71691517704986,9.7380465478625,10.293602578908608,1.0851105298001342,9.7380465478625,10.322231865170659,10.515045662308891,0.21209466049903114,0.10156782846602183,0.10166520187343754,0.1086765979882375,1.5537053564296213,0.30012659163330624,0.8803194227858497,0.6379394501531841,0.5248807237888685,0.236050246091325,0.9044697366191252,0.1666179823775593,0.16204108861280006,2.7188627150358484,0.28717499046760314,2.7772909943230233,2.771350631394397,2.85295550901454,2.7235367871826006,2.8561689336154323,1.4778458906109255,8.24393813734754,0.9207323308185589,0.9810107884289564,27.600058428279286,1.2477359517266775,3.836887815421414,2.821598987243159,2.243159081736446,0.8448729392952622,2.5318921024442496,1.0123673102003374,2.6972442398123295,5.871749641670319,7.236732054225704,4.907488676667945,1.486707548631272,0.9304703773664215,1.4832018459304095,1.4274028808165808,0.11520108991825938,0.9429350650604216,0.1078001723130219,0.9743889138045939,0.14100690955532505
2025-11-19,9.753242953281966,0.7101335956168316,0.09987320560926718,0.48629669960354593,2.7513898966499135,5.9533797367995955,0.5844142999019342,5.982931753396872,0.8403394485722167,5.93094680177448,1.057934275048309,0.2950355993367795,0.8260996483784472,1.243343444425374,0.11889202750788355,0.9076367654207914,0.5789525076597246,15.229006668398883,0.23495562423278935,1.2030625034050628,0.41997465496236236,1.5253096595108595,0.3066419636599787,0.6179654794728524,1.0061445787780101,0.9970740598550043,0.803959819615486,0.30469130762818847,1.1766312239310293,1.0403784079678662,1.4748854113011132,0.14893202436129593,4.979225485357182,2.7784062724781773,0.39549399431444987,3.932215092438646,0.3971520649634558,3.7477812324746416,105.27553292329074,28.771285690773432,7.3091775396911265,0.2805032695687295,2.813615634315109,9.197015221916756,2.7716765110287844,10.735199977674217,9.753242953281966,10.310933909206451,1.0869014185253707,9.75314532560592,10.339803127362114,10.532916623488248,0.2131083622497779,0.10172632697918445,0.10162879231731148,0.10913878455460159,1.556129942960673,0.3007900141674426,0.8811079326820503,0.6399102761177369,0.5285282222443088,0.2368087456027066,0.9028576972088581,0.1662927849123237,0.16248902611345079,2.7414413983445396,0.2886959951377131,2.7966447891775577,2.7877693023726287,2.871062080534356,2.739588556017141,2.8630643498777797,1.4940993118248926,8.347020455712657,0.9332878420111796,0.9954159520003292,27.76689692193748,1.2529016552605792,3.9605967675047853,2.8259045180374036,2.2651906758997367,0.8512630330566359,2.5350630393810043,1.0278942688934793,2.712962095602354,5.905295725184092,7.242757978990905,4.977567600736522,1.5267725864247812,0.9319223939506273,1.5223836568603397,1.4664976164083836,0.11684384611563765,0.960596877633566,0.10835852586245241,0.9807860875704062,0.14103189347651393
2025-11-20,9.776126698602013,0.7121908150759712,0.09991201747022004,0.48958844296661147,2.7624401928264612,5.979568133874889,0.5875451996687955,5.993645780188373,0.8353699965611711,5.9589400530584,1.0524000540216922,0.2971942479082048,0.8280379015372195,1.25232188975966,0.11926874385829637,0.9114283249284738,0.5839280432323426,15.230130165690072,0.23736436295479035,1.1975755205787466,0.421448827943607,1.5152019307181939,0.30794799100596343,0.6200997194757628,0.997458195124615,0.9927656960774055,0.8078013222545505,0.30530843232218524,1.1725486600978223,1.0429171991903,1.4779547626921619,0.14918369565824455,5.023462465401677,2.8017401147511056,0.39573760428425386,3.941734404213816,0.39700851119710195,3.7554990115992215,103.77994320681395,29.06667299314449,7.317626547377554,0.280965879080244,2.842799966222718,9.294554601958891,2.782774405088321,10.761755267270138,9.776126698602013,10.33649375588095,1.0896470728758691,9.776126698602013,10.365529759140678,10.558998495011119,0.2140971709700877,0.102062758631179,0.10186724094529226,0.1093948536551305,1.5597810445963223,0.301984547752942,0.8906051273254579,0.641509460813198,0.5329944320829374,0.23853748771659275,0.9038028834513852,0.16648744438992577,0.16326132332524637,2.759213903943445,0.29054647876971834,2.8158177610645896,2.8082902509104017,2.89021424037968,2.7607781200164663,2.8819044730171264,1.4988758170321512,8.327500316005658,0.9272656024452155,0.9908104259861286,27.989050738097564,1.25505919330152,3.9655881772259014,2.8424088376185352,2.2660083418333445,0.8586372258388374,2.5426727572381522,1.024049271678561,2.73174301178787,5.935477706994207,7.23980836404921,4.991201366633773,1.5082608151265702,0.9341089358857934,1.50415485981378,1.4467690438279799,0.11633590398406758,0.9629484798122984,0.10910157246467991,0.988366394311478,0.1409717477397003
2025-11-21,9.745541275064564,0.7044147624919294,0.09872332242901197,0.48162945296701404,2.750024292717876,5.914140684006798,0.5804502618973884,5.944352521265288,0.8208751910820933,5.900302043424435,1.0520416815928486,0.29500049174314075,0.8307182327625917,1.2457850290522823,0.1183120587011281,0.9024461404748182,0.5765519914960736,15.20543787612075,0.23467498220159883,1.1943280679442336,0.41721081155141815,1.4773413540385014,0.3048435891886318,0.6192378999661567,1.0012669122285307,0.9940551603157587,0.7926128236142158,0.304063938826035,1.1720105461088635,1.0401520646811577,1.4665236889926816,0.1474515165621374,4.86502302121656,2.782379885001462,0.3930416317225873,3.9124840800611844,0.3941136207651202,3.7311178842560726,103.64486892115778,28.999318947349188,7.2029044620940335,0.28203879284726263,2.819218387869573,9.24481030456644,2.793294952901155,10.732677412502436,9.745638826625086,10.308742123544246,1.0865412519615,9.745638826625086,10.33758883378204,10.530162752168405,0.21381932106088702,0.09940551417274278,0.09921060622917631,0.10788421883660675,1.5549167045293617,0.29928855944325755,0.8687262390570942,0.6324919747186327,0.5279212373934832,0.23672157602112215,0.8838320089796925,0.163921642089701,0.16138777376417876,2.746223648230405,0.2882759957480368,2.794269576266476,2.789201951145417,2.868336490831486,2.7417404402325856,2.849234824593729,1.4936165530341676,8.124061839504556,0.9083909861073254,0.9921060622917631,27.766300532660072,1.2494884193925269,3.938309963469082,2.8250658306482066,2.2439333398304258,0.8509891793667695,2.5345483610195765,1.0259233665633605,2.7122111664844435,5.866777022067781,7.140727238794038,4.971445230651861,1.4728584434539762,0.9311958196253564,1.468667741431071,1.410096505617447,0.11646038211933668,0.949517593852215,0.10817659469320462,0.983822209806473,0.13926517846070585
2025-11-24,9.718270260112973,0.6926141559092945,0.09863945207512413,0.47531583913908754,2.731778484970997,5.89514077115221,0.5790087641501913,5.944217426088739,0.8167152664288371,5.879494655004859,1.052866825441114,0.2935859969336507,0.8283770443515017,1.2387755220670857,0.11700680235036955,0.8889212946618379,0.5745383764031561,15.146549621522716,0.23352770346594273,1.2060252524210018,0.41302235179786195,1.4955296344960975,0.3016520983044445,0.6161321819813305,0.9995140765220708,0.9934888567243303,0.770165208940719,0.3001943575281675,1.1757046001645635,1.0373177634963024,1.4556850659488125,0.14684159044389938,4.845189575551203,2.74071903803374,0.3937803737391999,3.921185522199951,0.395238077443589,3.7418854085998237,104.36735073493682,28.682895730836975,7.1122446606991,0.2805636621888571,2.8030125624468534,9.22196309466867,2.7701650903106776,10.703983881499028,9.718075706845237,10.281049989750365,1.0836734901480123,9.718075706845237,10.309912678799197,10.501943871856778,0.21224489944205918,0.09815355084032776,0.09776482429170746,0.10719144541274238,1.5505345291716015,0.29815355009889,0.8449951112559979,0.6286686340272716,0.5206025237592247,0.23479105779797968,0.863168121426863,0.1620991283301825,0.1601554863191091,2.7299320083781278,0.2856170980529488,2.782604339866527,2.770456623637178,2.8503400174243803,2.723032188600887,2.8421767877072703,1.4846453282066174,8.109037734792578,0.9045675590967414,0.9933916542342383,27.573275403911563,1.2407191270062712,3.9480077745383864,2.805636658960459,2.2314868330144555,0.8442177137665892,2.524586965785198,1.0241982447973608,2.7012632794468234,5.8518947827456875,7.041691223085216,4.941593685465257,1.4888240714114886,1.4503401894379402,1.4853255232059341,1.429348900204613,0.11632653320727704,0.9481049325422133,0.10738581332103851,0.9803692638816128,0.13722060141456832
2025-11-25,9.722994747356587,0.6948954907214694,0.09732620543395076,0.47681089854669273,2.7279534013049953,5.896256613279351,0.5780262592410254,5.916771784417538,0.8288770053475937,5.87039396724599,1.0695187165775402,0.2927564473539287,0.83101605464952,1.2380165467287767,0.11686923148044406,0.8893534391901131,0.577053947244736,15.180262898031113,0.23354400056163027,1.210500729217307,0.41263975329809416,1.5186193723034151,0.30102089532788195,0.6175984487872015,1.011084082292363,1.0059309585267153,0.7693728464114533,0.2992707893694264,1.1890131348131001,1.0379192999513855,1.4653379359637064,0.14778803898167367,4.890714727910793,2.766164316966456,0.3917355460916611,3.8997568919581007,0.39299949605197193,3.7167718912364793,105.28342625789986,28.696839773486875,7.132523258044179,0.2804083631753806,2.794166309021026,9.268059997113514,2.7904715605250368,10.710548916428658,9.722897423432183,10.287214769688868,1.0844919875112042,9.722897423432183,10.31628613803476,10.508508009996355,0.21205638761246848,0.09839572081243639,0.09839572081243639,0.10743801838342114,1.551288313580533,0.2980068023192054,0.8464754259464633,0.6313077326706444,0.5202722248082956,0.23471073786726726,0.8771025676662388,0.16246960704397334,0.1601361138877442,2.7186192061406174,0.28604764293917306,2.7740398401418935,2.764414266642866,2.8456975466775036,2.7192998801728856,2.840350071782329,1.4784637584695552,8.222848524094555,0.9208556060716836,1.0041808340233047,27.50860485916991,1.2406416963939826,3.929995257239001,2.7953330092367525,2.2264463344012064,0.8433641017381579,2.528828355254163,1.0369470250450064,2.690325835751398,5.848030828421245,7.069032453018656,4.934370442391833,1.512882898429904,1.469421535078391,1.506465750524125,1.4518231144795213,0.11784151565930076,0.9472046491876064,0.10714633405701189,0.9761789161485553,0.13806514155824148
2025-11-26,9.68804495252858,0.6996706182978408,0.09804301381088047,0.4839178527701943,2.760511552425947,5.950590686912662,0.5834140788674979,5.967641740638927,0.8311373853470969,5.926177215724,1.0732416080148894,0.29480721086200135,0.8313311137240239,1.2369695824954057,0.11780662514446918,0.8945940354378088,0.5788606859135826,15.12362002125315,0.2360976636236524,1.2173028630679994,0.4138732921982477,1.5372989021098746,0.3032357996227528,0.6172253350559258,1.017050991638574,1.0093005261109842,0.7770780767726473,0.301976361909455,1.1939546392537255,1.0343925270593528,1.4699670192553678,0.14842084571618117,4.9428406530423485,2.7624492796787203,0.39595038686189465,3.936446496068773,0.3970160777197862,3.7539237646418147,106.12478391118485,28.791705898202867,7.2061616675471685,0.279209452575317,2.8149583177542508,9.257605186245096,2.7936445005964203,10.673609576329683,9.687947977469241,10.251791720657334,1.08070144402013,9.68804495252858,10.280663088018915,10.472098950890695,0.21265259409939405,0.10007750362048105,0.09998062095353825,0.10840921895352937,1.5457276017415018,0.29994186286061475,0.8539042762027557,0.6370858567741762,0.5268358948664525,0.23580701562282397,0.8855842245893177,0.16392172133592275,0.1614028274308478,2.737453958134022,0.2874442944806621,2.7924819825070237,2.783956455643892,2.867758281007799,2.739875969372154,2.8676613059484595,1.4883743933618727,8.257895803941217,0.9244332316309369,1.0081379341076706,27.73726059932668,1.2474326148695596,3.963669878732925,2.824840017169789,2.2398759634590406,0.8492540560173355,2.521313698895563,1.0412711040198954,2.7112961184999276,5.902344412268698,7.123716310391337,4.960666324620653,1.5303236457456615,1.4878899615486794,1.5259639072547562,1.4690951306883204,0.11838791190688634,0.9505909973511144,0.10802169752499781,0.9831428343047238,0.1396047262876585
2025-11-27,9.665571235260005,0.6986274770858001,0.0978155797946944,0.48308524591374763,2.7430889985788593,5.9510923275375145,0.5841871121854725,5.969263648654976,0.8261163852764656,5.927605060228591,1.066885726400715,0.294413290976925,0.8294026441000749,1.2306205267236054,0.11685675770914258,0.8889425983056556,0.580900816490635,15.105934519152935,0.23545332119033022,1.213512498083876,0.41503961556842245,1.576261374744391,0.3025323722893925,0.6160835267588131,1.0125652632537259,1.0062826272023155,0.7727623907620548,0.30050261117908267,1.1891552172752453,1.0320896847022702,1.4632708234066156,0.14797989966766575,4.954668329321115,2.767542882005274,0.3968683681934179,3.9396868944859427,0.39696500768243015,3.752368076751432,105.47941610888266,28.742218460032866,7.1803596064451245,0.2783684442012425,2.809781676078013,9.23129719045253,2.773342283740395,10.65020292980077,9.665474485157308,10.22917126033008,1.0783877797682604,9.665571235260005,10.25816797403586,10.449352076361034,0.21225593547721494,0.099748692198185,0.099748692198185,0.10825439599135064,1.5421419200827162,0.2997293662176864,0.8493137709895808,0.6364778510933801,0.5262903611341528,0.23622656615172646,0.8755074601880407,0.1628648790012539,0.16112507322920883,2.7316836953140102,0.28706747306146774,2.7946066584458973,2.781654828387028,2.865068755342494,2.7360333203578073,2.877053969283872,1.485791622082961,8.219891674809407,0.9168760932761605,1.0054126874450648,27.68992894672458,1.2382563368485557,3.9620143404418076,2.8352986307547905,2.2287840357422253,0.8492170946293405,2.515948074550249,1.037889012694935,2.706649901211066,5.90489061386194,7.111057625871412,4.954475419055372,1.5653392320533752,1.5261936390535897,1.560699799156226,1.504929411833,0.11801662515123694,0.946066085959965,0.10777111558602623,0.980862201400866,0.13918422210062126
2025-11-28,9.659872394072401,0.6976429793344583,0.09717929307975946,0.48338486201243575,2.7585007492136184,5.954115099663713,0.5839451387455512,5.965127605927599,0.827086579854927,5.930738139557875,1.07225656877898,0.29453245528514455,0.8259273570324576,1.236186255995973,0.11707882424226317,0.884466746122428,0.5801777566971698,15.11649908569902,0.2336746574000929,1.2195710973724885,0.41421948481564175,1.5850077456632021,0.302646830793142,0.6166924280582292,1.0171947744567023,1.0106259925288064,0.7748261117124484,0.301004635311168,1.1890455596782326,1.0319745153695392,1.4690881166060152,0.14857032568045708,5.0190302098552815,2.780622160969046,0.395962149135112,3.927453702900104,0.39644514021954547,3.7488406739979294,105.83414021747006,28.725559523522026,7.188176150668349,0.2782071023672773,2.8082495310575553,9.226429628257222,2.7950154205746776,10.64847330037372,9.659872394072401,10.227588966051247,1.0781491558186975,9.659872394072401,10.256762261368577,10.447449956832013,0.21242271803630375,0.09988408184493712,0.09988408184493712,0.10809505004234256,1.5412480974860685,0.29994203281549986,0.8500772797527049,0.6351429675425039,0.5277241216008041,0.2356066401627554,0.8736476279115751,0.16248067711383518,0.16083848163186124,2.7342541324668543,0.2873840803709428,2.7877704437586037,2.7833269405217593,2.8640841405948128,2.734930401054748,2.868817725911207,1.4849304600145201,8.213195329103073,0.9177936836961985,1.008404167210669,27.679867869735318,1.237152311864555,3.9594281769978026,2.834138472260795,2.2353167880263176,0.848628269649547,2.5210588387396458,1.041634484457638,2.7061438818434844,5.904462717047431,7.130699216674616,4.94609756115968,1.5807573356805298,1.5328438241478097,1.5716769411538078,1.5143933952131081,0.1182380194273393,0.9461939426994029,0.10790185545106207,0.9799072878806632,0.13881375469048574
2025-12-01,9.63020030816641,0.6915446606181986,0.09678351493388736,0.4816063012474307,2.7721493196413953,5.940485221028144,0.5817603991468808,5.937692674539857,0.8235746980264484,5.9201656394453,1.0894645344127307,0.29295069410914815,0.8237673431772664,1.2309322004509267,0.11681433084014752,0.8855932115222713,0.5799306743133968,15.073671032357472,0.2341101643484436,1.24085136848532,0.4118836715886332,1.6679506639853832,0.3032550054999823,0.6111325027395287,1.0339946335379626,1.0277349886431348,0.7727272521549454,0.3033513097072419,1.2159091114814182,1.0288905656576524,1.463116262286029,0.1475346657822055,5.027157352958879,2.76849009039222,0.3959938263856391,3.9356701914077545,0.39657165162919666,3.7509630200308166,107.40080893682588,28.61845136974552,7.173343652569457,0.2763867561916357,2.802388289676425,9.11758493385256,2.7628083074772487,10.61719944370546,9.63020030816641,10.197419341429724,1.0749229848476698,9.630103912118402,10.226502734450236,10.416699190536523,0.21147918995062265,0.10015407953130077,0.10015407953130077,0.10766564238420435,1.5364984885569897,0.30036595275479216,0.8473613045432351,0.6333782419401618,0.5234013720543248,0.23488057963837092,0.8624807160881525,0.16246148728075305,0.16034283145734085,2.7250577929574646,0.285342827048985,2.7789869734612744,2.77176432323015,2.851502370026152,2.7163906714581927,2.866621855043667,1.4809321916342149,8.214657258913954,0.9175654736064799,1.0274460943895054,27.561344093828243,1.232184100040853,3.9583012209100237,2.815774409172164,2.2330508944800895,0.8459167598024906,2.4957627471312533,1.0623073724826053,2.6978044553971254,5.87904449603958,7.1072806195228235,4.943470888769681,1.6644837859966355,1.6311633752196888,1.6549499817364755,1.6006356578762249,0.12028119964482052,0.9510786030068419,0.10737672976242559,0.9772727596006702,0.13809707388855827
2025-12-02,9.59242215602518,0.6940047815263414,0.09630695407053264,0.4784652380634555,2.753093618854916,5.878656840152877,0.5768824881501049,5.880959490220324,0.8186090775816847,5.8564985901903475,1.0711750423879647,0.29074340015292455,0.819568368742506,1.2211990173486211,0.11597122448525554,0.8780815435542191,0.5739088904657524,15.0216787507494,0.2310791381543203,1.2278177458033572,0.4094963897046425,1.666283038022707,0.3019664224674948,0.6091127098321343,1.0215827338129497,1.013237383725832,0.7637410335403552,0.30023980083511315,1.2036451161336557,1.0249400333249026,1.4517986196979915,0.14628297362110312,4.991079206946942,2.7486809380620505,0.39386092444403853,3.916258887421313,0.39510790049600947,3.7338129496402876,105.74820143884892,28.55539474670264,7.139664245166367,0.27568345104190084,2.7782254665017985,9.101870456759592,2.762493911121103,10.576786617580936,9.592230122152278,10.158657449040767,1.0708872843131745,9.59232613908873,10.187721307329136,10.377169748576138,0.21026378970066134,0.09928057919875037,0.09937649550769541,0.10705035824855741,1.530455664765063,0.2997601918465228,0.8377937298598621,0.629448467593113,0.5173141516084008,0.232901685243602,0.85717026964366,0.16095923920043653,0.15913669211115483,2.6941005789118706,0.2843165409078987,2.753477101131595,2.7465706146020685,2.8264748552720325,2.6958274200951737,2.831271018341577,1.4724220623501199,8.159999929743705,0.9113669269662396,1.0129496256510417,27.292373913369303,1.2268585278261765,3.940911235855066,2.793189471860012,2.214964063905126,0.8376978592906924,2.4849879861735613,1.0467146546434727,2.6712710885978717,5.826187097197242,7.069064865295264,4.925083956272482,1.6549640170675959,1.6110311457864959,1.6447961747789268,1.585995168708783,0.11884892415657318,0.9466666900854317,0.10647482380306691,0.9671942621683903,0.13736210738440496
2025-12-03,9.545628102329133,0.6851851735328071,0.0947880899692228,0.4707903750937783,2.7135355957777,5.857579368541786,0.5748377359746384,5.861015654830087,0.7907597970398113,5.8199695705138526,1.0779877845091235,0.2887552500954563,0.8118556992340379,1.2072355977539435,0.11435662029626124,0.8658839164229921,0.5711149468409191,14.90559383128699,0.22775869234776214,1.2285223076388143,0.40206184547427226,1.6853760744424755,0.29810996126609707,0.6075792432787219,1.0254868299463133,1.0167048695707375,0.7475181133886383,0.2968690376238042,1.2015082354580187,1.020141301513765,1.441485247297021,0.14499808686887458,5.001527510239177,2.7140130519684873,0.39518901800189865,3.9249712932014247,0.3973845080957926,3.747995557927047,106.34402070804695,28.199502974805508,7.0111682916607005,0.27462772487365095,2.7579229995010914,9.027109513896345,2.716590266684714,10.526728038343593,9.545532552829085,10.110443336629558,1.065864868863205,9.545628102329133,10.139461253698931,10.327796309719835,0.20895379333379568,0.09831997127467414,0.09822451280882996,0.10557465081726516,1.5230049928575582,0.2961053881038915,0.8189194436380999,0.6201794694607018,0.5088774472440913,0.23119510608394894,0.8449789675741352,0.15912562119410026,0.1574074052225865,2.685566975352144,0.2813096536211769,2.7280451369312892,2.7271860653592137,2.8045054199405186,2.6740168469149723,2.8253151105987793,1.4663039386249672,7.863306698793671,0.8789614531410336,1.014891176926539,27.08925274138507,1.2115311012690464,3.952844655436384,2.7928597420032992,2.201699063540324,0.8328560519282169,2.4786178280079167,1.0472508503672455,2.6528255408754235,5.810423942411524,6.964967777912013,4.8894613469179555,1.6870943632413522,1.641561676409919,1.6828942635715713,1.6206567275610622,0.11903398498500199,0.942439894586995,0.10567010017968899,0.9662084881701328,0.13507063400658909
2025-12-04,9.526436031574498,0.6846718371590171,0.09469371801832238,0.46613318381609775,2.716585726037052,5.822996953742736,0.5710202784291606,5.832714201825522,0.7902257497212746,5.806897092435636,1.0742116998783506,0.2886538938464375,0.8120415153259934,1.2032961566027793,0.11393731578686266,0.8664380008406419,0.5682576119451168,14.880823464442221,0.2283509508750547,1.220824939473034,0.4029722705254887,1.6705725503510676,0.29875203020245367,0.6056015975500069,1.0168619402092935,1.009050187376825,0.7490711370240828,0.2970372516450013,1.1911974937175132,1.018195648789349,1.43574360973485,0.14518433620194499,4.994474797858912,2.714204093189572,0.39982853406404806,3.97504058079094,0.4007811726667069,3.79794239713951,105.5539678003239,28.143087850248882,7.02934167016469,0.27388777746022674,2.7515479334311292,9.079832193498738,2.759550475638129,10.507191973004192,9.526436031574498,10.091455166505906,1.0638277428688703,9.52653138992093,10.1206057478476,10.308468667759241,0.20920262060086364,0.09840906853106654,0.09821854262757644,0.10536344117001714,1.519958112334551,0.29522720559319965,0.8215680467159143,0.6189387560322295,0.5079546508033174,0.23054206690425316,0.8492902879477842,0.15880727899679856,0.15728303542804456,2.6848622137016824,0.2809374085083182,2.731542450093628,2.7249691201764494,2.8043249987347574,2.6741925450612376,2.8289036125276863,1.4683243296447794,7.871010485882872,0.8767266721853565,1.008764403064194,27.1044098537082,1.2127274750096009,4.003810600926902,2.7874631428361973,2.2053920167666954,0.832428286685891,2.4752785231234222,1.041916764281052,2.653234350439411,5.775555013485996,6.964275297964597,4.916737976103292,1.661427016256877,1.6177002720643399,1.65504425766923,1.5930265906516445,0.11831952058963462,0.9496999375193508,0.10564923456785644,0.9692292832596888,0.13537201141418476
2025-12-05,9.541984732824428,0.6867366528693046,0.09503816830292913,0.46708015995171237,2.739885635958373,5.878053621481393,0.5770992322732474,5.884923570938693,0.8033397179523497,5.85505711213323,1.0699427218837592,0.29036259833183,0.8192748149842707,1.209160316991442,0.11421755979989322,0.867938922561762,0.5751908280467259,14.91374008528149,0.2283396975684712,1.2328243983610896,0.40505725918835356,1.689885554422859,0.2999045830646544,0.607347342804188,1.028530543087093,1.0199427422676377,0.7450381854108272,0.2981870229007634,1.2034351407116606,1.0202289901616919,1.4377861896544013,0.14532442311294205,4.997233034090232,2.7233778975392116,0.40477097489451636,4.03740453356095,0.40505725918835356,3.8304388614101263,107.3263340141937,28.307348353262167,7.057633727561427,0.2751908411506478,2.7730915564617127,9.14370238325978,2.7802480450113314,10.528339648064767,9.541984732824428,10.112022807579914,1.0660305459990755,9.541984732824428,10.141030813901478,10.329293986313216,0.21011450818476787,0.09904580261871106,0.09904580261871106,0.10582061214301422,1.522423693241964,0.2952290127295574,0.8178435027144337,0.622900751710848,0.5122137433699979,0.23215648782162265,0.8537213856937321,0.1580152620796029,0.15782443621686398,2.691316677413824,0.28234732970026616,2.7555343394971077,2.7455153720069476,2.8245229939468035,2.696946704660663,2.8348282093310173,1.4824427539155685,7.972041705182491,0.8916030767309757,1.0209923664122138,27.31851126401479,1.214694685608376,4.052385519479067,2.8053435114503817,2.220419818208418,0.8377862886618113,2.483110791854276,1.0519083765626864,2.6715649903275587,5.8312976633319415,6.98845433824845,4.934351098446446,1.6924617854693464,1.6452289901616919,1.6837786900178167,1.6238548919444775,0.11937023119162057,0.9567747771284962,0.10620229116832937,0.9743320668926676,0.13587786041143288
2025-12-08,9.538344143456696,0.6732163471104033,0.09261732199682347,0.45660052395922135,2.703357625216848,5.83241101395579,0.5719191061090486,5.832601967134443,0.7798550375451209,5.810472938860705,1.0812666979239942,0.2883441390903885,0.8131438382296833,1.1909576555737462,0.1118847724364396,0.8517741611193992,0.5694391526415438,14.918256670134252,0.22624951653333167,1.2299694481900247,0.39851200667013426,1.7057421006395905,0.2953071259488044,0.6070202154678409,1.0275658465941777,1.0191720571739897,0.7178558006126523,0.29511637289257553,1.2018313620755436,1.020030545988232,1.4181609373882225,0.14469668138395597,4.927890257997305,2.7194771590191005,0.40289967262940474,4.007249094975081,0.4041396311702095,3.8166731652846004,107.02022128958413,28.29654814404688,6.910434855345049,0.27451355099814484,2.7543875335146115,9.155093545633525,2.752384562748891,10.525562762304464,9.538344143456696,10.109500237340828,1.0656238193504686,9.538344143456696,10.138686964958508,10.326593043193794,0.2089851187277004,0.09710034629126078,0.09710034629126078,0.10415871877426502,1.5218428371972321,0.289965658322494,0.7872949343335305,0.6113124412236801,0.5027661110689875,0.22911103069213726,0.822777586190676,0.15471193545740644,0.15537963482952444,2.674551639607825,0.28090424230197875,2.7256773155820775,2.7214804208719836,2.7990272053322323,2.673120946203739,2.8206791417465005,1.4725296154407908,7.753815081500679,0.8663678160154015,1.0186951836298914,27.061998584897225,1.1958222314630105,4.031762709284684,2.7812857338600785,2.1862839251608848,0.8316482491549623,2.480255615979558,1.05026707945776,2.649275085845097,5.783670215104564,6.845287801836429,4.9052844289512585,1.700877597522117,1.6545212391631743,1.69200686178604,1.6295306785376824,0.11932468741779698,0.9458222401956254,0.10520793335531468,0.9703357817334375,0.13391835141027306
2025-12-09,9.54936984115379,0.6776164924032912,0.09358288952191428,0.4603705030984784,2.6899350882487227,5.827731372200869,0.5721924958837405,5.842723219880992,0.7900114911853857,5.808346065699007,1.0741978405631163,0.2874331587229729,0.8102559059790021,1.1888846447669976,0.11229946742629714,0.8556149586909959,0.5704736600311956,14.916348730543353,0.22689075848817644,1.227081741787624,0.39772728729830886,1.7050229474002847,0.2949770759133732,0.6069518847716866,1.0218678584437593,1.0148968561812155,0.723739504540941,0.29316272691882594,1.1995798581606383,1.021294852446927,1.4158709346109715,0.14304812397093514,4.838044448514491,2.745225467783882,0.3995416362928561,3.9717342764298547,0.40001909272009584,3.7874331084528983,106.45244647930195,28.265947381260744,6.959224785439744,0.2740641784085127,2.7444613626478644,9.039915709936318,2.748758652630974,10.539152350837352,9.549178669159426,10.122230710466004,1.0670358848717487,9.549178669159426,10.151546469528864,10.33985904375955,0.2077922099778632,0.09692513004708053,0.09692513004708053,0.10456455127258533,1.5235867365523093,0.29106187492586255,0.7950725948837898,0.6130633780389819,0.5072574382341937,0.22775019462824414,0.8320282396239302,0.15593964785815562,0.1558441529299486,2.6670168883204917,0.2800802131751915,2.715718245305935,2.716577645018412,2.791730386779179,2.6660619026108314,2.8231475806764466,1.4654316913088923,7.8465431860332915,0.8793926311868853,1.0150878824652199,27.038483295484387,1.1933728153237502,3.9856761352445806,2.7872422162224266,2.180099341594326,0.8293544544893152,2.475076417507699,1.0464094903653045,2.6397058124119677,5.78409111891383,6.894480426225888,4.8732810024089535,1.7056913208287576,1.6539342718510521,1.6978609917089174,1.6339763236282616,0.11907945251173423,0.943754792122371,0.10504201680672269,0.9671504849054323,0.13426280003453686
2025-12-10,9.564705788946677,0.6770923090916054,0.09354375641292388,0.45442370465359355,2.6904831042077655,5.812816647238164,0.5700621566152185,5.828216421381815,0.7861310611325323,5.797225974040531,1.0780487717309675,0.28694404591104733,0.811382131334813,1.1856527889476103,0.1120994764899934,0.8578670726102942,0.5672883919013966,14.952271733769727,0.22630320274903978,1.228120458120367,0.3936872295304841,1.752462948069853,0.2939263466497975,0.6068866643992296,1.0236250276716061,1.0160688986794222,0.7197513151602104,0.2940219968543105,1.201530394515371,1.0230511629313501,1.4197991625194286,0.14328072254649765,4.810138631243275,2.8755620721993065,0.39665233114015425,3.938785153447812,0.39674796310125615,3.7622189989276964,106.78288274151124,28.26178880469871,6.9526544659403395,0.27384025978734194,2.7421329740928386,9.045241441183943,2.7431849621517816,10.557532654830226,9.564705788946677,10.14002883451399,1.0689622394665754,9.564705788946677,10.169392261477762,10.357915293594573,0.2079387830809963,0.09756097378541499,0.09756097378541499,0.10377810025317769,1.5260641133597113,0.2918220968807445,0.7896699909956361,0.6078431299575375,0.49966524800063894,0.2284074525180928,0.8298422012073694,0.15523672445945794,0.15523672445945794,2.6692492331345647,0.2797704447632712,2.7183167116884865,2.710569245800454,2.7887135108425993,2.659875622552756,2.805738845890872,1.4703968983982694,7.816164444531624,0.8731707404641544,1.0168340273418819,26.925490756516023,1.1884265901482545,3.9587758455135105,2.779148709312231,2.1774270100094153,0.8277379331949053,2.4793878643778395,1.047728368393375,2.636250551096963,5.768914535135701,6.888761077983022,4.858919177427069,1.7486370858366214,1.6971784069001077,1.7364897470278127,1.6766139960414426,0.11917742743325656,0.936681016787908,0.1048302251377042,0.9627929570742169,0.13476805502236147
2025-12-11,9.494066360634434,0.6732175416510906,0.09285103705469659,0.45447639734059403,2.700370195345877,5.793981100321608,0.5690686283747174,5.803664557039483,0.7857210874036882,5.772809150222812,1.0756669804591077,0.2860533481512067,0.8053736051557456,1.179341129979143,0.11164910499270707,0.8491408187734383,0.5663154042141736,14.83224180477428,0.22681096923619518,1.2285198319233304,0.39437957766569204,1.7708155726997146,0.2953574538151672,0.6019177966949484,1.026013478541956,1.0172790423039866,0.717269562819309,0.2937434779650396,1.1976644975399118,1.0156650845621722,1.4191587935776993,0.14316908690502284,4.799867153937328,3.107091892278286,0.39608849540209934,3.930693905000208,0.39703787804826945,3.7501186746416026,106.69324978638565,28.016709389537645,6.941517368404657,0.2717174673809304,2.7316054421409204,8.997911326307795,2.7196429455528164,10.480869184200845,9.493876295778744,10.066173165586727,1.061236103477612,9.493876295778744,10.095414180062066,10.282446110586966,0.20696856771157834,0.09797778120976187,0.09797778120976187,0.10376910951462813,1.5147631543886624,0.2905155262647843,0.7877148126906212,0.6084685876567989,0.4982436109582866,0.2281401375357971,0.8296781485773136,0.1546568016284757,0.15484666729272176,2.664103155336205,0.27912275342761106,2.710718589325661,2.7031235281563006,2.7810689516356333,2.6556536715152674,2.8272098029518835,1.462736232072712,7.7966388560061235,0.8711668293575474,1.016044779674038,26.877622895008546,1.184277963199179,3.9639228046489308,2.7785056836809017,2.173739739047443,0.8247413153572775,2.4561852411950835,1.0479445291314722,2.6272667899584934,5.746700729070244,6.86423630272121,4.860343704940722,1.769486422508426,1.72106711078797,1.7601822263028992,1.6979968299963508,0.11905440009354436,0.9379094362055193,0.10462356838283178,0.9592708716939841,0.13386499934937554
2025-12-12,9.439305267132339,0.6767981588469151,0.09316594190635342,0.4579006826650293,2.699829988801887,5.787615769760595,0.5676798130040441,5.788276590264831,0.7811969240724039,5.761563195042595,1.0932603331586201,0.2861053376056483,0.8031904506125225,1.1816122362202737,0.11195015722746127,0.8455729831135991,0.5656975675398884,14.735982677768666,0.2279592186004368,1.248820115648082,0.39560128230519265,1.815367258110428,0.2951670800241993,0.5988295131839625,1.045686225970331,1.0346422560916704,0.7149329607680719,0.29337360698231124,1.2186143675997323,1.010194418001382,1.4149518019301905,0.14300547119624574,4.818765338871059,3.1994526355204007,0.39588444994061717,3.9338304700774023,0.3969227792812965,3.7480650115557745,109.2637378763923,28.004720297898576,6.951198538271958,0.2704360923025323,2.729186377976331,8.99565791957712,2.7306967013868406,10.42457999700597,9.439305267132339,10.012176150710308,1.055408698872888,9.439305267132339,10.041438918845573,10.227109316004343,0.2066263865362322,0.09977345379294146,0.09986784900609831,0.10439872021537379,1.5060411841774384,0.29158013394042326,0.7844062532954605,0.6128940938755502,0.5005663467934385,0.22814800902675048,0.8364168454818913,0.15527657884594537,0.15527657884594537,2.655842791689282,0.27921464908161275,2.7118180908525757,2.703983306164604,2.781668892216408,2.657069947464367,2.8107418256906915,1.4599773283834747,7.764961252758047,0.8671890008172742,1.0324711841931091,26.873891065992545,1.1871813917601133,3.9561070922367616,2.7644892874946905,2.1657542235360228,0.8241457198281457,2.441098596862021,1.066263914333327,2.6290351992983942,5.738059417108151,6.883329910356098,4.831413973361248,1.8101756114070318,1.7660940730934078,1.8062111204787203,1.7380593249274354,0.12101189064398923,0.9416651136136537,0.10458750163966447,0.9612988138369891,0.13488767190724021
2025-12-15,9.405568096313019,0.6764484402647227,0.0925507915028959,0.4545711233169177,2.664879482432897,5.769281552374318,0.5665914379088299,5.779909890248778,0.7827313884565757,5.753950430451702,1.1042137088589064,0.2850827639761323,0.8018246802106848,1.1778593242751467,0.11145598552924875,0.8416102648319563,0.5624529649836395,14.659329910220913,0.22592174997896608,1.2584650399901978,0.39315273925000516,1.8133935576726659,0.2928893847784842,0.5960308402171254,1.0516365458859458,1.0435477515824134,0.7107787781680232,0.292701287050728,1.2325997277253369,1.006677941866976,1.4060384263841617,0.14174190834108558,4.825809039595972,3.0367757253309584,0.3952219757126004,3.9315274642588416,0.3963506338379274,3.751410892621479,109.55982308714259,28.125282442596642,6.935007685194167,0.26937546453770167,2.718491335395945,8.96360054331852,2.722441800291867,10.388638257442157,9.405473948780804,9.977521243357318,1.0518246974327943,9.405568096313019,10.006772422359976,10.191967507068872,0.20664032461770593,0.099416851907677,0.09969902540885749,0.10402558709195542,1.5006584184702578,0.29082016625558643,0.7806621519939805,0.6100451524675655,0.49651994841541897,0.22723852377174672,0.8331452391935167,0.15528593142289163,0.15509781575543796,2.643340938157655,0.2780285879038975,2.6993980436418363,2.6936607848799614,2.770316107457881,2.6454101746202503,2.7898795628027417,1.4576749033816692,7.761192465294924,0.8673815013233929,1.0442061384788037,26.77765237020316,1.1834085750077523,3.9614371019166787,2.7668360931878704,2.1613995772362475,0.8219525901960915,2.429646419528017,1.076467239919509,2.6190744117294784,5.7250752675075836,6.875094262346278,4.830699544638239,1.813957868795632,1.7703160385694425,1.798344591311533,1.7388073280397622,0.12227238525206924,0.9367945680410186,0.10421369378956034,0.9582392518192059,0.13478179010257765
2025-12-16,9.37373444164206,0.6697600013895968,0.09148856607500783,0.44910011105560654,2.6501687403515475,5.715504128878421,0.5612110886003446,5.7250656167979,0.7719347438519037,5.694600674915635,1.0900824982707848,0.2821522345469603,0.7980877333112901,1.1718222922406305,0.11042369453478806,0.8329583859238053,0.5573678204393762,14.64295074382792,0.2235658078502974,1.2415635259490267,0.38957631583512387,1.8104611866296252,0.29058867641544806,0.5941132458578481,1.0332771218310235,1.0269966025364994,0.6987251679370766,0.2890888653223462,1.2127859475329255,1.003374586759724,1.3919198115219729,0.14088863641705276,4.708661485978803,3.0493062222812966,0.3901387226460889,3.886857835550097,0.3914510528827634,3.7054742012839212,107.87213915155137,27.73087812265654,6.896887980555165,0.2690288785427395,2.6907572908977198,8.937289020207922,2.6975064586958366,10.354987288576233,9.373828271466067,9.945068817081458,1.0484626778601527,9.373828271466067,9.974316259783933,10.15888638920135,0.20481815130736525,0.09833145642218001,0.09851893727860737,0.10283089864106494,1.4955943293190646,0.29040119555902066,0.7672478297161707,0.6026434281545495,0.4925009459648232,0.22534684022804033,0.8194600503275713,0.15373078007621177,0.1533558362425156,2.6266403398488762,0.27540306674884324,2.674915498233619,2.6634797023663057,2.7433446162552433,2.6195164248878067,2.757311528838436,1.4410385801231633,7.671165966925033,0.8557367914841333,1.02530931058697,26.54789916397169,1.1777277783056659,3.9122608300671398,2.715598164670334,2.149606367868567,0.8142107293808732,2.4204161178766226,1.0582114678444734,2.5924259238713323,5.668354070182144,6.817210440247703,4.790120076543166,1.8067117125343461,1.7606861813934633,1.802024798398613,1.7312523663423907,0.12045369686417065,0.9192913357220117,0.10329959184255409,0.9486313924657123,0.13357705286839144
2025-12-17,9.410973176789243,0.6721249592409685,0.09194429190442002,0.4477696389144992,2.6539620719520514,5.720590957248141,0.56135894528401,5.735083504089321,0.7859965804918728,5.703086860207274,1.0996611939969987,0.2829851279392454,0.8012422302809,1.1711838598554694,0.11029550411282522,0.8350273231407265,0.559570855302773,14.656220545051642,0.2223790623072332,1.2502353294138493,0.3889516453138969,1.8819875374321386,0.29070204582767206,0.5971202782132453,1.0439488076903423,1.035102558477033,0.6948992691312876,0.2890080847400024,1.21955577204866,1.0075286802050982,1.3931864604379145,0.14022209315387044,4.733672124976472,2.6628083211653606,0.39243366048314937,3.9010916504733375,0.39412762157081904,3.7205910606391455,108.86081126188122,27.759551858354506,6.893845078367624,0.27028043773154986,2.698569546395633,8.941464286817123,2.6952756813145524,10.397326804903656,9.410878976096367,9.985695050392316,1.0527950569036517,9.410878976096367,10.01524534823193,10.200357751255764,0.2054394873301906,0.09909655310531894,0.09909655310531894,0.10276679913696542,1.5015057693558989,0.29089026771515253,0.7626576408387666,0.6018257177012936,0.48974215053197195,0.22501411488247797,0.8170525098327143,0.15330322713652686,0.1533973201304399,2.6267644938564603,0.2760210796509134,2.679559674254923,2.6705250236558618,2.7452474257018458,2.625352919449493,2.7561640797777853,1.4456991823563663,7.8009598407282255,0.8708827490638749,1.0351966873706004,26.559099584744963,1.1770186306684003,3.9320535227199205,2.7164501590107695,2.1514210484693352,0.8146997900886901,2.439864575245859,1.066252616711442,2.5977791129768666,5.672218901456334,6.831168877120389,4.8050064612484995,1.8786938159496753,1.8319217359505868,1.872858973337436,1.808394538510346,0.12130623323285106,0.9205721785697742,0.10351966873706003,0.9491812592730242,0.1350461168969483
2025-12-18,9.453677536071327,0.6725278822995693,0.09198335736657523,0.45140858385328037,2.652108229768594,5.74428062850078,0.5638116788584651,5.754112147004691,0.7900359207300456,5.730005625989672,1.1048402604138972,0.28379656322332836,0.8048780430104787,1.1742295243379908,0.1110795991680847,0.834467731547234,0.5621100310500345,14.727926299350656,0.22716960376862835,1.2554358390221008,0.3927018426500978,1.9069767557260646,0.29050859843293936,0.5998298427201688,1.0486859548608034,1.0387596639574397,0.6936094039192856,0.2889014886173415,1.230194789967976,1.0121951190662148,1.4001701702623517,0.14123652467747497,4.730951053520573,2.6702589473915497,0.399508397821263,3.9711666413709468,0.4003592217254783,3.7870107424644606,109.06787857168179,27.71601483104675,6.898090307012491,0.27103422269137784,2.7166760740895017,8.986103117725172,2.7035357438677265,10.445830600657024,9.453582907922103,10.032330976584657,1.0576668297732839,9.453582907922103,10.06201536539575,10.247967756635234,0.20627717616585572,0.09973530148170602,0.0996407634888734,0.10342219304578655,1.508319181809017,0.2908867504042699,0.7646057596276987,0.6068255099395562,0.4934770350060451,0.22622424187158047,0.821894521094784,0.15380979823939944,0.15409339418661888,2.634146479943633,0.27689545202805205,2.691718765232824,2.6814143944832436,2.7589336012279317,2.6329174680055303,2.7563812377029566,1.4591605795378675,7.838059986307076,0.874740014930014,1.0408394637372007,26.67564757042919,1.1787672758688434,3.998393006305835,2.732463684485932,2.1593873905175394,0.8190584173723618,2.4444130017415273,1.0715636081879476,2.607770902850403,5.700983057222242,6.836264082515007,4.8424085882846475,1.900453760439562,1.8646247446886373,1.8994138605496815,1.8269993808549436,0.12195121590593944,0.9344866560230771,0.1038948739943105,0.9582151693169934,0.13537530435643996
2025-12-19,9.490367277213627,0.678916193337688,0.09320964054782126,0.4594647365083864,2.6939908342885484,5.786341341077868,0.5678153166997655,5.798586023321095,0.7958954399016931,5.763776231968302,1.096393664489381,0.28651419316748233,0.8066650720795248,1.1843607934113867,0.11250829972702218,0.8479330224512062,0.5639043197783887,14.785606440029776,0.22770428302290996,1.2473930452290143,0.3960093092486224,1.8904783812399164,0.2980497334344434,0.6018240469687915,1.0409053684106822,1.0422321314873704,0.714909384369884,0.29707031887170654,1.2211055561929836,1.0163300582916153,1.4182623756150203,0.14320300043313702,4.763215278508915,2.702321261351369,0.40204896299665016,3.9993090637270745,0.4025813625220206,3.814795447830413,109.02635875367751,28.045766091362577,6.973789371122295,0.2717955691477057,2.7439699211891724,9.039298531180306,2.7386040754083822,10.488002748499335,9.490367277213627,10.072725036626887,1.0622568122347515,9.490272280861488,10.102492491117609,10.289183492914848,0.20811047082926162,0.10027901275770888,0.10020688757380984,0.10487804537741725,1.6693005177625568,0.2931090361526459,0.7830587681957403,0.6155424035680445,0.5008427436294982,0.22859067429036334,0.8396640678754033,0.1563101438413911,0.15599316954216763,2.6637315999016855,0.27932144154902255,2.712384792594696,2.705843077333147,2.784943469756127,2.6593281714323633,2.7826904922460733,1.4685336921476848,7.915232762378998,0.8830397498101926,1.033159328206187,26.920205288507162,1.1899904857677854,4.026920274798033,2.7452662738482547,2.1879358536900475,0.8256249537761652,2.4560130976336363,1.0734554485180938,2.6322547903184907,5.740290121639816,6.909879416727958,4.891473966180186,1.9062351770935897,1.835150391505454,1.8807279324864168,1.8274650997304143,0.12204611992670822,0.9443997182825252,0.10479168341170454,0.9574831488056224,0.13664420646384373
2025-12-22,9.522997902729502,0.6851728116202475,0.09446719432714927,0.46643176404377035,2.7192647156744,5.820969524479811,0.5718502927060332,5.829635110086241,0.8004951676849228,5.796400273076671,1.124750029619575,0.28959146602620806,0.8123036191958652,1.1997904758001097,0.11360823069398895,0.856680307441888,0.5692791046500035,14.844585811395937,0.22940672462230158,1.2808303971050377,0.4023426340348538,1.9895247897242672,0.3012094006358118,0.6037520381475946,1.0735168398908064,1.0607561126525895,0.7349776240850945,0.2995905064705519,1.2561661142949183,1.0201885273156648,1.4315779623945784,0.14446243287585891,4.7941147764573016,2.7286925868481275,0.41110368697214844,4.0913246822475235,0.4122464614372664,3.899247609323665,111.22988286829825,28.218836394301732,7.0369489782595105,0.27245024864633427,2.7669745506008354,9.106275592800685,2.7658318487896985,10.528140735108561,9.5229025807066,10.111323103156842,1.0659937381335705,9.522807258683697,10.141225156755903,10.328349262495832,0.21045615066631487,0.10208551820806407,0.10199028700263758,0.10608513801850065,1.5193791358133302,0.29644794934545854,0.8096371454439234,0.6237501190362822,0.5056661125047243,0.23140652544577225,0.843538728035946,0.15855632433606584,0.15769926165072262,2.687363224521772,0.2818779200216144,2.748024067462325,2.7328826872329124,2.815827087338408,2.686601229570398,2.7958289337957396,1.4851919504225044,7.944386155931578,0.8867727144708316,1.059803836925315,27.2364546010499,1.2029330510886984,4.120083743419525,2.7684982498876596,2.2137891745615,0.8344919269918861,2.455194813105597,1.0949433706973963,2.6605085694963573,5.77744978993816,6.980573557726645,4.968193714623904,1.9905723148204635,1.932577872977871,1.9754309345910508,1.904104341950692,0.12446433382367601,0.9594324350061898,0.10608513801850065,0.9750499894262302,0.13836777195477756
2025-12-23,9.488661255960006,0.686687567573603,0.09507543844542814,0.4639909054547766,2.7134453099981317,5.794098250767981,0.5695037523272006,5.812601070836595,0.79571117383387,5.775974764861467,1.1234462617504404,0.28864218688959054,0.8145934004566002,1.195369611509001,0.1132934773734064,0.8649777366174151,0.5672264804943247,14.769807057788334,0.23000284439812282,1.2951892968972387,0.4010817008991714,1.994496602602165,0.2999335858274178,0.5995824900532212,1.0877692322767667,1.0731568315221662,0.7370718313424023,0.2982256410017628,1.276686621612656,1.0166049851945007,1.4278394129190537,0.1439415511556499,4.7565234703949315,2.7201821109761957,0.4060157597070628,4.050289262278798,0.4079134802017914,3.861372162510971,113.02495678254579,28.120598565447384,7.04801193687583,0.2708985599872905,2.762026723008735,9.072397899691028,2.757282439869918,10.491507269872615,9.48856627763545,10.076287516901509,1.062339871757023,9.488471299310893,10.106081754005954,10.292627291340498,0.20931776701719693,0.10219186315365472,0.10219186315365472,0.1058923982105713,1.513900778553542,0.2943353302757726,0.8086156297628155,0.6214061852525812,0.5039377607965799,0.23095170464548714,0.8395483760976714,0.15836417624117674,0.15741531599381242,2.677863186456999,0.2811462108432166,2.739633845586186,2.729101386442618,2.8055792074749144,2.6787171226738185,2.792390250924394,1.4794572366348355,7.894202208019024,0.8807287189944417,1.0708795958852981,27.138531955712118,1.1978365866189347,4.075244237919869,2.7581363760867372,2.2117848572304357,0.8321472335918226,2.4435904618967346,1.1061770740208243,2.651864607518058,5.756143985657439,6.98424904947546,4.951703058654165,1.9959199744142293,1.9403169702359242,1.9868108870827255,1.9146977254590836,0.1262928211368887,0.9564475097424595,0.10570263159049961,0.970110995955684,0.13938703463690388
2025-12-24,9.46431951542684,0.6850274205320649,0.09473784051563351,0.46195344854524906,2.70442930153322,5.774938412604404,0.5662502539376745,5.784213260879532,0.789418925441126,5.7542115297593694,1.1367594227744802,0.2877153096586246,0.8084421556780742,1.1916525048467668,0.11290933470732331,0.8629566563049005,0.564735928155833,14.734999284630538,0.22969903897183108,1.2937724488760383,0.3984478371580645,2.0623699002660363,0.2981260647359455,0.6008896619199962,1.0802574237142575,1.0714556036766294,0.7371758412800344,0.29689571114171304,1.2693544871965503,1.0142911051386079,1.4192694180755934,0.1432898007128786,4.746261501366411,2.7166383545799913,0.4033692876385081,4.011073230726801,0.40441036856176726,3.8299263053921484,112.3992013001609,28.048740136404508,7.017035613384027,0.2720045407071566,2.7483438827222932,9.114329164596347,2.7493848192314974,10.467632119682236,9.46431951542684,10.053094462781564,1.0599091223146841,9.46431951542684,10.083002035937795,10.268881409858272,0.2087828834558242,0.10212000721042047,0.10193072551356873,0.10514858656707597,1.5100322075691635,0.2933939049782321,0.8095779000144553,0.6166004308714642,0.5027446425504899,0.22998295700416949,0.8414726827759736,0.158054143128331,0.15691841684370675,2.669316757002857,0.28118492413848817,2.728752672006613,2.7180579447416835,2.7967064168086315,2.6695059394150458,2.785349117858875,1.4758660083419104,7.863335480365974,0.8744084742537237,1.076661008292925,27.051864933069517,1.1938292578993794,4.045712674812636,2.743800905376769,2.2039560393449507,0.8289797116968638,2.459208748229137,1.1049593034260836,2.6433843251274727,5.730172366146425,6.962805247410621,4.928449652038378,2.0701305671733774,2.010600060963527,2.0575430048881733,1.9802195317768225,0.12606473305720442,0.9484194499760804,0.10533787728980616,0.9714177492868488,0.13836835023243502
2025-12-26,9.4599376574177,0.6836628194406056,0.09516602421357204,0.4589915850701322,2.6912306331886766,5.754327670299345,0.5651310347031199,5.764828534803354,0.7873427618667449,5.7366378101424305,1.151073695063625,0.28682243586060185,0.8021000937993317,1.1873049109472187,0.11228833493102906,0.8617916798233005,0.5653201998063874,14.760381669558818,0.22760381672445734,1.3064043714266922,0.394948443855832,2.1538169773510667,0.2962822788272086,0.6004162446381907,1.0893009320393428,1.0813546264174985,0.736448760515761,0.2948633059908613,1.2747138397502602,1.014284374427236,1.4148140909903866,0.14255983061984884,4.736070323493372,2.7069340071562236,0.3997729478907691,3.967174298715235,0.4005297526495875,3.7957619903509605,113.28682059112194,27.90644206067898,7.014095373878122,0.27225428707450106,2.7382460642803723,9.031217504885122,2.7483681655406005,10.46703217011754,9.45974827579581,10.052691741039755,1.0597861960012949,9.459842966606756,10.082678704193667,10.268186086196907,0.2075489597394534,0.102639299796327,0.102639299796327,0.1049096599431264,1.5093179741912575,0.2931605313699571,0.8070191803859025,0.6141329880706207,0.49976352124732465,0.2294011919402138,0.8353041628205261,0.15769558297506334,0.15637121073356833,2.662567320547518,0.2797275536356468,2.716867015486059,2.7079747400021286,2.785545279113406,2.6567969549098063,2.774098949957431,1.4686406205656988,7.825749784936383,0.8711569041518364,1.0816384101588368,26.93293045241699,1.1922239975337894,4.008703147910557,2.7313405636773074,2.1970485289944186,0.8251821337331718,2.4588969130241347,1.113234323197198,2.633525822045573,5.710055674501585,6.951281878007935,4.910226067151583,2.163466057593815,2.0778544498768743,2.150695356196345,2.0797465339467944,0.1273294866913913,0.9404975704185538,0.1049096599431264,0.964052631369874,0.13811371092110233
2025-12-29,9.461538369139701,0.6805752701785958,0.09471094927506704,0.4558614845792013,2.6749929153250367,5.746522618846982,0.5643864275322065,5.754565353458522,0.7873971162901232,5.717854170917009,1.134544457016836,0.285268233688431,0.8056580710178721,1.182420297291164,0.11193111858932779,0.8541015861771823,0.5601286854285122,14.754376143896655,0.22679533837973784,1.2981360294090472,0.3929416101740645,2.1802440408343386,0.29548679669066447,0.600719099994955,1.0773961845641218,1.0694483752417152,0.7310057918084064,0.2935944809030704,1.2667234826645142,1.0145709467019925,1.403349487408636,0.14182987767166397,4.674803544065338,2.693632344038284,0.3969155148352678,3.9414325605470597,0.3971993522777588,3.7633645567224905,112.3961622729208,27.911722870984722,6.988173120350495,0.2725896439203556,2.7293025967932456,9.029520456900784,2.7278834095807905,10.47043235043228,9.46163307786924,10.05591880588277,1.0601760152498612,9.46163307786924,10.085816734819993,10.271453929608407,0.20758823478150834,0.10265872250420784,0.10246948551145856,0.10445642881874376,1.50960358644865,0.29293215142844786,0.8028195522198988,0.6109376449505556,0.49749268455913226,0.22849843522121557,0.8298798285975273,0.1566846387164574,0.15583309029571854,2.657204998939262,0.2789289388043933,2.697795485692237,2.6949568225212,2.7736776790281423,2.652001216244885,2.7725423292581786,1.4613492000022916,7.809632173470172,0.8713217554914432,1.0726653680251872,26.892516033032926,1.187340314729582,3.973412926549638,2.7348849256596535,2.1861103515163007,0.8201343580771671,2.4590783791889903,1.10511877236974,2.6234268995521988,5.70186398791572,6.928753787425194,4.890244825299815,2.1398429715404426,2.114769557260251,2.1638754560340825,2.065001419244962,0.12583972174032418,0.9358501623815818,0.10464566581149304,0.9571388368067876,0.13823445601927567
2025-12-30,9.466016567913432,0.6803294466734384,0.09447178665502015,0.4556985932378686,2.7124196189409493,5.789095016647044,0.5665467481457884,5.785119411666391,0.8007383220171396,5.76770151261803,1.1193676637637258,0.2854979160110953,0.8060393934672369,1.1826959716149779,0.11160545211901768,0.8549791716662648,0.568345332407491,14.753124001621071,0.22586142190790953,1.2712987793615846,0.394074224423658,2.137447965276011,0.29619463191525314,0.6010034236886292,1.0571753152705015,1.052347578274757,0.7236841816380366,0.29401741258938263,1.2452669732275445,1.0151457578925551,1.4029724225091555,0.14113971835869094,4.709106410646565,2.6938658327552596,0.3945475227676617,3.9204846995655944,0.39530479289599774,3.74290035873234,110.05348168011643,27.924933644778257,6.996592153703024,0.27196137393256653,2.726429278811737,8.96582756923573,2.725104173445783,10.476713458591679,9.46611132146914,10.062002566943155,1.0606778024588963,9.46611132146914,10.092010555823434,10.27783036728512,0.20730783432913927,0.1048845127196711,0.10469519518758708,0.1044112053480802,1.5103180902286806,0.2933547876857077,0.7969519352651103,0.6112268051384345,0.4979174410651372,0.2285119215226092,0.8243089912065003,0.15666413514824448,0.15571753846023714,2.653350887854683,0.27887163086399713,2.7054145001227634,2.706455922587177,2.7765998421451985,2.65240450782877,2.771866786484464,1.4619462555983174,7.966679057042195,0.8887731861950817,1.051684953371082,26.864823930329422,1.1892275393167169,3.9459485621309693,2.7362741154732464,2.1716206329241707,0.8220370724904451,2.45655064147695,1.0851949961155665,2.625047307445984,5.737883608614753,6.942446274271701,4.881862653380585,2.193676689636161,2.103369906742164,2.1617757962626607,2.065600215011995,0.12362741783052536,0.9331692714033953,0.10469519518758708,0.9578758277300856,0.13905717134024329
2025-12-31,9.47947663507797,0.6937150469729433,0.09621764734600696,0.4571997302325939,2.7484121023393806,5.831642740314544,0.5723765387061829,5.83344388204747,0.8103138056397156,5.816001794453266,1.114228845535381,0.28808417280925624,0.8102189896739324,1.1896862261825767,0.11252251289751714,0.8697506872689355,0.5671627816006701,14.809745277247844,0.22987960944165325,1.2617310276188798,0.39444497687317814,2.1641862077140757,0.29955446375457134,0.6026163588475137,1.0492937950649943,1.0437956262238275,0.7331500269019872,0.29775334010249416,1.236230957077537,1.0167788618469094,1.417195942743388,0.1428571399642072,4.68451998699151,2.713716835848629,0.39387618956356574,3.918570434327306,0.395013728021095,3.7316332723147636,109.80471897513983,28.100673882743628,7.061143282612688,0.27244288341187,2.751066370794181,9.03403166176889,2.7471797117543724,10.493127727228293,9.47947663507797,10.077637366767584,1.0624703936966033,9.479571523367145,10.107782913368567,10.29377206037006,0.20836097774420637,0.10636079502349804,0.10645558386800956,0.10550763213992718,1.5124656654825843,0.295952216450417,0.8047208208327656,0.6181628503599645,0.49502323652197483,0.23016400309645946,0.8324959682891669,0.15887762090133506,0.15726609301912875,2.677125828629343,0.2841975499311435,2.730400974303696,2.7208265144911543,2.7994122434220663,2.6731442813003605,2.8144847274289924,1.4717034790027492,8.086074509432175,0.8989477849185201,1.0464498946786278,27.073656270736564,1.2002085563593854,3.9436912410055163,2.7650962407944473,2.1945208076594938,0.8287041252151419,2.461939439331483,1.0766897509816542,2.6478339873373664,5.780832375810207,7.0029385745983035,4.894682214953728,2.1467438308263076,2.0883496355271385,2.1247511554616403,2.0421840238485283,0.12313963191883746,0.9291875688981553,0.10541283425499177,0.9666319198094903,0.14333112034846035
2026-01-01,9.480470231323473,0.6914106968636308,0.09660598767902256,0.4569586723828162,2.7758815680031166,5.833238320319906,0.5721463639943221,5.8551381834085845,0.8150360373597186,5.812476067367629,1.11281756971386,0.28801667767127986,0.8109594322670396,1.1879977015414651,0.11310201275289894,0.8716344562135594,0.5678801813223257,14.830488683058991,0.22791051304064602,1.266116828325349,0.3923018682984,2.1391732972094086,0.30034129982153757,0.6027683146668059,1.0564088007695844,1.0477815381405613,0.7325559029490558,0.2992036354374515,1.2380545727900134,1.01697000988876,1.4104095968189319,0.14230186034207276,4.713784522706467,2.7141639035354745,0.39656808713552033,3.9483314488121266,0.39789534718148584,3.7601440568561575,109.88765827941316,28.084849190160455,7.089116512757157,0.2724687122783292,2.754645407267669,9.027303869994608,2.752938992063069,10.495543669786333,9.480470231323473,10.080015076169653,1.0626658735105292,9.480470231323473,10.110163480710206,10.296170260357414,0.2086651519613371,0.10712931542221144,0.10722412229443211,0.10580204633496501,1.5126090543397592,0.29673871100739996,0.8045127096165298,0.6200227675946047,0.49677665458739956,0.2307546468770183,0.8384528104039273,0.15851345575800618,0.15756542320092337,2.683352375283673,0.28175956876521135,2.733503854496261,2.7181455390128755,2.7998671461155253,2.6734926052332195,2.8181646735459327,1.466154663409977,8.099829305244477,0.9032043671128783,1.0464542780945958,27.095373715692546,1.1917899041000442,3.971653324571305,2.7775882725287078,2.1958664686877842,0.8282138851948384,2.45695869986831,1.080773606370876,2.6477057146311798,5.78706847658472,7.0331815069355565,4.906333139279958,2.121255214258627,2.0977436885898837,2.134148659559647,2.0378270472908815,0.12286689455960345,0.937334117809841,0.10570723946274434,0.9600871885008191,0.1425862719174538
2026-01-02,9.470593806231651,0.6962780248419964,0.09858888007777356,0.4588502771374131,2.804148085404779,5.870915552083827,0.5759068223628281,5.887773486517721,0.8286769580452694,5.844114187800395,1.1253906793356823,0.28980017408343334,0.8112511001241536,1.1935789258385914,0.11393124096004538,0.8971493830564787,0.5739179702066587,14.804336977045647,0.22966189980111754,1.2775830466567324,0.3946396265644977,2.196041338032129,0.3040060467290567,0.6022350615833686,1.0692300551745326,1.0590017965226273,0.7385169368020986,0.30334310805281633,1.2527701371275393,1.0162893982251515,1.413864885748014,0.14291126198113355,4.805095133224619,2.7310350896598874,0.39719669122747403,3.9589923172582333,0.39909081721421,3.7692963348801967,111.63841642792877,28.236196239582345,7.158442895648854,0.2719007395063231,2.7680651461246035,9.08087863988955,2.7685385602070802,10.488872237250213,9.470593806231651,10.073681728486953,1.0620323836504255,9.470593806231651,10.103797569386897,10.289420976773368,0.2093001267304643,0.10872241256024555,0.10872241256024555,0.10673359653152449,1.5110332706862184,0.29860782921342466,0.8096410442633728,0.6251539173807222,0.5005208682083634,0.23202954825267544,0.8494175816024836,0.15948480114203892,0.1584430300429617,2.688322619107515,0.2826972287287596,2.7391799506234316,2.7367175037475433,2.817975071436393,2.692584501928154,2.8195851995520704,1.4726773368690216,8.229756420766645,0.9205416890637578,1.057391812916743,27.204185909976086,1.1935789258385914,3.9868358861701214,2.7881427587506806,2.2019130599488586,0.8310446064968273,2.4606497520998083,1.094137690873159,2.663225603324918,5.822805351736374,7.089875888978004,4.935031980826487,2.1875177169006443,2.1355242493907003,2.1868548504793006,2.1012406015454825,0.12415948154822659,0.9388199379999808,0.10635476410868763,0.9608864389096756,0.14490008704171667
2026-01-05,9.48316737790422,0.6974869895851855,0.09900426344602466,0.46088192009598,2.8158368200643076,5.872166625918681,0.5759127505190738,5.884495206555239,0.8324324208563003,5.8532002911628735,1.1334281331727492,0.2893314388703825,0.8142247568549223,1.1997155252368938,0.11408250102390888,0.8999525986332755,0.5729729556087749,14.809483491509601,0.2314841142476255,1.2935039724654753,0.39706020798373415,2.2431483479007377,0.3044096583605604,0.6019914608083103,1.0825984225899419,1.0708392429487463,0.7522048335213297,0.3041251749153553,1.265813141086193,1.017828372034658,1.4159316980426149,0.1429113294909836,4.834044570886676,2.733428072398056,0.39165480547236176,3.9053580590253083,0.3936462619396226,3.7297296139684093,112.3565670934092,28.209102914592222,7.170412471476411,0.2717875756037184,2.7669985659487613,9.075201332088668,2.769084874348032,10.50403057765825,9.483072453621384,10.08819391965979,1.0634423839701133,9.48316737790422,10.118444667940967,10.304504365590919,0.20929350113631312,0.10962541886786817,0.10953058502356437,0.10687530069003008,1.5130393840849483,0.3005215792703425,0.8272167222089483,0.6243717054328176,0.50004741149584,0.23224276691434959,0.8679942985234412,0.15998104162383497,0.15855855204698427,2.693693577932373,0.2828828821593746,2.745282031620436,2.728496929546734,2.810905677212986,2.6877194255830665,2.819345545689604,1.4766240560821924,8.279469012083629,0.9225225109463905,1.0711237263939515,27.207586904338548,1.1980085522148383,3.9280226785687824,2.7883356925490457,2.211095340560544,0.8294926621214141,2.457562768103218,1.1039355491902263,2.6584161837104374,5.824087476662518,7.106496015958393,4.928876244665719,2.2322427632968083,2.1648174374518434,2.2228543755000887,2.1388335067437914,0.12565196775723092,0.9317211948790896,0.10611663897945282,0.9575154217231211,0.1450924626907052
2026-01-06,9.474182851729038,0.6984367713946293,0.09843676308216726,0.46167692602781935,2.8085267876968856,5.873330105881395,0.576219798150869,5.880435743020192,0.8366650645058622,5.848318124370855,1.139744225975915,0.2882993870694058,0.8134533454320375,1.18777833014289,0.11340597126507636,0.8988157531651543,0.5739460145054921,14.796874074786832,0.23287541377267698,1.2970155745758822,0.39677878794993116,2.2912363461666567,0.30251066134699933,0.6014211230908226,1.0837517706267024,1.0719090420620412,0.7468498515495471,0.30194221543565514,1.2651823144114904,1.016958752609101,1.4398862693277032,0.14504974343549693,4.88394126006632,2.717953622764685,0.39431548016944357,3.9244908667582012,0.39450496816341485,3.7390810389588762,112.46755277415917,28.182377094682614,7.198957608583018,0.27200378099926725,2.7694932006084203,9.066603320405022,2.7741354576844506,10.495500225752014,9.474088017379204,10.07986787030732,1.0627190731306992,9.474182851729038,10.110184792826267,10.295973379766698,0.21051633646001414,0.10980578069718513,0.10971103670019948,0.10648981308496602,1.5116059029062796,0.30052107355144003,0.8236854802596518,0.6239696883974568,0.5009000372513952,0.23173850387941883,0.866413992877709,0.15963998466574825,0.1580293728581315,2.6809095331189305,0.2818569398389389,2.734817656675598,2.7261961155850307,2.8045475036823486,2.677972559565224,2.8274751534003437,1.4841306858975307,8.318332543818096,0.9265751118120115,1.0756987296591884,27.172240921808385,1.1944102292261887,3.953481843154163,2.7908101120248108,2.2035054650028867,0.8265276917458032,2.4523922889958847,1.1052582061782035,2.652581818913578,5.832401566570938,7.128469665035825,4.940123094986085,2.286878303011014,2.2180009532008675,2.2824254255055365,2.194694399777209,0.12591188973806752,0.9276172777082841,0.1060161021353226,0.9519659247459364,0.14486025544152561
2026-01-07,9.508414947228298,0.703527601633256,0.09888751182400184,0.4651516418079805,2.7931920677533992,5.885423321319055,0.5775411398542055,5.900161828765333,0.8380716876452262,5.865741413084173,1.1426262067979966,0.28915089709434355,0.8058381667775981,1.1946372481662872,0.11391080671518805,0.897974730830144,0.574308277321279,14.877721226644956,0.23390701132898856,1.2978986402966626,0.4003042547696215,2.3307026254367926,0.3046496236144085,0.6048302805966679,1.0819625455503217,1.0735951665124026,0.7566796789108556,0.30341351951518597,1.2715602902685088,1.020728330076268,1.4534563146367934,0.14728534535626284,4.85994100139952,2.725967504434784,0.40315680827116956,4.001806552412166,0.4034420491126346,3.8169629426241443,113.0151165226538,28.487496712911238,7.234382683802118,0.2733669297328135,2.7661882041241266,9.085290482076637,2.7792146861740217,10.534847876503518,9.508414947228298,10.117618582191334,1.0666539916818083,9.508414947228298,10.148520930769825,10.334410907266212,0.2115622325758296,0.11010744436346918,0.11010744436346918,0.10735000439149023,1.5170676338476543,0.3021774335518257,0.832651894027044,0.6291717996476687,0.5021394064209472,0.2321954937367495,0.863459138143898,0.160311881813745,0.15888560506297097,2.6814681921234667,0.28306551733159335,2.7410858493800214,2.7327183977986533,2.811828479801304,2.6843206005381166,2.8314157913786904,1.4912997655024305,8.311970931921234,0.9282114932640679,1.0763525430088636,27.1845583341257,1.1984406286538685,4.030331797253851,2.7986116437412343,2.2289626145188297,0.8284681682363598,2.458971050219288,1.1069696507458906,2.658362523269617,5.840734235345155,7.159361150585065,4.970809444678853,2.3232860733849066,2.2572976504372386,2.3132071767547484,2.2283921328358995,0.12598649805077494,0.9403822527895683,0.10630408201175032,0.95749735616851,0.14462299171005963
2026-01-08,9.531071292413268,0.6915745097082896,0.0967403699821795,0.4580632994023162,2.7741135871005884,5.876477292781107,0.5766298131910027,5.887819290888296,0.8212923958153384,5.854269733785265,1.1362943311161182,0.2871711700416184,0.8075677026013496,1.1897636468838608,0.11294319845091237,0.8824818560607188,0.5718642775447961,14.910503566333277,0.2310331659466085,1.2924133254242816,0.39506291234216023,2.2256004051356837,0.30127716937048765,0.6064620765165386,1.0768204666120242,1.0702440041510421,0.7544796384112598,0.29975219941802755,1.2617232642281024,1.0233511508442816,1.4350934743063166,0.14477696893236086,4.790030569235786,2.7071101675495317,0.3953488328463241,3.9334732387250404,0.3967785080834468,3.76038894915099,112.03630965854937,28.35951182299609,7.098551556394157,0.27373236097364173,2.7542890867930625,8.997617511407501,2.7457108899377203,10.56128446264118,9.531071292413268,10.143156411581442,1.0693861699222473,9.531071292413268,10.174036989491993,10.360369898643013,0.21054136630373513,0.10646206706341922,0.10646206706341922,0.10560426919277596,1.5206824537910582,0.30127716937048765,0.8272970172679929,0.6186618724943707,0.4946626146195092,0.23027068097037848,0.850838702278559,0.15812047419546216,0.156881424747166,2.671749974496938,0.28069005683320103,2.7204536091858675,2.7132101927919785,2.7919366438789672,2.665745353044284,2.8332063454596357,1.4774113086812422,8.16364877332134,0.9111704010114478,1.0716736793881647,26.9940904565681,1.1907167394698417,3.9550132620575496,2.786599267224433,2.2097789373190584,0.8227220710524611,2.466450617416097,1.1030309126661608,2.6390584697716117,5.8301564259152805,7.033739806221407,4.917937383095453,2.222073955295925,2.1524018474176008,2.2203584322709413,2.130480354358529,0.12542889675383254,0.9283263584243129,0.10531833959907418,0.9481510041644452,0.14134578653932572
2026-01-09,9.532075205086503,0.6843008380090301,0.09598703359855323,0.45124392481734715,2.7438755633548997,5.83195135916351,0.5721094314914086,5.842531717104245,0.8227051525935921,5.809360613598859,1.1501287166343472,0.28519683610994134,0.8043084286857113,1.1772948444974785,0.11152416175069238,0.8818034709391904,0.568868556907595,14.914212414584526,0.2280049573567243,1.3044514927415463,0.3911924593987927,2.296444554083932,0.2971118108501949,0.60661518815793,1.0934133932367998,1.0829282300100236,0.7528357959864036,0.2959679652755748,1.2765227163182282,1.0238299843876597,1.419121198006029,0.14355161967035268,4.787341437750214,2.687065045243393,0.3974835646071819,3.9485272160363647,0.3977695123652305,3.765132017920122,113.50681536555143,28.078543234230533,7.028119410201303,0.27385377506659353,2.728338680643677,8.950719850645791,2.7189972357258605,10.56667666407516,9.53197979220284,10.148317931366767,1.069964731674769,9.531884379319179,10.179392278575088,10.36564637248594,0.2092269637111758,0.10628157104689995,0.10609093617806614,0.10475645573461219,1.520827404935257,0.29625393121443194,0.8263273514574994,0.6138595131625099,0.48994377586387294,0.228481549074011,0.8346201273338457,0.15537126334058285,0.15527595954177242,2.649032538958244,0.2785244429830759,2.698598659341936,2.6927842912973023,2.769897972909071,2.645314927210675,2.8004955465920194,1.4692593593522871,8.178915144342472,0.9112572535899447,1.082737549689168,26.76313002290654,1.1811076509590066,3.9773139811802976,2.770946641950541,2.1983605460186113,0.8168906391024897,2.467353027390293,1.1157182637666363,2.619769291181876,5.786292803615897,6.966066128668323,4.903631707572265,2.2864359462128254,2.2299113758593676,2.2753789601931866,2.1958821381868985,0.12677533305437866,0.9253646156806281,0.10447049888615931,0.942236187914604,0.14078734589423003
2026-01-12,9.513747409707687,0.6846161077392509,0.09628008643857941,0.449338783581356,2.7347541833035036,5.837503730281075,0.5723527718334327,5.847207454913305,0.8257064115262805,5.823422848310698,1.1780991516606858,0.2855104198352377,0.8009704351765412,1.1758157771657372,0.11083626313890471,0.8862144565301009,0.5713062433361292,14.884406811911331,0.22776139790750277,1.3395490728927582,0.3912091992377963,2.4155645884928587,0.29559508795380285,0.6043192889141249,1.1228236765585236,1.1108362870919082,0.7541622742181182,0.2954048067458905,1.3080582769780618,1.0219769590804426,1.4115687861971982,0.14232708627292334,4.943297753358089,2.684806509438029,0.39558559443492236,3.935400950399433,0.39663208663979627,3.7454095012442323,116.72580919691276,27.82941587235991,7.02758998106894,0.27437922321936914,2.740747660282234,8.946722620573091,2.7366567776280504,10.547996871580963,9.513747409707687,10.130244877390354,1.068023995207216,9.513747409707687,10.161260097308771,10.34706456145645,0.20901911629107117,0.10817238973988282,0.10817238973988282,0.10436685631270867,1.5179336224123092,0.2954999473498467,0.8263723776077592,0.6121206006839561,0.48796499776926405,0.2276662573035466,0.8223765811188873,0.15393397683546553,0.15498050533276894,2.6479876945320675,0.2779944754386309,2.695937542737965,2.697649964731888,2.776805205186828,2.6497953478610206,2.798591986129858,1.4755970516936125,8.205403583894254,0.9164684790320111,1.1103605659259124,26.87793637692061,1.1835220390626857,3.9505279253579584,2.762534441225264,2.200646918072436,0.8180002222141908,2.4735038553360766,1.1478451291587757,2.6252497615964825,5.788602439743186,6.970221811896466,4.915231801431239,2.420131337482756,2.365236424796419,2.40947573500938,2.3151936647656326,0.12995908902494635,0.9186566221919299,0.10474740965542609,0.9413947002972333,0.14204167353416214
2026-01-13,9.512842372853642,0.681697142904389,0.09655631296166546,0.44996194099182407,2.731830416930502,5.846366127513496,0.5745814452614051,5.862823323753507,0.8314307603298983,5.824676351097257,1.1777967804280227,0.2850076016407216,0.7934741596471592,1.1705670001118513,0.11044520221344412,0.8885083859006745,0.5716324215428833,14.869672522697273,0.2275494680012742,1.3394216424253977,0.39174277307054584,2.47802502125547,0.2947108023424308,0.603976423881914,1.1188165963694021,1.1070205740732688,0.7422945089354726,0.2931887337787692,1.3134513634343488,1.0220700384456454,1.4095319460516107,0.1421232836794454,5.0610732451602924,2.6892123519920683,0.39773593391639095,3.9631847921571772,0.3988774762668929,3.771023626922654,118.59588855296327,27.85654517976479,7.011605760641112,0.27340182430667964,2.725456621004566,8.944919882299693,2.719844022660858,10.548420620109756,9.512937595129376,10.13051792185419,1.0681126215686536,9.512937595129376,10.161719474618293,10.34741220227478,0.20928462709284626,0.1085426165088671,0.1085426165088671,0.10407153329892789,1.5177892223340734,0.29547183662426163,0.8166856780262661,0.6106354874562999,0.48858448069208105,0.22773973110785403,0.8160197752977252,0.154965762134012,0.15468036747414227,2.6398401826484017,0.2780631615509544,2.6972984070102917,2.6906392345689745,2.769501568519906,2.644691873721699,2.797279183723066,1.4819254069567815,8.295567249780014,0.9227549467275494,1.1101597883204164,26.76170035584332,1.1765601246687194,3.9843987475065696,2.772165179434069,2.1973935073550614,0.8149733463560246,2.467941330629578,1.1427891671748285,2.6183408507836283,5.798706217262117,6.928653223510928,4.91419346546655,2.475551854892771,2.411624757485121,2.4612824485000773,2.3735730071046035,0.1299467260979082,0.924277051580188,0.1044520504398433,0.9363584503917026,0.1425038008203608
2026-01-14,9.513842641042718,0.68613835740255,0.09865854709884009,0.45295405394683247,2.713918844692465,5.8463515342557795,0.5739701439544733,5.855484451556703,0.8499666667100241,5.82817976963122,1.1917039495407713,0.2847493131498029,0.7940252981112421,1.1702026448482543,0.1104557097961873,0.8995338507445325,0.570830558462563,14.84587528467201,0.22947389248628483,1.3566740186805788,0.3931119750244907,2.6242030879294607,0.293121486689586,0.6040338852484711,1.1403291847621688,1.1227285903932116,0.745504715158896,0.2913138696530625,1.3314622485799847,1.0223575214962672,1.4076682210433564,0.14194653293020593,5.135287028172867,2.681476606445777,0.3940633447716232,3.929217010750642,0.3947293471455313,3.7412233872550185,118.27228246004186,27.853962329642755,7.052706665004222,0.2756160147783702,2.7152506316857044,8.903053827352,2.71258676735979,10.552278797584078,9.513842641042718,10.134049485360574,1.0684996437883527,9.513747409707687,10.165445630619113,10.351156024789507,0.20806774654393873,0.11150223829349071,0.11150223829349071,0.1044619878435575,1.5179336224123092,0.29588050976567143,0.8183807120451566,0.6110741447715117,0.4889163675163965,0.22700029122206794,0.808771783238802,0.15564647141424756,0.1550756277905104,2.6479876945320675,0.27761393116902083,2.6922272950844652,2.681571547441371,2.7652935368862086,2.63600045023517,2.8121967114250843,1.473123359698322,8.473598831172403,0.9478641161965367,1.1207306921487756,26.67824091279374,1.174388758837468,3.9557607130141936,2.7731898985289223,2.1925602389293806,0.8132433008936695,2.465797666023987,1.1607839609573825,2.613357458295179,5.799828704378151,6.96622557989844,4.904100187452431,2.6193512256133458,2.5381981594988288,2.61183520863188,2.500332961265282,0.1319569963424896,0.9199885543548871,0.10427171570875247,0.9332127898191478,0.14499095967194525
2026-01-15,9.521995810321844,0.686726363993354,0.09874309546333158,0.453342226341188,2.7162446178406494,5.851361738389117,0.5744620246720119,5.860502482414065,0.8506950708235634,5.833174400932561,1.1927252155420918,0.2849933375088153,0.7947057616118135,1.1712054846695867,0.11055036808871878,0.9003047329247554,0.5713197486193107,14.85859789727552,0.22967054693613978,1.3578366606695451,0.3934488639766161,2.626451976502244,0.2933726858307216,0.6045515299796876,1.1413064236369412,1.1236907459172583,0.7461435975085847,0.29156351970323174,1.332603284595717,1.0232336610595378,1.4088745640246352,0.14206817821647252,5.139687864513903,2.683774577256862,0.3944010490282357,3.9325842696629216,0.3950676221526071,3.7444295394627214,118.37363939606742,27.87783260777709,7.058750690902626,0.2758522120867882,2.717577546148204,8.91068356306388,2.714911398944844,10.561321885489074,9.521995810321844,10.142734159267283,1.0694153262101862,9.5219004973755,10.174157210382546,10.36002675457651,0.20824605636291563,0.1115977934396192,0.1115977934396192,0.10455150963851008,1.5192344605956754,0.2961340733333625,0.8190820476391774,0.6115978228616796,0.48933535888067453,0.22719482584604422,0.8094648841766375,0.1557798572686304,0.15520852444353977,2.6502569660280484,0.27785184065107393,2.694534479016646,2.683869599614954,2.767663337098737,2.6382594489070534,2.8146067067024436,1.474385796399644,8.480860532703593,0.9486764164294227,1.1216911355147383,26.701103621631596,1.1753951860731884,3.95915071933843,2.775566465762474,2.1944392183761874,0.8139402338310189,2.467910804378035,1.1617787291585457,2.6155970523843672,5.8047990393942825,6.9721954932691395,4.90830290138188,2.6215959562389903,2.540373343600475,2.614073498184126,2.5024756956636236,0.13207008079945803,0.9207769657992972,0.10436107444436273,0.9340125341638795,0.14511521396989302
2026-01-16,9.51655881233346,0.6850019352582184,0.0973543922938364,0.4550818395015628,2.696611965660092,5.899504976305256,0.5784164329967346,5.90692817098431,0.859916260090898,5.869813359278347,1.1977540979287358,0.28492577592365453,0.797868255975358,1.1623524875299622,0.10991625609759101,0.8930338440986927,0.5767034495062914,14.850399509599828,0.2308717189653772,1.3518272083342007,0.3929387220739184,2.6990863638864435,0.29187285950032305,0.6030643217727899,1.1307575151772384,1.1208602852997418,0.742006102214533,0.2914921884351599,1.3218499609486523,1.0231252582435333,1.3966501190220397,0.14065473670509318,5.087266914010456,2.682717871112337,0.40740389582500014,4.044156751570975,0.4096878496103973,3.878187942650094,117.93157594213932,27.930814338628903,7.048819969941057,0.2730300774082377,2.718214740034379,8.913685043909997,2.718214740034379,10.55938290878081,9.51655881233346,10.14103535513121,1.069185368044548,9.51655881233346,10.1725357224109,10.358297974608632,0.20841263435982368,0.11096307429969651,0.11086790653340572,0.10449181140308648,1.5183669875500363,0.2970117918202575,0.8141416354373603,0.6124857309702281,0.49076893504781327,0.2280167404308399,0.8117624957342768,0.15521506914676803,0.1550247517655819,2.6447468943862713,0.2782641774944629,2.6987056202156987,2.689950548744855,2.769699358059782,2.638751415866929,2.824800024479117,1.4887704838352327,8.566520583461708,0.9561286754920358,1.1210506571351144,26.79120642085197,1.1667300958709659,4.09278651812161,2.7747431226134256,2.1974686302065987,0.8146174198146279,2.4610771350548393,1.1568328659934692,2.6182908725048772,5.851732246041706,6.981633087959769,4.965264560334983,2.6803387314092535,2.601256150912549,2.6621620692270174,2.5641416296289137,0.13142368119163209,0.9298629528404326,0.10439665271249342,0.9386181695224398,0.14588884586701614
2026-01-19,9.474088017379204,0.6806252613727203,0.09663666328057922,0.4502131734511006,2.686404431956123,5.847654862180247,0.5739460145054921,5.861582211666568,0.8554239783564883,5.8265276194635245,1.2038844120779177,0.2823306417532975,0.7943154555934687,1.16030318541642,0.10895310279488395,0.8833727888561775,0.5718616827129471,14.732828506187825,0.22927523224007063,1.3690194220748462,0.39137850661573675,2.7823779505047965,0.289152064971707,0.6008526591089087,1.161724327300635,1.1473235288879309,0.733680743168226,0.2871624771761476,1.3610611431748876,1.0186641084137036,1.375746155507979,0.13879677516371647,5.178682949801634,2.6612979052248638,0.40511604283783237,4.0234959040813,0.4060634828076889,3.8190431653577988,119.31075319753671,27.681667918788488,6.997915726033278,0.2733301788864967,2.706300273770577,8.87058245407242,2.700142112742776,10.513879585356467,9.474182851729038,10.097205208580057,1.0646139530704124,9.474182851729038,10.128658986780554,10.313310718039437,0.2062529650190779,0.11037422660852936,0.11037422660852936,0.10364755642239035,1.5116059029062796,0.2966366600278767,0.8076740881099005,0.6083372722356482,0.48820463078443277,0.2257697766338802,0.7923258858684791,0.15234485953298016,0.15357649535265425,2.6238750564380036,0.2762671705107732,2.6767408695338406,2.666698258841337,2.74400762560694,2.619327344582692,2.8065372902541745,1.4774040970289555,8.502131922444931,0.9484604510691763,1.1388915119324743,26.554429828132402,1.1637138970256247,4.059213758474953,2.7572714237735374,2.2006631812344564,0.8073898741895132,2.4493604810923437,1.1796305271078207,2.593936603931046,5.800852954020606,6.9203221453472885,4.940028260636251,2.789104828502487,2.7046898245980873,2.7737564094142293,2.6807201535483776,0.13396494877615114,0.9210800684102618,0.10364755642239035,0.9310279170352099,0.14467077648283916
2026-01-20,9.425959091337543,0.6625506731598392,0.09407106741668704,0.43915543550370334,2.60985959923473,5.770289215855936,0.5682910822464637,5.784333802851647,0.8392874061224181,5.768310132648282,1.2464888820168165,0.2775002406829825,0.7902723756988465,1.128381554194294,0.10557074002512147,0.8645489793637772,0.565746068976941,14.632104310387996,0.22348948142588987,1.4091808841549627,0.3809030054426629,2.9667262723571968,0.2800452359739151,0.5973230175500496,1.1966254778795569,1.1863512169888921,0.7110943768630997,0.2795739452107843,1.3875955011204373,1.0135733695852283,1.3442360317687958,0.1354510310638051,5.166745354401334,2.6168347169119377,0.3940993625534076,3.927985684048479,0.3956075145697344,3.7758505662387183,121.32340649743142,27.188424185832783,6.811575215839735,0.2698652008744142,2.6598170673558417,8.717598035497572,2.655198439451468,10.461683522318904,9.425959091337543,10.046941322300052,1.0592892567953431,9.425959091337543,10.078423703488783,10.262229905769864,0.2016212592105612,0.10773871529056255,0.10755019179387415,0.1006692459720594,1.5039118017886492,0.2899425038069737,0.7810349760613777,0.5896880136986616,0.4755396433494151,0.22075596263826888,0.7501178417480883,0.1477990414287471,0.1495899697008114,2.5760204406157214,0.27109058562429855,2.628994284683847,2.6172118358196754,2.6984635571618143,2.5708359905210196,2.765670691508242,1.452446001865309,8.352719527273424,0.9289282972170592,1.1694787415856747,26.084268350427703,1.13460272171347,3.957394630388261,2.717032708078047,2.1453483467199135,0.7946083801654992,2.435290652762395,1.2205674945156382,2.54962758256551,5.721651520083184,6.7487980061150905,4.838062206911585,2.912150176331711,2.804788364205804,2.9104532850756137,2.8053538987386886,0.14497125190348684,0.8994249992359818,0.10151758372856698,0.9164860340930681,0.14120086287337474
2026-01-21,9.338718623780117,0.6533432861829721,0.09264101677525163,0.4295853567426223,2.5717221225514804,5.660814093617214,0.5561262536146857,5.6800520237497665,0.8243369129909078,5.647366181388915,1.3644005052625665,0.27362718749589604,0.7645685725306502,1.1178557802413354,0.10412775138709632,0.8546880523259844,0.5515502556340215,14.481416174311846,0.21890176068413914,1.5035487485991783,0.37373926464105034,3.0549121695665624,0.27596189052167114,0.5919872935155812,1.2858610612757402,1.2604594809553897,0.696301807607338,0.27409413878847333,1.4425663169658491,1.00438927018825,1.320974943483771,0.1341053385942963,5.065091474758942,2.5815277612605647,0.38961525234126937,3.8849458348898023,0.3908292722648589,3.696208522085561,130.9889783777316,26.683601319544966,6.715446646016705,0.2675569631913548,2.619630274240054,8.592267440778798,2.6214978656619174,10.366455351723012,9.338718623780117,9.955360660545853,1.049589086567505,9.338718623780117,9.98655197377253,10.168565330462622,0.19863653770791626,0.10739633918565558,0.10739633918565558,0.09861785972746263,1.4900074995494752,0.2859544344343799,0.7646619093520542,0.5774187694345787,0.4680612526324689,0.21731416191411723,0.7372991870399905,0.14531192024296508,0.1473664524931938,2.5445461451317066,0.2663429254553948,2.5942286939197037,2.5839559436067074,2.6610946227776546,2.538102341980733,2.723571298547231,1.4318267400468692,8.16912588718715,0.9134291890044243,1.2457041407326153,25.72282314478661,1.1230855634687194,3.8997010326136126,2.6768772380317287,2.104968191039264,0.7847403696236167,2.4093200432795574,1.294265935168945,2.5153156176493336,5.616268347482607,6.651381961792585,4.797254412041522,3.1099179096528298,2.845442682493521,2.9969182262057283,2.9013820757917563,0.1498879271298146,0.887840863791784,0.10020544959129929,0.9039036320090339,0.13952184890159974
2026-01-22,9.323046711116678,0.6584001747770094,0.09351109204709296,0.43315307742376147,2.5969605425411966,5.696158593167303,0.5587357850566453,5.7062277437345585,0.8420660049862411,5.671732011802512,1.2295357531494733,0.2746596968531853,0.7681335016748875,1.119336169668038,0.10367331610627523,0.8708745446775067,0.5541674307916183,14.46671593484873,0.21937349139143675,1.40220020414399,0.37646840451347413,2.6751818239922267,0.2783889670925933,0.5932314102938209,1.167909720707313,1.1592391976309027,0.7133134638843042,0.27745664953274135,1.3589408400786493,1.0027969192484967,1.3354466296211454,0.1347193717067419,5.029461327360211,2.5843745311116093,0.39250418118703234,3.901920464419838,0.3937161993495835,3.7152713033749767,121.82221136141152,26.874791048765847,6.7823044070774285,0.26766734182801283,2.63061722601258,8.60013063776833,2.628939129091256,10.350456287583908,9.323046711116678,9.939959296845865,1.0479209539984982,9.323140033563304,9.971284910789203,10.152806174103812,0.20044751072161102,0.10833488612305689,0.10814842794583,0.09957113840365263,1.4875070208069905,0.28855119115177563,0.7838896310931819,0.584281168832233,0.47137797290034505,0.21918702432297069,0.7309341928573457,0.14618683857146914,0.1483311565113939,2.548014057364989,0.26841321010187713,2.598825284355771,2.59239229497104,2.672105028450144,2.5495057939127177,2.7244079919886546,1.4371619792698525,8.386723825830632,0.934271854227789,1.1586798319904612,25.788085300175972,1.1238113081813104,3.9255079973239675,2.6806824424696707,2.190471722433733,0.7868730330587256,2.4193548387096775,1.1992355480403925,2.5253588953681474,5.648238085864663,6.701659587210691,4.829293214939166,2.678165297087684,2.605164951293877,2.6915906414975876,2.575703794645458,0.1356516892665939,0.8921312925732449,0.10068991414073152,0.9056498171699462,0.14115234330899454
2026-01-23,9.29368029739777,0.644981426820436,0.092286248189366,0.4249999957456908,2.5571560771048736,5.607341780538453,0.5513011124054296,5.619702534161536,0.8196096881171585,5.583457521346422,1.2607807031794551,0.27137547177453025,0.7607806748173938,1.1051115581980426,0.10157992848676377,0.8566914526503325,0.5486988932669827,14.467471665166125,0.21468401841514617,1.4340148982505374,0.37081785804720174,2.907713709267542,0.2734200750584939,0.5908922103257871,1.1949814296566421,1.184200726477187,0.6995352847868626,0.2723048256232393,1.4011151905839772,1.0001858991318033,1.3250000680689475,0.13373606267028582,5.092565259968924,2.560223150430559,0.3906133715548037,3.892286222663511,0.39144980419967257,3.7081784386617103,124.48792184595726,26.632527064213523,6.629182042685583,0.2665427537655742,2.6006504328277478,8.526301047172689,2.582063072232952,10.323234473019285,9.29368029739777,9.91403345724907,1.0452602343931519,9.29368029739777,9.945260086910432,10.126022849384293,0.19897769374918317,0.10715613134731591,0.10706320128033153,0.09758364312267659,1.4828067198118757,0.28559479128472426,0.766728624535316,0.5719330940104772,0.464219337945534,0.21598512798436956,0.703996282527881,0.1430297429676836,0.1456319709692746,2.5254645932562734,0.26421933369122474,2.5691450041022885,2.5634757116381564,2.638568807268675,2.518494333033225,2.702416345532499,1.4274163228428498,8.156319657222932,0.9079925366937007,1.19172858482843,25.512638588377094,1.1070632225518777,3.9118960355737395,2.653438752468634,2.10836431794007,0.7768587020250058,2.4061337722721596,1.2222118448590702,2.495538931353828,5.56756512383103,6.593029490190811,4.8102232071546815,2.8463753625805936,2.8096654955782414,2.8326208972576383,2.7205391355606703,0.13884757974333922,0.8749070575246137,0.09934943847939871,0.8954460824732444,0.13940520446096655
2026-01-27,9.171695773955562,0.6391818989397987,0.09171787581399615,0.4205264466121351,2.5023386826769296,5.604970974516761,0.5496652325522864,5.603962212235165,0.8230761979617494,5.5859853070470855,1.2835916440268016,0.26946711144425023,0.7522699866373146,1.076859613520218,0.09960560998511644,0.8567367115666273,0.5458130635745502,14.263138451357998,0.21361094116781934,1.4541869490209833,0.36824728538823176,3.074108166814036,0.268641666656217,0.5832339737007052,1.2162707567674178,1.205631449584905,0.7018251549396167,0.26827478675593874,1.416490896463416,0.9871594721949736,1.3033110712970342,0.13115656416339413,5.032926627848987,2.525543294061841,0.3886086300273756,3.8612307643251857,0.3898926746907567,3.6875170851414176,127.17325685877739,26.28203273683275,6.576721980726348,0.26323031058368757,2.5724112741511798,8.41447301362727,2.5681005227918923,10.189214470429583,9.171787581399615,9.785104972183689,1.0316426979449105,9.171787581399615,9.815922044104834,9.99449647960997,0.19545078846136277,0.10896083751665521,0.1090525574917248,0.09694579193638649,1.463358736602383,0.2823076280532469,0.7692378496430526,0.5679170702462195,0.4586810815512538,0.213794363624162,0.6978812834806074,0.14179583635831397,0.14473080558535442,2.4960104067544484,0.26167110599509774,2.5465467659954544,2.5442538191001045,2.6159772651628277,2.498211546205746,2.674768457147689,1.4174997986953848,8.183894139478527,0.9143355263817872,1.2070073016923382,25.334219402056775,1.0810786274106396,3.8973676297879596,2.651472038318725,2.087131959631237,0.7701550144061554,2.374850891275624,1.2421351249727712,2.4700540911546707,5.5552600425699925,6.5174720314219705,4.765293933399924,3.0547555494688963,2.9708337490792385,3.034119027410747,2.9152527387280163,0.14133724522986435,0.8586627785616989,0.09850499652497628,0.8880124708321032,0.13904429833451443
2026-01-28,9.11484814724615,0.6491659941728478,0.0957068635493574,0.4262145503740152,2.4988605769436187,5.597849007824606,0.5489016609306638,5.6067814703963865,0.830644401179637,5.578251665612752,1.314556569325523,0.26852610595636367,0.7476072978130199,1.0722814637649116,0.10008203028198276,0.8939932716348071,0.5468052290444517,14.17500696972416,0.21748245930500013,1.4957616088188463,0.37234525999563484,3.1441072139404453,0.26989336077250536,0.579436693964308,1.2550360262638434,1.237991134119212,0.7449640265876729,0.2700756463473394,1.4656822810296037,0.9811320699083806,1.2868470757066928,0.13052592922089346,5.037827109716811,2.531218778662212,0.38729378979552276,3.856439671296059,0.38875217870639783,3.6869929814966733,130.84450091434238,26.240087948483502,6.672135630298059,0.26159876732239046,2.5674960593909515,8.39567976351717,2.5847234283494553,10.127426452052571,9.11484814724615,9.72573156289878,1.0253395120205044,9.114939385653086,9.75644886412189,9.93382522851438,0.194968547895802,0.11092881301881274,0.11101996449891334,0.09789444691567008,1.4542886067975374,0.28265427243534624,0.8171543298320929,0.5737854412810086,0.46158052492615476,0.21675326484956256,0.7032175875114293,0.1437425982842373,0.14556558442283118,2.5035092850433815,0.2622368102977274,2.5476255582900373,2.5392396916622517,2.612432643802411,2.495214656822532,2.6857168343495066,1.41664386262825,8.263421904018264,0.922887612797375,1.2401786305586888,25.2707132546885,1.0766566652682712,3.8852429131346278,2.641965236564722,2.0879592318313622,0.770030109898219,2.3539330963449094,1.2771852622111703,2.468325474368506,5.552183072489404,6.624646595819376,4.73831033502387,3.1829369447364075,3.0397410467083676,3.1695379727128623,3.026433313091759,0.14483638996739362,0.8645519868209015,0.09889709581140942,0.8860632493343602,0.14210190641316098
2026-01-29,9.09164460618579,0.6492408733713009,0.09591781244417551,0.4242203822839541,2.477861701472151,5.61796511419362,0.5512319398864919,5.637058091928812,0.822347458389328,5.593872347770252,1.4018547362615352,0.2685698783119133,0.7457041244028222,1.0620056146794596,0.0996454226579414,0.9026275004936529,0.5469588130503874,14.149286565113874,0.21556504304457366,1.6037821065231783,0.37239748235723846,3.354032218038998,0.26747886240834573,0.5779616301011384,1.354123124296811,1.3322120081761695,0.7332484910071726,0.2656605083494363,1.5870533462914242,0.9787253525400392,1.2764796244793561,0.12892081375739414,5.081371255696541,2.5323211090035174,0.3839439907467618,3.8187106920053813,0.3847622483391601,3.6466952095964693,140.3754922322484,26.418037737095418,6.672879463651525,0.260569141262043,2.5671423343173245,8.395763362187756,2.5743248831392345,10.102918180772116,9.09164460618579,9.702154874519843,1.0229111931651103,9.091735612328394,9.732975991425358,9.909718799010138,0.1932903011990348,0.11391944479471945,0.11419220310588872,0.0974634081919157,1.4505864446927705,0.28348031916697686,0.8058914391276338,0.5730520845467486,0.45867806857841126,0.2149286243262882,0.7075188625768181,0.1426493279423884,0.14528593092314146,2.5025912334359943,0.2632966550092977,2.5494136163479353,2.536139760042106,2.61269201852157,2.493317485538458,2.7043368688701817,1.4234021052695132,8.19047181668504,0.913264814512612,1.3305755623558109,25.275753051413766,1.06846073864048,3.849804549880955,2.6537868410622556,2.0765523583642547,0.769706370234652,2.3456677879807257,1.3742157823118863,2.467496989694376,5.576325364628318,6.625056845544197,4.705791679747875,3.3377579336047596,3.252295674340423,3.3773070390099384,3.199472712629415,0.15783253577917594,0.8599872382752125,0.09882716506554307,0.8873533818903636,0.143740343845956
2026-01-30,9.115679035864858,0.646216949768901,0.09516863792509846,0.42515952041612065,2.4990883673334947,5.612853058056062,0.5502278998208894,5.624065833843721,0.825979950869203,5.593892656463651,1.2969006770506921,0.2688240635471118,0.7476754479769043,1.072379210479931,0.1003646328977378,0.8950775063027006,0.5479489572502422,14.193801810335005,0.21613490505444535,1.5113947406723591,0.3711029998584563,2.7083863751281902,0.27019142561210974,0.5810392131127329,1.1876025412880298,1.1952597549424566,0.7474019859960759,0.2691887027041523,1.4350045411936674,0.981768431615699,1.286235242511537,0.12989972652689152,5.1626255866496695,2.538195099739346,0.3814038300144748,3.7898814949863264,0.38231539313317214,3.618322631502108,127.56062343322698,26.266818329107792,6.65095702234788,0.2612579749080411,2.574384718888873,8.417958178733192,2.5809480846199864,10.133819997364972,9.115770282588878,9.73172239096684,1.0259799731245014,9.115770282588878,9.76271623248063,9.940018632135939,0.19462169901066295,0.10811303242185274,0.1080218813260686,0.09790337074857032,1.4544211764061787,0.2837739212467329,0.8184138448431802,0.5727438635465332,0.45706471640518176,0.21476754298944742,0.7134913094171961,0.14402917220359948,0.14557885384711766,2.4995443227623633,0.262625336973039,2.5454876046889243,2.538924238957811,2.6137649132755527,2.495715576839534,2.701093870178612,1.4146764124102666,8.20236998899698,0.9163171982047986,1.197538697513104,25.273290615029627,1.076572456464185,3.813856015340132,2.653509538175849,2.0800363963152346,0.7682771082889414,2.3614401804281564,1.2433910109068766,2.4721057651905767,5.5713764145467755,6.730720012320533,4.689425639706301,2.727347333103065,2.6155879004173315,2.7037375214541077,2.6114859707049054,0.1437557015292951,0.8580674316628802,0.09854148057991521,0.8865086599817684,0.14020054798943407
2026-02-02,9.185174889633277,0.644622029072984,0.09488380567379494,0.4201341203129126,2.518508335091451,5.552309915208506,0.5455129915463253,5.558280562898985,0.7932396492178888,5.520712574881452,1.1842563853750459,0.2694038754818229,0.744006613392119,1.0751355107169818,0.10048681528780472,0.8807752309143789,0.5406448113378485,14.275833204165519,0.21374116338535565,1.3961605584642234,0.36676770740493964,2.158813252312821,0.27234315806494236,0.5848259223748077,1.0834021948033634,1.0900155981348885,0.7184715828116388,0.27197575650180544,0.129144855512232,0.9893450820655153,1.28795812639573,0.1302470864809018,4.846514325787062,2.5338475737261184,0.38385230931870434,3.8184071962439434,0.3852300783200972,3.653899033645345,112.48277762468999,26.164048686219804,6.624506493732491,0.2626067801284825,2.560301187052218,8.389363236758863,2.57591625279146,10.212272054686782,9.185174889633277,9.807108948028612,1.0338936121851174,9.185266832001469,9.838339079507096,10.016993192138559,0.19555433926267424,0.10618168843222833,0.1069165090780082,0.09763938747534599,1.4655093510770443,0.2839165963756049,0.7898410752619595,0.5705887657930079,0.4513640065183102,0.2142004197191533,0.7145219152707573,0.14329016608312414,0.14512721769757383,2.4925138729821117,0.26141268562939884,2.540736523850119,2.532561782131929,2.608064686703465,2.4887481602556374,2.6894460162851908,1.4082851779573688,7.8793056611024035,0.8777440760410925,1.1019564730477003,25.213557453844032,1.0775236296371244,3.8453202410989022,2.636355185208706,2.087351887572334,0.7686231313050039,2.3640120797022823,1.1458620372921833,2.4661522020242033,5.508955724861073,6.54055302033819,4.699641718531132,2.101589079193146,2.021677285785943,2.1301552646469126,2.020207609455371,0.1302470864809018,0.8587305765019705,0.09837420812112586,0.8879397278308562,0.13970790886513246
2026-02-03,9.328264834275886,0.6710821123265508,0.09794776119402984,0.43815299646178285,2.6296641221686974,5.779384214486648,0.5664179218349172,5.7850743763482395,0.8263059872299877,5.771081839034807,1.2501866070192251,0.2800373177030193,0.7555970149253731,1.1120335735491853,0.10513060128510887,0.9142724079872245,0.5662313504005546,14.51520549717234,0.22369402558056276,1.3927239090649048,0.38311566879500203,2.374906682256442,0.2856343361868787,0.5960821037861838,1.179570867054498,1.1679104192933039,0.7489738891373819,0.28470149680749696,0.1387126854996183,1.0047574541462,1.350000011387156,0.1363805959473795,5.00419787506559,2.637220069543639,0.39598881308712175,3.936473789499767,0.39729477754279746,3.7565299646178287,123.18050555328824,27.32042910447761,6.891697556225221,0.2673507448452622,2.6666977156454057,8.76791028834101,2.6772388059701493,10.372574080282183,9.328264834275886,9.960821351008628,1.0501865842449132,9.328264834275886,9.99272360730527,10.17416085769881,0.20186566594821304,0.11128731627962482,0.1113805931005905,0.1019589580706696,1.488339580706696,0.29365671214772693,0.8198693972914965,0.5970149253731343,0.47406716133231547,0.22341418622145012,0.7604477298793508,0.1494403027776462,0.1515858208955224,2.5957090463211285,0.2730410490463029,2.646455337752157,2.635634408068301,2.716790953678871,2.5923506893328767,2.784981229412022,1.4630596673310692,8.19169798893715,0.9164178905202381,1.1568097214200603,26.317163723618236,1.1164179132945502,3.966604488999096,2.7540112965142547,2.1327425828620568,0.7999067164179104,2.4023320781650828,1.2019590121596606,2.568096901053813,5.726865512221607,6.830410174469449,4.841790839807311,2.39748143438083,2.3417909821467613,2.3873134157550866,2.307276085241517,0.1363805959473795,0.8850746012445706,0.10205223489163527,0.9222014982308914,0.14514925764567815
2026-02-04,9.365833007721037,0.677156533218674,0.10049638983081698,0.4434766177214676,2.6702257759999593,5.8157723349913955,0.5704785974282299,5.823826894807472,0.8347850262566074,5.809965506133219,1.2908120944480543,0.2813524483986826,0.7843963660204177,1.1382410675217465,0.10733352100915027,0.9357497767360624,0.569261016945742,14.596703102316896,0.2286222707447046,1.4821579095251476,0.3872810571707511,2.6465299927340897,0.28893884407108483,0.5991383461712384,1.2288095621264605,1.2138241650605566,0.7458087220513063,0.2869719901624842,0.1437201486094297,1.0088976418535462,1.35328280877741,0.13655521142367757,5.118104542218378,2.643345611935264,0.3758546508205979,3.731385163402495,0.37688490848053574,3.5562425045146697,128.0467341452421,27.423902302408216,6.968717690296607,0.26861478229067887,2.6848365988771135,8.834316664178843,2.7030999845608554,10.415473059789734,9.365833007721037,10.001873414012012,1.0546033387105096,9.36592675845275,10.033997902544606,10.216072113245762,0.20164840954055924,0.1131403945275457,0.11285941922576438,0.10283787152043017,1.4943336428936762,0.29568230490609926,0.817270788950365,0.6015735071362143,0.479910102823516,0.2241266301880283,0.7703474758827387,0.15079142438390677,0.15303924466224494,2.6127188485068666,0.2744216468770305,2.663482297300857,2.652805003600028,2.731572481937664,2.608597817867115,2.796853002877096,1.4498454907910256,8.288845181230682,0.9253535923176718,1.2131684815893686,26.426431102632996,1.13318345849742,3.75601759650929,2.763416575751323,2.1290625393295755,0.8036901522767983,2.4160343865793585,1.255970835473594,2.5804065726854453,5.766133037501756,6.899222673811113,4.763791372883886,2.59024068145166,2.604195820857626,2.58059378832347,2.487309237840393,0.14245574635334807,0.869532605955705,0.10311885575425528,0.9156130199141189,0.14826261987174352
2026-02-05,9.378129890597158,0.6763575236479605,0.10006564828185263,0.44124542096089797,2.65760109615317,5.819656642529952,0.5713213745563661,5.820125439237902,0.8403826372536018,5.797149248936158,1.2638093829769852,0.2798461985612669,0.7854262402700929,1.1262308575249989,0.10700553172101764,0.9358529580373942,0.5636312339315492,14.611366498786692,0.22657788471736012,1.4325236800150052,0.3854449824075879,2.3720340680463403,0.28697365076873044,0.5982369025183095,1.185407498132598,1.1743411912285766,0.7336584765725743,0.2895057754781337,0.14041076734568425,1.0103160776229354,1.351964772222727,0.13645315756105095,5.096033148723976,2.6364062188613664,0.3746600465435567,3.717152633888798,0.37494138180846226,3.531370044011711,122.73422480188503,27.478195629747727,6.942980559784711,0.26953014884289755,2.670636678361361,8.789646349379865,2.6909875498584475,10.43036613904389,9.378223764419019,10.016036854221374,1.0560817838352392,9.378223764419019,10.048203520643815,10.23070453356525,0.2014442421667104,0.11206977219605306,0.11216355658020231,0.10269154843163404,1.4962956302331223,0.29475757577769657,0.8018381318578262,0.6006752607311059,0.4784769807536685,0.22423332877625538,0.7673262655427574,0.15023914899900284,0.1517396633703065,2.608740630476736,0.27365657230775375,2.6555378754769707,2.6419393365382926,2.7229673272391977,2.6005813353931235,2.7811121428581895,1.444246459720529,8.366969735629338,0.9329457315664784,1.1785613633024976,26.336021391142268,1.1290443532743921,3.742286491089955,2.750632915623828,2.113288908730101,0.8013691920495376,2.4303666313090537,1.21541785710884,2.5738536266250707,5.763200124701069,6.895339022789084,4.754384239473676,2.3459626174292825,2.253774803753341,2.3007596532969585,2.217199645211904,0.13879771350215572,0.864109531929555,0.10269154843163404,0.9101566449569335,0.14817593726657474
2026-02-06,9.366710286946187,0.6758149262446507,0.10003747007470758,0.44604719868756804,2.6408767557269224,5.805451274141474,0.5702510403532712,5.811165459105118,0.8341139289224223,5.79383652859656,1.2451291932913193,0.2801611076003382,0.7813787764045084,1.135631302583079,0.10696890292519619,0.9349943770590503,0.5676283109228277,14.622236289706468,0.22424129387464983,1.426564284860976,0.3829149594240842,2.2243349683467883,0.2848445096235679,0.5989134378672628,1.1831209962401064,1.171225186544842,0.7256463209132926,0.2844698467519052,0.13872237185853034,1.0094604406431846,1.3451667348290703,0.1361933304782037,5.042150503868197,2.64284370453807,0.3679280515108362,3.658954710404763,0.3685837249355666,3.4892282668192673,122.85546838410922,27.26489367579735,6.951948318109837,0.26882728327968763,2.677969219712293,8.8053577890464,2.687710775959219,10.421132058764986,9.366804046459348,10.007118633866265,1.0551704901262542,9.366804046459348,10.039341034358607,10.221431156185602,0.20138628699887598,0.11230797837315627,0.11212064693732492,0.10275384289086557,1.4944736141978063,0.29692769541906566,0.7972086981111985,0.5996627636105882,0.47948668627490615,0.22377294295287034,0.770981618195895,0.1494005227544505,0.1518358850175408,2.5973211740813213,0.2732296747498496,2.656144692058999,2.646309376298912,2.7224615389329747,2.6005058531548566,2.7949607966320484,1.4465154802901952,8.303109801811598,0.9251592042250506,1.1719745480196893,26.406424712848914,1.134694636471042,3.682371720520911,2.7664856322922033,2.118396437449507,0.8016111074471214,2.4213188460097412,1.2094416927424831,2.573997637626159,5.7618022188348865,6.878137856487389,4.731921999585811,2.192675124933408,2.1341325996430367,2.204009020717102,2.1024728991557433,0.1378793580650881,0.8578119317258776,0.10294117432669693,0.9161670809160148,0.14818283715646513
2026-02-09,9.315230463291803,0.6767582815638464,0.09902189207676683,0.45179319981369354,2.6524451815032606,5.824685880734746,0.5724266489328315,5.830088359120285,0.85775502404336,5.802235632204821,1.2624127086395989,0.27992547030331205,0.7861201619902044,1.133861213048003,0.10796460319131711,0.930414506319683,0.5662785367072878,14.557801856514905,0.22543084082849982,1.4368886818816955,0.3851886210910209,2.3481137151767,0.2871914291914863,0.5947834045097448,1.1985095823205345,1.192175159356624,0.7396367165894635,0.28709827382230296,0.14066139153674642,1.0040055778229797,1.3477409657734631,0.13749418005479122,5.07806245815382,2.639403785168986,0.36553331791771587,3.658872834460148,0.3659990769960628,3.470703181856224,124.6911933802981,27.376339987482535,6.974009996688694,0.2666977099279609,2.684303713666599,8.756124552427806,2.6806706009657373,10.364974883194574,9.315230463291803,9.95351662566954,1.049464403000553,9.315323707498836,9.985282197906963,10.166278300753959,0.20223566916136615,0.11336749023096364,0.11318117949259687,0.10367955393051624,1.4862599259595513,0.296227286791435,0.811457853845846,0.6046576959674838,0.48402421131320594,0.22477875324421615,0.7861201619902044,0.15202608006356982,0.1528644606186503,2.6049372580199117,0.2729389775226879,2.659804366830898,2.647508071309531,2.72529108112337,2.5994409668651026,2.7959943539495518,1.4489053869225228,8.525384370815383,0.9504424665048615,1.1959944051201532,26.41173776272124,1.1352585258181838,3.6579412452331743,2.760316789233524,2.113740136582295,0.801863081798367,2.4041918615546405,1.228598038096399,2.575221352650501,5.778947322936074,6.9184910312718335,4.725291194835818,2.3612482135774484,2.321378639480598,2.3694457439250263,2.2701443590893544,0.13935724301953398,0.86325103091705,0.10293432874461914,0.9114112374279518,0.14857941135784944
2026-02-10,9.277205587108034,0.676778893665852,0.09954540812910592,0.4512477909792043,2.6790982352657653,5.808980651396813,0.5704610973046367,5.816958992166481,0.8533259426378476,5.775489173646384,1.2657017596788314,0.28008164518097795,0.7853233280070405,1.1349846584830747,0.1085443901035823,0.9310696781737783,0.5659152054921607,14.49132590714584,0.22618052844203174,1.433342610631784,0.38528619333237657,2.3796270526022822,0.28870953557132756,0.5922627345077269,1.1993691323805258,1.1906484491872216,0.7394934510109719,0.287967352403074,0.14064384309687455,1.0000000084936203,1.3460431982362986,0.13619074408735302,5.0114110091453865,2.6347527599962888,0.36571108793900464,3.633268437543487,0.3660821883706527,3.464978107750023,125.10158823000741,27.483996660172558,6.972910152626055,0.2658873721812052,2.672140261427747,8.78690059048555,2.689767071859924,10.323778168922209,9.277298450691157,9.913906625078276,1.045273199452132,9.277205587108034,9.945728257056544,10.125892668180025,0.20141014087088463,0.11383245623679071,0.11392522249718147,0.1038129657703247,1.4801929961198423,0.29826515934575476,0.8113925140038283,0.6059003391649851,0.48344002792792984,0.2250672625371726,0.7861582508931211,0.1522404661602385,0.1529826493284921,2.608312402787683,0.2731236713429596,2.6544205874124454,2.6466276906883466,2.723443710535242,2.598478489079605,2.794507850642018,1.4441043108090674,8.475090725455747,0.9440579101607799,1.1911123424218242,26.31468560105297,1.137582361504611,3.657667777768114,2.7499769313269726,2.1075238720562695,0.8012802926670566,2.395584017262298,1.2275721989444173,2.5737082607638406,5.760738586204947,6.892012381931881,4.703775758545986,2.355877191218167,2.2931625630928774,2.3408480130273563,2.2619909761964814,0.1393450269761914,0.8658502813902466,0.10279246612585634,0.9105668570913712,0.1490861832714001
2026-02-11,9.270325301143737,0.6811903528036858,0.09965699453045332,0.4523037073841415,2.7151200971800544,5.818763167796016,0.5704088141215989,5.817465739286873,0.8600166556323946,5.790674095192709,1.2698618311628724,0.2803374410968588,0.7829795038886869,1.1359043179688224,0.10911282523188719,0.932140567829404,0.5644757521984651,14.48743867401154,0.22610549169971667,1.4359877064659716,0.3862056164588125,2.40400488851598,0.29044219823589557,0.592657831697189,1.201260793835679,1.193102780645612,0.7387596406916311,0.288495418923087,0.14137387596180587,0.9993510990243609,1.3688699699834002,0.13794382232725427,5.099193360461377,2.6447576577817915,0.35876518738239965,3.5660518534136862,0.35959952642558024,3.398720637037058,125.62992672024195,27.431167145638266,6.9885044552325715,0.2663391076502858,2.675442719046219,8.73968665986836,2.680912231773489,10.317326909344002,9.270325301143737,9.907666545233846,1.044683437854883,9.270418095856122,9.939186193088323,10.119588167107977,0.20218781371968464,0.11421154811184035,0.11402614434722223,0.10373597460260778,1.4790952354849152,0.298229333169049,0.8123667122779082,0.605636431176923,0.48549178577811036,0.2250857577328776,0.79067396788289,0.1522202658412343,0.1530546048844149,2.6013718860810466,0.27375545273612223,2.6556038885239466,2.646704366366923,2.7241124140494635,2.598590873816573,2.77361641273205,1.4492444778998301,8.575043943954528,0.9530916618021112,1.1970891339836145,26.383981079656067,1.1419301038766643,3.5941412089277023,2.7362566391221783,2.1103179696824736,0.8003152111899016,2.401131081539121,1.2302772477414219,2.5753220338645475,5.766292850334894,6.929544731940067,4.68684534462055,2.385371257611882,2.331046601911951,2.3740613362185092,2.2932232791062157,0.13951979411082657,0.8577917750931386,0.10299434186221605,0.9059052676434887,0.14971724871169254
2026-02-12,9.288500835965076,0.6727661183835759,0.09892253035974619,0.4558796380369189,2.7155859683407253,5.831970974523384,0.5718929936357442,5.845625365553304,0.8610439991477075,5.793423469284089,1.267601720422656,0.2791194430341868,0.7824632905793195,1.1427642465102812,0.108861232277808,0.9329370466413361,0.5685491276655458,14.513468507628183,0.22580345036171637,1.4485416770224986,0.38798068417019943,2.3914173458580543,0.2885937181388094,0.5947426971883418,1.204811505794791,1.1937581671229884,0.7460523843100894,0.28608581866116056,0.14090655839024657,1.001486157299129,1.3708898043645794,0.13849154604692654,5.124930336243731,2.6342188937722053,0.33940182905004035,3.3756270985299497,0.3404235698112475,3.216236390169283,125.23221252089913,27.447519970276797,6.976035463750175,0.26695151189966715,2.663013303056207,8.751161289374537,2.680382754265454,10.338751126593559,9.288500835965076,9.928106867467607,1.046814015867009,9.2884078602487,9.95987394851268,10.140441860515745,0.20211778031656916,0.11443432746446423,0.11424856205401136,0.10338101536727586,1.4819803367244828,0.29816086266135144,0.8204532958485481,0.6038454591884681,0.48848226038071607,0.22394576082436896,0.7793981391613355,0.15149544367399576,0.1525171844352029,2.605888796144982,0.27336058243707767,2.646851118847094,2.638491524787235,2.7147500372809947,2.5929779273835165,2.7815343809685875,1.4342374480968734,8.576072708461535,0.9528144327610505,1.1988668709290242,26.232676583108862,1.1457365639431645,3.4017277632020075,2.7469811465202953,2.0783020620471855,0.7973248777437361,2.4140813105748133,1.2317481015265797,2.5656697122487753,5.785157134403156,6.922812535376126,4.583317875175611,2.3748838257085385,2.3169236712001324,2.3637376530516354,2.279305214468219,0.13997770476336818,0.8342002374010195,0.10254504887472625,0.8958758772825766,0.14917331846500448
2026-02-13,9.298000929800093,0.6706647815287584,0.09744304548801792,0.4476057590855271,2.698744769874477,5.787540792255056,0.5675499852675718,5.802510437550849,0.854579299508223,5.763180075219375,1.2480706250817208,0.2762435991117867,0.7698745053626947,1.1256159698614017,0.10748489465008554,0.9159460914572801,0.5641096993858234,14.557415382743493,0.22482566532009096,1.4128312129078773,0.39116689627916523,2.2665737263827146,0.2852626713637916,0.5953509881850012,1.1799163321792554,1.1724779030601682,0.7414225742795866,0.2842398855864641,0.13844723703693868,1.0027893860913166,1.3637377793486314,0.13733147798943443,5.063133222011564,2.5986054020114193,0.3377033909328147,3.3264529034460715,0.3357508192501308,3.169688460218358,123.32868433286843,27.15499785710135,6.888796045080777,0.2674105088691942,2.644258620627034,8.760111803013134,2.65030226448091,10.353230964522316,9.298000929800093,9.942537854849489,1.0482566049629896,9.297907858990005,9.97387207258252,10.154625800862972,0.20009298426558506,0.11101812720021666,0.11111110933765818,0.10190609054529962,1.483496076724852,0.29446769015615015,0.813203152807742,0.595072059507206,0.4826592268471605,0.22129241503543048,0.7644816477982624,0.14969781851668737,0.15034867574424868,2.5701535418664285,0.2701999020543225,2.616829404383136,2.6083681894867214,2.6859134831909577,2.5624360421933114,2.7484891315994013,1.4186889988940463,8.532124638612855,0.9470943803844869,1.1752673317143554,2.596652617514383,1.126266827088963,3.3528591920364077,2.72068791586762,2.048442562144061,0.7866108644734644,2.415155741515574,1.2094839779735442,2.5384473246455137,5.743189146218329,6.826592396160216,4.507670737266097,2.2587632977757437,2.18949321922398,2.2447233674471905,2.162529073278054,0.1375174333970528,0.8200836536331212,0.10134820658791514,0.8873082315683476,0.14802417551179867
2026-02-16,9.311853990129435,0.6739919662297976,0.09907812965194854,0.44939005793400877,2.684700601160199,5.853524400331152,0.5742620185207683,5.866468013781544,0.8679579018947077,5.821957078900502,1.256634667550444,0.27795884515755404,0.7749325004255808,1.1488965197263987,0.1073656740196591,0.9353757048909785,0.5689542645881469,14.60191801458178,0.22637116552698,1.429835208601898,0.3828103232177257,2.2257193805052697,0.28512897699258216,0.5967036207380081,1.1910792779784838,1.181860491376714,0.7431790442182117,0.2839184260277322,0.13967780985194153,1.004469715491033,1.374429705778151,0.13846726776756757,5.04925961667171,2.627060202227279,0.3358785705822164,3.343328136185137,0.3369959831148988,3.188658093637967,124.62286991339975,27.195455997124967,6.958376103600195,0.2681813878113469,2.654250940915559,8.711519036194012,2.6761338546274094,10.36996000449588,9.31176078065346,9.9577240464807,1.0500046758192614,9.311853990129435,9.990035907018228,10.170872520718875,0.20076356705412407,0.11164912721033768,0.11155600653912215,0.10243039389142378,1.4857063325426745,0.2949995372490528,0.8166495665168283,0.5991246516239,0.4818884439891982,0.2231120130782443,0.778098496681197,0.1496414907796277,0.15122450666838777,2.5886021997800075,0.27181302294494475,2.6396312619490003,2.627339546479974,2.7075147571061087,2.583015314726115,2.7862929622935386,1.4239686951200792,8.657975875750768,0.9620076129862534,1.1833504221161624,2.6161654921969575,1.1331595347928693,3.36716645966585,2.7463450291068185,2.064344933805813,0.7943942411639235,2.420616558404239,1.2202252843480101,2.56085305676157,5.806313232399141,6.8846263791365,4.521929279742643,2.2056057417855626,2.136232457976621,2.192662270422787,2.1169568520149977,0.13846726776756757,0.8210261492591984,0.10243039389142378,0.897290256172377,0.14889654317085543
2026-02-17,9.307520476545049,0.6783320667667346,0.09986969045268362,0.45178705245278616,2.698250129341813,5.875372300819062,0.576228591282689,5.899571626823692,0.8884028010819266,5.850056117804123,1.2365971761946348,0.27885330495600014,0.7760610317704577,1.1342144509526393,0.10787416374337203,0.9405249725591754,0.5699925696059829,14.618764097621348,0.2262658178140579,1.402177902982915,0.38402827923988464,2.1599963451621256,0.2867647009116007,0.5988458333757505,1.1667907726205469,1.159530918010561,0.752513016326518,0.2844378207924645,0.13672747189485573,1.0040952834458114,1.374069293399223,0.13877512888507176,5.024944200324018,2.6213702033547794,0.33991065206406995,3.3776062420740645,0.34037602098682257,3.220867347291221,121.89221527713143,27.289650037230082,6.992461090201508,0.26880118355143895,2.6592515958216505,8.700949526152678,2.6842888486269953,10.366437262949088,9.307427310446528,9.95420681746789,1.049609052895257,9.307520476545049,9.986689973037278,10.167349263615158,0.20085629117373469,0.11048026699142854,0.11029412119759611,0.10256887991217119,1.4850149204370608,0.2968168223161619,0.827438584567004,0.5999627613968044,0.4834326007698156,0.22282204517924067,0.7749441747601495,0.15068876148601654,0.15199180867187317,2.572412554754398,0.2725242059442061,2.643149767184737,2.635982794630288,2.7133282670669385,2.5874906924795233,2.787788430879299,1.4307520590162242,8.810684988060197,0.9820365053632769,1.1606477750208692,2.6201601802459513,1.1331906180193596,3.399851068310656,2.7448808978230583,2.082743896802503,0.797002952842684,2.4206998005609237,1.194713334050182,2.565152700144412,5.841307025832732,6.926750018360538,4.548119824055141,2.134493687928655,2.0785555409923564,2.127513047571246,2.0480267431695163,0.1359828709668396,0.8255770378652475,0.10247580257708336,0.8997579874250309,0.14929263696507208
2026-02-18,9.315230463291803,0.6845831193644112,0.10023288522479587,0.457661863699257,2.7158825132088382,5.923241596195273,0.5808104189484965,5.9360967883966005,0.899953429067085,5.887471071553331,1.2311132152967805,0.28011178104167883,0.7767116651459522,1.1346995580679438,0.1081509050458989,0.9387983118704879,0.580717281346883,14.629436150005823,0.22803912009535474,1.4061480852188375,0.3863064855212215,2.1779227112413397,0.28784349900820005,0.5997205147034743,1.1694457467678374,1.1610619412170327,0.7594783305011353,0.28747089529903647,0.1366557994997107,1.0052166153899338,1.3773637690764002,0.13917093228116723,5.059525054945855,2.6375408909961577,0.3357242749466916,3.3355380281715767,0.3361900340250386,3.179133663523958,122.30507867081975,27.31728001644737,7.036422779241383,0.2689334032532222,2.6822543310797045,8.734606177405974,2.6972518657938402,10.377643586981836,9.315323707498836,9.96506753609688,1.0506753694972273,9.315323707498836,9.997577924866093,10.178481920630531,0.20288775674564982,0.11215649708293458,0.11215649708293458,0.10312063059920093,1.4862599259595513,0.29827666937832953,0.8353982329313068,0.6043781765572238,0.4876571818735081,0.22403352805831903,0.7804378088430077,0.15156032098522285,0.15249185690948672,2.592827166631492,0.273684202708585,2.6551467049771484,2.644899792042676,2.7219377010436077,2.5967397276723334,2.8148114897786156,1.4383791677886295,9.081974962338437,0.999534262242737,1.1617140110337463,2.6361433650151374,1.13982301453518,3.3572426073263566,2.762272927613385,2.0900791347665346,0.798509559578045,2.4220774081567304,1.195249162166686,2.571308791609659,5.872007315804029,6.967396480736202,4.545132868446524,2.1709362184607155,2.1088030263885655,2.159012615486362,2.0846762299593182,0.13600372968299698,0.8226362138667327,0.10274801800625237,0.9019096385172262,0.15081509579932573
2026-02-19,9.330005506945092,0.6741929663764739,0.09908564924014818,0.45316290067945714,2.661410710953536,5.84381439499411,0.5734278697935496,5.864247334361588,0.8879454951385082,5.825713980351394,1.251259569046012,0.276824035046594,0.7678671678648797,1.1206381844593354,0.10598992028995377,0.9359955187052081,0.569695851588832,14.66943477823521,0.2253218848528669,1.4284381983907037,0.3809479551320646,2.274491498220721,0.28456801642097407,0.6015114874109266,1.1971449669583294,1.1857622349122094,0.7481806534932472,0.28344839672295763,0.13985818036124428,1.0068110063641478,1.375723054191474,0.13883187268558422,5.040679322314097,2.608135925964936,0.33513713536989465,3.306680384979561,0.33317782314305516,3.143870045298359,124.8087329725695,26.99664116439634,6.936368748287052,0.26908005367221394,2.6569321609784646,8.738570401063047,2.660664428323702,10.394103741952788,9.330098899048329,9.98087329725695,1.0523418633656216,9.330098899048329,10.013435251300383,10.194626181934012,0.20125023040515225,0.11084157598843923,0.11093487911291988,0.10179137756495717,1.4886173078163631,0.2946445225201162,0.8231013362633245,0.5952603026409828,0.4815264098745247,0.22196306135032043,0.7623623724992783,0.14984138333590577,0.15077439678496088,2.5730546629902675,0.2708527774458435,2.6242768148317954,2.6129874748889135,2.6906139660646806,2.5666168719713625,2.7691732393447355,1.4241462902560966,8.912017190160535,0.987311062649974,1.1864154101708282,2.5991788260147937,1.12213096326802,3.330565415382563,2.739503593181447,2.0592461906500015,0.7884866778898159,2.422467014820279,1.2223362055125577,2.5429183410428133,5.798843249965012,6.876563064908331,4.510169750853558,2.2665608572101252,2.20656838962493,2.2634820498555293,2.175872426888106,0.13883187268558422,0.8107856085639009,0.1015114770893909,0.8927038655082644,0.14909497613581196
2026-02-20,9.339590830618988,0.6799290469016327,0.0999346204283659,0.4559633855872254,2.6746988407846506,5.895395262007332,0.5788736297958003,5.902120131142302,0.9065097371681494,5.878304050139512,1.2656205707185575,0.27841598455162403,0.7782759113762463,1.1244045894241939,0.10637900759617777,0.949192091654226,0.5733632146226622,14.665826277493696,0.2277948948318711,1.435509451277129,0.38339403415579104,2.303726568246095,0.28635471978530036,0.6002614798082228,1.2001494349490989,1.191183346553912,0.7567946089408507,0.2849537707003067,0.14065564975825814,1.008218893697975,1.3847015457816003,0.1393480907471182,5.015316991074765,2.625758986162674,0.3296908493234384,3.275707583695976,0.33043804117040476,3.1212291252583007,125.38059213598581,27.14887529770244,6.981974386463004,0.2691696992138248,2.663958260823089,8.747548104846713,2.670028998625315,10.408797709004624,9.33968431867003,9.99495688969541,1.0538899443157805,9.33968431867003,10.027552296759714,10.20883588861259,0.2013635889225963,0.11235639985963568,0.11216961080491115,0.10236294048890421,1.4901466615462577,0.2988698981974409,0.8315120834902109,0.5990473464990048,0.4862239784560663,0.22237787863960384,0.7667880683115821,0.14980854502220364,0.15120949410719733,2.5749510806671454,0.27225179432642455,2.63771377068959,2.6280004191913005,2.701316998097769,2.583636918677618,2.7954608906191627,1.4383113850751845,9.021574693578092,1.0042028265907015,1.1922107175294565,2.6120296388132473,1.126459331375283,3.2987766153640727,2.746801215125765,2.0797608356755513,0.7934061543685644,2.4269170272113163,1.2284486670336872,2.550107486176538,5.847576123899668,6.918184182952742,4.531241278248897,2.300644455319461,2.2418977611481536,2.28971704176809,2.2099560578797752,0.13953487980184273,0.8074156808465695,0.10226954150803341,0.8986644365434121,0.15074249920284336
2026-02-23,9.325748391308402,0.6805931489036052,0.09987876562666205,0.4564021134636667,2.691317694095781,5.890142456270983,0.578289642092075,5.900680597489042,0.9180266944083395,5.863564301035158,1.2849948082265485,0.27874661372422305,0.7771146305236845,1.1214212440548355,0.1064067877218326,0.950666813777919,0.5727874491182068,14.660169819692483,0.2293201543652699,1.4608784285786103,0.38244892587459856,2.428518172732532,0.2876060818109474,0.5999254110888248,1.2236315090354115,1.2123472908700923,0.7514688224475864,0.28602070387292683,0.14315024136407467,1.0068077877876775,1.3860860289360486,0.13988622586962604,5.058099458013732,2.626130803912297,0.324349517665736,3.226708943392707,0.325095594612996,3.078616013402849,127.64944147510025,27.318475309352557,6.991233637136587,0.2689545850283306,2.6647392542607014,8.733843414127342,2.6705211727274314,10.394572277828615,9.325748391308402,9.981255610020517,1.0525039691350513,9.325748391308402,10.013989077945771,10.194814337463862,0.2020889683511512,0.11190898069570082,0.11181572107729333,0.10221020272448916,1.5997388164332071,0.30122166592428,0.8251422489688854,0.5959153364345696,0.48643103466765,0.22344492291777165,0.763032730530861,0.14995803342074096,0.15182319021398402,2.59722092697939,0.27268488082736325,2.6472068017491606,2.633871049853411,2.7086637340952273,2.5905063767536776,2.785228048700078,1.4345798921109267,9.12282001524177,1.018464973276813,1.2150516952917356,2.625011759641221,1.1303739539725137,3.2479716383409203,2.762752960925114,2.056140965471781,0.7955795724945793,2.4214305128833757,1.249463729623604,2.560570804105369,5.853212856928448,6.9219433948929865,4.507693605815187,2.4319686541014347,2.364543533076171,2.4175138579346087,2.3330224579776675,0.14193789300595736,0.8005222077580026,0.10248997268598492,0.9001212034231689,0.1508906118173625
2026-02-24,9.33532486930545,0.6813853422681995,0.10063479959831209,0.45388348517442834,2.683905899925317,5.8808814597895465,0.5775765396927256,5.895630862839281,0.9211164877608785,5.866411250415713,1.2992904469359712,0.2767923788137628,0.7726848080943466,1.1164114669332583,0.10502240477968633,0.9584577872381004,0.5727221664873141,14.685492768405176,0.22787527863528853,1.4717139086677031,0.38144137985765086,2.4484689953257734,0.2856609445618906,0.6005414659359101,1.2367437988007755,1.2249813407459216,0.7485997240609247,0.2839805832365006,0.1446975354742345,1.00793503753457,1.3926436956290258,0.14040328567823962,5.027819427649773,2.611277083837781,0.3093726604709525,3.080657206870799,0.30993279278322866,2.9321321540131686,128.79434461643484,27.112864806992157,7.0041078164383395,0.2691374152698474,2.6432040202430684,8.74281207334648,2.6605675877520536,10.406366509230303,9.33532486930545,9.99271885684571,1.0535847704476433,9.33532486930545,10.02539249388828,10.206683773527935,0.20098955084620526,0.11314413634763892,0.11305078096225957,0.10203510367042365,1.59690064935207,0.30246454001007195,0.8215085884988798,0.5953136711889813,0.4859970255161596,0.22208738718752186,0.7464525680029187,0.14955190867964593,0.1509522038488979,2.5690815179894626,0.2712845357164151,2.619118722541017,2.6134243111186635,2.6871733206078754,2.567680991345862,2.794903049369282,1.4192494284848476,9.1612208325797,1.022218073188947,1.227315171963248,2.597554144884242,1.1231329122348184,3.098861204322547,2.7501867634756874,2.041355472077533,0.7877146868317585,2.431292031753232,1.263536278038794,2.5411687029040153,5.834578043315907,6.946882229406857,4.433532612282808,2.440160704335675,2.3680918425032234,2.424850634802091,2.3400858678953074,0.1433905867875023,0.7701643017176998,0.10175503751428559,0.8879761272085701,0.15216578824739121
2026-02-25,9.327394741482838,0.6866897000893764,0.10110997250804861,0.457420025329049,2.7242795198602625,5.871560397671626,0.5764387579242659,5.884992003318546,0.9159593036866168,5.858688418538966,1.3053819321727655,0.27721294014881537,0.7662531622598536,1.1214439264707918,0.10558716252984068,0.9637160684154857,0.5705624304537386,14.67521645419912,0.22945621100148986,1.4765413958749913,0.3838261498542945,2.4715979011876517,0.28961849862009653,0.6005969535458301,1.2389702623920782,1.228336931642629,0.7541273992549304,0.28849921001003437,0.1452289869865145,1.007275420798149,1.4097565468673485,0.14280384683907005,5.0061563471006085,2.6100177905439677,0.31386998904839947,3.12153720419839,0.31461616959459315,2.9767746912455695,129.12601072078166,27.007741815129187,7.05167437520404,0.26965767976319477,2.6563754178241012,8.635481741988563,2.6716723503011033,10.399123352751026,9.327394741482838,9.985356116937552,1.0529801267572843,9.327488107452664,10.018282423223114,10.19914141565036,0.20203339098416295,0.11594068002216008,0.11594068002216008,0.10250909216601217,1.5987314046869172,0.30528868148714045,0.8278145695364238,0.596586130813102,0.48978638486646026,0.22311351624189857,0.7441469898264796,0.14998600805620796,0.1512918506982044,2.56729773560652,0.271523184500994,2.6233560302210615,2.6167335933674276,2.692192937998438,2.5700027868603383,2.7889189441283464,1.4221621231294015,9.101949513331022,1.017908751547598,1.2307620273131443,2.6010631970111233,1.1233093956270477,3.141591246698944,2.750116559443062,2.0543792556664493,0.7877996370158815,2.4225352226537,1.2663931002001767,2.545098268366407,5.826975300556443,6.988060837994649,4.465534931442963,2.462736673624633,2.401734821699235,2.4509839475204913,2.362186363212387,0.14373659031258382,0.7725025622127061,0.10204271598156237,0.8884432422348661,0.15548922746286678
2026-02-26,9.312627958971643,0.6880238149880609,0.10160178662145754,0.4583721477063059,2.7424102345532515,5.870273566641251,0.5758055674339233,5.885360129475927,0.9222387668029137,5.853045259824921,1.29102258225752,0.2765878260657427,0.7719314526881025,1.1199478686555269,0.10542000088307152,0.9617246846998175,0.5711492068453594,14.632426713249675,0.22853418621277094,1.4620972248090893,0.3838703782892822,2.389364940624127,0.29092940744196466,0.5995529638053453,1.2259266100730903,1.2151238194034184,0.7625255844050844,0.2896256321612007,0.14332278211326835,1.0057738871298194,1.4261501153813414,0.14416091955891533,4.962283251871275,2.606817036950404,0.31374556366836454,3.120413553028672,0.31430433972806854,2.975321197936068,127.75610165126187,26.960327807785436,7.065282016298718,0.2690445091231928,2.648910434358412,8.622275892638877,2.6707953859650018,10.3838705488103,9.312627958971643,9.970758373809717,1.0514062351078313,9.312721177127957,10.003724633748138,10.184391651945777,0.20143415124573108,0.11650214405738346,0.11612963556555046,0.10299870012680852,1.6169678234569986,0.3062022822510266,0.8386105704205421,0.6005773688188633,0.49068726603379575,0.22238777389426898,0.7448314710088806,0.1503073141148113,0.1513317191283293,2.569379715929264,0.27100018980694474,2.621065488983342,2.614360318367742,2.6874649522468395,2.566586013256804,2.805643406720729,1.4248463401005775,9.178617764815957,1.0231887013092014,1.2187557749784643,2.5982492084187,1.123300453963327,3.1409013690973357,2.7553547692045774,2.0540137600912067,0.7856211641865484,2.4201900249842847,1.2541441438717202,2.54041728948521,5.823058570468198,7.010337302395698,4.4753212661444755,2.389364940624127,2.323989598172451,2.383684175022045,2.2914881501079694,0.14239150644303433,0.7730490048075105,0.10188116577000653,0.8865710276424119,0.15431178706299328
2026-02-27,9.310893763820996,0.6824022431613347,0.10074487611568174,0.45270017627453224,2.7013034927112427,5.809776263530027,0.5696461853368322,0.5828677697776637,0.9185288782670289,5.800558477362663,1.3012104283054002,0.2735567892063929,0.7594040741023627,0.11070763820598467,0.10400372510515778,0.9577281248636086,0.5665735425895818,14.631564745911893,0.22402234139611155,1.4776536028700389,0.3786778228020979,2.4644319615994528,0.2883612599008798,0.5994413152087333,1.2372439933222765,1.225325941373516,0.7548417103801137,0.2875232696533203,0.14506517619838039,1.0059590401818188,1.4080074601555226,0.1422718783330651,4.914152972969041,2.575791570283403,0.3145251282988536,3.1275604645855153,0.31489757630190146,2.9786778739488766,128.42551574138733,26.80772720990456,6.9877093153514895,0.26908751972560774,2.6206703114997962,8.511172957038523,2.6338920380150137,10.38593995504539,9.310893763820996,9.972626243889664,1.0515828905158868,9.31098696461825,10.005865967251513,10.186033337697857,0.19925511749097088,0.11461825344149626,0.1145251414407343,0.10186219348587802,0.16033518913737888,0.3030726185946047,0.8316573528382143,0.5935754189944134,0.4834264261540532,0.21927373591304047,0.7278398339752822,0.14878956743236804,0.14981378168145149,2.543203115907239,0.2688082014826201,2.587523220637657,2.5823090906693724,2.6563315506975966,2.5358473566435347,2.756610778012977,1.4124766941177112,9.124767225325884,1.0163873711555806,1.227094909554309,2.56992560303189,1.1084730265526797,3.1431099378418876,2.724487759325535,2.039851041257492,0.7771880933026362,2.425512104283054,1.2644320582100355,2.5135010447582053,5.77160144429411,6.945344438321985,4.443482411418325,2.4515827541244763,0.2397579143389199,2.44990684466655,2.353910591793238,0.1433891957032614,0.7669460218489946,0.10074487611568174,0.8764431774061263,0.15297951867016554
2026-03-02,9.323915992861306,0.672447578056709,0.09995338244315906,0.4477389320071205,2.640466223229895,5.759626766462704,0.5654079197170018,0.5770629313720134,0.902191162109375,5.727179396124709,1.376969628678613,0.2704895126236069,0.7468531326258377,0.10834498727794016,0.10172494030221081,0.9540326311871722,0.5627972084881264,14.656503815195222,0.2227505770596591,1.5575757860303758,0.3765035064626129,2.6667599978146854,0.2823310087332914,0.6003729546820367,1.3126340212521854,1.2896970379880537,0.7637296378751457,0.2824242509606279,0.15291374935692562,1.0076456848002258,1.4093239524147727,0.14219114219114218,4.828251907597611,2.5438693386691433,0.3113286656377477,3.0964102222647143,0.3119813434449665,2.953379953379953,135.18788243006992,26.43048878205128,6.899300813119172,0.2696503503617151,2.587226209662733,8.38489537805944,2.601212223648747,10.403076740967366,9.323915992861306,9.989090499344405,1.0533333447151807,9.324009324009324,10.02237785001457,10.202797202797203,0.19645687361141462,0.11505827648100597,0.11477855869106479,0.10041958468777316,0.15794872292827616,0.3007925251425007,0.8375757746485285,0.5848018761837122,0.47561769996767556,0.21724941013576268,0.7154312667313155,0.14601398459125509,0.1476923091150386,2.514126010708042,0.2659207501889387,2.562517357317162,2.553193347993153,2.6287178804268647,2.507226050316871,2.731095605241113,1.401025589807328,8.987505577105187,0.9986013843740894,1.2941725226271126,2.5396737052010487,1.0902564131018722,3.112913616331585,2.6947320257867133,2.0231235032870774,0.7672727358091128,2.422936926354895,1.3311888510252767,2.4841957359047204,5.717389300152972,6.834218841054779,4.409230905812937,2.662750457550262,0.2599533721283599,2.6599533685715326,2.5608391039299243,0.15095571593526916,0.7536596907324447,0.09967365576114966,0.8684382227473048,0.15104895816260563
2026-03-04,9.348415443582313,0.6603720612288346,0.0975039759294735,0.4353557043547183,2.576516643466042,5.668131320222668,0.5559502778414801,0.5681032107858621,0.8758530657325068,5.63896430968525,1.330746995452142,0.26671029902445087,0.7505842845239539,0.10722632763418537,0.10012152975738033,0.9460596143614302,0.5546415053851985,14.669720208498878,0.21735065906328876,1.5088341955359856,0.36982332778621124,2.4805085195652112,0.2758717418797965,0.6014770154051662,1.2531551187413088,1.2523137955863064,0.7580629740851699,0.2758717418797965,0.14761147949755096,1.0103767582598362,1.388520134423641,0.140319717947853,4.742077309204683,2.51790218133954,0.3112087586755852,3.1035803518217726,0.31298494477177086,2.9518557517586705,130.2299728457745,26.06151303008437,6.730017510933264,0.2696083028193689,2.5562307417164276,8.297653319490863,2.5653922915558978,10.43152271993608,9.348321868134757,10.016452846008226,1.0561840081979397,9.348415443582313,10.049827328193652,10.23071893879417,0.19622323802111025,0.11077872657258789,0.11059175398435127,0.09843881212462552,0.15518369992960387,0.29297934142832466,0.8301393199192092,0.5738992183756982,0.46573805454636086,0.21379826904022997,0.6953351150174626,0.14331120803688935,0.14499392566964417,2.4720950027241866,0.2620360913026597,2.5271570213355674,2.5180890469436523,2.592222198232419,2.4740580900858595,2.7039355916086287,1.3956248788083838,8.717584552035618,0.9686828339401892,1.2533421269909204,2.5073384262417324,1.0785267154022813,3.125455609724835,2.6679444203836358,1.9971020368590493,0.7589043685629221,2.426474689712945,1.2902683394639707,2.45433307043958,5.625969875278992,6.667383583926861,4.380760824077428,2.4833132153728847,0.24221744271676274,2.467888101658175,2.3891746033861714,0.14648967071416233,0.7539497197894635,0.09787791219060306,0.8620173794939952,0.14648967071416233
2026-03-05,9.37207122774133,0.6651359064733189,0.10084348855559358,0.4449859376029646,2.6342081286243557,5.7041237571022725,0.558762876587486,0.5714151941959056,0.8822867796593106,5.6691661144710634,1.3200562896299497,0.2705717042102474,0.7535145410110488,0.10871602981696088,0.10178069031562555,0.9682286556569236,0.5551077745289252,14.716119596415183,0.2205248424240441,1.4934396073431642,0.3762886740944602,2.4396438384123127,0.28022492613430433,0.6039362927966846,1.2463918040596444,1.2393627506388385,0.7776007612062148,0.2800374804195558,0.1462043147279262,1.0130271446850105,1.4224929595060625,0.14348641442939736,4.8399248632629455,2.549390712405547,0.31077788048183796,3.0967199009159736,0.31180881403714783,2.952858550367561,130.22727272727272,26.426710219950795,6.835145244222996,0.27150889703237574,2.584910942442303,8.377975563971708,2.5983129356548735,10.459325302395735,9.37207122774133,10.042829862128047,1.0590440487347703,9.37207122774133,10.076570233789246,10.257731958762886,0.19653232721044508,0.11349577935030221,0.11349577935030221,0.10009372357240658,0.15810684947735143,0.2964386050681031,0.8544517166724022,0.5844423674822077,0.47610121121893667,0.21658857179336047,0.7094657633387271,0.1457357093789584,0.14732896220270672,2.5125585411236235,0.26532333145213105,2.5619492535291704,2.553795597323102,2.627460225899865,2.506466752028175,2.7218370518063204,1.4014057992436446,8.797469563649543,0.9760074919367239,1.2436738233199829,2.536738645058429,1.0901593223507424,3.1190251901871484,2.6907217066871194,2.022492999547871,0.7683224307116551,2.4490159096400537,1.2791002411203285,2.4866915330109243,5.658294191512418,6.777319724915065,4.410965266133874,2.425679543807111,0.23477037710459744,2.4099345327876054,2.323617550850808,0.1453608268873649,0.7516400838635632,0.09953139536606449,0.8663542871734419,0.14920337466067427
2026-03-06,9.398402163856908,0.6652255524370007,0.10065789509536628,0.4432330812726702,2.6157895425208526,5.613157802954652,0.5507518653582809,0.5638158052487481,0.8667293347810444,5.5718982667851265,1.3069548642724975,0.268045117084245,0.758458617934607,0.1080827067669173,0.10075188220891737,0.9743420880539972,0.5474624060150376,14.776315330562735,0.21870301182108712,1.4821428284609228,0.3765037723053667,2.418890931552514,0.27894737128924607,0.606203007518797,1.235526378889729,1.229511347032131,0.8023496498738912,0.27904135840279715,0.14492481274712354,1.0162593726824996,1.412969890393709,0.14295112817807304,4.8215226481731674,2.5252819778327655,0.3113721904898048,3.1055450439453125,0.31287594845420436,2.9635339034231083,129.02302448014566,26.300471026198306,6.83458658089315,0.2723684167503414,2.5680450209997647,8.339379676302572,2.585056276249706,10.492669585952184,9.398496240601503,10.074905739691024,1.0624060236421742,9.398496240601503,10.108834173446311,10.290319686545464,0.19595865020178313,0.1133458686054201,0.11325188149186902,0.09962406373561773,0.1568609072749776,0.29548872682384975,0.881203027596151,0.5812030089528937,0.47208646186312336,0.21597743930673238,0.698214294318866,0.1456766917293233,0.14671052308907184,2.481108930774201,0.2631578947368421,2.537970005121446,2.5306391895265508,2.6057330827067666,2.4849623486511687,2.6543234344711877,1.3871240257320547,8.65742504148555,0.961278184015948,1.2311090741838726,2.5127818172139333,1.084962428960585,3.1258458302433327,2.6313910806985725,2.022462428960585,0.7609962520742775,2.4513158583103265,1.2674812087439056,2.4638157321098153,5.5708645698719454,6.776127635984492,4.411466211304629,2.418421121468221,0.23543232365658406,2.4064848476782776,2.3191728807033454,0.14417293376492377,0.74962408022773,0.09868421052631579,0.8591165757717046,0.1479323286759226
2026-03-09,9.386146048432513,0.6514924315947942,0.09817908802465715,0.43363995459864324,2.5104185419098752,5.438333249615754,0.5336962700427216,0.5443964708090857,0.8315186440575429,5.397972363299582,1.3067392643204723,0.2632813894974709,0.7329641105490015,0.1067204794965185,0.09836680629093605,0.9592640975055583,0.5310681606068584,14.698798664967383,0.2158813591139478,1.4811338750868952,0.3703773144778736,2.4307302536202657,0.2714473444367744,0.6024028562528232,1.2420687237756212,1.2328703407500996,0.7859958500447675,0.2714473444367744,0.1453914001419013,1.015017827948643,1.4118640714186719,0.14360803633128275,4.719542024819023,2.4809461922678686,0.3138727109696732,3.097146623058974,0.31255865625174156,2.960296739707504,129.65975403897596,25.67777323951098,6.67861815306311,0.2705087262514006,2.5096677762606765,8.12258311322332,2.528346115235475,10.480195781807302,9.386052095310447,10.062792996248474,1.0611038394195402,9.386146048432513,10.096676845990942,10.278111782399803,0.19269758481927451,0.11028721606908203,0.11019335246027936,0.09752206066569132,0.15383892800496,0.29040736375124476,0.8608034455084724,0.5694574635718539,0.4602966108084038,0.21212690427510536,0.6867842891772603,0.14210625439574576,0.14360803633128275,2.4379574829582786,0.25821287994069675,2.4902383851942345,2.485639265292085,2.556974032548661,2.439647206943255,2.570302199529666,1.3577999217393408,8.262249012254786,0.9231274495412154,1.23343348659761,2.471560046219436,1.0652336949856347,3.12492953515845,2.552937772051577,1.992866597749378,0.7475126655683164,2.436455665217436,1.2719165994634496,2.4195607169072355,5.39431220173321,6.612351984876572,4.35047869344847,2.4153368366084624,0.2364370239727578,2.399943706039105,2.3183780739628306,0.14445279090785387,0.745541583491419,0.09677116969792283,0.8445654529466265,0.14332645445620115
2026-03-10,9.35269351135779,0.6598391606037954,0.09857837599937362,0.44163861972225144,2.5742610384808735,5.504302464751683,0.539562276718191,0.5520950129002701,0.8469883797100052,5.474467050971229,1.3110736314607299,0.2646838686593766,0.728208011694272,0.10690235975660102,0.09988776940867734,0.9597830410267679,0.5342311909080132,14.665357459140012,0.21857464309047323,1.4880284895577593,0.37383091302565585,2.5126262055413804,0.27422371581391897,0.6018518375806312,1.2448560241630717,1.2364384301182396,0.7842311866266469,0.27422371581391897,0.14599700389709358,1.0115039424418155,1.4205013550581043,0.1437523371264411,4.847175549622381,2.4937336782904276,0.30939021540455186,3.071174664395693,0.30948372757751486,2.934998106608621,129.94809020470913,25.831368243341984,6.773849698518752,0.27095023675041613,2.5384399893575513,8.240927750815446,2.5524691700533984,10.444163312815656,9.35269351135779,10.02824514312687,1.0574260901477155,9.352787130564908,10.06210218687161,10.242892292791923,0.192760948469431,0.11167227441435934,0.11139169329790599,0.0987654360233511,0.15516273992319388,0.2937710423439217,0.8622334684007319,0.5769734252404507,0.46922931321497674,0.21315002726830662,0.6957538289342353,0.14468761940730274,0.14534231165219816,2.455200240980406,0.26028806513006036,2.503553990607756,2.4998129328404124,2.571548935718586,2.4564161489752854,2.616068008371475,1.3636363921788048,8.40170218442381,0.9397680822758473,1.236906098017209,2.4849420355537433,1.070894126449682,3.0936212964241663,2.5805275314450933,2.0057051716072034,0.7505611672278338,2.4398615330825617,1.2759072032262,2.430134554547939,5.461560159063143,6.695940821883476,4.35091668730856,2.4956976836690106,0.2425177731497922,2.484848416346626,2.3975870380051965,0.1450617305357448,0.7441077212737911,0.09754957262603611,0.8470819275610196,0.1452487816402094
2026-03-11,9.357069245198606,0.6565921041353543,0.09806306299463205,0.43258163696300483,2.4963975722365666,5.390942311994128,0.5288668518551854,0.5399083069424483,0.8319453884355701,5.34930282282943,1.3153364585404579,0.26050341679225125,0.7250865337678444,0.10489379655793929,0.09778235060601793,0.9625713740673906,0.5258725625801389,14.650042335679446,0.216244040519805,1.4966781786117918,0.3685786412430845,2.4543837165993145,0.2687377122986291,0.6018527154002453,1.2518947626661627,1.241789152370798,0.7729952335580758,0.2681762875214008,0.14662674348548652,1.01207077441854,1.422195241818696,0.14363245421044002,4.797604292159867,2.4560682229468336,0.30588564261915396,3.0387386544399737,0.30663423278528745,2.9020306414188966,130.397675768457,25.91934125573126,6.705530037589478,0.2716384456502808,2.4962102462213145,8.244783335989403,2.513521054713086,10.450359839568517,9.35716290820623,10.034153416168593,1.0581079987934376,9.357069245198606,10.068119963214652,10.24880732724338,0.19191541338899443,0.11125667019109903,0.11097594887879897,0.09768877683525125,0.15298961711864625,0.2898849026128598,0.8488818304547873,0.5703190863941185,0.4606531256876235,0.2105361654346402,0.6844764810131834,0.14372601905752078,0.14363245421044002,2.4157388736571006,0.2561055566504482,2.4675773505668395,2.4597173679909,2.531673973599642,2.4153645071845466,2.5700383986348774,1.349770749508749,8.282773394552084,0.9202769577441854,1.2460933673523469,2.4471788039608575,1.053335825721196,3.060072974448366,2.5247497644261134,1.9814727660413205,0.738092984499092,2.444371769311576,1.280714841556915,2.3926265270725384,5.347899591062739,6.642462850966711,4.307195635431774,2.4574717402714747,0.2394498002487872,2.4483016178205705,2.355104355211062,0.1454103112365774,0.7340694015929838,0.09600449357988056,0.8312903184980875,0.14419387898766828
2026-03-12,9.373828271466067,0.6533558019145311,0.10029996071677105,0.4308211387745843,2.421072354511594,5.335957913708052,0.5240907372273351,0.5332770846423738,0.8323959791128404,5.299962733540143,1.3181476857629124,0.25843644258365406,0.7173790661726366,0.10311211098612673,0.09655043298401633,0.9792838509627214,0.5207161533282766,14.688788901387326,0.21531682895907847,1.497937786386931,0.36679791027479597,2.486782982235863,0.26434196440700647,0.6056430503407533,1.2527184044773942,1.2413760093342823,0.7727784255849854,0.264623167812489,0.1466066773839778,1.0140607452678645,1.4141357387547016,0.14341957434134667,4.781308655082666,2.4365391139462056,0.30614922991574905,3.037963970171453,0.30643043332123154,2.902980900275649,130.6308604734955,25.890513685789276,6.710161481584821,0.2718410198725159,2.4746906636670416,8.016966629171353,2.4846268987494726,10.470378519579583,9.37373444164206,10.053243161499344,1.0600862048921131,9.37373444164206,10.087176374071404,10.268279377065172,0.1894450607843331,0.11182977413925553,0.11145482136598006,0.09767529130384275,0.15260593069596462,0.2875890542292443,0.8471128866383767,0.5689913832296536,0.4553805945918137,0.20978626884858081,0.673978267021737,0.14370078668640845,0.14304462156807118,2.399887411076789,0.2543119531380446,2.448162855528069,2.441694891135434,2.5116235699419405,2.396512970210999,2.52905875321493,1.3458005935903519,8.285995614989044,0.9208848693641688,1.2464379566995043,2.4243532516199147,1.0394638113015413,3.061023507620629,2.48209606810013,1.9994375989103657,0.7310648468669809,2.4542557866912142,1.28055868588631,2.372422162897362,5.293681856662448,6.656636716186844,4.284870503857916,2.475440444059483,0.24221972396501584,2.4681288694504007,2.3762654668166476,0.1454818190641514,0.7308774017688706,0.09533183423597623,0.8222722274156647,0.1456692909809995
2026-03-13,9.403893264675803,0.6482038772350552,0.09826969916555517,0.4235471216431008,2.344931358005939,5.2256912940288816,0.5127891553441496,0.5251081451249566,0.8050592496741731,5.1843143482506,1.303742706316047,0.2543727594231761,0.7034042039849333,0.10240737580705994,0.09469625441813258,0.9643596299770342,0.507711131074542,14.708199607758722,0.2117735608215504,1.4834493135226632,0.360165499690244,2.404457423748413,0.2571939099254253,0.6059808392082588,1.2349069712640468,1.2255031721291965,0.7479781917954423,0.2571939099254253,0.14453639162647247,1.0176791538527659,1.3979688138246131,0.14096294687904987,4.705284797362822,2.393737098474307,0.302144076247087,2.9913485621921723,0.3022380984544709,2.8558397822212362,128.91950164272615,24.947243676679754,6.579932499272675,0.27214595198474345,2.433891360957483,7.894113428368029,2.4509122144330684,10.50771125304154,9.403799134850479,10.088959802064721,1.0639458283773597,9.403705005025154,10.12337802831719,10.304683551139036,0.18694751890884523,0.10663908362411031,0.10663908362411031,0.09544855763146769,0.1499905944072328,0.2831483976899714,0.820105313940875,0.5553883898184222,0.44555201305355685,0.20594319746596082,0.667199519919524,0.1403046838094221,0.14011660352200744,2.358566838053355,0.25023510071799476,2.4037051025987544,2.3996613943556633,2.4702840176923666,2.355181464625185,2.4989654902611904,1.3193530473176398,7.997272829375411,0.8905397493722229,1.2271018007632506,2.387812659102363,1.0228512003297574,3.0124129804202617,2.44865539447468,1.9416024188518255,0.7184502682516354,2.4468686496805647,1.2647169973026524,2.333646827742236,5.221365339800404,6.504702106193871,4.226443506125693,2.3967462395823538,0.23283806873125668,2.390539841206199,2.2991349021362053,0.14369004826943005,0.720330999380488,0.09366183974183724,0.808350565022312,0.14143313862942475
2026-03-16,9.434056695902123,0.6349056891675265,0.0968867967713554,0.4230188693640367,2.38773590663694,5.301037482495578,0.5192452916559184,0.5307547011465397,0.809433991054319,5.247452645931604,1.2700943856869105,0.25707547169811323,0.7160377502441406,0.10358490134185215,0.09556603881548036,0.9533019155826209,0.5163207503984559,14.73632121535967,0.2119811255976839,1.445754716981132,0.35820755868587856,2.3055660319778153,0.2586792460027731,0.6066980901754128,1.203490563158719,1.2001886907613502,0.7428301685261276,0.2587735877846772,0.14141509218036002,1.0210377675182414,1.405094362654776,0.13943395974501124,4.689056684386055,2.42056591105911,0.30235848336849575,2.9995284170474648,0.3018867924528302,2.8598114589475236,126.09622825766509,25.190187850088442,6.544056442548644,0.2728301893989995,2.462830165647111,7.91094337319428,2.478679153154481,10.542830557193396,9.433867832399764,10.122547077682784,1.0674528445837632,9.433867832399764,10.157170133770636,10.339150482753539,0.18867924528301888,0.10726414986376492,0.1069811335149801,0.09537735525167214,0.1492452801398511,0.28320755148833654,0.8153773613695828,0.5559433991054319,0.4479245239833616,0.2071698026837043,0.6593396168834759,0.14037735957019734,0.14066037591898217,2.381886752146595,0.25292452326360737,2.4333962494472288,2.430849183280513,2.501698044111144,2.38556599167158,2.5141509433962264,1.3390566268057194,8.047453106574292,0.8984905458846182,1.2009434250165831,2.416226369030071,1.0373584819289874,3.014905533700619,2.474151035524764,1.937830223227447,0.7307547083440816,2.44915080520342,1.236981086011203,2.363018827618293,5.249150690042748,6.476886677292158,4.2525470661667155,2.29764153822413,0.22349057107601525,2.2866981074495136,2.202641469127727,0.14075471770088627,0.7244339709012013,0.09481132255410249,0.815566008945681,0.14066037591898217
2026-03-17,9.407337723424272,0.6399811738409866,0.09717779796524981,0.4274694132333865,2.4344308445841665,5.332643324097484,0.5220131860627168,0.5331138115611036,0.8107243678755953,5.2959550514831255,1.281749764816557,0.2584195608029585,0.8011289149775106,0.10451551887749055,0.09670742928477133,0.9619943756936075,0.5187205963278311,14.733302205212253,0.21533395474739828,1.458137347130762,0.3652869410259143,2.358889934148636,0.2617121325947716,0.6044214487300095,1.215898400752587,1.2062088543810265,0.7551269674794582,0.26095954629462054,0.1423330208319936,1.0182502150872017,1.3836312495865917,0.14092191479055813,4.712793990787424,2.445437556039805,0.2984007461275117,2.964158008823054,0.29821261300977847,2.829350985565616,127.21307619943556,25.32361149900047,6.59087474460548,0.2722483587399588,2.4805267420111123,7.990498726702141,2.490874870924712,10.514486748882879,9.407337723424272,10.095296377072554,1.064628392934575,9.407243558178504,10.129821719925918,10.311382648974012,0.1890874918294424,0.10959548088927822,0.10978363195008416,0.09604891851502326,0.15014111042471281,0.2841956640119723,0.8273753240662483,0.560112896665356,0.4547507069857751,0.20921918881578705,0.6700846976193189,0.14073377270128856,0.14148635900143958,2.4018815364460844,0.25409219406285827,2.442991556363182,2.442991556363182,2.5132643806407278,2.3984007238781015,2.537441307491328,1.3330197267003028,8.08024452187941,0.9001881697216016,1.2085606888118827,2.425775967559384,1.0477892497969705,2.982126058325494,2.5001880434023693,1.9428974485352482,0.7340545510752293,2.4504234335496533,1.2429915793303152,2.3692380630622356,5.280997131864417,6.518720625036748,4.235183557921273,2.358513703799315,0.2297271879237436,2.347695179290628,2.266133578453889,0.1413922834710366,0.7269049543091854,0.09557854983454478,0.8204139142471558,0.14223894530159062
2026-03-18,9.373043488289671,0.6461711729441021,0.09775986788992203,0.4326553552105362,2.4687413501587545,5.33742630243726,0.5257287482668281,0.5354766245019705,0.815446621051645,5.33273982760363,1.2731277704663482,0.260286816550414,0.7220920509469242,0.10497703448556694,0.09841597150623302,0.9567907191963135,0.52141720000108,14.675883583571563,0.21707751286354962,1.447652047504379,0.3659199635910333,2.3302090224983742,0.26591058992626676,0.6027743702183311,1.2070484467081908,1.1988940262640302,0.7610834843775629,0.26553566335838463,0.14143781190915636,1.0148092290099016,1.3772612469904044,0.13965694646668173,4.81507142846682,2.442403098437207,0.3061205347025224,3.0415221670259633,0.3058393576540935,2.8995220367749144,126.15287280907302,25.456180728043865,6.621801297860625,0.2711594367342373,2.4857063661733174,8.095041457911062,2.503327271274399,10.478863906967616,9.372949667260286,10.06111204372774,1.06092419572037,9.372949667260286,10.095510036744892,10.27631460195719,0.19064579766227285,0.10938232333202685,0.10928859169005632,0.09747867296401044,0.1531539989932317,0.2840003677669936,0.8327865636340903,0.5692192290021214,0.4589933566473252,0.20976660568719283,0.6840378981810253,0.14265629643854916,0.14284375078374884,2.413253362271095,0.2550379518649607,2.457399875112768,2.453088398356951,2.5253537602004053,2.4080045333406073,2.5515981908925687,1.3363951807203551,8.123816482039086,0.903271185177449,1.1992688813219814,2.4389351528266765,1.0566126474546218,3.05173864783851,2.5104508045542286,1.9616645729321662,0.7376511102094122,2.4395913279529187,1.2360108268552583,2.382135100726257,5.30096539093255,6.5748427284949384,4.253819442664642,2.315493422871242,0.2249507920142469,2.3100572379217095,2.2226076003637876,0.1405942450089043,0.747211558915579,0.09569781646027718,0.8238822900541655,0.1422813788094084
2026-03-19,9.358820685394244,0.6261113853615247,0.09480580359794963,0.4189049913105588,2.370145063172672,5.163406850469408,0.5064108620528925,0.5175479572958405,0.7902667519083412,5.1412262691199695,1.2131961149537904,0.25278427916595075,0.699578848853533,0.10294805802526907,0.09480580359794963,0.9463734463882268,0.5088441640794082,14.577071208177353,0.21188581553250763,1.3762283860716689,0.3585400222114274,2.1509593058591925,0.25680861519941617,0.6025268811737761,1.1395414331888674,1.1354234880189447,0.7339260474398251,0.25699577992019335,0.13336452971455312,1.0132896269823717,1.338324754328498,0.13720168317652887,4.670285344068057,2.4361252952079435,0.29536733239066343,2.9322414371417294,0.2967711659754109,2.795507835348912,118.89798783341134,24.646513621607394,6.440243468866987,0.27065980417682683,2.404773160571186,7.820963808237307,2.420402387619911,10.463172580574405,9.358914365933552,10.04604626996081,1.0593355399289308,9.358820685394244,10.080299073979294,10.260832897680745,0.18399625500619662,0.10584932540586522,0.10687880277298967,0.0943378560945817,0.14955544728344716,0.2778661725227667,0.8025269068788021,0.5528310687395809,0.44510998009631275,0.20449228246579063,0.6583996113628554,0.13907346426464434,0.13823116946900957,2.3330836994490673,0.25465605132870994,2.3839026787150503,2.4472624261523164,2.4531585879006785,2.33299016171546,2.458586918175304,1.297894175720929,7.901076092360786,0.8759943703708105,1.14225552692333,2.363406633404744,1.0207767870362585,2.9557324035958707,2.42255504074418,1.8981750802453792,0.7136172204024334,2.421338336178785,1.168460444306234,2.3247542713756144,5.1233504227962685,6.395227113615759,4.183247646105083,2.140758123473693,0.20664482848578433,2.11240062436937,2.0494150278665333,0.13523631080266857,0.7215722833329069,0.0927468399383445,0.8005615434302981,0.14057089806049297
2026-03-20,9.299637219700315,0.6227099328975416,0.09541523508678355,0.41616293127499304,2.3659444216693886,5.122849301139798,0.5033013943260929,0.5126011246339139,0.8013577435966271,5.117083513757788,1.1941784028839335,0.2509997188795514,0.69933969076762,0.10201804396009308,0.0947642479343746,0.9463405759902397,0.5002325017718529,14.525899476454246,0.20831395534762645,1.360085557518832,0.3542267288439309,2.1542824690457025,0.2574165377585398,0.5970426573815882,1.1347530609417502,1.1258253283603994,0.7207290988561331,0.2568585589066623,0.13326513460156286,1.0072537669356807,1.363805392880911,0.1379149997554734,4.572026456642914,2.358783589599632,0.29898634358670984,2.99274618765548,0.29907932528049946,2.8310240251811996,118.60411048079605,24.5373384171859,6.402957405055566,0.2682972229282035,2.391332787579629,7.825629965910676,2.4077001199338266,10.401097867673556,9.299637219700315,9.986515164009463,1.0531944573607366,9.299637219700315,10.020738671039478,10.200037743827304,0.18236771701247617,0.10657490968238606,0.10666790911400362,0.09420626908249714,0.14777271778408588,0.27610899780579945,0.7923369938458308,0.5498930630346437,0.44043523305451093,0.202548132489961,0.6477262301300001,0.13837998804464724,0.13819398918141212,2.352180718643925,0.2463498537256409,2.373570126732438,2.3678043393504282,2.437180389883928,2.325676572408209,2.4198827439326527,1.3072631574836673,7.961964330085209,0.8875662832828629,1.129080290729186,2.3505068353017764,1.0191574103774819,3.000836907614445,2.3935646320358273,1.9067236936603447,0.7110573708218418,2.4174650070401866,1.1604203364577037,2.3047521792156114,5.08165156398941,6.344741002510927,4.155956613488677,2.1271272735751796,0.20747697820089633,2.124244379884175,2.045010637928805,0.13242815745483275,0.7239839902736083,0.09225332536309816,0.7996837893031669,0.13856597803896842
2026-03-23,9.254881908693893,0.597501134276666,0.09208699499551261,0.39768626766037135,2.2790374826469226,4.9205921602050555,0.4901434436323245,0.49773251993796275,0.7649236605819427,4.894215708692446,1.0899583215461954,0.242850530042741,0.6712632927283376,0.09912077777091137,0.09051364861611469,0.9231837112447941,0.4752429289599361,14.395557069932902,0.1983341074056065,1.24155477923632,0.33752893309304144,1.8944007629931168,0.24831096643874184,0.5925960090633676,1.0205460124300454,1.0247107933429258,0.6806108367934044,0.24831096643874184,0.12105506639246696,1.0024988403037873,1.3309578672706501,0.13503008007948072,4.172142413632288,2.2903285628940595,0.2977325142891746,2.954465626897993,0.29745487635028633,2.8195279398101283,106.99259421274873,23.831559463211477,6.128366338826065,0.26441462003539307,2.320592369210218,7.521887924427348,2.335955519634284,10.352429024106316,9.254974548819991,9.939750025306571,1.0482184371701109,9.254881908693893,9.973901468865687,10.152336519551135,0.17639980995781937,0.10087921905164529,0.10069412415030929,0.09023600185099491,0.14187875912731193,0.26422951630782554,0.7519666820916243,0.5263303927060136,0.42128644569887713,0.1953725183743782,0.6145303241636179,0.13225358594958841,0.1327163364422757,2.268856954155339,0.23757519737430768,2.2997686764753733,2.2946784122295814,2.3614066996435388,2.2517353359718446,2.332531224241526,1.2745951061610654,7.6436837058219576,0.8474780166110525,1.0223970497057207,2.284683022770491,0.985654789449329,2.9699212762284533,2.308005598175035,1.8477556121840295,0.6904210872200008,2.3868578796527937,1.0524757169893857,2.232762609902823,4.890143497295813,6.077556618933653,4.071078249725243,1.86459973364834,0.17963905458039897,1.849051302972076,1.791022714229162,0.12096251452868319,0.7094863828052695,0.08921795782806806,0.7745488425858977,0.13308653507117926
2026-03-24,9.209799226376866,0.6035181320620453,0.0922821924642077,0.4061521318301814,2.322619289384843,5.00128916952794,0.49189537527548455,0.5022103405718997,0.7740836530830523,4.98461945541306,1.1290292534342479,0.24599372890470306,0.6930373917848591,0.10020261663695818,0.09219009236398817,0.922269288908164,0.486922075261418,14.341131278133059,0.20077361610849648,1.2866089238187712,0.3451832707886934,2.0434702973182217,0.2517038121542278,0.5899797159568406,1.0758887428147377,1.0636396929800105,0.6965370901954132,0.2517038121542278,0.12589795612722365,0.9977896144583774,1.33256587254933,0.1352919467708906,4.2469147622288865,2.3217904411817614,0.300699958794243,2.993461031306842,0.3017130071977639,2.8432492284094963,112.36737529356235,24.037575980843616,6.19165571953715,0.2641370446230962,2.353287937672324,7.674709958778953,2.3639711979718294,10.303278508645699,9.209707038445156,9.892521687997904,1.043193927455023,9.209799226376866,9.92668968336998,10.103886130546027,0.17885430167889063,0.10232086624311333,0.10213667482582327,0.09209799226376865,0.14533062933294522,0.27141277687745896,0.7629397341857674,0.5377601712069298,0.42991343069787974,0.19828698366776118,0.6207404819108391,0.135015655253381,0.13510775535360053,2.288819343087686,0.24083624625649544,2.328421507867183,2.3258426347958445,2.3929820093227634,2.2834776426727412,2.377878084743104,1.2824645422729786,7.692300427967858,0.8578006943235259,1.0608767953712124,2.3174618243029332,1.000000016863646,3.0034996787363006,2.3507092051313694,1.8634186943364772,0.7002210239390023,2.38718007190119,1.098084392677598,2.2580585068684957,4.965094726022864,6.125989806083361,4.109780716838967,2.0312212474834945,0.19883956670278036,2.0284582796095045,1.9553324512672108,0.12488488137425584,0.721587755333589,0.09044022559241315,0.7937005001397659,0.13381838029997414
2026-03-25,9.188642837452909,0.612147411068474,0.09280529616346345,0.416153642520696,2.3703942039943318,5.083983993635429,0.5007810346411835,0.5095102523471419,0.7922447966617948,5.068087820992316,1.160525618411815,0.24928787246868145,0.6919048337017165,0.10125884827495793,0.09418358908389231,0.9235505112214506,0.4968299154169275,14.354957272810806,0.20435541460183923,1.3227051084098336,0.35192501366406825,2.1223008473831033,0.2562712431282591,0.5888082498488899,1.1041073569981565,1.0961132124922113,0.6998989081038804,0.25636313165974706,0.12937609045029913,0.995773249532133,1.3544058981575335,0.13681889500434397,4.425250446600346,2.3292291233406606,0.3002848507321123,2.987595466768699,0.3012037009951013,2.842414741687868,115.61655613973629,24.441789947624738,6.305614171040844,0.2630708367248608,2.386015008984052,7.8112650517866165,2.3894147619674895,10.282551215915879,9.188550861291693,9.87237006505272,1.0411650974785789,9.188642837452909,9.906459571048309,10.083340945669278,0.18092438237671246,0.1046586450732588,0.10456675654177082,0.09363226665793715,0.15069373902903863,0.2819075650572065,0.7683543393051735,0.5477350051488704,0.44206561251816195,0.2013231631665176,0.6356703142991434,0.13801341962476957,0.1375539857303024,2.313700294512155,0.24386658931845395,2.3555086474640783,2.348984649358159,2.426353005224605,2.3145272387177105,2.462464304276165,1.2897179142731927,7.875310183995395,0.8791693494916455,1.096572602571815,2.346503676533929,1.0192961527628024,3.004226887871279,2.3669944510108945,1.8875309948446688,0.7089957149876814,2.3657079064143907,1.1296517728696707,2.2943122525168267,5.046402758495187,6.241385647339888,4.155196099008345,2.099237404335819,0.206009373116732,2.1010751048617973,2.0345492802439153,0.12836534289284948,0.7231461632660313,0.0914269944800619,0.7944500513137247,0.1363594611098768
2026-03-27,9.1726288754357,0.5994312830134021,0.0918180171425595,0.40753990373487237,2.2972848738602294,4.955696381684554,0.48633278717449707,0.4971564920467754,0.7597688665479242,4.916437261368327,1.149789015539544,0.24417538836207484,0.6858374302244213,0.0996147464380595,0.0914511123374501,0.9207484613228579,0.48403962995563815,14.261969967164855,0.20078884048475912,1.3057237764035556,0.3452577452728714,2.0343972966990718,0.2487617027997927,0.5859475423602571,1.0837461156290489,1.078059060532901,0.6746468817809376,0.2527059185200931,0.12685745664745968,0.9944047299771545,1.3487432882602532,0.13612181391109787,4.295633806261179,2.303522334276394,0.2992111441192879,2.964960468119382,0.2983856061208666,2.8194827085196525,113.23977610186205,23.960373437070032,6.1553843107557675,0.26160337972632247,2.3380113684612773,7.5941109259267225,2.3443405047794412,10.268941657780683,9.1726288754357,9.859199922820927,1.0398092149179194,9.1726288754357,9.893413649373395,10.069620611470373,0.1800586971268263,0.10319207484865163,0.10291689843174472,0.09163456036615451,0.14199229079284836,0.2677490417726804,0.7362868890393176,0.5354980835453608,0.4320308060367006,0.19730324921007006,0.6144743887705882,0.13557145232958348,0.13428728988555086,2.2801321026513914,0.23968078481715835,2.310952141271384,2.3067326704048714,2.374702023926229,2.2630710073445526,2.370023893623303,1.2736195753395307,7.584296705700503,0.8417721211068282,1.079159801191331,2.2963676949506113,0.9944964058791536,2.9844063965470786,2.3382865361304837,1.8558980171624904,0.6924417342117918,2.3610346165518656,1.1137405812598176,2.2439002465860622,4.927903047462622,6.1029171423176365,4.108237065518368,2.0231150023719846,0.19693633565726007,2.016327346580616,1.9491836360300863,0.12649055184235028,0.7114290731846794,0.08952485992370057,0.7794900326264318,0.13364519991583396
2026-03-30,9.186018649957514,0.5961785920069714,0.09112621786049922,0.39151202399306234,2.243156370029453,4.785045236212222,0.4698695712463614,0.47878007470039285,0.725610856731302,4.745636462902467,1.1783942566534713,0.23874701241152088,0.6694837153538303,0.09746463032038624,0.08928899749245645,0.9186110600771633,0.4668381379278359,14.226529038874473,0.19575601199653117,1.3434686753628513,0.3373139924738483,2.0848797236254564,0.24251331635614803,0.5837773216705912,1.1173984878711045,1.113264766134542,0.6623185602987424,0.24131912968733854,0.13090207606099577,0.9963255473495559,1.3258313598296407,0.13402535506694738,4.15147889652564,2.2552819631346313,0.2919346012001241,2.922101838173026,0.2938636760161507,2.786239183893016,116.69621352827025,23.467756303250734,5.988425724913306,0.2607936743491497,2.287708922341841,7.4295428008164155,2.294690456106539,10.28917835802579,9.186110600771633,9.878191859455379,1.0417968368740527,9.186110600771633,9.913099528278867,10.088737918111566,0.1738012132674439,0.10472165734457352,0.10279257376798917,0.08938085194044028,0.1408230748089845,0.2580378481773644,0.7217527070992488,0.5214955030108733,0.41824360443961855,0.19235716088607033,0.5963622833818235,0.13283115963758013,0.13145324655168747,2.2343376421783856,0.23534816130106007,2.2642844524450125,2.2483005695388574,2.3281278930865907,2.2185375207315445,2.283299628500769,1.2389306918720144,7.241043631872359,0.8034172247333516,1.118960109852965,2.2509644799387547,0.9782288982525219,2.940290157746331,2.2558332475125735,1.8024986332969237,0.6789454681435731,2.345214064410783,1.149090541409982,2.19869562836226,4.738654929137769,5.903637542808711,4.068528329014187,2.06604816886009,0.20356420951141016,2.0533712913769695,1.9849347954350054,0.1298916070487117,0.6884989614940491,0.08772735798948064,0.7741135094898622,0.13182069062529603
2026-04-01,9.206407659731173,0.5954704502409849,0.09187994422975812,0.4057263827547801,2.291106615819845,4.910881816517733,0.48075861922945246,0.48904436505141563,0.7555698738245646,4.877278765708433,1.1987664031841943,0.2425888453458822,0.6833916714871441,0.0999815840239113,0.09169582064211906,0.9346344747106095,0.4776284392203575,14.29009336592018,0.20116001087709193,1.3712943928212316,0.34938317771072963,2.155864464821813,0.2503222291848427,0.5930767645824462,1.1479469935684612,1.1357945382671886,0.7043822697130405,0.25078254254389765,0.13432148916026412,0.998526966345725,1.2960780590986638,0.13505800107064947,4.433529804126485,2.2888050139049123,0.30178603184769726,2.989596860489119,0.30298287467696655,2.855827768431516,120.10863740851131,23.826183023384274,6.1651627061731835,0.2619223049432835,2.3335481607503508,7.569784390248112,2.341189495965364,10.31191268693323,9.206407659731173,9.900110252126105,1.0441907399092736,9.20631550574825,9.935002896781784,10.111765474317,0.1755661912615008,0.10559749831549262,0.10550543213171582,0.09169582064211906,0.14500092064076597,0.2690112254958064,0.7749033158621369,0.539679607179937,0.43178053328925525,0.1982139632355506,0.6123181931157289,0.1370834132141664,0.1346897451154568,2.269747682619525,0.23881421961017876,2.3101638066265995,2.3010495529497903,2.3701897643806964,2.2577794650447807,2.3394402560334338,1.2947891676454468,7.517768524119349,0.8401767826940754,1.1392929478917326,2.284754172058049,0.9880316672327768,3.015098508561959,2.3531578540187406,1.8691769359169295,0.6905726582234438,2.337967197093005,1.172251904171006,2.236788866818884,4.869177082014707,6.035168274970942,4.1559566693770424,2.1575216912494533,0.20926164189133056,2.1474866001365855,2.0696924835075836,0.13303258892713254,0.7229791822803984,0.08930215254340947,0.7981955160029661,0.13395323320507146
2026-04-02,9.24129008409574,0.6021624957222935,0.09241290084095741,0.4029202335654847,2.2944274907984186,4.920340011789865,0.4801774243089609,0.49311524452778455,0.7555678970171932,4.892061686694276,1.1866740935413491,0.24378522466284636,0.6794196159603217,0.0998983496868746,0.09204324959012081,0.9317068634583147,0.4782367618519546,14.323168230105235,0.19850290677604962,1.3575454569493057,0.3497828155819342,2.0941687515973717,0.25034654978826254,0.5888550154394523,1.116163005076212,1.1143147752615719,0.703909048784265,0.25080860724192255,0.1315035536663555,1.0028647689036727,1.3120783266568623,0.13224286498120968,4.424637358330301,2.310045293602284,0.31059976536689365,3.0789207414077664,0.3098604452388585,2.950281859347565,116.83162008478884,23.98142527767189,6.180297750034655,0.26171333236137345,2.3445152661329103,7.613159664764983,2.353756556217006,10.356436964654954,9.24129008409574,9.944183149373902,1.0487016297655818,9.241197580947926,9.977451568059214,10.156547815012477,0.18205342170723088,0.10664448721793761,0.10664448721793761,0.09176601335528863,0.14379447758632935,0.27261805748082435,0.7733111570573494,0.5353479373918841,0.4295351588784431,0.19693188675669887,0.6202754158264674,0.13686351002325756,0.135107659971898,2.2742815461003203,0.24008871215448044,2.3168838990284373,2.318916853116914,2.3806486031934435,2.2685518503607716,2.3341650663622096,1.2817669064619,7.515756670334304,0.8372608675179845,1.1171795526258983,2.298493680997164,0.9988910113472935,3.0962019087415387,2.360964751201729,1.8794936224268783,0.6950374187641869,2.3459939063889803,1.1488771804345645,2.2499769080556615,4.888087999643345,6.124665003234452,4.1697624198787375,2.082432273707519,0.20192219186276433,2.077257173822169,1.9956565654582958,0.13076425116468232,0.7324646718069538,0.09001016330392907,0.7888365272188482,0.1350152449558936
2026-04-06,9.304922303898763,0.6117986414813437,0.09416581265059162,0.4135107344068948,2.3328371332824713,5.055829306652438,0.4947427018604756,0.5070252319574468,0.778077628608747,5.038708567652601,1.2103843103289726,0.2493719106453945,0.6931236425399603,0.10086535919408106,0.09472411189332634,0.9463105699101348,0.492974779401101,14.46999130753059,0.2046152393330061,1.3808504131058377,0.35516886730199415,2.1585558363035178,0.253652184134008,0.5933748995790795,1.1523215440391796,1.1427374854247117,0.7199218642093796,0.253931338192308,0.13501442475929876,1.009863206283585,1.3199032856007782,0.13380478379492805,4.501070168291878,2.350702567068135,0.31357588874048065,3.129524393526246,0.31441333316764997,2.9809247729744346,120.24983716385968,24.302037687116172,6.2978507219674675,0.2636084481595427,2.3844794804654788,7.712105772068659,2.384293200282637,10.428957372551642,9.30482916380734,10.014050069205359,1.056015612392012,9.304922303898763,10.04717613781753,10.226295892167581,0.18181819033709262,0.1085884439964078,0.10821624745920645,0.09360752228172234,0.14683167147084017,0.27654228448268814,0.7896157123881229,0.5466641853540523,0.4414255013185911,0.20145156432986205,0.6399925447036091,0.1392946893740468,0.13752674916694138,2.3030612683245177,0.24416115912457584,2.358425669618193,2.3536800683748225,2.421606029589653,2.3138550122726835,2.4205826244387967,1.3082721327209046,7.7293196511599165,0.862101065654405,1.1446915105896196,2.3291150791718036,1.0195403339985505,3.145528871247499,2.3922024410336897,1.9186749506675556,0.7068018896852392,2.373685736517313,1.1790266966081013,2.289848295690803,5.020191863136224,6.258676794614194,4.2248998584997555,2.159207249016077,0.20963990589602222,2.1459011362909415,2.0692286673751976,0.13389783514769474,0.7357402037296382,0.09165348824294897,0.8013399343684938,0.13771285187247476
2026-04-07,9.296365248355723,0.6185739603563014,0.09435715923147972,0.4140559720696044,2.3257413096196085,5.056800427374326,0.49660684362689705,0.5070186940181031,0.7698242777595403,5.030956518320919,1.2038672492330575,0.250069718495215,0.692572278516315,0.10151529307700982,0.09454308893087242,0.9511015855591127,0.49121502419436547,14.430696835490844,0.20386725207005468,1.3632982606347903,0.35669795418689937,2.1394440772487537,0.2544389777747829,0.594589561071606,1.1395370626666794,1.1321000165408281,0.7275262818279304,0.2545319248932472,0.13358743037611864,1.009017392539996,1.3226735965352503,0.1334944655264223,4.7080971665616,2.3564190362325843,0.32062844360385606,3.189179116469218,0.3216510037568197,3.0476898423156142,119.14567258529331,24.392394650721624,6.329459750409617,0.26382819708809707,2.3904435683595566,7.799944018103038,2.4112671272921125,10.420655862897416,9.296272194849866,10.006042349966883,1.0551268941154597,9.296272194849866,10.03904457017814,10.217997809929,0.18676210981303237,0.11006786420552098,0.10978897852204797,0.09370642301483736,0.14771776836778613,0.27498373081440974,0.7955749914572343,0.5474574638807144,0.43934180832512043,0.20228688508768092,0.6476712667932074,0.1389792675398823,0.13795668079007056,2.3166310025866155,0.2455145472474864,2.365901273589291,2.3632054170667214,2.430696302135383,2.321558015501897,2.436645768816236,1.329459835519531,7.679185533075846,0.8549781651083307,1.1323788933586851,2.3485172899768756,1.023054783413199,3.2099099055956297,2.425862342725958,1.9351120541239135,0.7103281924524438,2.3763130530555685,1.167518790907229,2.300176561083771,5.015059688603933,6.278051660219799,4.304359849527488,2.133401557062044,0.2077716871011409,2.1371200092000415,2.0454587596848275,0.13284372930977995,0.7450962306022024,0.09221902088215995,0.8165845155516467,0.13777075109067788
2026-04-08,9.262689885142645,0.6434790776278541,0.09596146402998561,0.4314561118104362,2.4772138054965382,5.332623397301374,0.5228788510831739,0.5339014393261249,0.8105780116360733,5.3039087194475965,1.2230455102457654,0.25879956033769563,0.715913309702921,0.10550204097186694,0.0988329017811592,0.9484994583723501,0.5195442770710254,14.432567753320097,0.21128195133329367,1.3884771572479102,0.3690255664374573,2.2371249006341327,0.267321235738714,0.594942602416947,1.1658948012836425,1.1521859891593964,0.7457391824400748,0.267321235738714,0.1362541685637919,1.0054650152997204,1.32864025973885,0.13421637431565547,4.851519262053076,2.434975962234277,0.3211374413574038,3.194331098106359,0.3220637315465327,3.0605781162257726,121.42552435508523,25.317617997985366,6.609299537118782,0.26546869069481394,2.477028653461786,8.04927751018896,2.484531409654762,10.384215969383916,9.262597167787838,9.971285661356058,1.0515005246671583,9.262597167787838,10.004445684093067,10.182290008307476,0.18831048465826283,0.11263430758996026,0.11226380034789814,0.097072985756172,0.1536680266078908,0.28278992855358936,0.8201185709107758,0.5680807876162902,0.4634123636466921,0.20942942395657246,0.6907187819083385,0.14412745849959893,0.1432011859776489,2.4112634987423007,0.2544460847846841,2.454334950173241,2.4484066929628163,2.516487520153587,2.4032050037702044,2.550111129664633,1.3519822778238904,8.0663211083315,0.8997776897892594,1.1536680534620027,2.422378556999554,1.057613933912336,3.2179511269183902,2.5238051243118114,1.9649870265806637,0.7363838458688403,2.386717427081645,1.1875695323626083,2.381808212749514,5.28380884069476,6.5436273824289675,4.331141129472867,2.2264727224637597,0.2173953252441135,2.2222119642655556,2.135791050676683,0.13505001781869264,0.7585216690408341,0.09549833660260003,0.8340126057384897,0.14264542069776098
2026-04-09,9.243760309062441,0.643464601685631,0.09706045479755962,0.43104086770304334,2.4605286806783253,5.234886278042094,0.5132187137896438,0.5245886485487151,0.7976520698421828,5.217692847171669,1.2102975843573789,0.25623959431830734,0.7251802269203381,0.10473285194773575,0.09826215672435679,0.9552597184127437,0.5090589729601055,14.418099463856535,0.2124237339825876,1.3773340728415602,0.3712331285580709,2.16102790515157,0.2650212615667771,0.5953041368633657,1.1460529058692326,1.138935099690078,0.7579034744293726,0.2644666353332553,0.13459050119815769,1.0036050997857664,1.333148467560576,0.13486781431491857,4.822425609552655,2.413107670484089,0.3217785299805048,3.196431951792585,0.32242559685815525,3.050286660993974,119.13893691359308,25.04159733777038,6.599371260031024,0.264559075977384,2.4498057775344044,7.9376040159124255,2.462747397187413,10.36448493685293,9.243760309062441,9.952301854764627,1.049454601398566,9.243760309062441,9.985486970500554,10.162877093227143,0.18654095308907173,0.1136993916688377,0.11360695102470907,0.09696801415343098,0.15307819805825829,0.28360140788663135,0.8310223842288676,0.5681271869520489,0.46108338942609756,0.20826401078429937,0.6858938523594211,0.14383435403602052,0.14235533017683744,2.377611309438696,0.2521723117641478,2.4244777110306606,2.420687697515137,2.491125811003651,2.377611309438696,2.5122943129903574,1.350989035833651,7.9481421435555895,0.8863930429806659,1.1394897082923499,2.3987798114254018,1.0497319056997019,3.2205582722914063,2.479201443954809,1.964226340295471,0.7270290398029109,2.3801995769492974,1.1743390729850927,2.35440928959366,5.1908854482618665,6.554446270647012,4.312257348863006,2.1580699455894545,0.20955814453960014,2.1490108682523483,2.0690515976248354,0.1336661123881214,0.7572564075517222,0.09447217847133303,0.8238121902993347,0.14272508393772693
2026-04-10,9.224999909911208,0.6528597476297638,0.09695572166865161,0.4392988831354683,2.5238929551465925,5.313284335541109,0.522693725529632,0.5459409622248688,0.8107010816735974,5.2910515479056155,1.212084865218159,0.2580258239239344,0.7240774710679846,0.10581181058144656,0.10000000140763736,0.9521217627718879,0.5166974014901586,14.479889253848592,0.21651290879478313,1.3796125742782086,0.3750000140763737,2.1855166389493483,0.27047970198177324,0.5978782062600899,1.1472324779552727,1.1392066223594974,0.7665128813458544,0.2709409671515996,0.13468635038256205,1.0019372750032431,1.3349631615670403,0.13477859461879377,4.86660496335188,2.4314576321422394,0.3153136559518061,3.1404060279311286,0.3155903974582348,3.0018449621446894,119.84502025196032,25.190774277127534,6.729335996057714,0.26383764189547715,2.4699261091732008,8.053136734065093,2.5024906735578587,10.34714026644661,9.22509225092251,9.935886059300046,1.047785994751427,9.22509225092251,9.969003825170088,10.145849249019834,0.18892988507598088,0.11457564646027624,0.11439114039234569,0.09843173502116186,0.1549815427773113,0.2883763858752937,0.8395756654633807,0.5738007450455669,0.47130996450726836,0.2101476078103829,0.7006457283048172,0.14538745598599478,0.14418819293764684,2.393634697607962,0.25424353750869355,2.4433577984461485,2.442343173431734,2.5087639502493655,2.3944649221272485,2.5185425255131455,1.3469556688822504,8.065775065404463,0.8992620235879483,1.141143883286367,2.4276753105360642,1.064575659832831,3.1523985352463386,2.51955715052756,1.9799815948598938,0.7323800681701885,2.3809963662685942,1.1744464719427468,2.3708487084870846,5.275553460490659,6.666881941341385,4.280627204923172,2.1779519957369984,0.21190036266932188,2.1694649277577978,2.089852336587941,0.13367158460441111,0.7500000281527474,0.09557195255237311,0.8306273147188868,0.14409593990368155
2026-04-13,9.178522257916475,0.6473611636465982,0.09609913049131535,0.4357044627875459,2.463331848396627,5.257365562435464,0.5162918770078018,0.5274896853667106,0.8020192496871773,5.241853837411083,1.2066085976490792,0.25543827373754985,0.7102340271080125,0.10481872488567182,0.0981183990856659,0.9495180995708323,0.510968317291834,14.412574575493345,0.2150527793040457,1.3712711693114674,0.3716383816288829,2.1564020416833984,0.26571822636933873,0.591739341172126,1.1430931704041059,1.135933934247182,0.7659476544125029,0.2656264390459625,0.13437356900709274,0.9970628476679024,1.323267537117442,0.13345571327997272,4.775585018751434,2.4068839925316947,0.3098668960214154,3.085635545440856,0.31078476925517723,2.9389629390273635,119.07526388251492,24.907571653424736,6.641578481743346,0.2633318084814834,2.437081129083725,7.925103280783903,2.4668197316716385,10.29756809495468,9.178522257916475,9.888388855624713,1.0426801144939981,9.17843038305989,9.92115680752352,10.096925732847636,0.18678293144992864,0.11381367249683591,0.11363010660340447,0.09720055211186682,0.15291417941635713,0.2828820531879231,0.8391004880123479,0.5674162431833338,0.4620468118640467,0.20789352564047978,0.6955484055006597,0.14410279769862447,0.14226709499770537,2.371362876104291,0.25112437457872017,2.408444184456029,2.411473253660653,2.473795218115391,2.3626434480230323,2.539605345951411,1.3383203080182997,7.987884619521569,0.8882055680868876,1.1367599676376419,2.394125712142181,1.0540614624863756,3.102432398032354,2.491785323417422,1.9492427270967185,0.7232675819344453,2.3667736149753327,1.1711794261048287,2.3462138147516063,5.219825720119608,6.583845778417565,4.220835111074461,2.1664983321352254,0.2090867433377284,2.144837014004417,2.06489216356772,0.13318036006316508,0.7385038924687715,0.09426342779039625,0.817072020588035,0.14217530767432918
2026-04-15,9.090082719752749,0.6523043553879689,0.09771838923734205,0.43896010285907955,2.469411904936909,5.270338860352184,0.5183165208414114,0.5284065182084832,0.8037450974360996,5.2497047498522855,1.2100717672683166,0.2567039339252628,0.7088446810011234,0.10508136005469229,0.09953640404749692,0.9546404567136297,0.5144077824978446,14.276883697717821,0.21934368839893284,1.37760206391926,0.3761476326526246,2.2239796715035847,0.2677938286016967,0.5872193298256622,1.1500772351883137,1.1368057227396942,0.7759294665062408,0.2682483431404585,0.13462412889388872,0.9875465811257925,1.3351513942624533,0.134805926040415,4.793019082782247,2.4232341293724717,0.31515315124938925,3.1410779728476386,0.3157894889416125,2.983455971776003,120.25588227774747,25.0455414031963,6.714116854078606,0.2614307811006439,2.4485955378346285,7.96509399358581,2.4845921877308026,10.199527759550268,9.090082719752749,9.79420017214344,1.0328152235849652,9.090082719752749,9.826743378442869,10.000817574822744,0.18752839887979822,0.11471684288300228,0.11462593997524993,0.09826379801487772,0.15571310936066357,0.2843377937155305,0.8518316433458109,0.5747659262088567,0.4650486305555141,0.20934461127757029,0.7061176284444667,0.146441238163363,0.14389600876016775,2.3813289811899203,0.25324971012045777,2.4250522568793462,2.423688799952845,2.488591846320079,2.37660223804228,2.542768939063068,1.336969383065673,8.006453758997761,0.8918280211830885,1.1403508494522514,2.4065994000545405,1.05254068644239,3.15353161919584,2.4981365996202047,1.9626397933106932,0.7267520857035014,2.35133181917766,1.1754385742986433,2.354785817589026,5.247341239574811,6.665576123051313,4.270066357603854,2.2257068094129226,0.217162070626747,2.21952548103759,2.136896662403915,0.13353331133881738,0.7511135101665118,0.09480956554109427,0.8201072740723854,0.14353240579813678
2026-04-16,9.09338910611985,0.658725129047979,0.09857233929788024,0.4394835121492651,2.4695824913364155,5.252159835317302,0.5164135756617927,0.5263253711750044,0.8034918669669143,5.226970969888095,1.2127852606818905,0.25652449835839464,0.7084659785587831,0.10530144515509735,0.09975448092233162,0.958716016233298,0.5132308686615348,14.309994034239452,0.22133309223049824,1.3817404469240901,0.37692098538637314,2.252523476528755,0.269255256982373,0.5860689001386031,1.1518595814217087,1.1422206111698787,0.7894880394182433,0.2682549786305356,0.13485495974998685,0.9880876935719685,1.3354551296749255,0.13540056691209196,4.885332274569201,2.42002368721299,0.31863236260368594,3.169318894055623,0.31881423454843155,3.0191869511109566,120.0018151257161,25.04110229636492,6.785122971215161,0.2617077447180641,2.453669060400706,7.937528550044899,2.491315824503984,10.204600810874556,9.09338910611985,9.798853833360804,1.0332817791526596,9.093298083426161,9.831499899475425,10.005728435525029,0.18668728459257533,0.11675911751011994,0.11666818153774716,0.09920887376022651,0.1557697477563572,0.2859870943251746,0.8678730784887356,0.578703277163303,0.46449033219109476,0.21051195433782188,0.7097390474834756,0.14785850894682037,0.14449395601821183,2.381194738124602,0.2532508900742905,2.423842755232961,2.423569964660106,2.4911340566248183,2.3768300889589207,2.528780543219884,1.339001545876148,7.96917336652894,0.8886969478669964,1.1434027267779352,2.4053831864478665,1.055560624088885,3.183231768287658,2.486496339378069,1.9738110171737178,0.7276529657458071,2.3556423369370623,1.1771391920363934,2.3552788011787307,5.221787671495635,6.7217423155533895,4.295171377083665,2.2567063578152706,0.21924161689871385,2.247703852648734,2.1639538166836694,0.13403655334289502,0.7596617342504988,0.0951168503968989,0.8212239479730268,0.1441302208008523
2026-04-17,9.12908526565638,0.673087487282578,0.10023735203794347,0.4464122834204757,2.481285263766375,5.320887124209763,0.522366270044761,0.5333211445037914,0.8123972782889313,5.297699448225249,1.2109731047698042,0.2590834321778948,0.7235713176577548,0.10699288175122154,0.1014241341672197,0.9754427467055057,0.5185320361243431,14.36634965680345,0.22421032924906317,1.3780353929910734,0.3837867529261214,2.267117001441397,0.2719554584218308,0.5896475838770369,1.1474347493281563,1.1393098690136736,0.8053679132801088,0.2709512534706571,0.1344714217841549,0.9923315405170913,1.3470877995124497,0.13620595286008713,4.885064682778551,2.4373743859263737,0.3197918457120401,3.186050757714077,0.3203396033648703,3.039346290631561,119.81650716918476,25.276885869317145,6.916194774383216,0.26337411339665623,2.483567535082789,8.039802744894844,2.5095854838094245,10.248585036359435,9.12908526565638,9.840971156369818,1.0377031054313064,9.12908526565638,9.873927020452003,10.048475086155742,0.18933722632023153,0.11831294539115365,0.11831294539115365,0.10078510098459947,0.15838963284160787,0.2935001052207313,0.8828738276837014,0.5881869664522164,0.4715172679010307,0.21325543737768451,0.7177287086596862,0.15053861394119192,0.1467043974331223,2.4026839733559084,0.2564360065052756,2.451798496660752,2.4466862311997897,2.5184407076610142,2.404783763262136,2.5566002172080404,1.3500091736608772,8.056326366937876,0.8991235883126668,1.139218558659187,2.4289757834966106,1.0718459344724245,3.194997361569546,2.513328442200052,2.0163410180499133,0.7337046078745849,2.360507644004188,1.1748220051251255,2.3791307773558743,5.277980869217295,6.86078171715241,4.3369546040187945,2.267573483564437,0.22028481979885522,2.255979506273393,2.174000359591459,0.13374109565939632,0.76866895150851,0.09603798117366871,0.826729939370036,0.14588277836622537
2026-04-20,9.135665907494747,0.6734880433099135,0.10076740117824952,0.44719532946226437,2.48364686051126,5.323679704629545,0.5225653276351129,0.5340763665674462,0.818289783435266,5.315274963992269,1.2132286045291232,0.2591814438080888,0.721450769419908,0.10725378924829312,0.10168098039869285,0.9768865366816717,0.5211036078524333,14.370271977920018,0.22355197618631914,1.3813264840877233,0.3833363702217491,2.2532431882847472,0.2723369218522052,0.5898958495781493,1.1509227421609136,1.1419696692855839,0.8020281464966869,0.2723369218522052,0.13493514030480241,0.9931481736202509,1.344874901460508,0.13575735114815685,4.877671963681083,2.4438150922711492,0.31765028739049583,3.159601736739591,0.31792434895907684,3.0226565444140556,119.89722451409192,25.310524303255757,6.911657114863592,0.2632011644979206,2.4698520564910984,8.05773798647908,2.523204845983978,10.25735446310296,9.135665907494747,9.849351227403275,1.0385528988230932,9.13575735428467,9.882422624417597,10.057189707213253,0.18929288610775163,0.11803398571436091,0.11794262604980915,0.10085876084280128,0.1585053935818539,0.2939886744488926,0.8790425837813186,0.5876119102395782,0.47222728509692113,0.2128631393848031,0.7147816358831495,0.15010049611890902,0.14644619666221,2.410926310035487,0.2558012059199708,2.4477434010212065,2.445916416831063,2.5142517034083514,2.4026127373869453,2.5481455639296033,1.3523661500027122,8.134478571296022,0.9069979789813346,1.1447104243719881,2.432029887219789,1.0782934293741722,3.1765029436052554,2.515896351621026,2.0200073141819073,0.7343321510452948,2.3585785988281964,1.1775077598177275,2.379134052875337,5.290151631267986,6.837840039312306,4.330988555858019,2.2617395151125415,0.22008039605872365,2.2540653729904903,2.1676411864832903,0.13393020141980733,0.7653937399899221,0.0963822418302107,0.8254156630195606,0.14681161789534278
2026-04-21,9.09835319807115,0.6757346614781767,0.10026385640763963,0.4460012779343433,2.4853061929042797,5.377672619039157,0.5274315459985727,0.5390774269857156,0.823764906883153,5.357565058556433,1.209171084491715,0.2599399480922957,0.7240469641620844,0.10799745141988065,0.10208352531188071,0.9691565521159713,0.523610219607502,14.324083207638637,0.22163588945820728,1.3770358120600095,0.3827677162662562,2.2523882955017176,0.2737694491182594,0.5893003060965009,1.1484851547350887,1.1392957985688574,0.8035665516770468,0.27204075715158105,0.13447365783796916,0.9891729708006836,1.3422800362050484,0.1358384160237993,4.859885582877468,2.457283109564786,0.3179874512140793,3.158948341434185,0.3180784194747763,3.0121007875406582,119.85852416181422,25.529796929021472,6.938494999104381,0.262123550777385,2.4966791344018686,8.091620194576812,2.5330725471941533,10.216541028241858,9.098262125688063,9.810208263437131,1.0344827308547193,9.098262125688063,9.843144257588596,10.01719579869325,0.1900645927545122,0.11736875278437152,0.11727777584680879,0.10071876712605057,0.1582203565612632,0.2959694184268663,0.8836320875860434,0.588117545170125,0.4726594555812888,0.21344735769695802,0.7265944919511561,0.15103266655872738,0.14702938629253126,2.409880767147553,0.2575743741783494,2.459375830757836,2.4548266541588006,2.525975842806046,2.411700548851049,2.5701937060720135,1.3584750937912269,8.187517192688905,0.9112910896379709,1.1407514989847873,2.443635579767679,1.0827040305704667,3.1833318613666863,2.532617462938427,2.020107349461349,0.738695318364173,2.351924301701392,1.1749613264457142,2.387771835514569,5.3347286584975775,6.867436882840222,4.357110496300951,2.2511145316071817,0.21890637308654703,2.243017002814092,2.160040066073236,0.13365480466184423,0.7641706656698165,0.09671549553672021,0.8301337263558324,0.14630151873083483
2026-04-22,9.086687780412312,0.68023626179329,0.10086324744634009,0.4473421130598485,2.469150486018429,5.352112676056338,0.5257610232653481,0.5373920889563693,0.8227169551615389,5.336210813266697,1.2050885517236485,0.2579736427955333,0.7169468562097129,0.10795093243471984,0.1015901890520289,0.9733757632583556,0.5227623696437699,14.296955973492164,0.2189913710265309,1.3739209172943407,0.3827351106940915,2.235983710351829,0.2747841869251991,0.5880963309468707,1.1441163440446105,1.1357564549183965,0.8159018711088355,0.2740572453195103,0.1340299863698319,0.988096300443158,1.3427533327801995,0.13548386958120953,4.82971385520786,2.434166332419923,0.3053157516957846,3.03680156480719,0.3061335631686414,2.8970468634640505,119.32848350181736,25.23552859495684,6.981099677703317,0.26224443989415325,2.4756929778012835,8.078419166713994,2.5154928357316275,10.204998260733758,9.086687780412312,9.79890954218253,1.0333484890568208,9.086778736937756,9.832076506417538,10.00581567149875,0.18818717932278653,0.11785552264451439,0.11758291304301045,0.10086324744634009,0.15792820682205,0.2988641471117532,0.8935937877136813,0.5883689232167197,0.4717855353834195,0.2129940984466844,0.7295774731079269,0.15202180410937147,0.14693321286954972,2.396274343072041,0.2559745577128028,2.44079950342174,2.438073580723251,2.5046798241566335,2.3902770358288845,2.555747476289187,1.3412085970333087,8.192367172414528,0.9114039350455049,1.1385734034689488,2.4199000232493755,1.0789640878125355,3.056610675900159,2.5164015690666175,2.003362119224926,0.7320308728631872,2.3472057933538735,1.1710131314601318,2.368741414591379,5.313311953373467,6.912494054549069,4.30358914449398,2.2372558538288705,0.2174466179479853,2.2258064238822555,2.1447523741871595,0.1332121748969751,0.7513857559419014,0.0959563872750268,0.8199000759376065,0.14666060326804578
2026-04-23,9.080177971488242,0.6708435235940976,0.10033596831685157,0.4431126780810002,2.413420580631271,5.278580015344082,0.5180241463457782,0.5294651899872062,0.8045945755956739,5.2550621105454915,1.1961318053894403,0.25578861414958637,0.7082538817760828,0.10678289502298953,0.10006356540237603,0.9711250063401634,0.5135748785371018,14.256787211349655,0.21710705391275864,1.3647507768251868,0.38091347283155774,2.1779714937832706,0.27049851008378595,0.5862162676708776,1.1338418482391903,1.1266684993285634,0.8169436231789987,0.26895487913587035,0.13302460381848974,0.9874693543993462,1.369199975357603,0.13774630052023923,4.781621498101676,2.412331003611499,0.3011894866879625,2.996095445882849,0.30218831180692707,2.85853080503581,118.4568273006901,24.995641691920913,6.897757417725075,0.2608735089642816,2.4455642111347102,7.9067467495800425,2.484609142675134,10.198855454207528,9.080177971488242,9.792971942250068,1.0326886711789123,9.080177971488242,9.82620570398336,9.99981866246141,0.18886769487932942,0.11686188945390977,0.11649868268143154,0.10024516445884889,0.15663307000817217,0.2960137880152646,0.8978479728813037,0.5856714791609916,0.46572233647078315,0.21129574555310698,0.7157904461187206,0.15091256550652318,0.14573684951476026,2.3751928318556765,0.25370017737271966,2.420139823656559,2.415963019379086,2.485789610148234,2.3741941452892323,2.523290789507287,1.333787336689807,8.004267772320214,0.8908562663248122,1.127394930192585,2.398801350002554,1.0647416883340641,3.0194315697747833,2.484972427383405,1.988558975755925,0.7235085835392335,2.3445020630802804,1.161627170663541,2.3504947366890265,5.236629637452613,6.8284756154658135,4.2943793920040525,2.1731590105425833,0.21129574555310698,2.1645328691801735,2.085444458085402,0.13211659121706043,0.7458458130359433,0.09479705421214293,0.8119494975841761,0.14501044462933632
2026-04-24,9.071849680072349,0.6658804456670498,0.09970062388749128,0.4412591798026711,2.3950830968486345,5.250385557470743,0.5143790325949329,0.5269890243362777,0.8034110274752222,5.2313347039287175,1.1971333277135732,0.25292569319392727,0.6979951233004287,0.10559739039574302,0.09915631230314598,0.9665245479046298,0.5125646375759775,14.266987430046834,0.21364419157271655,1.3598838237910222,0.3772113021051863,2.1624784098447565,0.26789440884192606,0.5858659333308055,1.1312709511770134,1.1243763262397373,0.8040460605408506,0.26771296587935983,0.13272249037867112,0.9869364140027882,1.34745530961895,0.13607910732105596,4.771931504723079,2.3819286723994715,0.2845867807242438,2.839698711908481,0.28667332288369524,2.7126915450754954,118.3253197859022,24.731742099615577,6.842601921125147,0.26036469892896175,2.4243852874387644,7.81602102475364,2.465481166775577,10.193595342905175,9.071849680072349,9.787989238056223,1.0322053776585038,9.071849680072349,9.821191742904041,9.994375884159824,0.18642837010850535,0.11639299576980908,0.11603011849635332,0.09951918957660172,0.15603738331615216,0.29810396997506633,0.880068966127465,0.5797877152083108,0.4633039979572187,0.20919894280996446,0.7038918292469438,0.14932413212802917,0.14415313747004221,2.3492696312716874,0.25083915103447585,2.3951736279930316,2.389458538042615,2.459312313688566,2.3437358804637176,2.502948325287892,1.3150685540584885,7.953733014917672,0.8901388256062962,1.1251927676612254,2.3725845847709053,1.0577882470663258,2.8616529297052185,2.4925156490973417,1.9716048428835586,0.7138710191545519,2.339835012498724,1.1587589889951337,2.3252290443490313,5.207384648150458,6.789893969037751,4.176358390198335,2.155493115336257,0.21001541883815905,2.1486891599702043,2.06740451228929,0.13190601435047652,0.7303819480743035,0.09416674330437193,0.7966978108938059,0.14369953871530336
2026-04-27,9.04804551424516,0.6703763693258291,0.10034383055182673,0.4435396349779558,2.426076772374344,5.2477377892576005,0.5152913568850838,0.5252442927710871,0.8044698123607436,5.227651192233306,1.1938110970087428,0.25370974407824237,0.7117264175000848,0.10631559898660876,0.09998190545362706,0.9721317629515586,0.5103148889420821,14.210821173133256,0.2151646822895902,1.356315543761169,0.3786644813076465,2.179424494364708,0.2715345659507948,0.5837857097635397,1.1328266100999111,1.1242309084328628,0.8067318463817352,0.2718060162461758,0.13273615704210953,0.9844372335482973,1.3742309526132148,0.13843648381048557,4.759047871001855,2.3980274952886074,0.2908975889058895,2.9113283547378304,0.29243575547253187,2.7656533085605264,1.1842381811815028,24.771172284993668,6.907166167958854,0.2597719786868681,2.4378392388326207,7.857491613685589,2.459011844133839,10.168205203243756,9.04804551424516,9.763391683207791,1.029587413278387,9.04804551424516,9.796597635750317,9.969327348839577,0.18684400668232243,0.11816866105335413,0.1179876941897668,0.1004343139836204,0.15680419764482498,0.29714079037810254,0.8835505024057085,0.5865906788911933,0.46643140822530355,0.21055013081581317,0.7215888526963445,0.15191821313361695,0.1456749944034539,2.351972515756481,0.252442993291081,2.4069850616510307,2.396489190658365,2.465797946196814,2.354596552536447,2.503076498809605,1.312522598250034,8.022530079750837,0.889160302597416,1.1278501766728095,2.3830075562539585,1.0684039253624202,2.925805151570417,2.466521951714763,1.978555900913367,0.7171552853441049,2.3352334087757023,1.1593377206190056,2.332880805033167,5.210911809125328,6.829895284613362,4.218512585833588,2.1751718593601557,0.2113644644440062,2.166304724655676,2.0875859683378857,0.13183133998212287,0.7328085221115593,0.09464350378345071,0.7965979091162445,0.1448606607752609
2026-04-28,9.041591320072333,0.6698011015466067,0.10099457573502664,0.44285713871823085,2.3997287853716944,5.171338265886359,0.5080470038581283,0.5176311030741411,0.7863472081437896,5.1495477217662184,1.1801085377256866,0.25253164832889496,0.6978300208424574,0.10569619873764287,0.09936708653813892,0.9819168035634819,0.5040687160940326,14.205153398013676,0.2150994657823449,1.3404159132007234,0.3783001822114638,2.121609348069479,0.2710669036368565,0.5821880595809081,1.1162748560983062,1.1092224259057486,0.8080470411083367,0.26907775975480863,0.13101265615839208,0.9839059646909966,1.3719711165747204,0.13752260432320954,4.735714462307866,2.3848102148790686,0.28933092224231466,2.8777576743155233,0.28996383087544503,2.738878964084398,1.1634990837000594,24.713653509267633,6.8862567370450956,0.25940325980160595,2.4234177104818886,7.805877188877431,2.466817238447248,10.162205618501357,9.041591320072333,9.757414502218015,1.0289331198169784,9.041500815862342,9.79068694019835,9.963381113669756,0.18634720262524018,0.11871609506727775,0.11835443175938419,0.10063291242713308,0.15750452148547872,0.2958408790298655,0.8841772234676976,0.5876130005765781,0.4648282083852813,0.2094032535932379,0.7164556768876088,0.15171790855918182,0.14538878773694444,2.347468398578775,0.25108499509732074,2.3951174855016673,2.3874320776941116,2.454611310907126,2.342766594498757,2.4672694835697335,1.2996383860141416,7.805063202842451,0.8703435997850857,1.1103978079438857,2.370976591196457,1.0624774153366228,2.8998191792106973,2.4280290103519158,1.9717902516370225,0.7132006984938334,2.3388787764537184,1.1436708667610265,2.3207053655310523,5.127848233711008,6.825407004054589,4.203887994638619,2.119348950239461,0.20569620253164558,2.107685358140611,2.0319167787300096,0.13019891155994823,0.7282097731964498,0.09421338224497239,0.795388799463862,0.14547920571960118
2026-04-29,9.023641941887746,0.6669374089704871,0.10034289736111787,0.4454971930327086,2.4158094316973755,5.15737211719314,0.5057751239583157,0.5156108950518719,0.7816278897904894,5.1387834368232275,1.1672081402591197,0.2535643420092919,0.7033928618321801,0.1063887381506319,0.09989171354290037,0.9818624576664299,0.5038801674119102,14.180743636217516,0.21575527745363754,1.3260241558224346,0.37944413677188726,2.1114420275506594,0.27179210286260064,0.581032299130558,1.1045840431520428,1.0970944038174941,0.8146543834984379,0.27016784455926385,0.12957949518748643,0.9820429690584254,1.3719544602610794,0.13815196191677223,4.790380753629196,2.408319930052676,0.2915538835344795,2.9000180913446356,0.2920952800206169,2.7667387236199468,1.1534876221892767,24.851200232499775,6.855802289890137,0.25870781516237096,2.4234795824239197,7.868615773326115,2.4785238533453744,10.143295037490413,9.023551617346824,9.739307513027883,1.0270709230718664,9.023551617346824,9.77269454760535,9.944865239309804,0.18904530556704074,0.11947301724524603,0.11884136506311087,0.1005233743306511,0.15710160483136718,0.29796066105182883,0.8921675035786143,0.5864464705267057,0.46580038740195606,0.21034108884625866,0.726944572808101,0.15204837016305475,0.14555133694970765,2.3520122170771014,0.2519400837059551,2.403447086297741,2.393611349626647,2.4646273676485517,2.358689899372293,2.481411209478208,1.3164591173944094,7.7743186048815085,0.8659086724821572,1.0981771967897689,2.3858508743591806,1.0721891327813051,2.9149070454728108,2.432322575283963,1.9788847053939527,0.7171990918330049,2.3310773016807946,1.1314744575857105,2.3289117157362447,5.11324692667445,6.795794850672825,4.228207970801469,2.1106297951316044,0.20510737720841302,2.102869457553987,2.023100495833263,0.12876737464143362,0.7319076034141091,0.09447753354113707,0.8044576928882775,0.1449196847675725
2026-04-30,8.999370138279563,0.660817137375592,0.09908207549389701,0.4395248393861401,2.3922784968706408,5.102591792656587,0.49991000033351823,0.5116990695675986,0.767098612884895,5.083963217024669,1.1785457767626637,0.2523398210540618,0.6906047323953342,0.10556155095605047,0.09845212005384539,0.9752520045588735,0.4978401700398148,14.082703339787503,0.2131929493705689,1.3426925571296093,0.37805974011458965,2.1340892673654466,0.2706983434458788,0.5793736253907305,1.1218502849361893,1.1107811402553616,0.8039057040231703,0.27042835886483574,0.13120950255315023,0.9799315999788376,1.3632109046754775,0.13777898145803363,4.700054171447534,2.372930099674057,0.2929265590088242,2.9053275408377486,0.29193663270976405,2.769888485825431,1.1721562275017998,24.57568482412032,6.774657917503318,0.2571994233594857,2.415856841315976,7.784377249820014,2.443484422369257,10.121399760675395,8.999189976911222,9.71823267322208,1.0248379882417022,8.999189976911222,9.75152957001721,9.923056375216545,0.1852051828987226,0.11627069903072304,0.11519078645369747,0.09926205663221015,0.1553275758538682,0.2960763276267,0.8861591182568676,0.5791036579744518,0.46103311323106844,0.20797336762375415,0.7149927731123307,0.15262778153773088,0.14425846550256935,2.3372930275441246,0.24451043985145737,2.381299364214925,2.3813894448990953,2.447894256350117,2.3379230430608517,2.4437543897855356,1.299945976856031,7.631479569525062,0.8507919448841553,1.1123110013869788,2.363120917367626,1.055255598778172,2.9202663786897047,2.4133370538852983,1.9470842387540637,0.7107631691588696,2.316594793266148,1.1468682725108554,2.3137149577350216,5.056605603387666,6.7644886870964385,4.187275094896705,2.1331892844324405,0.20743339846166797,2.126439824389244,2.0473362131029518,0.1303095711144378,0.7266918646508279,0.09368250402638686,0.7971562439799738,0.1427285786238053
2026-05-01,8.99775067271572,0.6606982212090676,0.09906424535614393,0.43944574547946635,2.391847998670736,5.101673564873133,0.49982003992316487,0.5116069876763683,0.7669605710254591,5.083048341513238,1.178333693664452,0.252294411692706,0.6904804558554034,0.10554255481587482,0.09843440327859727,0.975076504827983,0.4977505821020714,14.080169112085546,0.21315458461451878,1.3424509352910041,0.3779917070499658,2.1337052311467377,0.27064963040944806,0.5792693652457979,1.1216484043738473,1.1105812516211606,0.8037610386094537,0.27037969441299753,0.13118589098169925,0.9797552581397196,1.362965590494323,0.13775418768775147,4.699208381602033,2.372503083280378,0.29287384593360216,2.904804717814384,0.2918840977749594,2.7693900354950682,1.1719452942235018,24.57126235069507,6.773438796049746,0.25715313949708524,2.415422100117251,7.782976426129206,2.443044709498577,10.119578382276858,8.997570543767996,9.716483846035969,1.0246535653537698,8.997570543767996,9.749774750947566,9.921270689347333,0.18517185463115038,0.11624977574495182,0.11517005750166334,0.0992441941062731,0.15529962415765552,0.29602304774049765,0.885999651077048,0.578999446411023,0.46095014884142815,0.20793594214820552,0.7148641078661345,0.15260031567817758,0.1442325057283202,2.3368724241560477,0.2444664394123983,2.380870841745209,2.3809609062190704,2.447453749915647,2.337502326299459,2.443314628333352,1.2997120474018553,7.630106260262957,0.8506388421407894,1.112110837449353,2.362695666167812,1.0550657021435168,2.9197408673744825,2.4129027661304154,1.9467338546909445,0.7106352650434911,2.3161779145918153,1.146661889881287,2.3132985972963436,5.055695650966686,6.763271395628543,4.18652158129316,2.1328054101685514,0.20739607015530453,2.1260571647123703,2.0469677883750226,0.13028612148853994,0.7265610941155299,0.09366564555886368,0.7970127931532723,0.14270289415761422
2026-05-04,8.980601618629322,0.6605298882061771,0.09959587025224868,0.4416704113621534,2.399371472184413,5.076784802810676,0.4994162605330181,0.5086663618289038,0.7629097166433965,5.063493554775202,1.1702738891656377,0.2524472439187388,0.7108217469769098,0.1049842800214037,0.09896722458701097,0.9700045095305835,0.49663223383080873,14.092321991117535,0.2124831598330679,1.3282442199953695,0.3781769251041901,2.1622811340140182,0.27130668239310873,0.5780871373738845,1.1059721735597567,1.0990570027249031,0.8092501177400231,0.271486300334408,0.12977099065348124,0.9779973194959938,1.3759318070396696,0.13857207279008335,4.729052690523967,2.3736865519406716,0.2886394197543641,2.8697798634303435,0.2889986556369626,2.7359676146967615,1.15356979746962,24.65990015996857,6.818320347580826,0.2572968084286509,2.418141084558824,7.779883053680681,2.4506511439857435,10.101660945568591,8.980601618629322,9.699416518157836,1.0229007770622265,8.980601618629322,9.732734532863718,9.903996933935789,0.18572070323462758,0.11737763533744247,0.11728783493144769,0.09959587025224868,0.15536595632744093,0.29708129170233216,0.8856758217025777,0.5815896015826715,0.4641221401452697,0.20898069562428084,0.7289627136860828,0.15204311005995313,0.14467894575978055,2.341535796913589,0.250561289793716,2.3903907806711664,2.3806015857410476,2.452806422246857,2.344319789357179,2.4359226783509205,1.2881904125855972,7.5920071407021785,0.8454422935756484,1.101841063685732,2.3709924541142793,1.0583744811326548,2.888010656239476,2.392456164315082,1.977278834027349,0.7116299763248274,2.318096049548159,1.1348900111951687,2.3190840681304725,5.031252631061967,6.754467762474742,4.1875168278338295,2.1583296078226737,0.2099685600428074,2.147911972779033,2.0687921024728477,0.12896272704694428,0.7214189657032303,0.09402784254179443,0.7929052619266039,0.14261338225811332
2026-05-05,8.972633467922835,0.6631673724729419,0.09896814475523724,0.4430686502298361,2.417945365512141,5.049887820175807,0.49645582620955303,0.5056078822262996,0.7608793454621607,5.034095897648889,1.1638403473653405,0.25114400871348735,0.6929565128482152,0.10497980986330316,0.09860923975879914,0.9650067568574052,0.49179005269888754,14.09618680602288,0.21570211678355625,1.3234634365186182,0.37810676886180744,2.1392552549927797,0.2716913475697219,0.5770300364162742,1.1035441710522165,1.0960969373002187,0.8139075736605891,0.2702557275839695,0.12947510368035695,0.9772095438502412,1.3769403922285077,0.13961418052594615,4.686585978682985,2.369941721694145,0.28873934773598725,2.873755036153404,0.2892777180660996,2.732615413126682,1.1516375603725044,24.598474652310454,6.8414533913750555,0.256437863828677,2.410767094443977,7.735307093637842,2.4391206490613784,10.093943209539031,8.972633467922835,9.69196988735139,1.021982965687563,8.972633467922835,9.72525800702389,9.89627583137057,0.18456706769694228,0.11709286846778702,0.11718259685613906,0.09986541152481757,0.15531628053784102,0.29681473154827,0.8939434477650782,0.5820547577082281,0.46424407069059487,0.20834454296414975,0.7191565861451674,0.15244504056633615,0.1448182986958137,2.325078554354531,0.24934949228826686,2.378824541204015,2.3761328606928553,2.4432479837861707,2.3314490474463043,2.4216241780927543,1.2828174178618494,7.531359310158703,0.8426200418313986,1.0978016911092068,2.364827254899899,1.0569762499036142,2.8846118459791383,2.3864513344163583,1.9815163421973139,0.7087482984636118,2.3064153234003477,1.1306415624605695,2.309286631827613,5.011754127937135,6.771198065626402,4.191565669775544,2.1426648995222775,0.20834454296414975,2.1317182757384896,2.053746068996397,0.12857783691077662,0.7206819174053317,0.0937640180283996,0.7883355819681611,0.14239569210909897
2026-05-06,8.971023593792053,0.6729164989345158,0.09993720591479999,0.4498071175172552,2.470260925375101,5.18076612541491,0.5090158937693262,0.5184354616984601,0.7807481724167658,5.149187947149457,1.1824705979958172,0.25405938543845175,0.6943572398482005,0.10666547361014402,0.10047546253938403,0.9572081900802206,0.5028258655876967,14.071050506862834,0.21835471564176812,1.3465506961829696,0.38369068321309474,2.1978111195224193,0.2762178246660747,0.5792589907134137,1.12227503789469,1.1125863159869598,0.8217457475026563,0.27594868779834786,0.13133578849307218,0.9772136028095073,1.3982237428039075,0.1413833338914671,4.719117054161154,2.4002870508530885,0.28976405523513543,2.88364584589043,0.29030232897058905,2.7444156582733865,1.1702700004327817,24.715170000897103,6.9352292753585605,0.2572889594076952,2.4267516799643403,7.848479367697026,2.480129106083055,10.093567819887078,8.970933795948461,9.691307428568225,1.0219789913783557,8.971023593792053,9.724679373514174,9.895577811014174,0.18758410197732223,0.11859693430545266,0.11859693430545266,0.10146228061017941,0.1586076998759826,0.29945277714286567,0.901318751419244,0.5927155261041017,0.47384946348635704,0.2111779036110823,0.7357136640910601,0.15483986928215515,0.1465865268914317,2.360904399638776,0.2521754786969728,2.406656400947985,2.3990312499123925,2.4735804340748913,2.355431932884128,2.4675697278065285,1.2930833353337081,7.7593971691164105,0.8652551982438521,1.1138423222580907,2.392033862460191,1.0692563240459878,2.8997040547800137,2.4404773351118854,1.9951555925045696,0.7162464908754878,2.31147397202933,1.148829259519097,2.3357853693118105,5.1374359281435025,6.855028302528146,4.209742619230511,2.1929666901250755,0.213510354687903,2.1859693026728744,2.1036153717876025,0.13043868271151904,0.7323943607217048,0.0946443006255931,0.7907957434814651,0.14452319557146823
2026-05-07,8.993614533681086,0.677129246474749,0.10018886899291982,0.4575051617221402,2.52360829304358,5.195251129998482,0.510207748378778,0.5198309131851835,0.77956651052411,5.1686303822918545,1.1885061057332889,0.2546092226454032,0.7020415285420789,0.10675420348555699,0.10144796953836849,0.9617771601889221,0.5055310647043139,14.12968752634848,0.22295171252385415,1.3566868072984588,0.3888839075318536,2.2412087143469934,0.27961147722446167,0.5805378455954475,1.1291483321499938,1.1194352119858182,0.842971520432895,0.2784422977288664,0.13220613192971614,0.9797643892562843,1.406601258175055,0.1419192349399334,4.780645719566452,2.4050725193608633,0.2887849681657664,2.8693228576753476,0.2893245630807205,2.7378362571070634,1.1795124911996078,24.894325029229247,6.9697811916820305,0.25856641784333123,2.4340319691378496,7.8571815329475445,2.4881734298238096,10.12024480197185,8.993614533681086,9.716881409706922,1.0247324619246898,8.993614533681086,9.75051744023462,9.921845138389244,0.1873369900504187,0.11934526897889804,0.11907545436746259,0.10279701686460817,0.16179512340244775,0.3098300275468968,0.9314686545087169,0.5999640173079652,0.4799891980563429,0.2122493064256653,0.7432322995741383,0.15693858047431833,0.14794496594063722,2.36765904996515,0.25317024569233093,2.409569326627704,2.4092995291702266,2.4747730319968917,2.3615431834901126,2.4867344185628206,1.2987679077444858,7.755823321496425,0.8648260064943734,1.1227628054491468,2.3948196670500663,1.07698534040831,2.8882095030887447,2.4477921883958484,2.0082741528173202,0.7176904672340841,2.334652363862673,1.153790748144013,2.3382497547834786,5.1501935822831415,6.917168766230664,4.2046048184695115,2.2444464210683854,0.21854482630686706,2.2350931223352903,2.153431085901666,0.13130677562253554,0.7348682353131816,0.09515244108018756,0.7938663246970628,0.14470725921924535
2026-05-08,9.002610818919923,0.6770795740409854,0.09992798326854273,0.4567879157226035,2.5198054906057292,5.140349209888144,0.5046813231300956,0.5156643750386827,0.7566618927958032,5.119373182791963,1.189953120955899,0.2538710907718712,0.7000360293142822,0.10722002023237405,0.10154843115746481,0.9582283259039094,0.5014404101813058,14.163576152885309,0.22461289847802893,1.3580303034165973,0.38809867312163815,2.2554015014340734,0.2810586902534614,0.5808426057171985,1.1290961304370302,1.1191033269588924,0.8474072493105687,0.28024846201626397,0.1321570067084604,0.9810947367386892,1.4138459043190297,0.14250990208593856,4.761613097858807,2.3924198775657186,0.29150163006945656,2.90205244284806,0.292221813868137,2.7745769914208793,1.1770795822830393,24.81544832553115,6.947515128454717,0.25900252482682457,2.4318509622147326,7.835883805766396,2.476233323357884,10.134227232062477,9.002520705797624,9.73028417195096,1.026197316022412,9.002520705797624,9.76413373772,9.935451970497052,0.18707238644801502,0.11811307062980808,0.11838314384704964,0.10280878714704668,0.16204537270435723,0.30095426994216584,0.9297803275053734,0.599837929901134,0.480014401285778,0.2118293183889585,0.7414476108241949,0.15763413961902986,0.14791141794360624,2.360731103585957,0.2518004979596191,2.4008822690079787,2.3966510732868485,2.466150544125011,2.3531690191613026,2.474162644690904,1.2877205013155637,7.537180234684461,0.8397551204473972,1.1206338076785523,2.382877227596383,1.0785919837828029,2.9243787931030845,2.429870396670052,2.0181850258892804,0.714350004268285,2.333183412205027,1.1540331512550077,2.3291321679933663,5.097497123413306,6.890079002394108,4.2174108860344175,2.2538710893981957,0.21939143715550413,2.247389263500616,2.1621353814273077,0.13134677847126297,0.7390168917707114,0.09461649467844649,0.7910515191445988,0.14287000257075155
2026-05-11,8.948456288450783,0.6608500982024259,0.09780760899486157,0.44876958859846894,2.4570916024363814,5.031856801419184,0.49395973837082285,0.5044295206432641,0.7336018197488465,5.005190309528803,1.1752125443494827,0.2487695681168729,0.6828635128285794,0.10478747237715412,0.09843400447427293,0.9441610929416597,0.4899328859060403,14.0821481316415,0.22210290554652545,1.3382550608658417,0.38272931058401494,2.246442892940786,0.2757046932075381,0.5760179216696378,1.1103355868550755,1.10272933652737,0.8305145195399888,0.2751677852348993,0.13020134398867886,0.9753914988814317,1.4086800731001818,0.14246085079457668,4.752125170406879,2.3444294428131993,0.2888590494791667,2.8792842037192394,0.28966441997212317,2.7470247068127795,1.1637584165705397,24.3650115352349,6.79105167260906,0.25637583551257515,2.3918568997308447,7.652349211758948,2.424966355564877,10.074720139471477,8.94854586129754,9.673198930369127,1.0200447236131502,8.94854586129754,9.70684555019575,9.877136640100671,0.18478746862219483,0.11642058370364058,0.11615212118332284,0.10102908243268928,0.159821034544533,0.29574943388868496,0.9125727369747972,0.5897091859139052,0.46935123725225464,0.20832215379548552,0.7123937414796561,0.1545413911209277,0.14514540772576726,2.313109532298658,0.247069356692184,2.3540044524258947,2.3462192612206376,2.417002291754055,2.308456386762444,2.438120728904502,1.2691722758931068,7.261387221231823,0.8136017733238954,1.1071141048832494,2.332169978677293,1.0574496480442535,2.896196813391359,2.394094036196169,1.996510072575853,0.696644281647616,2.308366813915688,1.1370917198641988,2.2841163310961967,4.990693708927573,6.7314540513143175,4.191767272266499,2.2508277295686523,0.21897091108147196,2.239552610939248,2.159194570793135,0.12939597349572235,0.727069351230425,0.0927069320508031,0.7780760353310263,0.1404026808087991
2026-05-12,8.91503967192654,0.6437550065478529,0.09646072652959096,0.43469731943954,2.390211155848823,4.929927701117723,0.4839083425095558,0.49398234686112247,0.7222964842922921,4.899794823496144,1.1801729953001026,0.24338057624195905,0.6664883849178075,0.10216635498035992,0.09530177035199519,0.9360791655522867,0.4807880922276525,14.023535878855755,0.21520905223899828,1.3390389315168243,0.37318356610815334,2.3381473568126228,0.2672728852833764,0.5728804683625789,1.118480869077941,1.1109030989600746,0.7958455615856861,0.2669162925386255,0.13105108147691127,0.9719175951062352,1.3823660297636957,0.1396095199020425,4.857002741897064,2.2896495192321087,0.2778817872541138,2.7665151762879447,0.2786841421849143,2.6389409803479094,1.1678701970223768,23.839351507477488,6.6014976396039495,0.2543460879615361,2.3223678345368635,7.47713311912861,2.362485513060533,10.038334670589284,8.91503967192654,9.638227646582754,1.0164927934658678,8.914950434468887,9.671748282810132,9.841401748949696,0.1802620960448827,0.11562806692545964,0.11562806692545964,0.09824374126561176,0.15529999176512388,0.2879557746015918,0.8700186889354606,0.5727021294799816,0.45671747831181536,0.20308460984795854,0.6827137544000597,0.14959437181639929,0.1411250773264336,2.257466356607855,0.24133012119839725,2.3021307924251415,2.297138391974096,2.3629311562179613,2.2545243771921943,2.3873585499235257,1.2447177954639164,7.183382453112463,0.7992333201914853,1.1134884686268958,2.2805562767102945,1.0262102220767724,2.778461296800476,2.352589949616096,1.9337612878854362,0.6821788057686227,2.2954445126711964,1.1437103796570636,2.233573979550083,4.886422263988254,6.545065286124019,4.093964529024722,2.341713590333729,0.22769012138296643,2.3295889949058908,2.2466790987504317,0.13024872654611078,0.7018811032979727,0.09066595414365645,0.7633948226211819,0.13818311491486138
2026-05-13,8.914334192954403,0.6476199101968168,0.09796755010802427,0.43751115912867433,2.371367347242573,4.921911344699924,0.4817258059861592,0.49349260661750366,0.722321258506836,4.912640181725241,1.2451416712050387,0.2430914642339425,0.6670529669375529,0.10260296156963661,0.09556070838856132,0.9401854271768865,0.47958637223266665,13.980655870796376,0.2151007234869549,1.425833454699966,0.3735068775706802,2.489035489576601,0.2666250654966314,0.5721162444747351,1.1828311859636855,1.1743626804525231,0.812444280528155,0.2660902155595447,0.13852736639198632,0.9719201174834807,1.3867891542540447,0.1403993581743626,4.844624449127518,2.2963095569933643,0.27518274950288285,2.7364950168151907,0.2754501659701397,2.6112497118539957,1.234622927438046,23.84827998598792,6.648778617860247,0.25485826486528695,2.3344625145552906,7.486806873927504,2.382242736979631,10.038777183223948,8.914244963451596,9.63843813722923,1.0164913423007387,8.914155733948787,9.672223473853405,9.8417725871646,0.1807808939797246,0.11936174312107999,0.11936174312107999,0.09868068902499749,0.1559992868604029,0.288464972458117,0.8916027513199002,0.5768407834237177,0.45783562676369727,0.20369050081538354,0.6812265837845008,0.14984845307490088,0.14164735552970897,2.261009087089039,0.24175433088993936,2.3043323230522375,2.2982707017669703,2.366197204861885,2.2577999534613733,2.3850953606578154,1.241397704642859,7.165180763303117,0.7988054966157208,1.1714209632921142,2.285255708250691,1.0290604603441456,2.7539668607720293,2.3502406302057794,1.9373328742294051,0.68292031209085,2.290336893169738,1.2084150254822048,2.2362274969722904,4.883134052659509,6.579069156956175,4.102068224529634,2.503476522890806,0.2446068865578322,2.490996634350207,2.401675997751242,0.13754680250646978,0.7011945414700426,0.09083615243700571,0.761722204922822,0.13995364422593276
2026-05-14,8.918926063453219,0.6544773212042273,0.09810916874777025,0.44577238264570396,2.3869068419299633,4.982964702474191,0.4892971870348873,0.5000000122484036,0.7328754742146388,4.948804721294707,1.2478594689806402,0.24625401900063826,0.6735640085896041,0.10417410190131805,0.0969496957327781,0.9463075140396101,0.4853727985100367,14.015519478641744,0.21887264462653713,1.4181234391723154,0.3784338236280394,2.520246230148223,0.2673028836367686,0.572779176067634,1.1839101453189802,1.1753478307108176,0.8197467326267336,0.2669461318692096,0.13869069024915145,0.9725294409162267,1.4242775815323425,0.1437745347773225,4.95932909407192,2.316268392856147,0.2696218296667528,2.683464102008451,0.2702461580187348,2.558776441744894,1.2357296026735445,24.04941064818944,6.717802463494749,0.2538351684309013,2.35720664060758,7.5270245511575204,2.4044773130386248,10.045576690989565,8.919015340706386,9.644755575429784,1.017213726826238,8.919015340706386,9.678648269223265,9.848198837949852,0.18283981448448092,0.12183374819311549,0.12183374819311549,0.09971459423096486,0.15804494571311534,0.2904923269249395,0.8996611019138604,0.584552273595499,0.46601855155190863,0.2059400655778442,0.6861398528824098,0.15019621969842928,0.14297182203572517,2.2821084116766635,0.2450053452850026,2.3270603252061126,2.3203710637005828,2.391098790027565,2.283357204474001,2.4130394915534135,1.2470567902623861,7.25312139406997,0.8106492988730685,1.1768640469875329,2.3148413177392246,1.0435247948626472,2.6995184929337706,2.378612222987926,1.9551374127173313,0.6900642414072603,2.2924545021342926,1.2105779140879331,2.2605244108833586,4.944880332769856,6.6490366592434444,4.100428025636594,2.5210489088664767,0.2450053452850026,2.5052623497006556,2.4164287609327615,0.13779878531274647,0.7030859956390892,0.09186585971044295,0.7677488568592106,0.14136639655253055
2026-05-15,8.944454295477415,0.6528622349174377,0.09749552431601319,0.44409661472163603,2.394454492012802,4.9517887777420615,0.48676205875621925,0.4979427385415502,0.7211091480016282,4.941949997903623,1.2271913859413435,0.24633274521938592,0.6786225648173706,0.10447227464379054,0.09713774290408986,0.947137740515639,0.4841681669777749,14.056619224480098,0.21958854415975446,1.3980322276543633,0.377549186802081,2.3370304005303835,0.26779964699514863,0.573792500231475,1.1625223722782032,1.1575134495716402,0.8078711958392149,0.26779964699514863,0.1365831883520901,0.9756708571650687,1.4355992844364938,0.1448121693565082,4.806439940532759,2.3174418277092186,0.2748658277480888,2.721556252358425,0.27441860738082097,2.5988371001159996,1.2119856887298748,24.02450752599508,6.689266416382491,0.2554561669583397,2.349284381900576,7.548568807475682,2.4039356866334973,10.078264758497317,8.94454382826476,9.676297482949463,1.0204829726108284,8.94454382826476,9.710375627166258,9.880053361541258,0.18703041008418703,0.12003577885772759,0.11967799744580428,0.09982110775860563,0.15724507981847993,0.2917710101241929,0.8851520490561061,0.5839892747363805,0.4644901637314471,0.20590340302114196,0.6763864288603044,0.14955276666685594,0.14284436732583908,2.2872093623780607,0.24463327711511385,2.3292486910743238,2.3252235371652783,2.390876456108844,2.2819319777923748,2.4093021945578044,1.2564400824749833,7.2252238756428895,0.8044722937513976,1.1600179109249218,2.3122541123937834,1.0493738792023632,2.7343471574868627,2.3754025699840677,1.9494633000737227,0.6906976853372373,2.302325526802186,1.1922181868169304,2.264221819227625,4.920125289125392,6.618425782123491,4.135688686200246,2.334168080993543,0.22683363694411057,2.321735307014479,2.234794330085113,0.1357781780427172,0.7081395185057721,0.09194990816611084,0.7718246951299405,0.14016100247132332
2026-05-18,8.93415527561869,0.6438845679873512,0.09595282561527886,0.44000714732422047,2.351290920001619,4.943714603644577,0.4844099099499966,0.4945948415112263,0.7108013719163204,4.922362386961996,1.2321093867784272,0.24631465822231946,0.6719378100998182,0.10336817381242043,0.09595282561527886,0.9352273769782522,0.48074690765023687,13.955061111716027,0.21629589104326502,1.3999821044245706,0.3762172841092787,2.3587064215637006,0.26346823703312927,0.5709818623015466,1.1658179709922636,1.158759911982866,0.7992495227773845,0.26284284889032383,0.13660323382339878,0.974626966299389,1.4347359629937515,0.14491199243593755,4.802644488149681,2.3195747778326856,0.2797283969082675,2.7813812858413183,0.28017511489637775,2.649066468021308,1.218618725064633,24.015098809663403,6.616635179004176,0.25462342535513266,2.3553113989351604,7.528723331023016,2.3880104399617785,10.06781036941336,8.93415527561869,9.66630886421759,1.0193871033156534,8.93415527561869,9.70034851930336,9.86973975433865,0.18350755754067133,0.11864557967453936,0.11837755740194764,0.09943714924006895,0.15697310546613255,0.2893772839243137,0.8780487695818535,0.581166827943874,0.460734384837168,0.20486018319642438,0.6696149106427426,0.1474135620477084,0.14178504320163568,2.2820512166155744,0.24434915019628092,2.3269008505944004,2.3245778829751296,2.3906011486845853,2.2816939103872818,2.416778430855222,1.255248816224426,7.042705065910334,0.7880818286828611,1.1601001170688432,2.3123381338713367,1.0373447745050617,2.7986241400875547,2.3760387046103033,1.9404984985995013,0.6898954812892265,2.299383499662177,1.194764546837658,2.263110851055068,4.9036003337046585,6.5515948121524055,4.143750536572802,2.358974435316018,0.22942911020437576,2.3533458738685726,2.2617707822934814,0.13588850208297124,0.7142856870208361,0.09166443517271362,0.7734298194838222,0.1378540186292842
2026-05-19,8.91583452211127,0.6442582216140377,0.09593438149858984,0.44142295222479677,2.354582706293604,4.923056195703961,0.483505702052749,0.49393724612944817,0.7154065430079309,4.9021934476626585,1.2368936851599417,0.24563123428192357,0.676890140593307,0.10351283574070298,0.09646932680834717,0.9350927001909591,0.48011767541120803,13.975302877167662,0.21817046463404505,1.4078102166234343,0.3774072916463507,2.3586839139886657,0.2644436505653719,0.5707025868066198,1.1745720889190805,1.1647646165268228,0.7952924121633577,0.2636412240979335,0.13748216901117996,0.9727175327578557,1.434736074972765,0.14523895252788288,4.860110425745029,2.3175820474447777,0.28833808980552683,2.9298322517079396,0.28931883704475264,2.7300286395063416,1.225035608920153,24.041815525114792,6.640513443232603,0.25445792542374596,2.3521755289249175,7.552692451422633,2.3944364974910286,10.048413242661153,8.915745276697352,9.647735073290946,1.017475060151409,8.91583452211127,9.681704925232369,9.850748799496813,0.18357703417071944,0.118402280072853,0.11804564703208063,0.09994650533297943,0.1585235439251561,0.2896754785883274,0.8723252169926055,0.5850570858290124,0.46210771960640773,0.20488587323677182,0.6797432049194858,0.1490727470876827,0.14220755892711429,2.2878031927916873,0.2438480775808642,2.320345934379458,2.3141047413781095,2.3859663458591522,2.278084829768509,2.396487237383398,1.253209678660786,7.082382180381264,0.792885166772252,1.1703816358101011,2.306972182596291,1.0398537558257666,2.885342324511301,2.3551176345977565,1.9635341987120103,0.688213288528943,2.2858416983132357,1.2012303470714967,2.255884488877148,4.886412246421129,6.585592142015313,4.173769658370297,2.355206880011674,0.2287803124769268,2.3458450905096515,2.2579350927246793,0.1365905821578479,0.7255705889213443,0.09156562462342789,0.7734486447931527,0.1387303889052844
2026-05-20,8.90551251224508,0.6489447212270195,0.0958233166700671,0.4441178994735485,2.3725176210001724,4.925906179382069,0.48392555127427095,0.49363256127149147,0.7175171403938393,4.907739129534853,1.2349274037665448,0.2455249772448501,0.670317896901473,0.10463977201887968,0.09662481415504254,0.932139978350212,0.48134294449247966,13.957610195281191,0.21818505655000445,1.4026182206786,0.3801763169178821,2.3488289251046397,0.266363877882377,0.5706652580911451,1.168314208223406,1.159497701916842,0.8006055884395663,0.2662748207189444,0.13687772629405184,0.9717695497959037,1.4344109655732367,0.14533796148209296,4.780122983040564,2.3180159279091805,0.2865793953617934,2.8576900405061667,0.2874699330242842,2.7102145032706884,1.2182741388525942,23.977201018289694,6.656781460810179,0.2525603402827639,2.349185221702038,7.524356337559277,2.392733036564086,10.038204126870157,8.90542337015206,9.637723490098182,1.0164751927121598,8.90551251224508,9.671832298763247,9.840591326030813,0.1818505661794812,0.11817615511411231,0.1180870979506798,0.10018701576275714,0.15931961340857098,0.2905868827866705,0.880755201049772,0.5877638258081752,0.4644224911023146,0.20473773061820433,0.6823403931479386,0.14907827741667257,0.14231008586905625,2.277584825006679,0.24410009660176424,2.324695062293364,2.3220232454748864,2.387122520197424,2.27811913401544,2.38160114592378,1.2573693333458567,7.128862766052186,0.7947279175685237,1.165642527292265,2.3083089518837943,1.0343752918859996,2.8847626028656266,2.363434096076565,1.9543146936347153,0.6886632988783924,2.289874475757525,1.196277512076362,2.256478803836606,4.890551012062795,6.588921498950819,4.175260453628022,2.348294616095879,0.22815923803752247,2.336182977756395,2.2500668239568027,0.1360762288090764,0.7266898074104647,0.09154866624785102,0.7736218963984507,0.13928221874897811
2026-05-21,8.928571428571429,0.6528571673801967,0.09660714013235909,0.44714287349155973,2.3862500871930803,4.932143075125558,0.48419642448425293,0.49303572518484934,0.7227678298950195,4.912410736083984,1.2407143456595284,0.24598213604518346,0.6704463958740234,0.1037499989782061,0.09758928843906947,0.934642859867641,0.48017856052943636,13.935892377580915,0.2169642789023263,1.4093750544956751,0.3735714299338205,2.3421429225376675,0.26857142789023264,0.5722321101597377,1.1766071319580078,1.1673214776175362,0.8160714421953473,0.266964282308306,0.1377678598676409,0.9743749754769462,1.4491071701049805,0.14624999250684464,4.7505356924874445,2.3194642748151506,0.28562499795641216,2.836160659790039,0.286428587777274,2.7074108123779297,1.226785659790039,24.111607142857142,6.692678724016462,0.2549999952316284,2.3525891985212053,7.516964503696987,2.402053560529436,10.065535409109932,8.928571428571429,9.663928440638951,1.0191964421953474,8.928482055664062,9.698124476841517,9.867321559361049,0.1838392870766776,0.11866071394511632,0.11875000170298985,0.10053571632930211,0.15928571564810617,0.29267856052943636,0.8944642884390694,0.5887500217982701,0.46446428980146137,0.20508927958352224,0.6910714421953473,0.15035714421953475,0.143214293888637,2.27660710471017,0.24473214149475098,2.328214372907366,2.3221427372523715,2.3947320665631975,2.2806249346051897,2.3913391658238004,1.2632142475673132,7.168839045933315,0.7972321510314941,1.1696428571428572,2.3125,1.0381249700273787,2.864107131958008,2.369821548461914,1.958392824445452,0.6889286041259766,2.2983929770333424,1.2044642312186105,2.259732110159738,4.893214089529855,6.640714372907366,4.1722322191510886,2.3475001198904857,0.22830356870378768,2.3349999019077847,2.2497321537562778,0.1369642870766776,0.7261607306344169,0.09187499965940203,0.7726785796029227,0.13991071496691024
2026-05-22,8.96709119230295,0.6579985406511655,0.09621592128978057,0.45050216713115854,2.395265379458281,5.018113299113948,0.492378047412232,0.5034971442420992,0.72516143065443,4.998117061051269,1.2463235786689748,0.2475789150856489,0.6829268621064327,0.10419655564525719,0.09800932841800378,0.9308643970462137,0.4887015781922525,14.0045735210052,0.22085723781175218,1.4136477214534109,0.3818149375094574,2.3618186392435216,0.2708034501698301,0.5745157791860135,1.1786226904717203,1.17019368723099,0.8151004440986273,0.26927905924179973,0.13809181867405196,0.9790172193792663,1.4319404810025669,0.1446377256166302,4.790620516499283,2.33204812880397,0.28550932704974796,2.8550932020846878,0.28712339004450926,2.7120696933916,1.2298241920416462,24.239238810162977,6.755380069508273,0.2563665723869072,2.3731168749684755,7.604375699671303,2.4476326349989073,10.112894898336622,8.96700143472023,9.709559348939653,1.0240315364799335,8.96700143472023,9.743902570376951,9.913647294557592,0.1852582482730641,0.1198888081560176,0.11953012844069275,0.10096843820733353,0.16068866639431445,0.29331060872016373,0.8949963913073328,0.592360092885525,0.4677187934667514,0.20758607979313373,0.6936872364629804,0.15127332172913738,0.14418938238617338,2.295731608802653,0.2455164917572328,2.347740381314731,2.3415531284326803,2.413020140813447,2.3003946246854543,2.437051638982217,1.2690100813527703,7.211890419039186,0.803622693208232,1.1718974393956803,2.3291786226685796,1.0433106032471404,2.861549454063733,2.4059361330576916,1.9654770663684205,0.6947633012637517,2.3091821109547337,1.2067790695037186,2.279142738243771,4.978389548434418,6.671538825014571,4.174318409376541,2.3620876383405163,0.22964491221620842,2.3488163777027102,2.2645264821209903,0.13728479572827026,0.7271341135033235,0.09236011648793815,0.7807568121845787,0.14105092846338171
2026-05-25,8.995951693364296,0.6676862290455481,0.09787693517848974,0.45708889324659063,2.4419756405814255,5.136919931011605,0.5043181123901674,0.5150233897085282,0.7477510142729582,5.118657702720178,1.2479309213809207,0.25197913124218996,0.6866678826111433,0.10516372418480839,0.09940626296091097,0.9351385115890806,0.4992803166606693,14.074577449594054,0.22418136088785487,1.420474936096477,0.3873695697489296,2.4001438268529034,0.27518891824926134,0.5780856615349989,1.1827995297547595,1.1740733582838785,0.8272759903245112,0.2749190308199207,0.138629001865888,0.9822778197319743,1.438646978849814,0.14546599564856014,4.825746605575578,2.3745951012511526,0.2885030559088181,2.8571429120503384,0.2892227557203932,2.7449622605506705,1.2360560803929865,24.648974275537515,6.880172614186477,0.25782655494253426,2.41228853811159,7.735066724449836,2.4607773348769513,10.147174891485246,8.995951693364296,9.742172916572958,1.0275278987108953,8.99604174163368,9.776718507528562,9.947103011003284,0.18738754879188607,0.12090679723266734,0.12045700200902082,0.10228499357285968,0.16210867630230005,0.29632960261523017,0.9109392059754451,0.599856066077508,0.4775099121181602,0.2102375030517578,0.7060093860825261,0.15347246730786598,0.14600575334865354,2.3341129134138012,0.2506297284126625,2.3830514024512808,2.378823251851217,2.446833305454975,2.3344728319539403,2.504857884503475,1.2868837985944388,7.4243430912859285,0.8289852602184141,1.1759625874478512,2.3677582962129478,1.0570349046419576,2.8822419453799704,2.4634760375844786,1.9807484047839263,0.7069089765298191,2.3172903592829313,1.2112270546028108,2.313152256952254,5.0942787810082315,6.818909591888944,4.198722660906155,2.4027527558284514,0.2339870477589226,2.3937567140868174,2.303256556128975,0.13772940283930102,0.7324577021315699,0.09373875563416648,0.7923713730753391,0.14348686406319844
2026-05-26,8.991907114777224,0.6692743485763492,0.09738332815129984,0.4572430399615241,2.442046457802946,5.116895852827702,0.5031921507460899,0.5133531170990728,0.7451668262438813,5.101969379088549,1.2388274819931746,0.25069687223061415,0.6923837784371909,0.10529628664820585,0.09918172586072468,0.9313910784196987,0.4974372780759304,14.074633488304784,0.22390072492159227,1.4076971769783098,0.38755506226167696,2.3600394879514264,0.27668375557740915,0.5768366291329818,1.1732757461337926,1.1651830036062827,0.8308605478453278,0.2747954272632172,0.13748763566093902,0.9819260583422551,1.4297275424871865,0.14477115710340552,4.758384971457434,2.3648952432335224,0.28765398589261904,2.8678175764390006,0.28855318903504984,2.7374336181618673,1.2242603533538745,24.604262118823623,6.884992290943092,0.25771063616052614,2.4012229884445815,7.701645535473429,2.448700722275144,10.143961742213493,8.991997122560921,9.73905184834716,1.0270659223154674,8.991997122560921,9.773760825521537,9.94397981402021,0.1854149882135905,0.12211132023834237,0.1217516406964574,0.10277852985501108,0.16230554120187526,0.2970955931618321,0.9121482100656978,0.6024638072115818,0.47711537967171136,0.21014298030063303,0.7015555853166658,0.1535833101673056,0.14611995324161497,2.327039012183454,0.24916823203374389,2.3716392410754428,2.3711897509849047,2.4353024599610253,2.324970754056234,2.492941194446318,1.2786619633867655,7.407247637493256,0.8261846709236397,1.1667116266522795,2.3577017553010635,1.0542217234400642,2.897401323808139,2.4469922208687396,1.9838143612731545,0.7019152734339875,2.3194857675301797,1.2010611215198161,2.302580769033529,5.077960351615188,6.811167796988805,4.186134417272924,2.3588704844192576,0.2292959266253035,2.3469112489884005,2.2595988965572595,0.13676827657716908,0.7358151410039987,0.09342685319056519,0.7872493755216061,0.14351227441908979
2026-05-27,8.986340762041696,0.6782890308854564,0.09741193523173877,0.4610891568412205,2.480679257665068,5.098130906939421,0.5005391873017564,0.5103343001035886,0.7469446688226279,5.070362872652319,1.2340941933056675,0.2506290383685158,0.6881739920116345,0.10558950395398993,0.09974838588667978,0.9344895566478211,0.4968547889605261,14.083932510474703,0.2213335654274497,1.4009704699540293,0.38928827906923275,2.3386951833213514,0.2807332833493724,0.5780913176766237,1.167595189394152,1.159597351600762,0.8322250234575086,0.27929547019865253,0.13686196569227468,0.9815780316043637,1.4357477019451916,0.1444104933035965,4.699856218547807,2.3586448707827383,0.2878324836385413,2.8599029475197697,0.2881020971719178,2.7218728850506606,1.2194464139849226,24.535856377212887,6.965402456430288,0.25871675876642114,2.3927928559819542,7.65222841505521,2.4570454118236373,10.14027708644579,8.986250810876841,9.73562189865935,1.0267793146677793,8.986340762041696,9.770219091200126,9.940151102160653,0.18601726063029703,0.12428109205343327,0.12410136969461448,0.10307333094023012,0.16256290575654106,0.3024802286791167,0.9143601725377426,0.6051401540069251,0.478163183720998,0.21046010133261991,0.703540626487485,0.15420560610542874,0.14656721302967635,2.323598196659047,0.2491912252177959,2.367900790797987,2.366552894531952,2.4347591880068857,2.3262040380262627,2.462796527305839,1.278486738609462,7.421998408610318,0.827552087867457,1.1597771168097928,2.3522646456292686,1.0587706658413392,2.87320283057448,2.432422651651521,1.9861610736202457,0.7003954209328384,2.3175772276822824,1.1953630865605764,2.2994249180698465,5.053199203129212,6.894050888840368,4.2018330928492595,2.3427391463608127,0.22807332099898095,2.3312366411550536,2.245416922332742,0.13605320222252654,0.7370596391361107,0.09381739378489666,0.784597389994552,0.14468008969688828
2026-05-28,8.980691513246521,0.6778626255674324,0.09735069737393706,0.46079929387778196,2.47911978260412,5.094925975071565,0.5002245241395551,0.5100134792593385,0.7464751032472567,5.067175397114953,1.233318381958282,0.25047148082306636,0.6877413725285558,0.10552312528064661,0.09968567922289831,0.9339020912776789,0.4965424419894688,14.075078668752807,0.22119442443436554,1.4000897521013416,0.38904355361314974,2.337224966322407,0.28055680081830414,0.577727901491286,1.1668611825395712,1.1588683725741609,0.8317018465231394,0.27911989154652944,0.13677592763571017,0.9809609641395025,1.4348451214410503,0.14431970987718204,4.69690166142793,2.3571621124445725,0.28765153820652783,2.8581050740907052,0.2879209822477864,2.7201617840003367,1.2186798109406574,24.520431950213293,6.961023667279412,0.258554116888436,2.391288630567327,7.647417853860294,2.455500794142204,10.133902417419735,8.980601618629322,9.729501615472048,1.0261338314883743,8.980691513246521,9.764077058542883,9.933902242015604,0.18590032117592684,0.12420296294302699,0.12402335356638258,0.10300853405504094,0.16246071084497432,0.3022900749655331,0.9137853614728334,0.6047597336137461,0.4778625871977787,0.2103277959254059,0.7030983467941387,0.15410866499696552,0.14647507378484403,2.322137470356702,0.2490345715512917,2.366412213740458,2.365065164827262,2.4332285805245286,2.324741673565896,2.461248294194825,1.2776830199592362,7.4173325811419515,0.8270318485665975,1.1590480247740795,2.350785898209475,1.0581050713500155,2.8713965961951335,2.430893513029019,1.9849124766273996,0.6999551184679502,2.316120286452487,1.194611623461706,2.2979793882605524,5.050022517505332,6.889716954738718,4.199191617173468,2.34126638713095,0.22792994306930042,2.3297711129567524,2.2440053445638752,0.13596767259382805,0.7365962877688945,0.09375841562984555,0.7841041540960373,0.1445891367891309
2026-05-29,9.000900090009,0.6734473419876168,0.09576958004790959,0.4558055750643424,2.4420341814454884,5.052385304448414,0.49495951105730696,0.5062106361698182,0.7406840766474109,5.027272990970972,1.2307831277512518,0.24788479671941804,0.6808280773145674,0.10414041129454743,0.09864986532985574,0.9153015521278691,0.48955895040187614,14.090548703307832,0.21818181612167564,1.400540108942535,0.3852385169852435,2.339333878456205,0.27749774908826336,0.5792079070577957,1.1657065212136448,1.1579657416425237,0.821062117198048,0.2747074748673598,0.13663366611319336,0.9835283226198597,1.4157515147266682,0.14284428339837157,4.667236987370612,2.3341134772656953,0.28955893941444927,2.8774977717498316,0.29045905002487554,2.7817280629430132,1.2169216647006498,24.25985616139739,6.911431011265189,0.25895589970984406,2.373177350694054,7.570027266398515,2.420341979266286,10.160846040658754,9.000809993108687,9.755355052106774,1.028802907756596,9.000809993108687,9.790278588405716,9.960125529154478,0.18406841370782587,0.12196219793640742,0.12133212909303626,0.10189018627204517,0.16156616348280337,0.30243022929001884,0.8992799609550799,0.5981998117414281,0.4723672326033873,0.208730877894308,0.6997299537693027,0.15319532365223829,0.14500450594375844,2.305220390203083,0.24698470327684624,2.343384393370978,2.3387037495253433,2.4102610151151835,2.2972996915170034,2.4455446643297143,1.27254729867518,7.382898201929568,0.8208820607402537,1.1593159590617266,2.3345634123959274,1.0441044104410442,2.9114310662023235,2.4194418343201507,1.9785779237103398,0.6927092626865226,2.332313187373425,1.1943294549181482,2.2760575618108687,5.0087306093890644,6.869666702998425,4.158685857599432,2.341494281264064,0.2279027875321712,2.3293430112054176,2.2445544114958373,0.1358235837316642,0.7356435945718596,0.09270927264387817,0.7774077654957879,0.14239423667708567
2026-06-01,9.022013713460844,0.6645615631731268,0.09698664741970407,0.4465896788163118,2.406892807463884,4.993774898643315,0.48989533775767363,0.5019848375103612,0.7297004443650124,4.978166991130233,1.2231144652130888,0.2466618563026695,0.6766510285095633,0.10267051709167194,0.09743774982618966,0.9108624962511066,0.4870082961226662,14.170966807447671,0.2149945861034469,1.3916456153013352,0.37973655857621696,2.3450919584606753,0.2739083418472714,0.5804763292844697,1.1574340787272899,1.1502165090560224,0.8070190991360717,0.27381811964516173,0.1356910859062886,0.9860158870040359,1.4143811284054577,0.1411042975759902,4.618910063651011,2.3235294888571083,0.2981775463466307,2.9696860669623724,0.29889932396350805,2.8301155038019328,1.208949837603753,24.095001275769125,6.813424866537633,0.2587513560553571,2.360790449546503,7.553500365109617,2.4080657132994348,10.186034098982768,9.021923405218107,9.779591940663343,1.0314868443797789,9.021923405218107,9.814597397924373,9.984933060887315,0.1823348888891434,0.12278960354273949,0.12233850974031667,0.10095632966783923,0.1592385386009588,0.29438831710677765,0.8837062157004889,0.5915734364383275,0.46652832086316,0.20714542660116073,0.6909058266966319,0.15256225051797284,0.14372068120873133,2.2974557370668025,0.24557920708547898,2.333092801366976,2.3280404957138385,2.3955249820793205,2.2852761011526326,2.4270119971637043,1.2723745829961826,7.270389530728415,0.8069289285583385,1.1535546789097038,2.312342004628011,1.0319379037659506,2.9848429839217845,2.3955249820793205,1.96634786131579,0.6890112120767055,2.333002493124239,1.1863046327423679,2.263623185641324,4.95407781804008,6.757307654896698,4.185943713647628,2.3490616665209987,0.2284373844715285,2.3349873471544003,2.2513532414844173,0.13487910329542707,0.7398051245037892,0.0922049825607074,0.7747203423545834,0.14173583578263238
2026-06-02,9.020295780573472,0.6665163213931845,0.09444344458802822,0.4480425597054421,2.421793351852139,5.014522579330067,0.4924228770754816,0.5013530744276988,0.7334475695344918,4.993685509524964,1.237687233572679,0.247068369020823,0.6770701565812173,0.10337362473522436,0.09814180150136134,0.9048349049124459,0.48773227218856413,14.139726044532518,0.21414396329711496,1.403121081109127,0.3797582398892395,2.370286749176185,0.27737687173011005,0.5807324305738586,1.1689517981047324,1.1606530594348305,0.8139996199149335,0.2765650356071812,0.13710986658186125,0.9859282252548964,1.3948223424392252,0.14125924451932265,4.71053600913455,2.325455419384528,0.3104816720994526,3.0816345380011954,0.3114739200730369,2.9324372752831556,1.2186542134540468,24.24535529398002,6.831228554560651,0.2592458936597345,2.366678649803243,7.597691045434557,2.4156592801097667,10.185549737915501,9.020386072523904,9.779000320998895,1.0313007561884782,9.020386072523904,9.814089754955575,9.98439468804968,0.1843766961397945,0.12321847237427484,0.1228576572754743,0.10093811636643786,0.15930001666437046,0.2939743834799557,0.8917553726353199,0.5919177588542489,0.4656323194288721,0.20773949744403308,0.6978170720760559,0.15361718100888966,0.1477539162977323,2.295958856028296,0.24544469677496533,2.343045282338084,2.331769799747429,2.3996030039118876,2.289915213876525,2.471044582729625,1.2817969159617142,7.280894580051698,0.8128269945007357,1.161915907979377,2.324463309051112,1.035450125523429,3.0964278280143596,2.430362553452835,1.988544082159861,0.6924950085068231,2.3358290835921998,1.197636697388246,2.268987852120989,4.970683635152163,6.763665950967154,4.256088639475606,2.3676710354169956,0.23029046262534283,2.355493459163021,2.2691682983816865,0.1361176272107874,0.7543748624699438,0.09254916316869778,0.783149916063722,0.14107884127117765
2026-06-03,8.998470260055791,0.6597678367211754,0.09439395096839885,0.44929362283070085,2.4195087274616442,5.036173696662973,0.4945559172543207,0.5041842776864652,0.743813584649594,5.0106183486893165,1.222442239750883,0.24547827487308116,0.6922523198522071,0.10303248276131681,0.0977233839348263,0.9054261022818504,0.49041662917304063,14.113291048139004,0.21065418741484848,1.3893637532303102,0.37739583034922153,2.318635952737644,0.2756231365136921,0.5803113278481916,1.1563034284171692,1.1485647385012907,0.8133717213142125,0.2752632066281642,0.1356069440729256,0.983622762157777,1.4179789600562827,0.1413659681287409,4.6084766907985015,2.3102671666910375,0.29308017362390193,2.9080357547712983,0.29371006379599063,2.76720947551221,1.2075946814383351,24.070277437601234,6.782867176251912,0.25834607292785616,2.3570593218879354,7.552056238330109,2.401151771239905,10.162151950769932,8.998470260055791,9.756411234308917,1.0289750605068038,8.998470260055791,9.791685633168925,9.961396650460047,0.18248898305269062,0.12282911561711755,0.12255916391216667,0.1002429617864011,0.15774318983753718,0.2923603138528462,0.8920183321642938,0.5890398549849065,0.4654008928345463,0.20651489933356837,0.6860433534038471,0.15342391106866327,0.14379555063651875,2.2753531954499375,0.2448483675377725,2.3285340503344902,2.321785197639448,2.3895436677132076,2.2824619265408477,2.42967704279335,1.2653648440312022,7.374876336940689,0.8244398699413483,1.1517141893617344,2.31017736872427,1.0312246780718177,2.9293620853497875,2.4053810632465917,1.949968477892938,0.6873931376734315,2.324124887782749,1.1850985057881958,2.2555565883389668,4.999460333442534,6.7333755898216054,4.1736705419258415,2.3187257507044117,0.2250517432635817,2.3068477040543733,2.2207324150646346,0.13479708037646296,0.7321155458503695,0.09187438169843402,0.771708828725191,0.14163591983369175
2026-06-04,8.985533291400845,0.6628627607428017,0.09443795694924823,0.4525114620392808,2.420612944994496,5.0433104459632485,0.49492319014336134,0.5087608853615307,0.745709388658186,5.019049396389781,1.2271543474186246,0.24575433894752202,0.6694222302093629,0.10324377546157035,0.09821188161717836,0.9077185429334748,0.48989127916042474,14.095785521638286,0.2115194619060773,1.395004043489981,0.3781112573551504,2.310899386070458,0.2757660215118844,0.579746577797344,1.1632672002324305,1.1546410279450086,0.816245811284847,0.2746877499759567,0.13631054071609258,0.9823883712018572,1.4012938893722902,0.14170186411864202,4.588732075440571,2.3100907209802375,0.2919399917195327,2.8910953365082217,0.29256897630776363,2.762961544023497,1.2157426817482055,23.981668810090753,6.79378216452371,0.25869351168593174,2.3492677887234366,7.52484502148806,2.401114217096802,10.148890023390466,8.985443348318581,9.743462805157135,1.0276754672170187,8.985533291400845,9.778866376696019,9.948243459865553,0.18132806456263617,0.12157426303325718,0.1213046994339114,0.10072782853937436,0.1581453893563638,0.2921196722215222,0.8948692275846044,0.5907089393815215,0.4661694767554608,0.20657740831268004,0.6863150081176922,0.15401203513027617,0.14394824744149223,2.2777428833962086,0.24386736804428463,2.322311188849234,2.3228502989093807,2.386557697039407,2.2788211035165022,2.4240272173031885,1.2646240047907633,7.413963299361465,0.8273879219251926,1.157696076358079,2.3065865055892822,1.0356725863620313,2.9376403331456666,2.40183293910476,1.946895481794818,0.6867643122039336,2.324737184119895,1.1911222711707588,2.2561775212318325,4.998472722588507,6.736454418249899,4.149159940386602,2.310629831040384,0.22463833228502111,2.299937161594637,2.215473066390455,0.1354119839592436,0.7321412827471794,0.09165243785843415,0.7701500501794649,0.1415221493395633
2026-06-05,9.020386072523904,0.6644416711357511,0.09426303273737269,0.45246256402139734,2.4323470494000032,5.0791991438737485,0.4985567423576012,0.5089301656949785,0.7517589422505018,5.054031914372576,1.2269529521239486,0.24625653289789418,0.6706656907281354,0.1037344398340249,0.09850261660016188,0.9035720563678993,0.49449756174295706,14.190239986314383,0.2127007029019128,1.3913945516868123,0.3777737783521129,2.291087908110807,0.2775572835807656,0.5856936704417804,1.1602020126031707,1.152624921335891,0.8204943088983642,0.27737687173011005,0.13602742128545964,0.9865596495271697,1.4098863706635199,0.14360454696278138,4.52579840326834,2.3203140085362453,0.2892837785930382,2.8813818570790297,0.2909074508388959,2.7405737626214934,1.2105357834046742,24.094173535314813,6.835287838405422,0.26077935998026436,2.354681657450134,7.545733533567112,2.4074509710304666,10.192315027469894,9.020386072523904,9.785224959972037,1.0321125579013648,9.020386072523904,9.820764752559535,9.990708517851909,0.1816705699950247,0.12006134241039779,0.12006134241039779,0.10039689801949231,0.1585783864667694,0.29613929127778,0.898069615358053,0.5913764888922403,0.4672559916747298,0.2071982618920665,0.6925852316371719,0.1539779875051797,0.14432617716038246,2.285044265959036,0.24481327250269203,2.3316795077969963,2.3256360032853935,2.3936495160703815,2.284232326605981,2.4449755348454696,1.2654699015527044,7.475644957604185,0.8324012157612924,1.1541583704513998,2.3114739310842505,1.044019464764293,2.904925207874092,2.4222442610436303,1.9606711222294024,0.6882554848616076,2.3453003788562152,1.1889770661969488,2.262673609398256,5.037975913455034,6.774309940465452,4.145769493988054,2.2934331589392025,0.22289373159365558,2.2803536266620767,2.1971856560621927,0.13530579108785856,0.7315532967176718,0.09191773029391395,0.7697997143955496,0.14180047146877872
2026-06-08,9.058791557206268,0.6558565225643528,0.09403025740049749,0.4430654936806967,2.398405741150693,5.061237629972427,0.49669355766876244,0.5080170471152703,0.7493432486701977,5.036778782187019,1.198025183440529,0.24476855202249906,0.6747893637446284,0.1022737563352933,0.09720082926203757,0.9071473810095881,0.49234530731154175,14.367334086109475,0.21025454374918612,1.362442194913347,0.37349397175682875,2.1578041212812953,0.2731225619941143,0.5902708910418459,1.1271854362276998,1.1247395929170159,0.8149288801927046,0.27321315198307916,0.13298306282431183,0.9908505956465076,1.4198750384379388,0.14394420095409688,4.428299631650427,2.3081801164213953,0.2877978119192288,2.853066511523066,0.2874354519633692,2.729413785605297,1.1812663637692216,23.888940100156265,6.747712699364186,0.2614367298700205,2.3458645842474692,7.491620617809584,2.3958692905727705,10.236978517925083,9.058700880825935,9.828155210715984,1.0365069133883986,9.058700880825935,9.863936995043142,10.034513641973911,0.18180994378860602,0.1178548802326464,0.11767370025471659,0.09973729711823386,0.15771355962869923,0.2899719025412918,0.8912038885172386,0.5855602807287656,0.46127364950580046,0.20545339528196196,0.6785035014573685,0.1518253485721699,0.14285714700392854,2.27194495019257,0.243590899444229,2.3181447041986085,2.310988319687939,2.3784762891438875,2.270042543146033,2.441435001047423,1.2641543894533727,7.450312550424914,0.8296041473960928,1.12818190882804,2.2973095941979857,1.0352386880994373,2.8809674678802146,2.4147114553727125,1.944379014309706,0.6848446279021749,2.3440529918074553,1.1605217919227426,2.248301498699214,5.019838886207424,6.683939005847167,4.148020598754274,2.1593440992588775,0.20934867841608445,2.1517347475251096,2.064770293285454,0.13207718021293646,0.7227103793758209,0.09149379818343806,0.766736111872891,0.14059244911462698
2026-06-09,9.06289650172195,0.6647634445724224,0.09443538223938686,0.4516041492754639,2.4259560692022952,5.159506867799245,0.5058002662070964,0.5174007626661944,0.7780496508439468,5.141653227205399,1.2075403796734099,0.2459670055251807,0.6784484376504583,0.10367953217675639,0.09815116842220459,0.8991299536385051,0.5031720179242675,14.379644955719254,0.2122530367617722,1.3712162683682962,0.37928220476818103,2.191861574256984,0.2772340053705627,0.5918977484012484,1.144281331667849,1.1363965868193622,0.8285299815927616,0.27732463640991234,0.13431212338974277,0.9913902427918111,1.4341127922164587,0.14491571298820158,4.519304002737986,2.3172920286514977,0.2859343777148862,2.842668149919425,0.2871125639403279,2.709806054014863,1.1963023382272975,24.051115178793953,6.8456586513135536,0.26282399854993654,2.352999862994494,7.493746468656538,2.407920993668717,10.243066618661636,9.06289650172195,9.83387662034677,1.037248476964312,9.062805784252085,9.869675725314936,10.040329668170541,0.18433931622791272,0.11854268555107898,0.11854268555107898,0.10096067014068111,0.15959761292687658,0.29300346049532977,0.9071959259934846,0.5930759691988966,0.47027369394279894,0.2074496953928624,0.6886894858054153,0.15461300947926757,0.14446256643450517,2.286659394223253,0.24524197449648705,2.3307956559342147,2.3239080426657095,2.3915171731268123,2.282218663442258,2.487221338058784,1.2688960894221128,7.734729130025659,0.8601595401677485,1.1373028626406518,2.311038607939097,1.0398767252471408,2.8635127012423247,2.448704027926466,1.9593981960145204,0.6886894858054153,2.357531311245355,1.1727387520072898,2.2611020979985867,5.1183615168173375,6.776871576632454,4.132861963147289,2.1927677809338606,0.21343120570111063,2.1866050776913264,2.1016856434337896,0.13331520788605195,0.7245785476549047,0.09207902707460676,0.7712524784676553,0.14165307335908028
2026-06-10,9.076881183625305,0.6607969778683653,0.09321957391089836,0.44540255691044944,2.4124534699037565,5.15557765484592,0.5061268795637034,0.5189252806475929,0.766905671814192,5.142597781234399,1.172460725868615,0.24552962909195378,0.675229185709798,0.10356721292014259,0.09730416871225205,0.8867205449887107,0.5011346018378202,14.44476722231835,0.20967595880429996,1.3288553498818587,0.37587364842890175,2.0963056816578214,0.2753018056068445,0.5918126254719269,1.1030225709636599,1.0996641692464273,0.8160116322581366,0.27493873936214347,0.13016247755820903,0.9931016035409764,1.426341103654792,0.14432240735708698,4.393845941038565,2.315784740699033,0.28401562054576873,2.8035762468656396,0.2851956074820182,2.699555266062534,1.1504946900245077,24.046836618266088,6.776980984997617,0.2630480125463949,2.3480984155523847,7.5737498812205,2.4038303219775403,10.260234139213829,9.076790326172052,9.850321874716347,1.0389398119676196,9.076790326172052,9.886267077655555,10.057093494003585,0.18308069416623352,0.11654715578277108,0.11618408088168161,0.09984569301987836,0.15802850002189442,0.2919124974803677,0.8974312675554328,0.5857311316991638,0.46401015641177057,0.20622673425936727,0.6784968684759917,0.15303622229601127,0.14359625755490804,2.288826392503489,0.2444404130450738,2.3312152725085378,2.3166923457160666,2.3879457799061963,2.2812018455497753,2.510937686146977,1.2686757218159292,7.62512478495592,0.8510483991670189,1.1016610941870022,2.310974004751889,1.0391213883719124,2.8426975826067102,2.4749933142210616,1.952074045190104,0.6893890981958989,2.360805993808574,1.1346101479531632,2.256966450907546,5.115820870940932,6.706453440918013,4.125623935859779,2.0935825896022906,0.20286829791658098,2.082327345576013,2.002269187055375,0.1293455568666606,0.7187074548894961,0.09194880742889097,0.7767087201127731,0.13978396676527433
2026-06-11,9.062805784252085,0.649537775683753,0.09226028915330597,0.44136306654830026,2.4051115178793956,5.158963116135355,0.50734094201773,0.5177632868235928,0.7602863819979013,5.133043364897702,1.1544317314973533,0.24487946762519186,0.6887801341308682,0.10286387875176478,0.09642922188982013,0.8795541331498804,0.5029907558455682,14.410277590147498,0.20735906435351278,1.3046039237651095,0.37203189448124474,2.0932572160658247,0.2738807260590402,0.5904477209160677,1.0859162560705475,1.081022283662288,0.7935471955645618,0.27288381919840093,0.12851187516019377,0.9916621186237566,1.4296719231466377,0.1450063440275512,4.361337783091609,2.3128511595816765,0.2796809915746924,2.7815843160026676,0.2798622363672884,2.6529817925170214,1.139206062608684,24.004439934237357,6.692767631581928,0.2620083364818933,2.344843311458475,7.508972068400795,2.3778321109043636,10.245695212666531,9.06289650172195,9.83632377941193,1.0375204219406706,9.06289650172195,9.872304319319829,10.042958262175434,0.18234548522053107,0.11600507695065129,0.11582381487195206,0.09896683049024782,0.1560630715366548,0.28919702598705915,0.8770164640480914,0.5801160244356577,0.4607576595304322,0.2050933402280823,0.6713793894422212,0.15180351640384265,0.1423781043877739,2.278321546036328,0.24315751244975578,2.3218234769023587,2.316204525323715,2.38018855249966,2.276418276923883,2.523563641535538,1.2664492069346027,7.5163129924409775,0.8404024230282181,1.085100628574711,2.3019757114373753,1.0319014012176142,2.7966284808071924,2.485227489765299,1.9284031065732905,0.6880550858160713,2.356353090447707,1.1147362697118,2.2506796840483108,5.11772704768358,6.626699315220285,4.077034487507364,2.0935290918977705,0.20328077129939987,2.082109892089578,2.0063440718036296,0.1270618131028065,0.7085372512703986,0.09153525812461234,0.7736994992439915,0.13839043372995896
2026-06-12,9.06289650172195,0.6644915687404769,0.0932572046569968,0.4548667629754303,2.4526917245134356,5.305600715154579,0.5199383626235704,0.5318107694868206,0.7803153749693773,5.273336825734661,1.1742795661067496,0.24941091587605285,0.6838861617226087,0.10431394080915203,0.09887619945089822,0.8774696365309427,0.5163132247662056,14.399855037908397,0.21071234366503533,1.3345115098785572,0.37855719102559066,2.17382636043458,0.2794090984566436,0.5926227967160452,1.1169113455117774,1.104948324895281,0.814663761008233,0.2789559605459988,0.13068696824627465,0.9921152911066079,1.4352908747252808,0.1450063440275512,4.485771175050554,2.322639104398195,0.2795903605353428,2.7752401778204017,0.279952867406638,2.647815875132403,1.1654885454369732,24.170019230333512,6.849102596236632,0.26282399854993654,2.392604676454595,7.677270122816408,2.4391880972307187,10.249773073568061,9.062805784252085,9.840312029154205,1.0377922977726162,9.06289650172195,9.876110027811764,10.046765076977977,0.18488308517790714,0.11718325453304133,0.11736450796868893,0.10105129253697909,0.16095704394491422,0.2933659500805217,0.8957766570408793,0.5935290725373349,0.4744426180362615,0.20899038848959925,0.6971179823177933,0.15570056466535961,0.145459481938196,2.320192221910685,0.25067971585474086,2.3630595453541328,2.3669568010488886,2.4275873241939685,2.3173826078325375,2.587275792879537,1.282309275812616,7.730650715968824,0.863694064271867,1.1069421731887659,2.3471994764761193,1.0487583942423702,2.793637846655791,2.5455864136560855,1.9696393133138905,0.7023744788834512,2.365415986949429,1.1395685867660823,2.293365987418505,5.262461239301533,6.773609066649107,4.092804115493163,2.16992924302865,0.21125611261502975,2.1645821672819525,2.082291050451658,0.1295994217032342,0.7213158993827318,0.0932572046569968,0.7896501473030448,0.14065615785538946
2026-06-15,9.08595311648192,0.6760858046711736,0.09394875661082946,0.46529165077660056,2.5230783430983665,5.35780476717955,0.5260766993083673,0.5367072478177741,0.7855714981325882,5.336180154397317,1.1975286484804453,0.25277121292771415,0.6973469016899873,0.10675994911866254,0.10176267317158946,0.8808831269147936,0.5224423041977103,14.475377377609371,0.2181537364063405,1.3628929674722878,0.38560783778583485,2.2610394884927825,0.2850263568892731,0.5946756037456131,1.139015088227799,1.1276576468321966,0.8310012637149977,0.2844811872246264,0.1332000713012185,0.9947301776933817,1.4345811320157045,0.14483008886410412,4.5100854523243,2.386789046351138,0.28311829772317015,2.812920192057883,0.2833908825554935,2.6838088759114345,1.188897020747916,24.757678340223514,7.027257704071927,0.26449210076641433,2.42304191055589,7.764764917821813,2.480465200799564,10.277303244750023,9.085862168220743,9.866527659273919,1.040614199339423,9.08595311648192,9.902598626956319,10.073686724854625,0.18635290049865377,0.12020715557183652,0.1201163026261022,0.10303470972731138,0.16254769570823585,0.301744494679926,0.9101399070411168,0.6038524358029498,0.485553322067136,0.2125204378488864,0.7262402353732126,0.15791385753922044,0.148010184585929,2.3498091506195484,0.25213519898237324,2.3932399954250805,2.3889695863690825,2.458931536278507,2.347810229842671,2.6096674652071883,1.290659667924385,7.81573698171026,0.8718880527391664,1.1298382561704623,2.378884311504804,1.068053816570578,2.831728181556509,2.568962295424087,1.9612938452694126,0.7118844128122941,2.367708489350269,1.1640014592981243,2.323550751658541,5.319098518173326,6.964837250526701,4.131564612217909,2.2606759727293633,0.22033436307468654,2.257132456559561,2.16809008828991,0.1322914811885944,0.7325095652060879,0.0946756321669448,0.7996547531912636,0.14319462319536466
2026-06-16,9.107468123861567,0.6867031104360556,0.09471766501393691,0.46320583433835666,2.522768670309654,5.379052778845059,0.5279599382577698,0.5392531792757073,0.7859745268830403,5.356192944914048,1.2020947676973048,0.25455374101037753,0.7000000055587574,0.10728597206713289,0.10227686286189734,0.8872495279503216,0.5236794171220401,14.515209649647087,0.2185792349726776,1.3683970856102003,0.3897996287528283,2.2447176796056754,0.2859744956150298,0.5962659491867316,1.1407103825136613,1.1306010873374175,0.8280509851452215,0.28369762858406444,0.1337887029178807,0.9971766654259521,1.429872495446266,0.14453551808341605,4.473497289994593,2.3995446377113216,0.28779599618824886,2.8670308542164733,0.28888888263528684,2.7356101558942396,1.1908014571949,24.923680484403462,7.05628441982582,0.2649362491128223,2.436156559511612,7.845173264244649,2.4847904059404886,10.30300564236111,9.107468123861567,9.891257364241804,1.0432605013821294,9.10737696024021,9.927413745873178,10.098724643172245,0.19489981437641415,0.11839708561020036,0.11839708561020036,0.10336976668005216,0.16357011916641764,0.3020036415975602,0.9115664511647598,0.6078324031308701,0.4850637369902842,0.2142076544422921,0.7426229591578083,0.15819672895476683,0.14881603053358736,2.369763317003928,0.25355191395799537,2.4176684103376878,2.4036431095422075,2.4742259875021344,2.3630236015945183,2.6307831088484748,1.2975409947240721,7.803369740970799,0.8734062069752178,1.1316029143897997,2.3966301812065973,1.0748633574049764,2.883333299980789,2.579872395388633,1.9897085721375514,0.7193988876481743,2.382968979020805,1.1657559198542806,2.338160391496613,5.3372498114469495,6.998725154577926,4.164936225488104,2.2451730808056554,0.21803279174915863,2.2342441468508083,2.150546492557491,0.13269580778528434,0.7416211321054261,0.09517304015724168,0.8071038501510204,0.14289617104174226
2026-06-17,9.111617312072893,0.6891115922862685,0.09558086351816095,0.46788153507171837,2.509886026925541,5.40920248878844,0.530751708428246,0.5420501291887635,0.8002733652032318,5.386697060969533,1.1997266347967683,0.2558542134278456,0.7038724373576309,0.10760820427896765,0.10332574170922908,0.896492021773562,0.5266514736862009,14.542232435222095,0.2195899806967629,1.3649203011549687,0.39061502443630763,2.232437307579371,0.28610478012328266,0.5964464609063568,1.135854247490746,1.1275626423690206,0.864145752509254,0.28355353839848196,0.1331207258011594,0.9978132313096171,1.4302505805986618,0.14405467352725923,4.494578576576737,2.410387321593821,0.2913895174691237,2.8884738930808656,0.2906605887793191,2.755535429865461,1.1872437635695472,25.01585412514237,7.105603889343679,0.26487471248131406,2.45284749163582,7.884191143757119,2.4957631313176254,10.30915766479214,9.111526106919134,9.896947074316628,1.0439179926635465,9.111526106919134,9.93339354356492,10.104783599088838,0.18915717748411695,0.11963553635025893,0.11927107200535664,0.10396355214042924,0.16428246639312535,0.3048747069200242,0.9488838213179812,0.6108428329433016,0.4876537627131086,0.214943053782122,0.7386788127091045,0.16027334990968464,0.149794993476607,2.3728475027584,0.2544874743068408,2.422688060578018,2.416127684990746,2.488473670629271,2.3735763097949887,2.6200454468607632,1.2993166843144932,7.96974936378844,0.8886560253238895,1.1296583449378914,2.407380332164721,1.081548947136603,2.913166298138525,2.5805922662478644,2.012391805105709,0.7215489971882119,2.3750342019326594,1.1626423551172764,2.3507972665148062,5.366195922017369,7.02833699636959,4.189703939172836,2.2329841214051824,0.2171298398515358,2.221594599765091,2.138223217940276,0.13230068754226582,0.7507061447803958,0.09567198177676538,0.8105694677400698,0.14387243701005037
2026-06-18,9.187798603454612,0.6979970711200213,0.09729878861253115,0.47390666878955057,2.535740446842843,5.492190550636255,0.5395994077750489,0.550441012931019,0.8122933081781456,5.4688531832850975,1.1943219909331502,0.2595553105475928,0.7165563934561698,0.10942667996519762,0.10464902924772836,0.9128996748470375,0.534546125552883,14.651139331889127,0.22712237516863737,1.3556597119786642,0.3966372488877739,2.206817368994912,0.28895627308838157,0.6027195743671545,1.128812942028221,1.1220139906889197,0.8715545811314918,0.28665932343751793,0.13239617647383414,1.0062476722075193,1.4560822834209763,0.14682101747736429,4.496968138616604,2.4390849064746702,0.29015067919612325,2.8804668298936513,0.2905181995519423,2.7487138315668354,1.1801727025748088,25.365766800751103,7.198364302674798,0.2672730627764415,2.474457987175843,7.955990377396005,2.5240720435566253,10.396728739936488,9.187706635743982,9.981072820840797,1.0528298083231407,9.187706635743982,10.017824015254616,10.190555077622541,0.19092246128854748,0.1205439166258644,0.12008452494325816,0.10538405243503131,0.1662991582273955,0.30705621250409143,0.9592061882201296,0.6187063243099101,0.492557888738989,0.21756707373369882,0.7515619538015235,0.16225652193506163,0.15169055704595585,2.3986586486973422,0.25725836089672915,2.4514884906672063,2.4453325422315726,2.5171811946040346,2.399761139667459,2.6543549604601653,1.3078831872796364,8.09555306061363,0.9023336924335966,1.1241271451132038,2.435777153174959,1.097206892401188,2.9034363264022875,2.615123161363584,2.0226938064726605,0.7303380913613517,2.40665198862005,1.157295103679462,2.378812970067157,5.448548507269845,7.118155000315831,4.2055311556994495,2.206817368994912,0.21435134071762268,2.1954244482565435,2.1131018512786115,0.13175303337548594,0.7573502416866573,0.09683939692992491,0.8167953098665831,0.14590224287431935
2026-06-19,9.225943352707814,0.6996033013290404,0.09714918104042063,0.480948436831029,2.529661430403231,5.510840551012259,0.5406402663910056,0.5520804516338028,0.8110527139229576,5.4715379422326205,1.1772303577278447,0.259525778768951,0.7103976381585017,0.11015775975997141,0.10545253533698479,0.9190885021365627,0.5352892375474091,14.730417980282429,0.22778854630554127,1.3363779509504163,0.3961619948953684,2.1346988179980855,0.2896946177556073,0.6047606149253419,1.1108958728859615,1.1051757626674725,0.8853215156792384,0.2897868793007852,0.1305470949213975,1.0108866103406609,1.4725528241567631,0.14872221458836976,4.490082043323012,2.46710954573401,0.2802841513125436,2.78697284410246,0.2805609359480774,2.6577175691873673,1.161084956860606,25.268475852534827,7.20583059348043,0.2685672166283934,2.4649874774036467,7.980441000092259,2.5265246434497244,10.443952574326506,9.225943352707814,10.026663336677737,1.0575698611810864,9.225851003177183,10.06347476055794,10.236553547951841,0.19254544551373187,0.12122889882205697,0.12085986143989046,0.10619061010131779,0.16698957820342952,0.308054242915845,0.9714918631954775,0.6222898509847974,0.49515636284662157,0.21800903368176586,0.7468400862463529,0.1637604945105637,0.15222806531967895,2.3973614365118148,0.2576806006566637,2.452071213020545,2.4438602698444276,2.518221350742977,2.4032658938497553,2.6619614242946477,1.3003966874088217,8.052034410606375,0.8998985230697236,1.1071132023249377,2.4320507920616525,1.100655070133387,2.807546799138239,2.617584659292399,2.012824044367057,0.7286650369677423,2.420887479439841,1.13958849195559,2.3798322004523595,5.459820813980476,7.131931260235031,4.152135693264773,2.1322999826292786,0.20767598698110376,2.1223359469151473,2.0428083602633573,0.1299012817022424,0.7516376162072436,0.09668788211307619,0.8120675029344626,0.14521634625997015
2026-06-22,9.226794611551947,0.7053884198952038,0.09771175634423225,0.48477579733832205,2.538844839104165,5.52648110327234,0.5431813889267832,0.5545303420753007,0.8161099552338272,5.507842797946173,1.1880420234991322,0.2596419947374833,0.7142462046697673,0.10989112241568656,0.10555452648443718,0.9186196489997578,0.5363535806247945,14.731500051540298,0.22956264219197825,1.3503414477165125,0.39693670841265616,2.1678353658261873,0.29064403026388635,0.6044473347133278,1.1261303104978577,1.11754938869332,0.8951835822390332,0.28999815745687196,0.13212769602162963,1.0110721704286278,1.4855139324598634,0.1496586022638355,4.421480090487464,2.4534046308957778,0.2828012513243244,2.807805845715019,0.2831703315561692,2.6800146840291394,1.178261643737241,25.434398211155195,7.259918961891897,0.26822291654202085,2.4843144491603617,8.000553382413154,2.5391216316793344,10.446300460835142,9.226794611551947,10.028788004662415,1.0577597286367266,9.226702253500415,10.065878772893985,10.238973529912116,0.1913637181317417,0.1218859571705755,0.1210555442476387,0.10675401083986177,0.16765085879584746,0.3113120656806311,0.9865288629723686,0.6253921275078139,0.4984314491397276,0.21849049921734437,0.7494925572701014,0.1655287002588819,0.15325706412946635,2.409208205864205,0.25871932935529934,2.4595867071804647,2.4546041592479875,2.5250970052383686,2.4100388651691387,2.6782615705265904,1.3062373807364713,8.089315101523574,0.9031186312365563,1.1192102145391938,2.4437166091854183,1.104170494269656,2.8230300005081945,2.635910617049098,2.0167927830877903,0.7313157606221671,2.420741699128645,1.1528879585554732,2.387709898314236,5.48210024371713,7.196438569911711,4.177154467804975,2.1672817806758484,0.21073999033574362,2.1574091836521383,2.077320533213217,0.13120502184008867,0.7559512853402452,0.09734268491174446,0.8138032565809392,0.14578335662239217
2026-06-23,9.236076385281011,0.700563392205792,0.09707213659260955,0.48028077953264986,2.5207353230602605,5.4726149397917245,0.5368061229508152,0.5483513339972732,0.8019765570430839,5.460792373089268,1.1704073263203392,0.25759674323125925,0.7134016612521431,0.10917151283665114,0.10473815602279386,0.9121640540891334,0.5316338909512425,14.75976760933315,0.22767155831283156,1.3253902281333703,0.39373788739369386,2.0777686036193517,0.2889997313709,0.6057079692532991,1.1020596628320332,1.0981804888323534,0.8871340449963777,0.2870601267544662,0.12986053772620948,1.0121917090411992,1.4975524096208408,0.15101136401098852,4.285582340445184,2.4239401721751754,0.27690033751026444,2.7427726189625763,0.27690033751026444,2.621871202707929,1.1535975018553515,25.196268587789785,7.1875867018290505,0.2693266818824431,2.458852879105044,8.008681773214533,2.5077122911759955,10.45839065350224,9.236168837166344,10.040270237311814,1.0590191526933534,9.236076385281011,10.077583592739794,10.25066930655133,0.1907268829641662,0.11813059907502566,0.11766878887150795,0.10584649522625818,0.16634340287135713,0.3074720690452327,0.9776484573207823,0.6191003858806399,0.4939503051836735,0.21686524006868318,0.7436962837634286,0.1647732534643751,0.15193498441802394,2.3900433085219532,0.2568578504289497,2.438441024897248,2.4305902250125557,2.501246860243777,2.3867184230360152,2.6529048765708705,1.2968505002503867,7.966657317751628,0.888334721577314,1.1000276944132363,2.4215386780805512,1.0931005677853616,2.768726230845773,2.6054308334523935,2.010252091036154,0.7253163275080529,2.4256026149181444,1.1325390481812325,2.366121665057553,5.427080695072216,7.127089908691812,4.126535501794559,2.074905272896318,0.20134847360358868,2.0693636561536697,1.9863304475717536,0.12902928112153697,0.746190088810634,0.09642559878436595,0.808349465623593,0.1441765923771797
2026-06-24,9.280742459396752,0.7010672938796041,0.09689094738174757,0.47962877313388197,2.5226914832874128,5.5896058403422275,0.5487703115370324,0.5598143823185542,0.8090951304424666,5.568166781467517,1.1609280402588458,0.2604176284542217,0.7192575406032483,0.10951276279104281,0.1050580018081134,0.9083062899914806,0.5421809574844113,14.848352985426335,0.22700695206007104,1.318793560125435,0.3938746972316379,2.0632018334904294,0.28937355271624854,0.6094663403150377,1.0970765576285166,1.0910440608686194,0.8786078716375435,0.2874245875949373,0.12900231664529255,1.0172621866389937,1.5049652312028712,0.15192576184903386,4.375127734828161,2.4532714277298435,0.2832482641091756,2.8135499179778134,0.28408353234665024,2.6903016694460558,1.1433874426751016,25.530117096867748,7.2241301569750584,0.270533639151093,2.4878886990646754,8.029141667270881,2.5566590346758993,10.510347937209977,9.280649561339906,10.08992985063805,1.0643155480758772,9.280742459396752,10.127517310759862,10.30153123187355,0.19220416783733324,0.11767981721740864,0.1175870076686213,0.10626449938993167,0.16733179291550354,0.3074710075927168,0.9654756267220128,0.6224593939194824,0.49819025805267547,0.21958236517319824,0.762041769005583,0.1656612564405543,0.15378189971994635,2.4239442475710558,0.2597679793143217,2.4679351594221286,2.458839929850638,2.5306727858541183,2.417633410672854,2.7160092240973026,1.3096055741099912,8.012343546077437,0.8949419981918866,1.0928074245939676,2.452529092952436,1.099211159549014,2.8334105595635153,2.67350354825261,2.0028770075043503,0.735220428962442,2.4466821798868907,1.1251971959514573,2.3941531435796115,5.549048474659223,7.131322732381091,4.18310915068518,2.0660788409947797,0.20046404066329213,2.0574478184817284,1.9800464603574537,0.12825985795660527,0.752946610240538,0.09744779582366589,0.8195823439312645,0.14542923504681154
2026-06-25,9.305788200260563,0.7048203784084267,0.09603573138678782,0.4783175276928988,2.5802157920498034,5.601339874466372,0.5506234707700104,0.5613251413998159,0.8114647026637092,5.589614490457206,1.1370742829090477,0.2622371143232438,0.7274334465749611,0.11045970487212993,0.10599293079585664,0.8946584718932481,0.5441094474288398,14.888981674140378,0.2251070215341301,1.2981574539363485,0.39186674679277467,2.0148893008790334,0.29462125300029884,0.6137167034081723,1.073329576939239,1.0697934029822507,0.8739066039652836,0.29415597069003874,0.12776846772972575,1.0205657748831687,1.5152615096878346,0.15261492293439674,4.39549596443226,2.4673368197323424,0.2827098377141876,2.8011353970372697,0.28252373543971304,2.677182230052171,1.125069807611008,25.658011920133074,7.255257997525242,0.2732179472394525,2.5107015428342523,8.05080973988868,2.5646752847898346,10.544295233764307,9.305695051501722,10.122650561109948,1.0677461182185886,9.305788200260563,10.1605246192624,10.334636688942398,0.19328122517926366,0.11697375483737409,0.11613623247940004,0.10608598193309393,0.16685278527057307,0.3101619377540917,0.9584961846268379,0.6209752778423003,0.49925555114348513,0.2200818873862858,0.7666108063783544,0.164991620530768,0.1534524452923708,2.4278800846499573,0.26028288957151025,2.4790619197513903,2.472640903174001,2.5444815994396173,2.42908988255441,2.737763002112705,1.3164898680504666,8.035361813407315,0.8975432435161195,1.071003129889174,2.461380978968919,1.1120416899311372,2.820026135724194,2.711427462471501,2.0028847545834645,0.7391587595865977,2.455425138205495,1.1012469415400208,2.4070352099582113,5.5643030191830105,7.201749715373744,4.182114309157914,2.0134003406881775,0.19607295453958887,2.006607155060604,1.9222967366854529,0.1256281407035176,0.7515354749323513,0.0978968961265929,0.8212358086729946,0.1443327771159672
2026-06-26,9.298865538404314,0.7042960560142228,0.09596428951854397,0.4779617028629245,2.5782963456729764,5.5971729859601655,0.5502138568806519,0.5609075664387597,0.8108610465709707,5.585456324572543,1.1362284028399317,0.2620420337100221,0.726892302110334,0.1103775328766885,0.10591408167493727,0.8939929271866136,0.5437046793816545,14.87790562305305,0.22493956234013032,1.2971917426074018,0.3915752334977828,2.013390406104342,0.2944020815269863,0.613260153879879,1.072531117146091,1.0689975737815942,0.8732564967650118,0.29393714534453746,0.1276734195856084,1.0198065665700697,1.5141342926451058,0.15250139128259504,4.392226114356431,2.4655013450663703,0.2824995272528045,2.7990516065243165,0.2823135634215321,2.6751906494458457,1.1242328577820244,25.638924687906822,7.249860744040008,0.27301469788312777,2.5088338087499418,8.04482066810896,2.56276739914,10.536451235078227,9.298772458939697,10.115120227793145,1.0669518120119912,9.298865538404314,10.152966111083666,10.326948657185698,0.19313744148934045,0.11688673697995368,0.116049837662603,0.10600706359057349,0.16672866194137792,0.3099312054217471,0.9577831504556443,0.620513328593394,0.49888415032433425,0.21991816643602632,0.7660405175136504,0.16486888173922565,0.15333829059994572,2.4260739622139145,0.2600892627241444,2.477217722675138,2.4708014827513307,2.542588736058966,2.427282860138524,2.7357263549100916,1.3155105190692125,8.02938423348289,0.8968755528012106,1.0702064007614898,2.4595499349079413,1.1112144318393156,2.817928292216123,2.7094104065202482,2.001394790101721,0.7386088925532432,2.453598524749512,1.1004277137613039,2.4052445942171228,5.560163682735784,7.196392267194184,4.179003195667746,2.0119025535647346,0.19592709405639033,2.005114421450739,1.9208667223751046,0.12553468476845825,0.7509764007460523,0.09782406972069622,0.8206248837641807,0.14422540662899233
2026-06-29,9.273764167990123,0.6960029959358046,0.09598442345794052,0.4789019696712273,2.528888087187297,5.545766484280812,0.5440044500362804,0.5567096242167938,0.8024668346406091,5.52146902423085,1.148288970553874,0.2600389586898576,0.717240066195777,0.10943151433492408,0.10498005837729962,0.899471370340068,0.5412223000125342,14.891310214863674,0.22479829148769512,1.300194722695374,0.381711952586591,2.016878380112576,0.28934434538569465,0.6105907107288382,1.0883798628429153,1.0797551730054324,0.8731336504301114,0.28971529046757083,0.12770101509564752,1.017156638274838,1.5185013956520825,0.1537605483047951,4.427710307348662,2.4527498004852837,0.278679395688218,2.756932196784725,0.2784011912989305,2.63711383985498,1.136974853696755,25.41064665952773,7.168320708269093,0.2719094843255515,2.491421625674528,8.005842711038209,2.541222192466585,10.509598441992024,9.273856997125105,10.089307740989868,1.064267848801173,9.273764167990123,10.127144669995594,10.300565343016785,0.19094871698588417,0.11731428747593688,0.11675786100888334,0.10544375299600373,0.16637299948119835,0.30807754076512217,0.9560418838717484,0.6158768771409568,0.5038486676347462,0.21886302866984816,0.7573031963471147,0.16340536807227488,0.15209125121515601,2.4140776922803835,0.2588333473746834,2.4575721042381526,2.452378766961015,2.523972954299447,2.4139848631454024,2.717240100157656,1.307150115443218,7.9367523632033645,0.8858387892336679,1.0830937671847105,2.442548501185315,1.0996939797000342,2.7772419662496812,2.6574236093199364,1.9880366791912039,0.7332838699325255,2.4545118559559898,1.1167578426128657,2.3841230322940334,5.501252083900874,7.103867288932811,4.165445642790591,2.017527618026132,0.19577112686962406,2.007140801964029,1.929147772164156,0.12686636655082797,0.7420013181510755,0.09709728523628683,0.812204412789156,0.1428173942180309
2026-06-30,9.261924699135177,0.6980643025523945,0.09576734419364537,0.4770769502781625,2.5289431119104266,5.523478698871793,0.5421876531955853,0.5546911122501477,0.7934611296558796,5.507918888963659,1.1428174436384961,0.2597017774893706,0.7162174847740547,0.10928961925289306,0.10567750159685199,0.8978420157581388,0.5391312316798431,14.869223429757687,0.22395110035357768,1.2994350565134558,0.38705196735692643,2.065110690198232,0.2891543883796841,0.6105399478461175,1.081596728529192,1.074094667228889,0.888858027421535,0.2867463099423234,0.12697971694125196,1.015930373635327,1.5258868204130778,0.15383903501298105,4.339168287487265,2.441789521611906,0.27035288074518493,2.6827822882477483,0.2704455011849537,2.5583959524527935,1.129017333758256,25.295082962136473,7.168472543009632,0.2722052365439329,2.4729091414281745,7.986014633694545,2.537001143166939,10.49736060400169,9.261831990367694,10.077521036297698,1.0628878590000044,9.261831990367694,10.115402743166504,10.28859854914849,0.19144206794752194,0.11697693909827654,0.11632861368543762,0.10586274247638956,0.16708345758569365,0.3095304081591675,0.9694359374728657,0.6180420798085913,0.49402611977945626,0.21830137718647977,0.7664165972029268,0.1650458432418655,0.15217190242822803,2.405668150730527,0.25757154270577365,2.4526257067573747,2.4429933223457616,2.5175512394574304,2.402519161771644,2.6780586634850825,1.291469875348766,7.896730437636033,0.8807075700462224,1.076132281572717,2.4366026356605133,1.1016023195462281,2.699824025192183,2.635269044913373,1.978049526018512,0.7329813780647257,2.4395664897331146,1.10752988636709,2.378068072294387,5.480689080300084,7.0862274297113785,4.103639967807898,2.056311978072251,0.19968509276597557,2.0476058333894107,1.9711031520257363,0.12623877108864423,0.7358525233698452,0.09678614253278815,0.8031860815106338,0.14263220911855398
2026-07-01,9.24129008409574,0.6992884037422171,0.09573976209848671,0.4735237194202643,2.5514277454753778,5.559282943574704,0.5451437175720063,0.5565105001451172,0.8000184797599503,5.529895708792511,1.1343683578227521,0.2597726699043671,0.7179558491951414,0.11098789602515328,0.10710655348477859,0.896220343378002,0.5383975447882192,14.893540383354704,0.22585713459068124,1.2900841521441238,0.38573146362135474,2.046853391490288,0.2875889551726587,0.6086313705789813,1.0742075396337634,1.0669993446490404,0.884576298130516,0.28740412514064995,0.12605119991981106,1.0138619266654898,1.5083633788069783,0.15266611641958852,4.354218773012978,2.4433970418305555,0.26448572996241937,2.6171334646246307,0.26457812735206176,2.5045743370637825,1.1200443299902245,25.35708245613275,7.20035139464063,0.2712318674934824,2.485167853504615,8.030126628235896,2.5450512327556085,10.475648704270053,9.24129008409574,10.056648927721561,1.0608076972140037,9.241197580947926,10.094261610092644,10.267165786578182,0.1921264293090042,0.11560854106720116,0.11486923856552797,0.10590518471626442,0.1670825240153965,0.3123555977918912,0.9682099310883135,0.618796775570397,0.49191386694608935,0.21818686452593627,0.7910544170975058,0.16541908898004135,0.15266611641958852,2.4138250827745242,0.25866370733867633,2.4538397447490703,2.4480176868726033,2.521670780123718,2.406801612063638,2.6921726949840012,1.2898069247224726,7.925700163094331,0.8869790532939062,1.0689400071060469,2.4436742692522064,1.1111726999701463,2.639035277000451,2.663801866740597,1.982164360901618,0.7332039214295409,2.455133660731304,1.101099727621097,2.3857314819527713,5.505960519295526,7.125958558228792,4.086128857426387,2.040292013485786,0.19813326433839404,2.0302190411367365,1.9530542125301786,0.1253118974181379,0.7330191266502561,0.09712596089900967,0.8021440075016895,0.142315863769802
2026-07-02,9.203018590097551,0.6988772542003152,0.09561936631071925,0.4745076511438525,2.5648813934017234,5.52245543276476,0.5430701115546954,0.554297805468768,0.7920117573954882,5.495582775759824,1.1498251651150952,0.26026137204717015,0.7140621787032084,0.110896375766012,0.10739922764857303,0.8951775873648666,0.5402171982600723,14.821829919588625,0.22593409936554895,1.3100497524711543,0.3845941553057919,2.0791459430236086,0.2903552294962318,0.6065709889757903,1.0935026660668528,1.083103280336888,0.8833977348036953,0.2904472617885366,0.12801398718398777,1.009755210939657,1.5159212333950223,0.1525860475216828,4.393613138800933,2.448831182936597,0.27535431691785334,2.7311797258758688,0.2755383815024629,2.608595731704687,1.1434750598196208,25.407694172907465,7.200625647985977,0.2710289044997189,2.486563615326765,8.06856230874977,2.548223952221954,10.433553846286582,9.203018590097551,10.016565658145247,1.056506562228583,9.203018590097551,10.053929329445058,10.225842211010837,0.19271121419158493,0.11614209355382922,0.11531382047645124,0.10583471378612185,0.16685071931498804,0.31189029440132926,0.9690778856226562,0.6192711293532794,0.4889563875217673,0.21903183542297577,0.7991901006616108,0.16556230232945118,0.1531382237221465,2.408245837251806,0.2583287290154999,2.461531393527546,2.453893011673454,2.5241118075986737,2.4131234258704044,2.684612474278282,1.2988220585570818,7.8666480584147225,0.8777838878466591,1.085127955660863,2.446162228906394,1.1124608618941467,2.750046082497872,2.641726373945967,1.9953064380507433,0.7343088617294988,2.4313455037861793,1.1176146000497538,2.3870790068361174,5.487944113051894,7.115589846086704,4.143567000132293,2.0789618433322694,0.20209827981292708,2.069850944801301,1.9904288494321452,0.12718571410660978,0.7480213397689754,0.09709184788086567,0.8055402059570852,0.14264678814651205
2026-07-03,9.175995595522114,0.6952651554695027,0.09515507327545496,0.471279139386599,2.55340419355544,5.506698431980065,0.5409249473567577,0.5511103080683705,0.7796843569526805,5.47944599388936,1.1713158517698559,0.2607817955248114,0.720315654248486,0.11112130351144472,0.10726738466125253,0.8939254741140146,0.5375298387874352,14.801340143403605,0.22554597103786064,1.3341897035830828,0.3800697207647762,2.1260781514795575,0.2884933064237256,0.6059827575291553,1.090291793859646,1.1039640076949324,0.8795191638293365,0.2886768130342508,0.1303908977624057,1.0072490057172545,1.511470005695569,0.15525784617630708,4.410901194779145,2.460176044701436,0.2796843415510766,2.7231601120725992,0.2796843415510766,2.649110040438899,1.1644338550732143,25.440264089454487,7.163791723001067,0.2702330772888553,2.486511387285081,8.07386689895795,2.5414755112929264,10.407047478250023,9.175995595522114,9.99109888103035,1.0538630801442566,9.175995595522114,10.028812088513947,10.19976093126319,0.19434758951345,0.11671866642529646,0.11616810283916415,0.10552394934850431,0.16626904789166266,0.31014864412791837,0.9657735364287025,0.6161681182407681,0.480638659094469,0.21903102256591483,0.8143696091025876,0.16581023761079297,0.1525967990527308,2.42264625631925,0.25876308279445265,2.464030086064387,2.4466876000040143,2.5317489783640057,2.4152137222892103,2.686364560154386,1.2936318198526249,7.746100045055572,0.8638282197618685,1.1052486414777223,2.44806394333751,1.1144246370732445,2.789227392372023,2.6462655042066205,2.0014681144906175,0.7349054536418665,2.422921524985949,1.139383356294231,2.393283238431077,5.463479291104159,7.122132344560068,4.167737311497809,2.1200219607830135,0.20590934606402658,2.0637732029923783,2.030739562842666,0.12965681881483682,0.7503211290426354,0.09735731011816155,0.807487612405946,0.14167736814446044
2026-07-06,9.17094644167278,0.6994680543201247,0.09519442511409498,0.4723954358174358,2.585931779353477,5.530447340676299,0.5420946497647795,0.5550256828481628,0.7703595011005135,5.513205916585943,1.164801927148115,0.2621973601668002,0.7206529881791516,0.11179383327570891,0.10812545819747824,0.8950843587135097,0.5374174474882711,14.762747436433877,0.22312912622621106,1.3219918735921163,0.380685971400708,2.104090174942968,0.28989362261877805,0.6044571135556619,1.103081426809399,1.0960198288355691,0.886280258525756,0.29035216294398486,0.12940205114340833,1.0067864891718348,1.5378760311941144,0.15553924325451812,4.4349779561435305,2.4675348272064723,0.2775128414240814,2.742938337654903,0.27769626455104096,2.6226155651201677,1.150953778429934,25.559427732942037,7.19772585157253,0.2709097662832662,2.506603148608022,8.103907047084212,2.5628210950754884,10.402604996589554,9.17085464264834,9.986885277908335,1.053374913888037,9.17094644167278,10.024669532468016,10.19534071140751,0.19424064843338024,0.11775495371045387,0.11702127869480773,0.10583272158706004,0.16681952067184166,0.3133712231194544,0.9702861615164876,0.6181218041624991,0.4839508479251987,0.21991929147318715,0.8298789239157146,0.16571899940227638,0.1533382182075797,2.429475455448545,0.25999633511986175,2.4789067112341225,2.474963271434221,2.5442956041432616,2.430575924241534,2.6870873074101245,1.3030997463122764,7.656823408052664,0.8556493309955778,1.0985876826442345,2.464141621803065,1.1152788023693283,2.767424887799202,2.6459098474470375,2.010271432027166,0.7394533864033196,2.4407558203268294,1.1305942661344173,2.404988905304246,5.487068943127235,7.134170700151607,4.1814931420307335,2.1091342234733954,0.20533748523155207,2.0984960319535833,2.0209097634845152,0.128760087691242,0.7488077909563362,0.09803741361319974,0.8053925137089528,0.14169112077462523
2026-07-07,9.187706635743982,0.6985483166050797,0.09490995887271274,0.46848586621156557,2.590132337946613,5.544009308567909,0.5437339241563376,0.5549430496681267,0.7707644192360201,5.509738999226215,1.1619809005944792,0.2624035232078499,0.7248254262187471,0.11181550970501603,0.10804851367954645,0.8892870352400527,0.5386806419341715,14.803840499816243,0.22445792268628978,1.3179896816266279,0.3773428858399873,2.07736132031896,0.2897831763646393,0.6067622281838234,1.0970231672719488,1.0894891752210096,0.8742190511381744,0.28923189583091075,0.12872106053731933,1.0087284170849626,1.5290334267635548,0.15463064979516772,4.434031662105068,2.4742740517545823,0.2850055168850025,2.8184491893203325,0.2846379965291835,2.6928518590397887,1.1470966416218402,25.68687991331886,7.169055763477352,0.27021315552565334,2.5101983779408132,8.108967448455013,2.548235998746009,10.423097677066107,9.187798603454612,10.006339267000298,1.0554024508138737,9.187706635743982,10.044192952384233,10.215453652939521,0.19542448050132002,0.11668504051144006,0.11613377750204662,0.1057515640286828,0.16721794159260797,0.31183387198372825,0.9558985751150987,0.6178794560823226,0.4788680533984267,0.21931276037516903,0.8162439942841844,0.1651966146842735,0.15316060342056179,2.4275081905097218,0.26056597400176,2.483553818068667,2.472344692556878,2.5454794909313554,2.4310915665519626,2.692024990812201,1.306872523825469,7.654906037711606,0.8530870863112926,1.091510502129344,2.4657294663468163,1.122932756529797,2.844174913254261,2.655457451430282,2.009279699020638,0.7407203486455534,2.4441380835508255,1.1238515223706744,2.4070195790732094,5.5003672652015,7.095736749292252,4.189360540432774,2.076350656864793,0.20158030626660803,2.065417154095533,1.9872288982555384,0.12807790867680358,0.7658948971917637,0.09693127701887967,0.8110069518841088,0.14158397507728876
2026-07-08,9.182644538424013,0.6838383950477789,0.09329660098633709,0.46382000295255466,2.530394835248795,5.396418575850838,0.5392102958742252,0.5416896389207235,0.7482093972170211,5.384022105823863,1.1463727854719066,0.2572084502193006,0.7079889667045095,0.10955004871603104,0.10615243727839026,0.8808080639939881,0.525528003142666,14.760514636779728,0.22148761101224423,1.3025712222545052,0.375022958242313,2.0182735838947,0.2847566595856918,0.6039485458500129,1.0815426885151227,1.0740128474239912,0.8579430698363248,0.28383838243720944,0.12690541501215993,1.0083562677556817,1.5056933078117825,0.1522497697310014,4.388980637787678,2.426446191316575,0.28007346189164367,2.7704317007073573,0.2801652913579599,2.6625345473556585,1.1336087874035095,25.168136442550505,7.03287424134814,0.27089072543618,2.4498623374189337,7.938659499827823,2.5099172320685548,10.418732558181244,9.182736455463727,10.001928015955004,1.0550045857635302,9.182644538424013,10.040128513472796,10.211019104396234,0.19173552948362352,0.11542699444283029,0.11487603515961281,0.10404040333981684,0.16464646744881342,0.304132221596738,0.9428833820493643,0.6072543365786773,0.47337005727328324,0.21524334742018011,0.8010101318359375,0.16179982405173002,0.14995408561713547,2.384113910769628,0.2547291071728022,2.43287421892935,2.4299356760072315,2.4948576900037303,2.3816343925763315,2.6300275818375516,1.2813589833437355,7.443434590041035,0.8304867074509297,1.076675849403122,2.4158861004397667,1.1018365276746513,2.8122130394857665,2.5839303457156793,1.9813590842282913,0.724517920347832,2.434894432158947,1.1086318030939724,2.3608815987467,5.356932921186295,6.960055208512683,4.127456482886392,2.015886122858557,0.19568410896182167,2.0085399056706983,1.9297520100687269,0.12626262626262624,0.7525252245017647,0.09595959420812797,0.792929278917549,0.13875114468941455
2026-07-09,9.168332174148484,0.6879068376207654,0.09342623618211517,0.46887319510083836,2.523700465440772,5.4328412721976145,0.5336022807640914,0.5434124915903885,0.7604291046246104,5.419363957600337,1.1550380797371742,0.2573576574202276,0.7051435194105563,0.1102961376452846,0.10727055844196513,0.8762262739050538,0.5301182698709473,14.72265562325227,0.22251765341307117,1.3124598321856091,0.376638872568577,2.037315547023629,0.2853213609538223,0.6031906199278202,1.096635194007074,1.0857247471251978,0.8556890238475722,0.2834876691692853,0.12826624893296198,1.0068763151629616,1.5278261610859856,0.15338772845178628,4.403960725569732,2.421014005304793,0.27982030308759215,2.7764737010384675,0.27917851620921846,2.6455486182540455,1.1460529934904191,25.12606582928395,7.076373038637745,0.2697350332474003,2.4693314987830353,7.944989433928613,2.5111397693998123,10.403960848680894,9.168332174148484,9.987622403831828,1.0535436294316438,9.168423947923353,10.025855134603924,10.196571143746562,0.19217015755453065,0.11570550917354985,0.11506372229517617,0.1049784524549843,0.16704867803570636,0.3054002142962411,0.9383881770800504,0.6148344875638925,0.48097551191411625,0.21738332341131986,0.8291922842340356,0.16613184963081873,0.1512789951407353,2.3852572078675105,0.2557073383116204,2.4369669734387895,2.430640738530875,2.5007794055709636,2.385624023168894,2.631337673054002,1.2804621221427468,7.5433208031539385,0.8421197256268552,1.0881085569375244,2.414962811923392,1.1037865534945306,2.7937103828282583,2.5975979400771867,1.9838636186193501,0.7251306164654867,2.437517056491817,1.1195562538768824,2.364536480209814,5.388099318564053,7.021454268725074,4.116439084865941,2.0381406716031707,0.19794627443465565,2.029155655305939,1.9524158517304686,0.12753277571662336,0.7609791876776383,0.09599340118299082,0.7919684354397907,0.13917667832745742
2026-07-10,9.167583425009168,0.6960029168403494,0.09433443309362878,0.4758892541933637,2.5429043351926337,5.502108387515184,0.5396039659914885,0.5514301570029236,0.7815364869820316,5.478639396328956,1.151723480504382,0.25944260393344837,0.7153465234625677,0.11037770408739482,0.10854418915097076,0.8821048883452799,0.5350201742789839,14.711495970560598,0.22726440149915056,1.3100476154793215,0.38100477973314095,2.0002750498845456,0.28758709973627977,0.6041437616967263,1.0918591719299697,1.0830583002351342,0.8719288651480708,0.28786211604813233,0.12797946496284354,1.007242416085277,1.520810408779322,0.15401539454584293,4.436377094130312,2.453795413110647,0.2842867641078276,2.8273744376797705,0.2845617979054579,2.697928204482232,1.139072240557389,25.446369099800606,7.167674877025463,0.2724605730963925,2.4903739814492516,8.03997066373304,2.539053827054255,10.407223787157362,9.167583425009168,9.990924629572332,1.0539053821458806,9.167583425009168,10.0289692055143,10.19948715249129,0.19325265789976215,0.11734506958869512,0.1168866886688669,0.10661899628200329,0.16868353152301313,0.3084891962401807,0.9559038929507372,0.6243124172545021,0.48487348175328604,0.2192885962256504,0.8571690502383572,0.16703336370878705,0.15328198857127331,2.4060323818026332,0.2577007756724566,2.4559040580164786,2.451411751892963,2.521727239862658,2.407315698000464,2.6568573300201113,1.2949211587825449,0.7820865196057366,0.8649614821609928,1.0844334517375078,2.440410819646418,1.1083608500722306,2.8423176434261266,2.6244040063592946,1.995599492810609,0.7327649459587072,2.4337183830280815,1.117161721767066,2.3837549414528043,5.459754196855233,7.097176138105347,4.144756007990122,2.0002750498845456,0.19435277560450545,1.9920241408703045,1.9144664634310111,0.1272460589882739,0.7700770077007701,0.09690135400462246,0.8005133818740761,0.14090575619324425
2026-07-13,9.165994589969065,0.6941338529508121,0.09477543677899075,0.4755270492036227,2.5559120632769536,5.506324383449817,0.5405133017479663,0.5522456461961504,0.7827681166441697,5.485426415881359,1.141063225149125,0.26012831494744826,0.7153987447457179,0.10962419833315283,0.10834096878848963,0.8870760658047376,0.5381301474287137,14.712282175541361,0.22584784041840916,1.2988084046584987,0.38130154421742524,1.9850596455015468,0.2882676513559987,0.6040330112362869,1.0793767381872637,1.071952309333109,0.8653529208259338,0.2859761756456412,0.12676443559767236,1.0071493790414112,1.5254811427660977,0.154262144121962,4.417048523340829,2.443721222287466,0.2946837903380285,2.9231898572661263,0.2947754339817792,2.7942255371541305,1.1274060494958753,25.35389649332608,7.1419798573914415,0.2702108115695356,2.483959670027498,7.993583644234075,2.5340971697589656,10.40669106431886,9.165811092890698,9.990467103001833,1.0538038608680398,9.165902841429881,10.028505823570693,10.198899644105179,0.19385884159972755,0.11668193897558504,0.11622365082654246,0.10650778996846089,0.16901925329108725,0.30586616802827465,0.9484876568004913,0.623281393217232,0.48405134164336405,0.2191567355399827,0.8564619838809006,0.16727772685609532,0.15307058444490793,2.410357481399662,0.2572868899617252,2.459761552259968,2.4525206904144707,2.523372940357184,2.408982651917679,2.678001956257877,1.304399610986194,0.7758936895130972,0.8670943948132089,1.0743354636523617,2.440879814784315,1.1010998831660677,2.945187968141327,2.6383134403106383,2.010265878315479,0.7318973279021183,2.431163980150092,1.1060494790920745,2.3876259416532997,5.466635867502578,7.088176052467634,4.187625986408685,1.9865260836621363,0.19266728192267343,1.976351925913726,1.9015582650216976,0.12603116406966086,0.7807516068302088,0.09688359023670229,0.8050412633460559,0.1409715867501459
2026-07-14,9.128160568091054,0.6874486312970676,0.09356458238247375,0.4707439497473685,2.50588762221517,5.423824670705443,0.5326334867560119,0.545595622617651,0.7650387727849727,5.412870656948882,1.1272478125401144,0.2569602886219103,0.7074395253308992,0.10899132433029028,0.1068005459540405,0.8813327526404182,0.5304427257905209,14.689913549035829,0.2240985781566458,1.282519397535372,0.3767229617322106,1.9874030234660258,0.28416247522379373,0.600639005492997,1.0666362252315937,1.0586946906155508,0.8512094933820173,0.28334094856711406,0.12523961905092476,1.0031036000880733,1.5254221872236564,0.15399361788437607,4.3696029433263925,2.4170699091275387,0.29036968932854756,2.8817892488090484,0.29073482776330195,2.746782324619894,1.1136467366499316,25.08580467680283,7.0870836572198765,0.2712003567729133,2.4618896595803856,7.962848170605603,2.514011900156179,10.365312820915108,9.128251939753538,9.950615845005135,1.0496576710522094,9.128160568091054,9.988589685075308,10.158466319959494,0.19096303127607436,0.11702418708191893,0.1165677814492348,0.105613872157227,0.16732085735925198,0.3034231097988754,0.9329986224050448,0.6193518801836704,0.4820629974741307,0.2169785527865237,0.8373345810765276,0.1647649405482478,0.1516202702907491,2.3898676180611025,0.25522591587834464,2.43514366968208,2.4237333547573883,2.495207723446058,2.386946510583067,2.6518485601608854,1.2880876367900644,0.7609310872692977,0.8469192038274476,1.0607941495615942,2.4154266120635555,1.0916476160464685,2.902145072348528,2.6041990738924863,1.997809225105902,0.7253308907756518,2.4188042992818635,1.092012754481223,2.3586491524275446,5.387585777933877,7.0185303960092424,4.155636695572798,1.9810132749654126,0.1924235501935742,1.972067487778483,1.8987676358451477,0.12450935959217485,0.7712459868897265,0.09602921458478934,0.7999999944285572,0.13911455747255286
2026-07-15,9.099181073703367,0.6883530621099081,0.09335759989883381,0.4725204759342655,2.505641447836101,5.437397700857313,0.5332119970347688,0.5462238287470143,0.7714285603211726,5.410737166955755,1.1259326466221067,0.25659691322055916,0.7091901950992379,0.10900818509769179,0.10718835061848217,0.8727024901010861,0.5314831651265888,14.619835948163102,0.22420381610235157,1.281619709768113,0.37643311130013435,1.9879890421068158,0.28516833623828836,0.6007279039405496,1.066787969643035,1.0590536796146355,0.8513193590408894,0.28362147476154637,0.12511373976342127,1.0000910251329334,1.5289353847069778,0.15414013224802198,4.382438624957348,2.4212010585795323,0.2878980836182751,2.85313919525563,0.28808007140502373,2.7343039126478614,1.1146496815286624,25.110736322793446,7.086806431805902,0.2678798956693141,2.447952673151018,7.899544796583541,2.511192092687244,10.333758450508984,9.099181073703367,9.920108923595313,1.046405823475887,9.099181073703367,9.95814398920894,10.127206373691992,0.19253867013113837,0.11537761879140837,0.11501365189556645,0.10582347692848879,0.16760691607182843,0.30282073502544926,0.9306642291109816,0.6184713486870166,0.4833484889161489,0.21619654439382924,0.8313011884472389,0.16578707291496353,0.15159235529947324,2.380982833737346,0.25450408838357136,2.426387658435936,2.418380334661482,2.4900819259518596,2.3832576290057723,2.6335759115175725,1.2795267981545724,0.7634213059679609,0.8526842500861934,1.0616014392078736,2.4094630372426638,1.090445826550415,2.8757960672699614,2.6116468518077514,1.982256652443272,0.7232938841107327,2.4096451985825182,1.0929026443162106,2.3530482811966844,5.392174482128639,7.007734526060623,4.131028207461329,1.983257567915079,0.19272065791788698,1.9750682216432551,1.8986351561611408,0.12447679986511175,0.7719744889707972,0.09554140127388534,0.7929026332088119,0.1383985444781344
2026-07-16,9.06043308870164,0.6831566687132273,0.09323185613711178,0.46914921427287193,2.5016760474002218,5.40989423625504,0.5312132016681638,0.5422669065336694,0.7635226659696149,5.38497804526111,1.1235843266850636,0.25577602194651017,0.7046298508930543,0.10872519706441967,0.10636948238758868,0.8655431619035686,0.5255051191446951,14.540545128389168,0.21862824282655252,1.2779741148116137,0.37519253282062254,1.9621273675690292,0.2852224294847905,0.5971731780566221,1.0635136110665757,1.055268652901179,0.8419860496980681,0.28313853402192624,0.1247621677789587,0.9959227885199358,1.5231494120716822,0.15375554329396116,4.388149019880572,2.4065414999688546,0.2888465992639902,2.861918955487791,0.2887560101407393,2.7265560630223904,1.1108090828496973,24.98867445863912,7.039775124297816,0.2677357908585716,2.449850635575224,7.925160933288314,2.4984144242094772,10.29102062416474,9.06043308870164,9.879133689875532,1.0420404288867489,9.060342395889961,9.917097479642338,10.085349235455173,0.19054091407670115,0.11443327094718599,0.11379904339600162,0.1049198144759088,0.16644016344326718,0.30343391934825403,0.9233487692498811,0.6143879456246603,0.480474755633749,0.21554771147528626,0.8207846003251845,0.1648998891269317,0.15067499466129022,2.371477668155975,0.25314850533711714,2.4227597526183233,2.413336824785381,2.4824679734925703,2.3725648758862237,2.626075893248986,1.2731720963347009,0.7592643204834448,0.8447947618353676,1.0569901573082303,2.3992025712872045,1.0933224442234784,2.8925432635679984,2.5767871151262516,1.9770771651161292,0.7201232523052785,2.403370569589789,1.0890640296116896,2.344115259768987,5.367038011702116,6.979885794302686,4.119688343221947,1.9577783983967987,0.19017848845807886,1.9496239256662249,1.8740599468867503,0.12403732518241642,0.7671468530302193,0.09522515383602279,0.7898885594380337,0.13808099819804442
2026-07-17,9.063717937097797,0.6856702757715845,0.0934469357347657,0.4662376382371883,2.532946537252589,5.482643201432634,0.5383848592937452,0.5502583076631257,0.7672437372054646,5.457989600976899,1.1163781217161726,0.25822532195339587,0.7115018580621771,0.10921780287079547,0.10667996426868188,0.8673071915291058,0.5333997867680694,14.536571615055403,0.21698541225466889,1.2698269383079455,0.3711592564392228,1.9433517960854652,0.28695730850550266,0.5972990258848809,1.0565575971614631,1.0494879082346356,0.8428351116085337,0.2852351972569065,0.12408229475558144,0.9967370726067536,1.4997734181156814,0.15154535768471397,4.348862481270677,2.429620208090218,0.29366447499210463,2.906734453068352,0.29402699743233013,2.785189962339544,1.1035076588416568,25.217257053413622,7.034441995391666,0.26683586090870676,2.4743042711354573,7.976071784646062,2.5060272839152997,10.298921683104098,9.063717937097797,9.886794694042871,1.0429620202558163,9.063717937097797,9.924952592506571,10.093083896393207,0.19187890941986718,0.11365902258545298,0.11329647421372246,0.10459530464835519,0.16559413085981756,0.30263753638764107,0.9282153871305119,0.6109852593320889,0.475029455700282,0.21589775849564233,0.8302365492080223,0.1634188406294345,0.15127345721070984,2.3911901325497937,0.25650321070479964,2.4417655569336025,2.434877319391258,2.5057553834412953,2.399166248590875,2.6708058862298047,1.291761119119559,0.7626212216953543,0.8481827411497751,1.0547448812343156,2.426538577183931,1.0919061109462804,2.939635516833732,2.639626674397971,1.9819631847090122,0.7288135925143603,2.4050576099294445,1.0822985920611745,2.3695277139108244,5.439499815539178,6.975165479237005,4.1503671137687785,1.9387292114246748,0.18843470421034483,1.9318408355809702,1.8573370630739174,0.12335719801212042,0.77286319807003,0.09616604420082703,0.8023202813655979,0.13858424691247193
2026-07-20,9.070294784580499,0.6898865991709183,0.09414966090195843,0.46848073946375424,2.5306122448979593,5.4440818319515305,0.5351473922902494,0.5458503429040887,0.7877550882006449,5.429297207164115,1.1264399314413265,0.25768707344591485,0.7108390271798823,0.10947845528185232,0.10712018521194284,0.8777323958554776,0.5297052292596727,14.534149792729592,0.21895691056370464,1.2820862231611394,0.37378683976845944,1.9741496045032596,0.28725623651967297,0.5973696200485402,1.068752851075326,1.059773209413974,0.848253937805591,0.28580499073815724,0.12526077478110384,0.9975510508565405,1.5190929317690618,0.15383219124238237,4.397732481664541,2.430839002267574,0.2943310726797229,2.920997809931264,0.2936961548128366,2.810702992134354,1.1174602897799746,25.191384105725625,7.088344582624717,0.2666666632066238,2.471201924780329,7.9846711796697845,2.5190022786458335,10.307845273526077,9.070294784580499,9.895419235402494,1.0437188180936436,9.070294784580499,9.933333554776077,10.101586858701815,0.19210884630544928,0.11473922556490045,0.11446711914339304,0.10530611933494101,0.16752833844312465,0.3034920551879606,0.9307936757059595,0.6154194872936154,0.4780952297911352,0.21578232122927296,0.8315646286183744,0.16444443683235013,0.15138322479870855,2.388571395355017,0.25605441761665604,2.440725590366355,2.4282993308000282,2.4995917149411846,2.3982766772073414,2.6217685967616213,1.283537365141369,0.7843084010948129,0.8721995797016724,1.062947867949263,2.419047729768991,1.0993197002108135,2.933424069497591,2.5824943421378967,1.9983674133715987,0.7268026961761267,2.3921089431866496,1.0937868148561507,2.361904706544076,5.404444688031463,7.022131541418651,4.165079475800737,1.96843541290214,0.19147392843856292,1.9590930203461594,1.8856235772303713,0.1245351432402388,0.7735147281568877,0.0962358245503605,0.7971882030807115,0.14031746273949033
2026-07-21,9.081827263645446,0.6934883353950737,0.09436018838727413,0.4730723835490681,2.556534374716193,5.445009425056478,0.5349196396864854,0.5448188327896358,0.7825810386790056,5.412042347744585,1.135500851687375,0.25737898603748877,0.7083825265643447,0.1101625657473519,0.10734719548473544,0.8783943440260024,0.5295613602151578,14.58614073249194,0.2181454950300942,1.2927981664110038,0.37753155657818743,2.0118971826291605,0.2899827472997528,0.599491437074112,1.0795568317735176,1.0692035542360694,0.8565979447354847,0.28916538146024784,0.12623739550022953,0.9989101613274864,1.5284715561870659,0.15466352453587784,4.389701263314101,2.420942760187256,0.29243484481826765,2.8990100032247583,0.29243484481826765,2.7663246399374772,1.1261465806920352,25.177731980377576,7.124057693904107,0.2674598198432427,2.461175188447916,7.957860232806966,2.510580350934577,10.322404646135116,9.081827263645446,9.909272412601602,1.0453183041878222,9.08173635668309,9.947325845319453,10.115974889811893,0.1928071886498622,0.11570247726017768,0.11552084521867959,0.10580328415702728,0.16746889959184105,0.30487693846902386,0.9404232408660231,0.6175642539278903,0.48242665454440803,0.21623830229717902,0.8395241344238148,0.16501680207332617,0.1517573252608542,2.385614319097096,0.2555626136558754,2.4362910704352467,2.424847879393334,2.498683179391631,2.38997369595958,2.6178367087458,1.2776313929323517,0.7795840190526803,0.8666787785412386,1.0713831733784682,2.4175825284445667,1.1043501814015175,2.921623941576889,2.583870763469485,2.0030877990972096,0.7253655684913453,2.405685356901621,1.1026246813378382,2.3629097509379826,5.401053691514451,7.081827529714603,4.169920932671732,2.0118971826291605,0.1956225675735841,2.0023612362867955,1.9274361613617206,0.1256016703633281,0.7720461550833755,0.09617655210778213,0.7944782795107946,0.1407683225865044
2026-07-22,9.08091164397362,0.6898837742526618,0.09426080743226406,0.47003267636699236,2.5592082030895273,5.378132857195559,0.5275154390899736,0.5374137332471466,0.7688884686609636,5.351434687549662,1.149745737471409,0.2556302181123345,0.7012350274310127,0.11024337398585864,0.10642935222510723,0.8786778254288999,0.52488194003869,14.563748726531283,0.21585543459647358,1.3122048674173628,0.3743189358945071,2.0185252341018605,0.2889574981367982,0.5986196709857002,1.0928986421551135,1.081910637392376,0.858881237114554,0.2875045391156203,0.1278605151081189,0.9990011091194194,1.5083545777653071,0.15283327210049086,4.347076028033339,2.40764624848177,0.2884126428340159,2.8648747819317846,0.2879585823144992,2.72493649949345,1.1405739055041872,25.010714962228704,7.079640259276811,0.2674355318102021,2.448419861216741,7.957137579316881,2.4999998891479183,10.3228296403923,9.08100254268071,9.909644024700327,1.0453142082305809,9.08091164397362,9.947692893264167,10.11614593383922,0.19233563662527953,0.11523791845607792,0.11496549080468678,0.10479476899612265,0.16563748430001965,0.3051216715775617,0.9378859315228557,0.6109698399863501,0.4802034241565132,0.21458408246246458,0.8195604794769342,0.16318560945654279,0.15047220936091735,2.36841625098614,0.25372321589227764,2.4179984472727196,2.412822486442347,2.4823827220447012,2.3710498193199747,2.5879042043800227,1.2677080103842682,0.7637122999829377,0.85061749154509,1.0838176396124326,2.39783861054276,1.1034326383602475,2.883490726292198,2.553759546137878,2.00154380368788,0.7189429546762197,2.4089174447300388,1.1169633127497276,2.3461676839044903,5.336814406478444,7.03396310470254,4.146930654396198,2.0204323056044684,0.19660370158490986,2.0123502188840865,1.9348892782802283,0.12713403559752995,0.7638031294074787,0.0956229543495386,0.787050473746325,0.13975663224957094
2026-07-23,9.074410163339383,0.6838475554478363,0.09392014865217538,0.4642468225717977,2.574410274110991,5.324137665182622,0.5225952826913601,0.533212325966726,0.7608892783495562,5.293738612678652,1.1469146950058842,0.2540834845735027,0.7167876394171464,0.11007259631979054,0.10598911347709421,0.8779491833030852,0.5164246810109991,14.549273648409143,0.21479128925856575,1.3012703620370634,0.3705989124554255,1.9980943960200204,0.28820326886462644,0.5970962164406335,1.0852994416889392,1.077041764441073,0.8539019825237849,0.28638837990873306,0.12722323464395346,0.9983665757084066,1.5029037669436252,0.15181487787873255,4.424863839538906,2.3903812470756294,0.28774953797162117,2.861252246448219,0.28802177650742433,2.728221360222181,1.13339384324754,24.857078039927405,7.043920056573276,0.26687840151916614,2.4249547276436307,7.951361072907214,2.4845733919507147,10.31669713624376,9.074319330620462,9.903629808373978,1.0447368171816511,9.074319330620462,9.94183272069249,10.11016347230887,0.19156080408667478,0.11415607916248688,0.11406533298388583,0.1036297647576583,0.1642468274180556,0.3031760421725237,0.9333938349396693,0.6048094512330209,0.47323050386459986,0.21279492525353405,0.8037205053976789,0.1611615265778751,0.14909256175295627,2.358893032731681,0.2523593417962104,2.404265083548378,2.3950090079471984,2.468058175919493,2.3539019409844317,2.5690561284170825,1.2566242806491748,0.7531760435571687,0.8428311910473499,1.0786751610397642,2.3814882254211094,1.0992740416483524,2.9087115112969317,2.5309437718884698,1.9931941369916912,0.720054432614529,2.410798669943143,1.111433787268,2.3336661835547585,5.282213934536638,7.019328759499773,4.138747698165976,2.002177852900621,0.19410162785524898,1.9909255344508563,1.9147005444646097,0.126588020047778,0.758348454580982,0.09491833065469121,0.7829400978157611,0.13901996093306912
2026-07-24,9.089256498818397,0.6867841988601504,0.09389201893933881,0.4620978017868378,2.555717075766054,5.342301488507771,0.5249954401157354,0.5353572216495084,0.7674059289690582,5.306762184929445,1.1387929550584197,0.2534084635590493,0.7035993788593835,0.109798217812271,0.1054353788535696,0.8746591833933248,0.5214506356288381,14.597527899756862,0.214870018084425,1.295673541644772,0.37047807963582263,1.99609162525315,0.2899472788450307,0.5988001931777674,1.078894718671534,1.0717142670615287,0.8495728160398394,0.28758407007497216,0.12661334580236122,1.00045446005112,1.5006363034313364,0.15160880117411182,4.402199478024592,2.3884748116642145,0.2907653133168348,2.876658700548764,0.2908562079621887,2.754317385741655,1.1275222964166316,24.785856584314217,7.055989709079883,0.26686057635295,2.420468894682501,7.835575416508078,2.485002671300531,10.337665657025427,9.089165517491137,9.923741670548537,1.046809654325989,9.089256498818397,9.962007085359481,10.130340293242138,0.1904199305847978,0.11388838150310118,0.11361570623522996,0.10379930990996133,0.16415196751447358,0.3033084796571966,0.9321032816920362,0.604799135752839,0.47173242615777955,0.21368842236758623,0.8023995526204043,0.1605162683822224,0.14888201382263772,2.353390414722181,0.25140883337040637,2.400381715487099,2.3930194399136235,2.465097177377551,2.3495728049445557,2.5674422943165163,1.262588653536715,0.7588620056696013,0.849118325476689,1.0731685120416672,2.377749555567312,1.0981639674134178,2.896836861071425,2.5309942869939843,1.9949099775271684,0.7131430565758285,2.4024723443393814,1.105435400350682,2.329212959149473,5.300854501063728,6.996000838093359,4.125977117264191,2.0034539008266252,0.19414652436240287,1.9909106824771208,1.91746961201479,0.1259770919530744,0.7638611244821609,0.09480094805649683,0.7854026873487491,0.13879295089768834
2026-07-27,9.119095385737735,0.6950574614326384,0.09474740418860801,0.4690862541191773,2.6011306787741657,5.393397797204143,0.5286339706429247,0.541309507663246,0.7685573479782681,5.374795042987985,1.1503738968254507,0.2569761107530164,0.7059092072050828,0.11161772543423458,0.10760532729103468,0.8759802804905503,0.5237096507858452,14.680375484095729,0.21648732237021853,1.30767822265625,0.3731533664868258,2.0307313737133525,0.29199343842571285,0.6021338571885544,1.090370232489734,1.0817071197025536,0.859930722704339,0.2912639114905856,0.12784972148243362,1.0038300367595723,1.5246215798049083,0.15475104243438348,4.452033480349062,2.417745804147479,0.29855919823515226,2.9540397815192985,0.2981944260709416,2.821721618418578,1.1398869232172169,25.102407263074504,7.144355391273311,0.2686485417150525,2.4485683910781053,7.905434735952319,2.508663196274992,10.37287972126915,9.119004105730212,9.957778321203037,1.0504286197465462,9.119004105730212,9.995987909718107,10.164873734369301,0.19378077694692686,0.11480941229790162,0.11435345578928531,0.1051431673624949,0.16733540380694625,0.30685757364471006,0.9420937220371489,0.6134415159863797,0.47820534950491506,0.21539304066417472,0.8241838159166329,0.16350538304920464,0.15101221471769455,2.3747036627950884,0.25487872298868736,2.429509515117038,2.420572701453641,2.4948932731888624,2.3824549495315064,2.592649986855679,1.2683749438071368,0.7653656785078952,0.8528177698619953,1.0843516657131989,2.409265112228992,1.1181835012455046,2.9736457809400934,2.5507020924227444,2.0245303164949475,0.7225059580241984,2.4302389202991064,1.1157213065303766,2.3590188075999112,5.35473292182228,7.09383524662166,4.1984314599351125,2.02589826429062,0.19669888468743588,2.0180558366930312,1.942458458023308,0.1270290015062537,0.7804121998089977,0.09593288763235155,0.7914462968769592,0.13997811764973306
2026-07-28,9.157509157509157,0.6935897240271935,0.09386446886446886,0.46730768112909227,2.6315933618790064,5.38040272918813,0.529029308221279,0.5399267315427899,0.7663919637491414,5.364010989010989,1.1393772726093894,0.2577838792905703,0.713003668592963,0.11199633280436197,0.10897435548104646,0.8632783575372381,0.524084244892274,14.755494952638507,0.21877288818359375,1.293956071902544,0.3715201437254965,1.9699633252489697,0.29313185276129305,0.6049450325878548,1.077197777045952,1.0698718116396948,0.8463369795690963,0.2912087842221662,0.12637362812028263,1.008150149614383,1.5354395436716604,0.15558607849009307,4.479212498926854,2.419688745296045,0.3094322428161845,3.069139138246194,0.30924908844105925,2.936355255462311,1.1190475911011188,25.221886268028847,7.13901114551139,0.2695054973001445,2.4622711069854626,7.937271062271062,2.5181319687392687,10.418040516612294,9.157509157509157,10.001007191864126,1.05485350221068,9.157509157509157,10.039469401041666,10.209157196156708,0.19706960126157208,0.11465201884398966,0.11410256445189534,0.10549450968648051,0.16804029653360555,0.30622709365118117,0.9276557056021777,0.6166666331308666,0.4745421217474745,0.21630037398565383,0.8445055056840945,0.16364469632997616,0.1513736326615889,2.3828753796252573,0.25503663352994255,2.4373626708984375,2.4345238654168098,2.5048534686748796,2.3878205128205128,2.5918498056712167,1.271794916509272,0.7617216145162617,0.8491758549169742,1.071886474832947,2.4193223666795443,1.1246336772764995,3.0919415260845926,2.55054934994205,2.0426739703167924,0.7261905041369763,2.4409339541480652,1.1036629729218534,2.3673077817364927,5.340384458884214,7.08095229152358,4.235531034923735,1.9733516986553485,0.19175824664887928,1.9648351424779646,1.888278360331888,0.1258241737281883,0.8023809775328025,0.09624542334140875,0.7995421021849244,0.13956043746445204
2026-07-29,9.167491659647736,0.6985698290084542,0.09396773010634397,0.47286396984831947,2.6345801694427258,5.424825726387743,0.5319031945156185,0.5443711135690799,0.7702603285943015,5.402823861894653,1.1392555614509206,0.26045104370564826,0.7187385545093409,0.11331132798567332,0.11010267903265343,0.8620278582627143,0.5302530267013925,14.777685654307618,0.21846351231853736,1.2958379730795346,0.3736706850158893,1.9801980198019802,0.29455446523758005,0.6055189131990999,1.0793912528765084,1.0712321092236992,0.8454345546452432,0.2938210417772327,0.1266043309462477,1.0094426165232084,1.5546388139994012,0.1574074081068385,4.502933559550617,2.450769953907826,0.3168316957580768,3.1413641699863346,0.31664833989298996,3.0055005164823125,1.1271543541276328,25.468737466194536,7.1828933788561145,0.2702603551726836,2.493857707914346,7.946002933626696,2.5209021909271008,10.43087686861134,9.167583425009168,10.013292995966264,1.0562889734204541,9.167583425009168,10.051979929438257,10.22176375352379,0.19811148340989698,0.11734506958869512,0.1168866886688669,0.10652731834945986,0.16932525956503935,0.3094059405940594,0.9273927728466206,0.6220205213982498,0.4761642705052162,0.21828015645345053,0.8418592027049385,0.16565822969219124,0.15337366650381673,2.409424342906296,0.25825082578193936,2.4635130291593614,2.4553537456203305,2.528602927431415,2.4187751772817254,2.592776011406479,1.287495438590083,0.763109624713692,0.8524935631075314,1.07334068418642,2.4492116213981423,1.136321937552642,3.1592407898016366,2.5802164668778076,2.0714154469035773,0.7334066740007334,2.436652076869471,1.1049688190254572,2.3888887657890137,5.382288005004928,7.148514941012331,4.327282627554748,1.9786395474060752,0.19206087974825314,1.9706637945899081,1.8948478404969404,0.12596259416133265,0.8177484135335734,0.09726805699190728,0.814814789635295,0.14090575619324425
2026-07-30,9.1289938856525,0.6975534385805128,0.09384699409321884,0.4692349965846166,2.6637758676731957,5.396019874838815,0.5293043595237934,0.5414460596429708,0.76866895150851,5.363428973577004,1.1383969047675935,0.25999634418693013,0.7171809161821594,0.11347453263808455,0.10991418625025585,0.8634289011416348,0.5264743305545491,14.70330450598811,0.21617674187671881,1.2990688611626602,0.3709147440945338,1.9722475195009386,0.295508480298382,0.6024283171788345,1.0797881940779337,1.071480762703871,0.8338506147333451,0.2947781715859717,0.1266204115899131,1.0052948945278621,1.5503925673822776,0.15711154906401914,4.521818580648336,2.442121688566962,0.31614023250059553,3.128628733385778,0.31604892214610886,2.997900444115734,1.129267819501937,25.438287472755384,7.160397805239524,0.2691254294525865,2.4788205110397743,7.9831109248048655,2.5435456921415693,10.388533512301441,9.1289938856525,9.972521587077209,1.0520357665124112,9.12908526565638,10.011137439448488,10.18011689686701,0.1969143663942324,0.11721745620401579,0.11657842302139558,0.1056235137376686,0.16824904423202283,0.3081979032456929,0.9195727894553002,0.617308770737466,0.4733430570944047,0.2178199800105127,0.8185138183504598,0.16395836301326142,0.15190797324857072,2.4098046487192177,0.25789665875479273,2.4581886891881672,2.4530764237272056,2.5241006959501093,2.415190775594246,2.5960379324190934,1.2882964681138167,0.7605440711940272,0.8504656167802571,1.0784188173582068,2.4423955499810286,1.1383969047675935,3.159211224745241,2.5660945438916434,2.0563264560890997,0.7322439208003712,2.4127260228676453,1.1058060731551758,2.3851560070629163,5.349826725682399,7.1082710849775195,4.329833928655485,1.9695089053602708,0.19107175739616378,1.9612926450419081,1.8863429330181896,0.1258900854651545,0.8120321065203778,0.09731604753890916,0.8102063173270038,0.14031403948839768
2026-07-31,9.104151493080845,0.7046613394562901,0.0941369278276392,0.4727785898140548,2.705116577592976,5.39202485219979,0.5288601616222496,0.5413328394434874,0.769391862128828,5.348780132607656,1.1350145499721895,0.26037873617507035,0.7133102555910514,0.11352877154978885,0.10997814934182497,0.8640750515487015,0.5275855859699513,14.6445744591565,0.21686088578681917,1.2896030034275707,0.37390749904246373,1.9707756848206766,0.2988893101880434,0.6024216876269602,1.0739257017887167,1.0661871869114308,0.84814278643581,0.2973415863748371,0.12609250165212788,1.0030043533225175,1.553168300286923,0.1565914126269069,4.5301347081016985,2.4543881676792663,0.31090678738054356,3.0756553766593737,0.3106336392196355,2.943827440855022,1.1229970727796894,2.5544427036804955,7.243718357739097,0.2684814254471792,2.4838855296091187,7.985251052311885,2.521394867143402,10.364439673260538,9.104151493080845,9.949380606521418,1.0495265730088936,9.104151493080845,9.987800970445647,10.156227773067643,0.19728696354965353,0.11689730656034132,0.11635105365050247,0.10579023930771196,0.1682447154245842,0.3099053251595716,0.9317188304614951,0.6178987868406958,0.47915150280512775,0.21913692366008938,0.8221958991131987,0.1643299275041929,0.15240349391039842,2.405680901623953,0.25837581173312635,2.4593956177024534,2.4517478859520097,2.525673829458616,2.4167879775589776,2.5920428938007842,1.281682436082455,0.7615622862880453,0.8505098158134132,1.0686452772525306,2.4454659991948517,1.136835421946304,3.1000547138166876,2.5530771365238643,2.0538055019837094,0.7324289598346885,2.407319860048565,1.1001456330834907,2.389202409648409,5.3532410779315365,7.185633826759377,4.283867521348524,1.962855117475561,0.19082300695987486,1.954752428203452,1.8800982748255275,0.1254552051435833,0.8056263461741581,0.09723234072446997,0.8040786570905336,0.14038601671789827
2026-08-03,9.107468123861567,0.7110200336504938,0.0943533666364048,0.4757741500771111,2.726047425539333,5.4402552536927935,0.5337887122982838,0.5452641068477666,0.7771402716853797,5.4071950999331175,1.1353370096731272,0.2626593820818569,0.7121129548397656,0.1135701299365101,0.11092896452801258,0.8642076447144666,0.5319672117250648,14.666211070910178,0.21830600467535968,1.290528205357397,0.3730418860152337,1.9676685159540785,0.3016393345344696,0.6027322432165372,1.0767759868573188,1.0679417316596582,0.8581056577477516,0.30191258220290446,0.1261384369897061,1.003460840666446,1.5506374727398538,0.15591986192380144,4.5231331024447865,2.4730419721759733,0.31830601787740853,3.1506375450037,0.31857923080360956,2.954462603793118,1.1247723132969034,2.558925329878899,7.300455617991519,0.2680327896646246,2.5131147763333903,8.091985428051002,2.5739525966956966,10.369489492614413,9.10737696024021,9.954280332137978,1.0500911024750257,9.107468123861567,9.992804744421676,10.161201741091759,0.19908925874637126,0.11839708561020036,0.11812386399844088,0.10683059692382812,0.16948998734382115,0.3128415161577513,0.9378870979684298,0.6213114865273509,0.4827868699593188,0.220309658780124,0.8234062264308687,0.16293259917712602,0.15418943811635502,2.4292350727352288,0.26083788150863785,2.4776865919213913,2.475865265059341,2.5489070593550776,2.4379781643115326,2.6308742724698315,1.2989070593550776,0.7699453635293929,0.8612932576942096,1.069854291627533,2.4639345040521117,1.1329690485052724,3.1864298280253873,2.5826956882720005,2.0607468512974587,0.7399817850637523,2.4040983717732525,1.1022768559134506,2.4096537939186304,5.410564818668886,7.2431692877319565,4.322859689403319,1.9630236182707907,0.19080146414334656,1.9555555666730704,1.8802367663774335,0.12550090831485602,0.8244990781356728,0.09826958070904397,0.8156648229380123,0.14134790945139958
2026-08-04,9.108297659167501,0.7103561149810504,0.09390655268801074,0.47946078321931357,2.7325804696750615,5.42635950237385,0.5337462289290563,0.5436742747673649,0.7778486339910639,5.417524164562744,1.136624473226408,0.26177247263975006,0.7221969297342867,0.11412696723719092,0.11075689814566089,0.8618271495271156,0.5282812642317151,14.679842892539165,0.21550232122608715,1.2879132334136476,0.37844976078933,1.9682120078139231,0.30357957765784394,0.6023316991840602,1.076054279894785,1.067037084669632,0.8540850409241861,0.3015757410542997,0.1261499260540097,1.0036433413007217,1.5491392825489998,0.15666272668676065,4.4559613919364525,2.469532788804194,0.3161490034108084,3.1565716145240343,0.31605793572219193,3.0062847031477706,1.1225976864923946,2.550414516491711,7.304854722652336,0.268148287950247,2.5087895294781513,8.08816832134074,2.563712553244404,10.37180044360256,9.10820648724269,9.956462292715068,1.0502777808415498,9.10820648724269,9.994899041992097,10.163311376761886,0.195464059426839,0.11950086424591568,0.11931870280963408,0.106840327372587,0.16914108475110864,0.3131432832508902,0.9387922369507625,0.6204572615591769,0.4866563467089514,0.2200564700556709,0.8145550624389815,0.1651334289167192,0.15393022696539094,2.419983627301268,0.25958648328627376,2.4787322583881726,2.467984255898334,2.5393023822289997,2.4276345639793866,2.6128061330864605,1.2920120785455471,0.7677384180301242,0.8610984690365912,1.0690409212731762,2.4577830069941764,1.1389926500752146,3.164313723126964,2.5808361973177485,2.067765773499052,0.7371345323360577,2.4132435759817037,1.10183077894802,2.402495573491865,5.382548612870309,7.18653802500797,4.316057795350783,1.971126729776021,0.1913653359038331,1.9617451943056061,1.8886055752210185,0.12542126293618427,0.8181072929667931,0.09791419983605064,0.8137352795144422,0.14063211203555243
2026-08-05,9.09908999303344,0.7107370392206693,0.09390354590376905,0.4840764400631433,2.7591447769456607,5.425932643845257,0.5314831651265888,0.5451319367371438,0.7826205835871743,5.44140136274454,1.154959056462018,0.2620564079805327,0.7263876417748378,0.11383075731466638,0.11137397425949193,0.862056395484709,0.5332119970347688,14.709826982270814,0.21601455660708063,1.3139216915057723,0.37843494224374785,2.0247498113963687,0.30646042133917906,0.6035486972798424,1.0978162104265596,1.0863512228357455,0.8588716959931614,0.30846225228279256,0.1283894418259986,1.002729726553614,1.5427661788149027,0.15650592140982214,4.453230242603361,2.4773431279856686,0.3149226625145729,3.15450402798709,0.31592357798637966,3.0024567899972987,1.1428571289728944,2.5863511395302545,7.33157406946656,0.2684258416742493,2.5108280476925042,8.11410364180505,2.567152000753526,10.36269322430903,9.099181073703367,9.947679708826206,1.0493175586426224,9.099181073703367,9.986260147719518,10.154321755573248,0.19990900194135114,0.12165604991409537,0.12120108912487915,0.10709736540276316,0.16960872966013135,0.3143766991543271,0.9369426862666344,0.623475856624808,0.4888080183867436,0.22047315325055802,0.8231119115966574,0.16760691607182843,0.15432210267946,2.421656184244199,0.2602365821789784,2.4789809139345427,2.4741583590728786,2.547406655642203,2.4330301605863283,2.606642413291202,1.2942675659068612,0.7760691621067092,0.8680618883155496,1.0877161138810494,2.4613284804367606,1.147952717580613,3.1404914890667652,2.5807096916941537,2.0384895248343664,0.7369426557212878,2.4161966200629834,1.1222929603083769,2.4028208127772404,5.378616791188011,7.199272176588091,4.323385028648203,2.0261146330204305,0.19717925456136437,2.0181983899159035,1.9416742437638619,0.12766150803431475,0.8163785370400648,0.09827115733152741,0.8139217192742692,0.14158326132499272
2026-08-06,9.099918011050823,0.7132586882647918,0.09409409548264529,0.4869414716674238,2.7410136632548743,5.461461217076452,0.5365365282052293,0.5491855353000372,0.7998908137763118,5.4487215375887255,1.1842751787209795,0.26435525741250837,0.7162617079304091,0.1142051159408032,0.11092910711059514,0.8573118489805501,0.5317135344906341,14.681317281414938,0.21539721609149098,1.3468013468013469,0.3780143863456852,2.0353990187364213,0.3060333157531644,0.6051506051506051,1.1280371197058208,1.1145691451172408,0.8802439107920065,0.3057602918747938,0.13158613193326937,1.0030030141114126,1.5460914905494985,0.15624715694143185,4.431522531498118,2.5096004984921,0.31340430090735266,3.1178450734114795,0.31449632699327523,2.9423058201134373,1.1711711434001473,2.578123555906759,7.345982345982346,0.2689962641363398,2.5078714745462793,8.126308126308126,2.564291642050431,10.365001453868642,9.099918011050823,9.949767994201588,1.0495950162698209,9.1000091000091,9.988260854960073,10.15642884539369,0.19819820444667857,0.12075712492277434,0.12039311622746682,0.10692510692510693,0.16871417704547587,0.31304032692582495,0.9655109516254535,0.6225316558568512,0.4887614804301816,0.22113021418746517,0.8115388143159139,0.16798615965486083,0.15442714817867406,2.4344343344587487,0.2612612529299541,2.4827553605629777,2.4763855208191146,2.5533715200463245,2.441805319612937,2.6148876704296624,1.296569257689863,0.7913367830054842,0.8858858720003739,1.1164801386969356,2.4710165487753377,1.1399581094100137,3.1478752700676527,2.5811267144274956,2.0760760705218715,0.7410137437908434,2.4206024206024206,1.150241164126662,2.413049535241918,5.408135297051313,7.250158983557421,4.312494256952265,2.037947010176014,0.1981072022728517,2.0287560509728477,1.9522249411165427,0.13076712972571738,0.8107197773945821,0.09828010001578727,0.8123577818096861,0.1415051432408305
2026-08-07,9.09835319807115,0.7137657806227112,0.09407697345635421,0.4865799248679495,2.7971066570446843,5.447912194494359,0.5349831611050909,0.5469929845499478,0.8061140794661186,5.442998728362979,1.1927030874159825,0.26348830028634934,0.7192248480734948,0.11536712132813921,0.11118187850995186,0.8577017254395998,0.5317077484005913,14.688654842243086,0.2139022857691005,1.357019323960371,0.3787644533537916,2.0977162911345077,0.31098171508666894,0.6049494847035715,1.1352925009489299,1.122736798524965,0.8845419090228653,0.30979891945283,0.1325630033192996,1.0031844430555044,1.5416249880939519,0.15685560705229884,4.426712842734254,2.4748431422584387,0.3172595662986513,3.1642252641187962,0.3182603907036332,3.019561503801406,1.179146630001962,2.5728323062441714,7.348103037783755,0.2690383012903668,2.502501936065588,8.102902619010726,2.5389864212409585,10.36693707315929,9.09835319807115,9.951960206433105,1.0497679670040758,9.09835319807115,9.99053824578064,10.15849349041261,0.197798196443619,0.12100809926971944,0.12073515110329971,0.10736056947261272,0.1689564161115842,0.3162587418936694,0.9714311404154892,0.618869953990232,0.49131107269584207,0.22090802189651085,0.8100263741178862,0.1680465773210308,0.15458101875278105,2.44127019674478,0.26130469760126007,2.473114432938029,2.4464563247060096,2.5459920532459797,2.433718408100946,2.5819306594422424,1.2999727493659585,0.7955600258521177,0.8919115529005266,1.1267400267299665,2.462924321781742,1.1431170902524652,3.1856975220492902,2.5832953568900123,2.0835228823582934,0.7377854275124249,2.428350413033249,1.1587662688595357,2.405695602421157,5.383859432575517,7.293058111999306,4.328996340578371,2.0928941750459185,0.20362113693719044,2.085069585742383,2.0059139406851343,0.13183513575760317,0.8202165546890994,0.09835320188897007,0.8139386687696539,0.14220726152707597
2026-08-10,9.087513542660624,0.7159214720037883,0.0930570680763192,0.48845874227553615,2.7918029030814075,5.423209919404307,0.5337150085626711,0.545165409655278,0.7918938512327193,5.411850413769993,1.2043802142793245,0.26263176679871203,0.7185568856308998,0.11441294213547701,0.11105052950771363,0.8524173305321502,0.5297164750593178,14.64458369896742,0.21464922609263357,1.3704107874569047,0.38149763306285284,2.087150110586562,0.3104325685878963,0.6037804656616343,1.144038525896478,1.1321337861782506,0.8780443724698476,0.31079608108814477,0.1336786626512811,1.0020901185302291,1.540985162888211,0.15576153571109083,4.439203837099009,2.4806434134923947,0.31861142651118696,3.167757057181621,0.31906579980326755,3.0109958794280773,1.1891131052664088,2.5672482733551436,7.351872046528535,0.26908397501228243,2.5139040792694702,8.034260513044972,2.5557071154700846,10.356142910035555,9.087604507451836,9.941293542405035,1.0487095740265258,9.087513542660624,9.979915861561704,10.147764759902648,0.19656487786956198,0.12122864551606588,0.12068338543230817,0.10732461304631678,0.1688476910551259,0.31815701855264633,0.9609232812047395,0.62504542692927,0.4922755195287651,0.22055616555583124,0.8226099295080552,0.167393675720592,0.1544892766266812,2.431933709119979,0.2609051170889918,2.4795529453245693,2.4759179589879245,2.5487094825070713,2.4329334898282724,2.642221010541621,1.29471102526993,0.7882587955631546,0.8764086008851895,1.1357688418478151,2.4609231896852846,1.1506725076934026,3.19256631732637,2.5580697040564795,2.089512837838797,0.7362776866872628,2.421028750110045,1.1692112292085548,2.40794257743278,5.391130409254589,7.299618320610687,4.337150215972601,2.0922391469242005,0.2035623375002751,2.082242865165508,2.003453350725801,0.13295165498401415,0.8227008249663474,0.09814613041380282,0.8111595977483684,0.1410396261156277
2026-08-11,9.074500996058303,0.7114337706522587,0.09283121181702657,0.48820325986443325,2.763248727455762,5.398094329557055,0.5304900098409496,0.5416515301879218,0.7901996536393348,5.38284938694561,1.2126134744356851,0.26088929219600726,0.7172413876182154,0.11388384928071564,0.11107077832230638,0.8515426164962852,0.5263157894736842,14.652722145814428,0.2147005430799647,1.3770417422867514,0.3806715132753126,2.102994555353902,0.31025407102276753,0.6022686274644468,1.1467332372648098,1.139019933240167,0.8704174062517723,0.30807623196859757,0.1343920183268303,1.0008167052225712,1.5393829345703125,0.1551724172547162,4.3962795029101915,2.4558076668131803,0.3196007370299739,3.171506352087114,0.319782229387176,3.0353901996370234,1.2028130948435374,2.55272230089468,7.329401199700828,0.26833030576065536,2.5,8.022595525004254,2.54392011195908,10.342468150947141,9.074410163339383,9.92822110544748,1.0472777101824806,9.074410163339383,9.966696515922754,10.134210880784936,0.19718692869542948,0.11987295860387452,0.11941923636490118,0.10698729547961004,0.16987295202681027,0.31687838628806997,0.9543557002626616,0.624047156470657,0.49201453013342217,0.21987295410377794,0.8104355495335186,0.16742287443683715,0.15399273424096635,2.4185116970387646,0.26016334007526265,2.4687840068837907,2.461070702859148,2.532940153201565,2.4189655837043444,2.5737749989365923,1.2867513888544266,0.7860254332720692,0.8752268325611814,1.1423774899242145,2.4473685318242397,1.1402904143567094,3.1886571202217557,2.5426498385393033,2.0750453554350754,0.7323048724885861,2.417876698793387,1.1756805586079286,2.3935570690895815,5.358711699608666,7.267241157767128,4.3139745362657385,2.106896485261173,0.2047186884386786,2.0970054114146155,2.017422933976577,0.13375680373065485,0.8277677061769794,0.09773140161310047,0.8094373588769709,0.1401996352927871
2026-08-12,9.08173635668309,0.712287715059266,0.09317954980366756,0.4940514170000809,2.7628735012324324,5.440105437885978,0.5349196396864854,0.5462719237660422,0.8062846133802277,5.406865639687018,1.2216874423073376,0.2602851679903016,0.711561152248852,0.11306874770016472,0.1108891112355551,0.852420312508869,0.5296521632442487,14.66787717786475,0.21505767237467788,1.388611333180314,0.38316227978120954,2.1459449031526003,0.3102352179403515,0.6025792250851066,1.1577513700566124,1.1483970297724293,0.8748524369362881,0.3099627742086571,0.13559168381778022,1.00172557489563,1.5343746884773608,0.15493596826757228,4.36218333779147,2.4789754922811564,0.31477613157217427,3.1456724649640133,0.31468532854308334,2.9881027065086903,1.2096993638020361,2.5479065279535806,7.322768118777529,0.26827718568274767,2.48987379585968,8.019707454299962,2.551539480583337,10.352284212591385,9.081827263645446,9.937516762356962,1.0483153238141476,9.081827263645446,9.976114528227454,10.143583999452252,0.19525928616837707,0.12042503159460391,0.1202433908920004,0.10716556344323734,0.17001180013944683,0.31622922254858066,0.9599491140517863,0.6244664620491369,0.4969575989528937,0.21987102973819506,0.80519483845345,0.16783216367483725,0.1538461586963729,2.4094086621829875,0.2593769817994949,2.459994506558782,2.456634274816093,2.5276542305350898,2.4118609329236107,2.569884671879967,1.2951593916115844,0.8011079746115035,0.8924711347113469,1.162292283688435,2.4358368127788403,1.1300517691869565,3.149214510631414,2.5430931705900632,2.066933033674422,0.7305422072600695,2.4143129265088605,1.1849967825587056,2.3883390335694137,5.396966758383662,7.262010672211312,4.284442918587095,2.140495889941025,0.20797384087303855,2.1321406254877933,2.0503132731526286,0.13486513832957703,0.8233584929807408,0.09744800238158503,0.8033784314274149,0.14085914293780616
2026-08-13,9.083477155054954,0.7101462467542536,0.09337814272841485,0.4927786356617313,2.7633754311990475,5.4316465682907165,0.5327459490042593,0.5440094412721268,0.8047052079016316,5.406212943138852,1.2141883746838524,0.26015078017665944,0.7114179280118468,0.11354346443818693,0.11136343200001668,0.8572077640710513,0.5298392390866989,14.671631857315605,0.2163684230613518,1.3793260614362397,0.383050214996324,2.0978290212393693,0.3110182730353965,0.6032337511318864,1.1481515262592326,1.1397947439089253,0.8896357747425402,0.3101099045294617,0.1346171286658572,1.0019983427976542,1.5301116990484347,0.15496411541413738,4.36015995790376,2.4447271745702377,0.3155600116129239,3.129348803393814,0.3158325048393466,3.0064493685741494,1.1994731860455792,2.541556797102087,7.336633685542794,0.2692342573317144,2.4816060696433033,8.028976048183589,2.5461894591569965,10.355345803717412,9.083386231577572,9.940412079392429,1.0485057707800507,9.083477155054954,9.97938055121094,10.146970261192546,0.19602143631307162,0.11926605608539302,0.11899355419629146,0.1074575340512858,0.17022435980668693,0.3202833892409229,0.9761104467660338,0.6267599236987919,0.49659367943451094,0.22000181045830222,0.8169679575021005,0.16749932359031353,0.15378327100713762,2.41075478151044,0.2593332658466759,2.4590789465047065,2.4539922214743335,2.526660038714773,2.4101188715802127,2.57216834796743,1.2843128294091055,0.7978926000353403,0.8911799492265561,1.1492414991649234,2.4380961364529874,1.1409755709905673,3.185121208978875,2.5371059820019415,2.0781178924452437,0.7294032432714852,2.423835010790177,1.1766735696805597,2.3875011021699573,5.385321056564515,7.277137021059474,4.282405415632948,2.097738236364849,0.20346988480815945,2.089018037310737,2.0071759580407225,0.1338904511864671,0.8277772481916429,0.09755654256624728,0.8035243808199896,0.14061222220216485
2026-08-14,9.0711175616836,0.7119013366920682,0.09261611065082523,0.48956822587720544,2.7479135765219636,5.409742335968682,0.5310232303658141,0.5421807008142568,0.7981676148745422,5.400399372781829,1.2085449539871105,0.2599782279337093,0.7116291450312245,0.11384252712930755,0.11148403448705577,0.8513243693225789,0.5281204755143607,14.639876854263992,0.21552975534181637,1.3715529476437065,0.3836175699884556,2.0974238136856234,0.3098693745229691,0.6035014403056683,1.143142204672228,1.1350689155789004,0.8897858884061196,0.31023222753029256,0.13398041053849485,1.0010885396439728,1.5223150156405911,0.15448113830411384,4.378265635541631,2.42715899241853,0.3152213352685051,3.1386066763425253,0.31576561477949033,2.982674143310901,1.1919447922395172,2.5373730154272782,7.327739455357346,0.26968432095642536,2.4777757066081674,7.982583454281568,2.5283926976263436,10.345518779339397,9.0711175616836,9.93087834993537,1.0476233478208412,9.07102676192285,9.969974290822865,10.136792275659925,0.19575471628906074,0.11901306137118181,0.11855950376291927,0.10712990220987573,0.16962990532419678,0.3155841882758286,0.976415088803052,0.6246371608341035,0.493559505147062,0.2196117478635038,0.813407095146456,0.16718069943011413,0.15348330983575786,2.4023039420561108,0.25879899026347525,2.4568214471869614,2.452739610381327,2.524945628660338,2.4102865698029583,2.5711175838298828,1.2812046942413287,0.7913642767032796,0.8846153541642454,1.1365203276081943,2.438316289849136,1.1389694988987096,3.145137892060079,2.5377359376417363,2.0756531869032906,0.7309506697301769,2.4228955560913974,1.1707184103646022,2.3861573638694553,5.372822821053781,7.253719379663122,4.279027587270529,2.0958817403098498,0.20346516967684852,2.085721994519061,2.0067126380687874,0.13334542642657055,0.8300979874476639,0.09742380053626783,0.8059687815141608,0.1394230758849699
2026-08-17,9.033423667570009,0.7080397222530982,0.09286359289043533,0.4894308970657252,2.738211338005307,5.405781236767446,0.5308039595441121,0.5410117379372036,0.7957542577948565,5.389972745349199,1.2131888261224735,0.2585365929470045,0.7075880924214515,0.1130081321488874,0.11093044022557536,0.8469738223688389,0.5249322548360574,14.557543085196476,0.21580848590468327,1.3807588627237184,0.3815718308804589,2.109665702675093,0.30822040588875127,0.5985546715106637,1.1509485425664803,1.1420054035135077,0.8926829240724862,0.30876242371432505,0.13486901811360236,0.997018995000741,1.5169827703322605,0.15347786604442787,4.376964758620568,2.453568070023148,0.3094850796886468,3.086269140889651,0.3093044415398988,2.9599820544510784,1.2037037037037037,2.5223125674860265,7.301445524220867,0.26657633449757756,2.4728093065435863,7.954923083573283,2.539837431455369,10.303884504502596,9.033333245116305,9.89087663907238,1.0432700800701855,9.033423667570009,9.929629276761517,10.096115760148487,0.19385726363570602,0.11978319989956492,0.11960252729104032,0.10695573760241997,0.16901534854988848,0.3140017915224318,0.9775971203315549,0.6213188688283368,0.4912375886911945,0.2192411965470973,0.826106566831456,0.16612465573304822,0.15302620175300466,2.3956640669108515,0.25790423881716845,2.443721671306882,2.437669431829409,2.5104788045357664,2.397199594554539,2.559439806434197,1.2733514608298753,0.7893405352612283,0.882113834922122,1.1448058117157507,2.4250226938304538,1.1332429715288364,3.08807593589445,2.5205057724812274,2.056097566489174,0.725564586222441,2.402981118027326,1.1785907969349876,2.3732610769711213,5.362150197429709,7.235772357723577,4.21192420745822,2.1083107442606,0.2049683878415322,2.098735337227233,2.0199638718188937,0.13414634490939228,0.8206865264148246,0.09692863181785301,0.7982836743142008,0.13902439334528233
2026-08-18,9.030885850576853,0.7073060570290275,0.09220626784202088,0.48821458839782367,2.7433395557994387,5.372166398912332,0.5273186976397403,0.5385171233461142,0.7875011013116787,5.353472211933024,1.2169240494897497,0.256840969331325,0.7070351387657124,0.11171317516083339,0.11017790850957407,0.8488214383073198,0.5243384933919535,14.565790617873995,0.21538878697254335,1.3812877896526883,0.3806556626558196,2.086516691828166,0.3086787709308749,0.5981215872566927,1.1503657297337484,1.1417863298579949,0.8993948915189255,0.3064210268687418,0.1349227813635266,0.9968391335086965,1.5112435323570002,0.15307505430271337,4.345886401342934,2.4125351273226543,0.30425357741090026,3.0155333122198984,0.3032601989619316,2.8988529778233088,1.199313673365464,2.5069086637577045,7.278063979175133,0.26650411116121947,2.4479363998789285,7.940034427951153,2.50934692812754,10.302266951424636,9.030976248532466,9.889370981921115,1.0431680857602317,9.030976248532466,9.92829391629696,10.094464099752777,0.19208886894033841,0.11893795788218138,0.11812516864179584,0.10638489779618163,0.1683373917605747,0.3115686805743701,0.9906980669036592,0.6196152859238829,0.4911947926456104,0.21818838478652677,0.8166711849108261,0.16607964769844158,0.15307505430271337,2.377043181207244,0.2562990983542545,2.4301453656451786,2.4221980624499064,2.4934525973405184,2.38101683280488,2.574189547050681,1.2634335220489874,0.7825341057155143,0.871669797191966,1.1445859104467582,2.4089225163404224,1.1268852052677403,3.037478518358987,2.5107017950476385,2.035581991298513,0.7229296762553762,2.396730918887722,1.1774587273802266,2.3565429643403437,5.328004792767317,7.212679248121839,4.155152227070492,2.090490343425802,0.20292603010344523,2.0793822812246003,2.001444912103201,0.13411000073575116,0.8102592000424738,0.09654113230726362,0.792648755017307,0.138083626495557
2026-08-19,9.005673543177007,0.7001981268011527,0.09122838719777483,0.4816282379524165,2.719110164587367,5.342759453941147,0.5238652572851703,0.5353025812924079,0.7813400768752744,5.330871779911799,1.2050612172063557,0.2546830033019228,0.716228375173783,0.11140129579934331,0.10996037498331207,0.8387968244744995,0.5217038932382545,14.53088985739936,0.21433716892165477,1.3684257650237948,0.37662103471563596,2.0392651516697247,0.30520532591542177,0.5964517593383789,1.1403998311727122,1.132294698819647,0.8835554810010047,0.3034041663068172,0.13364553451538086,0.9942363249808979,1.5034222121884568,0.15183718128918913,4.31538177842022,2.420298991354467,0.3032240469105305,3.0173810139856694,0.3033141237858049,2.9084114932189413,1.1923630574251114,2.486221247516379,7.203259866588054,0.2682817085332073,2.4405619596541785,7.870857172809347,2.493425748533749,10.274856303542078,9.005673543177007,9.863111952196281,1.040435867969172,9.005673543177007,9.901747030208709,10.067453301949184,0.19182275969975277,0.11824567826405726,0.11752521785604163,0.10536743344078833,0.16732708865009055,0.3070064855240264,0.9721721627183194,0.6159041731776697,0.48460015645975335,0.21622838822840268,0.8053854494342199,0.16435518731988472,0.15093660148488683,2.361131057959125,0.2541426451130628,2.409041786743516,2.4015671238088467,2.4731627802340372,2.3612212035429234,2.5391751819797483,1.2585554755043227,0.776567033113595,0.8657240386655076,1.1349963867011605,2.388328640193005,1.110951014142215,3.032600776606403,2.5109870976604713,2.0229647413797953,0.7160482901317585,2.390129628030299,1.1684078304499645,2.3370858228172278,5.302323662925522,7.143281722274912,4.121217535277265,2.036113079411839,0.1980367414545944,2.02647698372173,1.9491173691983181,0.13301513380550856,0.8110590558230705,0.09537103883814742,0.7813400768752744,0.13679754665330782
2026-08-20,8.966107686132656,0.7019636054472101,0.09100690055169258,0.48274007130447316,2.7236616965271394,5.34439162161386,0.5240742469554331,0.5359992717591399,0.7788039147346145,5.321079727182428,1.228369048686452,0.2553572988634119,0.7033981614654549,0.11162915636389435,0.1103738941954335,0.83869811634114,0.5212050665122858,14.442661517640992,0.21680265673070725,1.3969335878396647,0.37406976796111474,2.1096565344403553,0.3040437536753529,0.5923966618382877,1.1636330922558673,1.1555635692890927,0.8778804237614038,0.3034161225911225,0.13637586333853646,0.989957891707248,1.5144804416937987,0.15179772532211763,4.315699691314136,2.41172788475144,0.30485071281269616,3.0093248891133553,0.3054783438969266,2.8991302460135446,1.2158164270018437,2.497085985833408,7.2008426912181696,0.26504079140986625,2.43719185263354,7.836277059703667,2.5109834824080406,10.23114817586916,8.966107686132656,9.82103439272225,1.0360441410540466,8.966107686132656,9.85949972996335,10.024567731215816,0.1910696625656091,0.11790549285869519,0.11754684530330177,0.10553214792220633,0.16820586594532266,0.30816819628696107,0.9632385932500294,0.6168744109365893,0.48480229261027724,0.2158163695402512,0.8176275660486528,0.16569532450673655,0.15143906921589204,2.360172249496352,0.25455033972606866,2.4143278849966094,2.4095758113007713,2.4797812904529613,2.3671658725511073,2.5479244456893606,1.2516812167445137,0.7712722733171918,0.8632654781610049,1.1662333661276674,2.3939747153232314,1.117457161780848,3.0544248512696974,2.5047073083790514,2.0175737852816367,0.7178337448094123,2.3777459198548034,1.192593871665345,2.342150105090138,5.306375032047151,7.138796758194264,4.132072142952709,2.1088496095063407,0.204877614825336,2.0977316122466347,2.0212498222521407,0.13556890420119325,0.8141307545212751,0.09566932732263916,0.7889356932105221,0.13610687980969946
2026-08-21,8.939746111210441,0.6949758435881417,0.0910066181403163,0.4839978490045453,2.6949757862960677,5.343822722739362,0.5237797260199167,0.5351332076734451,0.7740925830313841,5.32540686757582,1.246647567926356,0.2547827641694976,0.6974789615865046,0.11067405787985803,0.10978007985849447,0.8427498358936742,0.5200250149199473,14.401037228804421,0.21741462269644393,1.416949758626855,0.37591631715591406,2.1786161000200446,0.30100123519529154,0.5914536354560108,1.1824602563245212,1.1739675248008112,0.8792240163965769,0.29858753375539876,0.13847666521650423,0.9873949307012533,1.4958877331580072,0.15099230636195635,4.3199536115352055,2.3927229921015947,0.30153763223883717,3.0133202871823594,0.3027891912380187,2.8531199168289323,1.2381548364026462,2.485249418916503,7.154210795022796,0.26416949076578355,2.430270034896439,7.875647869686438,2.5005363083772405,10.20489915547336,8.939656626447121,9.795995255648801,1.033345220256487,8.939746111210441,9.834435509160446,9.998658601572277,0.19095298239184305,0.11880922547696252,0.11827283695902313,0.1052208158212379,0.16726264155616535,0.304755946295261,0.9663865409808787,0.6151439080868385,0.48462362850413604,0.2139281271694599,0.8153942346189224,0.16529590355013557,0.15108170586921396,2.36322193906236,0.25317360714128573,2.4106024843240155,2.400858193801124,2.47416422104081,2.3617020621829186,2.5567673878061865,1.2494188673952793,0.7698015430927191,0.8566064696479905,1.1769175209769747,2.389415329691551,1.1090648807312153,3.0299480839958988,2.523958399537508,2.013677811550152,0.7167888459250472,2.3662614200018437,1.2125871570681963,2.338279971022651,5.3031469870611145,7.0979794427744505,4.106561642692316,2.1711960943785757,0.21151439162714206,2.1614518038556847,2.082245647853972,0.1377614862096559,0.8117289741798481,0.09529769218140631,0.785982461728458,0.13615232918144402
2026-08-24,8.94454382826476,0.6966010487783361,0.09087656393034087,0.4861359434178989,2.682200314107223,5.319320323855378,0.5216457933347426,0.5324686831779685,0.7680680031000182,5.308407696500447,1.263416815742397,0.2541144887961727,0.695438282647585,0.110554558646487,0.11001789079369288,0.8414132351952077,0.5171735214206102,14.38559980853086,0.21726297777752543,1.4382826748815547,0.37790697674418605,2.165563511720497,0.2995527878217066,0.5917710524338943,1.2013416597369746,1.1898032582509923,0.8684257275303277,0.29830052302433896,0.1406082313687729,0.9881037676270406,1.4898927309858565,0.15080501440386013,4.243649395719197,2.3985689057433754,0.30259393408814567,2.9982112004206734,0.3033989102767917,2.868872900128578,1.2535777629381428,2.4838999302954496,7.155098411819377,0.2644007107866045,2.433899690085532,7.842844517798245,2.4932915921288017,10.211717745485801,8.944454295477415,9.802415332555345,1.0339892528991153,8.944454295477415,9.840876215898927,10.005276975136963,0.19087656665999903,0.12048300775517719,0.12039356026965092,0.10545617139403424,0.16744185432338543,0.30599283617596296,0.9573345150205446,0.6159212934736276,0.4862254079637886,0.21484794684940672,0.8187835502283305,0.165116270880793,0.1509838923145492,2.3491951220790477,0.25322003100127355,2.4053668464019173,2.3945437518343304,2.4675312622288685,2.3567977659604202,2.5499999672441023,1.2447227518972217,0.7635062666399961,0.8508944298159031,1.193470417493571,2.3845259064212043,1.1042039083027029,3.0266547842827594,2.526028655296148,2.009928503701853,0.7142218110386502,2.3660106351849004,1.2282648240091123,2.333184312196025,5.278086107830669,7.092486605021523,4.110733332488959,2.1650268609280663,0.21055456990632687,2.1540251102345147,2.0733452866883524,0.13962432608834746,0.8105545862842758,0.09534883584447325,0.7852415108723376,0.13586761699806174
2026-08-25,8.963786303334528,0.705360366093638,0.09098242755943235,0.48951237549615956,2.7070634636070277,5.334080381178009,0.523126574133664,0.5343313070128322,0.7791322890726543,5.3065614915740404,1.2684653505453203,0.2558264693037589,0.7017748378946517,0.1109716754611054,0.1110613153757866,0.8406238685845902,0.5207959705460836,14.426407620829037,0.21799928016156525,1.4368949717798298,0.3766583045694126,2.1436894397318427,0.300197218344091,0.5938508425959125,1.1991753207179712,1.1902115344146367,0.8732520452576669,0.299569721844257,0.14055217197181588,0.9904983865184653,1.5222302556850014,0.15229472724200577,4.230907135173897,2.407673055786264,0.30414127200767105,3.027966903845184,0.30405161499592426,2.8899246494844424,1.2576192457131392,2.4894227431041873,7.208139249268891,0.26523843808343395,2.4612763228062535,7.888131946934385,2.499282962748465,10.236285056807995,8.963786303334528,9.825923751442609,1.0364825856347972,8.963696577934519,9.864646826819648,10.029401262843425,0.19173538355726458,0.12056292407014285,0.12011473304526957,0.10613123119924606,0.16869845549322535,0.30736824054793244,0.9611868353973968,0.620473298858938,0.49166366506024645,0.21593761341509404,0.8226066389661743,0.16565076678232635,0.1513983451922592,2.363840009457495,0.2538544253749034,2.4169057447365767,2.4122444007848913,2.4824310007297083,2.3734313264547944,2.5252778883175253,1.2533166665849655,0.7707959650750227,0.8602545824731367,1.1943349362958413,2.3977231107419774,1.11410900784804,3.0371101409485366,2.5200790126249326,2.0233954439542763,0.718716388536893,2.3699355920440794,1.2275905068863588,2.3454643569568785,5.292936361319021,7.129078588420748,4.131140149849296,2.1425242405204457,0.2084080315525278,2.1310506049942997,2.052707063463607,0.13974542983675053,0.8183937168497473,0.09582287182129169,0.7900681193048443,0.13660810121117034
2026-08-26,8.974243919949744,0.7047473640787658,0.09108857236408753,0.4953782712280306,2.702234455277416,5.3806874928135935,0.5279547862429749,0.5388136131699484,0.7853361046058553,5.366597864129947,1.2647401299091918,0.2561249296915314,0.7007986748442127,0.11128062118397444,0.1109216517695167,0.8363098128098918,0.5252624856797709,14.416583876929462,0.21986897603876873,1.4336354662119715,0.38041819428922585,2.1535493244252275,0.3009961492912801,0.595441070395056,1.1967154814997363,1.1879206238641973,0.8740913714967146,0.2980346323653653,0.13999820857461837,0.9916539531544467,1.5243650777201072,0.15372879081725388,4.270483580288634,2.4148792635546137,0.30323971027126756,3.010589618780428,0.3029704596745329,2.884142554812999,1.2532531086465437,2.4966347680788945,7.2413176381052,0.26626581778958935,2.4498787600679797,7.918244791257684,2.5111729994096628,10.248227236269406,8.974243919949744,9.837387182185564,1.0376917998152917,8.974243919949744,9.876155433904692,10.040922420816319,0.1904334498192093,0.1229471399916103,0.12276765956363439,0.10661401879602367,0.16952346217040687,0.3075473432447606,0.9629363999978265,0.6228125417381217,0.4932244376242722,0.21672798724338393,0.8200663847565105,0.16665170685474484,0.1523826576526638,2.3753028150029727,0.2546890349166885,2.421340730131865,2.416135789162058,2.4860449521104897,2.369648997513854,2.5711208830656016,1.2564838419351694,0.7824643492901934,0.8696940111469924,1.1930360086278942,2.4004308623021458,1.116216434114852,3.032576625933181,2.5477877940992943,2.022704831640029,0.718836924294365,2.372700481454164,1.2246253855682239,2.348559743399724,5.336085215704365,7.197343623799695,4.118190923884389,2.157587706801986,0.20972808794071074,2.1466391182647597,2.065242797117585,0.1395494946669197,0.8136049866473065,0.096114152725002,0.7900924429285411,0.13748541411490817
2026-08-27,8.984725965858042,0.6965857931652909,0.09083557643016393,0.49487872265098554,2.6860735979791386,5.361994411746125,0.5262353970783847,0.5369272086391124,0.7789757138206845,5.342138518327437,1.2446540770826315,0.2551662140029674,0.6994609027324447,0.11069182115745031,0.11060198040985354,0.8318957442757469,0.5235399861434292,14.430907764417677,0.21967655672003103,1.4119496306961759,0.38086252820888084,2.129290256003271,0.3009883198562444,0.5948786979736986,1.1751122487523165,1.168463639279046,0.8800538809365875,0.29874213836477986,0.1377358483711236,0.9929020856804175,1.5242587052694014,0.15453729346756023,4.245283018867925,2.4004493569428065,0.3026055732720196,2.9829290206648698,0.3028751040833123,2.866127583108715,1.228661275831087,2.4888590275438007,7.239712751993486,0.2667565187246866,2.44132975041063,7.860736966882862,2.503773705550174,10.26154524125393,8.984725965858042,9.850134288311434,1.0390835716610864,8.984725965858042,9.889038853675315,10.053908355795148,0.19164420416627184,0.1218328878671761,0.12120395122298441,0.10646900612281875,0.1690026906194284,0.3059299122826644,0.9641509214608603,0.6219227423243767,0.4959568801701658,0.2164420498884806,0.820035908742735,0.16657682763277037,0.15175201607950078,2.353908268053684,0.25489668319167474,2.410781736965128,2.4055704423573676,2.477448250084232,2.3619947407766175,2.587601078167116,1.2525606798033189,0.7734052275925848,0.8632524872511652,1.1723270056382666,2.3916442267871183,1.1072776088388996,3.0228212258886455,2.556783533910321,2.012937945068579,0.7169811594946793,2.3814914425749665,1.2070979883514432,2.340611049107143,5.32479806301943,7.145193259349731,4.1162624856104,2.1254267525480124,0.2063791492664375,2.11527396833586,2.033872373020553,0.13737645967522935,0.8173405320817891,0.09568732810898718,0.7896675596554218,0.1366576822834409
2026-08-28,8.992805755395683,0.7004496347989967,0.09100719321545937,0.49811150530259385,2.680845192010454,5.3602517766060584,0.5259892237272193,0.539568345323741,0.7790467378904493,5.339748464899955,1.2535071887558313,0.25521581979106656,0.7008993025306317,0.11043165227492079,0.10998201027190942,0.8341726810812092,0.5227518081665039,14.441817029774617,0.21798560945250148,1.421762644815788,0.37949640973866416,2.160071915002178,0.30197843373250616,0.5955036080998483,1.185071931468497,1.1767086879812556,0.8762590147608476,0.30017986572046074,0.1387589955501419,0.994154703702858,1.5358812345875252,0.1550359691647317,4.255485534667969,2.3772482563265793,0.3114208729147053,3.0920862980026134,0.3120503665731965,2.949640287769784,1.2419065297078742,2.4897480697082957,7.205845126145177,0.2660971236743515,2.4419962931022368,7.854316766313511,2.497751798561151,10.274820670807104,8.992805755395683,9.862859712230216,1.0404675984554153,8.992715739517761,9.901978197715264,10.066727013896696,0.19145684276553365,0.12230216170386445,0.12194244981669693,0.10674460328740182,0.16933453168800408,0.30548562248833744,0.9608812812420962,0.6215827585124283,0.49874099896108504,0.21681655225136295,0.8167266159606494,0.16681653990162362,0.15188848371986005,2.3578237629622865,0.2537769722423965,2.411600840177467,2.40899284966558,2.478597078391974,2.3647481245960265,2.5890287220906867,1.2547661760728135,0.7747302295492707,0.863669072981361,1.1795863144689327,2.394874078764332,1.1093525234743846,3.1065648579769,2.550719556190985,2.016187022915847,0.7178057526512969,2.376618694058425,1.2142086715149365,2.3425358834026526,5.320143665341164,7.148111466881183,4.129496512653159,2.1639388928310477,0.21061151147746354,2.1490108023444523,2.0721222856919543,0.13812949331544286,0.8253597012526697,0.09595323809616857,0.7920863474015709,0.1363309338796053
2026-08-31,9.030160736861117,0.6982120254183152,0.09039191104281954,0.4954849099863172,2.6979410241436868,5.37818328598378,0.5286256178032088,0.5386491017326974,0.7788513635542713,5.363915477695503,1.2267473912183098,0.2556438456379121,0.7012823158940706,0.1105291653523403,0.11025826294154753,0.8360122975533203,0.5230268933442778,14.481398265715303,0.21780748455150262,1.3915478246660251,0.3809824690871319,2.1083618902613246,0.302239490885887,0.5964421442275403,1.153873927932968,1.149720062261371,0.8785443463565771,0.30151706149221996,0.13545241105291675,0.9983745490210741,1.5322376076917217,0.15540905801402075,4.248058449302702,2.4050929775861536,0.3099151137332872,3.0958098841634967,0.3099151137332872,2.9426584352283505,1.2091384675499763,2.4878092830052374,7.168683270286821,0.2650352210716067,2.4429293731198922,7.883330323279755,2.509301109651549,10.31876423308538,9.030070347068584,9.905002753140803,1.0448798905948407,9.030160736861117,9.94428373188324,10.109896571149202,0.19080728879146291,0.12064294434420486,0.1203720419334121,0.10637529106891089,0.1687737089945604,0.30603214186065053,0.9625247998725901,0.6215459800528688,0.4969297343263218,0.21636264298783328,0.8131660019122071,0.16696766995772228,0.15170669348980087,2.3681596532418276,0.2540184139494907,2.4139426343165864,2.4111433065344503,2.4821202376484335,2.3651798214532636,2.5892180872884967,1.258443205800538,0.7700017757184975,0.8594003807923544,1.153873927932968,2.3957015332578,1.1031244686843902,3.10763964826113,2.559599171094738,2.024742651442145,0.7172656700846648,2.39019326748606,1.1870146013025302,2.345674641192207,5.3345674553007045,7.113148112449488,4.140599591649782,2.1055625624791885,0.20444283357096296,2.0952681847507395,2.0156222387020697,0.1350912049679156,0.8244537028332836,0.09571970725546078,0.791042066770102,0.13617482322291904
2026-09-01,9.065361254645998,0.6961290990438522,0.09110688233827272,0.49342761585691036,2.6527967082115174,5.38292066020618,0.5276946703333574,0.5376665884624333,0.7770827778143697,5.364789937696888,1.2128546213954565,0.2554618829224529,0.6999365341716314,0.10987217736886122,0.10950956326449147,0.8388178658262794,0.5253376916230573,14.565044365382217,0.2164808191529925,1.3747619789364915,0.38174236796620037,2.064454679789131,0.30051673942415835,0.5986764655564077,1.141419668770822,1.1362523464589849,0.8770737013870002,0.3006980162174355,0.1341673482978412,1.0024476641379265,1.5338590966208157,0.155289630684132,4.254645875915743,2.4060375637939386,0.31474935382742386,3.113316949286386,0.31538392634872037,2.982685060408593,1.195721094157233,2.4998641081100987,7.145045625148729,0.2660683562820209,2.447194381352835,7.90499501405131,2.4870819155427033,10.360438630691347,9.065361254645998,9.94488278062959,1.049134288431997,9.065270512504533,9.984316880765004,10.150666038465461,0.19164173139015897,0.12047865072842921,0.1199347252491735,0.10606472495027773,0.16915963962842995,0.3052306968447585,0.9583900029072897,0.6192548051726384,0.4921584708143173,0.21575559094425298,0.8094461147269272,0.167437216148622,0.15184480101532047,2.3676005206031583,0.2543740319639415,2.416281466276148,2.411023401822846,2.477109962832019,2.363520997377419,2.6079230593398717,1.2648898447946413,0.7720061976439976,0.8580364565848871,1.1384280829576165,2.396518768484838,1.1014413924394888,3.148127903305882,2.550902136238215,2.038527741067786,0.7193364017235164,2.38890389822928,1.1722418417060443,2.342851984782941,5.334421198816121,7.107787123185511,4.189375440874014,2.062551031388459,0.20025383149839443,2.0498594426360937,1.9737104634276414,0.13353276713114248,0.8298431775498807,0.09563956296559571,0.7982956899518969,0.13670564702842947
2026-09-02,9.08421139384425,0.6998546594797179,0.09147892164629559,0.4900072549664697,2.6242733001708984,5.384811135225518,0.5274346054986466,0.5386991209762041,0.7776162652082221,5.35129003746565,1.1964935202931248,0.25526889881422354,0.7003996954407803,0.10955668985843658,0.10910247300946435,0.8506540642228237,0.5253452201222265,14.589389534883722,0.21584302533504576,1.354923636414284,0.37836120572201043,2.043695505275283,0.29623910438182743,0.6003815074299658,1.1280886655630067,1.1220929927604144,0.8710937444553819,0.2961482419524082,0.13244912721389948,1.0046329609183378,1.5453306741492694,0.15515988302785297,4.257176643194154,2.426780656326649,0.31213663345159487,3.116914837859398,0.31240915143212605,2.955305299093557,1.1777797410654467,2.4919149487517602,7.162064175273097,0.26644258651622504,2.4309593577717625,7.830305432164392,2.4979106215543525,10.383175694665244,9.084302325581396,9.966842518296353,1.0514171317566272,9.08421139384425,10.006359011627907,10.17287387404331,0.19195130051568499,0.1204578509164411,0.11982194386249365,0.10565043708612752,0.167787057715793,0.30141715393509977,0.9551235409670098,0.6174600401590037,0.49127908640129625,0.21557049002758294,0.8055959330048672,0.1662427256273669,0.15152616556300674,2.3737280867820565,0.25399708470632865,2.4122457171595375,2.406704148580862,2.476017419681993,2.3623727088750797,2.5942042816516966,1.2687136960584064,0.774436773255814,0.8609193008999492,1.1249999667322914,2.3928961088491043,1.1010174141373745,3.1190043271974077,2.5706759718961494,2.020348781763121,0.7172965033109798,2.3971657420313637,1.1577035105505655,2.3405704387398654,5.341296972230423,7.077852515287177,4.151253644810167,2.0455123380173084,0.19867369948431504,2.0347019960713943,1.957212908323421,0.13199491036492725,0.8293059676192528,0.09547601952109226,0.7982376702996188,0.13699127837669017
2026-09-03,9.101574499266178,0.7009192876693408,0.09201783613977652,0.49394739653921604,2.623009032869812,5.424774911543187,0.5315372852086913,0.5438245198871393,0.7857468083285217,5.397287703649767,1.2201692687593861,0.2554837507492875,0.7041048567429832,0.10931100599692214,0.10940202473617613,0.8516428478640595,0.5298989826222182,14.632838453968326,0.21634659559264285,1.3889142268455048,0.3801765764791451,2.091926789277242,0.2973513986433541,0.6028033435599671,1.1577318371552032,1.1489032798483079,0.8793119196354925,0.29644124597091304,0.1357058327788487,1.0066442020034685,1.5353599930955333,0.15527441035717104,4.263766191454247,2.4147628793901315,0.31118593452907056,3.092381994772231,0.31209612192161046,2.953126344362229,1.2132520528966761,2.499863508347223,7.178847640250978,0.26585964398355016,2.436242954653084,7.858924383113282,2.512423851323581,10.404387047263242,9.10166560480568,9.986984795952035,1.0536088298555608,9.101574499266178,10.026667924663807,10.193501055224356,0.19204514773340972,0.12096113554066648,0.12014198424743001,0.10630745704173825,0.16856285116741304,0.3028124188382968,0.9652316651657213,0.6205515637132591,0.49376535906070806,0.21661963445035537,0.8350778192409211,0.16883589002512556,0.15245289888049512,2.3714388622278033,0.2542095231198305,2.4157642070422716,2.4081185635047384,2.481387138279899,2.3668880294254,2.663511555915514,1.2663147800383407,0.7769181815814286,0.8708473678454153,1.155729529051912,2.3996540811548592,1.095021366693308,3.113679858956181,2.598616635711523,2.032584029527794,0.7201238076506965,2.4014745253801366,1.1852189061682272,2.342131487869897,5.3819058665567825,7.132064945717097,4.12705927406395,2.0901064839323604,0.20278511592468834,2.0818239349006924,2.001274277626399,0.13488668148561225,0.8283426061366203,0.0957495263289676,0.7990352317787143,0.1377992203815669
2026-09-04,9.1000091000091,0.7014287180913158,0.09263809541519502,0.49285649146794164,2.6159796270880253,5.425425536509521,0.5328965453934936,0.5433615350302362,0.7838747783205791,5.3917553917553915,1.2312312590022552,0.2560742505200513,0.7058877031106034,0.10901810485245544,0.10947310704314489,0.8526708248998288,0.530166514892467,14.642370086706023,0.21830921622639152,1.3995814273524234,0.3822003822003822,2.118300107191709,0.29520428270733445,0.6036036202662179,1.1658021713563707,1.1572481405855428,0.8865228698602722,0.2945672848474362,0.13677313434317218,1.006825001270802,1.5200654589692675,0.15324415463270444,4.286923253598058,2.4068613179941303,0.3102193116078614,3.0851760740676757,0.3102193116078614,2.938848049932034,1.218946191175195,2.4982254871170886,7.198744265394656,0.2669942683828182,2.4367093367337507,7.8523069856077665,2.462553329252548,10.405951494818682,9.1000091000091,9.988443032876626,1.0537810815520776,9.099918011050823,10.028301117168304,10.19501279511045,0.19046319324029284,0.12248612283326028,0.12194011846874396,0.10628810906520868,0.16844117052399524,0.30221129387999507,0.9749749694207702,0.6204386232157229,0.49485850457835323,0.21758121619266638,0.826644793319598,0.1685321726978221,0.15278916112045995,2.378742323200331,0.2552552483124993,2.418964485614876,2.417144372710779,2.4867593867838007,2.3722813944981915,2.6419147085650994,1.2684502628960637,0.7783237672153688,0.8685958408248448,1.1613431863370829,2.403767348225356,1.0910000854458861,3.0998272331280146,2.5804896471400376,2.0189280244822236,0.7207206929496969,2.394212449754442,1.1941032052116036,2.3485302263378434,5.376831243530463,7.143962032878049,4.1208480875228926,2.117026111471912,0.20566020913158364,2.106288167384359,2.0273000161916177,0.13595413213562016,0.8275548497716466,0.09591409556695811,0.8006188311669269,0.13822913441062246
2026-09-07,9.111617312072893,,,,,,,,,,,,,,,,,,,,,,,,,,,,,1.0082004694840903,,,,,,,,,,,,,,,,10.42041015625,9.111526106919134,10.002551519789295,1.0552163786660023,9.111526106919134,10.042186832645216,10.208656258898063,,,,,,,,,,,,,,,,,,,,,,,,,,,,,,,,,,,,,,,,,,,,,
