Date,ABBV.MX,ABT.MX,ADSK.MX,ALAB.MX,ALT1.MX,ANET.MX,APH.MX,AXP.MX,BRKB.MX,BSX.MX,CHTR.MX,CMCSA.MX,COST.MX,CRDON.MX,CROX.MX,CRSPN.MX,CRWD.MX,CVNA.MX,DAL.MX,DELLC.MX,ENPH.MX,FCX.MX,FDX.MX,FUTUN.MX,GEV.MX,GM.MX,GME.MX,HON.MX,HOOD.MX,HUT1.MX,INTU.MX,JNJ.MX,KLAC.MX,LITE.MX,LLY.MX,LRCX.MX,MDTN.MX,MELIN.MX,MNSON.MX,MNST.MX,MPC.MX,NCLHN.MX,NDAQ.MX,ONONN.MX,OXY1.MX,PBRN.MX,PTON.MX,RBRK.MX,RCL.MX,RDDT.MX,RIOT.MX,SCCO.MX,SNOW.MX,STZ.MX,TALN.MX,TMO.MX,TMUS.MX,U.MX,UNH.MX,WDC.MX,WFC.MX,XOM.MX
2025-01-02,171.36740202922832,109.14083589313971,281.5787024108722,129.58018766216955,7.260541748115052,108.02382947035278,33.393837847900954,287.6291538676347,433.3063171949176,85.63715908033137,333.2732924200642,35.80005641845998,887.5081448384994,61.21753450102683,106.20869403332402,50.2187470911291,82.31406383626256,39.23485060039095,56.548450153588384,111.18868100158242,68.41664339569952,36.07093081686912,273.0736184317695,97.73806199385646,326.4632847770059,49.19482453690775,29.81662546069243,211.00026797973098,37.233547426231034,20.199199478730335,608.9137167079726,138.13646095131713,59.11970453689321,66.29898538583264,745.0013780775854,69.4312598356197,75.64693175025307,1699.9441496788606,23.736386484222283,25.38606568575904,127.0594805920134,24.977659076149877,74.40426437745799,51.98734059387508,47.70548263985851,12.566322256352974,8.638183286955023,31.41161561689152,223.4012845573862,162.89676998976077,9.963232212799904,93.67584651779065,150.79586707623568,211.10723716169832,9.21530298799218,499.5345806571721,220.37605882900493,21.749977069916167,486.1770455180117,57.38620497067858,67.76552218959438,102.99730056781159
2025-01-03,175.24659464537342,110.14560826679192,284.17097228745894,130.77312879799788,7.32738374823861,108.68952559887272,33.70126820103335,293.7116071952795,441.05259584899017,86.42555190230155,336.3414730360498,36.1296389012227,889.009383073039,61.78111537290101,107.70314701737905,50.68107092531705,86.96101570756518,35.885392202912165,57.266319923526304,116.48661343353687,70.31470173790512,36.40300702354392,265.6176608736496,98.6378581493659,329.46877109998826,50.25833724753406,30.530765617660876,212.3666572481212,39.68999530295914,20.385157350868955,614.5194982239315,139.7369657116017,59.663972366354514,66.90934711131987,762.094880225458,70.07045790644082,78.280881896944,1789.9995229567874,23.954908407703147,25.619774886060064,128.22921559417568,24.61249412869892,75.08924492315936,52.46594645373415,49.083606868688356,12.682010333489902,8.736496007515266,31.700797235534584,221.93518083607327,164.39643024894318,11.875528503102617,94.53824510480273,152.65382808830438,215.59417566932834,9.300140911225927,504.1333959605449,214.39643024894318,23.34429309534993,500.164396430249,57.91451385627055,68.62376702677314,104.8990159148955
2025-01-06,173.03549191166925,105.51779477013122,285.5659397715472,131.41508128525322,7.363353157745681,115.64240536203152,33.86670442745209,289.07533737639244,433.8714245256301,86.8498064759747,337.99254040109037,36.56943310514609,885.7264231096007,62.08439282021441,109.2702728216747,50.92985934107429,86.8498064759747,35.8538646080401,57.35485675055166,119.7040521489722,70.80147267063155,36.87388001381366,263.85348815255355,99.12206173888417,354.17256678938924,50.552723957595816,31.416502730834928,213.40914437895307,40.35683942225998,23.600490890210516,598.5084489757387,137.5908618899273,59.95685696590614,67.23779854620976,734.5393276367648,75.04956103086944,76.69215750156353,1719.977409905126,24.072500708014726,25.20296479783967,128.85868026054942,24.63891248937978,75.4578506756378,53.573114320777876,49.08665869781341,12.697064098933257,8.543377702256207,31.85641334581947,220.42858491456622,172.28358349853676,12.28735992278952,95.00232409521618,157.23779808526268,216.65250637213254,9.345794392523365,517.3227603134145,215.4488813367318,23.930897762673464,490.8260005870622,64.2296808992377,69.1201739300865,104.3613707165109
2025-01-07,173.01915856336726,105.50783462337172,278.71908627525016,130.02643005474798,6.987445868027082,111.61978478383992,33.86350764583727,289.04945642875686,433.16971870870304,86.84160845761753,337.96063625342174,36.34132527845951,883.518973003587,73.15461582027564,106.19218425523881,50.92505191617897,86.7731757989487,37.96214744102647,58.78091142023197,116.48102699641306,71.9747026618841,36.87039937571532,263.8285822163489,99.11270530488956,354.1391353596376,50.547952131660615,32.232395810902695,203.24711640285776,38.74834812157825,23.598263167830847,599.3958844629036,140.40966584859356,59.95119745514855,67.23145176515008,740.230319048518,75.0424768737021,76.68491829470102,1696.715121767038,23.69690373503354,25.063714734423673,128.84651689635643,24.211818010194452,75.45072797876452,53.56805739097603,49.791862857956154,13.002643005474798,8.589296087085335,31.853406321716598,215.21616009061734,162.89597609053476,11.918067031926608,94.99335653583397,153.86067585425712,216.6320558806872,8.948933387311287,524.1174249575231,215.4285444591278,22.276760430432322,497.73267703122053,64.22361806358552,69.0013215027374,104.493109307155
2025-01-08,172.06947139274052,105.79243765084473,279.4709195021532,130.37717098102314,7.006294214744111,111.92087454450807,33.95485305948606,291.5148360229047,435.85253892385595,93.18063508589276,338.8722711153045,35.871468458662626,889.6881359140599,73.35194737589323,104.1124414367517,51.06242014102504,87.52543656239648,37.65907845423341,59.575032174663406,115.47016232076096,67.67356063440562,38.1718794828244,264.5402489233827,99.38005773508115,351.9946997302541,49.33131626261476,31.91803615411747,203.79536710727132,38.90019402773177,23.661918508352656,601.0127301121574,137.2391273484454,66.25337182338744,67.41280583029672,760.0776203356443,75.24490085656144,76.89177269547703,1686.858170460461,23.760825154412505,25.1313230700378,129.1940750556055,25.081633618853818,71.45899389522502,53.71255501396053,49.22199542622509,13.037717098102314,8.37631915195684,31.93932957004076,215.79669679617624,161.84752259713218,11.630305925267898,95.24959719280915,156.66556244380294,211.53755146467276,8.973072765621673,528.6072594765983,216.0096540627514,22.336851071884908,505.84403172471724,61.52098812171691,69.18744971842317,102.97666934835077
2025-01-09,172.20143066938272,105.90269553271116,279.7621867449903,130.5130513051305,7.013596241023156,112.03751954142781,33.990241129376095,291.8186555497655,449.4523773923445,93.27774882751432,339.22544701016153,35.908854043299065,890.6153773272064,73.42839547112605,104.22094841063053,51.11563787957743,87.61665640248235,37.698327102961116,59.637121838211776,115.59050641906295,67.74409066112203,38.211662577647566,264.8159552797385,99.48363257378368,352.3615519446681,49.382729828287104,31.976881898716186,204.0077645716874,40.26718461319816,23.686579184234212,601.639111279549,139.75034299276965,66.3224217158558,67.48306409588326,744.2323179686389,75.3233218058648,76.97191003022999,1688.616230044057,23.78558891173862,25.157515173289532,129.3287223459188,25.107773935288265,71.53346913638731,53.76853474821166,48.983845752996345,13.05130513051305,8.38504903121891,31.97261704223465,216.021602160216,162.016201620162,11.511677483537827,95.34886722636078,156.8288407788147,211.75801790705384,8.982424587159578,529.1581789757922,216.23478137287412,22.360130749917094,506.37122717205926,61.58510587900895,69.25955753470083,103.08399260978729
2025-01-10,171.9805394171272,110.07982617731803,278.9428935808417,130.13083935572246,6.993056683754089,112.89027443200605,33.89069954182608,288.00482252403054,434.10327290279156,93.00458173917151,338.2320136477965,35.759766063209995,922.7244816021918,73.21335789523405,103.91573378678382,50.96594397997261,85.29356194794767,37.21165667178865,65.32520901232819,112.55160729889944,65.65584998346796,38.40158707666147,264.04043266732793,99.19229134193,351.3296490482264,48.69869160644278,31.97770535166029,206.68967684273298,39.15733786783808,22.719758159746824,609.8767273776629,139.57772424543006,66.12819422795333,67.28543762694252,777.688782709839,75.10273487317558,76.74649515035308,1727.868827051155,23.715931998388864,24.727221198809694,128.949978744509,24.94449839808878,74.58315620424165,53.61107174909074,50.233810401020264,13.225638845590668,8.074252630551522,31.878984136060236,215.38897548533373,159.41618251381607,11.759954712611739,95.06963479671485,159.13277596712484,178.99674266980776,8.9273062207737,535.638373246422,215.60153039535214,20.85210861343716,508.15974682348497,61.40475178309953,68.63161872372585,104.29644601548108
2025-01-13,171.35730421686745,109.98399573636341,277.9320406626506,129.65926204819277,6.9677147520593845,108.96696527320218,33.76788403614458,289.9096385542168,432.7320420598409,92.66754518072288,337.00630463749525,35.630177302532886,902.6261295180723,72.94804216867469,102.50376506024097,50.78125,82.18420557228916,37.43740449468773,63.34713855421686,107.53953313253011,63.5824548192771,38.314193128103234,267.50753012048193,98.8328313253012,350.05647590361446,48.51186131856527,30.355798192771083,208.84506960949264,39.53266143798828,22.63742469879518,599.8211596385541,140.85090591246822,65.88855421686746,67.04160391566265,777.4660960737481,74.83057228915662,76.4683757919863,1699.21875,23.629988532468495,24.25051884478833,128.48268072289156,24.73880009478833,74.3128765060241,53.4167921686747,51.06362951807229,13.177710843373493,8.044992584780038,31.763458826455725,214.60843373493975,158.83847891566265,11.433075709515307,94.72511475344737,158.55609939759034,183.54668674698794,8.894954819277109,541.2274096385541,214.82021837349396,20.776543272546974,528.9909638554217,60.429216867469876,68.38290662650601,106.12763554216868
2025-01-14,170.27717339892158,110.53542434047158,279.3255131964809,130.30933686500805,7.002648900376398,109.51329477461924,33.93718664270173,289.42389556333364,435.3419733232428,93.1321540062435,338.6959587994277,35.23791505061016,889.5090341500331,67.25948349257402,103.01768990634756,37.508277362595784,84.42909847696528,37.834169645654974,64.01333814762972,104.0582726326743,63.853940024595595,38.506289640806806,269.4163276889604,99.32835114937092,372.7178128843061,49.7114747895185,26.913253239996216,209.89215963780626,41.150790358794104,22.750922334689246,602.8284930470154,139.53268375744963,66.21890076624729,67.37773152965661,719.2010977852143,75.2057515845237,76.85176657024525,1698.0418125059125,23.74846260230303,24.288146816762843,129.1268564941822,25.308864681195903,75.11115315485763,53.684608835493336,50.420963012014,13.092422088400754,8.51385866994608,31.922711812720237,215.684419638634,158.45236969066315,11.732096929625051,95.20003965004494,159.10935070372363,177.13555954971147,8.939551603443384,543.9409705798884,215.89726610538267,21.379245104531265,527.1970485289944,60.73219184561536,69.15145208589537,106.55944957016838
2025-01-15,165.7910928108287,107.83283176410383,279.49737327843246,130.38951204505656,7.006957406964731,113.58795967627431,33.95806711155284,302.95564874550377,443.76120349992897,93.18945525107671,338.90434762352686,35.21226749964504,895.2983939431587,67.30086610819252,103.08107340621893,37.86265322542477,88.07527591853909,39.75578588669601,63.183302569927584,106.25207061384826,64.07118225025438,38.80921955606039,269.58209096502435,99.38946471674002,380.99294808083675,50.35732878981494,26.99607290520434,203.9360520493161,44.20464764068342,22.76492025178664,603.8435492244072,140.2101377254011,69.70040944540087,67.41918689952197,729.1873728051493,75.25202328553173,82.92299474914513,1779.5452562236735,23.76307427412043,24.01912063987884,129.20630413176204,25.320649344502815,74.71295306694886,54.52174689925576,50.54711580129798,13.25192862889867,8.639784327311174,31.94235283944016,223.38965403000614,172.22300640559183,13.038951204505654,95.25861319898007,163.17857204922734,176.2979790808841,9.37100667329263,537.6496758010318,216.0301008093142,21.297742439301434,527.663401012826,60.76955842680675,74.06881537223721,108.1452032751195
2025-01-16,164.80828040461068,110.75041166784287,277.84050811573746,129.61656080922137,6.563161609033169,115.26699600094096,33.75676311456128,304.82239473065164,450.9579088008704,92.63702658198072,336.8953169107269,35.66219713008704,903.316866619619,66.90190543401553,100.21171489061398,37.638202775817454,89.41425546930134,46.266761910800405,64.23382917254764,108.20983298047518,62.1030345800988,38.99647118876441,270.05410491649025,98.80028228652083,378.73441543166314,50.57633498000471,27.231710070975947,211.4982596006822,45.16584333098095,26.313807941329983,596.749478063985,144.4366031521995,69.28722423767937,67.01952481768996,746.1773700305811,74.8059280169372,82.43142583178958,1810.0320145259939,23.622206367343715,24.269347010262294,128.44036697247708,25.82921665490473,74.27005341574042,52.45824511879558,51.14090802164197,13.479181369089627,8.588567539485195,31.752998030794227,222.065396377323,171.2020655066455,13.032227711126794,94.69391852652318,164.8774392238591,180.1458480357563,9.31545518701482,533.7986190749235,214.74947071277347,21.406727828746178,500.7701772377088,60.40931545518702,74.24511672804928,108.06868972006588
2025-01-17,163.79108804413897,110.06686304764577,276.12568382662363,128.81657081404592,6.522653948660401,116.42586618038996,33.54841726282321,303.3618553326787,455.8376583906111,92.06527329686257,334.8160078990742,35.53560574180577,917.6602609061579,66.48898863795763,98.96198625333146,37.40590078084818,87.26095291532239,45.98120467639512,63.83737967281526,106.84060410529761,61.953523168279794,38.755785996969536,268.38733810258566,98.19048954972646,391.63978117548044,50.45120867816898,27.16603544209099,210.19289791988123,46.43054237460256,26.15139981264173,593.06635602235,142.96301719867793,73.40908028241455,66.60588207789779,709.6764206936457,78.28961541510321,84.1632767569084,1788.4696310843035,23.476410732589454,24.103427315659044,127.64763641464441,26.604946930378265,74.6902335256961,52.13447421330715,50.49796605414504,13.232337401225044,7.948753915930237,31.557019364311554,234.02066676018143,170.14541087313555,13.024266507362825,94.10947015856595,167.3914059942956,178.94047786038246,9.257960443259924,546.593725160144,211.5771262916725,21.274606069107403,499.228503296395,63.730303455370084,73.73638191424698,109.3187450320288
2025-01-20,163.28718594136018,109.72824313615811,275.2761851489302,128.4202675616464,6.5025870507621315,116.06768284156063,33.44520579872279,303.3137665769356,454.4352771174195,91.78203514659954,333.7859488620473,35.426280706661075,914.8370857222766,66.2844357432527,98.65753041532653,37.29082179648534,86.99249522211346,45.83974383135517,63.64098443399525,106.7449773924393,61.76292360042885,38.63655410046089,267.5616463897823,97.88840721577402,390.43490420920153,48.977297391390486,27.161702895027794,209.54624098319582,46.28769914537011,26.07094521945503,591.2417916491867,140.77285228173216,73.18323777560248,66.40096956136671,707.4931062963223,78.04875797710402,83.90434904209202,1782.9674171444553,23.404185724042822,24.02927329511024,127.25492938050623,27.50198107490794,74.46044956015767,51.97408287885144,51.13503938843052,13.191628210506689,7.924299631753135,31.45993442150428,228.4738822221834,169.62195974193585,13.47130937398033,93.81994305137977,166.8764275392719,178.38996876893674,9.229478394630123,544.9121335011421,210.9262107863702,21.209154896751038,512.7487997016734,63.5342376357619,73.50953246632173,112.80473593436815
2025-01-21,162.99846447350055,109.37648817746383,284.92020915005116,128.1931971522963,6.491089293192499,115.76939183844401,33.38606858685031,302.7783614361826,450.4676376157461,96.55204504211065,333.19575454550744,35.62049320791262,908.1475966683728,77.70694709413243,97.2500116327765,37.22488483551254,88.2927737192313,44.48373737843749,65.61025681898818,106.55623284165465,60.47787355026523,38.388162486622306,267.08854869480245,97.71532269322041,397.8409566795403,51.23586549493102,26.476199339258294,209.17572508550091,48.15969475594435,24.847610627704622,581.639279960216,141.6872179051696,73.05383648969337,66.28356056023452,713.5466045379461,77.61388488204365,83.75599087990322,1771.233452375413,23.362802863426115,23.521474105439488,127.02991950118654,26.219346725082595,74.328789931323,51.8821832394956,48.55520915732167,13.214834116606951,7.9102880275464145,31.404307530805045,235.5637243497278,181.2730906069692,12.263272429992497,93.65405231405006,167.09320180540692,174.25899213624308,9.213158996789353,549.2997068540319,210.5532548508678,21.171653250197757,503.69922293052906,63.42189753850449,73.3795542320041,107.56130927626681
2025-01-22,162.19330616924387,112.69707995148802,285.6246018678865,128.510122212893,6.5071368597816965,116.05560220169792,36.89709860994496,307.81928282284963,440.2462916316821,96.79074540535498,334.01949626539323,35.451535113612515,898.0781789346022,81.20627038035556,97.49043754081538,37.3169138912212,90.49351618621141,44.593712100009334,65.02472245545293,110.30786590618878,58.58755480921728,37.736729172497434,258.18639798488664,97.95689896445565,409.31989924433253,51.36253313516011,26.35507043567497,209.69285884002707,47.76705053162026,24.90904002239015,585.0503577904889,138.1770683008851,73.2344435115216,96.28416328846558,721.1493609478497,77.8057654631962,83.9630562552477,1731.9712659763038,23.42056144873079,23.579624965015395,127.34396865379234,25.176788424030928,74.51254895111776,52.01044873588955,48.045526634947294,13.387442858475605,7.929844201884505,31.481946690201106,230.07230334277918,175.1562645769195,12.602854402266129,93.88558812768215,169.32269527970195,172.07761918089375,8.722828622072955,550.4244798955127,211.0737941972199,21.223994775632057,496.2514996005924,63.578692042168115,75.14646843149431,105.93338930870418
2025-01-23,162.8999811504451,115.95221363316936,286.8690660503045,129.07003982197236,6.535488404778637,122.97962052002812,37.05785898336847,308.73740922932774,437.57320215507144,97.21246193487937,342.9843054579527,35.48653183287216,891.9184820801125,81.56008547266632,97.91520262356525,40.87608339189506,89.13094401499181,45.9123916608105,64.74584211759195,108.92480674631062,61.79433122511127,36.68306394940267,259.31131412508785,86.0154602951511,421.644413211525,51.74841631712638,27.617240114048958,210.6064890050363,48.20801124385102,25.01756851721715,571.4687280393536,139.50667695156946,72.16748836085735,96.70367264362264,728.7420941672523,78.1447645818693,84.32888264230499,1736.144296088077,21.9255094869993,23.52564997794785,127.89880534082924,25.129539219884634,74.83719955090478,52.23705785898337,48.25486062309675,13.279924640668922,8.128367299133286,31.61911328857022,225.53291168892014,174.74818458655423,12.597330271653199,94.29464690940502,166.08104942609512,169.19653314593583,8.760833918950574,547.7671512649333,206.60576247364725,21.5507144530335,504.1930194424924,63.85570391192317,73.60037479503397,104.69899502591358
2025-01-24,163.84412862389266,116.62425784563189,288.531722497585,116.51634911589387,6.785411365564037,123.13166043050843,37.272641598341345,303.0817076618603,441.4287060597493,97.77589294128734,344.9721986617661,35.69220723648366,893.4143371265667,82.03279730534645,98.27066252002638,41.11299594760154,89.64753557628875,46.17849401564414,64.6498916219018,108.37809819998114,60.715295448119875,36.028648364241704,260.81424936386765,86.51399491094148,398.54867590236546,51.55027801338234,26.57619451512581,211.82713730150314,49.00574875129582,25.16256714729997,570.3044010932051,139.9019885024974,72.5857619009754,97.26415477231764,748.7512958250871,78.59768165111676,84.81764206955046,1759.966072943172,22.05258693808312,23.662001638832194,128.64009047215154,24.644237112430496,75.27094639591284,58.28856846668551,47.12091226086137,13.09961360851946,8.057675996607294,31.80237362852376,221.79813401187445,175.7610027330129,12.823014083630783,94.8411666327985,167.04363396475355,175.0070681368391,11.167656205824144,550.941939673452,207.80322307039864,21.675619639996228,509.84827066252,64.22580341155404,73.74422768824805,103.90161153519932
2025-01-27,164.18692469181346,115.02532880977832,284.57592670185204,80.12083287342567,6.692382767114375,95.7382534739973,36.76163033880188,302.37532931809733,454.5313189861505,97.7566543496131,340.2425988753079,36.80810521912906,927.2654507191988,80.90812029623379,99.08444485755449,40.5493330854673,89.55047376238846,45.98224773035565,64.73857789044709,99.45624390017196,60.9750429892643,35.3209090486592,267.695310684575,85.32788028070829,319.7476305072733,52.7043751016638,25.998511555724836,208.9229682489427,46.010131523911326,18.293907370117232,562.4854765998978,147.2784305541839,71.59060459462286,95.93065448613307,771.4830134312405,77.52010038574151,83.65478458892969,1777.43325045313,21.750243993121718,23.864851048008553,126.87642329321002,25.19217351668884,74.238974969283,57.48942696472557,47.590277455035555,12.920016730956918,7.900729655621137,31.366360233514488,227.16921503927128,174.1413765859553,10.915090422008252,93.54088573134034,168.5620649333957,181.2947865350653,11.525770321141424,561.3700794720454,204.95422224287773,21.378444950504253,524.7943486545522,63.34526188595065,74.35980852349306,105.49797834270576
2025-01-28,163.75313148205015,114.72142393621951,283.82405742299756,79.90914809203207,6.674701029016408,100.02734728072564,36.66450356911096,303.606192639288,448.4796514322796,97.89561509224065,339.3436543988134,36.710855659590244,914.7585056086028,53.536664503569106,98.7299527208677,40.442198943172336,97.45527023268748,46.74153970237612,64.56753409051404,96.89811719981226,59.868358931396,34.06878650227125,266.98804116065634,85.1024381199592,331.6492073792528,47.46454065078335,26.142579030314266,204.71398496888614,47.140076017428385,18.245573601687795,585.4732548437934,143.4601840069354,71.40145726626957,95.67719906267381,768.8884768703068,77.31528691944006,83.4337628627051,1808.890330953926,21.692778344303328,23.110920609099058,126.54120700843607,27.078891823817152,74.04283046324568,58.86715490868638,46.8170033047592,13.303049967553536,7.926207471956984,31.28348814056416,254.33392045981273,183.5542782979512,10.492722495466186,93.29374424220126,178.5946046166682,175.2294383213011,12.143783732009593,558.0791693705386,212.0608139427088,21.321961620469082,515.4352461296004,59.74784462779271,74.16334476684898,103.82868267358857
2025-01-29,164.77658855381296,123.93190753993703,285.5979577818913,80.40858026760728,6.716417910447761,104.24440298507461,36.89365671641791,301.5018747813666,450.0937390683302,98.50746268656715,341.46455223880594,35.96082089552239,925.8395522388059,53.87126865671642,101.16604477611939,40.71828358208955,95.69729477611939,47.033674325515975,65.11194029850746,98.74067164179104,59.896457729054916,34.84141791044776,264.6455223880597,85.63432835820895,336.9869402985074,47.733210093939476,26.119402985074625,205.9934473749417,48.0410447761194,18.833954654522795,589.1324626865671,145.0559701492537,68.22294548376283,96.27518155681553,773.320895522388,77.79850746268656,83.955223880597,1804.2444029850744,21.828358208955223,23.484141791044774,127.3320895522388,26.958955223880597,74.50559815364097,59.23507462686567,47.015392246531015,13.33955223880597,7.656249715321099,31.479009941442687,256.9962686567164,193.88058790520054,10.767723909064904,93.87683014371501,176.77238805970148,174.44029850746267,11.89365671641791,561.5671641791045,228.07835820895522,21.455223880597014,518.6567164179104,60.12126865671642,75.0,103.54477611940298
2025-01-30,167.91366461410828,124.40772065063442,295.93266153929443,80.71729379799139,6.648562599494334,108.95214907762899,37.03530293098605,305.9743421668696,453.27277835003275,99.0261260417642,342.775540780972,31.557261915909727,942.9721884071542,62.77554123820699,100.66485625994943,41.20235977151419,94.22698754565035,48.20666834258533,66.20470081468302,101.59893019814004,59.69660080531885,34.86749752818762,256.97630864313135,85.96310515965914,367.54377750725723,46.820863376720666,26.94306640167765,206.69765134844087,50.6929464918005,18.906264059976063,591.3943253113587,148.4221369042045,70.18774914734819,96.64481190083926,796.134919438852,78.14402097574678,84.2775540780972,1886.4630641914036,21.912164060305273,23.654367986472426,127.82095701844742,27.95205543590224,74.79164830106107,59.46249648843524,46.820863376720666,13.437587789118831,7.685644437516826,31.59986764418631,264.8122419365694,191.68648932776944,11.471111527296562,94.23725247126369,173.70540312763367,177.91928083153852,12.079782751193932,579.3613634235415,228.95402191216405,21.537597153291507,522.9890439179699,62.73995692480569,75.38159003652027,104.86468541866631
2025-01-31,178.42749602260818,123.76450219648096,294.4026170364828,80.29996557536448,6.614187898830872,111.78909124784572,36.843821323769156,305.09106153057894,452.5129256136755,98.51413666216405,341.0033070939494,32.39275245430184,944.7575574083562,62.45097628047999,100.1443942428618,40.98933345754343,95.85425588202757,47.882994084493916,65.8624062601891,100.1443942428618,59.970189575667234,34.46830313475243,260.0493735153011,85.51865480460198,367.97242535749217,47.882994084493916,26.16144082838191,209.97396955348407,50.305091061530575,18.80851403386132,588.7558805719875,146.72085104904164,70.95770605109402,96.14513449988937,792.025711490987,80.4224680152924,83.84181843588429,1850.2026177278867,21.798872793329917,23.615445526107408,127.16009129442452,27.963574250590966,74.40495712022276,59.15506078531836,44.94853043923797,13.740742465881038,7.7320788113093295,31.43648857163963,263.4403001857329,190.69542312462153,11.447668930665653,93.75002274354883,176.6826564428653,174.4841399226792,12.017327309143415,577.3440775071032,223.57818249569144,21.42624248917043,524.7221466125576,62.415575946713865,74.99184871209651,102.47333364385858
2025-02-04,183.47807960204503,122.81942479962281,297.99763249204386,81.28052621110325,6.694955209806695,106.08203677510608,37.29372937293729,306.9792449390028,451.8552385372466,99.71711456859971,345.1673738802452,32.39038189533239,990.09900990099,63.21357896113272,101.36727958510136,41.48986327204149,97.83121169259783,49.3420059081801,66.66666666666666,98.53842527109853,64.02545876797501,34.889203206034885,242.52710985384252,86.56294200848656,341.8198962753418,47.33616218764733,25.12965582272513,212.53800812558933,50.90334908909418,19.038188957707153,595.9453088165959,148.5148514851485,71.72446963585867,97.31918399708275,798.6798679867986,81.40452455541313,84.86562942008486,1897.6897689768975,22.065063649222065,22.65723703718028,128.7128712871287,26.63837812352664,75.31353250419907,59.877416313059875,45.96888260254597,13.647335759315329,7.826496935407826,31.820366484890677,266.6572279437765,206.9783010667138,11.91183375278097,94.89482500147336,182.46110325318244,168.2225365393682,11.928335690711927,584.3941537010844,226.3083451202263,20.886374351720885,527.0617854196133,61.904761904761905,75.9075907590759,105.94059405940594
2025-02-05,184.6650751298975,127.97828020409119,295.8633986404648,80.6984019537284,6.647006506576791,111.87567289238403,37.02663483593128,306.1367785423396,455.08589617563075,99.00294902401349,342.6953143285119,32.486074053269675,1001.9856725120536,62.76084865260614,93.92594855884005,41.192716378785754,100.98417596647826,48.98862263317418,66.44666011327998,100.9221551280251,63.880543636705404,35.06061882694378,240.50929176613772,85.94298553573937,361.4614006620676,46.34180592613397,24.06029115760895,211.01582887907833,52.18227868423209,18.90183905785558,564.3729904654075,147.49754202286078,71.21078504781924,96.62219222853182,811.6861293474699,79.06192950428311,84.25782895660721,1897.5799279127464,21.907035528717877,22.375134578476807,127.79104058418761,27.1043406495752,74.77414335131127,59.44857931938398,45.63310327910698,13.387632823105369,7.388007388056672,31.592471710177936,257.36085755745916,212.0535551025722,11.345316440443174,94.21519628709684,181.15433225670552,166.92412114403407,12.170575293732155,558.7824524294341,231.70902963066985,20.35435035211654,518.5254770221879,61.46140523334738,76.36754863110285,105.55633572063849
2025-02-06,184.37164088423611,127.77492171799786,295.3932693908609,80.57017156318643,6.63644436135907,110.99686871991402,36.96779922419031,305.5816135512572,456.3714758494182,100.80431425477288,342.1507687993644,32.67327126940985,1003.8659953790252,62.66112117425924,93.77669949350377,41.12726083095762,99.64013646772912,48.91077932946208,65.49983642566716,101.55629293826237,62.99948590923962,35.33205589568632,247.04397812777495,85.80642146095248,362.20030845445626,45.786793111512424,23.601439454129086,193.82609127447773,50.487920692737305,18.87180388806696,563.4486307221807,146.75001214028254,72.95415245127822,96.46865881096066,833.6682712529795,78.9362994812357,84.12394260877694,1925.503575267561,21.872225078282003,22.268542832468484,127.58797962331168,27.10660372949479,74.65532665392638,58.88675982614386,44.866102724681035,13.366359770061225,8.17871664251998,31.54227102605652,257.88661961957285,205.1222133944011,11.071645272537477,94.06548760486284,180.39912137215498,165.69285778964343,12.151236154601113,557.8945427513203,231.34084217413658,20.322007130544733,505.6802373726457,61.36374258073562,76.2462000002921,103.47244940879563
2025-02-07,186.5942605029265,124.57070928292437,296.5435762952168,80.88392422527447,6.662287698226518,115.18250914891621,37.1117575302618,307.30974946044853,455.46730215468705,101.90485127146476,343.4831566106784,33.1706859341278,1006.6379125809327,74.9066368862602,90.36314159707234,41.33433424040537,101.22454724594164,49.73257014169091,65.46307728708243,102.51524865185442,60.99277470207375,36.81007822671572,246.31697475837478,93.83503800319039,363.6107722623628,45.68593412780332,23.463451539059566,191.6402190534977,53.29830158581214,18.945293600120518,559.1629914610115,148.353195083044,73.2382471614901,96.84432263198485,850.145444308905,79.24368959369428,84.45153420287136,1916.7214037721685,21.95739889274655,22.4500328422633,128.0848268743549,26.373275552087243,74.94604599859541,56.15557963845653,45.03565800170956,13.27765787745144,7.975978230271183,31.66510148937465,260.39223045885336,215.8675049263395,11.259266009549547,94.43179310693675,177.44252649740193,163.27296612555128,12.19855494041475,560.0670700595853,232.2417190578962,20.878295955709863,512.4331425354227,61.602702449094494,77.88355117601694,105.40020643708361
2025-02-10,183.15018315018315,124.68771004302855,296.8220994250141,98.52540621771391,6.668545130083592,115.29069221376913,37.14661406969099,300.2723771954541,456.46661031276415,102.00056353902508,343.80576688268997,33.34319572488142,1025.6410256410256,74.97699157479806,87.34854888701042,41.37315675777214,103.08068000375692,52.55001408847563,64.20775759530267,108.01164647318494,60.58044519582981,37.44716936292207,249.5069033530572,93.92317084624777,363.9522870292101,45.08312200619893,26.21536491353198,194.6051411195642,54.56936226166995,20.240443317366395,559.6881750727905,149.00911054757208,73.30703484549639,96.93528189058537,841.0819949281488,79.31811777965623,84.53085376162299,1977.7402085094393,21.978021978021978,23.24598478444632,128.2051282051282,25.779562891285398,75.01643770142117,54.00582323659247,46.91462383770076,13.477975016436554,8.540433953712386,31.694842356745152,255.54850673164975,221.26842967062316,11.223818916126609,94.52048644130976,180.99745994690406,160.2329294636987,13.149243918474687,560.5931028106509,232.4598478444632,19.723865877712033,515.8518739873908,66.35672020287404,76.68826899596131,107.11937635014557
2025-02-11,184.37579609826503,124.75215419143213,296.97551027375135,91.62242165108302,6.671991730489123,115.35027956585067,37.16581309025983,298.97100972607245,455.5396325705962,102.36104162139382,343.98346097824555,33.82981722501527,1015.2234177512568,75.01574301525865,85.93713292299017,41.394540243386736,103.78835174713973,52.57717427054456,62.38171516916377,106.9647149977388,60.41300660298125,36.45632779279531,249.6358596062585,93.9717145139313,359.4418080157872,44.98895832354461,25.607292205046278,194.70572170276745,51.78922052665273,19.477986552317283,559.9774467885167,150.1174623489111,73.34492317812338,96.9853823510842,837.7108490344406,79.35911290701499,84.57454306253817,1989.0522952591268,21.989381196259924,22.929098341399236,128.27139031151623,24.972983132077243,77.77334022459239,54.0337358455105,46.93887139970869,13.437955175492176,8.504440163510782,31.711223659471464,255.6805855539045,205.79805478550955,10.782314322583238,94.56933309265317,178.5462575764695,159.56397124465536,13.203025889207348,531.4175706549828,232.57999342197996,19.12324390358502,521.8643914744162,66.85523680321441,77.10379175868063,108.2084292627919
2025-02-12,184.61176904372562,124.71699458200243,284.6070740758138,84.31584386302785,6.6701113250974675,106.62642541702874,37.15533843769082,296.39720043214805,454.3195906630184,102.33219262662055,343.8865141622434,33.65587862276293,1027.7608154445957,74.99460090158063,85.49015923716473,41.38287378458359,104.30269153083752,51.30546025456221,63.88275635304617,108.97646671990229,59.27944008642961,36.44605309850451,252.75730167281225,93.94522993095025,358.9647235661609,44.976278829442435,25.03640377659824,194.65084668138473,54.2411569465158,19.472496960541534,566.0200103339753,150.07515389036004,72.6714289436446,96.95804840894945,845.2252336887594,79.33674667668748,87.22579506655431,1942.3176288223965,21.98318380384236,23.01658133308281,128.2352388557471,24.895485931701817,77.7514209216027,54.06547982526187,45.79829959133825,13.175348312949176,8.687115526394205,31.702286304877223,246.37136549391704,206.91436892291793,10.87650913860481,94.54268007942775,180.84456761707924,155.05660200103338,13.990793654164856,531.2677982173892,232.51444407910188,19.117854290948376,511.62572220395504,64.37831973451665,77.08206115834469,103.62158861383813
2025-02-13,185.0485618229361,123.97740463467734,282.9193126634292,83.81583862532686,5.930145685468808,105.06163615988046,36.93500186776242,295.2231976092641,457.6017930519238,101.72534781603123,341.8472170339933,33.75980575270825,1027.9230481882705,74.54987199261066,105.29510646245798,41.06275795732455,109.18238700037355,51.410160627568175,61.206576803704,104.82816585730295,60.23533806499813,38.52213252868766,251.6342921180426,114.40044826298094,350.8358236832275,45.526709002614865,25.3992347874034,189.60183691880485,60.90399450359836,19.326671362368526,558.8802983166792,150.82088067186916,72.93612252521478,96.38307305650565,834.2594322002241,78.8662682106836,86.7085333942788,1961.150541651102,21.852820321255138,23.46376540903997,127.47478520732163,24.869255490564882,77.29034366828539,53.744863653343295,45.853567426223385,13.167725065371684,9.656331857104865,31.51428712852686,244.91034740381022,193.78035113933507,11.61608163394009,93.98202821306208,183.77895305349972,155.9114680612626,13.940511196907394,515.2983695747338,231.13559955173702,19.004482629809488,509.34113768619255,63.99654691950528,75.36421367202092,103.00709749719836
2025-02-14,185.80336630878148,125.04102395799147,289.19873525335225,81.57907074874583,5.95433447419007,101.60766756089127,37.08565802428618,295.8413427727507,457.1241033334896,101.36293172221505,343.24159594917717,33.92564000121607,1020.1603450700924,74.85395745669042,103.14595152140278,47.72844484035819,107.61170237704533,54.34853725781213,61.88757091284167,108.11571100379764,60.19972806976417,37.548877344592455,252.660696704018,114.86708237610765,350.13362089174365,45.94636364735219,25.833372403769516,187.15633278048665,62.16887805335458,19.405503956888946,561.1599450865019,149.2568803038117,73.23362558019598,96.77621513329856,805.5229968587369,78.29715410942848,87.0622134732934,2015.9876224858174,21.941956960007502,23.653242064794412,127.99474893337708,24.755028365136667,77.6056073890009,50.32912798083009,45.859628423669065,13.666838576585869,9.28313563692625,31.642832441489578,245.909325331708,186.6004032069014,11.731445507089086,94.36537653949728,179.33330207698438,154.71892728210418,13.924703455389375,508.60472940304277,232.07839092315626,19.082001031459516,500.0501810914717,64.25758586094636,77.26569459421445,103.00529795114632
2025-02-17,185.58583871874123,124.89463332396741,288.86015848172474,81.48356279853891,5.947363491617495,101.4887113143322,37.042240329680624,295.4949892291842,456.5889294745715,101.24426199789852,342.8397489931629,33.88592186878044,1018.9660016858669,74.76632287130046,103.02519434298024,47.67256720052449,107.18132434204365,54.28490920538892,61.81511660578815,107.9891355249602,59.00533857825232,37.50491734020851,252.36489650650933,114.73260279104618,349.7237051606257,45.89257236275991,25.803128219537324,186.93722121733634,62.09609440854173,19.382785140792564,560.5029722183198,149.08213917767165,73.14788798351597,96.66291526543623,804.2053011145454,78.20548843308046,86.96028618394095,2013.6274234335488,21.916268614779433,23.62555024819706,148.49676875526833,24.726046642315257,77.51475133464457,49.40526365083825,46.87646342605601,13.205956729418377,9.272267490868222,31.60578688510496,245.62142924042334,186.38194249320972,11.61374918048141,94.25489913884694,179.12334925540884,154.53779151447037,13.908401236302332,508.00928507246886,231.80668727170556,19.059660953451345,524.7260466423153,49.02241767496722,74.927414067622,102.88470544160344
2025-02-18,186.4239345187694,124.89415749364946,279.1419700818515,86.55564963778343,5.9742214695644,105.3683282470129,37.209521121460156,298.2406623388842,460.0620942703923,100.76206604572397,344.3879951077242,33.98720481701007,997.2716153918525,75.10396361810848,103.49045065387149,47.88785398438235,107.50070561670901,55.22626775802051,61.38865368331923,114.3894035848269,62.5834991256968,37.15683530354749,253.50456298805156,117.60278483394487,355.1604101985135,45.62988051557061,25.417255025130245,187.78141978902062,58.01627898173629,19.47031676999174,563.034173899238,149.7553862075454,73.47821996424875,97.09943986161093,817.5392793301346,82.41603161162857,87.35299422202819,1979.960485464296,22.01524132091448,24.202653118825854,149.16737228337567,25.731489321667137,77.8648038385549,50.95164196456922,46.66102092906935,14.112334180073384,9.039420625746043,31.748516941599927,248.65932825289303,177.34735388221495,11.05089839914128,87.74641803049147,183.460344340954,161.18637689340486,13.78304638253834,500.4233700254022,254.26192951624097,19.145733370966227,478.40812870448775,49.24380031194139,76.93103887543808,104.66742024326136
2025-02-19,188.2264364029928,125.59408968989693,279.2339184038398,86.58416074537668,5.976189355795021,99.76001129358617,37.221777798691825,298.5741847442473,464.9192979153922,100.79525669380264,350.1011717095666,35.292456825561146,1019.810832431415,75.12870258311374,105.40680438567597,47.903628064561666,109.30567881364406,55.14093684194273,62.6794033221966,116.41805091525104,65.64396969554373,36.80861939217566,254.10568914404027,117.359183097266,353.206907910216,45.80960895957837,25.48774244263505,194.80425185873605,56.467930920897835,19.20427205080055,555.2929402586936,151.28699825890544,73.50242341536868,97.1314240543092,830.8785468919109,84.70189638134676,87.38176797194838,1988.6123005976187,22.022493059150158,24.210625382334946,149.21650745847253,25.98936463192173,77.89045221401345,50.968425245061994,49.05415985938897,14.258152557526703,9.364265211048892,31.75897478445867,248.74123570655496,181.73262434708954,11.177826609859903,87.77532137274422,179.58825145360805,165.9686602983389,13.787586466519222,506.7996800150581,252.45870782551407,20.860194239940178,483.271375464684,52.3449057360536,76.70274385984777,106.34840759331914
2025-02-20,188.09367064798272,125.50550173986646,279.03696040628233,83.51358976770432,5.971974043073451,97.10335747202107,37.19552337063858,289.1940186212734,460.7707138154801,93.71673001357802,349.85422740524785,34.562211981566826,987.8378338662654,75.0757104577142,105.33245556287032,47.8698391799116,103.68663594470047,47.16448791498166,60.295777297093956,113.74964732436754,62.54114549045425,36.91338286466661,253.92645537477665,117.27640364901723,338.5686071663689,45.65033329224907,25.89955935751317,194.66684643327378,53.890719414205776,19.190726293217462,550.7913986086946,152.29803533956786,73.45057838803724,97.06291228148807,835.2111167767799,85.39452647418415,87.32013313137756,2005.1400636579517,22.006959465813978,24.499200601899748,149.1112574061883,24.541522825828203,77.83551208501835,50.93247460184391,49.84482272171542,14.24809555158469,8.47173909819004,31.73657355142158,230.88498072039877,167.5914605473526,11.198626629196106,87.71340893878434,174.31580927301798,163.265306122449,14.012978463274711,514.3435659474044,252.2806357566068,26.239067055393587,480.9555158468918,51.863339661901634,75.60801301997614,106.27339460949992
2025-02-21,187.67888143386668,128.11429643879322,273.00099539453623,85.72232909491859,5.958804485525267,95.012433725895,37.11349880354713,284.42734481302494,459.71987827265053,100.30872626155399,349.082719466992,34.861352226340735,984.610331722423,74.91015148471591,105.10017360296533,47.76427532491907,97.35841974381833,43.72917937409093,58.180453244498665,112.60732886032,61.92277059849036,35.846666353868535,241.68347956646178,116.98915650439287,315.25360108853755,44.639423094546174,25.186974971078392,195.3591218901023,49.875662741050064,19.14840638819324,547.553136583306,155.63271242903394,72.44616168279043,96.84886654052104,840.7544691033642,83.09482475484447,87.1275724286527,2169.3891712217896,21.9584291277624,25.094074841169416,148.7824332566978,23.03758269600713,77.66386712335195,50.8201569409662,48.327311969220666,14.2166752686154,8.21564332114276,31.666587207081655,223.78360624970676,158.40097593018348,10.043166285917414,87.51998097368684,169.38019049406466,168.0664383240276,13.888237226106133,513.2093217021302,251.72429972317366,26.978839206118334,446.3472997700934,51.74896923239338,74.13315816637733,106.03856801013467
2025-02-24,186.88968836144466,129.0940522356679,271.85302129812413,85.36186515908986,5.933747605475868,88.63243470541514,36.95743587347568,283.43034927930665,478.9515488482923,99.82011639358385,347.6148203522871,34.668037191047986,992.0347395808999,57.70219128159604,100.35976265009579,47.56342568798767,94.58954352193618,43.54529738821661,59.07396090975857,109.53744482738986,62.90707024314641,35.611830687615345,242.95659486987807,114.46993412138485,304.5647852009648,44.15315655588586,24.295659486987805,194.53763326840865,48.18950728468264,19.067886994886816,545.2506657945148,156.7957717303065,72.14152426974314,70.0957814215589,843.8541216476663,79.75517450824651,86.76119941932791,2124.935756669626,18.3380829899722,24.988553805066758,148.15680044853525,23.68826799981311,77.33728916507032,47.184507529245316,47.750315376349114,13.783114516656545,8.052142051950224,31.53342863825311,228.9398682427697,155.81927767135448,9.619212488100384,87.15195787937147,163.7368574936925,170.7027075096073,12.82530486380414,513.8517837014671,256.97332149698644,26.03606970985376,440.5924403121058,47.283091155445504,74.52226323412606,105.8730084567584
2025-02-25,194.71747333115945,128.70918153444822,271.0425404035846,85.10737410909769,5.9160572040806825,88.04211114734244,36.847253924628504,278.10127171938325,477.43047468207016,95.35566217915871,346.57846927842735,34.47151441747799,1000.7919131690502,57.5301625751153,100.06055806586855,42.39064610797969,90.83709880281363,42.39064610797969,58.359344520805195,105.27786835608143,62.92821562783866,34.68300079318693,242.88442726044627,114.12866259840686,304.4579962122095,44.440303721991896,23.086598318512863,193.95765429933155,44.113289256475056,19.01103951886908,532.7246471328085,157.91680253412216,71.92644728864362,69.88680345486678,861.7878604369498,77.32799180136955,86.50253650588695,2067.9755191107283,18.283411293351424,24.914054925692636,147.71509759165232,23.291563795593238,77.1067219453114,47.04383540543334,46.79834141320108,13.74202263940001,7.686216052545769,31.439417391555935,228.25732519681372,152.79265849909163,9.042250925157292,86.89212998985361,156.64974373820866,168.51446406111708,12.81036008757628,513.7187310756044,257.6046955792612,24.4561419853729,440.67638701262405,47.14212512228071,72.60539409871839,104.3462058042577
2025-02-26,194.56339601563954,128.60733569167752,270.82806808991575,85.04002978961087,5.911375907652205,91.69614596909327,36.81809718860547,287.1429892230846,470.1172965928132,95.2802085272761,346.3042264010426,33.49050501608755,982.8854285456619,57.484639731893495,97.86026492462413,42.12437162539564,93.67436231614224,43.93967603798175,59.160305343511446,109.3837274250605,62.87842137790041,34.655556601533405,243.06460621858125,114.03835412399924,318.39973934090483,46.48389374159985,23.50586482964066,193.80417821838344,46.279091871421755,18.99599633920883,532.3031092906349,156.1627257493949,69.81009350345023,69.8315029680518,864.8296406628187,76.80134053248929,86.43408821317608,2080.8508657605657,18.26894387611129,24.89434076940252,147.5982126233476,23.8503083417456,77.04570843418357,47.00661025174257,45.91882421947728,13.591509960901135,7.633587786259541,31.414539803785665,234.03463042264008,156.21951083146178,8.367156698326006,83.83430988068154,159.27295049149947,169.66114317631724,12.800223422081547,513.3122323589648,257.40085645131256,24.43679016942841,439.0709365108918,47.1048221932601,73.58964811022156,104.72910072612176
2025-02-27,196.61871847562116,129.03979077153,271.738754662981,85.32598542873156,5.931253502708762,89.97010748207781,36.94190173734355,282.5527750575028,480.3381281524379,95.60059779562863,347.46870913506444,33.62600410984495,986.1904794916402,50.94853512888509,98.18932989167874,42.266019054735665,91.65421259107043,42.716234571662504,59.35923781057351,104.38072109097703,58.79880440874276,35.79301440379518,248.22529422753598,114.42181954044462,319.47039043526996,46.00224173360733,23.385951346645573,196.6670403497455,46.66775639828134,19.059872284306113,577.2851708446199,156.32355460358093,70.04483695255581,70.06631840863184,867.5042032505138,76.35905099943957,86.72473151372479,2059.592751728003,18.330375034297358,24.676583224360172,148.09452643377546,22.557444423687652,77.30478236502896,46.749486269381656,47.310854639045864,12.876424035824684,7.192228656827948,31.520174348240765,234.8215953670839,154.119185503456,8.291145095240841,84.11621116554093,167.0156871183507,165.79488137492996,12.843265458621335,515.0382962824584,258.2663926770036,24.89258359798244,450.65102950448346,48.80440874276107,73.69745982466024,105.36147954418084
2025-02-28,198.81890972531792,129.51058138989254,273.02661605948805,85.73037398526583,5.959363708882736,90.39650609573694,37.11698184036413,287.1751787515837,488.43320350992445,96.05368119750364,349.115480268406,34.435267025758414,999.4838346393881,52.735675265634534,96.14752944488761,42.466331941251,93.33208202336822,42.513256064942986,59.64056121251936,99.24452160855895,55.358734925625264,35.56848575852846,253.24809792331425,114.96410304537562,314.2508563652574,47.6279855473699,24.287925277365563,197.2778371864882,47.703062999668596,19.150203432572965,578.3398245037774,157.89967622354652,70.37680300446365,70.39838626838839,875.4164515977665,73.90549481488434,87.13574919862396,2035.9171173337713,18.41724884962578,24.793533855755243,148.79639622730045,21.94265849172669,75.78386886100488,46.924123691990054,47.022663206134744,13.043029020462583,7.226784032041478,31.66955906079167,235.934493923326,154.83975595056543,8.77950382917346,84.51486619476151,168.42522915835718,167.96020376067523,12.904134015297265,504.0495427097508,259.490404016705,25.010557927830696,451.05813898925436,46.6341329512561,74.95049596599173,106.64351422460818
2025-03-03,198.68838382913248,135.52168815943728,272.8473723256155,65.65392479667351,5.955451348182884,86.75263774912075,37.092614302461904,287.6356425849942,493.08323563892145,95.99062133645955,348.8862837045721,34.7010550996483,1014.3024618991794,52.70105395479191,97.53810082063306,42.20398593200469,94.72918994541325,42.48534583821805,59.60140679953107,94.30246189917936,51.17655173834994,35.545134818288396,250.87924970691677,114.88862837045721,314.04454865181714,47.127784290738575,23.494489519984615,197.1483230143611,45.42602682169549,19.137631200542206,588.7428103018758,161.31301289566238,70.33060017951348,70.35216927388629,900.1172332942556,74.34935521688159,87.07854401743846,2033.7162954279015,19.882766705744434,26.658851113716295,148.69871043376318,21.101992966002346,75.73411626245604,47.22157092614302,44.876905041031655,12.720749777897861,6.972098132510258,31.64876779106829,235.77960140679954,163.4232121922626,8.53270840393281,84.45938164016707,172.18335561987104,168.8600206990035,12.895662368112545,503.71863093493556,263.82180539273156,23.21219226260258,452.309037954279,46.60351734228458,74.62321058946365,104.43611243405627
2025-03-04,198.87111314922748,134.06907148830874,257.64473260679637,64.37991200115246,5.8398859612820155,82.67622940807928,36.372833034441534,270.2055527773946,472.24904584540394,94.1279256908999,342.11615395226926,34.11964868717524,988.6421115556169,51.67839129930278,96.56504345426956,41.38501862325838,93.8635214052513,41.568952039361754,51.8692233411505,90.35729066078079,54.91838224094128,33.34942750724238,238.8375408102267,112.65921736331448,284.636961419966,44.1017159649535,23.26757713707638,193.3226646563319,44.029061479744335,18.766265937902354,572.1561451004736,157.8838460477307,67.76479653623201,68.98698715986689,874.6825172724973,71.94095737343082,85.38878701300754,1947.0607655653653,19.49694210695728,26.141536763691544,145.81321561594703,20.094725709293236,78.27332326010485,49.767326024854,45.06368694532579,12.392974192561043,6.798178890784505,31.034624230676933,215.38603025704694,151.74506828528072,7.966156504031088,82.82044941723284,166.9195751138088,164.16057387225825,12.645422357106728,492.7576217409298,261.8062261461351,22.991677012921322,455.2352048558422,43.1323860762404,70.72239849174599,103.60049662022348
2025-03-05,197.86119945357535,127.184554854058,256.3363528227651,64.58138874175073,5.810229664196175,82.07521273675542,36.18812334156831,265.0297382894707,466.6483667307164,97.72165797419709,340.37880867416965,33.94638118766584,980.7251099425839,51.415956427209146,94.70216854241009,41.174855888004394,85.14045200841797,39.98536005123982,52.74956537652118,91.27093055174306,54.25931009241467,34.165066762598364,233.552932564736,111.62960929636746,283.1915088297191,45.66291406285742,23.10366913715802,188.9829158303024,44.56034403879586,18.6709664814513,573.2454936407722,153.94821118126086,66.69091318824916,68.63665521848408,857.5738681203678,72.78799524201665,84.95516292304305,1926.52575715985,19.214932747735382,25.597035410376062,145.07274224540214,19.489431786988746,77.87583314747461,48.85717101039951,42.432976484582305,11.986458047396834,6.763656159661937,30.877023201781096,214.29224997712507,157.3794491719279,8.27568850716664,82.39986794201494,164.5031549518483,160.67343764296825,12.58120596577912,490.2552841065056,242.42840150059473,23.744166895415866,446.15243846646536,42.913349803275686,67.80126269558056,98.22490621282826
2025-03-06,193.03754266211604,126.50739476678042,254.971558589306,58.33902161547212,5.779294653014789,79.18088737201364,35.99544937428896,254.37997724687142,459.74971558589306,93.15130830489191,338.5665529010239,33.44709897610921,949.4930318543799,51.14220594247725,94.19795221843003,40.955631399317404,80.24436837848407,39.77246871444824,50.60295790671217,85.96131968145619,53.777474847127415,34.81228668941979,227.53128555176335,112.35221576365187,270.0049994667235,45.4197941108504,22.525597269624573,185.92840097056313,41.4939711986277,18.571557922710465,560.1820250284413,151.12946841225823,66.33583528868031,57.56541524459613,838.2252559726962,72.4004550625711,84.50284191908418,1836.8606015358362,17.70193401592719,25.46075085324232,124.45142518131398,18.703071672354948,70.89874857792947,46.143344709897605,42.04778156996587,11.85437997724687,5.915813424345847,30.712626764256257,199.5904436860068,150.1706484641638,7.463026166097838,81.9611519215728,146.8031854379977,164.26120102744596,12.696245733788395,487.4188975398179,242.0022753128555,23.617747440273035,445.77929465301474,42.684869169510804,66.89419795221842,98.7485779294653
2025-03-07,197.52705993680095,126.39810857506593,254.75129580794763,58.288624170228246,5.7743020823861055,76.05528824977834,35.96435391470401,251.77321087569337,457.0337364735837,93.07083750113668,338.27407474765846,34.418477766663635,882.114244936119,51.098025624531125,91.75229608074929,40.92025097753933,76.18418526430504,35.00954805856143,47.51295807947622,84.6139856324452,56.213512110191985,33.963808311357646,231.8814222060562,112.25515783423889,269.7717497172524,43.53869359168267,22.278803309993634,190.37032294318905,40.644266285158736,11.821405837955806,558.32454483325,154.95135036828225,66.27852962029417,56.65181413112667,805.0654439847231,72.7471128489588,84.42984228298059,1836.865132251978,17.68664181140311,25.43875602437028,124.34391508408544,18.461852677683403,70.83750113667364,46.103482768027646,43.655996313092494,11.844594424189552,5.728835136855506,30.68609498702061,199.41802309720833,125.03410020914795,7.78166745005385,81.890347980202,146.4035646085296,172.27425661544058,12.685277803037192,489.939550275075,241.79321633172682,21.36946439938165,457.3974720378285,38.34000181867782,65.40647671310926,100.48194962262436
2025-03-10,201.85387628678146,125.7629589140931,255.2154504873827,58.39482554431994,5.784822811332787,72.42415960644985,36.0298806595609,242.09711214357293,461.2826819713947,86.45349366857975,338.8904072150861,34.29898879475267,865.2637332604537,51.19112578964824,92.38589734145827,40.99480732440557,72.16224833743281,31.156053566548238,45.868634417418235,83.82071381852396,59.71576933588412,31.802861082583185,232.30390817163158,112.45968577053156,254.4411041268106,43.5692821140225,20.95335746404414,190.71717604138198,33.934590507424616,10.385351188849413,538.7883561224605,155.64361847499316,66.39928853369545,56.75503325134372,775.1207069326774,72.87965746560991,87.33533685668044,1806.7322583583857,17.71886672132641,26.191126901703562,123.66766876195682,17.331693541040355,67.14038444019313,46.18748291883028,43.68224469344994,11.934043909993623,5.324770043084581,30.742004789310887,186.98187118520542,100.73471938129155,7.008290088838096,82.0395514929654,136.6753242397456,175.59442470620388,12.708390270565728,490.1120489147763,248.24633324223376,21.408399380522912,444.1104126810604,38.40985697367222,61.60608545139838,103.6257629589141
2025-03-11,196.537555677319,124.93212669683257,253.52941176470586,58.00904977375565,5.746606334841629,73.710407239819,35.79185520361991,235.20361990950224,455.88235294117646,87.7760169948388,336.65158371040724,32.94117647058823,855.7013574660633,50.85294007176187,91.77556516897624,40.723981900452486,76.19151672087104,31.873304272129523,42.715385057268094,84.02714932126696,56.10859728506787,32.89592760180995,230.76923076923075,111.71673943014706,262.3755656108597,44.06108597285068,20.769230769230766,189.4572345164027,33.649772540476526,10.903619964737697,539.2140218467194,152.12669683257917,65.96063260039593,56.380090497737555,761.9909502262443,72.39819004524887,86.75837037789876,1834.781886312217,17.60180995475113,26.018099547511312,122.85067873303167,17.330316742081447,66.69683257918551,40.723981900452486,42.66968325791855,11.583710407239819,5.493665324077347,30.538912811969738,190.27149321266967,111.57239819004525,7.133936817290016,81.49757074554581,138.9995426505939,169.00452488687782,12.624434389140271,469.86425339366514,246.60633484162895,19.36651583710407,443.4389140271493,38.15610859728506,61.8782809848699,100.04524886877827
2025-03-12,196.76013501557193,114.85164655294452,253.81653454133635,58.07474518686297,5.753114382785957,73.38618346545867,35.83238958097395,238.4144960362401,453.9297848244621,87.87542358260193,337.03284258210647,33.10532221032701,849.2865232163081,43.15787189004106,91.87950125637033,40.770101925254814,79.16421512245186,32.724802917964325,41.51755379388449,86.9762174405436,53.72684120186863,33.52208380520951,231.03057757644396,99.20724801812005,276.5227739241223,43.26160815402039,20.716648123407417,182.04767350297283,35.2104199108154,10.915968345218715,539.8246832531144,146.99886749716876,66.03533320356739,56.44394110985278,751.0758776896943,70.48697621744054,86.85662447798698,1825.59456398641,17.621744054360136,23.982107782417895,122.98980747451868,17.261607601040488,66.77236693091733,40.770101925254814,42.80860702151755,11.574178935447339,5.602718020619514,30.57349821719281,190.3057757644394,119.93431704770668,7.182785846368913,81.58986697515572,139.97734994337486,169.4224235560589,12.638731596828993,471.80067950169877,246.88561721404304,19.84144960362401,440.71529055775767,38.19932049830125,61.9483583132786,100.33975084937713
2025-03-13,198.088200869647,118.93920647916951,223.46878277922195,58.46673051489032,5.79194600264514,73.88151593925298,36.07424636293155,235.0453707187486,461.53144525014824,87.49623885150157,339.3077028321248,33.32877218921735,816.9380216171843,43.44917325546843,92.49965751057486,41.04528663291832,76.14972341640728,30.555935604505862,40.3529897990705,85.46540794454326,53.35887262279382,34.272814338486796,232.58995758653714,99.87686414010125,269.0746568157979,43.07474802754595,20.157796324166554,183.27643510640422,33.02321227645996,10.98964752226493,530.021892601017,149.49605509189584,66.48104986859808,56.82491904957359,734.6969578744242,70.96274000091212,87.44287797471439,1828.4877092169472,19.291284717471612,24.900807223970446,123.8199480093036,16.96538514160624,67.22305832991289,41.04528663291832,41.27377250721143,11.675103753363434,5.47270488438911,30.779859221258324,189.26437725179002,110.82227390887947,6.795275231449811,82.14057160015335,137.1418847731963,168.19446344689197,12.724038856204679,469.51247320654903,248.55201349933873,19.975372828020248,440.19658091337163,38.49135768687007,62.93109019238553,98.66465644525015
2025-03-14,191.54618288976886,120.08380055570264,225.61930196150658,64.92310525831108,5.847683948798232,76.23629943695897,36.42140160235749,242.42563771986372,473.0684045204439,88.3382461228877,342.57298093747124,32.599686895662586,829.0128004420296,44.36228114801806,89.78727322957916,41.44027995211346,80.18694170733953,30.84998618657335,42.59139883967216,87.97310873864708,53.18169260521227,35.50050649231053,222.3961690763422,106.36338521042454,284.5565890045124,44.52527857077079,20.90431899806612,185.72215083686342,35.960954047334006,11.095404789607842,546.0908002578507,149.51376243568123,67.12082053912653,57.37176535592596,741.4586978543144,72.10608711667741,85.52813334561193,1859.5764458053227,19.476931577493325,25.324615526291556,125.01151118887559,17.543051846394697,67.86996961046137,41.44027995211346,42.821622617183905,12.293949719126992,6.446265770328759,31.07606469953639,191.08573533474538,115.93148765209159,7.127267395070118,82.93103939020916,142.61902119641542,167.14246247352426,12.846486785155172,474.0307578966756,250.94391748779813,19.29275255548393,448.24659412699145,38.86177364398195,64.8079933695552,101.56552393535893
2025-03-18,190.6595169347816,119.5279334739791,224.5749117741418,64.6225766533755,5.820615060268573,76.62175436975801,36.25280718639718,239.80705337807646,478.4820569228654,87.9293289929362,340.9872129795133,32.723772858517805,824.052431367157,41.70676932948348,89.37164856317888,41.24845318300564,82.49690636601127,30.46885685837888,41.98175901737018,87.69879462853477,52.93551491819057,36.39030203034053,225.03322792061965,107.47513634905359,283.2393785233054,43.99880882559352,21.52619243209044,184.86244428594344,36.646957953432214,11.274577203354875,543.5629497227187,149.1823644422579,66.81011872536551,57.10619185113892,750.4926898574637,71.77230853842981,85.13222420825886,1850.968479307026,19.38677299601265,25.207388056281225,124.43283376873367,17.483386095636973,66.41000962463907,41.24845318300564,43.540033915394844,12.712773494789518,5.934277268781295,30.932213811106433,185.6207919058504,99.47981341161946,6.824327141321068,82.54715218280226,138.86979238278565,165.1313075759659,12.787020486731748,471.8364727989367,249.78229983042303,19.203446537421513,461.7828336971218,38.681882762729735,65.08089279985334,103.57944910399193
2025-03-19,190.73819348922513,119.5772572429505,247.59284731774417,64.64924346629986,5.823016964695094,77.29206741102132,30.92549222152969,249.1274743165406,484.1105087259285,87.96561344781638,341.1279229711142,32.737276478679505,832.2329206785879,41.723979825768,89.40852819807428,41.265474552957365,86.5772581384686,30.261348005502064,43.64924301854081,90.09628610729024,57.67996331957818,37.64328289775332,225.12608895002293,107.51948647409446,306.7400275103164,45.485556076448596,21.59559834938102,184.93872865084825,39.47730398899588,11.279229711141678,553.9087574507107,149.74782209995416,66.83768823790693,57.129756992205415,769.5799661852362,71.80192572214581,85.16735442457589,1892.9390187987162,19.39477303988996,25.217790004585055,124.48418156808805,18.22466808740615,66.48326455754241,41.265474552957365,44.29160935350757,12.792297111416781,6.1196699321734584,30.94497813592532,198.3493810178817,100.36680421824852,7.152682255845943,82.58121565688045,141.8615314076112,162.83814763869785,13.296652911508483,475.7450710683173,238.42274186153142,19.211370930765703,462.07059906579553,38.697845025217795,66.3324145317515,106.23567171022468
2025-03-20,189.86764034687357,116.2482884527613,246.4628023733455,63.669557279780925,5.796439981743496,76.85988133272478,30.784344379350184,249.2017236706983,485.94659259470563,94.04244503437357,339.5709721588316,32.587859424920126,825.3765403925148,41.533546325878596,89.00045641259699,41.077133728890914,83.97991784573254,34.276586033774535,43.31355545413054,91.73893199452304,57.416704701049746,38.1172991517144,225.92423550890004,107.02875399361022,311.95801004107716,45.74121416893684,21.176632176464086,185.8550537889377,39.87676915595761,11.22774988589685,551.3806481058878,149.13738464884756,66.53263260925377,56.86900958466454,776.8598813327247,71.4742126882702,84.77863989046098,1911.3190324052944,19.30625285257873,26.01551802829758,123.91602008215426,18.71291647649475,66.17982656321314,41.077133728890914,44.0433587509984,12.916476494751254,6.091738987708951,30.803741357577874,197.444089456869,100.4107713372889,7.0743952533089915,82.20430458587688,145.27612962117755,162.09493382017342,13.235965312642628,473.5737106344135,237.33455043359197,19.397535371976268,469.146508443633,38.52122318575993,66.54495664080329,106.3441350981287
2025-03-21,189.74639664294838,116.31089217296115,246.30541871921181,63.62889983579639,5.792738551359241,75.71611019886882,30.764686432747787,249.0430587270229,481.49377537173876,93.98239238748062,339.35413245758076,32.56704980842912,836.6698773319193,41.50702426564496,88.94362342638205,41.050903119868636,84.49986093650223,34.2546980478015,42.998540969122026,88.66995073891626,57.38004013866083,36.94581280788177,212.59806604634193,106.96040868454662,311.7588031381135,45.59067822007275,23.286352799639523,186.33539888506888,40.66867337699268,11.220580186097427,546.7652013062169,149.0421500481778,66.49014689238962,56.83269476372925,775.4971720488962,71.42857142857143,84.7245028279511,1900.8656324119686,19.29392446633826,25.998905309250137,123.8368910782704,18.885695484079946,66.13756613756614,41.050903119868636,44.28480315699975,12.908228425469805,6.336434873606336,30.784071024654775,197.31800766283524,100.34665207079,7.266465862004823,82.15181141564325,145.1833607006021,165.1158547710272,12.908228425469805,476.55537310709724,235.95146871008942,19.75004561211458,475.0501733260354,38.496624703521256,67.00419631454115,106.23061485130451
2025-03-24,190.3541685732589,114.19328626910406,247.09435343644185,67.53912327262744,5.8112931271163175,80.16839022604557,30.86322802926524,258.53390683627714,481.9255056282603,94.28342503446166,340.4411091790977,32.67136450992953,848.8148622677771,44.431225404960195,89.22851651871511,41.18239223940697,85.51066166376864,39.01345179765432,44.843049327354265,91.97400933467557,57.56383270797108,38.43872874656098,223.83224502665416,107.30301089045484,312.7573899514963,46.70128971133717,23.415851147905563,186.93224513389998,44.25871604597557,11.256520545437906,548.5165312271209,149.652237576645,66.70311981645237,57.01473414477899,793.9050059485678,71.65736249656814,84.99588176077606,1974.6681814541962,17.250846526951587,26.082181751624418,124.23354992221104,18.964492184818855,66.34940971904457,41.18239223940697,44.19328213567167,12.949574448613527,6.680699185503798,30.882674711473015,207.5134986730118,113.70916079436259,7.9477442317839415,82.41494982504634,152.34282277057403,165.64473322961473,12.949574448613527,478.0818156859156,236.7072389493914,20.819987187700193,475.16517642651235,38.61993227784387,67.21881577743206,107.531343929458
2025-03-25,182.00294935104017,117.0345113578768,252.14026610664425,68.00903100953785,5.85172556789384,81.46339215776621,31.077960897182994,258.1670736764503,487.7205916232779,94.93940794835392,342.80974980417454,34.004515504768925,857.9459060959315,44.740358475786756,89.84932958577156,41.46892134727918,89.09183332229415,40.731696078883104,44.878588213611025,91.50808643966272,58.42510252038889,39.779293972715465,225.38957207816892,108.04957839929963,314.933419342948,48.7674526293168,23.54927873279688,188.03646142310396,44.50029848534045,12.601483215886052,552.3328698077455,146.07243058275355,67.1672110062549,57.41141777634429,792.9779293185275,72.15592314426577,85.58724600285674,2027.3694880892044,17.3708703865825,26.263650186610146,125.09791273095885,18.98447168657199,66.81103994839424,45.431507164908076,45.34534418664759,13.039671934755564,6.727180574114178,31.09754288091652,208.9572870110123,114.50029949776528,7.786941897433535,82.98835706937118,150.20964843570013,164.81592406579736,13.039671934755564,481.40810026263654,238.35414458830576,21.317329120236113,476.339226575819,38.88863290789292,68.86789912216918,107.83669920345113
2025-03-26,182.02811104910714,117.02764976958525,252.17512420794932,68.0184331797235,5.852534562211981,75.57603686635944,31.08225738947293,258.06451612903226,495.39170506912444,94.95253321212557,342.8571428571429,34.56221198156682,859.447004608295,44.74654377880184,100.69124423963135,41.474654377880185,86.67315645701325,40.73732718894009,44.535021803895454,89.12442396313364,57.603686635944705,39.78479341427852,224.83870967741936,108.06451612903226,314.97695852534565,47.182026524697584,26.497695852534562,190.78550277217744,41.50829403081797,12.603225356422811,552.4092291906683,150.36866359447006,67.17649679579493,57.41935483870968,773.963133640553,70.50691244239631,85.59907834101382,1952.5345622119817,17.37327188940092,26.267281105990783,125.1152073732719,18.98709626791115,66.82027649769586,45.43778801843318,46.31336405529954,13.04147465437788,6.728110599078342,31.101842080393148,208.98617511520737,112.44239631336406,7.319354923090078,82.9998301141273,150.23041474654377,170.41474654377882,13.04147465437788,481.4746543778802,238.38709677419357,21.320276216427853,478.86957265264977,38.894009216589865,68.87742002988192,110.20737327188941
2025-03-27,188.37076076993583,121.44821264894593,252.6480194847044,67.64436296975252,5.8203483043079745,74.24381301558203,30.91131921867839,256.64527956003667,497.7094193973419,94.43033779574358,340.97158570119154,34.6012832263978,878.3226397800183,44.500458295142074,103.11640696608616,41.24656278643446,85.93033913840513,38.57011803785231,42.988084326306144,91.20073327222731,57.28689275893675,37.39138427510598,223.60219981668195,107.47021081576536,285.21631172662694,44.08203460665387,20.44683748379855,189.73626994299954,41.24335438477458,11.83776296026438,549.3712315965857,151.88359750945233,66.8070568500802,57.103574702108155,769.6306069546288,70.11915673693859,83.33776598125286,1941.7965169569202,17.277726856095324,26.008249312557286,124.42713107241063,18.56095325389551,66.45279560036664,45.18790100824931,46.07882687632476,13.290559120073327,6.402382994878193,30.93079620277412,201.6012805410747,111.82401466544455,7.2204401031969665,82.54336908691853,146.6544454628781,169.4775435380385,12.969752520623281,478.7447278156508,237.07607699358385,21.203024468216515,481.35150521310726,38.6801099908341,67.96700453998625,109.16544409873396
2025-03-28,187.203953361268,120.69593732920387,251.0830654561965,67.22535981053015,5.784295864456185,72.01494052558242,30.71984812131365,245.94643833120787,489.6711480489388,93.84541677460034,338.85953725633084,34.3641829112771,864.5928220076516,44.22481326288942,98.60630351612316,40.99107305520131,82.30096556749864,37.5751503006012,40.61076810047652,85.85352523228275,56.932045910001825,36.645109176983226,222.26270723264713,106.80451812716342,283.44962296752595,43.12033157223538,20.056021411163947,188.56100428840637,38.62680027580018,11.764437410865765,554.5563783817636,152.35015485516487,66.39324013794635,56.749863363089815,762.0582073237384,69.68482419384223,82.82155464159854,1904.1933298415013,17.76279832392057,27.099653853160866,123.65640371652395,17.717252687192566,66.04117325560212,44.90799781380944,44.865640705238604,13.11714337766442,5.784295864456185,30.73920446094604,193.1134997267262,98.60630351612316,6.8345781362084965,82.03207840574615,139.36964838768446,173.25560211331754,12.889415194024412,465.62260707494534,235.60757879395155,21.07168855422137,481.41693543336675,38.44051739843323,67.54600287222172,108.17088722900347
2025-03-31,186.40589569160997,120.18140589569161,250.01268866921768,66.93877551020408,5.759637188208616,71.70793805803571,30.588888224560655,244.89705126842404,496.3265306122449,93.44535014526643,337.4149659863945,33.78684807256236,876.5986394557823,44.03628117913832,94.33106575963718,40.816326530612244,81.42857142857143,37.414965986394556,40.58956916099773,84.12698412698413,55.87301587301587,36.488889663938494,221.31519274376416,106.34920634920634,282.28526697137187,43.53741496598639,20.69342442380598,187.75716145833331,38.548752834467116,11.714285160678854,552.1922831632653,154.19501133786846,66.11020319586167,56.507936507936506,758.2766439909296,69.38775510204081,82.46848316149377,1812.3559736394557,17.687074829931973,26.984126984126984,123.12925170068027,17.62176859676162,65.75963718820861,40.136054421768705,45.80498866213152,13.061224489795919,5.759637188208616,30.60816204737103,190.52019114937642,95.78231292517006,6.564172584723994,81.68237249326813,138.77551020408163,170.6122448979592,12.01814058956916,463.63763995181404,234.6031746031746,20.98185913362741,484.80725623582765,38.276643990929706,65.07392312393708,109.79637232497166
2025-04-01,190.10225183823528,121.6289592760181,249.44704910209273,66.78733031674207,5.746606334841629,71.90317007211539,30.519682595093325,246.60633484162895,489.5361990950226,92.53891336432409,336.65158371040724,33.710407239819006,877.8280542986424,43.93665158371041,94.11764705882352,40.723981900452486,83.3314479638009,38.54298587298501,39.095022624434385,84.61538461538461,57.28506787330316,36.406335614925055,220.81447963800903,95.02262443438913,281.6466125212104,43.438914027149316,20.814479638009047,187.3323715002828,38.593211454503674,11.687782253075508,563.3271616940045,144.11900585053732,65.96063260039593,56.380090497737555,737.8334894654977,69.23076923076923,81.57828076392816,1768.8235294117646,17.194570135746606,27.036199095022624,122.85067873303167,17.420814479638008,65.61085972850678,40.497737556561084,45.02262443438914,13.529411764705882,5.791855203619909,30.538912811969738,190.04569075226243,100.4524886877828,6.934389140271493,81.49757074554581,138.46153846153845,170.22624434389138,11.990950226244344,444.6221896210407,234.07239819004522,20.934388864094313,480.2638044400452,38.19004524886878,64.92669705352093,109.54796424278845
2025-04-02,190.40379631203263,121.82188987083616,249.84272763001357,66.89326988443236,5.755721731248584,74.41649671425334,30.568093603061975,253.65964196691593,494.341735355767,92.68570067308237,337.18558803535007,33.763879447088144,895.263992748697,44.00634489009744,94.26693859052799,40.7885791978246,83.4636301835486,41.70387418475951,39.85950600498527,87.69544527532291,58.4636301835486,35.38635793305999,221.16474053931566,95.17335146159076,282.0933667219012,44.3235893949694,20.847496034443687,187.62952232749828,38.90777249036936,11.70632167654515,564.2207239264673,144.2284116176637,66.0652608415477,56.46952186721051,754.0901880806707,69.34058463630183,81.70768207037446,1792.9299796057103,17.22184455019261,27.079084523000226,123.0455472467709,17.842737920101122,72.04396213070757,40.56197598005892,45.72082561023538,13.550872422388396,5.72173124858373,30.587354323341547,195.712662694029,100.61182868796736,7.404033315984024,81.62684402794301,143.64287244363243,172.87559483344663,12.689780194878766,452.15184539995465,234.4436891003852,20.967595463244248,481.0256097042828,38.49852575133129,66.63222253498186,109.67595739859506
2025-04-03,183.28252263730263,120.02911602186377,250.84314443082542,67.16112299221913,5.778768712745142,64.94972127287903,30.69049394146437,225.69049460799926,482.10900351788234,93.05683147615973,338.5357419119989,33.899076307048276,873.6406242890295,44.18255448878373,94.64440096464486,40.95190426354826,78.88588291523524,32.33189167759191,35.16858645010977,70.1101177864927,53.47863897839218,30.71392819766119,196.27428764304727,95.55444328161259,273.0126950903217,41.588933885425675,19.228738969736117,181.52958028563953,34.5529414896113,11.7531959681926,566.4799687599536,145.24275378805115,66.3297984469559,56.69563634709014,714.9747463257041,59.425763297993356,82.03485484291816,1762.2969468080266,17.29080402238704,27.119261045638623,123.53824452837057,14.788187650725758,67.91190790371752,34.12522048974496,39.7911448438993,12.740592437548345,4.91422851162579,30.709831785254185,171.4974746325704,89.04764071529326,6.602812058531717,78.60646037618874,126.63557666466647,165.90344717630933,12.740592437548345,428.1294080174728,244.710379032625,21.051553619533347,490.96783000409516,38.652681016659464,66.89903036057582,102.60499391053715
2025-04-04,174.80673846016353,117.87300070657759,246.3371815164328,65.95468966441753,5.674963135081996,59.47540104562312,30.139192338869584,214.44702012070468,453.82904662295005,91.38522656738739,332.4545332677957,30.385629384691004,847.3537551946021,43.388891371374946,92.13995263416595,40.21627418562044,74.74641404888511,31.751105205703446,34.14093471680342,66.87072702086778,52.517987793383305,26.85553420617543,195.03642767075158,93.83797309978104,246.97260824880468,40.51387341456415,21.50274773024166,178.2687155787792,32.235131804300345,11.542070145804939,515.0860338514902,145.4488583046606,65.13829842570043,55.67719737253675,682.2914339335985,54.787969774607326,80.56124066682213,1690.0072333437597,16.980204656150853,26.63211046069976,121.31909379328835,14.444792428867464,66.69198802448724,38.16524311121754,37.18173407459979,12.511729746637473,4.557844407703651,30.15818281176689,163.54618168818982,78.64515840743553,6.5119082947200075,77.19443137260377,117.96773761115331,158.83372979411502,11.206935209426597,405.20130479467355,235.93547522230662,16.533357165199515,485.8572769113901,37.95835250471983,56.302783859868626,96.4296885472988
2025-04-07,172.66949152542375,113.43529264805682,243.32537893521584,49.43502824858757,5.605579096045198,61.594278798938475,29.77070027152024,211.86440677966104,446.680790960452,81.35195909920385,328.3898305084746,30.23525819940082,829.2743230270128,42.85840395480226,91.01341807909606,39.72457627118644,74.9271737653657,30.896892655367232,33.80384822349764,68.76765536723164,51.59781073446328,27.58651129943503,186.79378531073448,92.6906779661017,253.6038975257658,39.31717953439487,22.069209039548024,176.08914132845604,32.132768361581924,10.575565241150937,512.6677259887006,137.36802440578654,64.3418953243622,54.996468926553675,645.1610845361052,58.0420197740113,79.5762714019603,1625.1765536723165,16.7725988700565,26.306497175141246,119.83580508474577,14.159603980974964,64.44209039548024,35.31073446327684,35.35531469657597,11.034604519774012,4.722810734463277,29.789458560404807,163.97422316384183,87.05773326636708,6.532485875706215,76.2506258689751,120.55084530243093,156.89177432302702,11.069915388937051,397.95197740112997,224.6645480225989,14.433262711864408,481.1083260229079,37.494260712532004,56.9385593220339,94.29819570422846
2025-04-08,162.55481241971918,113.83221819703127,223.67896531868715,49.60800814988705,5.625193781281835,64.44611773043363,29.874872009193535,212.60574921380163,448.0905363450635,83.13194822683205,329.53891128139253,31.467866067548,837.5780661735394,43.00837135137529,83.27058510873897,39.86357797758781,75.49275919803615,33.51198013845672,33.2196483146565,66.70505381583027,46.50750764051911,26.70859724498383,186.03003056207643,93.01501528103822,260.2205784648093,39.454755704090445,21.260574921380165,176.7053012330026,31.447490376683128,10.612570585264455,498.64417984840765,139.52207956036563,64.56703638520396,55.18890906674934,676.3409664703016,59.26385259334721,79.85471962097765,1679.869862027727,16.831288479425965,26.398547194047037,120.25512689905655,14.173716614253443,64.66758205253133,35.877220179829024,32.953891128139254,10.497408867431457,4.562165035212827,29.89369593588746,167.24985604819062,87.36236014009002,5.909996575088862,66.22219563016289,121.00943567776386,157.68259733356956,11.10865053159223,384.0071962063161,226.91234442131372,15.90113832661558,505.63938133941616,37.625458240825836,57.13779510120919,94.69814412898081
2025-04-09,160.19205587079878,112.17765125422851,220.42776080314272,48.88694893059799,5.543430816237451,67.21169560406209,29.44063663690801,231.7765168048887,458.31514622435617,79.96508075076386,324.7490178961152,29.760803462427706,850.2400698384985,42.38323876036665,80.16630228509658,39.2841553906591,83.93987341772151,37.71278917503274,39.196857267568745,65.29899607158445,46.66084679179398,28.59013531209079,179.0597889840681,91.66302924487124,265.9100829332169,40.47446615151681,22.35093834825813,174.13686538356612,37.32431146162975,10.991270081125872,491.396318133457,133.8716717590572,63.628545633729814,54.38673068529027,664.5102438891314,62.63640331732868,74.81580223906046,1683.1078131820166,16.586643387167175,26.01484068092536,118.50720209515495,16.398952955348374,63.7276298559581,35.35573985159319,36.01047577477084,10.868616324749018,4.757747708424269,29.45918695523925,185.76603676751418,86.09253622360596,6.526407868723743,65.25964691148789,133.04844576945112,160.62854648625054,10.947184768736701,382.3657791357486,223.61414229594064,15.71366215626364,517.2409530499782,37.078567032000215,59.18812745525971,95.32955041466609
2025-04-10,156.1629299216959,113.29527377157358,222.62387585963674,49.37400811144419,5.598659848351261,65.68506436254629,28.919061893845882,219.8095642853994,462.44048668665135,87.02124802655506,327.98448245459355,30.057309439438313,867.1310174572385,42.80550167518956,80.96499670920306,39.67554223241051,82.04814202569817,38.08578682248501,35.44348439428672,68.99135954858049,47.12572738494092,27.772879562687354,187.04813965790865,92.57626520895785,268.55933697760537,40.87771202306692,22.23593695540841,170.10508809554642,36.07256301936387,10.674043593846433,517.8205005455387,133.6580806887564,64.26247489282093,54.92858402398166,651.3930609818594,63.260447892787866,75.56118979443109,1748.858639349321,13.886439781343677,26.274025745018513,119.68788573443837,14.679950625991887,63.42884615980702,35.707988009169455,32.95714933812103,10.128284253218126,4.80514900370305,29.75268793618988,173.24986774819254,91.36395697407865,6.105184513011993,65.9098267828508,130.31211426556163,165.35398926900567,9.04337856593407,383.08940222183037,225.84200317404336,15.870216892964203,535.5770707740037,37.44797966421817,56.868277199788395,89.35813789455122
2025-04-11,155.12205754141237,113.16477768090671,220.1394943330427,48.82301656495205,5.536181342632955,64.95204882301657,28.596338273757627,222.6861343450305,464.1238012205754,86.0501303502343,324.3243243243243,29.64254577157803,851.8308631211856,42.32781168265039,80.06146405194256,39.232781168265035,83.70749782040104,37.66076670798823,35.503487890454714,73.19093286835222,45.86661088539396,29.424585876198776,180.68875326939843,91.54315605928508,265.5623365300784,38.31517054084704,23.272013310878922,168.2067924306615,38.51133444668837,10.55492610648703,512.0418585167829,134.43766346992152,57.5283326578847,54.31560592850915,651.0462074978203,62.55448997384481,74.717961172488,1745.7087442785526,13.731473408892763,25.762859633827375,118.35222319093286,14.50000021285146,62.72100899254849,35.30950305143853,33.21708805579773,10.54925893635571,4.751525719267654,29.42066142739892,169.5292066259808,90.34437663469922,6.233653007846556,70.66201806172351,127.28857890148213,161.29032258064515,8.942458561013446,382.3051472591543,223.32170880557976,15.693112467306015,532.2205600888186,37.030077188453575,55.623365300784656,91.10723626852659
2025-04-14,155.0544662309368,113.11546840958606,220.04357298474946,48.80174291938998,5.533769063180828,65.0326797385621,28.583877995642702,224.17428342864923,466.3259123093682,86.01263574005992,324.1830065359477,29.62962962962963,858.3877995642702,34.37908496732026,79.81133089086329,39.21568627450981,81.97167755991286,35.616471035028596,35.250544662309366,75.72984749455338,45.84662543402778,29.847494553376908,180.61002178649238,91.50326797385621,265.4466230936819,39.74596875425517,23.194335405603216,169.5758974162582,38.87450905926607,10.639651096983933,521.6666666666666,135.3381267871732,57.503265846269066,54.291938997821354,661.9607843137255,62.52723311546841,73.43747340516067,1783.6771514161221,13.725490196078432,25.751633986928105,118.30065359477125,14.381699240025872,62.69367957686547,35.294117647058826,33.333333333333336,10.457516339869281,4.929411645029106,29.40784196708197,169.10675381263616,86.71023965141613,6.173856315529684,70.63122851136983,124.18300653594771,161.22004357298476,8.938562064908428,394.041394335512,223.2244008714597,15.686274509803923,514.7494553376906,37.01394207856754,55.55555555555556,90.97037122140523
2025-04-15,156.3007862256775,114.02468485088066,221.8122721482848,52.911231382387335,5.578249220362806,64.43536697852154,28.813633768173233,227.69798392410067,467.66989193514735,83.17784341096763,326.78877322440377,30.307023323230993,862.3226599903369,34.65542232178153,79.06179997364607,39.53089998682304,87.17661527649669,35.90275443641702,36.19317476020666,76.33856019677604,46.82303419560109,29.560328545702113,182.06175605042387,92.23876663592041,290.7717310141872,39.00382132033206,23.623667011704168,170.93893994391553,39.09166776474722,10.725172076943878,525.8597970747135,136.42596783790685,57.96547420265626,54.72833487064611,668.722693824944,63.029823867878946,74.02776011984177,1856.6346027144552,13.835814995388063,25.95862432468046,119.25154829358281,14.340932050775246,63.19760821755447,35.57780998814073,33.38164887776168,10.014494663328502,4.970351985861527,29.644220720539874,169.67540738788597,85.00636736593809,5.817191656406477,71.1989587708498,125.18118329160627,162.51592216805025,8.767075420719271,397.2086792287082,225.01866736943822,15.592743883691307,514.9119339394738,37.31145828186081,57.01234242544033,91.36118151408837
2025-04-16,149.56057479642274,114.19019970088853,228.64432128090084,52.98803575625989,5.58634644145333,62.24157649335796,28.855458784199875,223.4538576581332,457.4645904812175,83.07952760045526,327.2631301134864,29.823612640345956,846.749362188792,34.70572710477698,79.1765637371338,39.5882818685669,83.11339843406351,35.77628277889119,35.42007522804499,72.93041259787103,47.06606844374065,29.251341602885542,182.32603149467755,92.37265769332276,280.1970616697457,38.887129302304636,22.93173295899726,171.18706983826536,35.77153076751781,10.740740418570477,512.8881850972111,134.95205419195918,58.04961516547352,54.80777689803818,643.0016715052344,63.121316090437226,74.1352166204116,1822.1166534705726,13.855898653998416,25.952318113838302,119.42465030351015,14.075833553268232,63.29726400985308,38.9100033909494,33.650039588281864,9.831089997360781,4.977566801359609,29.687251391947356,169.4030949651403,83.22336588369842,5.529163233405567,71.30230906729733,127.0343978182458,161.3442421043371,8.779801447326278,397.7852555643529,228.3144189319961,16.451130465382246,519.046362276766,30.84719052066838,55.81375891251814,91.57077590970572
2025-04-21,147.78303346447993,114.76062066221652,229.78648158790506,53.252729980231315,5.614252243490562,58.28920289084258,28.999602139604793,210.6250742534592,440.2988373635118,83.49453960783123,328.8979267052739,29.121170593696124,829.7599575615579,34.87909464656735,77.36174351266523,32.580345696476726,78.46691127713187,35.954998129848924,34.383096648993195,70.50970337297203,45.09084479023916,28.09026977922202,183.23681534856993,92.83409221519827,270.9968708210844,38.25737071350322,23.119224635018348,172.04221058764534,34.702267804252685,9.37182264267716,515.4502453472437,136.1566685822908,58.33959379213452,55.08156138101764,717.69594624464,53.62273993192167,74.50554858973686,1772.2470270987137,13.925113832279742,26.081959241412846,120.02121922107777,13.999380782272281,63.61345652270015,39.10437279916201,33.95075372441537,10.049069772521937,4.5974979001812475,29.83554984945543,163.03434861411964,78.01246499726471,5.490031494691051,71.65848964837707,119.31346935300716,159.83775878193936,8.823659701318052,399.7723354405199,220.0167985500199,16.533309756421026,372.38230654038284,31.001283289725258,55.62088109154657,92.45656518003183
2025-04-22,150.80851742971964,113.22122232763198,230.03053502677346,53.30928905973414,5.620215072797274,58.84055383976578,28.322343673939017,210.848776593685,452.26978933873966,82.17905031641368,329.24724520954106,29.15209983626145,830.6412355622427,34.916139310527946,77.443908483427,32.6149488870204,79.54595742797716,35.99318549786752,35.147142129624505,72.35473735451608,46.51059875204673,29.88892438881544,179.59508158577464,92.9326901801124,283.2676904013807,39.240605863748506,24.123998976979795,172.2249345356961,36.28800283223436,9.3817763419923,515.9976988095765,136.65530822675575,58.40155556807873,55.140062840200024,717.2633535425056,53.679691994512545,74.58468003046588,1774.1293092003361,13.93990352701686,26.10966057441253,120.14869230428818,14.205425498960038,57.57401424967916,39.14590507987094,34.79311283370027,10.089834933840775,4.956410142939328,29.86723782557557,172.72204274903748,78.09532109143359,6.18621911254294,72.40228087004083,121.69757047395672,163.52171074285303,9.07200070805859,374.8285170597867,222.59591981236446,16.550869584458113,369.31850397729784,31.034209377212683,57.430189848209935,93.95052440589458
2025-04-23,155.06300831173473,114.32925019829743,232.28170524622396,53.83099494516098,5.675216730717669,63.85735990705157,28.59951738314416,229.7689703964273,461.16721780319955,87.10876513938075,332.46938957905087,30.57020178684143,857.9855214943248,36.619001786247935,78.2018053445348,32.93413173652694,84.48174415511328,39.32433640182322,36.452318369324786,78.3246938957905,39.87309095079431,30.94780533528326,185.53936902314774,93.84216641344177,294.39628206274017,40.53087854142461,24.206810805569365,173.91039617942286,39.181338269414994,9.473590133166503,521.0474573241577,137.99267137367056,58.973096396991465,55.67968540530879,719.4566091697203,58.986504602734826,75.31459534580559,1887.5681472875144,15.193493609795334,26.365180087586022,121.32451514880687,15.148806863884172,58.13745643042274,35.7493967289302,34.85566181070694,10.05451783001162,5.2287962345263415,30.159530482819342,183.4390919653231,78.85959293516511,6.631960124323415,73.11083836001039,130.30655107695057,165.1219991802775,10.099204575922782,379.0866116414559,227.67897041737422,16.71284297077487,375.3239789078559,31.33792248176222,59.69702495370733,94.31137724550898
2025-04-24,158.43095013688793,116.2474802487265,233.2929401732418,54.06534737591726,5.699923701808716,65.99613845597146,28.72402495399668,234.72957971477942,467.66303128225843,87.4879918445789,333.9167900902114,29.17283784390288,861.7207486199004,36.77842206241445,78.54225573358467,33.0775099860868,90.99681342848167,39.86894696486777,36.89241955028949,83.03038463264666,40.48292266953907,32.97293581572444,187.60378798079083,94.2507068803016,311.20685786095777,41.267895975691175,23.428482104287287,174.66751248611487,42.289843802595264,9.5148332660114,523.315829630627,136.30447466451238,59.22983488945178,55.92208608231229,753.3324357075536,62.11570396301782,75.64247630934149,1890.3998922849066,15.259638256810737,26.47996050446569,121.85269960953279,15.035231811857637,58.390556976796375,35.90503119249585,35.456218302589654,9.963646155917598,5.497957901350927,30.290829547351166,185.69813020342445,97.61680355459809,6.866837215564831,79.06222014938457,139.13199587092143,164.35528028364976,7.943988151339707,380.73695953110274,230.46318366825997,16.78560208249181,373.4123244019568,31.474351658223377,61.068176212005184,95.41134183483125
2025-04-25,158.43095013688793,112.97338145098402,233.2929401732418,54.06534737591726,5.699923701808716,65.99613845597146,28.72402495399668,234.41630919421257,465.19456038777435,87.4879918445789,333.9167900902114,29.62972903710701,854.566653623042,36.77842206241445,78.54225573358467,33.0775099860868,92.55475078963018,41.919663566526694,36.30896279341143,83.14887189302264,40.94744291485739,32.67178411977273,184.73138548539114,94.2507068803016,327.6334096315246,41.47076027851645,24.05637089897222,168.42086105103564,43.35532516493874,9.5148332660114,544.6865112091019,134.87141817509874,59.22983488945178,55.92208608231229,773.4701967202999,63.282617476773936,75.64247630934149,1952.336071091962,15.259638256810737,26.47996050446569,121.85269960953279,15.037475328439871,58.390556976796375,35.90503119249585,35.36869924119065,10.083927681692082,5.480005317271267,30.290829547351166,185.39787700984024,105.24662268300347,6.81881390762449,79.06222014938457,139.13199587092143,162.526367757282,8.078632018311566,371.43215667216464,204.461204508606,16.78560208249181,366.86818102447154,31.474351658223377,61.48736591714914,95.41134183483125
2025-04-28,158.84444044458445,114.11600593979212,233.90181343652972,54.20645299387178,5.71479998200063,66.1683823488053,28.798992035278765,233.31683391081313,466.00368987085454,87.71632751154492,334.78828241011564,29.923952661656845,854.7108956655268,36.874410384406076,78.74724384646538,33.163839265625704,93.03424380146696,42.02907005920809,37.03370382036629,83.36588285327983,40.503531717210215,32.39886603968861,187.6434324798632,94.49669261575845,328.4885029023984,41.646042388516406,24.190254110149116,168.86042411367166,43.01849435269766,9.539666111686092,543.3559825406111,136.57022004229853,59.38441934805719,56.06803761868335,765.5357062502812,63.44777932772353,75.8398962628105,1957.4314898978537,14.039508617198399,25.649102281420152,122.17072402465914,15.209467668631598,65.9226927057553,35.99874004409846,35.841245556405525,10.10214642487513,5.804796832110877,30.369885845499315,191.37830175943841,105.5213067542636,6.68991577055057,79.26856532189342,140.48508302209424,163.34428295009675,8.099716509922153,372.401560671939,207.44273950411736,16.829410970616028,371.46199883004095,31.556496840969942,61.242856500022505,95.59240866022814
2025-04-29,171.443951016014,113.75768178351949,233.16736195218232,54.03624478010194,5.696855515184139,70.42569416408739,28.708563226124795,234.60279011348854,468.0841519759566,87.44089832185271,333.73704750370075,29.883820580766667,865.0248957071727,36.75862476888065,78.49997757143498,33.05970484008433,93.97568743551788,42.12084510832997,36.85013232853362,82.53711927510878,42.38998788857489,32.29175099281445,187.05423227021936,94.19997308572198,327.4570492979859,41.515273852778904,24.222850222042794,177.8084615441226,43.19562292973831,11.214282510204997,541.6498452429014,137.35253218499082,59.19795232458059,55.89198403086171,779.7273107029113,63.24855335755618,75.60175905658447,1995.3478249899072,13.995424572735837,25.568564123267393,121.78710806082627,15.325438204659955,65.71569550980128,35.885704032655994,35.885255023297674,10.12066546078085,6.0557125555106985,30.274524431190564,187.95137487103577,107.16368366751895,6.5042838559188985,79.01966209789788,141.29995962858297,163.18619800427825,8.074283407347599,376.66532095276546,206.79136948818015,16.776566635266676,361.6386204470013,31.457409469199973,62.35141075673979,95.09262559295519
2025-04-30,171.621014818141,113.87516838796587,233.40817242927707,54.092052307265945,5.702739110911541,71.35159407274361,28.738212842388865,234.84508307139652,470.2981607122811,89.89672204759766,334.08172429277056,29.72608890884598,876.8747193533902,36.7965883238732,83.02649303996408,33.093848226313426,93.96048495734172,42.4876520973072,36.537943969781374,79.97305792546027,39.066457555708354,31.38751683879659,187.24741805118995,81.2523569930119,327.79524023349796,39.62730130220027,24.4382573073361,177.99209848240346,42.43286845391783,11.22586439155815,542.2092501122587,137.4943870678042,59.87427141509037,55.949708127525824,791.2196200044904,63.313875168387966,75.67983900531826,2030.011296026044,14.009878760664572,26.33587786259542,121.91288729232151,14.088010338319489,66.90615177368657,42.209250112258644,34.51279638913056,9.960035813138472,6.035473895918697,30.305791340122642,188.1454872025146,101.52671755725191,6.312528146881665,79.10127198690783,138.5482699013527,165.46924113156714,8.082622361921867,375.30086193590034,215.5365963179165,16.793893129770993,359.3848226313426,31.48989803757858,62.41580601706332,92.65513837631904
2025-05-02,173.28843995510664,113.84960718294052,247.3710411405724,63.2996632996633,5.701459034792369,80.97194273463805,28.7317620650954,243.71089365881033,474.56790123456796,92.7946127946128,334.006734006734,30.264872027567343,890.0655864197531,36.788328708087825,83.00785634118968,33.086419753086425,97.57867301487094,45.32615105043491,39.28170594837262,83.72615039281706,39.95510662177329,32.95308773498878,187.2053872053872,81.23411852904042,350.1683501683502,39.95510662177329,24.19753086419753,182.00573442760944,42.636137854236814,11.22334455667789,542.0875420875421,137.46352413019082,59.86083162352694,55.93714927048261,725.9793683361393,65.94837261503929,75.66285138713525,2002.2446689113358,16.071829405162738,26.105948811026938,121.8855218855219,15.29023552583123,68.95622895622895,42.19977553310887,35.69472393202862,10.190796857463525,6.1189675893045035,64.55667789001123,201.79573512906848,100.5014555274972,7.367452328186378,79.08351637030023,147.25028058361391,165.11784511784512,8.080808080808081,373.01907968574636,219.69653128507298,16.790123456790123,350.75196408529746,31.482829598063976,65.993265993266,93.15375982042649
2025-05-05,173.1582261401457,117.07295133579203,247.82719894783887,64.02356750922011,5.711972654493118,80.10254565080507,28.78474408563461,247.36889448592245,452.940088237609,92.43635785143249,334.62264999550234,30.808671404155795,891.7068875371052,43.08851440572434,83.16092470990374,33.14743186111361,98.91449548340941,45.40973350042446,40.11873706935324,83.65566249887559,39.57902311774759,33.057479535846,187.55059818296303,81.38391608502181,350.81406854367185,40.028784744085634,23.601691542935367,182.34135712759735,42.5173165912496,11.482414457666538,543.0871638031842,138.07681928577853,59.971216353965204,56.040298641719886,727.3180907478411,66.1599352343258,75.18215236061606,1946.6312151434738,16.10146622290186,26.940721417648643,122.11028155077808,15.406583961184165,69.08338580552306,42.27759287577584,34.58307020374904,9.939731942070702,6.139246199514257,67.92434921600926,203.87064240718044,105.01933974993253,7.01718108628501,79.22934816715109,148.42133669155348,165.42232616713142,8.095709274084735,373.7069353242781,220.09085184852026,16.821084825042725,358.8279291077291,31.54088464949514,66.0699829090582,91.5264909597913
2025-05-06,164.89671550835686,116.6375408881122,246.90549542529237,63.8078594793207,5.6907290406416635,81.01447327149707,28.67768965362728,243.05505962382938,451.67404963144685,92.09257429173948,333.3781422234171,30.319039516190013,888.3905066765246,42.9282622797363,87.37733566339561,33.02415199175516,98.0754581709011,45.73195212555171,39.61105883407268,83.34453555585428,38.75968992248062,32.934534211587575,186.85307164941526,81.0812380801351,349.50934265358245,40.035397710405746,22.993234513977573,179.30321125711342,42.95962631486087,11.157413630864363,541.067347761796,137.02558587623784,59.74817513169613,55.83187704440561,681.3998209744814,64.61441950082896,74.90253957010071,1953.6859862996819,16.04158264999776,26.84052516019178,121.65613657749698,15.253842964006559,68.82645516870546,42.12035667876507,34.726889814939284,10.01478693372765,6.13881794147959,67.6717291960725,199.39956087287717,104.62875834565578,6.989290483825741,78.9346832974162,148.56522065227742,164.80709772818926,8.065600215082672,359.36729847201684,219.2723036250392,18.595689384773937,348.6346722439732,31.423579750722542,65.24174396200206,92.84402025361831
2025-05-07,165.02982196511056,116.73169200412575,247.10480027831966,60.31660612583524,5.695322660208978,75.92268711601417,28.700838602627922,244.62980402708644,454.4158720682542,92.16691243861833,333.6472487555496,30.494641015292167,886.3626171577201,42.96291444893829,88.34476882371408,33.050809453338715,92.82927485537468,45.876496703888066,39.64303331987982,83.09789676667116,38.11830126911521,32.9611193327055,188.7977039329118,81.14668775435558,357.8635813265169,39.912103681779456,22.870980761469124,179.44794679694158,43.72393380869097,11.166420018834925,541.504103323019,138.3470110767299,59.79640452101272,58.02950804968833,674.036058932015,64.66657697654604,74.9630017303887,1955.2630232857975,16.054531593344993,26.86219112964707,121.75433875958564,15.328938845877337,68.882012646307,42.15435669760976,34.351316202520294,9.933180860128257,6.233463384008251,67.72635456606798,199.56051840889725,92.51535943315844,6.78505776275877,78.99840024882002,148.79591013049912,164.94013184447732,7.98242073635589,359.8367639804476,219.44930265931208,17.93802412664245,343.1512702713687,31.448945212649672,64.8033566002119,91.93237364904256
2025-05-08,163.14199395770393,117.37385579654597,248.46417195320603,60.64841953375119,5.726653740361636,76.88145375839834,28.858727510483835,251.02583757947423,453.4274318550751,92.6739405901948,335.4827073093746,30.391847409478288,889.6604590341345,45.803311056359064,98.16476529738017,33.23262839879154,95.05343373765614,51.26933309284394,42.59593382396458,84.99797087072191,41.39423727285025,33.14244487532128,189.38539928755017,81.59309150175294,353.29395319475134,41.93533841367182,23.564953581906366,180.43512493236236,47.70708391576859,12.806060332777202,581.1823007085043,139.10808495287912,60.12535619849675,58.3487396852595,667.9442665824954,66.96126617666953,75.37538781557188,2105.785273030617,16.142850701176894,26.82959823240294,122.42413311088065,15.821346219830794,69.2609460251612,42.76953600577175,36.79036950056646,10.32556276742409,5.727104754305382,68.0989304445484,200.6583397213329,96.27091130450466,7.3950489245614826,79.43298584788012,154.2846222825168,168.93583398270167,8.341975920999234,362.4836454293863,220.85222725120622,18.487622311403708,339.6685790740407,31.62195199066037,64.77521844844884,93.79086440907247
2025-05-09,165.29617763928036,118.33431831613402,255.52530068020639,61.144701550211394,5.773514570168659,76.2376687730145,35.800336409510386,251.16470960528707,454.38058669932263,91.3760967404646,338.22794017366004,30.913306359958177,887.7119607219166,46.17811652938469,97.51329726780925,33.50456880483702,90.87602854934764,51.68886666363595,42.719007248325056,85.01159248988499,45.14251943446833,33.41364731554303,200.70918761649315,82.2607623873426,350.3023183914284,42.50534119354344,24.048733918261583,181.91161365754422,48.12019820884666,12.910851479747238,581.7634134058053,137.83697776969586,60.61735802218769,58.82620357321453,654.6347229167613,67.50920580079102,75.99217964203926,2172.9781333818246,18.184297858798928,27.049143064963403,123.42592171659771,15.59303541392008,69.82770377778787,43.41501113788244,37.341456762925056,10.478701641132881,5.455289357639678,70.37323271355184,206.02809474019185,95.24026003545939,7.425557864158323,80.08298073139235,155.5471231694947,168.86393599127155,8.410237759694503,365.44982518923035,219.12078919852706,18.6389053052689,337.2546185275265,31.880712337904033,64.01781839213871,95.01295631222439
2025-05-12,171.4351005484461,118.96709323583181,256.8916836865859,61.471663619744064,5.804387568555759,82.12979890310787,35.99177330895795,266.9981682758227,458.695155393053,91.86471663619744,340.036563071298,30.987202925045704,892.4588665447898,48.948811700182816,106.48994515539306,33.6837294332724,94.55038625099978,51.96526508226691,45.654020710444755,91.86471663619744,42.746800173353236,34.93510077160935,210.58043875685559,82.70063940742116,372.48628884826326,43.87568555758684,25.010968475062842,182.88435857518283,51.340034108275255,12.979890310786107,593.0987202925046,138.6654478976234,60.94150020173961,59.14076782449726,676.5767824497258,73.45841039905164,76.3985363613317,2224.57866773309,18.54204808990088,27.19378427787934,124.08592321755027,17.140768215032992,70.20109689213895,46.0237659963437,39.46526508226691,10.740402193784279,5.941499085923218,70.74954296160878,216.74130734403565,101.23400365630714,7.738116890246515,80.51121239252457,160.83180987202925,169.1233967950183,9.140767824497258,386.47621615059415,212.61425959780624,18.73857404021938,339.1224862888483,32.05118963879685,66.63619744058501,95.56718508983661
2025-05-13,168.36245566713418,119.70017474478065,258.47466380311323,61.850455256139064,5.840154511174469,86.95852110733009,36.213556516140905,269.91307758467076,457.80191076807233,91.97093718384991,342.13188632392166,31.155154971029155,892.1185397601859,52.8832888807137,107.23811275636899,33.89129035224869,98.34740171324611,52.423434194794446,47.507586479625566,96.47291006823095,40.16876711880921,35.50078175296606,211.87804653729424,83.21024511332544,391.10641037432174,45.01977375149453,25.399154653262382,184.01130164742943,56.15791230283731,14.724087300717661,587.4749594753058,133.0833270163191,61.31702494316484,59.505196357950894,667.0670486095145,76.24390692541158,76.86930817556966,2259.082130046905,18.656305169090007,27.131426469235723,124.85054722707625,17.106594316196084,73.11597445363516,50.694842002192935,39.694657049895675,10.93120604772681,6.054446963216655,71.18550538029983,218.07687872194887,100.70817621631565,8.044697987740562,81.00732673358031,161.88356793706313,168.12287317207765,9.036144578313253,383.7947208682057,211.5331555228548,18.854042122689233,279.0756822016118,32.248690761375656,68.97820288788743,98.24611243159661
2025-05-14,159.47998159226876,119.78831109065807,258.66498108893234,61.89599631845375,5.844454670961804,87.436723423838,36.240220892774964,267.7680670803612,449.68752696445006,92.03865623561896,342.38380119650253,30.74091118269673,885.4118729866544,52.9222273354809,107.3170731707317,33.45927323167136,96.77864703175334,52.462034054302805,46.325357773311666,98.89553612517257,41.435804160794405,35.52692130694892,205.10814542107684,83.27151358648757,391.3943856419696,45.05292222733548,25.44868844914864,184.1467908709158,54.77680850566613,14.734928782393292,586.7464335020709,130.9245278524793,71.26092959042798,59.54901058444547,637.8278877128394,76.30004601932812,76.92590775821158,2254.9470777726647,18.670041979154682,27.15140358950759,124.94247583985273,17.349286700414172,73.16981042193972,52.462034054302805,39.02439024390244,10.860561435803037,5.9783710843124425,71.23791992636907,223.65393465255406,111.1366774045099,7.96134376438104,81.0669731775627,161.06764841233317,164.28808009520247,9.042797975149563,364.01288541187296,207.7772664519098,19.32811780947998,275.36815462494246,44.39944720630321,69.02899217671421,96.82466635987115
2025-05-15,159.417202413466,117.98528058877646,258.54599995687676,61.86752529898804,5.841766329346827,85.28058877644895,36.223551057957685,268.8408508581532,455.2856557612696,91.99632014719411,342.2263109475621,31.508739650413986,905.2437902483902,52.897884084636615,107.26770929162834,33.4438825816108,96.32014719411224,52.897884084636615,44.94296216920855,99.37074831459867,44.43422263109476,35.51057957681693,205.0137994480221,83.23321022237236,386.3845446182153,45.032198712051525,25.719872328153752,184.06208673528062,54.28748670365686,14.728150986265238,586.4765409383625,134.75850516760582,71.22815087396505,59.521619135234594,658.6370529553818,76.26494940202393,76.89052325602289,2320.7451701931923,18.661454103359304,27.73872944008021,147.65409383624657,17.226310947562098,73.1361536554163,52.70008975031624,38.86844526218952,11.01149951194335,5.680772769089237,71.20515179392825,224.47102115915365,101.88592456301748,7.787488640835226,81.02968386147367,161.3155473781049,170.19319227230912,9.245170445867712,362.9254829806808,207.6816927322907,19.319227230910766,246.52713891444344,44.379024277505465,67.88178472861087,97.20008660591077
2025-05-16,163.5038503850385,119.27026035936927,257.64530798783005,61.65199853318666,5.821415474880822,85.87733773377339,36.0973597359736,267.904294905402,458.3791712504584,91.67583425009168,341.03410341034106,31.398973230656402,917.2167216721673,52.713604693802715,106.8940227356069,33.32737473983401,97.77227722772278,53.630363036303635,45.38091443421686,102.67693436010268,45.83791712504584,35.386872020535385,203.7953795379538,82.9432522109633,385.49688302163554,44.87532086541988,25.701320691558088,183.42087301178034,54.913824715804914,15.190228027522805,584.4334433443345,134.99266593325999,70.98001466813348,59.31426475980932,674.5049504950496,75.999266593326,76.62266114713685,2312.6604327099376,18.596443537175983,27.64209653590685,147.13971397139716,17.18967774869935,72.88137057520856,52.51649941198547,38.438761326083785,10.7494496931993,5.6380638063806385,70.95709570957096,226.69233679552852,101.30179684635131,8.235698485925253,80.74740223452685,160.75357535753577,174.87165383204987,8.892555922258893,361.6611661166117,206.95819581958196,19.38943894389439,260.04721036882336,44.22442188269934,67.6453061972864,96.49706323985264
2025-05-19,163.39150748935,119.18831020109019,257.46828084203656,61.609637671201504,5.817415601667354,81.99349548806742,36.072557372543635,264.4139032511108,453.48357839769136,91.61284412074573,340.7997801291741,31.377399111355412,914.4336035912235,52.6773853694288,101.47313498078994,33.304475622931555,97.9541706747286,53.59351381063625,45.39416426182951,101.71591125435161,43.01223031469012,35.362557830607855,203.65535248041775,82.88626220669576,395.30942238101784,44.203197288259815,25.683661408411492,183.29484520292246,56.712930034626794,15.179790877579475,584.0318812697541,135.23567762012735,70.93124456048739,59.27351014612249,666.9415051990289,75.94704777609822,76.57001399779843,2302.0915641747974,18.780633044752875,27.623103752798485,147.0386148137969,16.741788751517337,72.83129405289496,52.48041551792749,37.60615548846823,10.672896340066877,5.58838349136549,70.90834134945719,226.5365773226719,96.76102297549929,7.970317438504878,80.69192099072134,161.06453901204137,170.78924465210022,9.619348632678301,366.3954828068458,206.81599560258348,19.376116531537722,278.42243756012095,44.194035444687316,67.23878954919324,94.13219733406623
2025-05-20,163.40198916694442,119.62118425891873,258.4033670036089,81.09599117322546,5.838543582199338,82.2912835601324,36.20356748804708,261.9988966531813,453.7518281364932,94.0143435086429,342.03751379183524,31.491357116586983,915.3181316660538,52.86870172857669,101.84167018047192,33.42543248088538,97.18301989831396,53.05819916523481,45.513056270687756,100.91026112541375,43.44428098565649,35.49098933431409,197.82089003310043,83.18729267351853,396.1980327958349,44.593600588451636,25.2850312614932,183.9605445763608,57.4319607284675,15.234921600240783,586.1529974255241,136.0789807941511,71.1888561971313,59.488782640676725,661.6862817212211,76.22287605737404,76.84810479891217,2270.221200924053,18.848841485840385,27.723426720639196,147.57263699889666,16.114379781798082,73.09580638418306,52.67101651213107,37.00947174038594,10.75763148216256,5.9001469445517944,78.88929753585877,221.12909157778597,93.09488782640678,7.910077122039066,80.98498193951994,161.99613783718164,167.8475551457912,9.65428466347922,364.6791099668996,207.56712026480324,19.814269952188305,284.8533414312477,44.35454154987904,67.4829907433081,93.14453641295916
2025-05-21,161.55079457855294,118.85133278373179,257.4329046011954,80.79142621599341,5.816616286525602,83.72263442337639,36.067600989282774,258.0837226344234,451.03966291105615,92.86205225007443,340.7529541082715,31.418887972886324,916.0025648071814,52.670147476412936,101.45919253300472,33.29989957516803,96.18026930475405,52.858933234505244,45.342126957955486,101.90528533479893,43.28112118713933,35.35769900155721,197.0779518182651,82.87487360238046,402.85792800219843,44.563524777869375,25.28167078867821,183.26966042067417,56.33415773564166,15.17770516847291,583.9516350645782,136.25538151506825,70.92149858019603,59.26536594302464,642.9765503343409,75.93661262251534,76.55949324841704,2303.7464504900613,18.77805257854722,28.16707886782083,147.01841165155264,15.28441885228099,72.82128700507236,52.473204688645005,36.682237927551355,10.62654595000737,5.7708161582852435,78.59302006045617,212.51259503526612,85.03572611272843,7.86479807734282,80.68083388973334,160.18549007210657,164.98397040238277,9.618026930475406,363.30951726664836,206.7875790052212,19.73985527159476,269.00888701394615,44.18796316721484,67.22955091364099,92.44618350751695
2025-05-22,159.3978102189781,116.37773722627736,256.42290324190236,80.47445255474452,5.7937956204379555,83.3941605839416,35.926094890510946,253.28558483263,444.70802919708024,92.2604915869497,339.41605839416053,30.565693430656932,900.8453146384579,52.46350364963503,101.06113183237339,33.16925215895158,98.35766423357663,53.33029197080292,42.92883211678832,99.31752003022353,33.89279163666885,35.21897810218978,191.37773722627736,82.54972583186017,408.30291970802915,43.567518248175176,26.799726834262373,182.55062799384123,57.93795620437956,15.118157602574703,587.5684306569343,133.82664144474222,70.64324817518248,59.03284671532846,631.8092958770528,75.63868613138686,76.25912297381102,2302.691605839416,19.525547445255473,27.810674514213616,146.44160583941604,15.3923354879783,70.71167883211679,52.052919708029194,36.31523856281364,10.45209856799049,6.341240875912408,78.28467153284672,209.62591240875912,87.65967153284672,7.872262662344605,80.36429412173528,178.15373552976732,163.09306569343065,9.58029197080292,353.4671532846715,205.97627737226276,19.662408759124087,261.2956248930771,44.01459798325587,64.82664233576642,90.10036496350364
2025-05-23,159.7914570566176,115.33888228299644,258.7597200705433,80.67319125583097,5.808103905606878,80.2373534575654,36.01481752492454,253.63578157870668,443.926661969496,92.48833694255637,340.2542760450014,30.5497118814598,889.6094035831885,52.59306686179457,101.31071113901147,33.25116652905052,101.56979094613213,53.46199579255465,42.25738589591146,98.64630019207902,35.18521839163827,33.156956451368565,191.8503612915028,82.75358960186477,409.3112594896186,43.30741891396032,29.017652977224916,188.77530148118083,55.79438397512119,15.155493215422917,634.1269693816885,134.8449656787364,70.81770785694685,59.17863349492362,630.3644838876567,75.82548248422208,76.44745154970903,2217.598097502973,15.915119363395226,27.759992682703743,146.80325619683526,15.046190432635141,70.88630750937529,52.181468947224005,36.27092177745987,10.381414067502059,6.639989135708691,78.47800237812129,210.1436019390835,88.95088264886125,7.5839203252105865,80.56276077693394,176.52977224915395,162.3534263025359,9.603951339979877,347.11424128784415,206.48495380956737,19.710966797768226,259.40958565809933,44.12329588369929,64.9867374005305,90.74910574815067
2025-05-26,159.7403191148905,115.30197046587116,258.6769093888584,80.6473734741462,5.806245142413021,80.21167515672862,36.00329172952956,253.55461070726466,443.78459244845243,92.45873796854283,340.1453847208887,30.539935079778722,889.3247025442325,52.576235541535226,101.27828874711402,33.24052518283814,101.53728564111576,53.44488638961276,42.243862295981344,98.61473048964476,35.17395809223986,33.14634525513761,191.78896356238283,82.7271060318372,409.1802679102089,43.29355927274065,29.008366479220957,188.71488786117587,55.77652813971563,15.150643014147008,633.9240301970466,134.80181134418004,70.79504411831938,59.159694600649196,630.1627488084624,75.8012161111873,76.42298612837459,2216.8884012252547,15.91002605952544,27.751108672792938,146.7562748594157,15.041375211447903,70.86362181685182,52.1647693503406,36.25931402121051,10.880994833813377,6.637864144900391,78.4528871211082,210.07634983769944,88.92241576372696,7.589722237774239,80.53697833623359,176.4732775568052,165.95803044849814,9.600877794541216,347.00315457413245,206.4188725826361,17.830201618433684,259.32656700041144,44.1091751379769,64.96593974306222,90.72006337900893
2025-05-27,159.67461840782377,116.76263595649391,258.5705163633351,80.61420345489442,5.803857051457819,81.20738417277899,35.98848368522073,257.56329403162414,447.3996892422996,93.41787971599088,340.00548395941865,30.749016341556413,895.9972094643999,56.85037930719312,101.23663329520267,33.22685345600122,103.77250708344758,53.42290467050543,43.59656249285943,100.34960687579974,35.28013892697194,33.132712264218306,193.33241934009686,82.6930806249143,412.62224659537515,44.32867196782743,30.80797069045048,188.6372700021707,58.03765562877022,14.870213629852731,658.0394720118134,134.6769033909149,69.64628461749382,59.13536239831825,638.0678272238597,75.77003930170916,76.3915535867808,2245.5483888012977,15.400786034183346,28.25747267570806,146.69591445023306,16.01773146878713,70.8344758248789,52.143314139475365,36.55972945800201,10.517776889520352,6.672150626085367,78.4206196874143,225.07083447582485,92.22191755781007,8.029887885653377,80.50385372216604,181.00768022090074,163.8332876336715,9.596928982725528,355.31487066995703,214.59052745978428,17.82286811077598,257.51759436980166,45.42546385156749,64.93921944977606,91.1708253358925
2025-05-28,162.62185950991366,116.72529581068116,258.487826719471,86.75590479236146,5.80200100507104,82.55288044223126,39.163506784229526,257.48092649275895,446.3849386392709,93.10612636484079,339.8967517931381,30.883091964000183,901.8228333866326,56.83219882132578,101.20425829254991,33.21622766340256,105.01438677460712,53.405820275023984,42.969070665309914,101.64923020695326,34.857691077710264,33.122116577533234,193.2705925350633,95.48174882361003,412.4902919274522,44.314495865503226,27.796152984411407,188.5769446839737,57.88295490885833,14.86545820496311,657.8290340610581,135.22773996071086,69.62401206085248,59.11645118552698,638.5961199118278,75.7458083969117,76.36712392461682,2254.1916030883094,15.331902147357834,29.69528073461556,146.64900178171686,15.6471286947782,70.8118232902371,52.126638951071314,36.456667732651105,10.416190780757459,6.37306409612134,78.39554113938509,224.9988578738179,93.19749645940884,7.447119306813282,80.47810896561914,182.2376536159715,158.390058933711,9.593859929645028,355.20124263328614,214.52190241102838,21.92882269633149,263.8023718391658,45.4109370003198,65.51235780529034,90.93791580531317
2025-05-29,163.92242956458105,116.67581412367362,258.78339000468804,86.85510428100987,5.808635199414563,76.42700329308452,38.974341829748674,260.7025246981339,446.7901626960986,92.43505305525063,340.2854006586169,30.00365898280278,892.1057446030003,56.89718258324186,96.0482985729967,33.25420816521308,101.88323047804039,53.46688620563483,43.22173435784852,100.20489767711763,34.37156970362239,34.481795332259935,193.4915843395536,93.76143432125869,417.4249944257684,44.36516648371752,26.190541752781396,188.79256962072355,56.30259787778997,14.882455847440427,669.4260006460391,134.76491035492134,68.98783276554782,59.184046834979874,634.1017197219173,74.96341017197219,76.45444454747243,2251.57740034989,15.436333699231612,27.922612513721184,146.81668496158068,15.508141571726068,70.89279180387852,52.18624222466154,36.544090742773506,10.382363702890595,6.293450699941256,78.48518111964873,225.25612879619464,96.0482985729967,7.225118972772737,80.57013022083962,178.3754116355653,158.4568240029272,9.60482985729967,358.429837218144,214.76719364594766,21.039151115989753,262.9893889498719,45.462861324551774,65.58726673984631,90.55982436882546
2025-05-30,163.52603002235708,116.39366701647123,258.1575963435917,78.38664050736871,5.794588675457407,74.59095946497011,40.38623075837249,260.75649039558334,446.71396098063144,92.21152529999543,339.46251768033943,30.66113062919195,927.4535748505725,53.611351918602,89.50768765042547,33.17379236776104,103.17139752389697,53.337591823698496,42.823835713109396,98.69051421271159,36.77693014679672,34.39841096612361,193.02368024820913,93.53469909202902,415.5450107222704,43.749600098168656,26.48948338386726,188.33602875336496,57.91258016750695,14.846466881801227,667.8071852044075,136.83442076926585,68.82100541068291,59.04092713418807,657.1853024336132,71.17762467490988,76.2695613261823,2256.05694209974,15.092393976333296,27.85508965643108,146.46165077337227,15.706985445088286,70.72135785007072,52.06004471414883,36.27229914991787,10.220376876397317,6.260893426139669,78.29538714240087,227.1341925289159,95.81603321622484,7.208559816268835,80.37529439012809,181.26340283797964,157.81676859002144,9.581603321622485,356.5871161298877,214.24784057466806,22.63083451202263,266.57937296105763,45.352922389013095,66.15868960167906,89.94342469601222
2025-06-02,163.68234007654456,116.8215782759249,257.79296697022505,78.27592491343175,5.786404228175688,78.41261162748314,40.32918805956123,258.4240084161996,439.72752179868326,92.08128303262257,338.9830508474576,30.617823947512303,926.1436121742299,53.535629670129396,89.3361581920904,33.12693672882352,104.06415163112811,53.26225624202661,42.65080989547738,94.40495717149626,36.7249853302052,34.718425369054124,192.7510479314744,93.40258793511937,424.412247129579,41.6438855476581,26.72453015276876,188.07001741331783,59.478314821894365,14.825497295809983,666.8639547168307,135.6843448150173,68.72380060078082,58.95753599416803,648.947494504055,72.89958082741025,76.16183595707753,2250.774558046291,15.071077035688758,27.81574630945872,146.2547840349918,15.331693092764716,70.62146892655367,51.50811007836705,36.08028133080178,10.160379077820302,5.791871821878168,78.18480043739748,226.81338152251914,95.68069983597594,7.381082558775287,80.2617699630234,182.47676325861127,152.33551854098323,9.568069983597594,356.08346201106025,213.94523063035356,23.69236376890833,266.2657189721159,45.28886458902861,65.11344930524706,90.08201180595897
2025-06-03,163.57799836080503,116.74710864220016,257.62863305083783,78.2260267735179,5.782715599672161,82.78799478218059,41.66287223385849,260.9051998907203,436.0713960477188,92.02258446407431,338.7669611146526,30.21582622647926,920.2262893008378,65.70439850651125,89.2792095437574,33.1058194756497,106.91500695804116,53.228303433202804,43.0675701477979,97.02532179161734,38.29341590019124,34.696293598032966,192.62817594026046,93.34304708132228,438.6180533421364,42.801202076313636,26.584554029047332,187.95012941387395,62.92687369092068,14.81604656444939,666.4388524781441,136.09143465488685,68.67999160303877,58.91995264547855,659.527367228053,73.10354248246972,76.1132854742709,2293.4614333849377,15.162553501502595,27.79801475275476,146.16155177124125,16.02768418176851,70.57645023221929,50.221289542732904,37.51935160732174,10.199435388398143,5.788179707976598,78.13496038612148,233.7992985753802,98.0557326290866,7.900464188454419,80.21060591696738,182.95237227939168,155.13159092978782,9.56197067662326,352.1200148267462,216.39285683794736,22.903196430197614,264.8879981260245,45.259994536016755,65.07194177905302,91.52171933339405
2025-06-04,165.34210285923086,117.65004467548188,262.5376815565909,78.4689869370604,5.800675984287933,83.26482141225907,41.79227185530283,261.7155385036997,430.4832374166439,89.95706675487577,339.81912852836393,30.291404595187327,923.5406960811182,65.90846807344478,87.92363204530922,33.20864197150903,101.06238750842127,60.2265449705827,43.194025871992615,98.63524342428292,38.43610210702704,35.831734721841606,192.5641728327396,93.63295880149813,429.34137206540606,41.10715264456016,26.39855534407258,193.2534625282612,63.48679914445739,14.862063334632206,671.6451995980634,135.1968575865534,68.89330298647747,59.102950580067606,671.0057550013703,74.40394628665388,76.34968373006018,2259.021271524162,15.712067233031883,27.88435187722664,146.61551109893122,16.168813373526994,70.79565177674249,51.612313875947756,36.745227002831825,9.774367406595415,6.618251296998465,78.37763770896136,234.52544968084865,103.90974696263817,8.352516448213553,80.45972993278696,183.61194847903536,155.3393623823879,9.59166895039737,353.21365513953594,217.0649457328492,23.007673836956616,263.6886907514616,47.7756462957888,66.40951725144447,89.75061660728967
2025-06-05,164.22608457643355,117.50513562907715,262.21431504037224,78.37233702842023,5.793531317001961,83.70694500279413,40.60033757584052,259.1122667761507,426.51337116805803,89.84626702847726,339.40057479129604,30.108115505679486,884.9961224396698,63.981571965809046,88.49961224396698,33.29501324536118,101.21196480401214,59.94252087039825,42.425071848912005,98.07946717759226,36.31221203412253,36.70635530534362,190.17836332027508,93.54910548817344,430.8781658426851,41.05652114410839,25.99972640123198,191.721301776835,64.11660052004927,14.912640568244349,670.8179371379043,134.3255348217748,69.04406800093233,59.030153733862505,667.0562492159345,74.66310576188359,76.2556441579279,2244.423155877925,15.692714748414762,27.485059988139227,146.4349254139866,17.01564709639159,70.70845308152,51.54874321426942,36.54030381825647,9.760959865914106,6.267506016589044,86.17307604580083,230.7928452596825,99.12960264272844,7.894256788091685,80.36062803468991,183.38579444368415,149.86542361990215,9.579854933625292,351.29328932587475,214.86246065416725,21.577939408130334,258.5648464942293,48.41704190438107,65.34829615437252,90.00501801925095
2025-06-06,164.51878256100903,114.24915455625627,262.6816561557444,78.51201901105931,5.803857051457819,84.54437437162964,40.98048557497315,259.57407915181426,432.9883187380038,90.00639884522667,340.00548395941865,30.435974773786672,885.2938488255186,64.0956054776757,88.65734393565486,36.78822776711452,102.05305730737592,59.86655698747829,42.50068549492733,99.62526277305547,36.376930810712,36.77177655828706,196.4628461749383,93.71583682507311,425.6923498766109,41.102276958873155,25.788318608580965,193.5083898152591,66.24165981171738,14.93921917084747,672.0135270998994,135.86463715539597,69.16712433271353,59.13536239831825,671.1676370704231,75.40444200712915,76.3915535867808,2160.908509277031,15.519605433850453,27.64372655214617,146.69591445023306,17.274472168905948,70.8344758248789,49.34283752413513,37.245681828243534,9.916826615483044,6.354538115883274,83.7217804588246,239.92322456813818,99.30628002610592,8.591079677047986,80.50385372216604,183.7126405264601,149.94059043963074,9.231331688145508,350.79060414952926,214.82725974116852,21.616397484947672,264.6353166986564,48.50333495959864,66.53870761356366,91.07942601224751
2025-06-09,165.0089379841408,114.58954026676444,263.46427098134484,78.74593207132052,5.821148645551634,84.7962597974057,40.48517278491257,264.3860229766352,431.1912639083055,90.27455743370994,341.018471833891,30.52665352706605,880.2145402667644,64.2865673127607,88.9214832470092,36.89783196589815,102.35710684328734,60.04491909978457,44.919099784571664,100.51794472200578,37.88605204925488,35.29357840216345,197.04817344272814,93.99504704616812,422.8321807535408,41.71059265710226,26.40097127168607,194.08491478835313,63.06687691758434,14.983728005522499,668.1500789951643,136.26942247945982,69.37319588616388,59.31154604207728,674.6115414584957,77.46252922033277,76.6191490849309,2160.7003712701103,16.042535637347022,27.726086281984806,147.13296970252554,17.131595075657742,71.04551496539396,49.48984602388619,37.91538764298626,9.818031670176568,6.8066186918458085,82.16070037127011,242.92982536554064,106.67369706321333,8.775266853749011,80.74370111144692,184.25998074895725,149.42476050786084,9.258834853554568,357.1526791034514,211.02809735527342,22.001191731218775,263.09758445249116,48.6478423058137,66.60264684828631,91.9466471100518
2025-06-10,165.43357382473232,114.88442626717523,260.3740636919259,79.95956068195396,5.836128854372501,81.1084049446257,40.58935777990155,265.0663969156404,429.7067969934746,86.98037908629544,341.89605257111344,30.60521115757548,880.3262394593539,64.45200308177473,89.15031478332797,38.46330591425026,102.39648913193328,58.820826248793715,45.333394605027344,100.77661872156611,39.28955381042921,36.763016405496074,197.5552594090345,94.23693494812969,423.92030180138784,42.245300666006564,26.39768404215828,194.58437507180278,63.829787234042556,15.022287298216277,669.8695038572446,137.30526640980423,69.55172164185642,59.4641790358899,705.9606707527228,79.40811543587152,76.81632165736582,2098.9140549607096,16.08381967740453,27.618216074628926,147.511603327053,17.278617710583156,71.22834428564865,49.53816460640596,38.46330591425026,10.178760167271726,6.824134920270208,82.37213363356463,243.55498368641148,106.94821234447521,9.190754101374019,80.95148785204897,182.8500528468361,150.40301097720695,9.282661642387758,361.33449749551954,211.57115941362989,22.057809843297644,266.07233123477783,48.94443987200439,65.97766601876637,93.85919630086508
2025-06-11,167.2037565601694,117.3004327409999,260.8415431359912,80.10312125955252,5.846607126415615,80.56348402541202,40.6622325130484,262.9076458342924,424.22473831254024,87.13654494507296,342.50989779946593,30.582358786419007,867.4754065578676,64.56772116114998,89.31037657674247,38.53236350243992,104.02656472988214,58.92643403001565,42.534757501215644,100.95755455298774,39.36009485630927,36.000368290212684,197.90995304299787,94.40612933460316,424.68141457968875,43.50428137372249,24.864191860138913,194.93373473609702,65.14179218145773,15.049258534963831,671.0721974697311,135.3770330590818,69.67659583134322,59.57094190221895,702.7755468965795,78.95221434490378,76.95423881714103,2095.801491575361,16.112696805082404,27.667802228155786,147.7764478408986,16.619095847527852,71.35622870822208,49.7191787128257,39.01574440659239,10.354019135535832,6.836387073013534,82.52002578031488,233.35788601417917,103.58162231838688,9.169045123328667,81.0968293503562,181.10671208912623,146.53346837307797,9.299327870361845,361.98324279532267,211.95101740171253,22.097412761255868,268.8518552619464,49.03231544308477,65.40143745576201,94.553903984152
2025-06-12,166.8730792165497,116.87537268932618,259.8963350305032,79.81285262143939,5.825420852254484,83.0099514321304,40.94078197298146,257.7863400761433,425.11811384798864,85.64653243938065,341.2687491399477,30.471537890857935,870.6059390910968,65.2350782719256,88.98674372735196,38.39273427824412,104.27273978257878,56.226780827857674,42.22925621065261,98.32943129400601,38.34686482271456,35.86991422411816,193.11040777945968,100.45410760974268,423.14250206412555,43.34663547543691,19.106004255735833,194.2273558982386,64.01220261900258,14.994724732649162,668.6404418805331,134.88646906606922,69.42410965774219,59.35507545525435,702.3026645853402,78.75969171425623,76.67538074335754,2060.9146369432597,16.054309435347005,27.567542773267284,147.2409522498968,16.237787257465254,71.09765607082244,49.5390119719279,38.80555937801019,10.549974771799459,6.375854318609239,82.22099903674145,231.6407504242925,101.00454107609744,8.899132815322048,80.80295982516571,183.0649970184854,146.0024769505986,9.265630016971699,360.8091371955415,211.18297325810744,22.017338654190176,276.179991743498,48.854637679679264,63.80441264162195,95.13325076831339
2025-06-13,166.7082037847793,116.31516479503333,258.6505980096777,79.43029307039168,5.79749840226422,79.95526339815576,40.74454431630461,247.9685930795216,420.88698052188903,86.40555321958026,339.63297726650234,30.32548149176453,855.5952671357163,64.92239301589747,88.56021181411487,38.20870994248151,103.85282570985119,55.957274209263446,40.71943759700539,93.5816671231626,40.01278277783484,35.697982287957636,193.09778142974528,99.97261024376884,414.04181502784627,42.02227599869185,19.153200370867285,188.9482601085319,62.768191363096875,14.92285190799253,657.8106454852552,136.17273806263125,69.09134550572618,59.07057427188899,699.1239735974162,78.38218018179951,76.30785974554631,2051.0362457774127,15.3496758878846,27.43540582488816,146.53519583675705,15.320459479209465,70.75687026385465,45.28439696886698,40.1301025680393,10.9632065946366,5.980096777138684,81.82689674061902,222.4504701908153,100.52040536839223,8.436045058511723,80.41565448500126,182.18752853099608,142.42673240208163,9.221217931160414,349.8128366657537,210.17072948050765,21.50095864146809,270.2455948142062,48.620467271737766,62.52898793780814,96.86843787090295
2025-06-16,164.6843549862763,116.55992680695334,259.1948764867338,79.59743824336688,5.809698078682525,82.15462142790771,40.83028306463718,255.352241537054,424.0484993281107,86.58737643312557,340.3476669716377,30.420860018298264,854.071363220494,68.70997255260751,88.74656907593778,38.28911253430924,103.21363220494054,49.862763037511435,42.040256175663316,98.35315645013723,39.47849954254346,35.77310155535224,193.50411710887465,100.18298261665142,423.78774016468435,42.11070347792057,20.069991353445936,189.34586394956543,66.33119853613907,14.954254066627831,659.1948764867337,134.1262580054895,69.23673443039513,59.19487648673376,700.5946935041171,78.54711981072735,76.46843438179037,2121.864099668344,15.20585516452353,27.630375114364135,146.84354986276304,15.352698323493254,70.90576395242452,45.37968892955169,39.11253430924062,11.070448307410796,6.026989935956085,81.99908508691675,222.91857273559012,105.71316983431497,8.798261748904606,80.58487315409138,182.57090576395242,140.3476669716377,9.240622140896615,350.86916742909426,210.61299176578225,21.546203110704482,266.1600990679323,49.40530649588289,63.252513777304436,96.9807868252516
2025-06-17,162.09117485839576,117.85126987027225,257.76949770464097,79.48108898227663,5.801205919970766,78.11118261308354,40.77060057523153,254.20746680436918,418.8977601692399,88.23542958222467,339.8501735793897,29.98812351543943,848.2779097387173,68.60953773067787,88.61684633656131,38.05865122765308,106.54577014434497,49.78987758085145,41.97880504293806,100.40197332358852,30.380048286581573,35.972959050395126,193.22126804312077,104.14763383884524,421.31097404302943,42.02448382970948,20.208294988876503,185.91976601398343,65.21834504684931,14.932395116777105,662.2524334659921,133.93020281381328,69.13552962947367,59.10835008222182,688.5163530056642,78.43230582233237,76.35665885190652,2072.6749497533347,15.183628444019934,27.24739630915403,146.62890553626897,15.943266891069655,70.8021194957062,45.313356477251965,39.877580851452585,11.412387919691698,5.938242280285036,81.87922528777636,222.592727937146,116.48090626712955,8.381143601659925,80.46708053848153,180.42937881132377,141.6042389914124,8.9987209939704,338.555643899598,192.30769230769232,21.5147085693404,267.266581399598,49.33308971313722,63.02211098624783,98.93111861995821
2025-06-18,162.38788211605345,118.06699615595826,258.2413437557203,79.62657880285558,5.8118250045762405,79.2897681973475,40.845230999129086,258.09994508511807,423.07340289218376,88.39694418881852,328.2994691561413,30.02013545670877,848.8971082452407,68.73512721947648,88.77905912502288,39.05180236827579,105.73402892183782,52.62676185246202,42.055647080358774,101.59253157605711,31.530294709866375,35.78619805967417,196.61129862970208,104.3382756727073,422.0821821229178,41.77009014120561,20.8058756130553,186.2600914139724,68.4358393253478,14.959728807270931,663.4646839391131,132.0245286472634,69.26208194437294,59.21654768442248,683.3172986168314,78.57587584946458,76.49642941542822,2088.489468927329,15.21142201613053,28.083699320821605,146.8973091707853,15.925315760571115,70.93172249679662,45.80816401244737,39.44719018854109,11.303313197876625,5.288303018423656,82.0291048874245,230.55097931539447,123.0093355299286,8.694856306058941,80.61437521272366,180.75965407914606,139.48380010982976,9.015193117334798,341.1587040087864,193.12922229658614,20.135456708768075,268.85410946366466,49.42339373970346,64.89108548416621,98.80148314871064
2025-06-19,162.20972755531176,117.93746571585298,257.9580290615286,79.53922106417991,5.805448893764856,79.20277997112989,40.80041999419312,257.81678551837626,422.6092521484732,88.2999645462636,327.9392942036935,29.987200585116106,847.965789421055,68.65971841287255,88.68166026695921,39.00895892080648,105.61802889010788,52.56902541598098,42.00950813677089,93.71000182848783,31.49570305357469,35.746937282867066,196.3955978083859,104.22380691168404,421.61911884028154,41.72426448005234,20.783049638712942,186.05574682657362,67.65405010056682,14.943316597937665,662.7368016747805,131.87968550009143,69.18609501958481,59.15158164198208,682.567636193774,78.4896708293335,76.41250574080898,2086.1982023678916,15.194733676014096,28.052888899186037,146.73614920460778,15.907844212835984,70.85390382153959,45.757908209910404,40.226732492228926,11.382336807460229,5.282501259763839,81.93911135490949,230.2980435180106,122.87438288535381,8.685317242640336,80.52593376981338,180.561343981418,139.33077345035656,9.005302614737612,340.7844212835984,192.9173416358109,20.113366246114463,272.44604978772395,49.36917169500823,64.81989394770524,99.9789674793438
2025-06-20,161.63871673350346,116.20488516223114,257.1586695110281,83.89537003281079,5.868574497780572,75.14628188869965,40.673987777659896,260.6917661860873,424.75528974321,88.63470652570179,326.92307692307696,29.89427633977397,852.7224127324098,68.44695588771418,88.40685380969741,38.50710900473934,104.2654028436019,52.4061246810062,41.3393193772358,103.9008384979949,31.375318993802406,35.63616478308422,196.54575282537368,103.9008384979949,424.7174626321546,41.59496945705546,20.605176980591935,185.4791978480735,68.61967002654484,14.542015373293953,661.2285818446957,130.5012746401351,68.97170136020951,58.96828290193219,669.0598618927726,77.92562887349618,76.17571890202049,2099.9712691965915,15.147648281830312,27.965958692972738,146.2814436748086,16.362559130449952,70.63434196135618,45.61611374407583,40.01093693036821,11.39263580021874,5.266131861036901,81.68519868756836,236.96682464454977,121.67335034633614,8.333485012631586,80.27640025284532,184.6974115931462,140.12942034269048,8.977397010572366,339.7283995625228,194.13051403572732,20.05103900838498,264.33832194307104,49.216186656944956,64.6190302588407,99.8906306963179
2025-06-23,160.75232268298208,115.56764106050305,260.659866799796,83.43530478132789,5.836392421450118,78.76954674045433,40.45093985012321,259.50600498527075,424.0448585854294,88.1486517108543,325.13029685021525,29.730342170858826,869.6505707568547,73.37412191253115,87.9220484930886,38.29594380240199,106.28733199495807,56.016315431679125,39.94017807826308,103.33106730115567,30.240199410831632,34.82347631465273,198.59415275181283,103.33106730115567,423.52141400407885,41.61386911274218,19.940177248417317,184.46206741799796,66.25878087468841,14.462269900365397,657.602537956039,130.62224933789372,68.59347449120496,58.644912757761155,665.8585960514389,77.49830047586676,75.75798665696522,2126.8978019487877,15.064581640447965,27.351008384319055,145.47926580557444,16.05619754268284,70.2469975073646,45.36596419669159,38.11783400517646,10.87740741023503,5.438477226376614,81.23725356900067,235.89394969408565,114.9707717255835,8.03308406979379,79.83618070013313,183.68456832087014,140.04078857919782,8.928166779968276,337.86539768864714,195.55857693179243,19.94108316338092,260.0729556140947,48.946295037389525,64.26467255835033,96.9358664209438
2025-06-24,160.0615969926174,117.75895647447801,261.19254120148105,75.86394311336564,6.137959340208385,80.80076090402645,40.425290447618494,263.5988948774854,427.6543180171203,88.09275782417681,324.92413605688665,30.25499343267358,861.6676373760134,78.9886312892058,85.43140496554985,40.36006999191822,104.48842791793106,55.98079623171339,42.53181745362533,103.85434122922233,32.83663209384483,34.801395211867046,197.47271162643236,103.26554644684994,439.33149146247564,41.58748231227212,19.990035117150345,184.3451024764765,70.65537388468681,14.674577652973413,657.18556094026,131.92037329023054,68.5499802820978,58.60772679922098,665.9268988631732,82.17763596241055,75.70994952606266,2178.9936138412063,15.055029389758792,27.3336654739798,145.387019339644,16.848589157117623,76.00797380818594,45.291906336337696,36.4962175729412,10.670773409281018,5.638842338874043,81.18574210788532,237.21680174034148,122.02183600649938,8.628108157072331,79.78555764067383,191.81122333439015,141.6730830200643,8.922505548258526,348.07780972587074,197.02432617674035,19.928438787988586,262.11332919572897,48.91525884324471,64.22392318492685,93.1201594275103
2025-06-25,160.28664731494922,117.9245283018868,261.55978397983944,74.8367198838897,6.146589453576785,80.91436865021771,40.48212934474641,264.7904616135817,417.91954095893055,88.21661828737301,325.38098693759076,29.889332365747464,853.183962264151,79.23621190130625,85.5515235048247,40.41681718757087,105.87445883342595,56.05950653120465,41.46271693170157,103.68287373004355,32.63334542815675,35.66355213890574,190.26669085631352,103.41074020319304,439.94920174165463,41.64595527815023,20.069847605224965,184.60429597143167,70.88805975173486,14.912916717750761,649.0180426654346,130.1709910089634,68.64636314624626,58.690130624092895,682.0396567290685,82.48095242482312,75.81639947323737,2178.8066094430337,15.076197110689604,27.372097242380264,145.5914368650218,16.872278664731496,75.33925780364149,45.355587808418,36.330279833346566,10.557873674677834,5.624092888243832,81.29989114658926,237.55033407225147,121.77975326560234,8.588080828352487,79.89773798750171,190.17597968069668,139.24165457184327,8.935050798258347,347.2115304888766,197.7957184325109,20.4100145137881,259.7060957910015,48.98403483309144,67.98802612481859,93.23793364194032
2025-06-26,160.21398132196936,117.8710671865083,261.4412057841826,74.8027926375918,6.029558436848309,86.81657448544746,40.46377676094699,266.75129204823645,414.13634650693626,89.17399582917763,325.233475383081,29.89844954211624,843.231480641944,79.20029014416538,85.51273869953646,40.12149786925379,107.72735515459244,56.03409193943241,41.44391979826622,108.10091532479713,36.536403250981785,39.191222253547465,189.509483874898,103.36385891739958,434.3095475564421,41.98023392873334,20.632422946394165,184.52060556614947,72.30936621633874,14.906155943103126,648.7238101680796,131.92492519720736,68.61524229977502,58.66352343820836,680.2411717120773,82.96309728896546,75.78202808894449,2187.1883216973433,15.314171175671808,27.359688095022214,145.52543294949677,16.86462961283888,75.82328451199677,45.33502584096473,36.856922215721056,10.49596537639228,5.490071560165069,81.26303381992928,237.4426405669145,122.85792002901442,9.037537678099357,79.86151632733872,189.86308822196028,138.09048871157856,8.931000090670052,350.893100009067,198.11406292501587,19.947411370024483,258.0528553274322,48.96182790824191,68.28044269121465,93.83987314693081
2025-06-27,160.07609729582822,117.76962449608189,261.2162031610952,74.73841554559043,3.034832631245187,84.59029759478189,40.42895265629246,269.51125605834125,414.36063974951304,91.5328178435136,324.95357159034285,29.872718213525385,846.9783138277392,79.13212845948271,85.43914436899827,40.58522444172668,108.1754740864361,55.985867645060466,42.484939187453286,105.9926620464737,34.03542258522727,39.0451601213933,193.64044027721155,103.2749014811795,448.43049327354254,41.85894800548931,20.448430603859503,184.3618026714737,70.20881460343344,14.8933273448824,668.1614349775784,130.00000044234383,68.55619036320321,58.613036191511526,670.3809394392354,83.57113738279656,75.71680824323673,2169.6788512932008,15.300991429676529,27.336141685917468,145.40019024323956,17.246455587262762,76.09729582823752,44.9336413461974,36.3273995560991,10.59926620464737,5.796530380971287,81.19309688816415,261.8109344566744,123.56751370204285,9.035647765889344,79.79278557541502,188.20491914662315,137.69986864157266,8.923313856049282,352.85591339403,201.79372197309416,20.70027630565747,263.72785361320604,48.91969017529555,67.8534221135118,94.1146903805431
2025-06-30,159.88779803646563,117.63109080215355,260.9089316919649,74.6504999321359,3.031262724517034,86.77555083020404,40.38139563828298,272.1350042980591,412.4132612088856,90.98312446274261,324.5713251594806,30.312627245170336,841.5147265077138,79.03904447360087,85.05632719540333,41.245983492943544,107.91521512916798,55.92001085825453,42.006513627250825,104.05827263267429,34.15825905985613,38.99923087363706,195.31285345880647,103.15341808804234,448.80785413744735,41.809708868352146,20.609872349677502,188.90016078841106,78.86079077924941,15.536352255190895,668.5517803013165,128.80604442835812,75.88109990371781,58.544089037687186,658.389353608673,83.47283174229742,75.62774173577964,2210.6953807175496,15.65398362213274,27.303985884269103,145.22915441342803,17.100846536050675,75.77342199199487,44.24738723250237,35.76437587657784,10.586798172193818,5.83631181287608,81.09758856263855,265.12238157716143,130.2470297089196,9.624032991933362,79.69892445136124,189.79324073655158,138.17128896529883,8.91281726462471,344.0256978690675,202.4159616341673,20.58679811696588,264.08179885083473,53.38641813328507,67.99981902909107,91.39212048421028
2025-07-01,160.2285092491839,113.34784185709104,261.4649128213411,74.80957562568008,3.5364526659412405,84.01342038447588,40.46744594636238,275.66150863143815,416.077700654017,91.17700398984402,325.2629669931084,30.60391730141458,837.3685165034458,79.20747188973522,86.1443598113892,42.12005803409503,104.66539717083786,56.03917301414581,41.821271905355964,103.91730141458106,34.806855830931774,37.631483496554225,199.78690605730867,104.55204932898077,449.76423648893723,44.1956850424771,20.617066149180637,189.30269558878535,78.88238828684655,15.569459280761896,669.9764236488937,129.08052230685527,76.0427979312602,58.66884294523032,660.3590806498231,83.65070729053319,75.78889987241283,2122.7783822996007,15.687341313021399,27.362169024301775,145.5386289445049,17.908959013420382,75.89771490750816,44.34167573449401,36.498005077983315,10.724972934882018,5.848748639825898,81.27040261153428,264.00979325353643,126.07091572304587,9.58197299319417,79.86875803175722,179.9129448725687,141.48666498061752,8.931809938338773,358.22270406862077,205.8514583616703,20.630667336747226,276.32844556186524,53.50018135654697,69.18843033783324,92.4011606819006
2025-07-02,160.0398514627298,113.21438275518521,261.15705629868216,74.72149261842225,4.158137836012328,84.68435830087854,40.419798378451624,276.6841877717145,407.5717779186668,88.08395735391099,324.8799927542795,30.567883343900007,836.4731455484105,79.11421066932343,86.04293089394076,43.92718050901186,105.07426863508739,55.97319083416357,42.34217915043927,105.0267163831118,34.77040067896788,38.93170919488299,199.55167104428946,104.42894665338284,426.13893669051714,44.429400727083994,20.303414379942513,189.0798049953016,83.09935694230595,18.114301240829633,669.1875735893487,131.78154152703559,75.95326289158024,58.599764514083866,661.359020143669,83.32578570781632,75.69966377981784,2088.4395378588897,15.668870573317633,26.831808712978894,145.36726745765782,18.120641909629448,76.03477945838239,45.87899536210205,37.13431754370075,11.004438003804003,5.524861878453039,81.1747124354678,277.42052350330584,134.77040123177247,10.353228653074336,79.77471819348055,184.49415813784984,147.17824428196607,8.513721583189929,364.27859795308393,205.6090827653745,20.695589167647856,261.767043010144,53.43718866044742,69.74005977719409,94.42079521782446
2025-07-03,160.64351408952993,113.21438275518521,261.15705629868216,74.72149261842225,4.158137836012328,86.1335024001449,40.419798378451624,277.60166651571416,409.7907798206684,88.08395735391099,324.8799927542795,30.567883343900007,832.3521420161217,79.11421066932343,86.04293089394076,43.92718050901186,106.38755547504755,55.97319083416357,43.087583641547695,106.01394801195543,36.228602481659266,38.93170919488299,203.7858889593334,104.42894665338284,426.13893669051714,44.96875283035957,19.699302599402227,189.0798049953016,80.0199257313649,18.114301240829633,669.1875735893487,131.78154152703559,75.95326289158024,58.599764514083866,657.1868490172991,83.32578570781632,75.69966377981784,2129.8310699891313,15.668870573317633,26.831808712978894,145.36726745765782,18.589801648401412,76.03477945838239,45.709627087743975,36.998460284394525,10.778009238293633,5.524861878453039,81.1747124354678,279.8270146145616,134.77040123177247,10.346436066511327,79.77471819348055,184.31301512544152,147.35033235497238,8.513721583189929,364.27859795308393,205.6090827653745,22.1900190200163,261.0542567546531,53.43718866044742,65.66479529778213,94.60193823023276
2025-07-04,161.38899354526842,113.73976342129208,262.36897712409007,75.06824385805277,4.177434017052967,86.53321201091902,40.60736978129976,278.8898999090082,412.6474173964968,88.4927182115133,326.3876251137398,30.70973612374886,836.2147406733394,79.4813466787989,86.44222020018198,44.13102820746133,106.88125568698817,56.23293903548681,43.287535121594914,106.5059144676979,36.39672429481347,39.11237499733422,204.73157415832574,104.91355777979982,428.1164695177434,45.17743403093721,19.51774340309372,189.9572454006483,80.5277525022748,18.198362147406733,672.2929936305733,132.39308462238398,76.30573026259668,58.871701546860784,660.2365787079162,83.71246587807097,76.05095430327286,2139.714726455869,15.741583257506823,26.956323930846224,146.04185623293904,18.676069153776158,76.38762511373976,45.921746376322226,36.9431305625853,10.828025477707007,5.818926366054545,81.55141037306642,281.1255749189604,135.39581437670608,10.282074613284804,80.14491934251308,185.1683348498635,148.03412370621018,8.553230209281164,365.9690627843494,206.5632286453594,22.29299363057325,262.2657005303116,53.68516833484986,65.96951818769904,95.04094631483166
2025-07-07,159.50334288443173,113.70355209896758,269.15904852867607,75.04434438531861,3.7749579296857236,85.73247828262156,40.59444161518028,279.2545692838382,404.889688011666,88.4645447896058,326.2837131031974,30.222404147905582,841.4062855323601,79.45604220675854,90.96284167917406,44.207941056078596,106.51748760631283,60.126438349934055,42.25633450927679,105.51689634784192,36.15772956747169,39.099922792623204,200.11825169418293,103.21008001532157,446.62755264474464,44.0510295989889,19.198161884366332,189.89676872271116,79.54518401498613,18.192568335834814,666.0754081957521,131.98708327648157,76.28143681138287,58.85295856642562,654.4776458816574,83.68581434484014,76.02674196506743,2122.163096375131,15.736571610497114,26.947741847455315,145.99536089507438,18.177560077670186,76.7726383772229,45.90712627241382,36.64165255143665,10.860053612557278,5.503251921590031,81.52544685495975,280.620366580252,130.8500477554919,9.824896724085185,80.11940360887968,190.16237311394235,145.08573247828264,8.550507117842361,355.6647109655706,201.93750852776643,22.285896211397645,257.02141641936146,53.6680765907127,69.72301814708692,94.10105971710557
2025-07-08,164.33103574200027,113.84488976126352,270.1419637558771,75.31839138175013,3.788743324051673,87.91710412197014,40.74268442931341,272.8808143515771,406.0346008125257,88.7875996845329,327.47523622586385,30.33277034737755,836.9470945359931,79.42666727530013,91.29501985666681,46.28657506733008,106.90646825215684,58.99484294581926,43.251472577971654,105.26315789473684,35.14858264481673,39.242707921733064,201.48810882366368,103.58698266749784,448.2585474962341,44.211895183866744,19.354544209613366,190.59023389356142,77.69206189802347,17.893823891906695,665.6881576094399,131.8482632192336,76.56000142291848,59.06787784726343,662.1171315104762,84.76742593691515,76.30437648176097,2098.416031405487,15.79403843520336,26.45958024439962,146.52850686995023,18.441594011046696,77.0529967590268,44.734559729766744,38.8003834390834,11.115168667549185,5.696809378361155,81.82316154653763,281.6451362578171,123.9329894554252,9.858948999294247,80.41198371061476,190.32729264618615,145.6155566713836,8.581731866526681,364.2671292281006,202.67494408180033,25.04359359486979,260.64772746724793,53.86406171543342,69.45268635595929,96.83252196073173
2025-07-09,161.45563123423526,114.37743636780554,271.4056409080486,85.34739738592066,4.036688678884036,90.25406971953107,41.27493694106856,272.30588776943364,408.39257051135064,87.84452883154667,329.00710846136207,30.474661774822287,834.4416418252695,83.55881678514102,91.72208209126347,49.529924329282274,108.34670947030497,59.270810567028775,43.19376413003755,108.18619582664526,36.597110754414125,39.89864665142743,202.24719101123597,104.07154456761637,457.46388443017656,44.41871074491946,19.766108690667277,191.48178188058932,80.52923372649622,17.97752808988764,657.1061772672552,132.79523493034856,76.9181358024249,59.34418711304747,672.8644609177941,85.07223113964687,76.66131509222369,2102.1049501261177,15.86792020178858,26.58335356175476,147.21394175647788,18.659940604577507,74.91401054803944,44.943820224719104,38.52373353660284,11.167163494611328,5.758770910104298,82.20591607429489,282.9626232515478,124.51272643889017,10.415959418353015,80.7881369937371,189.30795062055722,144.44897780038983,8.621875716578767,356.08346261608574,203.62302224260492,25.452877780325615,258.19810894863565,54.11602843384545,69.70878238936024,97.05113282145723
2025-07-10,167.18549716169198,114.44790331441128,245.05585057681742,84.69144845266435,4.029481626216188,90.64273942501373,42.00581451231602,271.47087372390587,406.4273942501373,87.68769232612502,328.41970335103457,30.4431422816334,827.4583409631936,83.40963193554293,91.55832265152902,51.959348104742716,104.28492950009155,59.164989215073355,48.79966949591421,109.22907892327412,36.66910822193737,40.36074046184021,202.11499725325032,120.53836472543948,455.7887749496429,44.33940614324156,19.717542183440674,194.84219064731732,83.83674949893278,17.945431239699687,638.437569741691,134.30736397151392,79.18261486277696,59.238234755539274,677.852041750595,84.92034425929316,76.52444495449265,2058.68888481963,15.473356528108404,26.535891980134704,146.95110785570407,19.680919413207715,77.32100347921626,45.721937374107306,38.912287126899834,10.986541178042668,5.79106390770921,82.05914667643289,285.08561418467315,121.31477751327596,10.67249610340654,80.64389888062797,183.11664530305805,148.09558688884817,8.606482329243727,365.8643078834577,203.25947628639443,25.25819402281519,255.21699143643562,54.01941036440212,70.17487751391972,97.90743185342656
2025-07-11,164.09828125,112.77714285714286,244.70857142857142,84.57142857142857,4.023771275111607,93.16571428571429,41.94628627232143,271.0861607142857,405.4870982142857,87.56342633928571,327.95428571428573,30.4,827.0583035714286,83.29142857142857,91.42857142857143,51.885714285714286,103.37142857142857,59.08114397321429,47.94971540178572,109.07428571428571,35.42857142857143,39.26811383928571,201.82857142857142,120.36754464285714,464.0,45.53142857142857,20.02285714285714,194.56607142857143,83.88571428571429,17.92,640.8356696428572,134.11703125,79.07040178571428,59.15428571428571,676.5714285714286,86.80594308035714,76.41599888392857,2034.2857142857142,15.451428571428572,24.914285714285715,146.74285714285713,19.474285714285713,76.40685825892857,45.65714285714286,39.497142857142855,10.971428571428572,5.483428431919643,81.94285714285714,292.57142857142856,119.86422991071429,10.570057198660715,80.52961495535715,182.85714285714286,146.14857142857142,8.594285714285714,370.74285714285713,202.97142857142856,24.64,258.4301785714286,53.94285714285714,70.0754296875,98.28571428571429
2025-07-14,167.16167346143953,113.46901440658587,244.82048936656759,78.2071804253373,4.025611554679461,92.79670706608736,41.96547048740138,271.21014249371143,408.27851660759205,87.60347364152184,328.1042762405671,30.208095129201922,839.4694717585182,83.32952206723074,91.4703864623828,51.90944431740225,101.76080493940087,59.10816484857364,49.85136062199863,107.66064486622457,35.44477475417334,38.96638463297508,201.92087811571005,128.54561638892065,464.2122112965928,45.826663617653786,20.300022197647497,194.65505659730164,85.26183398124857,19.437457123256348,641.1287570746628,133.77544020123486,79.10656478675966,59.181340041161675,684.6558426709354,86.8456439461611,76.45094788867769,2052.1381202835582,15.458495312142695,25.5488223187743,146.80997027212442,19.940086450234393,78.40704299644123,44.82048936656758,38.64623828035674,10.975989274784546,5.506517334821812,81.9803338669106,292.705236679625,119.91905004787904,10.679167619483193,80.56644533036531,182.9407729247656,140.53327279970844,8.598216327463984,365.92728104276244,195.97530299565517,24.239652412531445,257.4891378916076,53.96752801280586,70.43219757603477,97.3990342013492
2025-07-15,160.31825872239244,113.44826009419727,244.7757099090036,78.19287576020851,4.024875240891966,92.72303304977937,41.95779469600948,268.4622067767159,404.8648879406923,87.58745032566075,328.04426356943617,30.042525949974852,833.7953052837349,83.31428048836253,91.453655859893,51.89994970048928,102.6567287027299,60.35941286752938,48.323656274292375,108.3725821939732,34.56948191503955,37.60665704468226,201.88394531071378,124.83424024875394,481.82358589784627,45.818281585806396,19.98262380538662,194.61945276418675,86.2407974758791,18.80287220298282,641.01148993724,133.8332822181227,79.09209561765513,59.17051534135077,665.2206301585578,86.82975924289234,76.43696445132093,2057.7072568475924,15.455667840321917,25.452924453921646,146.78311765512828,19.65339008610219,78.39270177498686,44.81229137134757,36.75156480420344,10.791988408561705,5.6271433334214525,81.9653390644291,292.19443047235814,127.57784992455073,10.471443595957748,80.55170913843511,184.73638483698386,140.50756823657346,8.550916822899996,362.65031801579863,195.93945767982075,25.88138460834972,251.58900727056565,53.95765695733687,67.21889477185171,97.35333209251681
2025-07-16,162.47883198315714,113.23172685248753,248.5239599066319,78.64524446377695,4.028559505838547,92.80790927573916,41.996201757839316,267.38065815369123,404.5951759805941,87.66762557425398,328.34454666117443,29.575724848140933,815.5293148427845,83.39054418966543,91.53737013135613,51.9474575495446,101.26321570781272,60.41466428669504,47.874044578699255,105.26797565105954,33.41114009794499,37.64108118953528,202.06874456496865,124.9485102293011,481.24994636482216,45.31099821502128,20.27552748409538,194.79760229301112,88.79124902741545,18.82008385770659,643.0500251727768,140.925904521517,79.1644944419653,59.224678474987414,677.3637112253421,86.90924092099466,76.50693283838791,2053.6408988969747,15.469815552199185,25.476223391588288,146.9174790608266,20.183990113964025,78.4644603925666,44.8533113643645,36.75225410773948,10.572566250171633,5.492242207881367,82.04036798022793,292.00421071902605,127.6946313332418,10.750148971706372,80.62544405457629,180.9236120646254,144.1260474056307,8.558744107281798,360.65723831754315,196.1188155064305,29.29195844203396,250.9954689001785,54.00704837750011,68.10380337772895,96.75500022884343
2025-07-17,162.60534994503482,103.83840234518138,248.717478930011,78.70648343207505,4.031696438396226,96.07915434482639,42.02890308753349,271.1620449626695,406.2348809946409,88.95199706852327,328.60021986075486,29.91022352510077,818.0652253572737,84.73799926713082,91.60864785635763,51.98790765848296,101.14739831440087,59.197509363047935,48.11286297242866,105.57896665445217,33.34554781971418,37.67039130222408,195.85928911689263,127.97728105533162,489.19017955294976,45.80478241872595,20.11405299023509,194.94928602510078,91.19640894100402,19.07750091608648,646.7112495419567,140.1612312202272,79.22613773646482,59.27079516306339,654.858917314607,86.97691484439412,76.56650676007409,2046.903627702455,15.48186148772444,25.4960610517961,147.031879809454,20.2826125668099,77.36350311469403,46.033345547819714,37.215554701098156,10.562477377405441,5.404910223525101,82.10425064126053,297.7281055331623,122.75558812751923,11.451080982044704,80.68822495183389,182.16379626236716,144.23827454038224,8.565408574569439,361.85415903261264,195.12641993404176,31.655367148494754,246.94119708884892,54.049102235251006,68.35654018649517,95.86432356675407
2025-07-18,162.8888684959163,106.28108832993026,249.15114251628887,88.55648343580802,4.038726100902377,96.17325869505368,42.102184647473216,264.5241827595898,406.5343565029366,88.50417478900442,329.1731669266771,29.641185647425896,820.4092869597137,80.29778883021129,91.76837661741763,52.078553730384506,102.00055061025971,59.30072609039472,47.31806919335597,112.8751032394237,33.95429934844452,38.45094980269799,193.17243277966412,128.20042213453243,495.7786546755988,45.65476736716527,19.913737725979626,195.28919943562448,95.58639813423419,19.110764430577223,646.0493713866201,141.23153161420575,79.36427636333394,59.37413967146921,665.584564559053,87.1285677196849,77.48646371636116,2074.194732495182,15.50885564834358,25.540515962320477,147.2882444709553,20.29916462771792,77.4983940534092,46.11360925025236,37.441497659906396,10.265210664435308,5.414334220427641,82.24740754336055,300.6332017986602,122.96962466733963,11.838120583646875,80.82891287273733,186.2898045333578,146.4669219811072,8.580343213728549,354.7728696831697,195.46664219509955,31.602734697623198,242.61448284218133,54.14334220427641,69.16261154697106,92.73194457190053
2025-07-21,160.80124965542592,107.60957366850823,249.47165303684648,88.67040338142057,4.043921558534706,96.29697693650648,42.15634531870952,263.0712931004778,407.92472886325004,88.61802744425079,329.59661857943587,30.011025025412344,812.7961183726915,84.28052702250643,87.24616374161538,57.42901773408068,102.4303960305063,59.3770111372812,48.04235695149546,111.1825783331802,34.29201619103476,38.50041348892769,194.75788374787516,128.36534043921714,489.52494716530373,45.713498116328225,20.766332812643576,195.54042141413214,90.55086160575841,18.377285674905817,646.8804557566848,141.32132684002573,79.46637136187174,59.45051915832032,654.0099093770101,87.240650780245,76.68427755910882,2042.635841162823,15.528806395295415,25.314711017182763,147.47771754111918,20.01791746095186,78.12459620221907,46.172930258200864,36.97509821708025,10.452081227602683,5.375356059909952,82.35321143067169,301.0199393549573,125.88440687310485,12.002204825616788,80.93289199432314,184.76936237279475,144.03197647707435,8.59138105301847,348.94055127549854,195.71809243774695,31.643388771478456,241.43203921827623,54.21299274097216,69.64991270789305,93.78158595975376
2025-07-22,160.38124914081473,107.32850572646977,248.820052238464,88.43880309764927,4.033359145995803,93.29606378591394,42.046236182332,259.35939146771756,408.7590894640975,88.38656396240492,328.73573752463,30.243321266553636,804.6556385464876,78.58681207899922,87.01828346240205,56.50918531695344,100.89985336571507,57.81973371342735,47.19791046143976,106.85973514182284,36.423039240780945,39.36214086055996,196.58158823259862,138.47775282958347,470.3574371792375,41.882417632772764,20.83352398370913,195.02968485084543,87.42152998341773,18.329285616093113,645.1908536864776,142.9684278055263,79.25881130286854,59.29523896806122,660.4041607478348,84.40636026210878,76.48398411545445,2037.300633219539,15.48824634559868,25.248590936168263,147.09251706914722,20.175960582549088,76.38729780506804,46.05233011043394,37.25610493641313,10.424781194152958,5.575310368370312,82.13811116711726,300.2336983916052,124.91408147367456,12.121614754126236,80.72150149605633,182.1472758099253,149.38367777115886,8.56894102552353,366.23013492072585,199.51427393117353,29.097740915547817,244.07643222603446,54.07139256747468,70.10951748155615,92.77871790943041
2025-07-23,160.0365797896662,105.39551897576588,248.28532235939642,100.5944215820759,4.024691204529785,93.09556470050296,41.95587618687843,261.6369455875629,409.0022808784865,90.85505258344764,328.029263831733,30.338363054412437,797.9702503429355,78.41792409693645,86.83127572016461,57.37951598758287,97.599451303155,57.69547548368198,47.69090077732053,108.27617741197987,30.831731962841506,37.98948409189958,198.03383630544124,138.18015546410606,525.8344764517603,45.038866026520346,20.2103337905807,194.6105538408779,86.12894442836934,18.335619570187472,657.5217192501143,142.66117969821673,79.08847915237769,59.16780978509373,676.1289634059214,84.22496570644718,76.31961524241255,2030.6355738454504,15.454961133973478,25.194330132601735,146.77640603566527,20.580704440032722,76.22313671696388,45.95336076817558,37.6771833561957,10.731595653783364,5.582990328034801,81.96159122085048,299.5884773662551,123.68541380887059,12.071330589849108,80.54802593271319,180.70416095107453,149.33699131229994,8.550525834476451,397.6190986511202,199.08550525834477,27.92409749460591,247.4723463577389,58.74805424275549,70.87334247828075,93.00411522633745
2025-07-24,160.33716615511474,106.64712080260205,248.75166063493518,100.78336158321498,3.573228274313986,96.88945897659077,44.665353428924824,262.1283613541619,409.12318475422603,91.02569975720371,328.6453799990838,30.235008474964495,794.4151845022676,78.56521141600622,86.99436529387512,57.487288224308834,97.78276604516927,56.80516743781208,46.741949566624385,109.3041366988868,30.23317705678942,37.863852182732835,202.02482935544458,138.43969032021622,532.6400659672912,44.57785637708868,20.055888395848125,191.31498665765724,86.83402812772,18.370058179486005,662.139348744789,144.07439644509597,79.23702593167346,59.278940858491,682.853085345183,84.38316001649181,76.46296144356418,2036.05295707545,16.033716615511477,25.424893490311053,147.05208667369095,20.619359847153586,80.03115122085299,42.3106864989664,37.702139355902695,10.751752116370067,5.497274268175363,82.11553438086948,297.7690228594988,123.91772412845297,12.50629896009895,80.6993140844032,181.04356589857528,148.93856482846786,8.566585734573273,404.97642900499335,209.5835814741857,27.976545522334106,236.84456814902194,58.794266523675496,71.00645929726511,93.22460946447386
2025-07-25,160.50628267449326,107.49839986342634,258.40915881810054,103.18261029074566,3.4394203430248553,98.13812712097588,44.71246445932312,265.06466110244884,410.89653148789324,90.11281298725122,328.9920205448042,28.615977253966797,798.5416857745574,78.64807851050169,87.08612308538933,57.547923261874594,99.67589061281872,56.86508300467761,46.347792953523395,112.07924424470329,30.146289788002726,37.90378929179469,202.2379161698615,138.58571035494816,533.2018710446666,44.94175914885811,19.907822863045148,191.51677720581492,89.24149316701825,17.655691094194257,662.837743912226,143.1844459917855,76.82339996195141,59.341465651655504,690.8896651867605,84.47216362469045,76.54361117818776,2006.3285334311656,16.050628267449326,25.818582041639914,147.2071906814638,20.232963964369038,80.11556452352563,42.355313931300444,38.0170595249014,10.726405296546105,5.594790424653765,82.20214619829405,298.0830963954875,127.02925800238467,12.519490048610473,80.78443213557908,187.7006328533431,149.31670182518573,8.57562138860864,409.2910208199578,207.0531046500963,27.973952123268823,239.86976509475602,58.85628010388482,71.68256376004597,94.24011739888104
2025-07-28,162.75135453183714,107.41958149674068,261.387590504995,103.10695628265054,3.436898542755018,101.30006728802928,44.67968105581524,266.3032728224384,414.2333603989094,91.32985060947668,328.75080194299335,28.91577307304555,802.4466242496105,90.96324809824948,87.02227110255706,57.50572883550717,101.17083677023189,56.8233892402163,47.21519366028263,114.5632847585006,29.786454037210156,37.87599804311589,202.08963431399505,138.48409861607553,557.1441664375401,45.71533203125,19.854275949300018,187.79759603267345,91.54981435377715,17.32196865548529,687.8379616900376,142.28759967005774,79.60342576442352,59.29795619099991,692.1913665108606,84.41022821006324,76.48748901803513,2027.1350300155807,16.038859866190084,25.914215012372836,147.09925762991477,20.433507189830646,82.02731188708643,42.32425880239838,39.14214889306806,10.631472825588856,5.42892499407493,82.14187517184493,301.1639629731464,127.99010173219688,12.510310695628265,80.72520058420115,188.800293282009,148.61149298872698,8.569333699935845,417.56026028778297,204.54862781825682,28.64082118962515,242.59876429176978,58.81312638370967,71.36376357932934,95.7749060581065
2025-07-29,163.24508450973295,107.7454544687385,262.1805478948336,103.41974627688913,3.309431880860452,102.50045964331679,45.96892698960919,268.93133467491725,411.4147929019581,91.60691303548447,329.7481154624012,28.268063982349695,806.2143776429491,94.22687994116565,87.28626585769443,52.858981430410005,98.1913035484464,57.11417768912886,47.43519029233315,115.32450818165104,28.95798904971617,37.06839593549624,204.5412759698474,138.90421033278176,548.0772994375114,45.04504504504504,19.511858797573083,188.36730743817796,89.62814631236785,17.374517374517374,689.4502522292701,144.78764478764478,80.2529880855425,59.47784519213091,660.8154162213872,84.66629895201324,76.71952497479144,2052.7670527670525,16.087516087516086,26.245633388490532,147.54550468836183,20.31623460194889,82.27615370472513,42.45265561619496,39.25813456453105,10.961573622335864,5.377826806398235,82.39106453392168,282.05599173791137,125.02482253458815,11.674940246368818,78.96586897005423,188.6835815407244,149.0623276337562,8.595330023901452,417.8617392903107,205.16915592250413,28.03824232395661,226.2341512829794,59.37672590679008,71.06407180957265,96.75537827567682
2025-07-30,165.5474542174961,111.63638040771147,263.0753620514713,103.7727146942164,3.320726870214925,102.85029056360115,46.12581752540991,264.73572548657876,413.91476801033116,92.51914030071028,330.8735356516927,28.272299603357627,804.9801714844111,101.32829074808598,87.58417120191865,53.039387510377274,100.3136242044092,57.30910662322145,47.038096341795615,115.5797435660917,28.825754081726778,33.67447674950708,195.32330965778067,139.37828613596534,567.6842668313578,45.19878240014759,19.48159735709272,189.01019927243797,92.08283548853889,17.433816068628357,702.4259754635182,145.28180057190298,80.5268890687696,59.68084125080713,662.7617378470621,87.16908034314179,76.98136635695796,2073.6094456230976,16.142422285766997,26.625771967206383,148.04907296374873,20.339452080066415,84.1712019186422,43.953509823816994,38.741813485840794,11.16133198044461,6.31860529471451,82.6722627063924,288.7187528825754,129.13891662366825,11.653445169677397,74.36002997518104,189.3275528087815,149.57107277926391,8.624665621252653,414.1684346462504,209.48436671259572,28.157458249498433,230.84033198620978,62.528364091614016,71.58011253574394,97.22350336684808
2025-07-31,164.92170851477812,109.79338460113037,264.24534420457707,104.23422588714908,3.335495228388771,107.47706847030483,46.33095411775862,262.53127026776616,413.7867136106736,91.95775039377375,235.19873992402484,28.814972667469657,822.292226443065,98.43278141069443,87.97368664875383,50.47576884504135,100.29648846474568,66.94153618085797,46.455111150601084,116.74233299360698,28.01445245543987,35.21402783669103,194.57055498934497,133.18817752246827,581.0386271049523,45.39979616418049,19.59603446678403,186.76850555626334,89.96571852126378,18.623645407468963,705.5498934494581,144.51403597094182,80.88501847443077,59.94626146576485,645.2886220380108,82.92411748355416,77.32372766383594,2066.801109515427,16.214212915778745,26.174372278328548,148.70749559899937,22.24497325469199,85.9144838704774,44.1489854535347,38.589826739553416,11.21097007319559,6.207727230612434,83.03993329009543,277.77263040859816,140.83202075419254,11.702029375684038,74.69073334206779,198.849722838298,145.69628462892618,9.496896136384695,407.90327063837674,209.27916242008712,28.282683673011444,216.75206423578942,62.806448171702726,70.60131566756232,97.64662507310874
2025-08-01,171.4351638209506,111.21365943700968,259.35762737223115,113.01384447464812,3.3225657591139823,101.5228426395939,46.151360202396745,255.47947551338254,412.0959906408629,91.60129210890632,234.28703276419012,28.33410244577757,832.1960984367789,92.2754954015488,87.63267189663128,49.04337884315874,98.06183664051683,64.14591565239962,44.44116188404909,110.29072450392246,27.447163327036222,35.00230733733272,193.81633594831564,124.59621596677434,571.7581910475311,45.68527918781726,19.42870276943571,186.04452980791416,87.21735117674203,17.16658975542224,702.814951545916,145.91601292108905,80.57148171615424,59.71389017074296,667.6972773419474,82.60267651130594,77.02399563228252,2079.531574469312,16.1513613290263,25.756114894583522,148.13105676049838,22.158744470502132,81.03137753446585,40.86109930653697,37.840332256575905,11.075219197046607,5.768343331795108,82.71804337794185,269.95846792801103,162.48592839683317,9.728657467661224,76.02722139803011,177.20350715274571,144.6714365157764,9.229349330872173,400.5537609598523,208.4679280110752,28.011075219197043,205.35302261190586,62.562989858531374,68.3894785417628,95.20120026606483
2025-08-04,169.55763582966225,112.2889133627019,262.3095631424376,119.30983847283406,3.303964757709251,103.38656387665198,46.875,260.11243195610774,396.62674555169326,92.37380734974417,232.9754038179148,28.244309838472834,828.9280469897209,91.7589016772927,87.1420704845815,48.768815140016976,98.78625183553596,63.325991189427306,45.62086925982729,112.88546255506607,27.396752445708284,35.11105059877191,186.21512481644638,130.91960352422907,574.9816446402349,45.98017621145374,19.57140234948605,185.0029809534462,92.34260077343463,17.070484581497794,681.1761393946173,147.78359030837004,80.12041156337474,59.379588839941256,654.2501799685664,82.14023494860498,76.59278567141898,2082.645007342144,16.749265785609396,26.171072289106952,147.30176211453744,21.875000560161123,83.89776288675316,40.40014796320037,37.18796000431637,10.958149919775963,6.003120747256734,82.25495594713655,273.0359765051395,174.51587962684127,9.871971589703216,76.16969597322125,181.7180616740088,148.6784140969163,9.177679882525696,405.88289280469894,207.30084434654918,29.552129221732745,209.04460352422905,66.72173274596182,67.22650513950073,93.10756240822319
2025-08-05,169.39439783615276,112.18080960894879,262.0570302113419,116.41498681620479,3.300783936184844,101.85256319339385,46.82987209462247,256.59010681703575,399.70752819419613,89.6254527116857,232.7511117223674,27.964975014899373,813.6432402695641,94.34740750928346,87.05817631687526,50.680786686838125,94.77008988690804,60.101774171365705,45.03048640718838,112.0432769449411,27.506532801540367,34.315317449743276,190.25351854398755,134.4611011781965,574.4280933388346,45.33993490120571,19.55256039976161,184.82487328370698,90.58588691018545,17.299774691769244,659.1725243404163,146.18163077565558,80.04327734786882,59.32242240865539,659.0106817035713,82.0611561912621,76.51904760241887,2116.180717920506,16.733140787603723,26.145876648063943,147.15995048824095,22.29817148711491,82.88726995512997,40.36125358337058,36.812909732728194,10.947600194918527,6.088112733313062,82.17576674460184,272.7731169486086,174.34786818998418,9.581442259203229,76.09636522479428,181.54311649016643,147.84761380827948,9.627286480539128,400.7366951473892,210.30257544239674,29.477834318984094,215.18726827178747,66.65749782239949,66.47412093705589,91.80075877558681
2025-08-06,167.47974963181147,112.61966126656847,263.0821980854197,148.6561119293078,3.0835787923416786,118.912462282251,46.48379970544919,252.78442562592045,401.37195165799886,88.090483675298,225.33136966126656,27.614138438880705,830.7014206898932,100.10125184094255,88.84849042709867,50.8790500736377,95.49889543446244,60.87076470848386,45.206645802650954,109.7662002945508,25.781479780733672,34.37960235640648,190.99779086892488,134.98711340206185,567.0148936568022,45.103092783505154,19.6290500736377,185.54790873239597,90.4363033873343,17.67304860088365,664.810382916053,146.7534937458291,80.35640688462179,59.55449189985272,635.861561119293,82.1520618556701,76.81839034202699,1987.3674305619477,16.79860088365243,26.248159394524055,147.73564064801178,21.21686303387334,82.7963917525773,39.902430044182616,36.88972652924078,11.093980258273094,6.006075110456553,82.4972385861561,273.840206185567,181.50819489109674,9.99953996099323,76.39405442969613,179.82464932201535,145.6185567010309,9.664948453608247,384.06619267189797,211.12527973697533,26.288199670536,211.02309753687638,64.80117820324006,66.96428571428571,92.15988361431677
2025-08-07,169.73321067157315,113.36936073338317,253.5832521777254,148.5740570377185,3.081876724931003,116.95078241792204,46.45814167433303,252.20791168353267,396.83717729415827,88.50045998160074,225.2069917203312,27.276908923643056,837.902483900644,100.1379944802208,64.1306325286051,50.85096596136155,91.85924652857636,61.13155473781049,45.18169273229071,112.92548298068078,27.223091862458315,35.004599816007364,195.5381784728611,133.62465501379947,561.6375344986201,45.446182152713895,19.674333082829033,185.44549038350968,94.89420423183073,17.617295308187675,654.1398344066238,146.18215271389147,80.31205192222,95.21619135234592,553.9654995831418,84.82060717571298,76.77598828664041,2002.5175008624656,16.789328426862927,25.75667029471165,147.65409383624657,20.92778294483455,82.7506899724011,39.57221654981457,37.948021629916056,11.200551977920885,6.007359986362265,78.65685372585097,268.1692732290709,180.30082751768055,9.97746107001423,76.3518865983642,176.44894204231832,145.5381784728611,9.659613615455383,390.754369825207,207.61269549218034,28.380864765409385,209.06163753449863,63.84544618215272,66.05335786568537,91.17295195887478
2025-08-08,170.59338835354328,113.80100421728757,254.17953351209138,151.0904144958274,3.089123518834432,118.95430863571396,47.16676656369588,252.80095901148047,398.8049097468763,88.80077458619577,220.94149107842685,27.146939832511585,841.0715109041449,102.81709622389229,63.39619161787081,50.97053806076813,90.59892111208447,59.88870051134792,45.287933975748075,117.43280003688506,27.806721175984947,35.836138134538245,195.99797132186822,133.93886301811978,554.1979805431324,45.87578957075015,19.22818057747807,185.88155105986905,98.79985786285675,16.695099179469576,655.6779934529023,148.8418083115289,80.50089947849428,95.44008483563097,537.0620980105123,87.37147862972013,76.95652106374487,2007.8380746000278,16.82880722947116,25.817235105677128,148.00129097699295,20.655631887131726,82.94527179676334,39.665267545436336,37.8786475998418,10.346258190625864,6.685416570611831,78.84180921204297,259.5785882244456,185.67015537830235,9.607635431915371,76.53142213326744,166.9048826594126,146.61810134169394,9.682327447092996,393.74798284844854,210.84420674074414,28.77034441421919,214.48246374890496,63.99557379316704,66.71584674258841,91.52104753561713
2025-08-11,170.54620880387185,113.76953125,254.10923725944917,151.04862871629408,3.0882691864484904,118.92141046324038,47.153722055773216,256.1719245145771,399.4205894215257,88.40746715833141,220.88038718598756,26.84443487662768,849.9262682933855,104.17146808020281,66.23646001382807,47.266649051480755,91.89905508181609,58.53883383268034,46.241989891824154,119.05969117308135,28.07098409771837,35.7686102788661,192.53284166858722,136.71352846277944,561.8806176538372,45.63263424752247,19.290159022816315,185.83014339421524,99.31689014245794,16.69048195913877,609.1191446761927,149.50449412306983,80.47863603544883,95.41368979027426,547.485154629523,87.57778289928555,76.93523785902569,1993.546900207421,16.824153030652223,25.81009505448404,147.9603595298456,20.327264346623647,82.92233233463932,39.654297662731906,37.842820926480755,10.34339681477227,7.144503341783821,78.820004609357,257.34040101405856,185.61880617653836,9.585157729810657,76.51025649451198,164.912654035348,143.81193823461626,9.679649688868404,398.01797649227933,210.78589536759623,28.578013367135284,217.93039870938003,63.97787508642544,66.51302143351002,91.31136206499193
2025-08-12,170.77448536878057,113.92181207739084,254.44936316550124,163.94350595402935,3.092402843164405,119.08058709498754,47.79377827010062,259.8536986234192,403.96197887819625,87.55654020123696,225.57462405093233,27.52977116092755,848.8876580817871,104.31090187390382,66.57897166066648,47.32991558995084,93.4413366565125,58.617188221176036,49.73691385516189,121.6191267423613,28.6651895854608,36.231884057971016,192.7905474014585,136.89651989291977,562.8173174559217,46.37219663099009,19.160897934479713,179.44751740558362,98.54149358441798,18.66242021313997,609.934452310071,150.83541032031755,79.94092125911567,103.01855441705898,545.5026470766408,90.27970091387427,77.03821588440702,2015.3051584279515,16.846672205298624,25.844641936999505,148.15840487399612,20.838640738224637,82.66408197175298,42.693621342195144,37.84085596564029,10.525246620794462,6.984215236971234,78.92550540016616,257.6848518415951,196.93990133590648,9.680605810632514,76.6126656811796,165.4204744761377,145.15831256346348,9.692605926336196,408.43809316728976,216.42204375519248,30.826179492421883,224.4106008550263,64.06350964645065,68.16901833157367,91.29511677282377
2025-08-13,170.3499079189687,113.63858105288905,253.81675425155387,165.5156537753223,3.0847145488029466,117.63351749539595,46.39456733155646,260.47192427773945,409.5552504172422,88.16758747697975,225.01380316240792,28.271178075182725,840.1933701657459,102.67034990791898,71.44198760143301,51.710406280573785,92.31123388581953,59.48434622467772,50.644567219152854,117.77163904235728,29.46593001841621,36.141804788213626,197.55571621777165,136.55616942909762,532.182320441989,47.43554552615677,19.348065848728133,181.44843732015426,93.01657211275611,18.61602193084211,613.6201693427716,149.51473116655157,80.93720325448895,108.60957642725599,565.8802910623849,91.71731010984979,76.84668440845131,1997.0303867403316,17.009669070305307,25.780387302349506,147.79005524861878,21.298342822445473,83.54834456470131,42.58747697974218,38.144567219152854,10.405156537753223,7.470073664825047,78.72928176795581,257.04419889502765,202.69658490878223,9.99447522242425,76.42219220296674,167.4033149171271,145.02762430939228,9.668508287292818,416.6666666666667,216.75874769797423,31.99815837937385,233.20487849620167,65.37753222836096,66.9889502762431,92.26197300694925
2025-08-14,176.09552646177426,110.48542264777875,256.21082490735233,164.47819920391638,3.065379512284394,117.31207795628976,46.10376549578653,258.83928239522805,412.2043191969392,89.35993112725615,223.6034133086654,28.0939739119261,842.7281770428239,99.05293498650319,71.78478290707783,51.38628468747141,90.97085490167623,59.24875325982523,50.66477581016665,117.03344466303702,27.405407878482865,36.41121960266591,197.87711030791053,135.7002333348584,528.8465937685868,48.33096926006257,19.672873232116714,180.74698787859725,95.69977402834333,18.49933642942264,610.6510500068628,150.9493548441289,81.90314235356522,107.92880999222217,587.774189904836,92.6019124308002,76.36500825143261,1984.512970673011,16.903052212427657,27.565539644049963,146.86370499153588,20.67987372466487,83.02466230248032,38.202864071007,38.34011987006451,10.339936862332435,7.321681785208257,75.07892208445807,269.1677812743057,206.24971405041865,10.446081682034075,79.35256144699066,167.90959418035413,144.1185890103857,9.868234544603846,417.48638879992683,215.40010065425264,32.621128242668256,233.7759132872192,64.96774488722149,66.56906254289244,92.19014503362767
2025-08-15,176.7512074707522,112.46686774517867,255.91810620601404,164.29028425189654,3.0618773421076684,117.26533223654144,46.051092333488995,260.9939596114957,408.86300312471434,88.3420151533652,223.3479482994013,28.42793152173447,834.0192745464308,98.3456722420254,71.70276939950644,51.66895142661491,91.46787313773878,59.18106206014075,51.689514043006234,115.75678595349487,29.84370615242408,36.376930810712,197.65103738232335,150.8088840142583,528.2423910063065,48.435242909768874,19.65085458367608,179.7913506963486,97.78813859921968,18.478201093953505,609.953386344941,152.17987386893336,81.80956870587126,107.80550223928343,600.1439360833105,85.4583676080797,76.27776187512852,2058.4909257608992,16.883740618180752,27.534046248057763,146.69591445023306,20.656247143771136,81.34539804405446,38.661913901837124,38.531670981357394,10.318983778985366,7.2662462297779,74.99314505072662,268.86025935986197,210.62974133991406,9.741796827024281,79.08433586966456,171.0538342016269,144.31953203546294,9.856960170067007,418.151905675898,219.49547573347957,32.56100904853304,262.03135086058177,64.89351978795357,66.26450964262864,91.85632026323005
2025-08-18,176.35913097049956,112.61538061490101,254.89303595812473,159.30814747382794,3.0496131087847065,117.02321347291762,45.86663643338217,261.5839781520255,408.02230314064633,87.84706417842513,222.45333658113339,28.65225262787324,833.7728827662722,102.4123805188894,71.42466778206077,51.46199340542501,91.10150204824761,60.90122894856623,52.16841213693389,118.7073281747838,30.67819754210287,35.59399180700956,194.36094052258764,151.48293482589895,527.9927173418298,48.15657715065999,19.360036246604036,178.36897393818276,98.2362312243969,20.710059171597635,607.5102412380519,151.88893946290398,75.35275375512062,107.37369139736005,597.5421028675466,84.20573509330906,75.97223419897873,2025.4893035958125,17.55120646807081,27.423759672280383,146.1083295402822,21.059172208818133,81.0195721438325,39.89622301007055,37.64223941738735,10.355029585798817,7.237141556668185,74.69276285844333,280.3823395539372,205.61903483443334,10.512061763688767,79.09813430779188,168.84387801547567,142.74010013654984,9.817478490733102,416.4770141101502,217.9790623577606,33.68229403732362,264.3914508776172,64.63359126081019,64.86117432862996,91.03322712790168
2025-08-19,176.43640866550362,112.66153235778768,254.99749556031148,159.37343472519467,3.0508628933108697,113.64692176258481,47.73302739622228,262.7384909612495,416.0457298591822,87.88306543417877,222.54450182994856,28.960429852921088,839.1366193194755,90.97946359455399,71.27954078216783,49.1325531624243,89.89936839382884,60.92618733208871,51.97850735394564,115.77978655699309,30.908882930073485,35.60857884431493,196.94003005327627,144.11912025864032,515.0949410318292,48.72273575884523,19.580164837666775,178.44207264796117,91.88971313848982,20.718546514275307,599.7226795512499,152.76626302735534,75.38363462501708,107.41769500478121,601.0659699296481,84.19880541962172,77.40995400938027,2001.2749874778017,17.558399257935232,27.434998406265656,146.1682072765357,20.918901411433197,80.74677971389623,37.62123820440924,37.703201129274625,10.12476690968151,6.739219525522517,74.72337325258412,284.0945312144256,196.71235371795456,10.290970356541141,79.13055009982185,165.74837211420245,142.9807385820318,9.425800282318656,425.29939438094806,218.06839397113066,31.41933427439552,259.32379061176636,64.66007923136469,66.39041937980967,91.78634719289309
2025-08-20,177.01676507392412,113.03211257295331,255.83626479053407,159.89766549408378,3.060898168029604,109.85243997413085,47.89003676040191,262.78039197770573,419.6263052360775,90.6391338115035,228.69934670382384,28.530312028872952,849.285029010005,89.54269267668693,70.8118232902371,49.294166019461834,89.72714493973857,58.47686052355064,50.47055598702545,110.37964720436064,30.60898168029604,35.72570697610672,195.9221544640002,150.760656037279,515.0532230800859,48.82589428480058,19.37046004842615,179.02902633386063,90.22796838594728,20.786696514230893,599.8318665339897,153.50175887432044,75.63159577870164,107.77102654301248,603.0229938553612,84.47576252091518,77.6645803828407,2017.7407887523414,18.310566393757995,28.153181740471812,146.64900178171686,20.9877104434412,81.0123819862431,38.7409200968523,37.87290419845585,10.279135638905387,6.6028598281921,74.96916259308328,285.0290100050254,187.30869386449817,10.78075726289639,76.81251967490806,166.29357211384715,142.58303257343871,9.456804787792956,426.6983416327836,218.78569144319064,30.928777011284208,257.32330415676824,64.872767143314,67.15701950751519,93.19795375602472
2025-08-21,180.673710208562,113.16135712172407,256.12879619465787,160.08049762166118,3.0643980973289424,109.97804878310235,47.9447957669428,265.26984372856066,418.49615806805707,90.7427735089645,228.73399373685052,28.574368825466518,831.9612147822905,92.61800219538968,71.80753750457373,49.3505305525064,88.95124204421366,58.54372484449323,50.52826564215148,109.7694840834248,29.637760702524698,35.77478927349896,194.38346139773142,150.9330406147091,523.2345407976583,48.245516182780484,19.346871569703623,179.65843404469103,91.22804543320355,20.81046469081595,599.5700695206732,153.67727771679472,75.71807537504573,107.89425539699963,612.4222466154409,84.57235482163888,77.75338455909257,2020.047938391877,18.331503283615476,28.185372992919294,146.81668496158068,20.069520114936367,81.10501414639933,38.78521770947676,38.29582820128836,10.290889132821075,6.601719554422367,75.05488474204171,285.3549213318697,187.52286864251738,10.510428240567041,76.9003495775733,167.22877968635657,140.8955378275933,9.467618002195389,418.2217343578485,219.03585803146726,30.964141968532747,260.47794748216245,64.94694474935967,67.2338090010977,93.7660125162939
2025-08-22,179.4333168224044,112.37246070410883,257.3765971137053,160.8603731960658,3.0793271440389742,113.9810644360695,46.672488280172814,272.61237246070414,416.90412721757514,91.18485154885559,229.8483334434461,29.09274749517419,815.7918926371909,93.06921592058094,73.94981156356283,46.28182737383951,89.79881097972586,61.3107822410148,52.854122621564485,112.1426601709716,32.63167570548764,36.7680853019579,195.33045316665135,165.13466311241842,520.2518452264684,48.67175291846677,19.533045316665135,180.53368884792377,93.16113613383584,20.911848515488558,567.6073168489751,153.18503538928212,76.08695652173914,108.41989153414836,608.0581801090403,84.98437199284459,78.13218126666054,2085.955991761651,22.290651714311977,26.886662377056716,147.5319422741061,21.4403897417042,81.07362809081718,40.30701351227135,39.23062860050757,10.538652589932799,6.66421546097987,75.60437540215094,291.66054762903303,185.57220018570757,11.259766775124739,77.8041881326696,171.64628787759102,142.8899715047339,9.513742071881607,428.43275318273743,220.1029506388455,33.34497745800395,262.66200937586177,65.26335141097528,67.54021688861569,94.6778196525416
2025-08-25,178.00321546147003,112.23318797337618,257.05760844617856,149.87376635299518,3.075510672481065,113.83979802616479,47.15859424310018,270.3695203121414,411.9807206793665,91.07183842093184,229.56346289017674,29.063576975628298,807.8953408308469,92.95386733991279,73.53224807959892,43.5161808583888,90.01709712818453,61.234794583428965,52.78861602019738,111.68235024099151,32.65687365966404,37.18200641568166,195.08836355290336,169.00390176727106,519.6070529464081,49.896717925177875,19.477622553326544,180.3099381204097,92.72435161808583,19.738352077117284,563.5070002295157,152.94927702547625,73.91296624863725,108.28551755795272,595.7484453896029,84.87904364564207,78.03534542116135,2050.7694155955933,22.26302501721368,26.853339453752582,147.34909341289878,21.161349552444342,80.97314666054625,39.080100314508265,39.36699496679194,10.4539823499272,6.518246499885242,75.51067248106496,294.5604773927014,184.98967179251778,11.41703012259367,77.70775879690727,167.54647693366996,139.0456785596454,9.364241450539362,420.24328666513657,219.83015836584806,33.96832683038788,261.64792288271747,65.18246499885242,68.80881340371815,95.45972402527542
2025-08-26,178.1764638424468,112.41896179134673,257.4831026713872,156.4853511583866,3.08060140696124,116.32718745689458,47.42056993820118,274.33445215871996,421.35454683261304,90.67083544070992,229.06800312658055,28.736953423145895,804.2111849970114,103.22313669594006,74.16432939445492,46.898707986574095,89.83171640075406,61.3361533863626,52.485171732033656,111.86721228562233,32.82909559060187,37.96358374684612,194.05489907581958,165.66278909375146,529.6795254954251,50.506228375442554,19.159960984646567,180.6083958781151,93.28842952369936,19.771023955124374,565.0834521127408,151.50121844682516,74.03531057642019,108.46475700032185,628.8160429071452,85.0195395567756,78.16451331095683,2048.5999356292245,21.794105476113845,26.897788404064556,147.5929927812773,21.19637684491241,82.90036323509128,39.34801734778036,39.457905324849705,10.368292795071039,6.483056692261713,75.63566140971999,295.04804818612354,190.77659640960505,11.769276804483109,77.83638444942872,167.823807991172,135.7368105466056,9.379741597314819,420.06529035817744,220.1940319095131,34.239734823476084,257.0173395184836,65.29035817738747,69.79631247413674,95.71888542289301
2025-08-27,179.1191748525252,112.69030863345752,257.5778483050458,153.66128512947887,3.0817349707925117,114.07018996366313,47.438019207301295,276.90768593900924,425.92337059012925,91.94563222640978,229.15229290281036,29.616854073596546,815.509866151511,105.33094153902765,74.14562347638103,47.39984451180948,90.83505683745572,61.358723149809116,52.61947472517364,111.90837587967435,32.24322708247091,37.67076031461294,199.1628719930086,165.72374775769285,536.0379007405363,50.779632951566164,19.318338622878432,180.67485405239523,88.70796999153386,22.846235785245906,568.012068930822,151.94793247780692,74.06255322784428,108.50466859850053,627.846005243549,89.00234579826135,78.19327537831747,2068.5732745733867,21.802125017248517,26.44772549560738,147.64730233199944,21.20417644082609,82.2850816861,38.14038093798152,40.38176728031858,10.37210799871211,6.668506311923972,75.54850282875672,309.64537049813714,181.22441470033579,11.66137706542003,77.86502577575203,171.8628384482372,137.70526183966928,9.383193045398096,423.53157628443955,220.27505634515433,34.63502138816062,261.66275969797846,65.31438296306517,71.29386872728945,96.35987125419715
2025-08-28,178.03047741816675,111.96537912619124,251.32131095771373,162.60761475070208,3.084572533492933,116.73403978292896,47.748953975271625,279.45306385525527,428.35319578403386,90.37935660802046,227.0613691818977,28.773997513926616,811.8871138529533,113.6687997790157,73.31614566548501,47.44348876807007,94.71156854973297,64.45375443119562,53.26642419778095,115.32618203581787,32.22687721559781,37.70544634224944,199.3462547764836,159.1547350490309,547.8569126651628,50.08977487224345,19.821830845401628,182.95832796818172,88.301643570738,22.867271866259898,573.3382656760739,150.90281339559067,74.13074765096277,108.60457621656461,627.9107596047604,87.84356377828485,78.2652732378804,2124.922490044197,21.822199714561943,26.472077712812485,147.7832512315271,21.817595593963645,83.6140165605146,39.086598222917914,40.65190368767552,10.634869481147277,6.583490631186409,76.42373739698908,312.93311610164125,193.85296145579164,11.877906173748906,77.93672139361102,207.4167766073155,136.5121279701959,9.391832788545647,416.6102126830026,214.99930942405967,34.66691220477878,260.93780572372356,65.37452235164128,70.66893789420376,97.46328437917222
2025-08-29,179.2742786366347,111.56475067663655,258.6035967102849,154.13551080324785,3.0735354832790494,115.23280705250241,46.246157856653404,283.4795093453255,431.9267082205606,90.07339831027227,226.24891050048168,28.900408275608974,806.9177485205744,104.13321712005138,74.45295655764026,44.26808569200422,90.24175667282617,64.22312950135327,52.796919305716436,104.419927519611,31.79044910316987,37.57053075829167,198.63296481489976,160.49176836523463,522.6400419027249,50.23166200284417,19.255470434423597,181.80294116487568,88.76553970365613,22.6615899811918,572.2739575209872,151.56658562319373,73.8654970286051,108.21597320978027,625.1341715072939,87.52924670068008,77.98522868021469,2111.9881860979863,21.32437295763639,26.377356759484382,147.25446121381714,21.23950639937612,80.51378481201833,38.94674067617781,40.738565877269316,10.617000891848537,6.5599339419239415,76.74663975411717,309.6013578604523,193.1593272985573,11.697784302032204,77.65785244234254,202.85334189641728,138.4008440754163,9.082985458048535,415.1195206058764,214.23001055094272,33.0290380292674,264.182309108216,65.14060277994403,70.73718977934767,97.77100135757374
2025-09-01,179.2085110285688,111.52382262576238,258.50872677064706,154.07896546980328,3.0724079424038155,115.1905333579814,46.22919223722601,283.37551356072595,432.17500938632094,90.04035446258656,226.1659100288898,28.889806025588115,806.6217269684047,104.09501536203972,74.56321364699409,44.25184573760719,90.2086510620873,64.19956894575137,52.77755050879592,104.38162058054753,31.182647773650665,37.55674783326455,198.56009538221673,160.43289120895815,522.4483089575596,49.56848449609071,19.71843903333792,181.73624590512796,88.73297565002063,22.653276470857982,572.064016141606,152.2295557332508,73.83839912535252,108.17627367359106,624.9048381110424,87.4971361869182,77.95661943412667,2111.213393348466,21.316550011625427,26.367680102719312,147.20044022561564,21.2317145870592,80.48424795328049,38.932452882102076,40.675012610629615,10.61310599538709,6.557527399458889,76.71848489017289,309.48777915348285,193.08846589541204,11.693492915118998,77.62936329575939,202.77892419865182,138.3500710780942,9.079653322327694,414.9672320671115,214.15141926904207,33.0169211721007,269.133764387582,65.11670564497639,70.711239510249,97.73513360818774
2025-09-02,180.71801222220637,111.15173674588667,271.435546875,148.9945155393053,3.0621572212065815,116.54478976234005,46.57221206581353,283.2765010854662,427.78793418647166,90.95566660656137,225.41133455210237,29.14168167811643,802.0566727605119,105.80438756855577,74.31444241316271,45.20109689213894,88.19310050559872,63.98537477148081,52.60146453132141,101.05118829981718,31.890311232432587,38.08638103701297,191.49908592321756,157.81535648994517,495.88665447897625,49.588665447897625,20.020566169696927,180.68920184315016,86.38025594149909,22.760511882998173,567.6416819012798,152.42230347349178,73.59204614838038,107.81535648994516,628.291122743373,87.20521246929273,77.6965265082267,2042.9616087751372,21.24542989504185,26.565585232304045,146.709323583181,21.115173674588668,79.981718464351,37.93418647166362,41.10466156842722,10.63025577412663,6.535648994515539,74.6343692870201,300.74132608975094,186.12066125956926,12.065813528336381,77.3703622207781,199.0859232175503,129.22440272580553,9.049360146252285,413.5827435871801,213.436928702011,33.59232175502743,264.3967093235832,64.89945155393053,69.92687385740402,98.0918647166362
2025-09-03,182.26872246696033,113.11490455212922,271.2004405286343,149.59618208516886,3.0745227606461083,118.26358072558163,46.760279001468426,276.5927755885187,430.7741229579662,91.89472954703847,226.32158590308367,29.0014684287812,815.0697503671072,106.46108663729808,77.5055066079295,45.38362701908957,88.28928046989721,64.24375917767988,53.27780971443075,106.0022026431718,32.16776798825257,39.69346549192364,192.27239353891335,158.45264317180616,486.8759177679882,49.559471365638764,19.46585959099813,181.41885721035814,86.08113091422597,22.852422907488986,570.8324191503763,151.7428427540783,73.88922401461832,108.25073421439059,631.9392312115684,82.64041962252489,78.01027900146842,2027.1394032213655,20.87922173274596,27.013812296190974,147.30176211453744,21.79698972099853,80.19778101804847,38.08737151248164,39.69346549192364,10.646108663729809,6.562041116005873,74.93575624082231,303.8711435819337,186.87224983293754,11.522118040468548,77.68279760419534,196.48816617049835,126.06966127908177,9.040014684287812,415.25286479843516,216.2733932248646,33.48476561155613,264.5617693706406,72.22834067547723,68.87848751835536,96.13619676945667
2025-09-04,181.66735319694266,112.81980868689642,270.49292873815733,159.73271087921643,3.0665018994004303,121.0124033136528,46.638290081925945,283.1777153345119,434.29400194230857,92.91043068332647,225.7311547439242,29.108883701771248,818.8017758249805,115.5659297908371,77.55732751284384,45.265229529955604,88.95143942514531,64.0761590919493,53.138817762683644,108.54043663325552,30.685615460983627,39.13222573115474,191.77079042519108,161.4719209117122,485.60574854684427,49.750560666392055,19.304315931131715,177.99306416698133,88.15048743649595,22.19781225685386,569.343222944986,152.54702732390498,73.69646069506899,107.96832806993454,636.8058177719804,86.46803012652181,77.80676461165271,2074.265591388622,20.824751704883518,26.943338256148735,146.9174790608266,21.913130979875366,79.98855984005274,39.17021452193893,39.98855883439317,10.61833493523731,6.86209861667725,74.74026271225227,303.07839996967823,186.38473469538079,11.290218896781603,77.48013755277701,191.0842601492059,125.26889102476086,9.016430957938578,413.5168514577326,215.70917594197675,34.42949334065632,266.555458595073,72.03991029337728,70.02608815048744,96.73211588631058
2025-09-05,181.7338949681791,114.38944566697953,270.5920058605375,162.76727256078019,3.067625108740442,121.056728171787,46.655372922485235,283.2745753399569,428.66993627237764,92.94446224989697,225.8138363628039,28.867725836729086,825.0995833524106,116.52396868275261,74.63028249622269,45.28180944095966,89.37445473285621,64.09962913785998,52.498053447715876,106.75106674731582,33.97280344306579,39.512842818552265,195.50386887047296,161.4394945286388,498.83247104070324,49.76878348060986,19.367245089510554,178.05826010642255,86.07664484226912,21.702303008104025,571.6377294280253,152.50995699387047,73.72345449963657,108.00787509729408,623.3917860903805,87.15993013963131,77.8352639531157,2057.918593470995,20.832379469804494,26.95320715894848,146.97129252323612,22.022801153793324,80.01785833731572,39.146559223478775,39.10077377409459,10.301726111441782,6.8678174076278555,74.76763884437526,309.05133621972436,206.03452222883567,11.393709358706818,84.69408299971956,191.1542511789753,127.36229891960647,9.019733528684583,423.28647955679685,215.7881866744311,37.08621400119042,270.02152094970467,72.0662973307083,67.80458971408417,93.86017123758069
2025-09-08,179.0154021758064,114.14903288767304,270.0233015031754,183.8707855262256,3.0611778681409056,119.77200855173733,46.557317128889295,277.6534015625714,421.71151825284414,92.20084981952758,225.33924247270068,28.966966692557225,826.97491661717,128.7695838996893,74.4277424955453,45.18664047151277,91.22230180158313,63.96491067757116,52.458538592757684,105.67917028373006,32.651346216861036,39.42979851053136,190.6611230410746,160.2777904692283,512.4960021930826,49.66418421894275,19.87481153195961,176.44605271893704,99.91593673970279,21.748069630374193,577.968657193768,152.189426175498,73.56850960508807,127.24448302645406,625.9880294238588,86.97674574768983,77.6716772513364,2008.041838477178,20.788595970210626,26.896559490044034,146.66240233928815,20.92566363594828,79.84968446773485,38.60739251610545,38.379861083348565,10.41714259606159,6.853383286882624,82.24059944259149,308.40180172591033,196.35902412105358,11.513683921962809,84.51608108908827,194.91022067894184,124.43916926286151,8.81801982912231,422.3968565815324,207.42906748298077,38.790149403755656,273.1566719114086,71.914835290355,67.39160232101247,93.6629049207292
2025-09-09,178.8538194345306,114.1333888904751,275.73275646699403,185.50753813456487,3.0607583371402467,121.05984467793513,46.550936500685246,275.7496645157606,419.4755738921882,92.27957971676564,221.79077204202832,28.74508818952718,832.3435358611238,126.77433019144016,74.41754225673823,45.18044769301051,90.17359636427878,63.956144358154404,52.45134920875685,103.64870338910461,31.980813045161888,37.43810048109867,190.63499314755595,160.8040201005025,514.3901324805847,49.371402020757195,19.93101912037103,176.42187098489606,100.5258113186672,21.745089081772498,571.7679305619004,150.29693924166287,73.55842712318696,127.22704431247145,636.365911589196,91.01553019893501,77.66103243490178,2015.851987208771,21.850616608432787,26.892873346669425,146.6423024211969,21.65372316126085,79.8387411578489,38.60210141617177,38.89538524029951,10.415714938328003,6.7153951576062125,83.8282320694381,308.35953560415714,203.40338053905893,12.899954540101072,84.50449825476815,191.2745545911375,123.89218821379625,8.816811329374143,422.3389675650982,206.94380995888534,38.37368661489264,296.57652163516445,71.90497944266788,68.71996479199977,94.86888678120717
2025-09-10,180.50400916380298,108.59106529209622,276.55395367983965,194.2075637170676,3.0698739977090495,128.70561282932417,46.68957617411226,276.5709120847652,416.6552119129439,92.55441008018327,222.45131729667813,28.430698739977093,813.2875143184422,136.99885452462772,69.4249691258591,45.315005727376864,90.30927835051547,64.14662084765177,52.60756170353665,106.25429553264605,31.61512027491409,38.281786941580755,191.20274914089347,153.44788087056128,548.0733193728522,48.76151068513746,20.939289805269187,173.76622011025202,100.11454753722795,26.254295532646047,558.9003436426117,149.69072164948454,73.77750147658935,139.97709049255442,642.9324169530355,90.26345933562429,77.89232531500573,1991.9000572737687,21.580756013745706,26.972966669351376,147.0790378006873,21.534936998854526,78.88247355562714,36.65521191294387,39.312714776632305,10.813287514318443,6.608934959595146,69.87399770904926,290.17182130584195,221.35166093928981,13.936311737095505,81.53870118306129,187.97526041666669,121.84880172537228,8.84306987399771,423.5967926689576,207.56013745704468,36.56357388316151,295.738384163803,81.74112256586484,67.81214203894616,95.85337915234823
2025-09-11,180.8354372274501,108.790452145972,277.06174152226305,198.02479755996097,3.075510672481065,129.44686711039705,50.86068395685104,279.8714711957769,421.3417345650677,92.72435161808583,222.85976589396373,28.48290107872389,817.0764179768189,136.69956392012853,68.80881340371815,45.39820977736975,91.97842552214827,64.26440211154464,51.27381225613954,107.78058296993343,31.881112200912323,39.0961680960595,194.76704154234565,157.81501032820748,527.8861602019738,48.85104295171563,21.006656180069427,174.83774762594675,100.80972653560363,27.220564608675694,561.105333371586,151.02134496212992,73.91296624863725,139.91278402570575,643.9293091576773,90.42919439981638,79.07688507717467,1986.719825854946,21.620380996098234,27.022492428670816,147.34909341289878,22.813862749598346,79.02731169848806,36.722515492311224,39.03511612957597,10.83314207023181,6.5104430493942935,65.6873995868717,290.7046132660087,224.60408537984853,13.456965970259782,86.1040053631369,188.32040663730777,121.3220105577232,8.859306862520082,415.8824879504246,207.9412439752123,37.31925636906128,301.5478638900046,81.89120954785403,69.31374799173743,95.61624971310535
2025-09-12,181.61910469780094,113.97307368983681,278.26241478320503,194.9656539578627,3.08883868885713,118.73680418289844,50.50481766631322,278.8986143446591,419.602582148126,93.12618136554332,223.82554976718455,28.02129904377824,823.9822968051266,137.8451892489973,66.38698077543683,45.59494721312987,92.79424871274377,64.54289797611914,51.07417710506374,107.94799686505925,31.94873449817897,37.71149324604675,195.89368322403303,158.4989166013554,535.4294407818911,49.062743566600204,20.962611784013244,175.59542354115763,97.8341301547877,27.707344059748284,551.1963487160574,151.90632059379467,74.23327507844556,140.51910930800793,643.1238762620442,90.82107786639621,79.4195722376216,1989.3043197639574,21.714074961965792,27.13959695535447,147.9876446452446,23.05103499147112,80.30980591028538,36.53312444983663,39.071504310543546,10.78834514346208,6.458900285994912,63.620856576460284,286.98538564381545,219.91378462697665,13.512055522469717,86.69888198878567,189.24899727997789,118.94334055599097,8.897699506707852,412.5213222073671,208.84237702272833,36.88165598635379,301.27795028035825,82.24609284956895,69.61366420332742,95.52348900465631
2025-09-15,182.1312991215904,111.55802126675914,279.0471585327092,195.51548774849746,3.0975496994914473,123.32825186734281,50.64724919093852,277.9454443336801,417.00970512598246,93.38881183541378,224.45677300046233,27.79010520508264,815.7189089227925,138.2339343504392,66.11188164586223,45.72353213129912,94.14008321775313,64.72491909385114,49.593155393984055,108.28802679293806,32.36245954692557,38.6037910309755,194.1747572815534,158.94590846047157,536.9394359685622,50.069348127600556,21.78132246337552,176.0906302372284,97.96578825705039,27.785483125288952,552.7508090614887,150.25473924020457,74.44262458282768,144.53351871315883,635.2288488210819,102.85760788690477,79.64354791522192,1994.0360610263524,21.775312066574205,27.216134884817095,148.40499306518726,22.09893666204346,79.05131784016702,36.61581137309293,38.564494887381535,10.864539990753583,6.934812760055479,64.26259824318078,287.7947295423024,220.53397606767223,14.110032926816055,86.94338646411235,189.78270920018494,115.12667320417245,8.92279241793805,401.294498381877,209.43134535367545,36.98566805362922,295.59269171867777,83.82478062333854,69.19555946240754,95.79288025889969
2025-09-17,186.7564327215715,111.26994374250668,278.3265719386932,207.3226966706631,3.0388269632887073,120.83371310263534,50.51646223369916,283.1319745457899,415.1858215697916,93.14765286359864,231.43963847643641,27.39094346583049,811.3044922415384,140.64373328414646,68.13382130536407,50.72396938116757,94.5608900183298,64.55777921239509,50.12450428848105,110.18814161498202,32.278889606197545,38.504104030249934,194.73392972424605,148.02176519413447,507.23969381167575,49.663377294106795,22.04924853186892,175.63590943609933,100.14756288979642,32.13962835325786,559.845502642834,149.86673474894516,74.2503905619553,144.16028819356382,642.9032555565802,102.59199753729365,79.4378834919418,2060.315410864152,21.719081435027206,27.14585435574074,148.02176519413447,21.55768698699622,78.24449223433321,36.820990500783914,39.88748501337268,10.826800391318491,6.91690491561376,62.06769344277414,287.05155399797104,219.03532232776908,15.032740016600572,86.71887158621922,184.45079774970026,112.97611362169141,9.563773581872377,398.87485013372685,208.89052845153554,36.89015954994005,287.76308105603846,83.60831895613818,69.28156144084893,96.90583786774877
2025-09-18,186.85537209194766,111.60445862818557,274.6866472411082,217.3812497109292,3.0479626994995104,123.49105036769808,50.6683317145368,289.30206743443875,416.26196753156654,83.06738818741039,227.00152629388097,26.876646574438627,808.4732436057537,149.34554368438094,69.33952830147773,53.42028583321771,106.7479560886985,66.60191480505065,50.321446741593824,111.88196660653995,32.74270351398091,38.36547800749272,192.77554229684105,147.81924980343186,508.7646269830258,49.8126821146108,21.900004625132976,172.46225412720852,102.9092086397484,31.82091485130198,577.4478516257343,150.31728457359165,74.47361221620474,144.59368252003262,647.6564668031082,106.37805836917812,79.67670049517831,2123.6348630960642,21.275611673835623,27.88955182461496,148.46676841959209,21.78437630081865,77.00846399333982,38.19897434966295,39.8223948938532,10.859349395778771,6.798945469682254,66.27815549697054,274.2703852735766,239.76689329818234,14.939179501410667,87.20736774649069,188.52041996207393,113.73201979556913,9.48152259377457,400.0740021275612,202.58082419869572,38.157347023726935,284.87720633296334,83.85967369144872,70.25576985338328,97.19716941862079
2025-09-19,189.12517591657044,111.45496535796768,274.3187066974596,209.23787528868363,3.0438799781006427,126.36951050086606,50.60046189376444,290.7621247113164,418.52193995381066,82.91454852590935,224.48036951501157,26.836027713625867,809.7566036374135,141.40046505124135,68.36027713625866,53.85681293302541,106.68926142104505,66.51270207852194,50.6106222033776,113.16397228637415,32.84064665127021,38.314087759815244,197.50577367205545,149.88452655889145,520.1847575057737,50.508545485710165,22.020322874566975,172.23124233184183,105.52194220915128,30.623556581986143,585.611558169746,149.94688672777139,74.37385541462183,144.40000045106814,643.1621229070439,106.23556581986143,79.56997419890301,2083.1408775981527,21.247113163972287,27.852193995381064,148.26789838337183,21.436950824552543,76.905311778291,38.29099307159353,39.31177716332275,10.844803385040777,6.882217090069284,67.4364896073903,275.75057736720555,221.986143187067,14.873441559613164,90.49088053009527,195.4161554561201,112.97229088481525,9.353348729792149,399.53810623556586,202.3094688221709,38.568129330254045,288.2212579387991,83.74734433638858,72.05542725173211,96.02771362586606
2025-09-22,189.09024007544795,111.43437702041193,270.15793848711553,200.24014038976634,3.0433177023126863,123.30285397617068,52.50438966061409,291.86293525445643,419.09116098642284,83.07933869031126,223.33056248268218,26.74702099731141,799.2056894800037,138.54253255749515,65.53154241854854,53.846864320679785,105.3500507989286,66.88630077728133,49.32114159046827,115.82155721806595,34.3585480742588,38.30701025214741,193.33610418398447,143.29915950863582,520.0886672208368,50.10621594162741,23.076568403391118,170.72991575243026,106.28844870967835,32.188972916378034,585.503382025261,147.77916365408817,74.36011682490822,144.37332639538306,641.867553338875,106.21594162741295,79.55527576458161,2087.004710446107,21.24318832548259,27.131245959176134,148.2405098365198,21.48009628164831,75.93007949599381,38.7226378498199,38.80668732447671,10.760598250061694,6.899880098924419,68.11674517410178,281.4722453126443,221.94513715710724,14.870694087264479,91.40260717022548,196.0044234393761,113.60487669714603,9.467073058095503,408.23866260275236,201.3484806502263,39.206612194917795,289.55389304516484,83.73187424414947,71.81121270896833,94.93118558133024
2025-09-23,189.27090221867346,111.49101326063854,270.2952455759368,194.0581250288777,3.3267107147807606,122.85681237510396,52.596450154928846,295.70761909162314,418.89987524834817,82.79813334565448,229.6354479508386,26.78926155306421,799.7042923809083,136.11791341311277,65.56484865920852,53.87423185325509,102.51582497805295,64.10525591234753,49.34620893591461,115.27976713024997,31.928106987536385,38.326479693203346,197.8501050787206,142.7713348426743,536.4002019272975,50.13168229912674,22.7302135659119,170.81668880021832,106.54715150395046,29.755579171094578,588.8740008316777,149.2861433257866,74.3979101661767,144.4467037733043,632.0020293801691,111.81444346902,79.59570953223906,2118.94506884443,21.253985122210413,27.145035346301345,148.31585270064224,21.947049854456406,74.52756087418565,38.88185646773783,39.2745931493439,11.184678987396328,6.9033869455301655,68.15136533752252,281.615302869288,201.21979392875295,14.461950746199694,91.44906231409982,190.0536006156725,111.8837499422446,9.356373885320888,401.42309291687843,203.8534399112877,39.22653885638544,295.1767206775863,95.10649598383426,71.29325879037101,96.85024639895116
2025-09-24,185.91133459427041,111.31614153249988,269.8712921529732,172.7273128632883,3.321492826498132,121.04996078793191,51.89832541403331,289.2466669742123,422.1063800341376,82.6682659039535,225.49245744337316,26.848733680859898,803.709901335517,126.63191401024127,65.96946161974674,51.84296945278982,101.3516630530055,63.486642578395305,49.26881025972229,112.28491027356185,32.38455505835678,32.40854451867187,197.53978060703741,150.8972643816026,535.5588674776261,50.283710845596715,22.09715366517507,171.3494731418958,108.17917608525165,31.046731558795038,587.9503621349818,149.05245235805808,90.60294321169904,129.21529731973982,629.6959875386354,111.6390644461872,79.47086503696315,2124.090517887623,21.220648613738064,27.102458827328505,148.08322184804172,21.40517599298796,74.18092999636711,38.83378640000779,39.904045762790055,11.394565668681091,7.080315344722012,67.30636158139964,279.32647326371267,200.90418415832448,15.454168012178807,91.30562603976854,189.37122295520598,113.48433823868616,9.341698574525996,396.2725469391521,202.35733726991742,39.16501270788163,299.8569912810813,92.30982146976058,71.41209576970984,97.70724731282004
2025-09-25,187.32108227906545,111.41379628774587,270.1080432172869,171.80072524803188,3.3244066857512236,121.97802423252955,51.943854464862866,289.5004155508357,423.3673487423815,83.8336893501391,225.69027611044416,26.872287376489055,805.2202852294763,123.74180441407331,66.24295601654123,51.88844994127459,101.4405762304922,63.54233775842067,48.640223066390014,111.59848554806537,31.7139156594128,30.473727952719546,202.0500507895466,152.04543355803858,517.1299288946348,50.586849448312975,21.700988087542708,171.49979357728668,104.8111552313233,29.734970911441497,588.4661556930464,151.4775118280485,90.31304829624156,129.32865453873856,610.2580906160541,109.24369747899159,79.54058275954613,2129.9233034559975,21.239264936743925,27.126235109428386,148.2131314064087,21.470126512143317,74.24600699654862,37.30723058454151,40.077569489334195,11.40456182472989,7.156708837381106,67.36540770154215,277.4956136300674,201.08043217286914,14.336503832302151,97.80144028765352,189.30649182750022,113.07599963062147,9.349893803675316,392.4646781789639,202.53486009788529,36.24526733770431,295.6348630197271,92.39080247483608,71.33622679841167,98.81245166335765
2025-09-26,187.40544869009548,114.1305144822372,271.1345939933259,167.26640440333009,3.337041156840934,120.44447353251297,52.1412680756396,291.5276232851316,425.77862483198925,84.12124582869855,233.5928809788654,27.11345939933259,781.5058180964961,120.59695958472376,69.44567970669088,52.08565298610145,102.54959711818108,62.6330179420276,48.66518353726362,110.44679273266593,30.925101512531285,30.450500556173527,201.70559881349647,146.92250648869114,509.82573229514276,51.54801405134756,22.679365339834334,172.15158181761564,103.52660091797598,28.513163339220952,590.7026325546904,152.87355869223907,90.65628476084538,129.82017055988135,616.3195198803068,109.6588802373007,79.84287826317436,2103.5436871408046,21.31998516870597,27.229328883945122,148.77641824249164,21.31998516870597,74.2955135335558,36.23099604667802,40.52790103243331,11.447905079718206,7.32295142751205,69.94484635163202,278.55024100852796,200.12977382276603,15.01622127523058,97.06969468028713,191.18464961067852,113.43761722733014,9.315906562847609,394.88320355951055,202.30812013348165,35.456062291434925,292.7581481594132,92.74193548387096,72.80079718205413,100.13069715772154
2025-09-29,188.68187520327092,114.41155881934442,275.5192120057613,172.97774473818706,3.3452585606095804,120.89392742647401,52.269665009524694,289.8596804508549,425.1637692091019,84.32839288203317,234.16809924267062,26.856387552705247,780.0246574885007,125.91181526738838,69.61668844266889,52.21391296882986,103.93532500116154,62.787250621065255,48.34502761217651,113.599405287367,30.786600154122915,31.94025053231572,201.76183708271384,147.56307206244483,509.6873112484319,51.67495010787878,23.003762735286088,171.4554588042443,116.38340017074758,29.782093574315848,592.1572271523487,154.34651303256982,90.8795242298936,139.2928495098267,621.660549179947,111.97323793151513,80.03948991340658,2120.9868512753796,21.372485248338986,28.49022010519996,149.1427774938438,21.10765171179523,73.88932520043964,37.22761696789481,40.96408413837087,11.476095339868978,7.544022446554267,71.22613018631232,279.2361659619942,200.622589787669,16.865678576406633,100.11324186625936,193.28160572410908,116.36761037610928,9.524694512846722,395.85559633880035,202.10937137016217,35.543372206476796,294.1039817869256,98.96389908470009,72.24829252427635,98.49881476719672
2025-09-30,195.78133712420427,114.42219136976674,275.5448166906742,163.88643650387993,3.34556944379908,123.69313693601597,52.27452255936062,282.3595630430742,427.8179597834673,83.08164118767715,234.1898610659356,26.903489161022954,788.78860328284,123.600204451466,69.623158094492,53.76144231216021,103.7939686817527,62.79308559626353,47.69992327624762,118.48891780121741,31.005530390374517,32.40880863821965,201.7805873115213,147.57678546535942,516.239951675108,52.30751177628827,23.263323911364918,171.50589059450652,121.61749352376748,29.784861298266808,585.8761046623066,157.7528925235816,90.88796988987501,139.3057943404117,648.5061103108592,113.14995110154035,80.04692818206635,1972.9566469959573,21.37447144649412,28.49286777213971,149.15663770270896,20.677477812369315,75.28971974321593,35.82128958433768,40.84940268190082,10.733701965522048,7.620463733097904,70.04786022954323,279.26211607267317,195.93652711305236,16.03642930705764,98.52684541770248,193.0207704102969,114.8877840249059,9.52557966637238,393.7154588831838,204.40499976766878,33.87389061846569,293.2024425270666,101.94693555132196,71.41861437665536,95.99879142392895
2025-10-01,208.51845049235726,110.94085805540692,275.9294588432367,166.48829742682983,3.3502396351961288,125.6344520853206,52.34749429993951,283.83974687078313,426.45758689684055,80.49881345679587,234.516774463729,26.589735351607942,783.8164813177609,123.07477548741333,72.89097761853799,55.01372894830976,106.3003117584105,67.57246992563748,48.159228990478574,127.72788609185241,31.686751685298496,33.59545856405007,201.7565583412824,151.50528128053605,516.9605881531804,52.48429302527802,23.637801870550465,171.74530135798125,118.14247824670792,29.826438974454422,586.6939485569541,157.50779396026243,93.06221208878135,147.03829510027452,705.6618995306175,121.81843562421479,80.15866834517938,1865.6325249523056,21.40430878041971,28.523568005211484,149.36485040249406,20.56674887162068,74.21711414080313,35.204039240808655,40.85431110697501,10.818482155320833,7.373784431655257,70.98320227071798,272.20697035968544,173.41956916558095,16.169093584959985,100.57563385908637,196.221219783863,118.42166488297427,9.538876739100088,456.27425615664697,199.31599274114745,32.478712018984695,295.9382888476572,110.97482485400866,69.79665906658602,95.69121958028943
2025-10-02,203.59960105382282,112.4080803876366,274.108553193306,180.60572381217003,3.3481524058422623,123.45836625625174,52.09780494581828,278.3180513105492,423.6287785380198,82.3955728443086,233.3981661572659,25.994721547181797,781.6990722249235,129.20255626562934,72.54329906455496,54.75132207224807,105.52699824025191,67.25015982087038,48.94878206909326,126.00722422895248,31.953320366768544,33.064740205612665,206.8167083449106,144.39196072983236,519.3572288598684,50.754839307214965,23.710289895341297,173.83889956773294,124.73696713713878,29.68417152912846,578.5889508515096,158.84041863480596,92.61831990367695,146.33694544780957,696.0266740761322,124.6304538080601,79.77632404400528,1914.884306693989,18.735297180893706,28.38751505047698,148.6524034454015,20.862276558303233,76.37677268208182,36.07483560248217,37.832268787951804,10.609428827614876,7.455311915030289,71.54811566942784,270.4454941187367,170.88080022228397,16.439751782902658,102.81323172090626,208.32313536891033,120.125960915069,9.632305269982401,454.0978993730897,196.60969916411966,32.32379364638325,301.611558766324,110.44549230978512,68.95433916828749,95.07270538112438
2025-10-03,199.72370801612828,112.33525027261315,273.9309560188935,180.48870788596815,3.3459831105034157,123.98185857089966,52.06405035172158,277.6753871540633,425.76823398741203,82.78878306247975,233.2469455757127,26.250461435724038,779.9426138467234,123.10255460940392,72.33339413498473,54.715848242693674,105.45862643465382,67.20658789207123,48.86569856758781,124.02813772676787,31.23843021103295,33.78378378378378,207.51573491299519,144.25212884116993,502.12884116993706,51.554979637171414,21.817845355488995,173.72626792232623,126.80488707885968,33.96890040725657,581.4975934838949,159.61680858941133,92.55831173639393,146.2421325435024,715.9339314432154,124.26370269764092,79.72463631091493,1854.7436496320806,18.538503636258127,28.36912254720474,148.55609033691226,20.663643095149943,76.32728754613453,36.23657904479822,38.31914105886708,10.56090322788977,7.31210662717512,71.5012958163643,269.9925953350611,177.61940022213994,16.692428843086184,105.52897165546325,200.83580878609774,120.83487597186227,9.626064420584969,460.3378595311921,195.99222510181414,32.25657164013328,307.3745834875972,112.22741622388119,68.81710477600889,96.4781539787058
2025-10-06,194.58395085662107,112.58534730475998,274.5408208560413,188.31168831168833,3.339517625231911,125.83952215474258,53.47866419294991,282.34926694399354,425.118265523539,82.97309946261886,233.76623376623377,26.043599257884974,773.9740658337199,125.69573283858999,72.49443323138915,57.97773654916512,106.5630797773655,67.35621294860275,49.62894248608534,124.76808905380335,31.558442690819227,34.794990383848855,210.76066790352505,144.57328385899817,508.44155844155847,49.860853432282006,21.474953617810762,174.11304254478782,123.37662337662339,35.69109461966605,572.0779220779222,160.2036173578096,92.7643784786642,146.56771799628945,720.3437083285019,124.54035658119783,79.90213086299862,1831.9893973214287,18.579776742683936,28.432282003710576,148.88682745825605,20.31539888682746,76.49721842749885,36.205010069102215,38.66465609237303,10.575139146567718,7.115491821062587,70.38960925723272,270.59369202226344,173.70129870129873,18.20408214222301,107.79397430136828,206.66558260378017,118.43877732200835,9.647495361781077,461.3627304615028,190.39888682745826,32.46753246753247,305.5477673136016,106.53988868274583,68.87755102040816,96.12476582429848
2025-10-07,199.95485341472354,112.97310285258423,275.48636775836593,182.030163718526,3.351019268360793,123.80154519221819,53.662850228055476,282.15909033062223,429.42751966396725,83.25886737475857,234.5713487852555,26.203574875063996,781.9044959508517,117.98380340686958,72.74411153629107,59.434050079121285,102.27590058642836,67.58819469291049,48.35706971981755,129.85199664898073,31.043470166620125,34.86037465166271,208.33333333333331,145.58363631041723,518.942567253095,48.77594712836265,20.897328492972168,174.7127058207961,124.40659033789444,35.60457972633343,560.8303081076049,161.68667969840826,93.08386856557759,147.0725123336126,723.5646358384529,124.49967420646001,80.17732204255095,1862.3289583915107,18.33566003235028,28.530205715349528,149.39960904775202,20.17127403409124,76.76068273745113,35.49753384562186,38.63725091429448,10.42539327934469,6.351112664705724,69.83570651747068,265.2890254118961,174.29954388904403,18.29656497799439,108.16522786640138,200.22712827538862,119.82220981103974,9.68072233082007,462.95171128874614,194.83012739400073,31.369263706599646,311.8309596946849,102.60169412640789,68.975146607093,97.03993297961463
2025-10-08,198.44196379067841,113.33178111357853,276.3610093218905,185.82500700345506,3.3616584181529556,135.1666822299001,53.833224390699414,280.97907207138854,428.1445513119806,82.17387244373892,235.3160892707069,26.17424482145567,782.1925483238398,126.06219068073584,72.97506678815716,59.62274722196284,108.16836305910917,62.097301335325426,49.11756466523485,140.33943594464935,30.72415668096782,36.78214528868096,207.25557941918012,153.42235502848072,534.3855507779672,49.01017607488444,21.010365113455972,175.26740112361682,129.37715939863668,38.28555420674199,562.6108880380988,162.0132598748716,93.37940050424876,147.53945279671305,724.8216672308339,124.89494817443273,83.8547016528154,1859.9440307218229,18.620786596517824,29.494351572166227,149.87393780931927,20.2946126355278,77.00439019968601,37.0482771500607,38.51900270800262,10.430012110824935,6.27976468391073,70.43141283032963,264.263703427024,173.07871883462508,19.058268859903176,110.26022349411126,214.23568960687274,122.23363526006163,9.711457652441872,464.4215364996732,193.29535904379495,31.468857969931832,318.23838757849705,100.61630404332804,68.91399757213559,98.46904518468695
2025-10-09,199.1285198894251,113.7300326988064,268.00356088647334,195.3333645691796,3.37347139577379,134.09923994400975,54.02239610176639,280.5566191198519,427.2370112566181,83.72768589233004,236.1429977041653,25.952304006656163,809.6331349857096,129.22269596589047,73.2315035594223,59.83226350559902,108.54847022442955,60.22583631233015,50.771212357754884,133.29897390245046,31.720001874150775,37.07445201222298,207.9838823033313,149.83835449561917,536.263399079909,48.49365131424823,20.74450639553952,169.24824911490302,131.20695767494027,38.508645206786184,555.467816585063,164.45673054397227,90.13728383208195,148.0579112589608,734.1981087183151,121.82916886903786,84.14936981680177,1946.0854041723283,19.678583142013775,29.59799568817206,150.40059972824812,20.0604410765349,77.27498614519398,37.229537874500714,38.513798435084105,10.312514927775647,6.343063528220611,74.07580939886614,265.4266035702572,182.26116291055615,19.208170897019077,110.64768152541231,215.52733917443658,123.22541348451483,9.745584032235394,466.0535289673429,195.8487560324228,31.579440565993533,317.331200144661,103.12186345127793,68.78133345827672,98.08087372396687
2025-10-10,200.53538715952737,113.69806960001054,267.92824019860416,183.6151576186238,3.372523303199213,134.57304791793527,53.33645855594817,275.4227364279357,426.156706695864,83.89151716708042,227.2705981544803,25.762330788327322,807.6724905147782,123.33130357393789,67.91887207831749,59.81544803035271,107.95587615344981,60.208910225961986,50.124126450228935,130.77895920183616,29.275375895826503,36.020422502224925,205.06675792045294,132.58607326455572,529.7672022108763,48.1629106969296,20.405640294554196,169.20068297622254,121.38133482540165,38.95685992043685,555.3117059054288,166.28413508829453,90.11195132456439,148.0163005292988,724.9988289849641,114.29106749730667,84.12572017424704,1851.9860780949928,19.67305260199541,29.58967736065653,158.11045013817977,19.67305260199541,77.89592018361516,36.535669117991475,36.8124958145361,10.081971309811422,6.136118787765235,71.90032320014988,265.35200711977143,180.33631551829126,18.131059373847283,110.6165847017132,213.54630193451683,122.7223757553047,8.852405522186709,456.49587656330505,198.27626586725373,31.54714506534264,307.45093538485406,100.94149608880979,67.86594196998395,96.68696060119912
2025-10-13,199.39494217525424,113.23661540822098,266.84082851278225,170.27430490763203,3.3588356036573987,128.98861727934317,53.088262735585,274.3049076320209,420.32186654459787,83.5510356409778,226.34819929091248,25.37786900541146,800.3358835603657,130.6213845866766,67.64321701810039,59.57268147042359,108.37423527812442,58.97546174878126,50.42918454935622,131.32114200410524,29.985539257848945,37.30453317524404,193.20814812844048,140.62277909022788,558.4530696025378,48.01035754870603,20.213658695324163,168.55265565229055,120.84157993197775,41.75639237056674,553.0579216913137,164.12389961323825,88.47266281022578,147.4155626049636,705.7109590029623,118.51558126516142,83.784288113454,1871.617839149095,19.593207688001492,29.469584902624383,157.67867139391677,19.821794826296156,76.833364433663,36.62063817876469,36.48068669527897,10.21645829445792,6.164396314128029,71.37525657771972,264.9748087329726,174.8460533681657,18.543571561858556,110.21252215898488,216.476950100007,121.38458667661877,8.81647721091454,451.2735584997201,193.13304721030042,31.41910804254525,308.2949180482016,101.69807799962679,68.24967344653854,96.1000186601978
2025-10-14,197.48172973979425,114.09021086440441,266.2570404505888,138.60493889790766,3.3514872224549643,119.63971375986245,52.97211748824652,287.66931992738444,426.77604093934735,83.36824465856724,225.85300004654843,25.927477540380764,814.3690287087464,112.262252966008,72.74542843469254,56.32360471070148,106.47954196341293,59.9543825350277,52.69282688637527,129.10674010409394,31.746031746031747,36.26122980961691,201.9824950615021,140.31512789545803,549.2715170134525,49.15933369735663,20.112646584381398,168.1839001332449,116.91523257488478,39.75236233300749,567.1926639668575,163.9901317320672,88.27910440813666,135.4559419075548,686.5893962668156,119.15933074262207,83.04240562305078,1859.0513429223106,19.550342130987293,29.405112040806973,157.3337057208025,20.43476237024624,76.66527021365731,36.35432667690732,36.35432667690732,10.129869902582856,6.150909993466854,69.04994760573767,271.74975562072336,169.9017828050086,19.018293875353475,106.92658193760764,216.00334694147696,121.95922584499954,8.797188730306011,452.86971093422704,197.59810082390726,31.350370060047478,309.58990466298934,98.40338872596936,72.86598728682272,96.58846575271727
2025-10-15,197.5460979698268,110.92661621184695,266.3438256658596,139.36487241571987,3.3525796237660646,123.44849746883149,52.98938349785808,284.9227044142298,425.37481883847084,83.39541814118085,225.92661575712424,25.372973232656513,820.3171381716801,114.87241571987335,72.76913946090986,62.86086794561371,105.02421307506054,61.01229506556738,53.082510709629354,132.7062767740734,32.26857887874837,36.04023095548519,202.04833029457302,140.36086294366388,529.9403985844664,49.6680035362876,20.137362694202977,168.58759350917884,115.5080043929852,47.440399380231135,560.2216573151425,164.2251770508358,88.30787856211586,134.56882100949898,710.3613208494367,119.19817015942215,83.06947289998138,1783.91467510244,19.55671447196871,29.414696497143616,157.38498789346247,20.487986589681505,76.69025889364873,35.39392787843116,36.04023095548519,10.011175265412554,6.51890482398957,69.14695474017508,269.6032780778544,176.01462506475252,19.09247526444854,108.90985276806086,208.88620036610635,118.59750419072454,8.80005613210859,454.64704786738685,196.0327807785435,32.03576084932017,309.7490185264947,97.92326317750047,74.12926056993854,96.10728254796052
2025-10-16,193.07713780589933,110.83372149277125,266.1207778915046,138.17809621289663,3.3497720294035545,124.26723736856798,54.78273006420397,277.2620366075998,418.1632083372104,84.2565371622604,222.20154461710246,25.076765609007165,793.3842002419279,113.28742904996743,72.70819945391737,64.11091467386247,102.81939145808133,60.96120074570229,51.223597282962686,132.59514283055736,32.10198194845073,35.823950870010236,201.82376477156416,134.4561272913371,511.89403510863497,49.316088210663445,19.679910672745883,168.44641100786848,112.69703445583652,42.33739648273937,559.7525036056574,164.97627244812506,88.23392574672002,134.4561272913371,696.0081883316275,123.2902205266586,82.99990695077696,1749.2728712082442,19.5403368381874,29.390063365248732,157.2531869358891,19.726435284265378,75.9281659998139,35.87047548152973,35.14934400297758,9.909742253652182,6.513445612729134,69.08904810644832,256.0575135066763,169.79994099007283,16.80701591141714,108.81864697342863,207.26714431934494,120.35917000093049,8.79268658663646,454.2663068763376,197.03172978505629,29.86880059551503,304.27095933748956,111.19382153159022,71.97357402065693,96.02679817623523
2025-10-17,192.66480965645312,110.59702923702994,265.55246053853296,134.63324048282266,3.203342618384401,122.2841225626741,54.665738161559894,297.12163416898795,420.61281337047353,84.49396471680595,221.72701949860726,25.02321262766945,798.4215413184772,119.31290622098422,69.27762257355502,60.2098441943042,103.58635097493037,60.83101433742456,51.25348189415042,126.74094707520892,30.872794800371402,34.91179201485608,201.949860724234,141.46796521370126,518.7553497852832,49.21077065923863,19.755803553617543,167.96267482010214,111.38858210741644,42.246982358402974,563.6954503249768,164.6703806870938,88.04549675023213,134.16898792943363,685.0046425255339,123.02692664809656,82.8226555246054,1727.2293189995357,19.498607242339833,29.340761374187558,156.91736304549676,19.405756731662024,75.76601671309193,35.79387186629527,34.86536675951718,9.98142989786444,6.453110492107707,65.73816155988858,255.51068687616063,163.6490250696379,17.13509732302185,108.58625803374537,205.10677808727948,118.6768824896994,8.77390926152108,460.06543966167595,196.61095636026,29.805013927576603,302.69311818129063,107.70659238625812,71.49489322191272,95.86815227483751
2025-10-20,193.1040900842213,110.84919313971547,266.15792657391466,133.57266332054698,3.2106463170629564,126.33195291052068,54.79037736727002,298.2178586384998,419.47837539551443,84.68661300079103,222.23256246800986,25.312921688148528,798.3341864036108,128.58127066635453,69.4355772292762,62.11902656926155,103.8225303615467,60.969710521991765,51.3703410730073,127.30910613745289,31.92080451191778,36.10767252498139,209.38952279442557,141.79051559737215,510.26010888278813,49.32297240705412,19.868782280954818,170.15472365248826,117.2583872318645,43.04127309106138,564.9806895909916,164.5907575591236,88.24624261318692,134.47489646828905,690.0563026383137,123.3074310176353,83.01149318319297,1802.8291639523522,19.38485906209649,29.73337676236564,157.27513843004047,19.775720068866036,76.77632497324461,35.596296123958865,35.10306753590166,10.02745335256619,6.467823740170304,65.8880461588572,256.0932574246196,172.1650923642455,18.845097947978225,108.83383732943442,205.574426504118,120.84128239728258,8.840910148434228,466.0090270345726,197.0592340979945,30.012563398631986,313.1073581673724,104.46233306965706,71.65790330836164,96.13326508771114
2025-10-21,198.58288271489837,110.46242273811882,266.6418049599105,135.51184038784262,3.4961775125862387,125.8623904531046,54.88998694760395,303.00205109080736,423.4803281745291,85.77894857741992,222.63658400149168,25.719745955359638,805.7612088907794,123.76468394555285,71.22878985642363,62.23195972403505,104.0112809994406,61.08055420604722,53.85325423110316,128.84579526384485,31.86882455780638,35.56731261581088,209.86388215550997,145.46429237367144,502.9092931311765,57.33731120641431,19.759929826982912,173.4163681562325,113.27615140779413,40.229349244825656,566.0078314376282,164.87973149356702,88.40667536826402,134.71937348498975,691.7769904903971,124.61635369808175,82.477160583075,1842.2501034285847,18.754428832939528,29.60096960656349,157.56106656721983,20.520231782912138,77.56852507924668,37.279042605475304,35.05500652619802,9.973895520877642,6.74342735698813,69.45739325004661,268.77215156220865,176.6735036360246,17.78155939805292,109.03169858506782,212.10143576356515,120.72114306067033,11.001305239604697,480.0438369674156,197.41749021070294,31.46559761327615,314.28305053141895,103.76654857355956,72.72049226179377,96.81614312622365
2025-10-22,198.0413238593867,110.77224628730951,267.3896783844428,136.6487444561635,3.505983545250561,125.74794315632012,55.16080777860883,302.3560209424084,423.73549947118084,89.71531139707601,211.2939416604338,25.663799551234106,819.1197351813762,115.69745699326852,71.42857142857143,57.68511593118923,107.69212789827974,56.497755029260354,52.13864882133216,128.0852655198205,30.99289454001496,35.293567688855646,209.14360508601348,145.87228870605836,482.4233358264772,58.432591166528375,19.167913638038605,172.09972761064301,109.15295437546747,32.39528795811518,582.4607329842933,165.9494198875456,88.65463724756918,135.0972326103216,696.5220643231114,121.2097944032816,82.70849143736561,1817.0344053851907,19.025804038893046,29.68399401645475,158.00299177262528,20.577786658892634,77.78608825729245,37.07787878226235,36.03543357877653,10.050486163051609,6.451009723261032,66.69642948444512,273.7004487658938,168.94166043380704,16.31217334550445,104.27871281831409,209.86771851042445,121.8212415856395,11.032161555721766,481.390257602141,196.0181476647228,29.917726252804787,311.00178549516176,102.14098728496634,72.55048616305162,99.19596110695588
2025-10-23,198.161747509238,108.93867814210206,267.55227092006174,141.02624070349407,3.5081154403854247,131.43739183310726,58.28383221049277,304.97262573670423,420.8456787326348,89.05935731325131,211.42242387389493,25.295382292312254,809.2052949155714,129.56639693156836,73.2026755227092,57.720192712474855,111.3265376691204,56.129847046166795,50.516862341550116,132.84063800926143,30.319004744908845,35.56012864186234,205.34169044389353,142.30974046523457,509.8461106693484,57.533093222320964,20.392441237696016,182.89386269820852,116.4694326207961,34.613405678469526,579.9008464059357,166.05032930606552,88.70854576921278,135.17938163618504,706.7683240563169,127.08732868702931,82.75878426624841,1843.0028810398053,19.03737312315824,29.81898124327611,158.09906918003648,20.59029946241785,77.83338790401795,36.72950045532415,36.92548728545681,10.262406749449664,6.454932410309182,66.7369858052879,273.86687871275547,172.5992796669629,17.640676114338252,104.34212192382127,217.17573319612703,120.67917114925861,10.945320174002525,484.6910501397399,186.39786706581222,31.33916460077646,310.7254782730717,107.11445811310163,72.50105243463211,99.63047850694606
2025-10-24,195.8217924169785,108.93358278765201,267.5397567820393,143.1244153414406,3.507951356407858,132.1375162608162,58.28110611918265,309.7754911131899,424.83629560336766,89.05519176800749,211.41253507951356,25.350795135640787,804.4901777362021,139.38260056127223,72.4976613657624,57.99812909260992,113.83524824237021,56.12722170252573,52.52572497661366,136.76333021515435,31.759121130291163,35.68755846585594,208.6529466791394,154.95790458372312,507.0159027128157,59.58840037418148,20.39148742847068,180.31453488584543,120.68287891355824,37.418147801683816,592.843779232928,163.23666978484565,88.7043966323667,155.7530402245089,716.0102808553555,130.02806361085126,80.87044012000118,1861.4967624532273,19.036482694106642,29.817586529466794,158.09167446211413,20.275023900202438,77.82974742750234,36.20205799812909,36.763330215154355,10.184284634853324,6.711880261927035,66.73386433728953,273.85406922357345,172.5912067352666,18.335360606437092,104.33724156264617,217.16557530402247,120.4864359214219,10.757717492984098,492.3148002660197,186.57623947614593,31.3376987839102,313.2305948170019,112.25444340505146,74.13470533208607,99.40926647275492
2025-10-27,195.52913888824025,109.23781057351019,267.8867099932281,146.08630674388195,3.502708761442182,134.59181219935084,58.19400564300977,309.447968538378,417.24266766299274,87.16654372219725,211.09658135624883,25.21997056630044,796.609377918924,133.3364468522324,74.77115636091911,57.911451522510745,113.72127778815619,60.71361853166449,51.88679245283019,139.50121427237065,31.757892770409118,35.2606015318513,212.96469269568468,154.72632168877266,502.94692739468525,59.54464649276691,20.086867462334936,180.63455400301234,126.05081262843267,42.9665608070241,587.0539884177098,163.55314776760696,88.57182888100131,155.5202690080329,707.5938725948067,135.20455819166824,80.7495801310305,1967.6816738277603,18.681113394358306,29.773024472258548,157.85540818232766,20.128899682421075,75.25919816793737,36.194657201569214,36.61451476902555,10.181206799925276,6.701849430226042,67.01849430226042,274.5189613300953,192.88249579674948,19.751074335050877,104.18131069537526,228.75023351391744,118.39155613674575,10.741640201756026,491.944225930553,189.4731926022791,33.62600410984495,313.46953883920236,112.08668036614982,74.25742574257426,99.05707125750163
2025-10-28,195.1371635723767,108.94415223222603,267.15058611033487,145.07940943598342,3.493083694285315,134.4138605560989,58.03409477099925,310.8630263640492,413.4297424432956,86.92701942991418,211.26170183037584,25.117599915838515,791.2998928787667,139.7233477714126,74.61226770993433,57.752317078850545,118.18266498998649,62.13031530902147,50.53327744399422,142.91929193738065,31.798239030989475,35.4897303339388,215.034232220204,161.33389222672443,491.87089380734477,60.01863137160298,20.23752917952922,180.13818966571188,125.61780506628126,42.84849331656653,585.4408271622189,163.10372129849566,88.32844301616133,155.092916026268,700.2934190303199,133.20292487541334,80.52768896491197,1958.9213357552046,18.629779702855014,29.69121140142518,157.42163848912486,19.17702948162638,75.68348004284849,34.94853546098516,35.12086149177233,10.19933889866164,6.47850617593571,65.80969680033533,247.77607004797167,184.1553723627218,18.4742212128969,103.89503165243235,229.61203483768804,115.92380420101533,10.712123329141633,490.59241607866426,189.79088072283545,33.533603465139024,316.2833553106516,106.14316985701645,74.51911881142006,98.78580547235224
2025-10-29,195.0735654652435,108.83229350963776,267.06351775654156,149.4142898401853,3.491945246298538,137.34984635440915,58.01518059540576,311.94617657457627,408.69540743726134,86.39771042061935,208.91144426855385,24.619146081164445,783.5916039086507,145.26492224601918,72.63246112300959,54.24154949250396,117.45739826799515,61.64447341465685,50.51680789645218,142.9369587484868,26.696620479022137,36.51922829646906,214.964149362138,169.4757426203557,495.8562249743924,59.130272837321904,20.173666474761237,175.54100825917797,125.71002886674736,44.23130645311481,557.7800540087532,159.69782988333992,88.29965546140235,155.04236893565508,698.234003253329,135.5149496177775,80.50144379204883,1985.2947274536734,18.48403017040693,28.903295145941485,157.37033243318743,18.996182139864047,75.65881366980165,33.55060878973543,34.88965384819641,10.196014782249932,6.482446956305943,61.518765659191956,242.1082037433653,181.61840249688635,19.08930067976534,103.86117071465569,233.12226464289037,112.65853113141935,10.336157929043672,490.4325247055126,183.44352360554984,32.83313169016697,305.7575220501792,123.1920999103734,75.09079284980561,100.56802309339788
2025-10-30,195.09476031215164,108.57952434039392,266.44324760196025,148.00492382014122,3.4838350055741363,137.0308435525827,59.225195094760316,309.94564128692866,412.9287566628345,86.19704684197615,208.42623560014866,23.520995231863736,793.3082424633036,146.63182559486484,70.8379784466741,54.37105165366035,117.59104422147901,52.43404165868288,49.238201412114456,138.74953548866594,26.04840298825948,36.104143441099964,216.2602147131062,163.8331475287997,506.31735414344115,59.53734535038671,19.54895977812689,177.36146176273343,118.49684132292829,44.12857673727239,556.4845782237087,162.74897399244588,88.09457450761799,154.68227424749165,725.4097044401477,137.19714223917688,80.31447462679418,2055.445959912672,18.441099962839093,28.8438318565139,157.00483091787441,19.26792957046492,73.77461773983302,32.23290473543902,35.349777488183996,10.079895949461168,6.467391105887174,61.78000743218135,245.69676065037396,168.35516990227845,18.145206469844506,103.61994725981862,233.95857284699,111.13433667781494,11.454384816884552,483.9279078409513,181.83296172426608,32.756874881150424,296.56075173175634,118.4420321608777,74.97212931995541,99.54477889260498
2025-10-31,189.82924673149398,107.00692794601731,266.87713368887546,165.71395065399201,3.4895082119759926,136.18387381938305,59.32163960359187,310.3335969850649,413.6230400595543,87.30051531130776,208.7656446284837,23.995253360105618,790.8156143860792,146.87060630932166,70.95333364351184,55.83213139161588,117.36379286279255,53.08705159819476,49.31838272926069,139.5803284790397,26.200623685982066,35.96519797143256,216.61238088418324,164.099939515191,507.1418601405109,58.89033547986554,19.30861210626716,178.08846012364492,127.71600055832133,44.2004373516959,557.3907783929652,162.55385565213095,88.23803098683292,154.93416461173408,746.661703810543,138.85916344856466,80.44526170221118,2017.3544875075606,18.47113013539292,28.890802224307045,157.26050341971805,19.316986585203615,73.88452054157167,32.2002520397266,35.6395105383148,10.049783650490857,6.22062983056075,61.880612292374266,247.9258326838971,181.2683199181129,16.996230763177255,103.78868583303286,233.61001165350348,113.99060159121575,11.473037562829322,486.78730429674783,181.45442702275162,32.33610943097753,294.72711227928863,123.42017968059369,74.90810961708463,98.21802447308427
2025-11-03,190.82362845517048,107.56746187473692,268.2751150261915,165.8949534633553,3.507787287778869,135.86829427996818,59.632383892240775,313.1280218125906,412.7141029126327,85.73032131331556,193.11538281651934,23.247275047610906,801.7866329919087,154.7635751368037,71.325008184837,55.67139322733969,119.62723913755202,56.49876058182498,50.605677938356486,140.91950797436976,25.566157096619076,36.53664479871878,218.88592675740142,169.1656111332784,505.4118124006127,58.77555089616657,19.13848801305043,179.0213401355175,127.1689818062766,45.13352976942145,575.9786726532903,163.2397914255063,88.700247883635,155.7457555773818,774.7397660305879,140.30587357057667,80.86665776931036,1978.3925783990458,18.567887376642812,28.729948291196038,158.08428043590104,19.331648967413386,74.27154950657125,31.453159347083858,35.312193525355454,10.195968383143912,6.428137245283487,62.204761236611944,244.60970020111313,173.26130676769094,17.987465335479662,104.33236165798489,239.09078153500772,113.00687297936837,11.533136725966541,489.3372401314251,175.58298922305434,32.73934801926944,286.93793646374115,136.56985173752398,75.53435293017165,98.6389785323418
2025-11-04,188.969764837626,107.31149227061171,262.29144157247345,160.04106009705114,3.4061216871967153,133.45277678748485,59.653788727137,312.1500559910414,425.7647552433278,85.38633818589027,192.65584173198957,23.796192609182533,821.2014853665081,145.62336692795822,71.15528182157522,55.53891650773377,115.726483762598,54.871220604703254,47.988988428518105,133.16536020903322,25.300017752367957,34.55393792266675,218.3650615901456,157.6614408361329,478.2624168153929,58.55776454673503,19.092945698349723,178.59533750641566,119.65845555856897,42.22657708100038,572.2751026502426,162.6278434773353,88.48917506532288,167.9259980512493,790.8006463757466,139.97199901140817,80.67422591291644,2032.2415080253827,18.523702874206794,28.661581952877125,153.97536394176933,16.414706410646172,74.09481149682718,31.26166480029862,34.97153834292764,10.29302006828647,6.412840726082785,62.989921612542,224.8040313549832,163.93149882477138,16.800578915837008,104.08409036064647,229.09667786487498,112.3222302660741,11.50569225167463,490.122693650266,181.97088465845465,30.795072788353867,287.78602454857224,135.3858756947847,76.10115714818963,98.91750653228817
2025-11-05,188.01585451154114,107.88062485427838,262.4383415423176,156.21356959664257,3.404056889717883,123.85171368617394,60.387036605269294,315.98181303188386,424.8113815866169,85.70762415481464,192.53905339239915,23.805082769876428,815.4348332944742,149.82513406388435,70.64583819072044,55.50524871036372,115.34157146187923,55.490790394031244,50.50128235019818,133.83072977384006,27.87129924024394,35.490325337163384,218.23268827232454,157.56586616927024,489.25157379342505,59.874096525996734,19.11867568197715,178.48707267136862,124.32222373003614,40.10258801585451,571.9281883889018,161.8092795523432,88.4355327582187,167.82420099017835,807.246007227792,143.52996036372116,80.62532104292958,1978.31662392166,18.512473770109583,28.64420724710014,153.88202378176732,16.10165482830351,74.51620424341338,31.709023082303567,34.50687806015388,10.538587083236186,6.304499741116446,62.48542783865703,222.42992611914198,163.83212323676847,16.41221690161241,104.02099438607485,228.54511085771742,112.84681743996269,11.498717479034303,489.82558033632546,181.86057356027047,35.20634180461646,283.6903816449056,139.27675630974585,76.14828631382606,98.99743529960364
2025-11-06,189.37590440181114,107.9914111002194,262.70784831139434,142.8371376557905,3.351538209016376,116.5102926760958,60.44905008635579,317.7804256450427,427.9508114818186,85.3755309713859,192.73677822900623,23.829529010876165,802.875414274378,143.6306773094338,70.71838678056295,55.56224891909397,115.86787792690684,51.05111183074266,50.2730709984596,133.96816505624795,26.797368113235486,33.624143074725474,221.72431498856372,160.901834476964,479.91876976555574,59.93371427612846,18.67198850607408,173.9312377468142,110.17411239161767,40.1437707137189,572.5155207020492,162.69616493517483,88.52635018438129,210.5214022312468,812.5747590206788,143.5368524592436,80.70811789971643,1855.482425430612,18.053027120384634,28.673622947956055,154.04005041310742,15.777902710433882,74.59272744246839,30.569482082268475,34.77570835083789,10.596088316295571,5.834850394435887,61.616020165242965,220.32349504621203,161.2752649022079,15.092190978117854,104.12781704753654,230.9858636162069,111.60901834476965,11.51052589916868,490.3285987169164,174.7187602109882,34.30892031928302,278.4413856456846,142.9304952621015,75.01283667086777,99.42538347730827
2025-11-07,188.6523829529011,107.9914111002194,254.05405861253095,139.336227419129,3.351538209016376,115.53003780983056,58.847497615004905,317.41540560962517,429.57007363581204,86.2857676329179,187.64878868505812,23.540119861502536,794.9400177379453,127.19973859870234,68.17439200858891,55.56224891909397,116.69700788871775,51.05111183074266,50.848151346172926,124.91247724408348,25.315783356928012,34.26830998846159,224.47742988697897,159.3054216882848,492.9654952475144,60.682444102133225,18.49227482902065,173.9312377468142,111.7957335573916,40.1437707137189,550.1096951874155,161.18190729589693,88.52635018438129,202.11921766325912,798.2066222634552,134.9484199225132,80.70811789971643,1814.3766337581105,18.053027120384634,28.673622947956055,167.62358213135417,16.570975120197918,75.38393087671545,29.827755216356255,35.05624841365005,11.031135103590476,6.491621496719356,61.616020165242965,218.4567987676796,160.29501003594268,14.479765308641706,104.12781704753654,224.9918312094478,109.50847220277274,11.51052589916868,493.03040795815247,174.7187602109882,34.30892031928302,276.758623908883,135.83531718246746,74.00924240302479,101.19964524109602
2025-11-10,188.29099090653418,109.85282167695931,255.1139072680346,150.6984156745102,3.6889470773526853,118.7498786964177,62.00595110797319,316.3963626136683,428.84597356332614,86.62229305334209,185.61919940001874,23.15552638980032,788.7597445685291,145.75278851759515,64.72063373019593,55.794040432818505,119.60954345176714,54.93578325677323,50.81091215899503,121.87119152526483,28.592856473235212,35.810911701245665,226.75026879042844,159.97000322621756,504.2186181681823,60.46686041061217,18.655667010405924,171.48424225268352,117.88694103309271,40.31124027374145,552.4046123558638,161.8543170525921,88.8956595106403,202.96240742476797,832.63804256117,142.96428236617606,81.04481155740251,1800.0506820099372,18.128339739383144,29.235259074240357,168.32286491047154,16.27917820347655,75.69841338576333,30.184682758632054,35.377800693728325,11.250116926353986,6.517765212888245,66.09168463485516,222.68163220241163,175.5413893315834,15.166870128631235,104.56221170944853,232.4927346020437,110.1528077247586,11.558544873811316,495.08720491644794,177.69757195087655,34.45204837348833,274.67891628386616,149.52657729445954,74.52892097121965,101.19996250117184
2025-11-11,192.98962421276494,110.14711179471965,255.79734444029938,144.75724961225737,3.6988295788053853,115.99379611787376,62.1720618948865,319.31475577354655,427.22234175988154,86.85434976735442,186.11646378718802,23.593551722517272,790.2899844902946,137.70738355971235,64.89401701367673,55.94350982721953,119.92997133054472,55.082953423884945,49.866052545001644,120.80838188683789,26.841659319996356,35.53273625496428,227.35772121892182,160.7341232977511,492.8871624876627,60.62884805188701,18.52234836224635,171.94363980912487,113.51506367277459,37.94002913944635,562.2503172439723,165.31935893218028,89.1338064576773,203.5061333834657,852.7856701191427,143.34727640174836,81.2619264823812,1812.8811333834656,18.176904638811862,29.313578845224594,168.77379329792734,16.214691920853504,75.90120558217205,30.287634190712094,36.659303473234004,11.561780326173801,6.500916826818571,66.26874089392301,225.59571368144003,180.90660818460074,13.864736570005169,104.84232855239813,234.76053954974856,112.79785684072002,11.589509627197941,501.01048080086474,182.59153076091553,34.544343657470506,281.2426563895286,146.40221835785118,74.25858908680735,103.39803543732668
2025-11-12,201.546367450851,110.7915704115789,256.59328167725477,136.2972042807977,3.710338831183923,116.59233600784971,62.36551605004479,323.2954562196502,433.642921125831,90.2767425086777,181.2738673329876,23.949837348545568,789.4488708688889,133.44066343450922,64.61364478484042,45.683843288859556,120.30314459478573,55.254349158455526,52.14275611710905,122.13521792569304,26.589976898778936,36.05676242482527,232.6622978643157,161.23426247731132,505.0681250294659,62.23186082692943,18.488992194037735,178.4195364249387,115.19966055348641,36.81061609671132,563.9998114186036,167.6422661553852,89.41115458959975,221.9603036160483,878.1915191410118,143.79331478949604,81.5147805273502,1813.954507684692,18.233463768799208,29.404790773176362,169.29894865871483,16.45372683984725,76.13737924529137,35.9120258577507,36.207628117486216,11.597755881382302,6.458912828249494,64.58912828249494,228.445137178233,173.8720475225119,13.361935478182755,105.16855521236035,232.2733487341474,113.62029135825752,11.625571464706551,502.56942152656643,185.73852959180968,34.651831596812976,293.74664826033666,146.85776248173119,75.05539578520579,102.06968082598652
2025-11-13,202.30855951209887,111.39908581122474,256.472366884513,123.69822345789548,3.7085904032911827,114.50921257245182,58.3384383393808,323.14310927265444,442.72183214740113,90.71203053579002,181.1884454078507,24.397058596142973,797.9873636374347,133.377782013542,64.51204042060341,44.20149851562132,120.24645398426087,55.228311578153715,52.777908675368735,114.65058197068942,24.810329390697895,34.918241364685926,232.78827576457283,154.42250600819943,483.247726308845,62.20253522454173,18.142406107158003,178.142514711253,104.18924650110739,36.79326978122349,562.8858206493568,168.182460769992,89.36902125253287,221.85570896753217,883.5709799549974,132.32175675038877,81.4763682091148,1760.5202393855143,18.224871589463266,29.390934314586673,169.219169690401,16.11563970757151,76.10150092700037,36.5675510107912,36.19056594882428,11.309551859007588,6.267376655200038,60.83596437491165,228.33748667298903,164.22411761933932,11.909429137530704,105.1189964944807,222.37406342773667,113.09551859007587,11.620093131232771,504.0398882592715,185.9007586824372,31.947600111806995,287.45110974977615,134.25380519296922,72.98713469448012,103.01116818246076
2025-11-14,198.79738009487,111.87631763879129,254.98243605791757,127.19606465214336,3.687046003665598,113.66596163841064,58.041228140006446,310.7987819161396,437.57320215507144,88.49847739517452,173.5769501054111,23.658936519091124,793.7221831810729,124.15085500117124,63.715155774185995,44.0384164909815,114.78097915202625,54.9074724759897,52.471304755211996,115.06160647619467,24.7364722417428,34.58889612522693,229.57694187016867,153.52541578824082,498.9458889669712,61.18528929491684,17.31178210417765,175.18931907355355,104.94260951042399,36.57952579186431,567.814476458187,168.60389307361208,99.78917779339424,201.4523307566175,883.1107987819162,131.5530569219958,81.00304566716444,1754.1344577184352,18.118997423284142,30.66291871632701,168.23612087139847,15.704380016635191,74.81845865542282,37.03443429374561,36.77676270789412,11.384399156711174,6.230967439681424,60.48254860623097,217.84961349262124,165.14406184118062,12.06793142833875,104.50832628762592,221.1960728873858,110.47083626141954,11.552588256635776,501.1117577301476,184.8208011243851,31.155775101018975,275.137505673167,134.92621222768798,72.99133286483955,102.31904427266339
2025-11-18,198.76013293948193,111.8553562227739,254.934661935278,118.9751276406389,3.6863551898563016,108.15494870954143,58.030353395870414,294.1589770012647,433.55660686683217,86.66822939233103,173.5444283104595,23.420300716661203,771.46470560682,124.12759379830437,66.93521944821771,44.030165347323056,111.63871844114479,54.89718487985386,48.66504057201157,105.5787156307087,23.732259293742533,35.77638193954488,229.53392778203897,144.0348494074664,498.8524052648836,58.257998032694736,17.565225537495902,169.45059862654574,99.95784345871,33.70181273127547,559.4323065483161,171.7260729608237,96.91320436554405,204.92763127078553,889.5034786465408,123.61234718253782,80.98786874165651,1773.7598950770528,18.11560260433744,30.657173638109512,168.20459974706074,15.363717270129749,74.80444048901587,36.39514731369151,36.14595497099542,11.382266148297344,6.2297999906318795,60.47121645041922,217.6682748606492,158.55543585179635,12.06520148823203,104.48874535619349,219.58873951941544,110.77802238980749,11.550423735907566,501.017868225678,185.70331528994333,31.14993768004356,269.3334582416038,133.96412009930208,72.36872921448311,100.76303065278233
2025-11-19,199.54526584175875,112.29720197507642,255.9416928124265,124.10063484599107,3.7009168562540413,107.21843404655537,58.25958216075417,295.59699587056195,433.10604279332233,83.58805549024218,169.2922642840348,23.23018999456266,764.9325200593698,122.73689160592522,69.17470021161533,44.2040912297202,112.02680460851164,55.11403715024688,48.90665412649894,103.45638372913237,23.277686339054785,35.91770411602839,230.4406218772043,145.59134728426992,517.2819186456619,58.78250692525864,17.63461086292029,170.11995438881377,102.04561486009875,31.575829859988538,562.5675993416412,175.12344227604044,97.29602633435222,223.37173759699036,907.2875947860333,124.10063484599107,81.30778320082882,1803.9031272043262,18.187162003291792,30.77827415941688,168.8690336233247,15.28803226444936,73.83023747942629,37.41405997420938,35.78556221343757,11.427227839172348,5.949682419142554,60.71008699741359,218.6691747002116,162.6442456060428,11.591347542589421,104.90149186970962,221.02045614860097,111.92099694333412,11.59604967495371,502.99696537738066,182.78861979778978,31.272984694627322,265.8452948653891,133.27063249470962,72.32541735245708,101.76346108629203
2025-11-20,199.66981132075472,112.64150943396227,249.1962245725236,123.01886792452831,3.915094339622642,103.81321169295401,56.71414933114682,296.1556603773585,435.8848946049528,83.67924528301887,169.81132075471697,23.114150425173204,773.3490566037736,121.4622641509434,68.77924505269753,43.86792452830189,115.4245283018868,54.716981132075475,48.820754716981135,102.31132075471699,22.87735849056604,34.19811320754717,231.14716151975236,134.43396226415095,486.8867924528302,59.363207547169814,17.731131787570018,170.6415485885908,91.97217257517688,29.214152210163622,559.6698113207548,176.69811320754718,97.59433962264151,201.6509433962264,904.3867924528303,124.4811320754717,81.55707593234081,1651.1915905070755,17.089622065706074,30.872641509433965,169.3867924528302,15.518867924528303,75.66273815227005,36.22641509433962,35.84905660377358,11.35282984319723,5.660377358490567,59.10377358490566,221.3679245283019,158.49056603773585,11.16320771991082,105.22312380232901,212.79435067806605,113.91509433962264,11.631603600843897,504.5391730542453,183.3490566037736,31.36886884581368,269.8117813974057,120.30141002727005,72.54716981132076,101.0165117371757
2025-11-21,205.846414136667,111.38264874518282,248.28273150378325,122.42691982329167,3.9007425509916347,101.98609167185592,56.39627784566219,300.3515312911223,439.1860137230943,83.78983010070554,169.18883353698658,23.029419541952812,784.9421938152083,112.46357740389135,68.52711698078708,42.673183569884394,115.00140990694615,54.51640191747345,51.02359496714623,104.63248976348811,24.09154972822575,34.0727511984209,234.98449102359245,140.61471942851773,485.56442540417333,61.09549723819791,17.457937833476038,170.01601795648676,93.69066871078697,29.10706019623408,581.1166463013442,177.6482752138359,97.23658238556256,200.91173982517154,922.8310931478522,122.89688880533886,81.2581074238944,1697.4339693580225,16.566406617163267,30.759469874988252,168.7658614531441,15.902340216053554,75.38537686004912,36.46959300686155,35.812106859931625,11.311213115696084,5.733621580975656,57.14822821693769,230.75477018516779,157.90957796785412,11.030171865224279,104.83740128815562,204.62449478334432,116.08233856565468,11.58896495619375,502.6896545140521,181.1730425791898,31.25387816201006,277.9250841905372,119.84209042203216,72.14023874424288,101.70128771501082
2025-11-24,200.23485204321278,111.06623286313997,252.89290012916862,127.38374823860968,3.898543917332081,106.24753451224167,60.9647694413457,300.1822396811884,439.17332080789106,84.78158759981213,169.0934711131987,23.11742665231256,770.6636771958666,129.68529826209488,70.45514280105097,42.649131047440115,109.93424142790043,56.36449037106623,50.962893377172385,110.93940358589714,23.19398721432451,34.05354626585252,233.8656646312823,148.5204321277595,485.2907394903711,61.71911695631752,17.712541385792186,169.9201892944164,99.96853349577266,33.48755341507897,580.789102865195,177.54814466885864,99.04293205436825,249.5068107092532,928.1822451855331,129.23625840329967,81.21230670575974,1736.5044475105685,16.775481160003963,30.742132456552373,168.6707374354157,15.782057303898544,75.34288627656764,35.41568811648661,35.932832774336546,11.304837608068636,5.730389854391733,57.11601690934712,230.624706434946,157.82057303898546,11.945514669996184,104.77831022120127,211.36683889149836,116.39267261625177,11.582432895156911,509.64397898074213,181.07092531705027,31.236262072862846,277.2663222170033,126.82010333489902,72.8511038046031,100.98637858149367
2025-11-25,201.59661892463018,111.04015485589339,252.2399716042498,125.2876262033341,3.8976285513031224,107.69053860207795,58.72270486029584,313.2190655083353,438.23997710730214,87.39140643343507,176.09767551068325,23.010096266729278,765.4383548074665,121.57924532974289,70.90866400563512,42.96783282460671,106.62714252171871,58.93402207090866,53.56656262840455,109.03968067621507,24.08969195747241,35.219535102136646,235.97088518431553,148.48555999060812,482.742427799953,62.69969201250293,18.032401972293965,169.88029256060693,100.51843339105423,34.290677187279876,580.6527353838928,178.63348203803707,99.01967708088752,249.44822728339983,951.6318384597323,130.78187367926742,81.19323830784808,1775.064569147687,16.56257394726608,32.16717539328481,168.63113406903028,15.778351725757219,75.32519600038154,36.58135712608593,35.73608828363465,11.30218326723556,5.799483446818502,59.21577835172575,230.94623150974405,185.48955153791968,12.446583131860471,104.75370859870274,213.9469359004461,113.89058693722117,11.579713375810782,512.1159786628316,181.02841042498238,36.62831650622211,282.0699777309814,126.79032636769193,73.5853486733975,99.06081239727635
2025-11-26,201.6250234829983,111.05580019050582,255.96468157054292,134.45425741255517,3.898177719331204,110.37009205335336,59.78019753054257,314.3640776538723,440.89985198372625,87.40371970693218,176.1224873191809,22.82594447518434,782.9231636295322,140.85102385872628,73.54875070448995,45.51005072327634,109.18431530181523,60.961863610745816,55.607739996242714,115.20758970505354,24.187488258500842,36.367651082823066,236.94345294007138,146.62784144279541,511.1060363780997,62.70852627307204,18.58397531661686,169.90422835234477,110.83975201953784,36.45500714855491,542.7550180232012,178.2829231636295,100.36633477362389,257.8433214352808,954.5313197151512,130.80030058237836,81.2046782719155,1747.1772702188614,16.93124178095059,31.00483887360863,166.44749201578057,15.890945242509655,75.33580916908345,36.58651136577118,35.69415743002066,11.303775722138889,5.823783580687582,59.17715573924478,230.13338343039638,183.40221679504037,12.914710266124747,104.7684681856742,215.47999248544053,116.42870561713319,11.581344934148534,512.188134774798,178.61168513995867,36.63347736238963,284.53174901371403,126.80819086981025,73.59571670110839,99.27155464053399
2025-11-27,201.6723822051017,111.08188554781087,256.02480387090714,134.4858387197879,3.8990933433550996,110.39601634800583,59.79423901067847,316.0097666342721,441.00341280769953,87.42424954197398,176.16385587447738,23.068069140459848,783.1070606473435,140.88410767134872,73.56602621318176,45.520740357964954,109.20996107512802,60.97618264668577,55.62080142810166,115.2346502560248,24.193169540094896,36.37619330368153,236.9991074364636,146.66228214403156,511.2260875916052,62.76600627547036,19.260581575609528,169.944136331006,110.43407049343496,36.46356988805521,542.8825031122282,178.3247991732043,100.38990933433551,257.9038850002349,954.7555249389299,130.8310236294452,81.22375204423474,1762.1195227721146,16.935218678066427,31.01212144956429,166.48658805843942,15.894677789426206,75.35350443125499,36.595104993658104,35.70254145722742,11.306430811095094,5.825151500916053,59.1910555738244,230.18743834265047,183.44529525062245,13.358857289293349,104.79307674211374,215.53060553389395,116.45605299008785,11.584065219988286,512.3084401571382,178.65363837083666,36.6420820218913,284.5985812937474,126.83797622962372,73.61300324141496,99.29487205365952
2025-11-28,201.98550861014397,111.25435671667685,256.42232050437565,132.53975722216992,3.9051472663969133,113.15517079138044,60.20607862600863,316.50041885498024,441.9403406417615,87.04243907029264,176.43737649383644,23.00743389479627,776.324916045215,152.4418932906747,74.19779806154135,46.01486778959254,109.37952580249599,61.07085725039992,55.737744632260394,113.86092029735579,24.38317447230521,37.122424014303185,237.36708384304129,146.3253975722217,512.0198422208761,63.51745553778112,19.46410098999747,169.29290332113953,109.86167309682882,38.526396295072395,544.2740190081867,177.84840454664416,100.54577961795427,274.77180765973463,919.8268561212006,131.0341582760892,81.34986401456784,1787.8992998376775,16.9756275427199,31.060272386227297,166.74508327844168,15.996988802107838,75.4705019680119,37.875223487343554,36.20494965653524,11.323985728605496,5.901006783144128,59.89413711463136,229.79203914557257,186.31786957749128,14.114049637071991,104.95578359882256,215.86524889432576,117.81311753081772,11.602051206261908,513.1038752999435,179.49562435306294,36.22847464006775,283.97618720299704,127.03491107556223,73.86844829208619,99.94589253787522
2025-12-01,193.50282485875707,111.3276882135711,260.8286252354049,144.0677966101695,3.9077212806026367,110.94161498793551,60.24576248197682,312.55696614583337,440.20715630885127,87.09981167608287,172.08097928436914,23.06967984934087,783.8987648599341,151.9774011299435,74.38794726930321,45.951035781544256,108.30979284369116,61.111111111111114,55.79566740046787,112.52354048964219,24.399246244556263,37.28813559322034,237.52354048964222,146.42184557438796,498.1167608286253,63.05225896745528,19.585687382297554,169.40448998057911,106.26648294050142,38.551790341594575,546.1393596986818,178.43644021819094,100.00000000000001,274.9529190207156,913.6487942855462,131.120527306968,81.40348445224224,1779.6610169491528,16.986816751081392,31.08074525879826,166.85499058380415,15.913370998116761,75.52024711996823,38.93596986817326,36.406309770774484,11.331449749330568,5.743879472693032,59.93361535943386,229.94350282485877,193.98117496468927,13.327213150857757,115.05245345235994,217.51412429378533,118.40866290018833,11.609698509316885,513.4420793608757,178.3898305084746,37.193973634651606,281.3394492628884,141.24293785310735,73.82297551789078,100.63794956817915
2025-12-02,193.16632983973304,111.13409304207595,260.3750528739954,122.93368012921816,3.900925882408234,109.50791934953236,61.04948776481059,311.7873714500987,435.16473187009444,85.77337030596418,168.9617897259952,22.841566010245803,789.913991634159,163.08690134887436,74.21158997979038,45.871128448559475,111.59056727922169,65.11256400874477,56.06382455784121,117.26277200733186,25.097523147060205,36.68938359018835,237.11049490059688,146.63721389293602,512.9952530901912,62.34619725818959,19.571368775096786,169.10990116969026,108.52140855222187,32.52338205574094,544.5316538985759,175.96465667152324,102.66954927856371,265.77995018094657,905.2028011467781,137.47238802462752,81.2619264823812,1830.9065760563049,17.05221635212759,31.026696869712598,166.5648352681299,15.932697278751704,75.38891990544367,39.00925882408234,35.96418771314829,11.311744732611798,5.545894628002068,61.67175548273958,229.54363867086525,192.46134323447853,13.203458790044706,114.85238103718217,223.48075386567655,118.80293366222917,11.589509627197941,512.5492205491845,178.07961648728673,37.129294543403674,281.9941831261456,138.17831552997367,73.69459980260375,99.90882219136273
2025-12-03,198.2612781954887,111.11842564174107,260.3383458646616,130.92105263157893,3.900375939849624,109.96240601503759,61.040881164091864,316.2593984962406,433.07472171640035,84.28618352215989,168.93796992481202,23.496240601503757,792.0996644443138,159.53947368421052,76.97368421052632,47.22744360902255,111.33305829270441,68.60902255639097,57.85902209748002,114.89661654135338,25.234962406015036,38.1578947368421,237.07706766917292,144.45488721804512,522.0864661654135,63.87217815657307,19.90131578947368,169.0860604881344,115.13157894736841,34.304511278195484,555.6390977443609,176.22180451127818,103.4868398107084,258.4248019340343,887.453007518797,137.453007518797,81.25047038372297,1820.9586466165413,16.691729896946956,31.022322805304274,166.54135338345864,16.11842105263158,75.37829176823895,40.554511278195484,36.46710618097979,11.310150031756637,5.4981203007518795,61.663061156308736,228.85338345864662,188.58364937000704,13.321898037329651,114.83618944211113,228.85338345864662,117.95112781954887,11.587875767758018,501.0300715166823,179.26456766917292,38.07283846059239,292.15225563909775,138.15883550428805,76.19689711950775,101.50375939849623
2025-12-04,198.01004364762755,110.97761757433004,260.00844792791105,131.69380954615855,3.895433425634768,110.66785563429859,60.96353081953701,318.48688224527154,430.304594734125,84.17937698181643,168.72389355610832,23.259961801450963,768.1513117754729,159.3373069883137,76.87614399023795,51.15689679448069,109.58839817900221,68.52208194490075,57.44027807212712,118.08325902285634,26.047777725630077,37.78101093537335,232.90467921340405,147.3562665181924,545.5437363601164,64.36569866270474,19.641432393110247,169.40027320100202,117.21546955299316,35.889614314874514,557.5632421270005,172.909369298382,103.35570240633947,281.9861916344981,866.3279490015019,136.10550523302203,81.14751066624233,1832.1001827451073,16.426526493640587,30.98301165330056,166.3303139813207,16.07687557107846,75.28277321200193,39.80475877022516,36.37302295020416,11.123105082836627,5.603792252587362,60.54348336227531,228.56338292579906,190.54770732623084,13.380579438847123,114.69067026461374,201.3305486459849,117.29009704117192,11.573191736888846,490.68990861277985,177.54728492983529,38.02459297138998,283.8973107429483,137.98376212189658,77.43933918430564,99.96761673467054
2025-12-05,198.62530012711267,111.32244704374794,260.8163457464338,138.12908996751565,3.9075373099194954,111.01172261192976,61.15295660147239,319.73730234275695,431.2419267277906,83.27809586082047,176.07457276022785,23.52055016729512,766.4455681229697,152.87368492096653,77.67995857068877,51.315851419424696,109.22272962666541,68.92330869544749,57.624405630620025,117.33675898763006,26.83489477896521,37.89840402994209,233.62836024669272,147.35652747045808,535.0501388823502,65.23045330228096,19.702462219292876,169.9266334491667,112.65947930888376,36.20686442842704,572.00696765689,173.249846994021,104.16778540028719,282.862378661845,867.2374292347347,136.52841203333176,87.31697901096346,1763.2423732404313,16.477566969540042,31.436136968672027,166.84713525728543,16.17720423318994,75.51669172016972,40.78527410782067,36.58019867237889,10.498564097735512,5.510569325914873,75.32602043218304,220.32906951767808,202.90946753919306,12.817193164163646,115.04703692519773,196.4596770396874,121.46320794689515,11.609151939074932,489.7820234893602,179.19448328851044,39.5461607268961,282.79741548626475,142.46033614236617,77.20917094298763,100.13370092774586
2025-12-08,198.78439502450055,111.4116140998987,261.02525442894836,150.631360723709,4.805880135695439,111.46437856686416,61.201938898034065,312.05239351677346,426.4040708631738,80.38070109310215,176.21560497549945,22.89860535243121,763.1667072800839,150.30154542027893,77.74217866566151,51.35695439125518,111.05316771770755,77.28939006070662,57.508949598994654,117.43074338749764,26.66792310591783,37.928759894459105,233.81549189596683,147.47455710516397,532.9344138710893,65.28270159224228,19.746513668654146,170.06274128786987,117.0844327176781,36.235865403515774,563.9841688654353,173.38861666038446,104.25122171539294,294.80776479457217,852.8081417263476,136.63776856388992,87.38691816678642,1795.844327176781,16.985488126649077,31.46131668637215,166.9807764794572,16.1901618506025,75.57717908161162,40.817942297597945,35.45514511873351,10.554089709762533,5.356200542083291,76.56426686769694,216.92423671315493,204.9566528458349,12.886355069732378,115.13918730343597,193.46023369770072,122.2672446287222,11.618450637857643,490.17432910561155,179.3380144897875,42.169242367131545,277.9871843196381,142.52732755371278,77.74217866566151,99.36863927629099
2025-12-09,198.50381104733225,111.25435671667685,260.6568175402277,144.9209514606074,4.737931539862717,111.2261221417145,61.11555242175002,311.4637290701162,423.62802479827326,79.98494401053918,175.96687682318623,22.866283993601204,759.4015391220476,144.63159875788085,77.63244565728803,51.28446410087513,110.86148489696056,77.44424578902795,57.759009379484446,118.38242672702785,27.28898089771337,38.5809729933189,235.5321351275054,147.26639691352216,532.1821774724757,65.94099980077279,19.772277699932953,167.28355039419048,118.33066716853297,38.990308281125024,560.6568267296744,172.76747906276464,104.10407121894701,307.57645527753596,840.6253124411875,142.2791004046297,87.26357161813658,1762.8032884986355,16.792132958336516,31.416909068954666,166.74508327844168,16.178131462478387,78.57297403944551,40.90524251501188,35.687400018819986,10.586242589630187,5.72409916543283,78.5734449985885,213.0893008374894,201.60910887362377,13.2680907123365,114.97666845432036,190.6464665474734,122.70913986043803,11.602051206261908,486.1202597158182,172.19911178484048,42.109720523195634,276.9831561117907,142.32615037169472,76.36209654653241,101.53382892631974
2025-12-10,198.91560584629892,103.48844838445898,261.1975483262612,143.8000942951438,4.747760346451777,113.73785397512965,61.242336217438705,318.92975011786893,419.9985818894389,79.67939651107967,183.4040546911834,23.664780418471533,748.5393461221122,136.25648279113625,77.7934936350778,51.39085337105139,109.73892032060348,79.78397065431989,59.64167845355964,118.41112682696841,27.782178678247288,39.72465806499735,239.7218293257897,149.9292786421499,617.6331918906176,66.5351230993635,19.000471475719,167.63057897586634,116.94955209806695,39.603960396039604,564.2621404997642,177.27487034417726,104.32003440299387,309.7595473833097,851.6737388024517,142.57425742574256,87.4445993008899,1693.5326791607731,16.826968123360885,31.48208323203972,167.09099481376708,16.211692885597152,78.73597313693422,41.96133899104196,35.59641678453559,10.49033474776049,5.775577557755775,79.20792079207921,218.34040546911834,202.54596888260255,13.672795851013673,115.21518676700259,185.68882418375765,125.19425352133428,11.626119582173061,487.1287128712871,167.6096181046676,42.809995285242806,280.9052333804809,150.87223008015087,76.93541012862447,102.54596888260254
2025-12-11,189.44889307583608,103.39095573407324,260.9514837494112,147.4107408995231,4.743287656535195,114.46066886481394,57.70136599152143,327.1314178049929,420.489872821479,79.60433349034385,179.93405558172398,23.325483382337787,752.5421444447716,130.20112679580782,76.21290626471973,51.342439943476215,109.63553933113518,80.21667451719264,59.782851691297694,116.12811598416157,27.91804108370378,40.6971267074894,239.4959962317475,148.55063497262128,585.2567121997174,68.66792022086965,18.55864342910975,168.7610283023728,104.7456429580782,39.33066369450659,573.9519547809704,177.8144135657089,104.22175834609044,307.3480923221856,859.773904851625,140.1789919924635,87.36222096900023,1709.4888939590203,16.811116057300254,31.452425122541804,166.93358455016485,17.428167687235046,78.66179888056406,41.28591615638248,34.80923221855864,10.315591144606689,5.770136599152143,73.48092322185586,236.97597739048516,196.65567593028732,13.377296278850682,115.10664678888953,187.2350447479981,127.64955252001884,11.615167043706576,490.95619406500236,165.89731512011303,42.76966556759303,287.80028261893546,151.67875141677462,79.27413990741286,101.93122939236929
2025-12-15,193.72693726937268,103.8409494859672,262.0872362569779,123.07408643497492,4.763932110334099,108.02535440468587,55.37420758822972,330.1977582951911,430.03122338915693,79.95079950799507,180.71719178730248,24.032074474140174,732.4084771797237,123.75721357123426,76.54461159996215,51.56590027438735,107.03472419339577,80.56580565805658,60.5497220368087,116.6335463309561,26.78588382094007,40.73233040022708,240.53836692213073,138.99138991389913,577.206925915413,69.54300312233892,18.754849202450856,169.49553556908765,97.82430024570678,39.501844556456376,568.73876431072,183.10388642122598,104.67536804274292,308.68577916548395,904.7119302322831,140.78910019869429,87.74245203765138,1703.0933996239,16.88428393871153,31.58931712326438,167.66013813984293,18.497019123586668,78.76809537326142,40.25924874633361,34.06187908032926,10.384142302961491,5.298987706321812,73.80073800738006,246.94862333238714,185.46740051610251,11.604693114379685,115.6076313429901,183.36644904910585,121.53467688523038,11.665720330111203,483.40522880889864,166.6193585012773,42.95581417352635,291.4182987983726,146.43107246502151,79.08269582808508,102.12839620884189
2025-12-16,192.95928261496803,103.9294502951882,262.31060606060606,122.39583333333333,4.7679922797463155,106.91287878787878,54.84043468128551,324.10037878787875,426.0894775390625,80.01893939393939,180.87121212121212,25.262783512924656,732.9071969696969,119.31818181818181,76.60984848484848,44.9810606060606,107.12594696969697,80.63446969696969,60.600852966308594,113.53882298325047,26.787879250266332,39.77272727272727,240.7433712121212,139.10984848484847,582.4337121212121,69.27083333333333,18.939393939393938,169.63999199144766,100.2840909090909,30.109847675670277,566.7613636363636,177.88825757575756,104.76458000414299,268.93939393939394,889.3532492897726,140.9090909090909,83.16761363636363,1639.7026293205492,16.898673953432024,31.616239836721707,167.80303030303028,18.536931818181817,78.4090909090909,40.86174242424242,33.14393939393939,10.009469407977479,5.404356031706839,73.86363636363636,239.9621212121212,190.5776515151515,11.465435317068389,115.70616057424834,187.64204545454544,122.1619345925071,11.675662705392549,482.717803030303,167.89772727272725,42.99242424242424,283.4005644827178,146.55587167450875,77.88825757575758,98.01136363636363
2025-12-17,192.93187751872958,107.4657955782796,262.2733513232022,123.48246311411138,4.7673151043053625,105.06083185020475,53.68555602897315,321.34167472956017,425.6024238981205,81.04909340529281,180.84552383657623,25.89357630104773,734.4444407458694,113.64768631941485,76.69365146996165,44.974672158310845,107.11073237702978,76.22723804472612,59.65061780997017,109.40680774511196,26.784074694201816,39.76707853998011,240.7091795672963,137.57515504426453,526.3930312929034,68.94759290265647,19.646830469156843,169.61589882400108,99.34194491046489,30.10557131610833,568.1011219997159,179.13270219000023,104.74970078528145,276.9492969748615,887.3607301578847,140.88907825592955,83.15580173270841,1638.0249017658475,16.89627391452371,32.02670075273399,167.77919803058276,18.605311745490695,78.3979548359608,40.8559390238129,34.65416844198267,9.989111395161672,5.278606258580694,62.727832220801965,244.28348245987786,195.6634947687355,11.172655399327747,115.68972737433721,186.24248449557354,119.49060266060691,11.674004466121792,486.19987691142353,167.87388155091605,37.399990531647965,284.05056099985796,146.53505703572526,79.0607394782938,97.997443544951
2025-12-18,192.4152150213741,107.52178855627132,253.71731624046754,127.03675634710119,4.769799021800028,106.58962051721178,55.16862309128103,321.5091036051772,429.3766578249337,81.09132247063282,180.93974990526715,25.81470253884047,732.6311846491333,117.98976885183782,76.73361121636984,44.99810534293293,101.95623342175067,76.26695477542394,60.250094732853356,105.95869647593787,27.94619173929519,39.787798408488065,245.45282303902997,140.20414883641413,549.1189844638121,69.58128078817735,19.230769230769234,173.985188185333,100.36945812807883,33.2512315270936,570.6707086017432,178.2265995975334,104.80427859451972,277.09359605911334,905.6460780598712,142.09928003031453,83.19912845774915,1681.5081470253886,16.905077391838027,32.043387646835924,167.86661614247822,18.624479547510006,78.43880257673362,41.82455475558924,33.7272635369917,10.017999242137174,5.281356574460023,62.76051534672225,243.94704248472434,195.76544145509664,11.321049379823606,115.75000527321548,189.34444587941692,117.01875710496401,11.68008698076405,486.4532019704434,171.98749526335735,37.41947707464949,279.4619173929519,151.8093974990527,77.91777188328913,99.71248023931888
2025-12-19,193.7826075619585,107.4657955782796,253.5851905727761,140.6050276949297,4.7673151043053625,106.5341129744532,58.097331884971354,320.5037163281731,425.6024238981205,81.04909340529281,178.00501822657765,25.291861489105475,725.1810822326373,127.301993088103,75.13137338446244,44.974672158310845,103.08668276286512,76.22723804472612,60.21871893196989,108.17592198077924,28.168347299152583,41.70809070681248,246.03512758604364,140.13113621333972,560.0530227713866,69.5923874449652,19.310703683022503,174.55898653866637,104.36585804721156,36.453155328315106,572.1209182526156,177.554797625071,104.74970078528145,312.02954125834395,913.6959712162097,146.75945651659327,84.2730661168365,1705.9603276049802,16.89627391452371,32.02670075273399,167.77919803058276,19.765658749496993,78.3979548359608,41.622876116414865,33.85078015892037,10.06438462045593,5.319793719953701,62.727832220801965,252.4736069687071,201.58121478956588,12.243525783136272,115.68972737433721,189.2458429866141,115.46655304644226,11.674004466121792,486.19987691142353,171.8979311650807,37.399990531647965,280.7361754663163,157.65374791400367,77.87719547412772,99.66055403174265
2025-12-22,193.60062474467745,107.51669587457964,253.7052991270189,142.6737090669848,4.7695731041653096,111.16373798133851,57.45038370538886,320.6555202955525,425.8040070098991,81.82304879916994,178.08932884952398,24.960924548856156,722.5884415111543,128.64112158385828,75.16695874579644,44.995974044427605,102.78027755411358,75.16695874579644,60.86297541798892,107.89560934021694,28.650595576851348,43.106141978209514,246.15166011462134,140.1975081814226,561.9760337232984,71.09221667707692,18.637806091033962,174.64166497685076,103.62998822556008,43.091933301424184,572.391898652489,176.87917165594067,104.79931462546773,312.1773315019183,909.7806668284943,149.4339980107043,84.31298136626427,1696.3804143181926,16.904276696655348,32.04186993795292,167.8586652773173,20.650783877232037,78.43508738691801,40.82792592241747,34.24430445696964,9.993842656183395,5.33320695657278,62.757542746175346,256.4296878700327,201.67669208544498,12.18822462806165,115.74452286875977,190.40401648273576,120.25766115663336,11.679533762984446,489.9824752522143,168.14285037654525,39.64382134230095,276.1336506240231,150.85492350684413,77.91408137166675,100.77439976998768
2025-12-23,193.91329042029534,107.44036349867474,253.52517893169016,143.1276031806134,4.766186905918317,111.2268080272624,57.743279060961754,324.2143127603181,424.7444149943203,81.56948241263075,178.19954562665657,24.86842024375976,722.982756886596,125.45910408802892,76.1151095314127,44.96402877697842,100.65789242577976,75.11359333585763,60.204468004543735,108.9549413101098,26.989776137560348,44.206739871260886,245.17228322605072,139.69613782658084,561.5770541461568,71.04174416429028,18.00312358562985,174.51767666869793,102.47065505490345,43.061339823597535,571.9855242450776,174.39889962002437,107.62968572510412,328.4267322983718,909.6564134383283,148.6714257294822,84.25312266120491,1688.280954184021,16.892275364278888,32.019121544869364,167.73949261643318,19.634134161883075,83.01779628928436,41.14918706995752,34.00937087244267,10.081408557364634,5.051590465587542,62.71298750473306,250.56796667928813,196.42180992048466,11.501798301156567,115.66234907838532,190.69481257099582,118.32639151836426,11.671241780475702,491.1236255650085,167.07686482393032,39.615675880348356,275.46383945475196,150.51638145692328,80.46194623248769,101.81749106265974
2025-12-24,193.74822661496265,107.34890759481698,253.30937200741275,143.00576941265487,4.762129809337094,111.13212900785018,57.694126548756266,323.9383334909675,424.2882814716731,81.5000484448152,178.04785775087487,25.063841861344933,740.0926889246193,127.21082001324127,76.0503184611599,44.92575427976922,101.05173970919441,74.529461836754,60.15322046722784,108.86219616003027,27.70169437703939,44.16910999716258,248.3211954979665,139.57722500709355,561.0990258204861,70.98127166854842,18.2351274994569,174.36912289114963,101.67407547526719,43.024684942446264,571.4986359713421,174.2504469484477,107.53806866546864,333.5855480942022,908.8820913234181,148.53873072921593,84.18140431220739,1700.084568298969,16.877896240257467,31.991866073961976,167.59670859737065,19.578170812446796,83.52643525962357,41.114159860685824,33.93076704814149,10.07282701220089,5.047290426413203,62.65960465336234,250.35467700747185,196.25461080109713,11.75021286393186,115.56389441634943,190.5324884138844,118.17837888962451,11.66130692981607,490.7055689462546,166.93464485008985,38.73072921592736,277.9078850240589,150.38825817752175,80.8663577035846,102.99016731887828
2025-12-26,194.46220717450197,107.41494345336677,253.46519568772774,147.7211015503005,4.765059241387507,111.20049212132685,57.72961718639095,322.4814271518478,421.710121610751,79.87507689395733,178.15738418587046,25.124213893296325,738.1819902522122,123.6691430464203,77.50910897648228,44.95339043202574,101.71296077225193,74.57530875881324,59.591159126499434,109.87555008754082,27.445227842710455,44.85354727906296,248.4739506932286,139.66308616855156,561.2075900250793,70.32177094362194,17.873468093536324,174.4763863462949,100.45899777599016,42.13883592160366,571.8501943051152,175.50135414695026,107.88813703686178,333.7907537973785,909.9526473702267,148.63010457578196,84.23318864268857,1698.3627502011072,16.888278706122385,32.01154592343728,167.69980599063078,19.143993154034863,83.83807315572801,41.13945130431375,33.64406378649505,9.771447499171911,5.184782079914078,62.698149813088534,250.50868310225715,196.37533715042824,11.473524876766344,115.6349837376674,188.8170169654687,117.35200870676194,11.668480402114731,491.00742729084845,169.5452609662613,38.75455448824114,279.89400463729714,151.98977901859652,80.91610277764634,100.50631713433967
2025-12-29,194.6556377519302,107.52178855627132,253.71731624046754,144.4676013641531,4.769799021800028,111.31110269041305,57.78704054566124,321.53609414225326,423.92998131986553,79.95452823039031,178.33459643804474,23.86092127792399,738.9162561576355,122.44221295945435,73.14797502975205,45.140204622963246,101.81413414172036,74.6494884425919,59.65043415215577,109.98484274346345,28.27775672603259,44.050776809397505,248.2000757862827,140.08999991118796,564.465706707086,70.79149530258266,17.478211443728686,174.64993712846962,99.70632815460402,41.60193197200496,572.4190108113869,177.00833649109512,107.99545282303905,319.81811292156124,910.8577726825977,149.58317544524442,84.31697497091406,1715.7759064749907,16.905077391838027,33.06176582038651,167.86661614247822,18.757579090831044,83.93330807123911,41.18037250919205,34.34065934065934,9.890110034660754,5.262883696966255,62.76051534672225,250.75786282682836,196.57067070860177,11.367942402425163,115.75000527321548,189.70253884046988,117.39768851837819,11.68008698076405,491.49582990420146,173.5505873436908,38.793103448275865,280.1724137931035,152.14096248579008,80.75975748389543,102.78514588859417
2025-12-30,194.48981657447942,107.43019403691434,253.50118222757928,147.1840984382395,4.765735776064467,113.10932323710365,58.20729029556614,317.5579744439186,428.9153085068623,81.79744462294428,178.18267865593944,24.08482650417431,738.2867960246095,124.77804347343825,72.92948414576432,45.101751064836726,101.38842415256744,74.58589682915287,58.92143917489943,108.84997633696167,27.626597255087553,44.48651206814955,248.22527212494086,139.97066152981543,560.8140085186939,69.92380455439542,17.789871930737547,171.63124066419192,99.85802176999528,41.56649256000799,571.3535350360862,176.23568894566375,107.90345480359679,320.0189304306673,914.5764316138193,148.25177750088736,84.24514792171972,1720.539517274018,16.89067647404091,33.03360151443445,167.72361571225747,19.167061050638903,84.0686225800846,40.463795551348795,35.313297818748524,10.104117368670138,5.345953577116548,66.4931377188831,250.54424988168483,196.40321817321345,11.005679273627914,115.6514013879851,189.44723234885234,118.26786559394226,11.67013707230907,494.8883215511122,173.59204921911973,38.760056791292,282.6313298627544,153.05490055977876,80.17037387600568,103.12352106010412
2025-12-31,194.49902145008045,107.43527852714278,253.40622910898526,143.16815750863742,4.7659613303157835,112.8633603770292,57.89531068821288,317.5730039282503,429.74111410857114,81.40565192537507,178.19111174215533,23.935868559651425,735.9553220691939,123.56382362141487,72.93293577547446,45.103885654787256,101.39322269599839,74.5894268540868,58.92422782742321,107.52993516020635,27.213782005774053,43.38302875897759,248.23702020919114,140.9673907899096,560.8405509016044,69.57262530171802,17.13285058450471,171.6393636818768,96.21988874517842,40.37105400160916,571.4894221212551,176.90378384344385,107.9085616924606,314.7333049363434,919.1159070471863,145.77121491788537,84.2491351027468,1715.6514742770598,16.891475881323505,33.03516493918311,167.73155378863171,19.16796819537129,84.07260140646446,39.2825027213782,34.979886736498116,10.080931421269344,5.2586492787330945,65.54971839651664,250.55610771924842,194.04609778030195,10.928107998319105,115.65687497411731,188.1963132350679,118.07941229323441,11.670689400250396,494.9117437822424,173.60026503857256,38.2886080742108,281.60394555468787,153.06214439055918,80.17416820483695,102.418476974774
2026-01-02,196.19582810497653,107.74123119274765,254.1278757816579,152.26161659309886,4.779533767537244,113.5317290806398,58.83477933553147,316.2466182543073,420.312796644359,80.68726565095639,178.69856186814752,24.093546091766193,725.5209074944231,121.5529925482937,73.14063315771988,45.9442783236034,96.70606103754332,74.80184156818075,58.85424082775642,107.83615738763112,28.26284924311192,43.90621280357842,246.7131805021596,141.36883573021976,570.5064312497034,67.87222934168685,17.798661540652144,172.12815583247308,97.77398072998244,43.42873415919123,573.116901608999,177.70041153842732,108.21586216716503,315.6295979875647,909.7251886658124,146.18634012055628,84.48905859727266,1679.2467977241445,16.93957918726491,33.129242014333855,168.20921733352318,19.365892496733206,84.31202217082858,39.394370876643414,36.26180644548863,10.109165384838581,5.273624785720801,64.07518154634772,237.8052980311714,205.6476358186198,12.099292712940592,115.98624098571955,188.73225603226305,118.41567717232665,11.703925024343379,496.3211464414543,174.09464141629883,37.27989046499745,285.2532156248517,159.61269556279368,80.40248706630595,103.59627518510608
2026-01-05,196.44757638740376,107.87947913696416,254.45395945460268,139.7205588822355,4.785666616682929,117.38427906092576,59.76142952190856,320.7865333321452,425.3402606988404,80.7907993536736,179.07043056743655,25.18771979849824,745.503273586755,118.33475905332192,75.32553939739567,48.474479612204156,97.34103222127173,74.8978234008174,61.54405521174912,105.48141997255489,29.084687767322496,46.09827963121376,247.02975002376198,141.55023286759814,571.2384754300922,69.86027944111775,17.53635585970915,172.34902172960625,104.53758823498835,47.04875962360992,539.0462100352865,171.8472583293235,108.35471913316223,302.4902575800779,886.9879289040965,166.333998669328,84.59747056296632,1841.161984067579,16.961315174246,33.171751734625985,168.42505465259956,19.39977147871296,84.42020697258755,41.963691664290465,35.21005677447189,10.003801919969584,5.2803916267632145,63.934039009035494,238.11043742128837,209.29569432563443,12.630928560939875,116.13506849767725,191.56924246744606,121.66143902670848,11.71894289221037,509.1721319266229,174.31803060545573,37.32772608150514,291.5787426263544,159.2053987263568,81.9788993441688,107.00504218497528
2026-01-06,190.83353122773687,109.71265732605082,254.29685180924957,137.73450486820232,4.782711799964008,113.98717644265021,57.461171726579195,327.0007124198528,422.2754578781762,83.21063880313464,178.95986701496082,23.43101383699314,760.5699266059131,113.8446924720969,75.27903110900024,48.44454998812633,98.00522441225363,74.8515791973403,61.50605603256353,106.19805271906911,29.92163381619568,48.12776143860574,256.47114699596295,154.40512942293992,580.7646639753028,70.5295654238898,17.52552837805747,172.24260818021253,103.68083590596058,50.09261226178461,538.7133864432438,175.58774637853242,108.2878176205177,313.9396817857991,907.0700249346949,176.22702260448824,84.54523750111316,1872.3946583353122,16.950842740274727,33.151270482070764,168.32106388031346,20.66017573023035,84.36808335868855,42.74519116599382,35.52600332462598,9.878888625029685,5.277131351714631,63.642840180479695,251.76917596770363,209.16646877226313,12.755164927978806,116.06336315973047,199.4761441388625,122.8686772738067,11.71170725898317,527.0482070767039,170.9807646639753,37.52077891237236,298.35241313672526,184.16148276092378,81.92828306815484,103.53882734579079
2026-01-07,196.83354728284124,109.82741406361431,254.56284005342792,139.78034517187277,4.787714398718308,111.25374411638853,59.19269719012979,325.9164170589074,420.7678298685399,84.28184049692744,179.147054628441,23.78785653840468,754.528597917558,119.8117244330338,75.35777112157086,48.4952217943232,102.3391812865497,74.9298721057386,61.617458279845955,102.22127226412066,29.2754243331907,47.401702087196306,262.9201730613797,154.5666333856321,575.7618979698568,69.83264579767508,18.11676830661193,172.422769706384,99.84310369419484,50.777349878761946,559.1213806874911,177.05510388437216,108.40108401084011,317.58285621850183,933.0537689285884,172.1104930347549,84.63366973736211,1848.4243881638376,16.968572904316282,33.18594589454666,168.4971235677269,20.822992498488237,84.45633029606748,42.78990158322635,35.230352303523034,9.910141322750261,5.282651101143515,65.61118242761374,252.03252032520325,221.61603194979318,12.949650316986995,116.18476257919103,199.71139567138542,120.5248894594209,11.723957416340541,527.599486521181,170.10269669240003,37.56002472305425,292.15993914325105,171.95740166865758,80.44501497646554,101.76864926544002
2026-01-08,197.56621331424483,110.23622047244095,237.10522734729184,134.62180863755668,4.805535526043531,105.9413027916965,57.82271767254236,326.62562354599146,429.49176807444525,84.87473389778692,179.81388690050107,24.314006203769985,786.9754384395133,120.97351467430208,75.63827248866619,48.675733715103796,99.31997136721547,75.20878072059175,61.615845105210575,102.0730108044023,30.303030303030305,45.81245526127416,268.6709615843474,154.13982343116203,536.3874970174184,72.9634908695717,18.773085881576595,180.0130324840432,98.78310665712242,50.966356478167505,561.2025769506085,175.6621331424481,116.46867450340015,300.7916890360296,942.829873538535,167.02457647339537,84.9486984292979,1861.1380786208545,17.0317343782622,33.30947267955142,169.12431400620378,21.474588403722265,86.08923884514437,43.443091175659156,37.17489859222143,9.974230231774563,5.72655690765927,61.65592937246481,261.46504414220954,220.61036204813888,13.062754043728377,116.61723270475424,192.60319732760678,125.98425196850394,11.767597057403515,538.2963493199715,169.5060844667144,37.69983297542353,297.55714906197807,159.95371405989025,82.31925554760201,105.46456739516226
2026-01-09,197.22738316421325,107.37935305607165,236.69858696881997,140.29822304797295,4.797293933030451,105.95016912009909,57.723550513464104,325.5681006145491,427.0873343039874,83.55962078986232,179.5055023581535,24.296126911533516,793.3400028583679,131.4849221094755,73.40288927769639,48.59225382306703,101.13858320232481,78.70039540755562,61.97894335667667,101.89795347559668,29.679386403696824,48.27545022085358,268.210185317517,153.87547043971227,535.7824949531943,72.05469010528321,18.174455719117717,182.53276004076153,99.0900862274308,51.40298223047973,540.7079224429517,175.4323281406317,116.26892831302702,296.6204498728622,927.0068496617598,181.02996522319089,84.80300965108559,1865.4185126959173,17.002524600852002,33.252346243628224,168.83426230289172,21.06760092355429,85.94159401648325,42.87551807917679,36.634748225429945,10.218665142203802,5.902529728258726,61.550188175884905,261.01662617312184,212.48345645157448,13.115144004238424,116.4172317339872,188.6522795483779,127.19737030155781,11.747415384588187,537.3731599256824,171.8831880329665,37.63517698061074,295.14458019210616,170.0443000497237,82.17807631842219,106.97441760754609
2026-01-12,188.00764452938367,107.6923076923077,238.4137601528906,149.49832775919734,4.811275535033071,105.8289536550406,62.17152412804587,307.3578595317726,426.6602962255136,81.98757763975155,180.02866698518872,24.845198746565934,807.9789775441949,133.73148590539896,73.61682029756928,48.733874820831346,99.59388437649308,80.52938272664835,60.67845198279981,104.3956043956044,31.723362193173674,50.27616002373985,265.88628762541805,154.3239369326326,548.4949832775919,70.08265437432811,17.964644051600573,183.06474754016364,100.90778786430961,51.60057333970378,543.8700523321787,175.94362159579552,116.60779141035594,291.4476827520306,918.3946488294315,181.5575728619207,85.05016605761766,1833.731485905399,17.53463927376971,33.13425704730053,169.32632584806498,21.129001958257437,86.19206880076446,41.56712852365026,36.50262780697563,10.296225513616818,5.919732514375485,60.582895365504065,258.35163901994747,213.102734561634,13.858097840084508,116.75652705819995,189.0587673196369,129.14476827520306,11.781652954509825,538.9393215480172,168.65742952699475,37.74486383182035,290.96989966555185,179.168657429527,81.1753463927377,106.38747928362399
2026-01-13,187.02107279693487,107.95019157088123,230.407574533046,154.21455938697318,4.822796788708917,110.6805560232579,62.320402298850574,307.4712643678161,422.0742411997127,79.35823754789273,174.32950191570882,24.2816091954023,802.6819923371648,138.07471264367817,73.7931057867876,47.1264367816092,101.79956662700552,80.72222128681753,58.95593869731801,102.4904214559387,30.795019157088124,50.76628352490422,266.6666666666667,156.99233716475098,549.808429118774,71.07950261726234,18.007662835249043,183.84629757468272,102.59913886643918,51.724137931034484,520.8333333333334,182.75862068965517,123.80268199233717,292.14559386973184,926.2155583991859,182.95019157088123,84.77011494252874,1770.8333333333335,17.576628352490424,33.213601532567054,169.73180076628353,20.30651340996169,84.38697318007664,41.66666666666667,36.89846754987578,10.440613026819923,5.933908119055504,60.53639846743295,258.97029715936304,223.27586206896552,14.253351788867937,117.03611644291787,178.67960144276822,131.21935380372966,11.809865724994763,540.2298850574713,161.65469816361352,37.8352490421456,286.2068965517241,185.59578497291068,79.96024646978269,108.42863937904096
2026-01-14,189.94037314868245,108.38622812079247,226.72629351798423,147.62454318138103,4.842277214283621,106.99172917868822,62.57212925562608,304.1931140603962,423.73533371802273,81.1886913066966,175.03366031929218,24.28351606078092,815.5414502788998,133.19869205616465,74.0911737270689,50.97134064243124,102.21075933698188,81.04827757591605,58.47278322754376,101.36564723985381,31.015579919215234,51.83737304123991,267.74379688401615,148.5862665897288,552.0292363916138,71.36660966764943,17.95778092936292,185.78502833327323,101.94268128486247,51.933064050778995,485.1894595114445,187.05520292363917,124.30275052894788,293.32563954606655,913.2702991260339,177.43796884016157,83.75697531225957,1799.1440661665706,17.647624543181383,33.419888440084634,170.41738795922294,19.712444818301897,85.59338334295057,41.83496826312753,37.795729948066935,10.874206548838645,5.957876588088041,60.78091940757838,237.06482015772264,216.38776687824583,14.906712829390267,148.0849424355946,175.99538372763993,133.93441281150822,11.857568587126881,531.3521831121369,163.61319484516252,35.58376610886709,289.47874591267555,181.54933641084824,76.36083862281208,111.55991536834007
2026-01-15,185.26428145986327,108.89941057106967,227.7997874190743,149.949265742765,4.865204220129587,112.42632138370857,65.73775314757162,301.9615421779882,420.45946090805876,76.33587786259542,170.54787902212774,24.156923374239057,814.7163977195864,133.82935549328437,74.44197742912962,51.2126775533868,98.97647068481858,81.43202147399506,60.02850375413687,102.42051900394965,30.147840371050343,51.30930524688375,268.6249879215383,149.28978645279736,554.6429606725287,70.24881678256958,18.117692530679292,187.93572106906464,94.59851193352014,49.570006763938544,471.57697339416853,187.18572408868008,124.89129384481592,293.26504976326214,878.7805585080685,186.03778661812132,84.64634311361606,1791.9605759010533,17.731181756691466,33.57812349019229,171.22427287660642,19.808677166876027,86.00734629968777,38.4095081650401,36.81515122234032,10.870132645335977,5.701033916320418,59.66760073437047,237.41424292202146,195.42951009759398,14.21586579545729,148.78608865062446,176.44216832544205,136.0034785969659,11.913711292776627,533.8680065706832,162.33452507488647,37.44323123007054,288.9815365615035,191.0363353154592,76.07015170547879,110.65368917739636
2026-01-16,184.49340921251033,109.63568266939053,227.63753100831752,157.01152779804465,4.8980980080861025,110.55985213288584,66.13891726251276,316.16276250668807,424.64028831655236,76.18074571583612,166.3505034291551,23.83481633414426,824.4564424339704,129.57828688165768,74.94528181468579,51.55892796342234,97.27467265514798,76.94926796050392,60.3142176175884,103.27545066561481,30.1571088087942,50.342915511454834,270.4411693175738,147.42934967654068,590.8361301619728,70.72377108641592,18.186681934748012,189.20635997312613,93.07991657584573,48.640498078700325,472.63971983073105,187.99552507417675,134.880101172236,295.24782333771094,897.8063135366506,190.87260578548324,85.21863951386862,1780.2422296804318,17.851062794883017,33.80514616469672,172.38192519091393,18.895861227993972,86.58884448226749,38.62055547448806,36.723576049418746,10.943625929917022,5.461841573788965,57.88219271365338,238.67600279226858,200.39885208424533,16.52317779109058,152.72846831451554,181.13721484508,134.2477746972129,11.99426024309989,537.4775037696386,160.27044116931756,35.99396857823824,284.0274246908288,192.2000068780704,76.60878447395301,113.0876973930213
2026-01-19,184.79902557856275,109.81729598051157,228.0146163215591,157.27161997563948,4.906211787977695,110.74299634591962,66.24847746650427,316.6864913215591,425.5878406668697,76.30694037378198,166.62606577344704,23.874786785836633,825.822168087698,129.7929354445798,75.06942990636419,51.644336175395864,97.43580974992388,77.07673568818514,60.41412911084044,103.44652814783801,30.20706455542022,50.42630937880634,270.8891595615104,147.673568818514,591.8148599269184,70.84092617615713,18.216808472423114,189.51978341961023,93.23410498820037,48.721071863581,473.4226552984166,188.30694275274058,135.10353227771012,295.7369062119367,899.2935444579781,191.1887893955542,85.35980559150427,1783.1912302070648,17.880633373934227,33.8611449451888,172.66747868453106,18.92716253282963,86.73228032696407,38.684531059683316,36.78440925700366,10.96175422621993,5.4323995127892815,57.978075517661395,239.07137351552987,200.73081607795373,16.02923264311815,152.981465533648,181.43727161997566,134.47015834348358,12.014128932418545,538.3678440925701,160.5359317904994,36.05359317904994,276.24847746650426,192.49695493300854,76.73568818514008,114.49451887941535
2026-01-20,184.2782879074965,109.50784628091144,220.40858581717924,158.48029927610165,4.89238677297975,109.07059223631153,64.64072292668708,306.1749987854055,415.3004850027936,79.1915658553175,160.08356410630134,24.04654385692228,824.4667929845018,133.36248360297333,74.85789480776005,45.6687557693242,94.53918400690195,76.85954428411797,60.24389058932129,95.2242141573143,29.053102074527526,51.55856680118302,264.2957780692805,147.2574454647039,585.6775008502162,66.20998148122844,17.657290115211886,188.09054916375166,90.3653495717036,49.50687460525677,452.5093523781762,185.83296895496284,129.6944080066074,294.9035611912744,884.7106835738231,192.4889471894282,85.11927366106131,1749.5020162269836,17.830248263129768,33.76572899965991,172.18092600689891,17.733080697663123,86.48788095568857,38.57552349025895,36.000583005392805,10.93086554404917,5.053199345879147,55.625999668263866,238.397703998749,200.1651848612933,15.622114744836455,152.5503852731927,176.3270702954198,139.38687266190547,11.980274806291145,526.7065148575281,157.8977801955801,35.95199922265948,288.95204780644224,191.5172715347617,74.33318758198514,111.74270028664432
2026-01-21,184.65508008373496,109.73175600019474,220.8592532921961,153.01105106859453,4.902390192699586,107.97916362397157,65.74411913596587,304.95154888393944,411.1289615890171,77.99036074193077,157.7333138600847,24.58497638868604,839.2483326030865,122.43805072781267,75.01095607945693,45.031887444622946,94.85906236307872,77.40616328318971,59.10666400621014,95.4189182610389,30.280901611411323,51.847524463268584,264.8361812959447,147.558541453678,559.4664329876831,66.33903139795105,18.743001801275497,188.475136236673,91.23216980672801,50.02385663124969,447.83603524658,185.62874251497004,129.95959300910374,317.3165863395161,919.9800665437417,192.8825276276715,85.29331628283067,1763.0592473589406,17.866705613163916,36.5123411713159,172.5329828148581,17.732827028869092,84.75731463901465,38.654398520033105,37.09653863005696,11.489216688574071,4.965678399298963,55.739737655025316,238.88515366370916,200.5744608344287,14.72567114484826,152.86230368911566,175.55133635168687,139.64168652025216,12.004770767630136,527.7834669837155,156.75965142884962,36.02550995569836,295.7012803660971,205.8857941510272,73.80361228761988,113.57772260357333
2026-01-22,185.93406593406593,92.7960927960928,227.72209344474967,148.96214896214894,4.918192769144917,117.99755799755799,65.02564221802503,305.9345428876679,412.69989125457874,78.24175824175823,158.24175824175822,24.908424908424905,831.5018315018315,115.99511599511598,75.25274963751525,45.17704517704517,96.84981684981685,80.8107436183608,59.29719098176129,100.12210012210012,34.18803418803419,50.45177045177045,265.68986568986566,139.9267399267399,565.8119658119658,69.64590964590964,19.972649691887973,189.08267513736263,90.84249084249083,47.03736394898504,464.7130647130647,188.97484785180097,130.37851037851036,302.8083028083028,931.2947382478632,188.44541742979243,85.56825444520756,1820.7570207570207,17.58241758241758,36.63003663003663,173.08913308913307,18.07081807081807,85.03052503052503,40.04884004884005,36.82539682539682,11.72161172161172,4.981684981684982,55.48229548229548,239.65518639346763,180.3907203907204,14.554823431776557,153.35504664606225,178.998778998779,139.19413919413918,12.043467464610043,529.4847470238095,159.13064474587912,36.22075678228022,302.1543278769841,206.7155067155067,75.3113553113553,113.94383394383394
2026-01-23,186.02607294565695,91.49943850397929,227.6553812451174,143.74298129974122,4.916751962708958,117.18177823348468,65.00659266706032,306.62565304428495,407.9878912162492,78.17489261197878,158.19540061520433,24.700942038791286,834.6760412089253,113.27571895903519,75.23070400996654,45.163810360822225,96.91909574727795,80.78706975176688,59.279819606052556,97.40735315658414,34.17606669462703,51.46233094087202,257.7022606318051,138.07919535178945,562.3065089290074,67.62365118890679,19.45705776085152,194.42469640306868,91.73429317873882,50.29051315853717,477.46692056051944,186.4655046140325,130.3403154142864,288.07187149064987,931.0219113141447,185.04955812704458,85.543186844667,1808.9942736560713,17.577266735022704,36.619305697963966,173.0384258581124,17.796006590807483,85.00561496020701,40.03710756310727,37.63732120433267,12.205947243453155,4.882574093061862,55.75899614276646,241.68741760656215,180.33787412723987,14.720960890581514,153.3101206033946,178.21395439675797,134.22293928671695,12.03993927727604,538.1397221052439,157.70714320589815,36.619305697963966,302.21228764617206,200.9179239294956,73.48274010058103,114.8869684097456
2026-01-26,185.41048226191057,91.05065939948416,230.9114798773663,143.16998394082438,4.900481626757613,121.90374227456324,64.79147522575612,305.61097863643,407.10689806985744,79.17611515082851,162.05168134702419,24.784660460020866,826.8090714572486,109.00773760280306,74.98175331296535,45.01435592972894,98.49311687156309,80.7825198306487,57.436859191748994,97.08501630249647,34.062972503414095,52.55730205849433,256.8494817266047,137.7195970606842,555.995444577595,67.64319431602512,20.195629957662174,193.78131330143802,90.2233685337486,47.66655311694,475.8869044722371,186.43291691885858,129.9089980047691,283.22546109299725,897.9025743345176,189.35227991629765,85.260110456257,1870.8646862377732,17.519100686164776,36.49812642950995,172.4658134215777,17.577498282497018,84.72431748503577,38.72889322378066,37.057764368095775,12.104725558088669,5.061073531558714,58.00768893863449,247.45729719207748,179.91143121319772,13.869288043213782,157.35002881831232,179.08414034746218,136.8008232608643,12.000097150123638,536.3589297988954,157.1852644897562,36.49812642950995,297.11323581743636,204.42745560154995,74.49462451031681,113.67949778578033
2026-01-27,185.2031888003111,90.37186490777817,230.6533151856893,141.5005809436066,4.895002768240433,121.04559120862095,68.34532374100719,301.57495625121527,397.670614564092,77.98706861685483,156.76647870892475,24.159051137468406,814.2134940696092,107.92241549876653,74.89792187575954,44.96402877697842,99.12308157591326,80.69220299436127,56.241493291853004,96.73342407155357,33.5407349795839,51.769395294575155,262.2496597316741,135.86428154773478,583.3171300797201,72.13688508652538,20.173050748590317,189.58439271597925,87.74061831615789,49.484736535096246,458.2170148593963,187.0090366684693,135.156473111207,302.83881003305464,867.1981333851837,199.66459265020416,85.16478756395222,1913.749764546471,17.4995139023916,36.457320629982505,172.27299241687732,17.450904141551625,85.31013027415905,38.685593372324945,37.1524396166133,12.54131829671398,5.055415127357573,51.84085021889583,247.18063387128137,179.71028582539375,14.547442592537035,157.17410763112483,178.3006027610344,133.91989111413574,11.986680747515585,535.7592673749514,154.3846004277659,34.56153995722341,236.47870132947696,211.4529343585942,74.85903169356408,114.52459653898504
2026-01-28,183.81139253646822,88.90832240198222,230.5300490696206,140.8929699266385,4.89238677297975,120.98090182887579,61.04552300442113,300.24777729194,395.9578292765875,78.56386124737344,156.6826993149687,23.855123634340234,802.1619973096731,108.73050575717826,74.85789480776005,44.93999902832435,100.20405188747996,64.20832607423299,56.21143662245543,96.681727639314,34.008647913326534,53.139484989129386,262.1095078462809,143.27357528057135,597.5805276198805,70.93232279065249,19.773599572462714,189.4830747195805,86.44706630813354,49.458290822523445,456.687557693242,190.1666400025203,135.084242571236,302.67696642860614,849.1230627216636,201.29428335883983,85.11927366106131,1915.9961725088667,15.984064519263471,36.437837049992716,172.18092600689891,17.490161783996502,85.26453869698295,37.31234513919254,37.70101540105913,12.680367293397465,5.052713404265656,52.979642446132736,247.04853519895062,161.54107758830105,14.672302385463734,157.09011039146384,181.16892581256377,133.84832143030658,11.980274806291145,535.4729460446729,154.3020939610358,33.911480347859886,244.55909078487102,234.65967060195308,73.16717679638538,115.09498129524366
2026-01-29,184.83977536925602,88.8319939729972,213.15341599805492,135.42426452710916,4.896668949586296,124.28884026258206,62.86895329025346,300.1658233041575,398.4906375364697,78.63262611498601,156.81983953318743,24.48334548991004,797.1606795526379,106.88062241672745,74.92341594107099,44.9793338195964,93.05859469973255,70.90687824808533,54.85047410649161,98.37101872112812,31.363967906637487,54.12107950401167,262.338925358619,143.39897884755652,587.405786530513,71.1159737417943,19.17821511774784,194.88144013645757,83.6372477510333,52.321906151227815,420.8446351507415,190.87770008965475,140.17787778461584,316.0709944079747,860.782883539995,206.1755409676635,85.19377630759178,1875.8897094578165,15.99805494772672,36.46973012399708,172.3316314125942,19.25601750547046,85.33916849015317,36.95599319231704,38.41478239727692,13.014830726792335,4.716751762703622,47.79965961585217,292.5786473529054,158.6919523462193,14.148309820329594,157.22760720581084,166.01507890378068,129.58910770726962,11.990760823627065,535.9416313366156,154.43715049841964,32.09336250911743,244.70312784919764,231.99610989545343,74.8918076544645,118.15074250091173
2026-01-30,186.50312696950598,92.61259253837507,211.90672419644156,129.9752751248364,4.8819506931808885,121.34580889125904,61.81218790905125,293.79016655960635,404.9061909148204,79.74984243952102,173.31652688224173,25.20046529105511,796.69215788166,108.83793086730984,74.6982134497564,43.632132641683235,93.93028554806807,70.69374854180808,54.68560624424298,96.03917195908276,31.398650949945765,50.90415474863044,261.55039511320115,142.96795462258206,614.2434673001407,70.85906750140896,20.124109473191236,194.29567151821644,83.38585349299463,48.48014737964804,423.12743536990354,193.05958162769065,122.4123721336113,329.66500218160667,879.5471916359626,198.3865863764726,84.9377034840561,1833.5229614098027,15.949968487904204,36.36011053473603,171.81364231347266,18.27701556212731,85.0826586512823,36.84491200853251,38.20235613516265,12.934988004004158,4.702574295825859,47.17118340039754,271.63426576816795,156.10510401264122,13.040674370212587,162.72798215400326,167.69282978620257,132.1084016095409,10.617152276142921,534.3307145216222,165.8990643331556,24.7248751636205,241.67400812648472,203.61661899452176,76.5986328598439,118.75212100644787
2026-02-03,187.83262536008982,91.79239294956301,204.83375788840874,127.92344123822078,4.540793906547531,122.2108295493384,60.73922171768956,295.8844668534251,416.358597221205,76.8902904673844,174.55202382696157,25.413798154386992,831.7464967530882,90.4740979444363,75.23070400996654,43.94316683755676,94.59987305307358,67.86777989355988,59.340363047992646,98.13973927054342,30.927199985848162,53.12777624879461,297.52356223451,134.2707875592012,659.1475025633514,70.83687606043405,20.6337584152881,199.3732972976478,72.03017430789512,48.14218055758996,363.46859017198864,197.7442507690054,123.284995849812,368.6343440261706,841.3861475269762,193.3499340852497,85.543186844667,1766.0270494604754,16.063668766173524,36.619305697963966,173.0384258581124,18.846735999218787,85.68917533323568,36.814608661686435,38.0352521849519,12.792344123822078,4.760509740735316,42.91782627801376,273.5706264342561,138.27449831551192,12.987647087544552,163.88799804163003,142.9129437039207,134.5149162638543,10.692837263805478,538.1397221052439,166.88638250085444,21.141545822957863,238.26961574141885,242.37097797959083,79.99609513276023,121.57609491724035
2026-02-04,183.73243230008325,92.79663091915185,206.51487362886246,123.89207188678321,4.554135448802703,110.18069634200089,55.62900935311689,301.18749349627836,426.3503256451692,65.46447165104243,191.46956564321042,25.953675138337985,836.4232706221537,83.24763723617845,74.08990697000024,44.072278536800354,88.25473776994271,68.06718574016944,60.23211400029382,103.64330835904217,44.437099662456845,53.40042065689119,305.71470545027177,130.20909847705792,629.7438910925028,73.45379756133393,21.282013912321418,204.37031923326478,68.0867746150562,48.2836295969835,377.3414593509745,198.3252534156016,108.03095331552079,393.71235492874985,940.2086087850743,176.74796127454582,87.31110036084178,1747.4536016845404,16.110866265119242,36.726898780666964,173.54683903824494,18.53484158464326,85.94094314676069,36.92277557416385,39.567112286371874,12.89407950436285,4.774496841486705,43.04392537094168,273.4929729200333,138.68076979579845,11.778561225174911,164.36952587486533,137.11375544782334,141.227168111258,10.724254443954752,480.3878360511239,171.61255570246317,21.301601292786838,234.20009292670537,229.17584839136185,78.88937858087263,123.73243182186842
2026-02-05,184.11552346570397,92.3992584642404,205.73910793126157,120.98741340618596,4.537028002731974,109.76680651770904,54.32237291443067,300.46833837447554,429.40774709727776,65.88008752949983,190.7503171041077,25.936677939997193,842.1822022270464,85.37418284710704,70.49468240803981,43.906722607083616,81.95921553322275,67.81149380427358,59.30773448171772,98.4486291345497,40.54054054054054,50.44394575080496,304.56629915113666,127.25631768953068,612.7988286967021,72.2016777360901,21.00204898038833,203.6026094771441,62.17972770971558,37.6134257000683,371.7923699873158,202.36120597131426,107.6251389236145,400.03902819787294,838.7233091338179,180.9932676358669,86.98311935158307,1728.8691274758512,16.050346375256122,34.53532194833032,172.89491657722704,18.459362127173993,72.69831417432493,36.784076495267826,38.54034539955117,12.674406663721765,3.6037663550874246,42.882232412918334,276.1244999512147,129.71704270691043,10.239535534669159,156.4163653161284,134.31798224216996,140.94935757833082,10.68396916772368,463.16713825739095,171.2850034149673,19.514098936481606,228.66083733778905,219.53361303541809,78.30032198263245,123.96331349399941
2026-02-06,190.53202403634765,92.70164686919854,206.0305942828179,141.68449326191435,4.543455957789829,115.93140847134691,54.39933558063413,303.28789877375544,426.98667420855924,65.51370364942107,190.53202403634765,26.46880541439952,842.2453428049733,92.87214812643509,72.35331476867458,43.968928623772534,82.479849005661,67.90756754115979,63.36411158336997,102.52186328258585,42.01475401827153,51.10166593385119,307.44051981044504,128.04729102545312,650.7401436318335,70.8388294494113,20.978064091869868,203.89106888770823,68.8670679881009,42.63031782627082,373.5863960821852,202.50134349504128,107.77761970082807,459.23103229273534,890.6492363452049,192.9747422932239,87.10635499871756,1646.3921051345937,16.073086130245738,34.58425078395989,173.1398700473887,19.663881967853825,72.80131144390603,36.98275440910645,39.083492110020025,12.692363466362242,3.7617861155894277,41.863306679078725,290.9277443939616,116.56700423887952,12.237530191663689,160.19254488113123,142.6547462015731,137.52503786213296,10.699105965117983,460.06155650007327,166.59338511896036,19.541746055010012,232.7500198470858,238.79965969881283,77.85480411117116,125.99540768967707
2026-02-09,190.88639812050315,92.99593754588615,206.41379444838725,156.86946307082374,4.5519064167196905,119.1816357495962,59.397241639925234,303.4604277813127,420.9045078557094,63.628799373501046,198.96236111790904,26.430424355146588,835.310102448485,103.7149429788067,72.48788605550389,44.05070725857765,85.22588223777592,68.03387009935881,63.13934707062796,102.29553130047476,42.141843277372615,53.83975331603935,308.01233419803236,131.83397777886543,680.9382800646076,68.67015809309382,20.80172287210611,206.0780129613088,73.44231804610641,47.62370906955117,367.0892271548137,200.03915618422982,121.9519405636655,473.6630686823944,896.2850570211932,193.33365963486858,87.26836574170378,1701.5847547843962,16.102980764524496,34.64857468047942,175.7133767314375,19.296657040771375,72.93671596815194,37.24732024864177,39.20512946013411,12.62835934440923,3.772208883305967,44.69923155988449,291.4688463609221,120.64999265821545,12.627869414125593,160.49048999911287,147.17830747393666,137.87871371934804,10.71900543292056,460.47672654299834,166.903235279722,19.5780921149234,233.12173443541676,241.2510400861436,79.13807425565011,127.25759874700209
2026-02-10,189.11272620847762,94.00273276494134,205.7090012377445,153.16326032876444,4.536364079800985,120.71118243850908,60.045851421881856,304.1046873475684,419.9648892889371,62.55743574627457,198.2830105848495,27.071850153651038,818.2796342251597,113.65299253694941,72.24037851812106,43.90029754646115,84.93488122530607,67.80157065508999,62.74669504498256,105.25584594196624,42.43695429491244,52.92424759767816,304.9851226769426,131.3838349348812,664.1139456611872,67.80157065508999,20.697527307166418,205.37436626566995,72.3135456806985,47.017705143384774,353.7632310618994,200.35315064661478,121.53553961544559,469.3268582934979,863.8115213892005,192.67352812057948,86.9703907355129,1694.320741976001,16.047997658650797,33.610554987218606,175.11340910199502,19.85269011267743,69.42003091122079,37.818643350286266,39.0219984505329,12.828642505243646,3.658358128871762,46.826984049558554,292.3272035510463,125.35973854933906,12.43841763816399,159.94250042299765,153.16326032876444,139.50538998097653,10.682405736305546,451.99405288156674,167.1137993268621,24.096385542168672,228.76980467416223,221.08920563326177,77.06941124823179,127.01819423442758
2026-02-11,185.5287569573284,94.22956790184675,195.29342837613515,120.85441304026097,4.540572209745142,118.31851881377551,60.785079582072065,297.8224782736061,420.73332491639,61.901180810055784,198.46694658724735,27.463138365394006,821.2220257421151,107.11844546431013,72.30739185626403,39.48540133943829,86.97881066302119,59.32037886925105,59.51127986425581,103.70081046772776,39.95410735550575,54.085051241639,311.02039958103455,131.50571233278,690.1181525241676,67.86446636070697,20.11522312274192,205.5648805200908,65.56439872319292,43.94102138463041,337.8576310907138,201.10340787032516,122.71750805585393,466.751293818963,860.4628454252514,196.75812908895617,87.05106827793917,1696.6116590176741,16.062884483937115,33.64173360965574,175.2758519675813,18.94346255248511,67.6203495752368,37.935748462064254,39.717800995996484,13.328776486671224,3.654428203989898,46.87042281027244,279.4224139640904,121.59652568413729,12.303485987696515,160.09087008943828,149.20026959647495,139.63480128893664,10.692315203593399,449.17488526511085,175.58441892194978,18.360511549584697,234.8398708317059,231.9109461966605,75.87149692412851,130.35836344107022
2026-02-12,193.21187187775493,94.86727397394456,195.90557351356648,107.01341953178569,3.844646880203742,114.75463113888482,61.3987665123145,291.00646584049616,422.96013321579,63.27750024488197,199.08903908316194,27.132921931628957,841.2342204182585,105.29924576354198,83.70065628367128,39.60916790255534,85.10872759330003,59.50631795474582,59.69781732685315,95.25908512097169,36.752864282013725,52.68635517680478,309.36182802857775,124.4490155744931,694.9260456459987,67.09716868617764,20.186600716413675,206.2092214130914,60.23508692735883,43.39308453325497,332.79459300617106,207.80683710451564,123.31765610460134,484.866294446077,885.2483103144285,196.43501119569743,87.3239289092345,1701.4781687726515,16.06425702811245,33.74718325952438,175.8252522284259,19.002840630815946,66.75482417474777,37.22205896757763,38.470956998726614,13.370555392300911,3.550788519933392,47.01733764325595,280.2982604962533,108.87452248016456,11.901263590949164,160.59267318894481,145.949652267607,137.62366539328045,9.53080645036319,430.90215281859145,183.66147516896856,16.309138995004407,239.98432755411892,241.9433832892546,73.70947203447939,127.19169360368304
2026-02-13,195.1143142730822,94.82547608557302,195.32971067704509,108.19014050031821,3.916385176482107,120.18407010329466,61.99735859134051,284.3026482259999,420.9134968424145,63.24962060018603,199.00132177999706,26.5824643853723,855.4853869878102,101.14064718265041,79.79634797082294,39.59171636727738,90.07685905908846,57.76668135311108,57.962500611935184,99.2534366853613,36.4223821412836,52.66314192000783,309.2255252698634,123.90463602095267,660.8904766057179,68.02222500780218,19.728790326528614,204.96176170020073,64.03289763548246,44.58315035037114,335.04675184804427,204.6311254711901,123.26332316756009,486.953541880844,868.9553233771479,196.34846323952368,87.28545456840212,1661.82014001077,16.05717922357664,33.77882214715817,175.74778479463455,18.138737407043223,66.7254124443139,37.20565917658002,38.77221324717286,13.36466441474519,3.5492240661869094,46.996622117785286,280.17476295160816,117.00200714740295,12.826161452978901,160.52191712791281,152.9837959563323,125.39775786948647,9.526607240589202,430.7123002031625,183.58055514759877,15.665540705928429,244.2923658026142,230.82195133891418,72.59999020903706,124.83477750036717
2026-02-16,195.57387985947543,95.04882477059718,195.78978360076547,108.4449678590706,3.9256096962559495,120.46714755385445,62.143385050557555,284.9722849655282,421.9049021051082,63.398596594533586,199.47004269100543,26.645075813337257,857.500368025909,101.37887040580989,79.98429756121497,39.68496934267505,90.28902301388683,57.90274301977526,58.099023504588054,99.48721483742455,36.80259090239953,52.75038029343932,309.9538645020609,124.1964767652976,662.4471154435938,68.18244223143309,19.775258844889347,205.44452162765592,64.18371853378477,44.688159978754165,335.8359095146965,206.2579163906472,123.55365338553166,488.1004956082241,871.0020310429853,196.81093569820646,87.49104374447961,1665.7343343638058,16.094999754649393,33.85838363020756,176.16173511948574,18.181460769108977,66.88257519996074,37.29329211443152,38.8635359929339,12.741056670910465,3.557583787231954,47.1073163550714,280.8346770112616,117.2775896756465,13.003582118847833,160.90000496451617,153.34412875999803,124.53996761372,9.54904588564285,431.72678523234697,184.01295451199763,15.947789391039795,273.0506894352029,231.365621473085,72.77098974434466,125.12880906815839
2026-02-17,195.9071502183835,95.05815380085392,195.80900034352456,104.7259164744565,3.9259949943563823,120.47897138931148,61.31913431810375,289.8071307034279,423.07503557932966,64.09186828286795,199.48962065073368,26.647691024193946,850.2723659027336,101.38882072925358,82.93664425577857,39.68886441744982,86.37188987584041,57.90842616675664,59.66677901824055,99.49697949511092,38.27845119497473,51.38145948863915,317.2694704814252,123.66884232222604,673.4519157628699,67.67286502935295,19.629974971781913,205.46468598174414,63.4293566275703,44.56004318594494,317.51532441600824,204.93693870540315,121.97575698090985,510.53395448912994,861.9526802583796,198.21367227756787,87.49963097947442,1666.0941257299899,16.09657947686117,33.8617068263238,176.17902537174265,20.513323845512097,66.88913971634686,38.867350444128185,38.37660106983364,12.514109044510969,3.5098393602133,47.11193993227659,269.29919839156895,118.61412376699221,12.356087686082194,160.91579727986823,153.35917946704618,128.94439809589244,9.549983123301548,421.86043087795065,186.28846248221035,15.335917946704619,244.6385630858321,233.10643203734605,73.61240614418217,122.97835459786157
2026-02-18,193.8423645320197,95.17733869881465,194.17586303109604,109.85221674876847,3.9408866995073892,118.11674973060344,63.438672596597904,293.1433526400862,423.1601177647783,64.33497536945812,200.2463054187192,26.774385198583744,849.2118226600985,101.77339901477832,83.00492610837438,39.8394083859298,88.27586206896551,61.77339901477832,60.237928869689036,99.87438183112684,38.669950738916256,53.15172317580049,318.4729064039409,124.13793103448275,694.5812807881773,70.09113180226292,19.87783197111684,206.2440347906404,64.03940886699507,46.023646763392854,334.5320197044335,207.43301166102216,122.4384236453202,501.37931034482756,862.9433497536945,203.44827586206895,81.58719067503078,1700.7394935344828,16.157635467980295,33.99014778325123,176.84729064039408,20.591133004926107,67.14285714285714,39.95073891625616,39.96748900765856,12.561576354679802,3.633004926108374,47.29064039408867,270.320197044335,124.38423645320196,12.807881773399014,161.52616754541256,150.98522167487684,131.60098522167488,9.408866995073891,431.41971982758616,184.53201970443348,15.763546798029557,244.82758620689654,249.45812807881774,75.01280836283867,127.53694581280787
2026-02-19,193.45164937810333,94.98549607128152,192.91086967209085,112.22161895540411,3.9329433164544514,116.30942911637824,62.9762548547269,291.05993782569686,420.38295883314487,64.20480754310874,199.84268226734181,26.552282364974065,837.9652318592989,109.48330957180079,82.10019173098668,39.75910674177155,89.14704123790926,56.339413008210016,57.42097242023499,100.0442456123101,37.51044688068433,52.72209055333132,317.83098176097536,129.2463497369844,706.701232271029,69.94985377247615,20.225160704807255,208.84781180098076,62.9762548547269,45.47465709650459,324.4152291323558,209.2773293471314,122.19163266309424,530.5786342854333,861.2039722727495,201.07172705373384,81.42274080444054,1687.233642950199,16.518854027118874,34.687577655466484,176.4908313258935,20.549628828474507,68.83093091884925,40.853448699670615,43.73039769584828,13.421169067400815,3.6256821198564473,47.195319797453415,269.7753306130475,121.18381593825278,13.760877226395426,161.20058999910893,150.68089081166116,130.5737181062878,9.389902168035002,430.5501358094489,184.1600707929797,15.485964308539403,246.05476623568163,242.85924979106238,73.95211689521778,128.2631139078708
2026-02-20,194.18673509672325,95.13570647723488,193.64390051322542,111.03434662455587,3.9478878799842088,115.52506908803791,64.48529315380725,290.0907966020406,420.992893801816,63.319185530296956,197.39439399921042,26.154757204895382,833.004342676668,104.86577181208054,82.41215949467035,39.910185068810456,81.99269640742203,57.47137660807035,58.82352941176471,102.94117647058823,39.13294464243856,52.922426171797895,329.2045005921832,130.7244374259771,709.3865853545697,68.93999210422425,20.30201312161885,209.9439739192657,64.15317804974339,45.89419660481642,320.96328464271613,205.88235294117646,122.65594157125938,563.5609948677458,853.9774970390841,206.0303987366759,81.73213436158335,1702.5272265470787,16.581129095933676,34.819384972850564,177.16146861429135,20.62771417291749,69.08803789972364,42.439794709830245,43.66314538232056,13.431208716331149,3.6394591393604423,42.63718910382945,270.8004342676668,126.8258981444927,13.356197882771633,161.81312678503133,147.8054620416749,132.05684958547178,9.425582313462298,429.91265298065537,184.85984998026058,15.248716936439006,244.2755625740229,241.50464358745805,74.41768653770234,124.87317072841616
2026-02-23,193.78508815128532,98.00059095833743,185.221121720489,108.8348271446863,3.8412291933418694,115.28612232837584,62.74327496337289,270.7081650743622,421.3532945927312,63.52802127450015,196.98611247907021,26.987097409632618,837.6834433172461,101.91618289006328,82.24170196001181,39.82763667065768,73.977026013709,57.35250544597348,58.701861518762925,102.53127154535605,39.39722249581404,54.983748645720475,328.52358908696937,126.46508421156308,700.2363833349749,67.15404338042019,20.26002136789542,209.50973542302768,61.1641879247513,45.94701073574313,305.3284743425588,208.80576015094059,122.40224564168226,568.5511671427164,892.3470895301881,206.19521323746676,81.56308335975204,1582.9907878213335,16.546833448241898,34.74736615236106,176.79503594996552,20.09258347286516,68.15719491775829,41.120850980005905,44.34846735089844,13.722544759996275,3.5102924642616404,39.79119472077218,258.54427262877965,123.76587911977987,13.247316064217472,161.47843992769992,133.73731517162415,131.78370924849798,9.406086870875603,429.023441347385,184.7237269772481,14.392297843002067,240.61853639318426,240.7170294494238,72.39288928226263,128.18871269575493
2026-02-24,192.94748757320735,96.86746394999754,185.10261812373886,108.43053059559404,3.838771593090211,115.21236281313057,62.703132113108424,271.2239775579507,416.66224500467547,63.24130124514002,195.13755598208573,26.969831192479948,842.8564397854226,103.499187952163,82.18908410846991,39.80215513727915,73.88404941188051,57.31581158452372,59.15645454992864,102.4656725232541,41.340617156356124,57.783354278553944,326.93242489326497,126.38417244943157,742.6546582016832,67.11107854140522,20.227373394359958,211.14702429837837,61.666420591564545,49.46109552635465,305.13312663024755,208.6721672141838,122.32393326443231,582.5650695623555,884.5907771051725,206.32659568168955,81.51089968517768,1627.2571623234412,16.53624686254245,34.725134952007664,176.6819233229982,20.099414040872308,68.11358826713914,41.09454205423496,43.801368177567795,13.927850780058074,3.415522492537965,39.76573650278065,258.37885722722575,121.56110044785669,13.879128390453516,161.37512678635144,135.8334563708844,134.99680102367242,9.400068901028595,435.5529307544663,188.05059304099612,14.764506127270044,231.655101136867,228.11161966632218,71.65706973768394,126.03966730646194
2026-02-25,193.5380362343881,96.75717084294935,185.66915622531715,108.7525299896332,3.8505208076220563,113.16137920687909,64.63197906896382,277.90738136045564,417.56823258626645,62.40015989843017,195.73480772078787,27.052376956113935,841.634990373698,104.90200918201116,82.44063780421583,47.002517889263586,77.01053667405094,56.11887489895468,59.33751295848348,105.29841680885002,41.46714715900676,58.96727057313521,327.93305728421035,128.56740349400823,747.8896184035148,69.52066097136175,20.19055141432591,211.7932757426445,66.00187589475243,49.6124796366688,319.0008392160734,207.8293923088315,122.69832650441822,612.1340771091474,888.5812427494199,210.7039532245026,81.76037768194327,1493.258599650738,16.586858863602703,34.83141714418935,177.22268845337413,20.160931722194025,68.32206150960161,39.443155452436194,43.19494495729871,14.118082156013969,3.51977109402961,39.887446314854124,259.16966974379227,126.42543318359085,14.542132920583779,178.9898486094313,144.21336220195488,135.409981734709,9.42883941353606,434.66605486683613,185.41590416661523,15.17993779927926,240.90389664683812,244.35997432986127,73.48867227031087,125.6350886229143
2026-02-26,189.85471558729378,96.52844175156982,185.2302436668924,105.29426249692195,3.8414183698596407,110.31765574981532,64.47919231716327,284.2157104161537,426.0492335631618,62.252649055035704,195.27210046786507,26.10194533366166,834.8199719896577,96.7741935483871,82.2457522777641,46.4910120659936,80.29635461555036,58.596407231131494,59.52917952397809,104.16153656734795,41.36912090618075,57.88081849452105,327.1578400101576,128.2634766105947,733.4154149224329,69.14553065747353,20.610687022900763,209.07743820795372,65.50110810145284,46.412214942825045,333.4075273947304,206.12064935514653,122.40827382418124,577.4439793154396,863.2706691701552,203.8822988488057,81.56710025624847,1478.3358470819994,16.547648362472298,36.51809899039645,176.80374292046295,21.127801034228025,68.16055158827875,39.39916276779118,43.339079044570305,14.133956672463679,3.511450531975268,45.752277764097514,258.55700566362964,126.12656981039153,14.277271307386574,178.56672559868258,146.0236399786075,135.08987934006402,9.406550110810146,438.87319933513913,180.2462399578306,16.099482585396917,242.81556844065503,236.6412213740458,73.23319379463186,126.06599455952967
2026-02-27,189.77060155557743,98.3065865905287,185.14817848066605,105.24761248400118,3.8397164517081817,113.18056032016098,61.65698533031407,262.52830560204785,429.0454801030078,64.7829083390765,194.89022349118835,26.336516687998426,848.127849789554,94.26996160283548,82.20931377375209,46.47041449246825,78.04039086344393,58.5704464324173,55.74972925076302,125.34803920248966,41.35079255685734,58.30412595492948,331.2986117948213,125.23382888648223,737.816284335926,67.59525474464962,20.320960312738443,208.98480766035738,63.650684257162546,45.472579524896624,345.2791178497588,209.3630008860884,130.02250170372034,577.1881461061337,885.537587224328,198.98394762771363,81.53096242508245,1476.814981355223,16.540317022742936,36.501919858225854,176.72541104656887,20.72462341242493,68.1303534508221,39.62784286698828,44.91729901580345,14.275868858915034,3.3553216334601443,45.73200748252437,264.6544226349439,122.2802008467067,13.503987758403994,178.48761264552772,139.16510780742345,133.89780446982377,9.402382593285418,438.6787591070198,180.16638290557006,15.358865806832727,248.3504102773949,237.5209215319484,68.57339765678842,130.28896039215564
2026-03-02,199.01676177040827,97.34034708224767,184.90241864491665,102.31354958504375,3.8346197335430903,111.00732510692688,57.787225366101715,263.703849368271,410.30431148911066,64.69691755567572,194.63153237303968,26.154073054422103,855.5626567032102,98.20903809769983,82.10019173098668,46.40873113416253,81.65773560788554,55.84779509365321,54.29083899782152,129.4921586942628,41.29590482277174,57.80689128292303,328.23803851365466,125.06759746325156,747.5050390836242,67.50553094158657,20.446388766357817,208.70740783700407,66.8000604344366,44.467332469673316,357.602871048621,211.00240892778132,129.84991394766112,646.3300722678334,865.2475296199793,197.24546098397323,79.5324723234477,1511.7250872621798,16.518361929108696,35.22442357799518,176.4908313258935,18.5339953787916,73.74268718352096,40.06686003637972,46.102946231595055,14.742638261777321,3.342018748190039,45.67130426232732,255.64131556953933,124.57401115665404,13.998820117005064,180.8479751295106,145.0272847942579,132.83811310131014,9.389902168035002,438.09647079789585,185.04498303918194,15.731773265817806,251.06237959201857,231.53876311237156,70.419351281356,131.03387775536478
2026-03-03,202.11318322592084,98.1910652198338,218.41217042508435,95.6806730910336,3.8154869637528734,107.86088147532162,56.351807464657824,265.56767597710706,416.0763884642665,64.37411338844592,199.43256860539057,26.95299124394658,870.5713370713692,84.8701266937338,81.69055422393973,49.79699652692853,84.87709514526671,55.56914347209313,54.346230983710804,121.31291884752726,37.32328914542875,56.431541597750446,325.68115747902704,127.63733498324609,737.1716479968693,67.16871324574731,20.344371858165843,207.66606578352003,65.54810937729296,42.0192731008169,372.69480995939927,212.83568947806094,129.2020300156227,601.1837792887541,870.7136917282198,196.15516313652594,79.13564640861175,1475.077043486768,15.65327985129384,35.048671917037616,175.61023333170277,18.588269823411437,75.4292422834222,34.975786810430215,46.470674558528586,14.845667966265959,3.3948051423900063,45.44342806828743,254.3657975835249,125.22623881035072,13.194247957067363,179.9456372405897,143.7313529730531,134.52037372205643,9.34305141124101,435.91059592525556,188.328523210879,16.78276164642619,249.7832913084552,215.23259795529032,71.41808932152814,131.63430024947414
2026-03-04,202.38047632677802,97.96238244514106,222.81543887147336,99.43181818181819,3.8205329153605017,114.37108150470219,56.05897335423197,268.6618338557994,421.1270801699647,63.675548589341695,199.69631661442006,27.527429467084637,866.330329153605,90.7621473354232,81.79858934169279,49.8628526645768,87.55387931034483,55.642633228840126,55.02596170550977,126.28330481837162,37.37264890282132,57.748824451410655,326.1118682574329,126.66536050156739,727.8056368932455,68.08385579937304,20.523119122257054,207.94070252804173,70.87578369905955,46.2994710031348,379.6042319749216,211.38763427734375,129.37289868776327,576.0579841637687,863.1465517241379,196.41457680250784,79.24030268080182,1528.2552593554076,15.67398119122257,35.095023510971785,175.8424764890282,18.24108560257197,75.52899686520377,35.0220420143821,46.287225705329156,14.351979318457337,3.33219037907998,45.50352664576803,249.05369199555494,124.90252790779903,14.22511821256536,180.1836139356081,145.22923197492162,131.5194013350436,9.355407523510971,438.38166144200625,188.57758620689654,17.688087535128698,250.88166144200628,225.48491379310343,71.51253918495297,128.71130581559805
2026-03-05,201.47258653635168,97.52291788570315,225.03413302126,102.3990637799883,3.8033937975424226,119.36805149210065,55.807489760093624,265.7499512385411,431.6847198349425,61.04934659645017,198.80046811000585,27.59898576165399,848.5781463331383,97.03530329627463,81.43163643456212,49.88297249853716,91.06202457577531,55.685586112736495,52.369806904622585,125.26818802418569,37.20499317339575,53.07684805929394,324.64891273375025,126.09713282621416,701.4335868929198,65.27014133966014,20.498342348489004,210.14200727307636,68.75414520019626,44.372927637994934,408.37674246025944,205.87040347059684,128.79252484929663,558.4649892724791,847.4741564267604,183.83070021455043,78.88482638634923,1541.396002474644,15.603666861712503,33.64540667056758,175.05363760483715,17.94421689096938,75.19016968987712,36.88804369026722,46.092257156506,14.311976290502487,3.3060270651334998,48.92724909372257,240.39399258825824,127.0786952805003,13.559585848072247,179.3753004734433,152.6233664911254,130.92939816931198,9.31343865808465,436.4150575385216,187.73161692997854,17.6087378153495,249.27443520516385,223.27872049931736,70.41154671347768,129.41291203432806
2026-03-06,200.39770126527793,97.00261907071491,224.07605005335145,102.77427490542246,3.7831021437578816,117.13066252788826,56.967215482982105,259.91851779998063,427.2480356969638,62.03317489572219,197.73983897565236,27.548743816083036,860.9952468716656,97.73013871374528,72.82471626733923,49.61683965467068,92.69812784945194,55.388495489378215,50.78087108351926,127.07343098263654,37.00649917547774,51.50839072654962,322.9168640190004,124.55136288679795,694.5387525463188,64.92191573352169,20.95256571927442,209.02086939355178,66.59229799204579,42.05063536715492,415.0693758184596,205.52915402348677,128.10539817680547,514.1138810747891,851.5859928218063,178.96983218546902,78.46396447430644,1547.191774177903,15.520419051314386,33.465903579396645,174.11970123193328,17.314967504122613,74.7890193035212,36.7154913182656,46.620427330639494,15.213406413218275,3.288388934511486,48.66621517189168,240.08148220001942,120.33174895722185,12.367349184846448,178.41830740660467,155.35599392824233,126.24405385312592,9.263750121253274,434.0867203414492,186.7300417111262,17.01910921992843,247.97071278737027,212.43573576486565,69.45387525463188,130.71102919778835
2026-03-09,195.21530309711716,96.88536372335976,224.0325865580448,104.611582233931,3.782368344486471,115.55620211424691,56.475123891126586,258.4555386086461,425.769553222893,61.88051476995139,197.70148385219667,26.549316264183883,861.7010959169819,96.06245756958587,72.81059063136456,49.60721559499564,93.04383667927456,54.165454369120354,51.49839976723887,127.0487828532635,36.999321113374066,50.680341619765905,322.8542286074944,124.52720395693919,701.4004593850015,63.17282513820192,21.2636989622733,208.9803261156168,67.91387932941761,41.218116574532054,405.911172306881,209.67898360973717,128.08054987922486,547.2665342231597,860.4887983706722,179.66249636310735,78.44874500684948,1511.395596935312,15.517408592765008,33.45941227814955,174.08592765008243,17.408592765008244,74.77451265638638,36.70836970225972,47.79313484897045,16.00184221871666,3.2877510935776266,48.54039375424304,247.66073928935117,115.50771021239453,12.591407412574405,178.38370003439894,155.17408592765008,126.0789448162157,9.189215401028028,426.2438172825138,188.14857918727571,17.457084666860634,243.76587825653428,223.5476675395209,66.77334885074193,128.50353990883522
2026-03-10,196.78023171711556,97.66203786797952,223.54531425664777,102.06276273340504,3.8126894124547857,119.51314889040962,58.98841696058694,261.0768336729519,424.77270505425753,61.6673167377218,189.65685795287908,26.39554208622544,861.7646137818947,97.37022191807607,73.39427118975462,45.98836724459105,93.72861472284681,54.599667611692254,51.30022485091407,128.06725975168638,36.86577437711562,54.06246992695401,325.4423649596124,125.52546681004986,707.023182786074,65.9888552155636,21.26307556945938,210.65560099502642,68.22856321678867,42.96558755667099,389.2755794646349,209.45351451754817,129.10729785948652,589.2560367582364,861.2767621468375,184.76879460357807,79.07762340068678,1501.142871217861,15.641802717763223,33.72763711017695,175.48147423990616,17.67328172639524,75.37393684622154,35.38957864893929,45.45898914849937,15.435037101069112,3.1772411770456546,48.929514126503086,244.00918669499708,116.82471404829407,12.57454296607684,179.81369938945036,150.9433962264151,127.08964708182619,9.262880046925408,429.66076840355856,183.96715698779207,17.499266790497607,242.54570339231597,230.22778375207744,67.4552742203539,127.18740834881221
2026-03-11,196.49209197914632,97.51903410304203,223.21798316392523,107.86802030456853,3.8071065989847717,119.51288940477353,58.11865410735858,263.9994057115751,424.67832732880225,61.57701902676262,191.7219836001562,26.210464662241314,854.8365201581414,101.5228426395939,73.28680203045685,45.92102777673974,95.03123779773526,54.51971885982039,50.56618508395158,126.90355329949239,38.378073898249895,53.01737459503734,324.9658288922174,131.7844591956267,729.6954314720813,64.38451705152102,20.88539603165191,210.3471439455413,67.441917219836,43.87739271635378,379.2317549449678,209.1468176493557,126.84883376854745,575.0683326825459,860.0156188988676,189.62319406481842,78.96183226919416,1503.3190160093714,15.618898867629833,33.67825068332682,175.2245216712222,17.66887934400625,73.93010804914768,34.20636505877678,47.83287778211636,16.28855921616083,3.2653261189905756,49.59000390472472,246.77860210855135,118.65482233502539,12.740628601098052,179.55040326578364,154.8223350253807,126.90355329949239,9.249316673174542,429.03162827020697,185.32799687622023,17.473643108160875,246.10504662790416,232.33112065599377,66.4876977338869,131.2958800387727
2026-03-12,196.12832409961757,97.33849608804078,217.87001851310532,107.6683231024067,3.8000584624378835,116.92487576731949,58.01105843084685,261.8936900912258,427.6040144207347,61.46302084284871,191.3670466725129,26.308097047646886,873.3801032836403,97.43739647276625,73.15112540192926,43.15940829428225,95.80897160537245,54.41878593003995,50.42385267465654,131.00457955763423,36.63646107376011,52.556758710751,324.3642162303298,126.18337908323589,728.3445386339278,63.62272454181587,21.33878982753581,209.9577260623721,65.77024261911721,41.751924388580335,379.397338284371,207.81448395480123,122.52752606450356,574.0037026210659,847.3155997271753,182.4515248952548,78.8156493974106,1437.2015979733021,15.5899834356426,33.615901783104356,174.90012666861543,17.63616876157069,72.74530078657861,34.14303845484842,51.105426787214995,16.66179479684303,3.259280986352865,47.79304296989184,234.33693851700284,114.69794597400858,12.764298937932379,179.2179997130164,154.82802299522558,128.1301763616876,9.232193315794602,423.48190823528694,184.98489720354672,17.441293968625157,241.6447432524603,224.5931988697262,65.13689954204423,133.78154535710806
2026-03-13,193.05055506264003,94.38248995948793,217.7851368462063,107.62637576702056,3.7985779682477845,116.69231090432332,58.24486217979936,262.4184279731178,427.8270186032921,60.561505127547605,191.2924905035551,26.3465471900263,881.4648875036526,97.39943508327653,73.12262588876985,43.142593486336686,95.75995718990455,54.39758449400994,50.74510567838707,130.95354046946528,38.26482811282507,49.138014999513004,302.4252459335736,126.13421832387748,716.0319470147074,63.48495059832169,20.599980520112986,208.38038436252072,63.60183110937957,42.232395646587676,379.82564740187007,212.3307684815428,122.47978961722022,549.0406155644298,858.0875963341288,182.16080599173932,78.78494299850249,1454.3332666248662,15.583909613324243,33.72187626980709,174.83198597448137,16.655303399240285,74.33038126171837,33.63494560945414,50.6671873192784,16.46050452907373,3.2312261845778267,46.021233076848155,237.89812019090292,114.93133339826629,12.544072590448312,179.14817678530122,153.40411025616052,128.08025713450863,9.228596474140451,423.31692064076657,184.9128275056005,16.947501704490115,246.4634208051281,237.96191967438153,64.86802376546217,136.6606575146708
2026-03-17,191.01840490797545,96.68711656441718,219.77914110429447,109.69325153374233,3.067484662576687,118.28220858895706,61.59509202453988,262.82208588957053,427.28000383435585,61.938650306748464,195.09202453987731,26.25815998849693,863.3128834355829,89.86944617523007,73.69325153374233,43.4792645226227,93.59852497124233,54.13202166411043,56.05791674654908,132.28761263420245,38.700860333588956,49.66920293328221,305.37423312883436,129.22699386503066,714.601226993865,64.04907975460122,20.507484482841257,210.00651840490798,66.8957055214724,45.00613496932515,400.0,208.14723926380367,128.09815950920245,558.5276073619632,805.398773006135,195.14110429447854,79.39975555981596,1492.0245398773006,15.705521472392638,33.98503103431749,176.19631901840492,17.795336764282975,74.91043184432516,34.54331324290644,49.91411042944785,16.98159509202454,3.5352146640145707,46.38036809815951,245.15337423312883,125.6441717791411,12.68515295485046,180.54619200536808,151.2638036809816,129.079754601227,9.300613496932515,409.32515337423314,186.35582822085888,17.79926398341641,248.70379601226995,269.07778949386505,66.60760760161043,137.70896041027606
2026-03-18,181.38193096551913,96.57336143928623,219.52056473356535,111.8878328517942,2.9805382242786678,116.67238590126966,61.52262365802245,257.6106671895681,424.0403941369675,61.76773371243688,188.48963184469827,24.952203539389185,875.0428942595225,88.53375165449286,73.60654934065396,43.42810993913611,95.2497671454483,51.9633315358596,56.02725743487732,131.87950198232755,38.65532767767415,49.18525501690493,305.01495171331925,126.77092014314427,762.0682233197706,63.97372420216677,20.31962351095642,209.75943980097063,65.61498016906465,43.70312270209324,388.10726015981174,205.6963576645914,127.94744840433354,611.7946958184225,797.588117064562,200.9510365857395,79.30633950346831,1479.8372086254228,15.687043482523652,33.945046684848215,175.98901906956223,17.64792391783911,74.17030246580714,34.502672058641046,51.15397765745257,17.273395036597993,3.554095789009265,46.32580028432766,235.3056522378548,123.1560375393708,12.316290283502331,180.33377430802366,151.28192558458747,128.92788862199126,9.289671062306976,408.8435707632727,178.48914162458942,17.778813345150958,247.70822099122506,266.41109954072505,66.52924186885693,137.7591990952375
2026-03-19,180.42668404767272,96.06475837518896,218.36446091578483,106.79280245769736,2.9648412365075605,116.05793143804554,61.198615107036616,256.3563708809796,418.8813575852148,61.44243429072999,187.4969522602038,25.015848246940067,847.8080655385966,89.48164041546788,73.2189008631199,43.19939604273845,92.04174184424829,51.68966694299507,55.27770790728471,134.68571707221923,38.37713951333691,45.8487331498086,300.87287267762224,120.78802360169698,743.6485102647875,63.63680694397035,20.032183536985844,208.65474289267078,63.441751597015646,43.54610620763641,386.06329546008675,205.29575266982005,127.2736138879407,648.6077924611108,800.5720036146193,202.36992246549957,78.88867311314429,1451.9920027307749,15.60442775637587,33.766275287668535,208.02652752718583,17.554981225922855,75.7629123687186,33.183790900668065,51.9676184313588,17.164870532013456,3.5012436266522555,46.08182571804749,234.06641634563806,120.20285756083288,12.386014531623347,179.3840475013105,150.4852001755498,128.24889062271419,9.240747061978835,406.69039840054614,177.5491295655142,16.571413984115942,245.5259179792266,269.62158691239574,65.68488808699468,137.6115472765397
2026-03-20,179.76048242557573,95.71005198464754,217.55817907982316,100.81134917164651,2.9538939531195916,113.39454889957733,60.972647330321145,256.2794539182821,421.70723412524904,61.21556624398776,185.7358013894962,25.535635018507385,849.0016032648302,89.15124131564885,72.94854977408542,43.03988799730057,88.53179808579897,49.55545838799009,55.073602295811476,139.82412670650538,38.29033692283985,45.37725307292426,327.126280638148,120.34202983044261,739.9767006601322,63.158917553320705,19.854248829719157,207.8843129038527,61.26900721886691,42.49137519243733,384.6378078997231,205.7037360928922,126.80367293397465,609.7750570859448,787.0577547308459,197.53535039535055,75.35344701938493,1428.3767816584075,15.546810474663559,33.641597790614526,207.25841714035857,16.469902346596708,74.74906760888841,33.06126415002672,52.98547226283523,16.518486129330032,3.4883157485185743,43.968323373657874,233.20215711995337,121.94529466064229,11.802944295846391,178.72169567649883,146.13564165133243,131.4191322936404,9.206626827964826,405.188747995919,176.8935529320313,15.904872716182652,241.46140018461838,254.77724715177575,67.21566341155322,139.73472827621703
2026-03-23,174.80819656210545,95.65892978537437,217.44197339030785,105.77789125852796,2.9523161715577615,118.11062043252889,60.9400796348451,262.52792075361754,415.86236434155575,59.82324949014276,185.6365931824803,25.521995512573444,834.2235602602699,89.83198989997086,72.90958531611149,43.01689883696404,88.4845100514713,51.56841798582111,56.32708555890065,141.54608138292707,35.44721763620472,46.858308245119936,309.7377990858988,120.27775080120422,770.3447833713702,65.79586287268135,19.86500952236164,198.32853887964941,62.785277265222874,43.50781781101291,393.2844422981208,204.9140526366903,126.73594250752646,631.1547052539574,799.3590366126056,202.68475496503834,75.28406450490738,1445.4122711712148,15.052928037292414,33.6236285968835,203.94289598912303,17.548800325166766,74.7091414292391,34.60716772880602,52.19966980673983,16.40089393831334,3.486452512953181,44.47897445858017,233.0775954161406,123.33689424104108,12.479362921239195,178.6262339569474,146.0575853214225,132.32009323103816,9.201709235699719,404.9723220355443,176.7990676896183,15.896377348605782,233.12615324851896,247.6449451296494,67.59250267068077,138.3898222783335
2026-03-24,176.28267182962244,95.35333978702808,216.74733785091965,108.10454701869554,2.9428847646205494,112.10067763794773,60.74540174249758,260.7841144572846,413.8431752178122,58.66989327769542,189.54501452081317,25.16940948693127,839.7870280735721,86.1568247821878,72.67666989351403,42.87947795975012,85.22507260406583,51.40367860600193,56.96999031945789,152.66699407823089,35.33397870280736,48.709585036566736,308.748317249516,119.89351403678606,774.4433688286543,65.58567279767666,20.087124878993222,197.69496271478704,59.777347531461764,44.43368828654405,377.1055179090029,202.7270011495644,126.33107454017424,681.268151016457,778.0735721200388,205.91482068308326,75.04356362120342,1397.1703321636012,15.00484027105518,33.51621526254689,211.95546950629236,16.989351403678604,74.47047718265974,34.496612401114774,52.521780038041506,16.989835903466844,3.4753147653319365,44.336882865440465,232.33301064859631,122.21684414327203,12.393997945720898,178.05559835960187,139.3998063891578,131.8973862536302,9.172313649564375,424.24975798644726,183.20425943852857,15.730880929332043,233.88189738625363,252.90416263310746,67.37657308809294,142.78751162799492
2026-03-25,177.9718583212033,90.20087525776323,204.07569141193596,104.80349344978167,2.857350770967901,115.72052401746726,54.342552159146045,258.9034449296458,409.9956218158661,59.67976710334789,185.10431829209122,25.23047064531781,840.174672489083,86.3658418243571,68.80155264434741,42.98350386455301,83.00582241630276,51.528384279475986,58.61232411450752,157.2052401746725,36.58903326472283,49.053857350800584,309.49734276443473,120.18437651625425,802.7656477438137,66.32702571567201,19.961183595171487,197.02823644468705,62.29985443959243,47.768073750606504,378.0203784570597,207.6661814653081,133.28481319747695,681.7079087821446,786.2930616205725,201.16448326055314,75.2256198163058,1414.3619602134886,15.041242115477925,33.597525828443416,208.87918486171762,17.524987988423398,74.65114306616934,30.159146874810467,53.37166376683042,17.15186802523047,3.541969917515769,40.514313440077636,232.89665211062592,122.51334303736051,12.98010621124075,178.48756245072175,137.55458515283843,132.2173702086366,9.194565744784086,425.2789907811742,183.6487142163998,15.368753032508492,233.1877729257642,256.6715186802523,69.50412326388889,140.85249736550824
2026-03-26,182.49357124390434,91.12038548275328,208.1614828472997,99.22849240623027,2.857489416742609,106.93822565763136,54.34518899509922,255.71352321801152,410.903467917536,61.236839696097576,185.11330001455673,25.23169489058178,840.2154398563733,84.37866761790964,69.11737306061671,42.98558953119692,84.42913290310058,51.53088456499587,58.61516813042845,153.33106895045853,34.942015387315614,47.94022029210539,309.5123603462079,120.19020816148284,771.1956093211703,66.33024406812557,19.694794247582973,200.93243736049783,61.13833761948663,43.670241156776164,378.038720947159,208.18865828491192,133.29128050851568,600.801113894415,780.9209568635061,185.11330001455673,75.22926995070418,1407.1522150516764,14.013294569992174,33.599156064060296,214.44514532485806,17.079916541316898,72.54112281042262,27.986803304229944,55.7038187199767,17.750497710913617,3.5421417827162887,40.51627929545344,240.0892813819205,110.63127759716627,12.098112563979555,178.49622311171694,137.56125964384492,131.8356058032898,9.195011888010091,425.3088664994662,183.3664903682857,14.799359503129699,232.5745976424135,238.6137048740841,68.32791712093321,144.23310204279682
2026-03-27,180.93087072524295,90.34011759340274,206.37898686679176,98.61932938856016,2.8330206085365104,105.45052196084092,53.879828739115794,255.68865156107182,408.9094145379324,60.71246593047939,188.3388656371771,24.71737084682584,856.6892769519411,82.74402270649925,68.52551793939722,42.61750202763446,81.06027805840189,51.08962332226873,58.11324385433204,152.01808822821957,32.71275316303459,48.58805984509549,306.86199232092173,117.09241352768558,740.9919661326791,65.76225525568866,19.29090296820128,199.66738056688075,57.74811344492652,40.85822905297632,374.80155866647425,209.9870111127147,132.14990138067063,612.2576610381489,772.9831144465292,183.87212692277626,74.58507838620592,1396.973149534565,13.893298109057044,33.311445005254186,219.97834903575554,16.18848365640184,71.49516736158718,28.286910088035793,57.000528941991995,18.04974321484732,3.8485591956511285,39.447731755424066,228.42065597639152,105.83537788040603,11.085293340827501,136.49108742844086,133.7177124111524,130.7547986722471,9.116274594698611,421.66692787258864,185.2792563786862,16.428055526741474,224.4710674039063,241.06412661759754,67.74282214582732,149.08645107970125
2026-03-30,180.6788052347053,90.21425943572552,206.09146810146044,85.41506533435819,2.8290737600715046,100.88393543428133,51.95522674865488,258.07071483474255,413.97721028896046,60.62788380557624,188.07647963105305,25.172943889315913,872.4058416602613,75.4227517294389,68.43005098992361,42.558129066508336,80.94734819369717,51.018447348193696,55.68793001402167,142.67870868562645,32.09069946195235,48.424289008455034,306.4344847413048,116.9292851652575,713.9412178432456,65.6706379707917,19.26402767102229,199.21363637046022,56.221178364148976,39.15257494235204,374.27940046118374,209.6944657955419,131.96579554189086,611.4046887009993,771.9062259800154,174.2890084550346,74.48116950490308,1409.5887778631823,13.416602554731787,33.26503686223188,219.67188419515037,15.372790161414297,71.39556321797235,27.863182167563416,57.39095044264328,18.00057706605646,3.5069177555726365,39.39277478862414,228.1024296589763,106.74481168332053,10.207532461930201,136.3009336267775,133.53142236215533,131.43735588009224,9.415833973866258,421.0794787513211,183.81485583505477,17.76566091269186,227.04843554837626,218.58186010760954,67.64844561612762,149.14872846082943
2026-03-31,181.4371175534577,88.45096241979836,206.95643784070626,94.39673886825221,2.8409474354599085,106.6139225240002,52.173283805296926,262.34019029801243,414.00935886921707,54.015627449768445,188.8658401273578,24.94090404746973,859.9064113078297,80.80466978628974,68.71725319148295,42.73674632873933,84.42278932895944,51.23257272420281,55.74461041520937,138.9357904385161,32.803800966490186,50.89439867983863,307.7205959947417,117.420039558107,747.7447054850693,63.264027421200375,19.466447441442998,200.0497397215254,59.3887764141571,40.329972502291476,375.8502580925274,212.25818429947176,132.5196584495152,603.0199237782816,793.6707028800232,177.77027352983743,74.79376836384112,1500.1905166071688,13.990062231656134,33.40465084298417,220.59385119428097,16.353900332867,71.69521172971743,27.98012446331227,56.20145689613585,17.68922729874964,3.521636354865165,41.72897872545709,236.3838101210864,115.77982536543009,10.74678007971735,136.87299118987892,130.25230353610883,131.9890009165903,9.455352404843456,422.8467571849824,184.58633021672537,19.296637560905012,233.8670499360799,227.70032321867916,69.03372087413769,146.0200732141565
2026-04-01,186.0802319961334,88.9801836636056,205.12324794586755,91.8318028032866,2.846302532124139,107.58820686321894,52.27162880618656,262.83469331500726,418.07589339656835,54.117445210548574,189.2218463025616,24.142097631706136,862.9463206863219,82.64862252295795,68.84678305491784,42.82261962300628,84.67858869018849,54.13243112614789,58.19236346060899,139.19768003866602,32.91445142580957,52.82358839755014,308.30063965079745,121.45964233929433,773.2237796036733,64.8356670455232,19.33301111648139,200.42682719610923,60.46399226679555,40.89995025148018,376.5587240212663,211.4548090865152,131.85113581440308,657.3223779603672,826.9159316094731,191.5901401643306,74.93475226747522,1487.433542774287,14.016433059449009,33.467617560377896,221.00966367357418,16.62687335744925,71.83035495144091,29.821169647172546,53.68438764952875,17.32286146264424,3.8496859123189417,41.7593040115998,242.53262445625904,119.5263412276462,10.91783467325512,137.13099247825036,130.4978250362494,132.2377960367327,9.473175447075882,423.6438100380618,184.93426965019333,19.005316637056698,234.41323178467857,257.0323827936201,69.55050749154181,138.66602223296277
2026-04-06,177.7174176650337,88.27666488819905,205.84954164039385,103.2642964543823,2.8563806271352976,107.96915167095115,54.71213076587282,262.30780423922005,412.52459287238685,54.3090624924213,189.89183683368094,24.203327351215016,877.7222680312364,89.48925643886113,73.1144213228919,42.97424455546393,84.97841587039821,54.35126636240724,58.01037978367366,149.827811999806,28.859678905757384,52.626473298734055,309.39226048285394,121.88970267255178,775.961585099675,64.65489597101299,20.007760585924235,201.13649195748653,60.38705922297133,42.780229907358006,377.89203084832906,211.95761632542317,132.31799000824563,662.3660086336519,797.2018313163893,191.89406942313988,75.20007879003067,1473.15028632318,14.308580297812485,33.58611860717945,221.7922074698671,16.636756075083667,75.9082310714459,29.61294219803439,54.21351169923485,17.8013294740081,3.8633167544200857,41.90716399088131,243.3913760488917,119.27050492312169,11.786389872435368,137.6165414160644,130.9598874715041,133.38507057282825,9.264199447058253,418.7321142746277,171.07241596740553,19.110442838434302,243.00287308410535,262.0410340980744,70.42731726245331,140.47339053102414
2026-04-07,176.7568619817014,88.21782904282048,206.5407825579132,102.11797101223355,2.8659723277033504,114.98296291001559,54.89585361105704,264.5999610667705,411.28137851007403,53.36285769904614,190.5294919213549,23.872396280869033,871.7636752968659,91.64930703413958,78.83978976056065,43.11855168386218,88.15943157484914,54.53377742815603,56.49747100348879,150.37959898773605,27.44792680552852,52.92437172641498,310.4311969230582,120.74167802219195,779.7951366921355,62.5656986366526,20.196612809032512,201.81190649637435,58.93517617286354,44.23788203231459,352.76426404790004,209.26610862371035,131.37482919186175,695.3961456102784,802.4313497664007,191.89215495425347,74.78586486139163,1493.0406852248395,14.11329569787814,31.369964320394626,222.53698371648093,16.108623710336772,76.16313023165272,27.73992602686393,54.50652131594316,17.81195250146,3.876289737486807,44.07582163276992,231.16605022386608,119.67101421062878,12.020634611641036,138.07865652983259,128.12341501073706,132.37298033871912,9.295308545843879,416.92622153007596,173.73953669456884,19.02861592369087,264.5697821107894,265.1352929725521,70.27447926805529,140.50029199922136
2026-04-08,180.1912233390537,88.50208384407944,208.09021819073303,107.47732287325326,2.8874723897841843,123.80485413091444,55.307673449374846,270.16425594508456,410.56631527335134,53.44447168423633,191.95881343466536,23.682275067418484,878.4015690120127,94.13434641417933,79.43123314537877,43.44202010296642,91.13753370924246,54.942881029357686,58.23976704232042,158.51924491296887,27.997058102476096,55.40573670017161,312.76000168546216,121.64746261338564,813.9029556876685,63.839667063771756,20.209365698834734,203.32586686381467,61.42682269321525,50.4050017046151,342.24074528070605,205.4425104192204,132.36038196785364,763.667565579799,812.6991909781809,210.00245158126992,75.34689635557122,1513.6999341137534,14.219171365530768,31.60529673231031,195.62441822827287,17.161068889433686,77.49742871261338,29.909291493012994,50.94385878891885,16.98945820053935,4.045109095366511,46.08972787447904,243.2498199620005,126.25643540083354,13.826427567265261,139.11450033709244,129.39445942632997,128.95317479774454,9.365040451090954,429.51703848982595,175.0429026722236,19.171365530767346,261.85634021052954,290.757538612405,72.8119637165972,132.47610187086295
2026-04-09,180.38580474156973,87.32587080058471,208.31492661856376,109.95337349064938,2.890590457450961,123.93854611495607,58.827860403475185,270.3087419624012,414.92171969334413,52.16217303155524,192.1661021940804,23.90418691405291,879.1046973936092,93.26068816570951,87.37053943945418,43.488931428851906,84.05733078093554,55.00221168182153,57.94188146919329,159.03401560889412,26.610710972779536,56.600893578894244,318.3134540813822,131.7429931772444,834.0999921771462,65.03705885240268,19.535659942080205,203.49519546397192,59.883178716929265,54.72929858145584,304.6188582928385,206.00795170078044,146.76287242919548,749.0305796888038,816.570951749865,218.85044601770724,75.42826050026383,1529.1321732501349,14.2345260884504,32.48956821010805,189.0016212289243,16.98326216070289,77.58111513246699,29.401659058557893,49.72218083907009,17.71903942641609,4.049477249300544,38.973150738722815,234.86968045943158,117.80297452510675,14.213420081687465,139.26472460486917,112.46944916755632,137.68222647621852,9.375153389289746,429.9808570166397,175.2319246060963,18.455799342266726,261.48039742398026,287.6355961321357,73.38143621459774,132.3810926225887
2026-04-10,180.91862354157436,87.58381163886736,208.93024171712696,126.80549642239576,2.899128606786218,126.69964566256832,60.281593068478315,266.82420125043075,411.01709419460445,52.316248273119434,192.73371732388128,23.82710579431891,849.8646571776695,102.20056121695467,87.62861221877615,43.617387879682965,80.94693173898797,55.16467575413529,57.68276280891548,152.16856200462757,26.58396101019052,57.43907890344238,319.1552207945651,131.5497426217201,847.7329788805199,65.22916358981934,19.59336385565894,204.09627416863586,59.02623935410821,56.22015458081032,296.0680246717004,205.18927611012654,148.28759984369617,762.5658445330577,798.5526510116674,226.84980062029243,75.65105849317555,1510.3633025956285,14.276571653620834,32.58553503394532,189.55988919888128,16.78727908236105,77.81027217022351,28.521635669352754,49.390539040577465,18.326686802228714,4.0614384876679965,36.95761190878378,239.50179687884608,118.76630729089746,14.325801211047114,139.6760810503126,105.89080691859893,142.07896661389876,9.402845468419239,425.73721262245857,175.7495200118151,18.318809892756487,261.7274757467509,295.3773445576724,74.09048392654951,129.83015754612194
2026-04-13,174.05203363989574,84.72138959565424,208.72473319234743,139.428515221561,2.896276958129565,129.2480204593518,60.22229872620863,272.2667584714504,410.170178250873,52.98037672748734,192.54414006787,23.80416120423081,834.0136723552846,115.08385383366941,87.54241872817587,42.295775340579354,85.52906605026313,55.11041452779964,57.05011557566518,160.4780406236168,26.55781242315448,58.16111571437135,318.84129248020463,132.19888850636897,846.8991294939262,65.01745930261153,19.57409137854719,203.8955204439827,60.9846063050214,59.01736094034329,313.4825180279595,204.98744728397187,148.1417407969803,740.9895263395712,790.4391875276644,226.2332169379826,75.57664639609871,1558.3204681121822,13.472680000069163,32.553483162569776,189.37343379220357,17.01667240446565,77.7337362215979,28.49358114157097,49.18113411695274,18.683912550852526,4.057443564648601,40.82083360869646,236.80716077312744,128.01406148179683,14.731225042015291,139.5386924888113,111.81330841489206,139.93016038813138,9.393596616337973,425.3184478434073,163.23218413416615,19.672453646781097,265.24271754198844,299.5573649901023,72.93562189544092,129.10047705700094
2026-04-14,173.9494144277138,85.71990945773054,194.37063281173113,144.66784476952319,2.897844670290741,129.3671882688712,60.25489617163665,278.3928747170554,405.2627694124594,54.37456943214251,192.64836138175377,24.037988386969786,829.9872059836631,136.30548174392285,86.11357149886823,42.31866942230096,84.6127349670308,55.14024498542221,61.116031886625336,156.9466573517924,26.724241061680384,58.00511904816825,319.0138765869501,137.44956205097924,840.8660603348588,67.25027232455898,20.569825263934252,204.00588609327332,66.52888495226848,60.968408621198705,312.4692451530361,204.7042613915953,148.22192774456255,725.7371167946069,793.721090443854,231.27644916838895,75.61755492431233,1564.5605747465802,14.024210215529967,32.57110388468317,189.47593884936893,17.9608306269068,77.77581235083899,30.262769412459406,46.944198405668736,17.81320736148017,4.059639799232359,40.84292932613055,236.93534100974315,131.04025194370632,15.45123511465407,139.6142227327527,113.57149886822164,140.00590252789465,9.39868123216219,425.54866646983567,161.1150443677111,19.683102056884167,267.69018797362463,300.7090722185317,69.89420404726097,126.46343815738486
2026-04-15,175.7977417771232,86.30338733431516,203.97643593519882,144.8208149239077,2.8910161703312927,130.87874324987726,60.11291114383898,280.559646539028,402.1114268838979,54.488466063374446,192.1944035346097,23.907707412862052,833.9214761291114,142.45949446950172,85.91065292096219,42.21894943544428,86.52430044182621,55.01031215482327,61.82032544412739,150.22091310751105,27.504173282554,57.86843540976313,318.2621502209131,138.8316151202749,836.033382425135,66.22484045164457,21.02847354460067,203.52516530130092,73.94109247476374,58.76288659793814,329.8969072164948,201.81639666175747,147.8726566335297,689.8959100392734,768.7776141384388,218.45851742758958,75.439369227878,1586.960277828915,13.69661266568483,32.494353124424705,189.9965626150589,18.02896416298478,77.59254092261904,30.191458026509572,47.26018666869937,17.427589592538045,4.172803141875306,43.69170348551792,240.10800196367205,135.00245459008346,14.629848294826951,139.2852348735886,121.99312714776632,139.67599171192316,9.376534118802159,424.5459008345606,161.85567010309276,20.37309769268532,266.3230240549828,306.38437921882667,68.33578792341679,126.61119628666543
2026-04-16,175.77185490600303,81.30810338361434,204.19182251018503,144.30864379325578,2.890590457450961,135.52250527659157,60.10405929416384,277.27875128847,402.2480734305208,54.48044243414998,193.39321651205026,23.90418691405291,836.401119128258,133.65729151327736,85.89800225789034,42.21273253816325,88.617408620248,55.00221168182153,59.276985442205984,162.71535856280371,26.52137669092518,58.41064153536543,318.2152849359446,138.8111716487508,830.0117841321847,66.21508859765376,21.449958278113186,203.49519546397192,73.13601335100377,60.20959232386308,329.8483286702989,198.79251951111763,147.67780359191698,689.7943203013792,762.7742600500662,220.97874638001275,74.54621216653167,1541.7473877803955,13.841849506700044,32.48956821010805,189.9685849147769,17.032346733421683,77.58111513246699,30.09964024459456,48.10288126441859,17.81868104911755,4.172188681097531,43.68526971972709,225.83763973764295,137.1422961763118,14.223727422534573,139.26472460486917,121.48431747901634,139.6554239028064,9.32606881657095,424.48338487213465,161.8318362538654,21.842634859863544,268.42488181355225,308.2020321013105,69.03745152898443,128.69974966867912
2026-04-17,178.01338084293957,82.6140469872607,204.71433492446238,145.6621229270213,2.897987273738912,140.22144291158162,64.4161212538753,285.91064585281237,404.113970769155,54.92446213853587,193.88809605826484,25.125240260037337,851.4836868264356,129.37256928639093,90.3744894444171,49.62108043826275,90.4113970769155,55.142958446619254,63.23507701392648,167.31460065941636,27.80768747058923,59.555138561248214,319.02957531617534,139.1663796073028,841.4940209635351,69.38634909699326,21.20958614241425,204.01592525896854,77.71270858579179,60.36366440697123,334.3777440440308,199.2274002263668,148.0557006337348,755.0730694232567,790.0693863490969,226.12076177353475,72.00236377046835,1588.116203680921,13.87726981939865,32.572706714459486,182.07765365877663,17.930711830972268,77.779639712305,31.93592690827838,45.91899980892611,17.322474768250824,4.182865016485409,43.79705723143546,246.1493036760002,137.4932336007086,15.43132653768346,139.62109317331823,122.53333989469022,138.69395710564194,9.349933566261502,449.338123123862,162.24595246296934,22.39063038236307,276.13848512622405,317.64676454622065,69.92766104030314,124.99384872791693
2026-04-20,172.55565841209426,81.34745513386291,208.6397960184368,144.66068259966167,2.887613974190862,140.4824948514269,64.18554476806905,284.88723322423266,402.07856400779644,51.92605572564235,206.92360498185744,25.497695400608023,850.1098668726097,145.2780253421656,92.9278240632202,49.034029616553894,91.69363538295578,67.59291900727543,63.00872805727175,173.58046484260078,28.760909473029752,58.851621589836476,317.88761400411886,139.8450524664117,844.365989997058,69.13798175934099,20.60606012721266,203.2856534857066,77.62086888300482,66.09787192311465,333.1808442050971,196.528390703148,152.5939001667157,761.0081396489164,784.0541335686968,225.31136608806514,71.7446324497248,1576.4440521722076,13.827596351868198,32.45611322666134,181.4259095812494,17.068746008802375,77.50122872382809,30.98950671766206,46.09198783956066,17.610571437505364,4.167892517407081,43.640286358732965,245.26821614200256,139.99215455526135,15.200549181131707,139.12132168162205,128.04354557023512,138.19750428281603,9.31646562714524,447.72972442875357,168.4809257624792,22.31048347553202,274.13747992669414,315.5339805825243,69.53025399627342,125.82131999607729
2026-04-21,170.97074533248394,78.89449698632822,209.97696868721516,166.60949674131425,2.88577445923695,146.028323614446,64.14465624540598,280.5047172845102,398.88273631597,51.0609104718969,206.79178713186653,25.481452442789237,854.765483351301,152.97250751886608,92.86862566498321,49.00279315921007,95.76370853138629,69.61336676561658,62.96858920958495,182.58391680474224,28.60832055464271,57.95119250019907,336.01215269270347,135.91513290476308,848.7283775175185,68.01587690498359,20.973195472141914,193.12375243865463,74.02656118879244,65.96118715583195,345.3084706687656,192.01744499436467,152.49669231146174,714.828245209977,768.3147939432548,221.54162787278875,71.7988901441601,1586.220893106532,13.1327485666683,32.43543750401976,181.31033468907728,16.392904335732684,77.4518576269785,30.969765276620766,47.950214119236044,17.99284523329158,4.165237418532857,43.612485911696965,232.0282256088597,135.73773705101192,14.802763099537689,155.28513787395258,131.38237453753615,138.10946745448865,9.310530700249915,447.395501543588,171.1481411862351,21.169206644778754,295.0948204047631,326.8486303719312,70.12299701082962,125.34914490125936
2026-04-22,171.34017580906547,78.27432227147584,210.43068310170406,162.30417914845555,2.892009988196653,151.8931395177528,64.28325885183912,283.6040752912759,396.79811422678387,54.82787216704317,207.2386190639886,25.536512301723715,854.4909885576782,160.8800275008594,89.36208091690506,49.10867750331484,99.44507194421254,70.11737213711757,58.209986546908,182.19319353729804,30.214113833914453,59.088541506807694,329.4701173697392,139.2633731944888,950.1424151647597,68.162844374601,21.6726419154456,193.5410507300312,75.15248028555162,69.49958113751043,347.68943672346904,191.52384226292787,152.82620439031578,739.0482853398321,783.1615936379709,225.47856022565438,71.95403187997225,1581.4972890475372,12.861562338382575,32.50552340738257,181.7021067622649,16.058537543583952,74.81166894114018,31.036684182094977,48.61709916192973,17.924667288709916,4.255758172278612,46.40770024063252,225.21141189749792,139.25649126556132,15.734419972326494,156.8338369530521,132.13327519582086,138.40789187957324,10.16549624318617,442.8620537248932,160.99101359159383,21.21494868143201,301.41040697281835,331.6603691821564,68.31017040711093,127.19147473358542
2026-04-23,171.56621767771114,79.04827450594829,197.7219574571699,166.797758332514,2.462884597095718,147.47812407826174,64.15298397404385,271.6055451774654,404.11118314325046,56.533280896666994,207.4525612034215,27.11139514305378,866.324330510766,156.81840526988498,88.48687444695705,49.159374692753914,94.65637597089766,70.18975758667413,58.28286136173004,182.21414303688184,30.67544980827844,52.649690295939436,329.810244813686,133.41854291613413,994.6416281584899,66.43938697107586,21.46593273336493,188.60797021325953,71.7726870514207,68.65794979099584,328.01640770941896,197.4240487660997,152.98397404385017,739.8112395229083,786.4015568159474,223.18356110510277,72.02831339946295,1548.7252935736408,12.486481171959493,32.53908038268269,181.88968636318947,15.681840526988498,74.8889005333024,31.81545582742141,49.159374692753914,18.188968636318947,4.260151590901061,43.26024972962344,223.18356110510277,131.74712417658048,15.58352177760299,156.99574387351294,125.25808671713696,138.55077683333744,9.42827614227376,391.4561006783994,161.15721216033947,20.7300168342054,302.9240034473012,344.75961545847264,68.82312456985548,127.47025857831089
2026-04-24,169.6871469967094,78.33652619054196,201.2180148322774,180.30794165316044,2.4311183144246353,151.5151515151515,64.09311919846766,270.0751436569913,401.0854083787633,52.79701389912087,153.23510728997837,23.542065534005726,861.9419478414616,166.19910517502822,88.404302342714,49.11350130150778,95.88183291586857,70.124259556413,58.49418005009577,185.89460242620694,30.84327881734689,53.64127210874957,332.0072687981926,133.2940425322921,978.8320809390501,66.37738862362482,21.413486567457394,188.43196945523917,72.10402167632054,66.00854574922646,332.69485781641373,194.83325966308138,164.75669583931904,744.5435091903639,758.0335107558568,228.25991344512792,71.96109970884902,1569.6675015961887,12.474829330582978,32.50871632751492,181.7199548155788,15.819949184792618,74.81901746714,30.84327881734689,48.32768528068366,17.6808604685428,4.41039256675791,43.21988114532685,228.13221354550365,131.62418348804087,15.96090619254104,158.66555451445166,120.72098619910614,133.8834045479102,9.419478084874653,391.0908108639065,161.28873827415157,21.167919060949856,302.87068415107314,345.41525465350423,67.77663179608074,126.71234174325303
2026-04-27,167.72105340591438,80.96709332548674,200.92197538129568,171.30351865176428,2.3686920326153964,145.50831536431514,63.99882301015154,270.95239244642244,404.83546662743373,51.36629072530467,151.78264920798392,23.450052151818667,852.5276163503507,153.44024563916068,88.27423863469178,49.04124368593988,97.04036094355354,70.02109012937694,58.45470801686406,183.90466382227456,30.056397669698033,51.88563581972439,331.5188073169536,133.09793536364083,951.4001275072337,66.38811096577535,21.823353440243245,188.15474131127093,71.4530920504144,64.73444166544064,333.33285441493797,192.4378402236281,160.0166692336693,723.3583443676132,742.1886972959885,222.64724633416705,71.87779089694902,1569.938656300574,12.45647589622873,32.46088829113488,181.45260163797755,15.546074248442942,76.02520624141779,30.797901034770245,49.04124368593988,17.90054483672331,4.579961717897525,46.63037746336466,219.94997793144037,137.80589475749107,15.644156735814821,151.43040472818893,123.92722279437008,131.87190427149233,9.405619797270013,401.10833210730226,159.3840419793046,21.13677602864009,300.6179148812589,340.98376734834,68.90245648739028,126.77161492815459
2026-04-28,168.96805413701122,80.50764406115249,200.7546060368483,155.04067367499877,2.352018816150529,138.4315027156936,61.64249313994512,271.9085585692498,406.703253626029,49.73539788318306,151.65621324970598,23.6671893375147,841.5253630622794,141.6111328890631,88.20070560564484,49.00039200313602,99.09826837208448,69.96276209467487,57.42845942767542,175.42140337122697,29.378184427330886,49.85152857297077,331.2426499411995,132.98706389651116,900.8462712232947,67.08153665229321,21.462171697373577,187.99800715788538,70.044098438725,60.72030839430309,343.00274402195214,194.13906263398545,159.883374281838,674.1224144636907,744.154741323868,214.56537130812671,71.05056840454723,1525.3905292961092,12.789102312818502,32.43384815486727,197.8449685019355,15.214621716973735,75.96187673798265,30.355742845942764,49.88239905919247,18.20364562916503,4.498236135425216,46.591534048190354,219.76675813406507,126.72726381811054,14.088592170407285,151.96967938048192,122.0109760878087,131.76205409643276,9.163073304586437,400.9457075656605,159.25127401019208,21.119168953351625,312.78763804329185,330.752167501715,69.18855350842806,128.28645964128648
2026-04-29,168.9514967578699,80.49975502204802,200.73493385595296,168.54483096521312,2.266046055854973,138.41793764928343,64.55169034786869,270.92700231197944,408.72121509064186,48.50563449289564,140.86232239098482,22.88094071533562,853.7481626653602,147.72170504654582,88.19206271435571,48.99559039686428,96.22733953944145,67.97716513619243,56.9328760411563,176.38412542871143,26.780010636445063,48.99608083124081,331.21019108280257,132.97403233708965,905.78147966683,67.0749632533072,21.24840728445768,187.9795850111771,61.06467202619733,60.66977067767026,337.5252394276703,195.54140127388536,155.58451643648945,715.3356197942185,734.9338559529642,213.22880940715336,67.85889269965703,1502.6467188265556,12.787849093581578,32.43066992378889,197.8255814398579,15.287114638198187,80.29299506599094,30.352768250857423,51.690347868691816,18.716315531602156,4.8015678588926995,46.300832925036744,219.74522292993632,126.70259676629104,13.626162927563081,151.95478769215458,121.60705536501715,129.79079026442307,9.16217540421362,401.7638412542871,169.03478686918177,21.117099461048504,317.75501630634494,354.6300832925037,68.75697971850502,131.79813816756493
2026-04-30,180.58878094029194,77.38124298198505,202.314114143436,167.4559390714251,2.2218424215951376,147.73226578137968,64.32163257335351,276.6191590282185,404.2605930070058,48.820973490211394,140.1161939169067,23.287604354830833,855.0993506810526,147.87872870185032,87.87775228238051,44.555485274755284,94.4563784601865,68.11501982970634,56.72997119562564,176.68310306107503,28.560269491773663,49.41366082353354,342.8960620545086,132.06073329102182,915.8678271310355,66.8359127080994,20.9930186007909,187.3096387286103,62.24674120001953,65.42010447688327,332.0412144369721,196.01620856319875,148.41575941024263,782.6002050480886,798.0627704224235,219.25499194453937,67.61704828394278,1528.0969470109358,12.742274080945174,32.81233074760167,197.28555387394425,15.631011737916046,80.00683636659059,30.244593077185957,51.54420882179734,18.795586107229166,4.784455402040717,45.207732765433526,225.60171849826685,130.16452238975614,14.690230625225034,151.41323130385564,116.5952238784907,132.98833178733582,9.44197597502731,400.3319826197334,166.96772933652298,21.04183957428111,315.237025826295,371.21711354385343,68.51193458256542,132.52502122568106
2026-05-04,175.10486781777388,75.16339869281046,210.32094429811727,172.6660813579163,2.2197833538939227,149.64442541047825,60.60384352746074,272.6568025375573,399.71710077065654,48.7757291971515,145.59555165349724,23.1889578298573,863.3304067895815,154.56735642406838,87.7963125548727,44.51419397535911,100.06035996488148,68.05189499423837,56.67739732709004,180.7091943392718,27.5582869963906,47.80509099531449,308.2626085259975,133.1577407082236,919.099641955663,64.34835721057702,20.48580626280363,187.1360516085321,65.35947712418302,65.35947712418302,347.5051119250561,191.54228855721394,148.1533004020949,846.2593778960589,824.7975807238319,222.1734464930251,67.55438493805482,1564.2376353526486,12.535362403667936,32.7819222857831,197.1027216856892,14.730270217539752,80.02584827852161,30.216564237635353,49.99561066069774,18.915715420865954,4.414203492342211,49.50736513510877,219.97853867915327,145.7496786708309,15.897473059983477,151.27291077928373,123.93912788996197,132.8650863330407,9.267388547458784,397.8899638602332,165.9350307287094,21.022339283972297,316.04233733294313,378.25577992390987,68.1884694176178,130.67066675278633
2026-05-05,175.49767633108934,74.4186046511628,210.72215422276622,182.32558139534882,2.5958384557044636,146.4563092870257,58.142230291845166,268.22031345624237,396.08370945532437,47.691553272261324,135.86291309669522,22.522888557125917,866.3745027539779,165.5931451767136,88.12729498164015,44.682007583001834,101.29032952111383,68.30844314182987,56.89106487148103,183.84185903075274,30.673194614443084,49.148591694078945,309.4247246022032,133.81394870716034,934.5057183292533,64.72460220318237,20.930232558139533,187.84153390835374,65.60587515299878,68.05385556915544,339.5348837209302,192.26928262698897,147.17155465881274,860.9493574051407,842.5600520195838,235.6151746098531,67.80905752753978,1546.2913096695227,12.582619339045287,32.905506521572825,219.4663450504896,14.491553989443084,80.3275369109547,29.375764993880047,50.6741747628519,18.555691554467565,4.351529853288517,49.59608323133415,224.08812729498163,146.4029390108629,17.245043377543603,141.20937165315178,119.70624235006119,130.34956634409426,9.30232558139535,399.38996519277845,165.13585813188493,23.25581395348837,308.4700122399021,394.85924112607097,68.12240021611076,131.60342717258263
2026-05-06,174.03505317053958,73.74950768018904,211.8944466325325,180.0251044641099,2.6102796601892315,124.7356184921475,58.36451358802678,273.72981488775105,398.7943116676718,46.90823098626274,134.64946829460416,22.449783379283183,846.297755021662,165.64100039385585,88.61756597085466,43.07798345805435,99.29167487199685,68.68845761972602,62.21494490633615,201.46219464632975,30.228436392280425,51.20076753812401,311.1461205198897,145.17132585186712,948.9120116802875,67.0642950441857,21.542929626440802,188.98733228433315,67.30011815675462,68.43245372193776,329.91925089694513,190.28160693186294,154.58842063804647,797.5580937376919,841.9161087042143,251.76545211112887,68.18629381646318,1571.0909807010632,12.652619141394249,33.088566891646565,220.55927530523826,15.08221770891668,77.74419134740239,29.539188656951556,46.64779488802801,17.626033330724294,4.375738344496749,49.133517132729416,234.83654982276485,141.29578574241827,19.986707425202002,141.9949495872206,118.15675462780622,131.07472885871036,9.551004332414335,400.74832611264276,163.94249704608112,22.892871209137454,312.24744570635585,408.5855863375098,68.48168570303268,126.18156754627806
2026-05-07,172.43931320307874,74.25498322478784,212.35445036510754,166.48065820351044,2.6159463419066347,120.14604880538286,57.444742404899344,270.42628774422735,404.33195184527335,47.010064525013256,134.94178014604302,22.44918097493586,855.0424314189855,158.92934338072948,88.80994671403197,43.171501874876654,106.94197750148017,68.8375740661079,61.99427669232287,195.52989934872704,30.099170504883006,51.80580224985198,320.6853119372286,133.21492007104794,894.8381723961417,67.59374335081779,21.012433633452364,187.0288717127985,64.88059996052891,68.5810144069469,330.6354758347518,188.52378133017564,154.9240181567002,747.8093353747286,830.1263074797711,243.64663412614712,68.33432011051904,1587.8641246361258,12.475823989064118,33.160399186063,221.03808959936845,14.604302348529702,75.53779356621274,31.058811920268404,45.88513913558318,17.26860074995066,4.385237677788532,52.00315768699428,242.00710479573712,138.74087231103218,20.41987345160783,142.30320781604624,130.33205389576548,127.51628182356424,9.571738701401223,403.14781922241957,164.29840142095915,25.16281823564239,313.87310430851585,389.77650653123146,68.45717338831533,123.3471482139333
2026-05-08,170.2106665351029,71.5550829141022,207.6333326523879,165.9154344766022,2.6158172804659174,120.38087720163797,54.29720503370295,267.65010607331396,403.89560701533134,45.734866051605906,133.94839409936358,21.545217435839522,854.2602003058859,161.33011002022795,86.9801174206917,46.3762395776802,110.63693324781687,68.83417786629212,61.70013200384516,219.5470916177414,30.835265676649072,52.04992846218364,320.66949047036115,123.23745139591249,887.0689229858406,67.59040851716291,20.425279984212345,187.1156070962739,64.58138043317382,68.57763086486754,335.4886782540456,188.3314440309093,156.1619749525137,769.6482312891609,808.0813064285362,251.61576792145644,68.33094873945434,1385.504996854803,12.47520847650854,33.158763170512856,221.02718437022054,14.356899699047808,74.99136612561054,29.601855049583108,45.24150180077952,17.3570475878728,4.385021325838372,52.59262913809266,241.99516503034192,131.72825497064483,20.32660713404707,142.29618708449482,129.14894522192142,126.15323893630668,9.571266466031872,391.356759398589,164.3712019625105,25.16157679214564,320.898418227959,399.0922194145,64.38403473284326,122.25566135477824
2026-05-11,170.252664824319,69.87761547572049,199.76312672720096,175.18752467429925,2.61646271504953,116.26529806553495,51.80813096231309,264.78335097802756,406.58112716825406,45.302013422818796,133.9814449269641,21.170548756415318,841.1468614291355,177.5246796003689,86.40939597315436,46.38768258981445,114.73549151204107,64.99604994348043,60.994867745756025,210.96525858665615,32.32333201737071,54.604224240031584,320.74861342004294,119.2262139755231,912.9490722463482,64.80112538900575,19.640742202921437,190.13211400528647,68.1010659297276,86.7809923656176,331.7212791156731,187.9648599425089,156.20050682552804,886.5475720489538,820.272404263719,250.98697196999606,68.3478089222266,1323.4652200330636,12.47828664678008,33.16694486296511,221.08172127911567,14.108764009893623,75.00986971969996,28.96269366433392,46.53572838531386,17.666798262929333,4.613107153421516,52.60560600078958,223.4504540071062,135.21515988945913,21.515988945913936,142.33129767151723,126.40149537819532,123.37149624950652,9.524279510461904,381.61271219897355,164.4117594047634,25.16778523489933,325.7007500986972,438.3794074467035,62.83557287939819,126.38176075799447
2026-05-12,170.16029593094945,71.61528976572134,199.65474722564736,171.442663378545,2.615043179174534,120.59186189889027,54.23945529246301,267.1763255240444,416.27769536066586,45.549692701911226,126.26387176325525,21.204439626522042,867.7756049630087,165.2281134401973,86.36251541307028,46.362515413070284,117.13933415536376,64.96078698173551,59.79136964395808,201.4061657097719,31.597534631242297,53.94574599260173,320.5745944435882,119.16152897657214,901.8495684340321,64.76596818164303,18.94944573154285,190.02895971408756,66.33785450061653,86.73391019959926,330.35758323057956,191.56596794081383,148.5129517956227,841.9235511713935,841.8560226572134,244.0937114673243,68.3107274969174,1334.942008323058,12.301356530806876,33.14895046624538,220.9617755856967,13.65474752668388,74.9691738594328,28.53760668734587,47.59556103575833,17.45992601726264,4.610604357925208,52.13316892725031,223.32922318125773,127.99950389180026,20.91343965542155,142.25407723874847,127.39827373612825,121.82540122148583,9.519112207151665,390.1410536760173,164.24167694204687,22.44143033292232,336.4897695745993,407.29963008631324,63.84710234278669,127.49741108585081
2026-05-13,178.3682223034212,71.21999505073002,195.49616431576345,190.54689433308587,2.5587726188042295,121.00965107646623,52.94976370135796,265.28087107151697,412.41077780871075,45.379857679488374,122.39544667161594,21.232368225686713,875.7733234347935,160.15243171554073,86.661717396684,46.523137837169024,119.71542180926753,59.44073249195744,60.32615761684917,206.97847067557538,35.47240636986513,57.26305369957932,321.6852215958303,119.57436278148974,905.673874041079,64.99034916519736,18.595397239332005,190.68731295239422,65.57782727047761,91.19524749249877,321.2076218757733,193.12101013440363,149.02747328167533,890.86859688196,861.1734603130413,252.41276911655532,68.54738926008415,1323.4704629114083,12.516703484112071,33.26379464009528,214.08511971046772,13.69463064622773,75.22890373669884,29.695619896065335,48.30388421028211,17.223459539717894,4.503835684236575,52.31378371690176,222.71714922049,127.00816387883569,21.133382826033163,163.17919547296464,130.17569666774932,122.24746398246103,9.552091066567682,380.4068357925019,163.86043300312423,22.843355000889325,341.11705120174463,422.91512001979714,63.10319227913883,128.68101954961645
2026-05-14,180.78518221287385,72.00833340437602,195.92282128862655,193.64565685683374,2.5643569645820867,126.1971137228126,54.71950553900476,267.59585338028864,412.097604518005,45.38465353901096,126.48182133822726,21.550518872393635,887.8527850801051,157.28386488765437,84.32121422548484,47.51748425177322,124.52457909143891,59.250039138063585,60.909677099350226,211.29904270621495,40.304549233165204,55.76161702978523,314.9675144384579,119.04171420068448,917.6132136302762,66.37170751040064,18.622588770747047,190.70743212452257,69.19299637914786,92.10852636277961,327.31511333763206,196.61723128813054,161.77769444254997,856.1083279599226,863.0529123369375,255.9431488625936,65.62124846160285,1371.9691251054014,12.544020331158393,33.336390590899505,214.55234580377956,13.640196418828431,78.02192351569862,31.59565497743167,48.40980061675388,17.274936698541584,4.513664996775954,52.42795496255146,223.26322905299835,133.22751847626606,21.06790337780864,163.53532287739944,128.81305490799068,120.52973562819304,9.572937850305044,385.1991468677149,160.45831059967261,23.438816913494804,341.81438540839986,413.42195327612717,63.488914240365055,130.59868062100094
2026-05-15,180.36470994624656,72.74346793349169,198.38231948284715,200.41567695961996,2.474762387249268,123.71338083927158,53.71634996041172,266.97347585114807,417.63757507855803,45.2790973871734,118.26356478560471,21.3148263552221,899.0003958828188,151.79384160589248,84.12509897070468,44.53681710213777,128.0433491686461,58.34323040380048,60.7680126682502,207.79295715187055,45.5755141644089,54.285431512272375,322.8919239904988,117.13182897862234,902.6128266033255,66.21733942583074,18.80443388756928,190.20259370901996,66.21189676195691,91.89429928741093,326.5538400633413,195.66508313539194,156.9675376088678,836.4810656670626,866.5973485129653,250.5858988395685,65.46862580336378,1329.2235361614214,12.514845303666092,33.25885642830191,214.05333747773162,13.351147456104947,77.84045922406968,31.992280285035633,51.06888361045131,17.02296120348377,4.503167062549486,56.546909697737284,224.56452889944578,135.8372921615202,20.191012916353518,163.1549705330191,134.91142315234066,122.7236737925574,9.550673000791766,376.03967565444384,161.32224861441014,23.38430264216987,337.9562510824921,413.3095880962985,63.34125098970705,133.62480399161225
2026-05-18,180.75828499274695,75.1993625416119,205.83267983782977,179.56903779632017,2.373537026897022,120.01586986708985,51.87462804999008,270.2836738742313,417.8437011815612,45.37790121007736,118.52162850562884,21.473913905971035,922.4360245982939,133.9020035707201,84.30866891489784,44.63400119024003,132.64965079318338,57.67704820472128,60.531147035713396,202.4052791523569,40.583714396441366,52.32096806189248,323.5965086292402,113.17198968458638,855.4850228129338,63.50029973940252,18.746280499900813,190.61763606783748,64.96181385877988,89.26800238048006,339.71434239238243,196.02113015073272,157.3100575282682,758.2820868875223,847.3021225947232,240.36153056654183,65.61148533199638,1352.5927240378892,12.542154031763754,37.91410434437611,214.52042470491963,13.123884392125197,78.01031541360841,32.63241420353104,51.577068042055146,17.20888712557032,4.5377901210077365,54.80063479468359,218.21067248561792,134.64590359055742,19.886430779328258,163.5109920914129,141.73675761102706,125.22317000595119,9.571513588573694,376.86023435950204,161.67427097798054,22.902201338671333,334.41926108256047,386.68022314675903,63.700652694777816,134.79518001218136
2026-05-19,184.48045191021257,76.2598483722313,205.65929122689658,210.59412318517417,2.3784748030325553,123.34324074160101,51.70705118675982,266.0918685892671,416.23309053069715,48.95396672322512,118.42178867189435,21.307170110499975,943.5607749863733,145.1860661017789,84.23764927406967,44.59640255686041,132.68122950191392,55.884249979095436,59.21411228383133,205.14345176155788,40.63227788513949,51.18675982359645,323.323918537238,107.77463951241266,867.6477875229176,62.038551112432486,18.641296873645075,191.22908140314527,63.997325667552396,81.78484713344234,349.169024236906,198.00802735246023,157.1775432337347,743.2733759476736,872.1074277786036,235.36990238342995,65.5562157590989,1382.4884792626729,12.531588816039065,37.36187503096972,224.72127732303898,12.754570828823367,77.9446013577127,31.98751191850472,52.45280456013701,17.44214855557207,4.533967593280808,54.75447202814528,214.31097396684999,134.53248104652891,19.54561281438141,163.37325427537039,148.15915960556958,125.66275209355334,9.563450770526732,387.20678929903124,162.67776621574748,22.050443486447648,336.03636116582425,392.4483425003716,64.23864151499244,140.23091026212774
2026-05-20,183.84931673097918,75.3213571102319,211.42488460965805,244.41858350600526,2.419474911906298,120.00595563055238,52.48399424289046,265.1744503449303,410.98862303960493,48.687279765745195,125.1178718546826,21.42091346228411,922.7753238374113,155.59084818105117,87.74629013846841,41.71323541956176,139.60382358460717,55.585885155590844,63.56891039684041,209.4396744255298,45.68018130649319,52.161397587969624,331.09137705345177,108.19395503498933,880.9370192069085,62.13707876321405,19.438682486859612,191.5327853390677,65.0156335302,82.46315195930939,330.53749565735274,197.62817061718323,157.42716760136977,735.0240706734825,871.2134636024119,249.49128989031712,65.6603300528252,1419.058967721723,11.931609690908202,37.463396475554,225.0781724977046,13.742121924087423,78.06839049084321,32.5078167651,51.10179286386731,17.469849620328553,4.5411682961933595,56.975532284480614,218.12496898109086,134.7461412477046,20.326070166904994,163.6327184739317,141.4462256191374,125.8623256737307,9.57863913841878,387.82173878821527,163.03538637153207,22.90436249937962,328.79995207578537,393.287004007643,65.0156335302,135.5893587887426
2026-05-21,183.8949504970463,75.35742652899127,211.47736298649724,252.48212867355045,2.4200754567116762,126.90626997337918,52.49702144559174,265.58776806989675,411.53693407466244,48.93119454478536,126.73749007148531,21.544876886417793,902.0055599682288,165.817612215486,87.76806989674346,41.4723978807663,138.71376092136617,55.59968228752979,63.14535345512312,213.4630659253376,53.59511492837508,52.174344718030184,331.1735581935068,106.68189038919779,896.793089753773,65.9501588562351,18.94410173508551,191.58032624090922,64.53534551231137,88.71127879269262,263.84482410240025,198.32158410615446,157.46624305003974,825.3077839555203,896.7935745445294,258.14385448210385,65.6766277916191,1440.354447974583,11.934571269961745,37.23193010325656,214.6485247623362,14.198272923233967,78.08776806989675,33.16123907863384,50.536139793486896,17.2905077339639,4.36854646544877,56.98967434471803,222.78644055767228,130.0635424940429,21.147736298649725,163.67333422017722,142.88423400345638,125.89356632247816,8.736099867332163,387.9180011340226,163.22478157267673,21.942017474185864,329.1992720769832,417.069123793065,65.03177124702145,134.5313741064337
2026-05-22,187.1710852944097,75.41455664780062,211.49836163240988,263.04834794055955,2.4203157581173667,131.59070598748883,56.4298473513833,268.0965147453083,417.2376129480687,48.93605316801491,124.71452685929899,21.472544930989972,881.2431734683746,186.38416752774054,94.82673021547016,41.47651588274036,142.34547505678432,57.09462814020455,65.93188362625361,255.0630513587901,54.612253003673914,53.66895045179228,339.58891867739055,76.98689524105414,904.0810247244564,67.66954622182504,19.684737872821717,199.5778944106221,63.176447224704596,92.7807585672972,274.8609869923543,201.07238605898124,157.48187866150334,813.2260947274352,917.9673924510972,265.21894742639756,65.68314915273434,1429.7989159778076,11.766458147155198,37.23562704795949,218.39936451196505,14.05024327276338,78.0955217952537,33.760301856816604,50.69010028795552,17.128388442061365,4.915102770330653,55.69704972624057,222.80856213850413,121.83497170092345,21.00089365504915,163.68958616479247,147.9689153300628,125.90606692483368,8.340780458742925,382.4843610366399,164.53182404925033,21.94419620693079,332.63826829510475,416.54254790984015,65.68364611260054,132.95601231258067
2026-05-25,187.26405722233258,75.452016689847,211.60341744486388,263.17900974660984,2.4215179813232663,132.62467713093582,56.45241406715676,270.7122978575775,417.44486389827136,48.96036076446236,124.77647526326245,21.483210808662825,881.6809060202662,186.47674857658205,94.87383270415259,41.49711816561475,142.41618113420176,57.12298827736936,65.96463341943175,255.56328233657857,54.639380091396774,53.099543016093776,273.567186064164,77.0251362977008,904.5301013312139,67.70315914961255,19.694515708045646,199.67702906908156,63.33200874230081,92.82684477759288,274.99751639181403,201.17226306377904,157.56010331810052,813.6300417246175,918.4233667171667,265.35068741617823,65.71577539411757,1432.0733161136498,11.772302801510033,37.25412278958871,218.50784820186766,14.057222332604807,78.1343135306974,34.373137293860516,50.7152791575601,16.88853566461355,4.91754420822571,58.11643155175839,222.91923597227049,121.89548976753427,21.11066958076694,163.77089432402394,148.04241469193943,125.96860719252929,8.344923504867872,382.67434929465526,164.61355056626266,22.352473673753227,332.0087423008146,416.74945360619904,65.71627260083449,133.02205444069142
2026-05-26,182.63458198958074,75.36591416521955,205.5073182833044,274.77796588160504,2.505581741503349,135.89729644086455,59.97891342098735,266.6782387667452,415.72810716943684,49.563881020722214,124.38600843463159,21.568344899780605,861.5728107169436,190.16770419871,99.23096005953857,43.46316050607789,144.3810468866286,60.977424956586454,67.77474572066484,262.0193500372116,57.057802034234676,55.07318283304391,273.2550032172538,92.03671545522202,920.3671545522202,67.97320764078393,18.898536040510262,199.4491664211734,63.26867048925514,95.63085792142148,260.8896045878814,197.96576531877946,157.38030265442816,780.6995782684197,919.1163017861572,275.81293801165964,71.94244604316546,1414.0411808484246,11.262713966757628,37.211610022326965,218.2584966509551,14.487720168692631,78.04515008682709,34.581989580749195,49.11932522947159,16.62168244929918,4.763086082857852,59.290498635574295,230.3646737782188,125.95534025365913,22.37658149342595,163.58400617867773,151.9761884457951,126.61870503597122,8.33540064500124,382.23765814934256,164.16372963051973,23.071198213842717,323.9895691205656,448.0282691949888,66.34135377581555,131.440333993581
2026-05-27,182.49876053544867,74.168566210647,205.0570153693604,285.0674297765865,2.528507684680218,133.51512146752603,60.56023797719385,272.03767972235994,413.0391670798215,43.4680218145761,128.06147744174515,21.68914235105122,866.6336142786315,185.84382601403692,101.63609320773425,43.430837878036684,139.67029758769212,60.98165592464055,70.35200793257312,265.4933068914229,60.63113801244112,54.53644025780862,288.7011912416336,95.27912886945339,902.33019335647,72.68220128904312,18.60684123911595,199.3008403182325,65.74417742160387,99.15716410510659,264.25384234010903,199.70252850768466,169.06296479920672,784.0832900811848,935.3495290034704,274.2687159147248,65.6916212196331,1454.1398116013881,10.758552305404065,37.55577590480912,218.09618244918192,15.631135289008272,77.98710956866633,34.110064452156664,49.57808578256693,16.361428347328953,4.759543877045116,59.246405552801185,238.7208725830441,132.77144273673773,23.119979502839147,163.46235223258552,150.87952356144643,126.524541398116,8.329201784828953,381.9533961328706,163.60932077342588,23.698562221120476,329.9950421417947,457.6752389842588,65.6916212196331,127.61527020327217
2026-05-28,187.32986884434547,73.64513734224202,206.60925706817622,301.7807463731131,2.6349914218493837,132.42366331044298,60.45533283840634,269.2744341205766,409.0576473954467,42.06879485275922,125.76095025983669,21.38233104574595,852.7592180153428,193.02152932442468,103.93466963622866,48.25538233110617,144.67705771699457,60.876020786933935,70.30438010393468,275.1452639739545,59.98515219005197,55.92675080425638,288.20109019271223,89.38381588715666,855.4813165058155,72.35387449540646,18.574609640829934,198.95560253495424,72.25934174709231,98.98539965355111,269.24028705765903,197.97079930710223,168.77010640930465,739.9158624102945,969.0670626082654,278.23162196857214,65.57782727047761,1449.8851614699333,10.888393961890623,37.490720118782484,217.71838653798565,15.5902004454343,77.85201682751794,34.39990041044142,49.03192291222006,16.23360554318238,5.244246428333218,59.14377629299679,238.30686633877755,141.3016580054442,23.90546942665801,162.4700578832591,204.96065233698343,119.77233358079684,8.314773570898293,415.98764035820346,163.32590942835932,24.894828012868103,327.8396436525613,452.45931352078696,64.83543677307598,126.45483887806238
2026-05-29,185.24930747922437,73.95132568262761,206.49683612299663,291.84308974791,2.60684610026412,137.99762612611914,63.63771270280965,272.1606648199446,408.53977241108527,41.30589523285238,122.42777997625642,21.32024187602023,822.3204044754154,201.2232851029197,101.40482785912148,48.229125445191926,156.26001150465595,62.97586046286048,71.4780371982588,361.88661962523497,60.397704788286504,56.12880644894514,283.7407271004402,91.01949192857761,821.1317768104471,71.90987240150129,18.207854983077297,198.84734612281113,80.23149786988029,107.01968785939972,282.5207727248837,193.46607179570017,164.81994459833794,734.5666798575386,948.0797813303818,275.77166600712303,65.54214483577364,1446.337079077216,11.278195488721805,37.47032053818757,217.5999208547685,15.730114760585673,77.80965571824296,35.120696478037196,48.42105287311102,16.00712337275008,5.652453336123189,65.79244452877671,245.2537497372131,149.73783625129846,23.496240601503757,163.01219775641817,217.70380380175354,119.3361693707954,8.310249307479223,425.2621492567768,161.01108033240996,26.31578947368421,327.41392956074395,455.0845980597052,66.41027150910789,124.46972839814379
2026-06-01,182.64569110517465,74.35292226690042,212.47650143464926,279.9861549776764,2.6071040250786313,147.4225784110023,63.64400910260216,272.1875927574948,402.3449094686851,41.308004353418426,122.43989314336599,21.51973879489463,813.0503611358465,195.96566735925597,101.1675076679529,48.23389729890175,168.07844056872713,59.81003265063818,69.70416542990007,401.4920236284259,54.961907588799846,57.38597011971901,283.7688007847284,91.02849751796404,822.2024339566638,71.80468788648956,18.403086969427132,198.86702034326458,77.6689423172059,112.46166265104013,304.7392896012665,192.19352923716238,164.83625210250324,766.7952903927971,925.4481926202138,271.84129811022063,65.54862966261008,1487.4092329264372,11.279311368358565,38.92821903291036,221.0349262887108,15.731671119026418,77.81735430889483,34.283170080142476,50.5590185020283,16.191747689372157,5.653012597361552,65.79895412059712,251.01414860987435,155.4724433908739,24.251013725886917,163.0283263997106,242.53239362261306,116.25606015632731,8.360542198476304,425.44770950826165,160.32700591947415,28.000395765311172,325.3601502980608,469.9713070149402,66.1917482932621,127.63431285247849
2026-06-02,183.0895115298785,75.17877413680883,205.65335978180016,301.5125216960079,2.5291346392263825,150.26877866972478,63.74907017108852,266.95710098716836,404.7612083126705,40.86932828578292,120.65459955368213,21.371683186465567,816.5137614678899,195.98313910240518,101.41333994545005,44.48301512521696,164.55492189437143,55.29382593602777,68.80733944954129,373.4093629897099,62.08777584924374,60.897594842548976,281.87007965534343,89.21100626859658,830.0520704190429,70.96454252417556,17.954375789386003,204.78554367871314,75.67567567567568,112.41755032698984,277.403922522006,192.66005406567692,172.12992809323086,880.7339449541284,914.4557401438136,285.6434416067444,64.04265033202641,1425.4302395859163,11.728242003471362,39.0228127712001,221.57203074634268,15.621125712868833,78.00644681378627,34.366476568311434,50.83064716092239,16.13935096489121,5.454996280684354,71.53731955507686,250.23555665757502,144.5574014381354,23.377138303817723,171.27963103226506,225.08654188879248,116.63773865608728,8.678403173816019,410.31490205802135,161.41829903297793,26.416563473414644,323.78625848468886,484.5524423506075,67.98909000743863,128.72998204267915
2026-06-03,183.40784898161948,75.01241927471436,206.01092896174865,305.7585654185296,2.498758034627946,151.80328111416418,63.85991058122206,260.80476900149034,409.0909090909091,40.990562078908965,120.86438152011922,20.31545018415456,827.6204669647293,184.5504222553403,101.58966716343767,44.560357675111774,161.32339500279434,54.09836065573771,68.10730253353205,360.2906061770368,59.11574764033781,61.01986865646734,282.2652757078987,83.98360485942933,827.6204669647293,71.53502235469449,19.15300485807098,205.1416039881396,71.28663686040736,113.1644311972181,268.63536427285146,192.4808689805328,179.78738783842525,815.2618332401888,942.3879548559364,298.06259314456037,64.15400118953366,1407.5012419274715,11.748633879781421,39.090661675670646,221.95727769498262,15.61102831594635,74.61500248385495,32.14704397005403,51.743664957075886,15.817187972999722,5.16641828117238,68.05762543467462,245.90163934426232,144.80874316939892,23.84500745156483,166.85025119923623,208.7958300344635,116.74118231495281,8.693492300049677,411.02831594634876,160.9379002305328,25.219573444000716,326.5668176384749,514.212598577993,67.80923994038749,131.9920516641828
2026-06-04,192.34679374284968,77.50547373384961,201.83545320194366,308.03323693357044,2.536808595304417,143.04068550568294,63.942499005173104,268.5530359319041,409.30957847318945,41.78272980501393,121.02069239952249,19.99801077123567,834.6597692001592,187.524870672503,104.0091524074811,46.25945085555114,153.55936483799866,56.95384003183446,67.70841429255373,360.66057574829637,59.45384051758978,61.098784125282904,282.63032232391566,83.95195083223489,828.690807799443,71.62753680859531,19.20015917230402,191.41566150937004,76.15002208243696,111.27138877835257,260.79486766470603,194.7438262441554,180.01990236706627,773.4779148428174,969.5085555113411,291.7887045954785,70.23477914842817,1390.0482141302725,11.714086748905691,39.14121664998259,222.24432948666933,16.389773179466772,74.71150019896538,31.933943493832075,51.810583743828964,15.519299641862316,5.173099880620772,65.49442654058272,254.6756864305611,155.46707171536139,23.876343502070483,163.42883218202846,211.6548877477741,119.3792280143255,8.70473537604457,411.5598885793872,150.21886191802628,25.86549940310386,342.0185008658103,506.86430561082375,70.29446633365873,131.3927586316778
2026-06-05,192.02204496008787,79.10418115006455,199.3743172112424,278.02016185973036,2.383553480981229,134.07488330519416,61.45098818154732,268.2987387029496,424.6400035070513,43.20190684278478,120.81636706723606,20.685271504548304,846.2186111145595,184.72539477604528,103.28731750918661,46.18134869401132,148.94205082586402,57.85082927798192,68.47750521402324,344.46370337639036,49.65686712853188,55.126129947502854,288.2222770306758,80.4449299831165,810.408183533618,71.50660442943688,18.37322474923031,191.09248480407064,72.00317807130797,96.93117489323666,256.91081149443835,206.97140899667295,179.7159656960721,759.7576720627668,983.7948235301419,266.16347204290395,70.11619823219783,1395.8823764462707,11.277684010842762,39.07513256188549,221.86910318800275,16.48872717216053,74.58536100903764,31.88002780812394,49.64693504952546,15.504022307116054,5.068527147423985,61.8323594056479,246.30052636806036,148.81070612771873,21.423676267543016,163.152907050725,207.31949548117984,119.17767404906147,8.193465090872976,410.8650312841394,155.7155650426122,25.076968914490017,350.0342752197338,449.6474327142715,71.10934551594,130.4787008702453
2026-06-08,193.97129661816555,79.70353032896534,195.9080299945374,301.4351690917217,2.371256890301435,135.57133634602968,62.57138600585986,270.14996104807074,422.98453833428516,42.32209317348041,120.82236678750559,20.621244475343893,845.4586085315588,192.23320256244722,107.26523315290261,44.69930900092181,148.94944726281224,59.93941500720067,68.53056562546556,345.63241793713064,49.06391220142027,55.321050802006255,288.2365901000025,80.44892486467695,816.7552266971247,72.77349860486915,19.119034612901622,191.10197442441154,73.64552813229379,103.54074589064905,264.48578215784374,200.72503352038535,179.72489036040622,774.7926702090679,996.802372498386,280.57804042310175,70.11968019069374,1401.0204901114862,11.278244058715378,39.07707302633212,221.88012116998559,16.139941886359686,74.58906490539802,32.30471368780106,49.26255152207379,15.34488752048468,5.068778849621305,61.83542999011459,246.31275761036898,148.97949049014252,22.297263743358,139.8522901329021,205.22072727597208,119.18359239211402,8.193871976957839,409.6935988478919,155.72329785112603,24.929234742017183,353.4195788148061,456.1751998808164,70.32824905258354,131.20127129165218
2026-06-09,194.96370687083623,79.54658446852937,196.13204733021774,295.8138609923436,2.333200770864859,132.04733021775877,63.32231475899871,278.41304563985284,420.6025653773491,42.37048773164835,116.03858009346723,20.63239534652481,836.9354251081336,202.09804116535744,110.37088595008451,42.457989460077556,138.95793974346225,60.00795465844685,70.10042756289151,326.99613181428356,45.242119916476085,54.09167743859998,286.86487023963406,77.55791985681614,793.2783136124092,72.38739186636174,19.389479964204035,190.14538274413965,72.58625832753306,96.69881674455603,254.54907029929402,205.2053296211594,182.45997812468926,707.1134474899324,989.3606443273342,280.8988764044944,70.19986079347717,1417.1944525579197,11.434821517351098,39.12175696187978,223.52590235656757,16.46614359187786,74.67435616983195,32.365516555632894,48.583077071046596,15.461369704403648,4.7827382394472595,60.654270657253655,246.59441185244108,149.14984587849258,21.978720621073162,147.38126468193795,200.62444602872998,121.45769116038579,8.203241523317093,418.76305061151436,155.67117042234264,24.957740877001093,356.4273727643059,447.4495376354778,70.64731033111265,128.61688376255344
2026-06-10,194.68472539393883,77.39246911742819,191.8891656550764,310.5620876122439,2.2667062869826355,131.4679763853748,65.48593540705463,273.37400914539614,420.2510294190604,41.573646872054375,115.79104033338294,20.640968276955586,844.0094864687205,206.87602321774074,110.1354368209555,42.36741578607928,139.52969191844025,57.94860079818736,69.9508855484447,337.35178846058443,44.128590564072034,54.05070198938334,286.2529146202312,77.39246911742819,747.0968134519026,68.48638093311257,19.348117279357048,183.88992357261125,76.21570815582056,93.15721682449025,245.54745249789156,206.1512197608151,187.3663688289118,749.1194126110037,994.9347814965024,277.8191199087166,70.05010666269783,1371.7319045492882,11.410428139108003,39.038300319057896,223.04906484099817,15.404077987795803,74.5150568040879,32.2964726893883,48.47943702966867,15.682392486558639,4.772535444175333,64.69216649302972,246.0683633477204,151.3121992359974,20.935655107406856,147.0668630159498,211.44019447338394,121.1985910601776,8.185741925881828,422.2786187025599,159.24988837624647,23.068909063848785,350.2133253956442,421.44168279009773,70.39738056258372,131.05075596024335
2026-06-11,195.3048330147626,77.63897874881799,176.67844522968198,311.80012939829794,2.2893545015677104,134.62399840740557,65.32125615886129,274.2447569971508,418.3312732512567,40.81023241925048,116.15985666650077,20.628079977421397,841.0889364455282,227.1935499925347,110.48623898870254,42.50236400736575,148.80804260190115,58.279002637734536,70.17369233066242,327.1786194196984,46.93176728213806,56.642113440081744,287.16468421838454,84.04419206548923,746.5286418155576,69.27785796048376,19.409744687204498,184.475647710801,79.8855330039535,98.14363211068532,237.08903987085054,206.8078503318942,199.82083312596427,751.5054994276613,1000.0014580637536,301.89569672896033,69.17832080824168,1383.7903747573782,11.446772507838551,39.16264467880605,223.75951824018316,16.274324391579157,74.80216990991887,32.3993430547952,47.77882941976061,15.726870054247748,4.787736870962135,64.89822326183248,246.8521375603444,146.81729955705967,22.147016373861543,147.53529875143084,206.78843378290946,124.42144030259294,8.211815059971133,423.6236558596277,161.7478723933708,23.142387896282287,349.28879538272037,434.7185489816105,70.62160951575176,128.13368276965235
2026-06-12,196.52547599511348,75.73992721669643,170.2707304614337,319.5080177482197,2.258090371319793,140.70372380366032,66.60590338638436,280.0392565585531,421.6704560250799,40.31409941807474,116.88584849911359,21.304374137984865,841.0873288528761,216.86331853584701,111.17677106599494,42.768001121783634,147.17150268927594,56.29100416146047,71.61386604701475,343.2958403862141,46.796907693584366,59.409463488352735,288.9594455183742,83.13218016646468,811.2899510221253,70.37690171513331,18.684708992473816,197.3676353409734,80.72835808936209,102.63869601494501,236.7263949679991,206.44025171898318,201.06970082431067,756.2023617551907,984.32660273585,320.5096102803458,69.61068098276259,1368.9506549789164,11.518314119449926,39.92623295453834,225.1580012219429,16.876834166324457,75.26967878927495,32.60183692070392,48.82813722647134,15.825162007592072,4.748049276278971,59.294277901863964,251.3997255636462,139.72215823158822,23.353131845845834,160.68038415455575,199.31691389309003,125.19906651576007,8.263138390040163,426.2712771901073,162.75878647048808,23.287026371931372,351.4673291470939,489.33101482920347,71.37999198999847,126.45105718091766
2026-06-15,194.92023087966763,75.71901346991659,169.0587876026893,336.21121694667914,2.277813099177484,144.68618255264,68.20923840943566,289.7578509459182,427.02737881283383,40.550079347994775,116.8443027138516,20.681040352413355,845.9407328988801,224.83167101995963,111.137254509319,42.752799707638935,148.8087788418697,58.4221513569258,73.11479628513088,352.1318799420409,45.055643719994194,60.32450075843667,288.8567380715183,86.2495174215938,838.2402071245488,72.33933908376845,18.585453034497604,203.44700900925142,85.24277482691123,102.60221422284646,247.6558549809014,203.75163326708486,220.27203596441603,827.9619861779297,968.6963399798751,336.16516397751224,68.83501123888001,1418.7521589162616,11.263910929998548,39.37362642863937,225.07797129454875,17.42151557173109,75.2429250123903,32.590248957462464,46.93596579568736,14.925933222353825,4.746361634548355,60.47468623750331,270.83399169849764,154.440734306869,23.542574530228425,160.6232720847747,199.24606889508541,126.75554211795317,7.909768564176758,426.119763767628,165.10390332060095,23.278749255330332,355.1055475387103,561.2015800451056,71.3546207593722,122.15035520039123
2026-06-16,191.68256925766204,77.38426169403917,173.9578226817278,321.32199561551795,2.27895398516426,146.75461926442378,68.2434023029957,294.5755906028209,425.7511782943407,40.570389626001116,116.90282640381062,20.311239451131307,848.4720990919245,209.86411423820329,111.19291971570675,42.774213260006114,146.96748859270835,60.04617841055794,72.22531091443655,353.1126504485282,44.226733382418495,61.04641846572554,289.0014174592919,83.01302784745596,855.0099070324513,72.92652752525632,18.70996117228235,203.5489093107792,83.07613783155963,102.68316016569999,241.56110069720967,202.35158048041478,210.3649832459317,755.9701042245797,964.5735350833697,318.99295472958084,68.86948856265622,1447.8771058411344,11.269552673889198,39.393347457839354,225.1907058746926,17.39067238934943,75.28061186157984,32.4963806100068,46.6839966120516,14.645409480272493,4.758255573419883,60.50497613359178,271.42091528802473,154.5180888842141,23.900968302074414,160.7037233036819,205.80707527560318,126.81903004055788,7.913730322108859,409.8110221233841,159.77721346536242,23.29040885937101,352.4615207384813,592.2275147380706,73.27713583066621,121.56090817568482
2026-06-17,191.54154154154153,77.57707658830705,172.07207207207207,333.8338338338338,2.2772772772772774,143.74173978666167,69.87612612612612,296.7967967967968,421.5965965965966,39.689689689689686,118.86886886886887,19.674674980155938,838.2262144957457,217.74574867836586,111.11111111111111,42.74274274274274,146.85935935935936,55.1051051051051,72.17217217217217,363.76376376376373,44.194194194194196,61.00150443412162,288.7887887887888,82.95195219633696,875.8758758758759,72.87287287287288,18.69619558523367,203.39915110422922,92.3923923923924,107.95745696868744,234.74824922578827,200.20170316801176,207.45745745745745,762.012012012012,964.7331902214714,328.5785785785786,67.56756756756756,1420.3698816003503,10.71071071071071,39.36436436436436,225.02502502502503,17.29229229229229,72.2462452687062,32.472471861509945,45.8958958958959,14.565065553835085,4.754754754754755,60.46046046046046,262.86286286286287,154.4044044044044,23.773773773773772,160.5854878315816,204.2042042042042,122.12212212212212,7.907907907907908,403.60460558214464,155.65565565565566,23.273273273273272,348.3983983983984,623.728709177928,73.32332332332332,121.82182182182181
2026-06-18,191.48116459774945,77.05278115509124,166.3579493359201,360.2467690367902,2.359116070802445,146.75052410901466,71.2838269800751,295.4213577706979,422.89016804636174,39.61413519432686,113.47773224658891,19.50886375477749,825.0651696412042,232.1780360953503,111.07608711967698,42.72926954964151,143.29890437840547,58.03975723370509,73.05003927690468,355.0196777370624,44.85622700377884,60.98227578860269,288.6977579642055,83.30706533975773,962.9036319566403,72.84990218299535,18.76285255399949,203.8472159093041,92.102091397451,107.92342705925434,229.8714512018858,200.6374366441012,226.90393994104713,742.0082756688331,958.0973122839144,341.8331547344306,67.54626919439816,1413.9705229332092,10.707334524149042,39.35195608992159,224.95409355408455,17.737149947714183,72.22347210182726,32.462236021323044,44.58053766830279,14.409870761471607,4.7532559803465375,59.99109389932104,273.28720173318726,146.60042128858268,24.61686255084733,160.53486872882925,199.58671690107724,122.26225306131575,7.905415209418452,403.47738298390647,155.60659051450244,23.265937166959368,348.8219508488315,655.1467735867819,71.98430680875775,119.53187933734608
2026-06-19,192.0509860992623,77.28207959050535,166.8530076184323,361.3188136698951,2.366136474425599,147.187233401917,71.49595780458047,296.30049093252876,424.1486307836102,39.73202138979149,113.81542630601696,19.56691943905803,827.5204496411903,232.86896586603604,111.40663421488433,44.81356952878005,143.72534212767226,58.21247553570532,73.26742610528429,356.076167268342,44.989712940514124,61.163750619448486,289.5568826215687,83.55497566116325,965.7691001844231,73.06669343102324,18.59286395343002,204.45383707171803,92.37617450177522,108.24459227351709,230.55551689447734,201.23450594670547,227.57917472995183,744.2163898228534,960.9484775681236,342.85040299436696,67.74727756310534,1432.357597418076,10.739198072966328,39.46906207657952,225.6235258694234,17.789933256385808,70.25643599136849,32.558839152555265,44.71320319164952,14.452752546795805,4.767401013700005,60.16961910975059,274.10046670346765,147.0366838962212,24.66452502807121,161.01259832764592,200.18065940683496,122.62608864151026,7.928940633311587,404.67807595379384,156.0696542379686,23.335173382847394,349.859996800823,657.0963999065339,72.19852216449415,120.4396045566317
2026-06-22,201.43711250006285,76.1800363049414,167.18776909717857,374.61469998139495,2.3708837148643545,152.01612664035355,72.6224537514268,294.16053622700144,425.6528101130884,39.013732274549206,110.77532671933062,19.560418562786932,831.9966209251223,263.43710244329236,109.91899124071006,44.9034801454209,147.83452589869816,58.67120137315772,75.42577851974396,368.83205696154795,45.43146059505911,60.79317748691363,285.7128490327901,83.72261415691578,981.7922170653338,70.69306258241838,18.66435994568244,204.86403806126208,92.01944979408762,108.4617661818151,225.44966531382153,201.48739635240935,232.31139784081137,779.3997113706876,964.6454234151787,345.6512010298133,67.88320066776956,1394.3164240261274,10.660176697457146,39.54824987051908,226.07620014984587,17.47363869040735,72.15732811722171,32.62416278859003,44.80291244072791,14.518457240438682,4.776965972917117,62.351976909655,269.92371939599036,147.3316873752332,25.038341560177514,166.9086053270713,197.36412045999668,124.6536699669635,7.793997113706875,405.4899919812969,156.38278079760246,23.381991341120624,357.0098273111087,637.8003831629549,72.50931508364718,121.18408415505529
2026-06-23,206.26084123949602,79.37461815049629,166.50540763060505,350.5503640715924,2.3612071715532843,142.77916817685016,72.32605190148534,295.9967216889892,434.1431281486935,39.56211251665115,113.97894694670634,20.181685245835965,846.3287361157018,237.87346133429486,106.3169175605701,44.720210730847434,150.00425668299232,58.43174027363586,75.8490818377822,379.8844067999259,41.5652574542031,57.46021375630052,284.54673837925543,87.63809229318156,914.7561867444389,69.80909979840224,18.5290906723556,202.44387448059078,91.14309465861403,108.11974800436687,227.85773664653507,209.52896046793467,214.0285296744013,727.3920054485543,976.282763939385,325.51105235219296,67.60614164237855,1392.4210620048477,10.015724687759784,39.38683733461535,225.15349098083993,17.953186502809412,72.71416123313602,31.299139649249323,45.82093789593412,14.459201495664601,4.757469226685897,65.35260358763259,271.92692527267815,146.73036667568084,25.16400700271301,163.84616670438214,204.92172711156516,124.6957723626093,7.762186633013832,403.8350219610414,155.74451889466462,24.459401932420622,358.41270795148387,589.1759828555834,73.86596957222841,122.99309916569014
2026-06-24,205.8235940465488,80.16182199580462,169.31375486964342,349.6154230346619,2.3549096756507297,142.3434222355409,72.95200377241285,302.66657848241937,436.4199380681251,39.45659774248327,113.67495754669864,20.01897948877329,849.0759773624014,234.74178403755872,106.0333633003696,47.44780741184697,147.96224153431226,57.4368194985516,79.41264608930177,382.0792245717211,42.50324642892818,54.09050044950555,283.78783338327844,87.40435569701454,912.3164714126962,70.05144072965051,18.629507541704125,201.90394326007018,85.25621816002398,107.83138547597643,231.9448606532814,214.7622722427205,213.45770141126013,744.1814004594946,972.290441451903,322.1456397962242,70.92198581560284,1469.3077848741386,9.989012086704626,39.281790030965944,224.55299170912,18.37978223953651,72.52022774947558,31.215662770951955,44.72580161821996,14.50604347424864,4.914094465570295,65.17830386574768,283.68794326241135,141.31954849665368,23.93866685610672,163.40917812671688,200.77914294276297,126.15872296333409,7.741484367196085,402.7579672126286,155.32913794825694,24.394167087590372,357.5476887533089,559.384676855459,73.91868944161423,120.36759564479074
2026-06-25,212.03796203796205,81.5784191394543,169.33066933066934,357.5264823067557,2.3551449313625827,145.10489510489512,72.95929168487763,300.6543505322802,427.5079900568182,39.46053946053946,113.6863136863137,19.987512182641577,829.1708291708292,230.50650521353646,106.04395604395604,47.452547452547456,150.107887717751,57.442557442557444,82.02647572154409,351.94256427166584,41.15884115884116,54.44555444555445,283.8161838161838,87.41258741258741,944.5554445554445,70.18681391850338,18.572427938272664,201.9241134841721,82.91708291708292,98.5014985014985,222.92707292707294,213.69531347558691,226.02397602397602,738.011988011988,994.005994005994,344.65534465534466,70.42957042957043,1418.9160448926075,10.03996003996004,39.285714285714285,224.5754245754246,18.081418093625125,67.93206793206794,32.095903973955735,44.73026973026973,14.507492629440872,4.914585384098324,65.18481518481519,282.46753246753246,137.86213786213787,24.038961526754495,163.4255027199363,198.42657342657344,125.14485026692059,7.742257742257743,446.79568478396607,159.23475938124375,24.3966040673194,363.68582589285717,583.0364459758991,73.42657342657343,119.68031968031968
2026-06-26,217.5154259155381,82.2066068553764,169.78523920185913,358.48626571546447,2.3614673414275438,137.68130459171408,70.57381302932677,298.40131420786923,436.73371263723055,38.9153778347624,117.94815289686673,20.284077249779628,835.3533937014183,218.3678589796483,106.32863210193125,47.57993428960654,152.19318455004407,55.74364933087587,80.38504687875631,339.57047840371825,41.44462697331517,54.25965597790225,277.9654927700412,84.64219889414215,923.5515666319417,70.37523112070465,17.5294494751182,202.46618078136896,84.61916214552949,105.0069169916397,236.10065300329555,214.2689806765992,216.51374308838848,706.6872345540507,1058.9164796858722,330.2848834870708,70.6186393140476,1466.5037653883523,10.066912412853593,42.281032745363774,225.17829954323264,18.63130058498277,68.51510537703342,31.66169078602834,44.03547862753175,14.273980286881962,4.927778637593579,65.35980447151213,279.36885138908366,142.68971872746212,25.0105174251336,163.86422011244517,212.607180062505,125.70168175503596,7.763041910409488,446.24969949515184,159.66222668144982,24.462096994337205,372.1246811831377,511.92605139133747,73.62368779549644,119.75118198573604
2026-06-29,222.68808210063432,82.60408114223922,171.76642569637744,390.4920199451309,2.360474273879033,142.8304668765457,70.54413463307517,298.3904739503024,436.5500530668643,37.997877325430046,130.6646374431784,21.426998017502054,828.5439653963996,212.26745699581474,106.2839177363478,47.55992550613774,163.70626990007412,55.72020746140137,80.3512425656327,362.9573262310511,41.9528606043615,54.06812583855658,277.84859997816,84.85691971884576,962.4936990921061,70.34563623407682,19.27428559985582,202.38103770516477,89.11228147465808,104.96275844673664,234.0448965696778,224.79823601174982,242.8059354787032,738.8199267796174,1072.8202104964757,358.80209063419915,70.58894206700442,1474.3076276107897,10.48921662657253,42.26325230825997,225.08360534273186,18.77415592474643,66.58389570859283,31.089172357170035,44.01696039353335,14.175861768934327,4.925706359495386,65.3323187215892,279.25136844298817,142.62971343893307,24.620021165633545,163.79531031365147,218.7756573282336,125.64882044344625,7.759777319422473,440.64471429313437,159.59508394639747,24.451809951926148,365.4604802050584,570.2685383583315,74.09335763061458,119.12960770023355
2026-06-30,221.1559673505405,79.84377193510218,172.02133846740068,391.07153600866377,2.707418326213826,151.16418988027195,70.64882680889387,300.82425846820286,438.20066983534883,37.363876043797504,123.08725908990634,21.544031255992984,829.7735796081263,238.15253795399394,106.44165012133246,47.630507590798786,167.14547861139522,55.802899945851635,82.47598419669896,368.6601287527826,43.87020435994625,55.11852353377943,272.529739298177,82.47598419669896,1024.3993346456791,70.45003382510265,19.30288991837635,202.6813845914368,88.44233198965165,105.11853014368745,229.77910647047912,224.6154463229248,268.11813979679323,751.7648160647675,1062.1402447393357,386.057798367527,70.69370074002768,1490.3335138278885,10.504783319919627,42.32597377850467,225.4176443455067,18.550829272205846,68.9890299420412,31.135310751459,42.66740918946037,14.196899688251277,5.1892184585765,65.42927621683413,278.31257645949904,151.4148767623288,23.815253795399393,164.03839342062878,221.80775324388824,119.82832962316748,7.771293343761908,439.4039668692217,145.3983915929647,24.488098060071316,363.52405885093907,559.7266686502267,74.20331708882338,119.3064039413305
2026-07-01,220.34474025742472,79.70231124190465,171.71656506811607,385.7742009749457,2.70262154289661,146.8924857111398,75.99871875719448,306.05688494402074,441.50125426351065,37.78665305346186,125.22146482087625,20.770147042631354,812.2128464610673,237.7305986807203,106.25306547350931,47.546119736144064,168.16536649925428,60.05825650881355,82.18722282684517,373.61240403191096,41.56031472598733,53.604498805247346,276.46817412890505,82.32985996416524,1005.4753110517203,66.35035838278756,19.769176100817795,194.33850835310253,95.59272494319491,92.1894237410288,236.7861767320551,222.5658889122449,231.97501576529234,704.783640130927,1042.3955963847432,344.33400398386436,70.56845139785592,1530.9850555038388,10.48617180026931,42.25098406489451,225.0182677196881,18.317768235188133,68.86680079677288,31.080147743311013,42.591814548393195,14.014094159616079,5.180024623885169,71.56942233966949,277.81948490035336,174.1689438755593,21.40926643912955,163.74776355330297,229.42253986366777,119.26568771708558,7.7575247990550835,451.0770466884128,145.14078656296607,24.444712042067525,375.3996356934977,525.5102332074613,75.1729177301983,119.31573626417625
2026-07-02,220.1464161085026,82.84879868348597,183.26282839798787,345.62419369355854,2.7941956471010587,139.0097306811477,75.93031512205854,305.7814144646375,442.78099466962686,39.20874436796513,117.05819407358516,20.69094879366165,829.183042812997,209.95119560713,106.15743102017142,52.63468418375224,169.31185182962807,60.004200294020585,82.5057754042783,340.1738121668517,37.25260768253778,52.76019345768266,274.2972037339489,84.63592329392745,955.5668896822777,65.89211244787136,19.50136509555669,195.0136509555669,98.07836817131887,88.70620943466042,241.01687118098266,223.1411081588211,205.01435100457033,635.1124754514066,1051.5236066524658,335.02345164161494,72.0050403528247,1545.1696853154722,10.476733584973996,43.00301021071475,233.42583687889402,17.251207584530917,73.74766111557497,32.352264658526096,42.5529787085096,14.001480591922684,5.175362275359276,71.50500535037453,277.5694298600902,165.2615683097817,19.301851617894503,163.6003802492737,220.3989240184313,120.00840058804117,7.750542537977658,459.66469605997423,145.01015071054974,24.422710261104996,369.50587029373304,469.4088351809627,75.10525736801576,119.508365585591
2026-07-03,220.1552229338977,82.85211300000812,183.27015971756893,345.63802018222003,2.794307427222756,137.62914067031747,75.93335266879356,305.79364706680235,444.93243866200277,39.2103128902773,117.0628769164608,20.691776522663584,829.2162137835161,209.95959457884115,106.16167778455629,52.60578663653001,169.31862504875534,60.00660072607987,82.50907599835982,340.1874206162678,37.25409795077458,52.762304097591354,274.3081768291387,84.63930910329823,955.6051165628219,65.89474842232644,19.502145235975956,195.02145235975956,97.76075368290512,88.70975807338806,241.02651291642078,223.15003478507634,205.02255248077287,635.1378827452269,1051.5656722239446,335.0368540539459,72.00792087129584,1530.5433597695746,10.477152700420092,43.004730520357235,233.43517493955582,17.25189770874796,73.75061134654499,32.35355889147806,42.55468101491164,14.002040712759653,5.175569312624388,71.50786586524517,277.58053385872444,165.26817949974495,19.302623776896706,163.60692498440451,220.40774094525395,120.01320145215973,7.750852593785316,459.68308467056374,147.51622678494633,24.423687276987184,369.52065215454945,510.05610617167883,75.10826190880996,119.17911312041198
2026-07-06,221.87187187187186,83.28328328328328,183.43343343343344,387.04204692974224,2.7967968502560177,149.54954954954954,72.62262262262261,309.8093210397898,440.44044044044045,39.23923923923924,117.56756756756756,20.42042042042042,824.4244244244244,238.53853853853855,106.25625625625625,54.55455455455456,173.9699660598098,61.36136136136136,79.32983031859985,355.2802802802803,39.40941063133446,52.85285285285285,274.55255548517266,85.78578578578579,1001.001001001001,66.05154959647147,19.51951951951952,198.5035083912037,101.6016016016016,90.09009009009009,235.50000195508008,225.80981860767017,202.2022022022022,636.7867867867868,1050.05005005005,307.4074074074074,72.82282282282281,1570.2822940127628,10.51051051051051,43.04304304304304,234.23423423423424,16.772772528387762,74.07407407407408,32.71921824167918,42.54254254254254,14.164164164164164,5.18018018018018,71.57157157157157,277.82782782782783,177.11311164680305,19.943944493810218,163.7526809035598,227.47747747747746,114.11411411411412,8.508508508508509,460.0926121433934,157.15715715715714,24.445446117504222,362.46246246246244,500.8768534159159,76.0910935349412,119.11911911911912
2026-07-07,225.5130421709389,84.7427898469017,187.67696509559246,330.01328021248344,2.6760881768963847,145.33062717682728,70.23478413390464,308.3795664433461,442.3613525457917,39.841139079687544,120.52419253802401,20.5467438422411,833.6465458919041,210.72940940639955,106.39204189531183,52.11856974617255,170.63218235548374,61.439775489238016,79.43120648303015,365.8322684106342,37.535393019118494,52.92039389611366,274.9034081833045,82.1869753689644,937.1319752436794,66.1359573498459,18.866421169195075,198.7571774615375,99.65170763486933,84.94324588438698,246.71126813500715,234.53356385777644,191.93665589215465,616.8763918383072,1085.024974786389,284.3970031822396,73.67060355277006,1603.6478104876094,10.423713949234509,42.97276303590669,234.53356385777644,16.53762309253552,74.16873386955324,32.76103036752362,45.353178481044374,14.533062717682729,5.186799969931594,77.67671452554562,278.18286602019595,177.40359317447192,19.310430558133035,163.961941639887,235.2351599889749,115.86358966649127,8.519381593124358,460.68056782304745,164.77486281289936,24.4766851300576,373.34936981633217,461.04888621614174,76.67443433811923,122.02761281916361
2026-07-08,221.81005810692923,83.44965104685943,186.6899302093719,343.65105367491276,2.662014034191371,157.9326960524676,69.8654037886341,296.85942173479566,434.9700897308076,38.98354983876496,118.39481555333998,20.439182939462864,835.3688933200399,226.86939182452645,105.83250249252244,51.844466600199404,167.10269581879362,61.11665004985045,79.01346010795739,376.37088733798606,36.93918245264208,50.34895314057827,273.4576300395688,81.59571578234048,917.796123348704,65.7881336459372,19.127617757080323,197.71186927498755,98.39481798744393,87.03888334995015,238.67596429461616,230.6455633100698,194.41674975074778,613.4680918182952,1058.6361034085246,294.11117234234797,73.28315346927967,1584.0673292622134,10.36889332003988,42.74675972083749,233.30009970089733,16.201395812562314,73.77866400797608,32.40279162512463,47.1086739780658,15.11714855433699,5.1595214356929215,77.26819541375873,276.7198404785643,169.49152542372883,18.24526420737787,163.0996293346523,233.99800598205385,115.0049850448654,8.474576271186441,458.25774629237293,163.9082751744766,24.34795680098377,371.5403837316177,478.1310852598455,76.27118644067797,124.36889770142697
2026-07-09,219.1439533609049,82.11669739399073,186.60620858039763,370.2227315760626,2.6608202464437145,161.6921620409587,71.55314166126863,301.95824405799993,432.8068164831332,38.96606755521576,118.34172106233495,20.205291743484977,798.4338796776123,234.9010902620335,105.78504160645772,51.821216802032986,167.0277581406647,61.08924211470427,78.27445386658216,395.63505904629034,38.632218723334184,53.06442529133864,271.52573621007525,81.55912395205291,936.768149882904,65.75863077071604,18.909761323434154,197.62320482616224,100.60291992625443,95.32114205989338,237.1817230554587,226.71782350889433,200.83063285181748,694.6036175195576,1057.3521351337886,307.269923646233,73.25028943115004,1571.2068753425683,10.364243360406597,42.727589815137776,233.19547560914845,17.538492749331215,76.45373339907009,32.388260501270615,45.64253326025213,14.798943644426728,5.15720763366386,77.2335442722607,252.87757237530522,175.2578603816832,18.85893721592148,163.02648684304773,233.5158790064901,115.39190038507773,8.47077582340924,457.9201753948877,163.83477004335046,26.658029797199664,376.40141511784344,507.2499875429767,76.28681050376203,123.32403160268947
2026-07-10,219.36256172377676,81.84946880143649,186.79235872113324,365.35488054267046,2.6634745636130934,162.5018704174772,71.62451992618085,305.7005453825627,430.0463863534341,38.80492792657988,113.62162701381615,20.591051253043325,798.0447902638535,225.67210334680036,115.71649458825877,51.87291136715048,163.10040401017508,57.808369494737896,76.313033068981,379.66980896802835,39.33363138240997,53.718389944635646,271.7965983340815,84.4929921691855,937.702628560028,68.73709338877562,19.479276200554736,197.8203450374707,97.71060900793057,88.88223851563669,239.66282607611353,223.9513192677939,201.03097265215845,695.2965235173824,1032.8934345229188,313.9428517320066,72.4724425158362,1617.8183762282408,10.514240263941234,42.7702129782034,233.42810115217716,17.55598837779082,76.53000027861427,33.66751458925632,45.388797446256675,14.923438186793918,5.162352237019303,77.31058905681081,252.3816649209437,169.085739937154,18.404907975460123,163.1891148911729,228.68971020998555,116.46466157913113,8.479225896553444,458.3769764078009,163.99820439922192,27.216817941551014,373.5847174422665,506.25966382363214,76.3629108683725,123.44705422885805
2026-07-13,216.66559472514118,81.0672242827031,187.30712867424563,322.4718646609091,2.67081467476975,158.35479235229243,71.82190568123278,310.49470088376955,433.2321358014194,39.07191754520285,117.43581792446696,21.13144509075268,812.2477355593456,226.29401967600117,116.03539079419222,42.5129664547687,164.60020306193388,56.51723775751604,75.77311079879364,379.7158133230635,37.41141048019646,53.76639875161924,272.5456264160569,84.27570408974738,914.8290228519699,68.92652185674443,19.53295797942982,193.71908187856673,96.27936520638795,89.12718379105627,252.51852205547692,225.91890526610615,191.55842531972252,681.457844642616,1043.201184173673,296.295374972179,73.52242433942352,1637.799528856301,10.15309669449182,42.88808086466372,234.07139177449122,17.60536963773951,76.74090475524723,32.855519590701725,48.21970578956269,15.55474419698008,5.176578856551248,77.52364471163705,258.8789580822151,177.5541540169752,17.1652360073338,163.63883806826706,236.072001960598,116.78561961398226,8.50259329095374,462.94119706510486,164.4501572979759,26.982729244138213,367.8151865615888,487.0285241686214,76.323278599973,127.03874681777943
2026-07-14,216.9694446218302,77.63236317922056,180.75819271858518,318.6432868040008,2.6745602014373957,158.57686770005358,71.92262808087789,311.0929134173766,430.88465834247387,37.24850931874001,115.6471784392389,20.48492680019433,804.7195566096444,207.28892566513403,116.19811779083336,42.57258625957257,182.88632068849262,59.050681411807126,75.87937433323816,397.1010563244707,39.16527532959321,53.74162947826043,272.92784197055977,85.8964534531376,925.0772567227121,66.96367257345649,19.5403169728606,193.99075179039636,97.9675351356876,87.74961309031899,247.92270821751083,222.88001041776226,191.82706514607403,682.4135150431485,1009.176603139603,303.89815123066074,73.62553153126079,1641.5488407735188,10.16733530669792,42.9482267265688,234.3996514056466,17.630059251022992,76.84852551530045,32.805934117670624,47.36475654369606,15.75185691604185,5.409222724745691,77.63236317922056,259.2420076229972,177.80315437821486,17.505347105095435,163.86832371458962,240.40989887758627,114.59989721929013,8.514517251914514,463.5904216689455,164.6807807311466,27.02056958285752,370.6324165514702,490.836876875072,75.12809339924571,125.79748030939626
2026-07-15,217.40390617158488,77.4365151058918,181.1201445347787,304.125263474857,2.679915764623051,148.95111914082105,68.90494830874235,316.1698283649503,425.62579199287364,37.94037940379404,115.87875138010641,20.60122453076383,796.3404538197582,196.22603633443742,116.53116531165313,42.65783398574727,180.71865903844224,61.62802368764429,73.77295995182175,359.7310047174546,38.49242196125665,53.73331031849092,273.47435511392155,84.63665415553173,905.8516511091037,67.09776122826332,19.176452140497968,194.3792006008168,100.87323095453178,90.38442236274216,244.6552243300211,216.80216802168025,193.01415236374586,644.1332931847837,1007.6784101174346,287.56398675097864,73.77295995182175,1601.8613596870923,11.291779584462512,42.65808515922978,234.86901535682026,17.10579173459378,77.00240768774152,32.62069657733615,46.672688949111716,15.783398574726489,5.356318546468614,77.78781491518619,259.76111612967986,169.87855063735825,17.526848852472902,164.1964551065505,235.77235772357724,114.5237378299709,8.531566797149454,464.5187192612667,165.01053899427885,27.07467581222398,365.10087323095456,447.4053999799258,76.5331727391348,124.71143229950819
2026-07-16,216.89123042366984,85.83494873847513,180.69303212821245,275.87104655762,2.5078730969447856,144.19394085044385,68.74245860682619,314.92357220461525,428.65505667622955,39.052525646995214,116.90724023812028,21.02828304068973,826.1101415779224,185.2491601203619,121.01276216511208,42.55723948711017,175.23569200574775,60.50638108255604,75.26372971646866,342.31040749808494,36.02545313583489,50.68817681852404,272.829455617806,84.36246654093506,892.700682417852,67.26446973523139,19.13123077296777,196.51431174930283,92.66964188904389,80.65848566321704,257.0457265021454,217.84299883343098,193.34254083461008,608.8188613685408,1023.6267780164321,278.07400954283514,73.59899064241405,1592.1919865030968,11.265151628940925,44.28456273688111,234.31515388197127,17.12303047599021,83.55137806834568,32.99437743765365,46.5290824704149,15.270538874786588,5.407272781891645,77.60437788825972,259.14855480621435,163.21953026821075,16.671923248487968,163.80925166614722,238.82121453354765,118.50939513645855,9.01212130315274,463.4233043443432,168.22526200082862,27.010829076827083,370.24798353785843,400.9893306497239,77.60437788825972,127.12097771502673
2026-07-17,224.4469965546512,87.51934887901332,180.2067209267489,271.6332950516802,2.501123490916657,147.95026713936184,66.66000898786638,304.50942009537124,431.69172788610376,38.38617914643356,116.59259999001348,20.87182303889749,822.7223326634044,168.62235981425076,120.4374094971788,42.442702351825034,177.71009137664151,60.34353622609477,74.68567336439557,351.5254406551156,36.30099365856094,51.43056873221151,272.09517151845006,83.88675288360713,920.7644874731612,65.52204328843561,19.024816985351023,195.98541968342735,87.38203425375742,79.89214560343535,255.80466370399958,221.5509062765267,187.69660957707094,646.6270534778049,1035.4142025453139,271.3336995056673,73.40090877315623,1593.698507015529,11.234832975483098,44.16537674139911,233.68452589004843,17.07694612273431,82.88810106356418,32.63094821990313,47.68562440705048,15.354771546693213,5.2928546462275925,68.40764967294153,247.71607158461077,162.78024666699955,15.908523798048416,163.36838090842986,235.0327058471064,116.84226294502422,8.987866380386478,462.17606231587354,167.7725061401483,25.794678526762308,373.8952414240775,423.87176725483096,75.39821241324212,132.12063616461526
2026-07-20,224.77584922266064,88.30565685952322,195.0949334759435,271.15618296104054,2.4502817824049767,152.23700188412295,66.00759087295039,308.0349357363597,428.2992544142577,38.44242136673843,113.4130424998875,20.512359531697708,813.6935747610976,185.0207769010624,115.35726022555095,41.754801802207254,175.7702135745611,56.093950804342505,74.79510045999041,336.9892420440851,34.55397370697631,51.14888138893786,272.493836791231,85.25980487756092,931.3571060671978,65.8125672245277,19.551747962734467,196.27257134570476,87.06001190136867,90.7604374503068,245.02817824049768,218.87517064462415,184.77124869359977,670.0150400108513,1002.5652950089261,274.4060684166179,73.5084534721493,1576.8418836916246,11.251293898798362,41.7297989268766,234.02691309500594,17.10196672617351,83.00954609780125,31.984177447984646,48.13553436574894,15.904328387412992,5.7006555753911705,68.5078784060167,248.07901736824738,163.01874715592294,17.40200123014147,163.60774311311428,235.65258832890785,116.863439295519,9.00103511903869,448.0520142628903,168.0183211303675,25.832472077062302,366.0425831783155,425.3989208759008,75.23365186996506,129.61490571415715
2026-07-21,222.85717155181504,87.17441410859642,184.79368889379884,270.7533887343013,2.4605681401619957,152.6807638808683,67.79116304527948,306.5923022192818,427.586483948559,37.56233118901934,113.88915391606952,20.78929000055237,813.4939565433536,194.8368241597662,117.65532964080727,41.930089735413596,168.22251570495277,55.68918504978884,72.81273067826314,355.0248316519451,33.998523046131574,51.36360595515551,273.6377742403623,89.93627630673743,944.5568717642273,69.44828036416408,19.38023824533402,197.09652959460882,94.40547150009289,91.14145253865351,252.33377355742914,219.1909367922728,190.81957005337927,725.3654445844903,1012.4424834351037,280.9064933891062,73.81704420485987,1587.3175287861363,11.298527174213245,41.90498189724868,235.0093652236355,16.972898599484786,79.3407686011419,32.11844800174562,48.33760880913209,15.971095243720216,5.724587101601378,68.79547657187621,249.12046065978376,161.36556265017626,18.623990282403547,164.2945734154757,236.8171295715096,117.35403558282825,9.038821739370595,450.9367734419331,167.12028406145018,25.94091758379584,379.12835629026665,474.7892196986055,77.33214154794844,132.2028086216236
2026-07-22,220.74670475027526,87.28047903709923,177.47701094525362,271.0828138197653,2.4384235214857792,154.19383216324616,68.12502828068517,306.9653324363119,427.32242950567877,37.506473134606004,112.11720521470696,20.66375396558052,808.5510736605011,199.69934489363948,117.79848063590063,41.98110598846651,168.42719169025486,55.02943852391792,72.90132177637896,388.49869508205165,34.03988897847494,56.460816796464535,273.970708751678,92.55954026918184,870.793719425437,73.10745532083808,18.663743971598805,203.8220403320278,91.80538866459861,99.54801180498644,249.01884679850073,223.32942850391404,191.05173982775176,724.6391384572069,1018.3560500555558,279.4885846585453,73.9068572491566,1574.6685503697856,11.31227406874846,41.95596760164707,235.29530062996795,17.094103037219895,79.43730234943362,32.12685835524562,50.27677363888204,16.591335300831073,5.731552194832553,68.8791798852684,249.4235650066114,150.92132482283722,20.389744935518465,164.4944702815562,234.49087225174586,115.02320518595492,9.049819254998768,459.1274968702708,167.32361896380198,25.595402507699415,377.0762932757329,488.13719525990575,76.67207979929512,134.7417533522039
2026-07-23,225.55580079457445,88.63016098918308,177.073718849071,270.46681541162116,2.4328825394277462,154.14944419920545,68.72266142301056,299.99449191944404,429.73883821080307,38.12352020546571,110.45788354267829,19.396344828631488,807.6166780368394,206.66960953489308,117.5307997913239,41.885709699426144,164.15084287152877,52.41984028251535,71.23078775231751,382.5168448115645,33.962538012809944,55.45467314097677,273.34814799951846,92.34921144508208,893.8962237649987,72.9413286842338,18.57769202734438,206.92042216782377,90.04173522211967,99.3218026405554,247.55206870259644,226.68445764276257,190.61760102732856,743.4086440065814,1038.7656005457684,280.8599863557928,71.7324130181789,1580.1195874633815,10.985593322364462,40.85737790441029,234.76062442313096,16.352983667081347,79.25679200609977,32.05385448854288,50.613989325414344,16.804446406356597,5.718528030819857,68.72266142301056,248.85678426225974,148.78506654529426,21.130462209276807,164.1206792233399,233.95802399775275,113.1666599783298,9.029254785505037,504.83566756290384,155.5038324170312,25.09079429558802,376.2194392644669,494.1008868734701,77.2502909426542,138.14759821822707
2026-07-24,226.91446529513942,88.70046212996188,180.00592926603588,263.0601323333032,2.4348122935429783,150.60694599234918,68.23197559406596,285.75157886281715,433.74800445796564,39.01221801790905,107.5835617538681,19.57890297900539,819.8038093516873,184.49401135403804,117.6240248200247,41.91893330120385,160.5475069412545,52.260610259345164,74.80144984286676,380.68415715332793,32.591343725565594,55.02173760253823,273.5649668162696,88.552367751021,894.605259194554,72.78181167762332,18.574856672389732,207.0845507394801,82.83382029579204,100.32932718856993,258.64482889482116,231.43218341792425,190.76879825697563,743.9983132022049,1045.254857544655,268.0803638663815,71.78931092301977,1589.9073265258994,10.994307057441489,40.8897858369228,234.9468357480647,16.838358768944314,79.31965822263723,32.079279496370376,50.25251764611384,16.466359428496844,5.723063947709268,68.7771720031728,249.0541766130004,148.9030823515643,19.65270044382377,164.2508591851725,235.09744269405707,113.25642338624658,9.03641675954095,505.2361014890007,155.62717752542747,25.110696227868623,368.15867947829753,456.33904635681796,75.80549614948242,137.80535558299948
2026-07-27,227.0854685396194,92.64232984839408,180.14158213369282,263.2583750326561,2.4366471734892787,150.67020357307933,64.55859006048914,294.55798717871426,433.42175599364964,40.49305632093281,107.66463696469123,20.27189968047266,834.054259830741,182.65208085272604,117.71266654609032,41.95052350234119,159.01006812564057,56.06398806019335,75.36022186049316,387.9152456162331,32.15369466047708,54.883847476484476,273.80880609312516,88.61910101182089,856.6668401521774,75.36022186049316,18.588854725588313,207.24061011635618,83.70008641305441,91.03514800747574,268.7847913024256,235.1721207842236,190.91256204658268,630.5138562327928,1046.0425639243083,251.20927643510984,71.84341150700348,1612.7087478145536,11.002592391632001,41.61542257439781,235.12389220473867,17.465987113225438,79.3794336930528,32.10345451257009,49.09718454211129,16.478768513494504,5.72737686139748,68.82900263258375,265.1675006531219,149.01529604478156,19.317336870239746,164.37463899706222,238.89190329776332,114.38677120777945,9.04322662325918,490.5448041639035,155.74445851168588,27.07190247311838,364.7690845051848,432.0652720001608,77.36982777677298,135.3966957172472
2026-07-28,232.17526850654903,94.22005371742145,208.24111705766367,229.71912599090578,2.4395396563518568,148.18317170335197,62.874733411130336,294.4383486517142,447.3884566862249,41.19904668445026,120.97098708301476,21.161120890861095,849.0101001971751,168.5042855418293,118.75779646694298,40.79715187969517,160.95931753249366,57.49265623113758,77.81326658053875,338.0271417649189,31.720554750453324,54.675868174318936,271.8703472697276,89.03062251016055,824.3918912971309,79.02096495110861,19.49368173277578,207.4866202567301,80.67683614066398,89.23182165707617,274.2786951638013,234.9004952328377,171.13748428917597,562.6031145627942,1056.0022696206893,240.03158924848344,72.9346907569112,1636.252062291256,11.015653293630034,41.664823200768765,235.40300189127197,18.35942215605006,79.47366303166875,33.04695988089011,47.21137859572741,15.933966378581188,5.583276326908374,68.91070781859885,281.1858775960977,149.1921883723869,18.278942190278276,164.56976401619275,237.16349442678361,116.59490563760009,9.053961611202768,491.1271176210213,155.92933885960323,27.579372449447142,376.8963019596797,404.3529366665954,75.95267796064545,133.0429358979518
2026-07-29,231.46822586235479,93.93350311688442,213.98755255504153,235.0381924691828,2.436243262657163,138.82316401913582,68.06411589485477,292.85150971734555,447.56551485103756,37.77483133489178,125.52931780165464,21.59968253489856,850.42471003682,157.17536430627345,118.59732666254767,40.74202530125749,157.82988639053607,59.52470652059254,76.30263715876897,325.37962992177654,30.843845813272004,52.241092642545354,271.50298628169,89.41263933051032,809.1642735913742,78.91418898215264,19.61753535289973,207.20625687548036,80.56782269902162,83.53551640822396,292.94544910700387,232.1714713402352,151.44893684353292,525.9271538148556,1074.1546848078885,224.53623472324782,76.9978438285657,1647.3525319348796,11.553318565178298,41.60852419364586,235.08491689145407,18.485309704285278,84.50850651341881,33.40416019931986,48.24816577332515,15.91243583032178,5.575732003194744,64.28366864250391,278.0336134071239,163.2257845543119,16.074182351552416,154.8648968112841,249.93344774415178,115.83457657087459,9.041727572748234,511.1434484991988,155.71864153066403,28.60651859503484,370.20851228419156,426.42547308955835,73.63984789804951,137.13286818668155
2026-07-30,231.16863571374822,93.05942258007877,213.7105877041162,234.7339817000903,2.4330900243309004,146.23623548298093,67.97602026738907,293.17480623071714,441.7187147264655,39.13010760779592,121.90533523967191,20.57039699726199,827.6268593071965,173.92831163619036,118.44382572052073,40.68929275289557,159.1792710763288,52.323977224270706,76.90872443844533,353.52547219504856,32.36411091292611,54.83231745553967,266.98773421626913,89.29691223317532,855.7453532997216,76.40404344445281,19.06338575764417,208.94474126470516,75.51257834643941,93.81192464945946,273.99102504107407,222.7406125366845,157.1731010492701,601.8762384929893,1006.0661660960193,257.99384026105554,75.06208142072391,1622.3970091178169,11.147565992618818,41.55467013268336,234.78064564677555,16.488824976837048,84.39912685264443,33.3609250758773,49.06263276566459,16.655379135625957,5.71901572729325,64.20046606137282,280.9341059021246,156.01876238492991,19.675421386461547,154.66445462412523,258.4543558503901,114.1294805227381,10.460280156863368,493.3097372983922,152.6074196704041,28.896079464218527,366.2176737652695,462.2871046228711,72.74186670680011,136.7547094087842
2026-07-31,219.5771699832751,91.33609077525514,213.31784358694458,234.3026020880487,2.428618641776247,156.2327868524101,69.72889605512214,292.93647534826897,438.153336753012,38.808324892370884,121.68130514466556,20.831038246988015,827.3041675847013,185.27606133138377,118.22615697389111,40.61451648405343,160.99338355947236,52.07759561747003,76.29618253267682,353.58834565846865,32.88650088632062,54.73155000951418,266.49708065016875,91.88691149813222,866.2907732521458,76.44440142570242,18.84207463016379,208.56075552573336,76.11391021450086,92.38765760983867,273.7078246587416,222.83201970936696,161.32386865805051,619.923686292576,996.4847622958208,260.58827653203275,74.92413696407648,1630.729787383201,11.316862124565604,41.47830352674704,234.34918027861517,16.07395018577681,84.24402335065186,31.797378093359107,49.46019471356071,16.874642729385535,5.7085056734534465,64.08248241051042,280.41782255560787,122.25265205703374,17.592212763228147,154.38022184304614,260.37995832540486,115.10600501778902,10.44105690012298,495.4332150216323,147.7701775645712,27.541036143854345,358.0339588799812,475.4584330652673,75.06184214479575,134.0497341038147
2026-08-03,213.26883691118223,92.83879399702556,204.80618524694418,283.383668349808,2.428630803050561,159.96414639886632,71.21120929304936,296.84378145327264,443.9136509081076,41.662285116248796,127.39044872083767,21.356928608269364,827.2367188947477,189.78372667137373,118.22674898973968,40.61471986068391,175.26201671498893,56.44738933533758,77.86641028337365,372.4998804853882,34.05090610462642,55.21855026780663,267.0993134736431,91.88737162057276,866.295111191231,76.3641644258166,16.821647997545394,213.26883691118223,78.36766014019084,92.38812023975845,277.51038583932984,220.17916785594466,154.999729967395,675.0091386623002,969.5494764673188,255.591606522063,75.01214315401526,1652.31924070235,11.149167700536522,40.36033870636602,234.35035377889946,17.125602776150345,84.24444520143552,31.797537318290846,48.43190582127312,16.874727228925995,5.7085342587167816,64.08280330265623,280.4192267439823,136.40392386617995,18.752034841404306,154.38099489987533,268.65163419311875,113.46963710747568,10.441109183571237,500.44968595237384,147.77091752169494,27.541174055212544,359.53799758764353,459.31969075017156,74.86191856825955,133.90018077025152
2026-08-04,213.79341502226285,93.06714990638068,205.10915561891665,284.08070815931353,2.434604514810929,166.27244871643634,71.38636775595349,298.67828583762946,447.88291371962396,42.4173363920667,127.70379145729905,21.464678461707216,822.4109149657901,207.3178689931781,118.5175517416207,40.71462003051256,183.46175712012013,56.44919353333275,80.71843422300978,406.6040529890418,36.24297855038125,57.99880651239452,267.756298597969,94.46967995774581,882.2303989237543,76.30100747448685,16.846459588251435,213.79341502226285,80.61803816054335,87.92185170497613,278.5488753131102,220.23432735108756,169.6693455682668,741.9269016269183,963.3790459613174,274.1816465958205,75.19665078735612,1636.7068083589763,10.653026249589788,40.45961317397132,234.92678617144637,17.268122744225973,79.79278546836018,32.62872030158977,48.551033951007035,16.236051344624858,5.571981466886869,64.24042800017946,282.5682228500811,138.04458589134134,18.90909650779356,154.76072637806146,271.3675420235956,113.74873877446527,10.290596402809083,490.1837749923448,152.35102479280764,30.796492161577426,351.4369068788872,476.3793164032107,76.90338384928543,134.229535517617
2026-08-05,213.99106653871084,93.1531902706668,205.29877855768314,285.5697901933532,2.4368553010395577,175.85553718842166,74.86421440307095,301.9238644835249,448.4808829329689,42.01238892936794,127.8218533163842,21.48452250717318,813.9599149864089,196.93911465215774,120.64192786186045,45.72243966898964,183.39220306792546,58.73625235599316,81.14476930265744,405.09628169168,33.764263140176965,60.29332703603029,268.8077497023017,94.55701695781227,893.3461289171821,76.3715475789717,16.53042049571164,213.99106653871084,81.49648037703427,83.25503574891849,281.8713038934416,225.09508760117976,168.2686268697212,742.6128113271064,1014.4352273812096,266.29552774246713,75.26616991664447,1666.5275785446197,10.662874947655501,40.49701799253368,235.14397544051812,17.284087083662016,79.86655371350369,32.65888547784974,47.48049210581353,16.303817584266206,5.602254970431147,64.29981812690615,282.3616778439609,134.55460816874094,18.760268952595002,154.90380231074175,274.8370824059047,113.0499881925568,10.300110035321842,490.6369487556965,149.97965100212534,30.55314238045435,358.0499206765916,451.91507072532875,76.974480849332,134.35363041195416
2026-08-06,210.21066272867003,91.95272517475175,205.23793737379825,286.6610419382202,2.436133128396773,166.2824081639028,74.74408290026044,297.108273089268,453.21768921471124,42.51429153300898,135.61978240559355,21.69916518489497,817.234762866299,202.89221988628657,120.60617510303337,45.708889625588945,177.97836356288866,59.823392905578494,81.1207216981606,387.119134444411,33.75425695428107,60.27545884693047,273.2839172675377,90.38807349587616,863.9482434726701,76.36649365530161,16.675707494970766,213.92764935756406,78.91664884106304,82.84259211079006,277.06619249972374,222.06483630189967,168.11830063389692,715.7710738072993,1020.9155842198849,269.9456634004902,75.24386446058487,1562.6146842633334,10.659714958395021,40.43478697648253,235.07428950302884,16.84799601316689,81.17095124719971,32.548747777342456,47.57793224901079,16.29898587717745,4.7215776096762205,71.57710738072994,279.7785881478356,130.66514508412823,18.5844303584569,154.85789589674815,275.6095355775896,113.01648533799464,10.29705755301729,496.2679445063942,152.9489768240861,35.616769491066364,349.17976029360426,391.70809917730276,76.95166912791457,133.40968224787278
2026-08-07,211.08219343905097,94.01555452499572,216.12597344954202,286.4867045958924,2.4462333050881653,162.91409433886133,75.05397090889547,294.2016685297129,449.56373667181134,42.69559778880684,132.65141427591493,21.960617857830186,817.142799499657,215.5207198482831,121.10620675746732,46.402776096517776,183.08921438082558,62.69418553040391,79.18734616470968,393.4148408183029,36.26477827543074,60.42448452568293,275.390388572812,94.31868619618287,852.3988217729895,76.68310815810926,16.527962839517322,212.4556137507944,80.700480167857,83.18605643469692,283.4604365895977,222.1785094621313,169.9753863535488,771.6983416051326,1021.1137556805572,269.1361013598031,75.55582455715611,1569.0387879292257,10.703909999833714,38.96320058104346,236.04890449098173,16.634385858903723,81.50748496953557,32.683694467982086,48.672477101238755,15.534842432312473,4.779486045688096,71.87386514949765,280.9385465843522,140.21708429165153,17.740487985026437,155.49993474609613,284.9730780361034,117.01569624339265,10.339749021506679,498.32546503651696,153.58310131945285,36.81959407658476,351.9287404908985,374.0467255780172,75.25319775652665,132.29834967518056
2026-08-10,211.1269183037201,94.03547488343247,216.17176700870743,279.5824853652092,2.446751621918859,166.48000726458216,75.0698736178691,291.69315212236785,460.5941941043376,43.738838272240216,128.34095105487788,21.692849431445552,822.0580964776867,226.96774323738032,120.06739917869864,45.655880780135405,195.1302031111267,62.70746940299261,77.43842762155563,402.83116909323894,35.364389421961235,60.8257383727273,281.0666759129285,94.33867078326321,863.1736134233334,75.67273057481006,16.400803447826963,210.46098842144164,81.660963524325,83.20368219959818,288.060861054777,224.49576737193652,167.74121944082898,706.055840326755,1061.1122921837637,266.87249649383017,76.98287630551226,1576.5106878272848,10.706177983306754,38.97145624602718,236.0989193934074,16.042618881859735,81.52475507259538,33.75003783636529,50.44848704987338,15.60674321475732,4.793615070126747,84.09005940742892,280.9980728677947,137.30665469539835,16.849289697126203,155.53288263916215,289.90122087703435,115.7792777794594,10.341939845224042,517.2987862094017,152.624840200476,37.3318804169063,355.6618337016073,378.36365287405033,76.9339427510569,132.32638153181787
2026-08-11,216.00291035500268,94.73811857675557,218.07451721454774,269.81416170659986,2.4505593338520772,170.3770324484372,73.26414503269096,294.8250250108633,449.6902695109997,44.41322998878301,136.422890750528,22.12021426199874,813.5856988388897,212.21338561193247,120.25425184676173,45.72693189971402,190.99204705073922,61.895570803480304,77.63927593906003,380.4682842042503,36.611860484146526,59.173681744738246,280.42483098719646,91.25175581313096,870.7317319643886,76.90208878603838,16.2151244190777,210.78851443998403,80.89372151540569,79.48705165777497,289.1655079668442,224.2893377931829,172.7012742908536,704.8516022110614,1061.0669280596624,269.3088917408571,77.10267948215512,1673.4541265398102,10.560142284022353,39.032104853623295,236.46634396758188,15.966530917469203,81.65162646401973,26.786888467418297,51.28439575949024,15.631030920074503,4.801075044871328,84.2209230062521,281.4353709186819,138.67741125880434,17.584404792671155,155.77494014524618,288.55008026687096,115.9594571379488,10.358034297725276,518.1038228725608,153.60206958577967,37.38997746495953,347.5246824378265,377.2886114281329,75.73996786483018,138.14080863405317
2026-08-12,216.85316884618896,95.87192727936775,215.07776278545995,270.876238979801,2.460205541295945,181.59867706885532,73.52717385790665,296.7459462090008,441.3152208097881,44.6813920631978,136.9598961133825,22.20728669992198,820.5536461133826,235.1144883279733,120.72761212957421,45.906928141707844,191.7438545587355,62.13921212551614,77.94488966207999,409.3579117166655,35.355943552232446,59.755095415394294,281.52867534417516,91.00224208422527,898.6116720901096,75.07431342511337,16.067424849597746,202.90354979760372,81.90201663737776,81.23750875021558,287.71673824300746,226.03455447453055,180.3305298826203,801.2153922632876,1058.4311101233654,282.2895636559162,77.40618098505236,1588.7510430510608,10.601710476924794,39.566699964777214,237.39715326319634,16.3337357587071,83.22596106138214,26.895878557311377,50.99980848005268,15.69255979829168,4.81997365515864,84.55244425660895,266.3109091093549,132.90182511743043,17.50093892428781,156.38812153875077,291.47094928425776,116.41591169637513,10.39880692712719,517.1504225466425,154.20669784617883,38.41877288411227,351.42894824944966,393.1256277328572,77.12364051649416,138.73530217411155
2026-08-13,217.11418428550388,96.49570138118267,215.33664125626584,284.1529499596244,2.463166769087003,176.48462933149145,72.3716489445362,297.1031246349688,438.9515543344117,44.89565822418373,132.90943164331313,22.497600874872557,832.0592621736304,235.88809382633912,120.87292598818695,46.47005347865171,195.0218637792596,64.11038876492819,78.03870807260057,426.61032701713043,34.9922042041432,58.303411359007825,285.9304929888624,90.55312060375518,915.1807253391298,74.74314255244387,16.150248094219936,203.1477747700621,86.23623038989136,72.43589517225661,309.54947199830116,226.24871703451225,184.42313947586604,765.7299762158394,1051.2897344350713,291.51705679503914,77.49935097856917,1576.9350976188541,10.614471231735745,40.121685517087265,304.346339697678,16.313273749502446,83.32613603647899,27.39092320962533,51.061194428370726,15.47478236306729,4.825775219174428,90.65469449114022,266.6314543857065,137.02317408240688,16.697731285229473,156.57635818968035,293.0863683954754,117.84094792957501,10.411323456965683,517.7728909451957,154.3923088252472,39.61381608016211,345.4477073424589,419.6017287875633,76.3053494363919,137.27710880086946
2026-08-14,217.415627479301,96.62967683980028,217.82248713306345,279.00400756758955,2.46658665093476,172.71141395093144,72.63410813344234,296.70240250625545,437.54145081384644,44.95850081197108,133.09396423703643,22.52883673669712,834.062290212991,225.5019630978294,121.04074699432431,46.53457289907846,187.664015297923,64.19940017801699,79.45969162144061,424.0494741338975,34.811929125048316,58.11125602064876,293.447525276156,91.03484752934474,920.2193911218137,75.2980219647793,16.172671237056775,203.4298268812173,82.97241342551035,74.76046137884737,299.9572797363549,226.41739731879488,176.83137701649815,802.2763797628008,1025.4475416459,287.44634538316006,77.60695174151824,1592.4446122563927,10.629208454543605,40.47745104532734,303.1104420530138,16.528673434098906,83.44182675772906,27.86988628272677,50.71505646230604,15.562381756413124,4.882315845149216,88.89883434709196,264.4079174888622,154.41900739435636,16.489004679938926,156.79375014700983,285.3103322009073,120.02359785991821,10.425778627662387,518.4917712635026,154.60666842972515,39.668816241837376,347.85278625755234,438.72085708800375,76.41129243736904,138.95019541183098
2026-08-17,216.78279124958166,96.34841481149407,217.1884666484113,281.5387267877608,2.4594071054046105,173.82024622119707,74.2639526982485,295.83878459650515,431.5372055050152,44.3200373221367,125.25227938864718,22.058599811360942,822.7604182513362,244.81445619529723,120.68843115181389,46.39912374113853,184.44793144371002,62.90757947830778,76.38867883764173,416.6793440228801,33.31609212888308,57.94211036819163,288.02953316903483,96.92345795610277,949.280433261326,75.07885043199677,15.892333439644851,202.83769941481324,82.6563625115364,75.99466561611001,291.9848683076237,224.7249073126794,176.31667021632643,846.3403008083083,1029.0169431281124,297.44982401452575,77.38105955837797,1544.0898046482796,9.381243597935113,39.47728724860803,302.2281721280718,15.872049979209137,83.67055100861047,26.92670459731646,50.55678898968444,15.517084005233214,4.868104785955518,88.6400746442734,263.6382998144035,142.8692362201892,17.235119566881295,156.33736728788884,284.4798734292756,112.57492317522136,10.395432095009179,511.49027036680667,154.15665155525807,39.55335138588858,340.81804444173997,459.1738420502835,76.0651524594705,138.54575016195324
2026-08-18,223.21994131925268,96.58506428024872,217.0376864177887,260.718864492067,2.6350594661977613,167.74991803048943,69.42368209021025,292.7682800124405,434.98750880464587,43.73185229478208,128.45914897714087,22.55002812419238,833.590927287561,212.1729612494236,120.60464479905139,46.36691176097984,183.8622912024169,56.085722490865976,74.74447524310958,403.09417384234746,32.431501122433986,57.1605207282899,287.82957246160163,93.49393682951673,884.2651477913641,75.02672792955588,15.669989763114648,202.69688201521242,79.55903342804135,71.45065091036237,304.7907388269678,234.36826983008936,167.12357922154263,754.4377948606207,1058.280421001424,281.1912495756034,77.32733877759212,1551.188563841917,9.425405013707378,39.44988066221072,302.0183542026665,15.33553959849865,83.86583493379413,26.705314205504237,51.73837913438297,15.962379458697978,4.864725168365098,88.57853744064782,263.45527239927236,137.52983444732163,16.367773222728403,156.22883213103466,281.1405753550996,113.51025392851895,10.388215203279636,511.13517498758483,157.0900835617896,40.53937640304248,339.8218175639382,429.58917023814354,76.51807296074269,142.95197604122856
2026-08-19,228.08607136168294,98.70569000339142,219.09625588279584,248.13091917775628,2.6321517334237714,159.95383610805993,67.66578932559653,292.02457530453233,430.2555718096549,44.69646784298329,128.31739700440886,22.930091062326316,821.1027683624219,197.41138000678285,120.47156010670338,46.3157468477452,171.69728230333524,60.23527337600667,71.89064421913675,372.2976153717661,33.81302611398229,59.57774211999575,283.26002115845046,96.17477487509933,843.3009207469237,73.09282890507549,15.932110732598693,202.473210263367,82.00165015666364,70.5619137767834,310.8328338071417,232.89228907669684,160.96113538592658,706.6315038191509,1100.9480808070582,264.63703355234185,77.24200968343946,1644.2510302406392,9.617477487509934,41.035751830682095,317.66630465353035,14.98301755948916,83.7732907464681,26.979555267593657,52.13685164281701,16.126991506426783,4.859357046320809,84.53256528495574,263.16455503981126,130.34212910704252,16.754151471948603,156.05643689621854,276.37593200949595,114.65045531163157,10.37675202599756,525.9241636590958,158.4352870310847,40.494642052673406,332.3091563447511,395.47573117347144,74.91508779744579,144.262162312649
2026-08-20,227.00759048739715,98.46170285560208,218.59391156772855,247.96602208968187,2.626116730888688,159.58709364631255,67.51064507424776,284.07512713940133,426.23894632116395,42.674396876941174,126.6596300205544,22.877516905626454,797.9354682315628,196.67745386067566,105.29718045967142,46.20955401467595,162.9646778619622,61.10771623798677,70.04661357197327,373.9691229275141,32.826459136108596,61.10771623798677,282.61056203948266,95.24723373953971,819.1464110579715,73.28885522379439,15.40318467155865,188.22186646196423,80.65208498517758,76.10688295094717,312.0533707723308,231.32755448245297,161.05165874623125,747.4332234067804,1070.6985857161974,263.46515609454775,77.06490905571533,1648.8982935291472,10.0751978425441,40.65430708394988,316.93795874187543,14.236582507864934,83.58121518501497,25.662211425043935,52.52233461777376,16.060219369915053,4.646206523879986,85.70230946765582,262.561170844044,126.50812328608005,17.423274464549948,165.90594043702117,274.1261849089192,115.09461595567922,10.352960189080404,541.9900914595653,158.07202630156908,39.69728892803777,329.27512944356624,400.4832946465095,72.72323254768673,142.48803964804983
2026-08-21,227.17739041660138,98.24979910342005,218.75741812990555,242.69317659188428,2.628081045976256,160.4645638648964,67.56114251677613,285.9048937901477,424.2834688648206,42.200916795964886,128.22003103157235,22.965890725507517,809.4995021808019,196.1458180660356,105.3759419396249,49.88299985343394,164.255065373516,59.23290357469562,70.200087939635,374.8047891723061,33.2047932155077,65.44932604883176,278.67767091371303,95.31847793675422,823.8023278733265,73.3436747230091,15.54712074097671,185.22967961496718,92.36592774064314,68.5069972657849,313.46739225025647,231.87761228728968,161.1721241465054,743.6362316508139,1076.5024284479664,267.8621066091184,77.12255301411203,1645.3551312966547,10.082734012928137,40.98795631320661,317.1750258938634,14.757685873558977,83.64373329020584,25.705158890321208,52.662195065998944,16.34969650717921,4.649681850573376,85.76641413503282,248.45473888498606,130.44025066033694,16.880366718385954,181.94407241374083,274.3312291838292,115.34243143851427,10.360704123560241,542.3954958734073,158.19026295972466,39.92661589079312,334.01899293955915,396.4864578016102,72.0195286637724,141.5120563217984
2026-08-24,227.25778970944373,99.59907580146921,218.83483754954676,237.16713938309243,2.6290111379068017,160.47079522531132,67.58505276626006,288.6987793109463,431.00615289722083,41.81189474681233,129.78214598089923,23.256636989175554,830.8080054021124,189.33935983578792,105.4132350487631,49.900653713731025,163.3025440620055,59.25386641589945,70.78106909749081,371.3983811358339,31.902039000369076,66.23085751265212,281.8603287275081,98.94182301699252,808.7864822693422,73.36963144155128,15.420161481953356,185.29523338872585,91.76260029424702,68.75875283756251,318.2620214062176,231.95967501377703,155.75070364361352,712.8664816247289,1078.1276068920538,260.423776372268,77.14984709788138,1673.4667050906758,9.858791767150507,41.861946580516,317.2872758309824,14.747741942689137,84.12835641301766,25.51708055669706,51.67018044116829,15.925740546935433,4.651327397835111,85.79676732745851,248.54266834518918,129.93381970039385,17.204854964178143,183.01962152351197,279.3324334025977,118.65940655129353,10.364370832132584,523.27433225645,158.24624733939018,39.9407461335841,341.720890021386,371.60061276182677,72.04501675994601,140.29819053252643
2026-08-25,227.80598313072676,99.61771071421347,218.87578138431957,240.8017961528348,2.575901546689303,163.12981604777477,68.19514834371334,288.6360057501416,432.13251115010416,41.81971772111213,129.80642812354617,23.383866617234432,830.9634489598293,192.15599021015797,105.43295778636299,49.90999008879629,159.25888172324733,64.8779303788507,71.40112057282711,386.58751188333093,32.16084467727907,66.90062501264184,281.91306458463964,107.01065713161042,795.4246647383644,73.82835413337648,15.473613948502194,184.67202006513077,95.5723214466312,72.56416998725702,305.85419382028863,234.4808754222375,156.85996885050264,737.5250308460932,1076.5792188353323,260.4725014664536,77.16428177669071,1709.6006647712331,9.86063633973179,41.56637472440786,317.3466400434753,14.712575709815694,84.14409676571128,24.798235901640627,51.67984789336354,15.185379345909542,4.652197657719614,85.81281983858896,250.10619146827403,139.14469962352595,18.2659439521786,183.05386435809785,268.9172515625316,115.0407572968709,10.366309998179574,538.2471407315074,158.27585509415644,39.948219017374946,341.32971945225427,380.09414853405207,72.3619005238779,138.15004348793462
2026-08-26,224.550368351595,99.6091478614371,216.66253735343045,248.01160926921267,2.5756801295783034,172.78900804599843,68.18928648429954,289.2679962080896,433.8473946456291,41.284705192316444,129.79527033518227,23.27921373981708,824.1772132697588,192.1394730322137,105.42389507162251,49.90569996915656,161.80166150081155,66.09698850212745,71.39498313723308,397.82983521512034,32.98630272498331,67.71399286919221,281.8888321459451,107.001458802358,818.1096509634783,73.82200805974526,15.232109539724835,188.90343980219745,94.0472157473467,72.86131069458419,295.4275743213179,233.0469800762743,156.84648561734917,808.5026773118676,1018.8686374340784,268.57559906117115,77.15764895628448,1682.091021019047,9.859788747705704,41.56280179802096,317.31936183623395,14.663275573511045,84.13686398042199,24.97813149418778,49.79749436735866,15.321100947329766,4.651797768148332,85.80544361464912,250.08469305719183,133.99200093035955,17.75773296693842,183.03812957279305,271.024350281004,115.0308687232332,9.758662709267696,538.2008745506212,158.26225015548127,37.41663422206267,343.17271746680535,398.7905325802814,73.21525182911722,137.07634510271876
2026-08-27,224.61624054826393,95.59214020180563,232.50638545380977,260.77940469868247,2.576435709314366,169.233492653567,69.39281288723669,286.55336437549,433.45169736110057,40.09812041539432,127.96196545532712,22.88344346364243,801.7095313962017,202.9299739761146,105.45482133373795,49.92033988316516,194.9776193005083,65.29600687858787,70.40234483663355,405.12859418860484,33.78600510836305,68.28010014414689,281.9715246693473,106.82042333662089,813.999949422148,73.84366385959588,16.01092469254198,188.55423210176264,94.83347242242623,74.71866316810181,298.41033910078903,228.9876931836861,156.63960751586882,815.5678628328656,1008.2694787952356,270.65018618971754,77.18028327153353,1646.3864298042638,9.862681131932327,40.057658751232836,317.412447960132,14.364109956250159,84.16154565915586,24.783147459727385,50.57785195862732,15.325595415908,4.653162380193713,85.83061477379056,250.15805578737073,133.77841843056925,17.788231151254646,183.0918240902309,283.99463874769236,113.86794567385505,9.761525428015073,538.358756606732,152.4163568773234,37.42761044938422,338.36533567888125,388.5638537478188,73.28730748805098,135.29575398932806
2026-08-28,220.93805139716775,95.55444328161259,221.9492095271319,251.2727952960924,2.5754196875879827,168.3578286390317,68.20261586608223,286.4403615775078,435.3035749495685,40.1677506400315,127.91150344046554,23.26068094281727,801.9752855573756,200.41154135889542,105.4132350487631,49.900653713731025,187.12542713531317,63.85463590723636,70.374581554327,391.8237753611099,31.95259690686728,65.4472099619299,281.8603287275081,106.42439317872726,789.9672890344957,74.06278453634292,16.004610757640247,186.30588544589546,89.80651785420869,68.40080508133819,307.1392819766119,228.82508481088817,151.47148786863033,777.6220752251091,1003.9591580591831,261.74435481475587,77.14984709788138,1686.1061817152276,8.847633637186352,40.04186194658052,317.2872758309824,14.4090033519892,85.34174616897464,24.975605810114615,50.558412571002265,15.799345780689913,4.651327397835111,85.79676732745851,250.0594055401354,133.5739889682648,16.294812647210406,183.01962152351197,285.65217171487365,113.82304165924099,9.757675954154092,538.1464539316356,154.10049900653715,37.3117349956773,340.254710732938,396.0984364809422,74.5729120848564,134.2817996592397
2026-08-31,222.03660110866429,93.6542891133217,223.0490799098894,255.14465790872504,2.578783437198926,169.64082314526541,67.98795150226543,286.02476697167594,434.4040296656289,41.452401705512635,130.10352595742526,23.033892727871013,804.920646973954,193.383451033994,104.58906016655277,49.965828840458656,198.95107097318197,62.46994203558863,68.97461159968486,399.9291264839143,31.13676045048188,64.44427569797757,282.2284658414965,104.88976340427014,767.0033158680741,74.15951776544347,15.693421418989042,183.5320273543296,88.63543095408725,65.7604981395702,310.0397457254411,229.07332877717874,151.01121320272358,778.637725592933,994.7072275166427,258.7389576530742,77.25061233215,1668.3625686587188,8.85918951071962,40.09416052851394,317.992252559673,13.866403607568754,85.4532108233984,25.054294361106102,52.13202921317741,16.52162833682955,4.6574024856354574,80.99830409800795,250.3860075429671,126.56035688691246,16.166248833770755,181.03120965904776,286.0252613460906,112.58764269623106,9.77042043182221,538.8493257523984,154.30176930670515,37.36046776520617,337.32857072797225,383.59633063444454,75.93591009188246,138.00086060698104
2026-09-01,222.34614214741967,93.78485247896178,223.36003244448952,241.8635303660144,2.582378517018604,163.5511487852327,69.32474906215148,281.5613950179966,432.3481699280138,41.568994739651984,126.73628713373213,22.787184426645037,812.6330731014905,180.08162014916863,104.73486768731624,50.03548616039745,184.57872858156747,62.55703132921018,65.6499041754854,366.1249201957442,30.38122213286874,63.23227954420879,282.6219203082227,105.03599013516425,774.4753018699939,74.26290348675289,16.589779985805535,179.71205515563216,89.47581871641489,67.62648281455947,303.1531988238873,233.16739130779175,145.69603568893845,744.4448911018453,998.5171854405354,247.84597818234818,79.38761026056982,1683.0578931359628,8.364594950826321,38.85734563520227,318.43556529136674,13.33265740646862,85.57234107269593,23.957213148751173,52.468822873365106,17.51495488188178,4.663895366521342,76.80219000304167,230.66004258339248,124.41955028024562,15.601236946162427,181.28358511609045,275.4420621102859,112.7952955490216,10.544459089526514,539.6005351439725,154.51688127344622,37.412551961877725,337.7988402045524,388.19426237104585,74.4195478049275,141.1842238669776
2026-09-02,224.69246002482845,95.66002882487871,223.59580212329737,238.00824147940642,2.5851043697454976,159.95777764244968,68.45908694151797,284.18894505003755,435.0120780301646,41.62708419763565,135.1419929764732,23.242595863020927,798.1278815363456,141.65347515344934,104.84542151310313,50.088301565069116,175.18269338883263,62.62306396281184,67.25889488997511,427.47956440431966,30.677181657633515,63.29902494209967,277.0842214237866,105.14686181344264,790.6542435499258,72.47325455138427,16.51087053688953,179.9017518218541,92.3614071412622,69.75671123810275,296.8759515254856,236.891784909567,144.63187382010838,748.5567241610082,999.7361102653106,247.4296075322123,79.47140856220692,1710.7159531494224,8.373424273795749,38.467003633558654,318.7716927987282,13.46497303109157,85.6626677222256,23.95306822564602,52.52369883250994,17.761809065627347,4.668818382964902,76.88325924121551,233.44091914824511,136.66392577768178,16.13736426092478,181.47494062480968,265.181281860245,112.91435763148813,10.555589387572823,540.1701153122018,154.67998294866328,34.508657613218844,344.3761037695633,386.10163616393135,77.03550331892089,141.3332521364919
2026-09-03,224.46918920755851,95.56497404282933,209.33038611291371,237.7717391304348,2.661623945489942,163.75324464633357,68.39106099935108,283.9065541855938,435.78641125321934,40.169229451748244,129.43097014925374,23.244849123945492,790.8835339902053,141.18318353513092,104.74123945489943,48.999229396495785,184.12303491353526,62.56083711875406,67.45315541855938,439.41940911631553,31.12832576249189,62.104558728098645,276.80889033095394,104.69054185593771,806.6144939524103,74.39518036740233,16.630840796607412,177.8309504603659,104.7214728373355,74.98174886437378,294.04607397793643,238.86782716111193,147.63140817650878,726.2431051265413,994.6868916288125,250.95311486048024,79.39243997404283,1705.6771488177321,8.365103828682674,38.04854802076574,336.21127693626806,13.364900790739958,85.57754704737184,24.331805769458057,52.67480532121999,17.642764438676185,4.664179104477612,78.58127839065543,227.75896333549645,133.5248012654121,18.101577090412516,183.5253082414017,305.70652173913044,111.20518332251785,10.54510058403634,524.5670662693665,154.52628163530176,35.23483127839066,343.5786431056969,379.17241734548645,77.66872160934459,139.96035150704952
2026-09-04,225.01676407145726,95.5439908928281,187.61181176086814,268.5904212067003,2.6681167669539763,166.94787770369166,70.51451455521223,280.0257036522707,434.0029902759849,41.06358757521548,129.08603024882095,22.767929744673932,786.9206414724447,146.11115628557488,104.9967474386079,49.11875914782892,184.57218851960175,62.713449341356316,67.61770206537648,452.5934015566556,31.25508212717515,62.83897639367809,277.4841437632135,104.43771344934136,806.6606358757522,74.57666153596811,16.67141041962727,178.63677020653765,106.114815417141,79.78939664986177,284.7886841594543,236.9287689055131,159.78207838672955,751.9515368352578,984.6113189136445,262.18694096601075,79.58611156285575,1697.5920722627664,8.38550983899821,37.7602049113677,334.94927937818903,13.416815742397137,83.15630590339893,24.089282810213042,51.48194828427386,17.6858025695235,4.600849669626,78.77297121483168,228.03504634899983,132.64351927142624,18.694605123979287,183.9730037404456,289.93535534233206,110.12969588550983,10.570824524312897,525.8467062098512,155.10652138559115,35.320783867295496,339.7402016588063,400.5570100718232,77.8581883233046,137.62400390307366
