Date,ADS.WA,ALV.WA,ASML.WA,ATS.WA,BAY.WA,CCE.WA,CFI.WA,CPI.WA,EFK.WA,EHG.WA,ENP.WA,ERG.WA,IDM.WA,ITX.WA,KVT.WA,MBW.WA,OBL.WA,PBF.WA,PRI.WA,PSHE.WA,RHD.WA,SIE.WA,STS.WA,THG.WA,TMR.WA,TRI.WA,VOW.WA,ZAL.WA
2025-01-02,235.9505872443966,297.9504936596322,687.0291516541106,1.1932057237921876,19.27612170456423,0.056150857385143874,0.04106031666361595,15.207524215057788,1.6377333770062232,0.46792382200177807,0.4632445882442296,11.932057461045341,0.13920734373923294,52.6648275942903,2.0261101135679445,3.836975251165194,7.720743063029338,0.19886762992884233,0.8796967831321081,34.415798536220954,0.016377333839788316,188.85405741589798,0.054279161790342,1.4037714660053342,24.332038744092458,0.6316971708585737,86.16816896564707,34.79013545183711
2025-01-03,235.98371396480718,297.99232497192065,691.922500935979,1.1933732461233078,19.278828011430278,0.061774615913863844,0.04679895240084057,15.209659303631598,1.6379633096218644,0.5756271148790183,0.45160987166508626,11.93373268438787,0.1403968606893153,52.67222157045948,2.0123550125116356,3.8375139504235944,7.628228770619874,0.1988955503186676,0.9078996898261227,34.42063040610156,0.016379633165954515,188.88057193163405,0.05966866230616539,1.4039685511044553,24.335454885810556,0.7019842755522276,87.04605016847623,31.600992851871446
2025-01-07,236.75376200201893,298.96471582505814,694.180341338592,1.197267390809815,19.341737537772246,0.05634199465586356,0.04272601270148415,15.259290560368102,1.643308214193488,0.7042749489400663,0.5023828215377081,11.972674131981126,0.14085499538508767,52.84409843498736,2.0189216098480474,3.850036297985838,7.700072595971676,0.19954457446342652,0.9179050369346876,34.532949762545634,0.01643308221189831,189.4969157938426,0.05986336954049075,1.2817804160262396,24.414864896588963,0.7042749489400663,90.40542904512422,31.704111334544177
2025-01-08,235.78509305152906,297.741513139437,691.3401290563921,1.3712241118297401,19.59225732997237,0.06172262194180505,0.042083607769699195,15.196857757411392,1.6365846815673806,0.766856815531135,0.50032734146268,11.923688394276631,0.14027869256566397,52.62788882996251,2.0246890132357875,3.834284021913933,7.621808303123795,0.18470027622221832,0.9842887959756319,34.39165952106884,0.01800243139969314,188.72159641986144,0.050266530341409967,1.3045917711834973,24.31497241185823,0.7013934349574489,90.03553869435979,31.57439517716212
2025-01-09,235.9726706911882,297.9783798961112,717.6283401188639,1.3723149822448792,19.853525778960435,0.057092049871733275,0.042000093286699854,15.700313181272193,1.6378866582432496,0.7861855714108815,0.5007253743516719,11.933174224343677,0.13571060492084316,52.669756681060335,1.9233469668746337,3.837334367197874,7.581075746613999,0.18718704944567574,0.9850718419549284,34.41901963206412,0.018016753143050096,188.8717329325264,0.05615611274172446,1.310309304280165,24.33431606532828,0.6785530664437811,89.49880668257758,31.59951402774061
2025-01-10,236.34872275603468,298.45324584016873,718.7719709397703,1.3745019383918826,20.464026176429392,0.0571830332181424,0.04335598837220196,15.725333600684577,1.640496836184673,0.8108741593969938,0.5015233430757381,11.95219123505976,0.14061402011761376,52.75369254828114,1.9404733379355965,3.8434496410898222,7.45254259129612,0.18279821218415057,0.9842980570108124,34.473870659366206,0.018045465100250173,189.1727237419806,0.05624560455485867,1.2842746705117145,24.373095851886568,0.6796344259122173,89.6414342629482,31.649871819019875
2025-01-13,236.00028081342288,296.37516673296983,717.7123066482578,1.3724755507729773,20.433856666937547,0.057098729960876525,0.043292069918841596,15.70215020572417,1.6380783001427468,0.814358930820089,0.5007839620209615,11.934570472468584,0.1357264838206303,52.675919337166974,1.932932447729351,3.8377833567805384,7.441555527826398,0.1825287181779352,0.9828469354515567,35.639904301536944,0.018018861203933142,193.92507247490963,0.06903329672313625,1.2168581211862348,24.337163316406524,0.6786324609476123,91.94299344686411,31.603211347613744
2025-01-14,235.92850793056658,296.28503251766244,717.4940345295465,1.3720581507318026,20.422964266073507,0.05708136497960362,0.04327890384695311,15.697374836036374,1.6375801244560892,0.8796144646196735,0.5006316625892889,11.930940906751507,0.12866701256747506,52.6598994300088,1.93702328474505,3.8132221113228244,7.345716469033423,0.18013380922811809,0.9755298919884773,35.62906542173719,0.0180133812714096,193.86609558953614,0.06807654718174071,1.4363916779314077,24.3297618490619,0.6784260738706385,91.91503155768595,28.283348506498594
2025-01-15,236.80760406424125,296.50700004682307,718.0315587395233,1.5381374190338946,20.606826015607624,0.057124128562488566,0.04448190233080822,15.943250099293229,1.6388069485414618,0.8662265411068305,0.5010067202566313,11.939879196516365,0.13344570699242464,52.69935058845241,1.9197452379231954,3.839490475846391,7.35121965129238,0.18026875987416624,0.9762607286355633,36.33469048748471,0.018026876336275574,194.0113340373253,0.06344523993403399,1.4749262983412612,24.34798894975886,0.6789343295798641,92.28824558857313,28.30453751132624
2025-01-16,236.93518540207538,296.6667447471364,718.4184020051065,1.5389660986300104,20.535943915332346,0.05715490448614782,0.04450586718882533,15.951839608845212,1.6396898643742241,0.815160108470986,0.4731676421087615,11.946311869012204,0.133517601566476,52.72774263978722,1.9207795107318022,3.8415590214636044,7.448876633730891,0.18036588061336434,0.9767866942198462,36.35426599242046,0.018036588410383334,194.1158586603807,0.06839849048006971,1.475720922614805,24.361106556417045,0.679300109008323,93.88395394649194,33.391113595783146
2025-01-17,237.02957304213336,296.78492759057036,718.7045976472793,1.5395791750624213,20.95186850590743,0.06280170752114173,0.04452359694798102,15.958194327722053,1.640343066035525,0.8389182930369907,0.4733561374435285,11.951070909687397,0.13357079084394305,52.748747739493744,1.8887379715088106,3.608754655886552,7.4987111590195425,0.1804377327943276,0.9771758157880548,36.36874840611196,0.018043773628618708,194.19318840676553,0.06561372292076977,1.476308804127774,24.370811266813515,0.6795707211340468,93.92135440618848,33.4044155813277
2025-01-20,237.18519908080478,296.97978708436904,719.1764761056137,1.5405900135209345,20.965624832835292,0.06800168636105373,0.044552829718101164,15.968671967856563,1.6414200628429396,0.79726119574343,0.4736669279478764,11.958917600712846,0.13365848915430348,52.78338088062553,1.875908643249074,3.6111240488041725,7.691225258420614,0.18055620244020862,0.9778173981836387,36.39262696342968,0.018055620593436076,202.3870880237156,0.06565680279324976,1.4913474026906168,24.38681236223796,0.680016905540363,93.98302016436918,31.644233210205456
2025-01-21,237.20744805590732,297.00764504479156,719.2439379015995,1.5407345273817779,21.131748184970586,0.06800806520692035,0.0433844571981112,15.970169896843744,1.641574034988978,0.820787017494489,0.4830917740208107,11.96003939777684,0.13015337159433363,52.788332185055964,1.9417475101944544,3.611462787517066,7.5043384456639,0.18057313937585331,0.977909121592314,36.396040745800434,0.018057314287033322,200.834863377436,0.06566296167911752,1.5008677114974514,23.92007879555368,0.6800806940029623,93.99183616926241,31.647201573153744
2025-01-22,238.28032979976442,298.3510011778563,755.9481743227326,1.6961130292732949,21.22732640997681,0.07396937820740106,0.04358068371830054,16.042402467401907,1.6489988221436984,0.7773851477776876,0.4852767827513642,12.014134275618375,0.12956419597666172,53.02709213274809,1.9316842895795374,3.7455829490059536,7.632509193375478,0.18138986594264161,0.9399293308684907,36.56065888062242,0.018138986945292694,201.74323307751766,0.06831566352305059,1.545347454129456,24.02826855123675,0.6831566773539297,94.41695825511631,31.790340859421008
2025-01-23,239.36296085948226,299.706564437503,741.7530408443372,1.703819350008315,21.323773157828477,0.07335889118845801,0.04614510692589395,16.11529141798502,1.656491078612334,0.8045814036081764,0.5016801281553983,12.068720715604147,0.1372521139927823,53.26802170086508,1.9404609326672198,3.762601074004987,7.572530645084955,0.1845804277035758,0.9702304663336099,36.72677290648923,0.01822140176600111,202.6598571664685,0.06862605699639115,1.5050404973056948,24.137441431208295,0.6389322844629931,94.84594344099787,31.93478085764641
2025-01-24,239.8510860286446,300.3177463720004,728.6825381769895,1.7072938938786721,21.36725804096357,0.07350848961021193,0.046002088049427556,16.14815481222638,1.6598691074646685,0.7825097107835256,0.5074457234430843,12.093332068671156,0.1375320078039219,53.376649460190556,1.9207057719505185,3.651711945966583,7.540548050142404,0.18495683661902934,0.9722090260439553,36.80166863042829,0.018258560083175446,203.07313487955574,0.06995162356231105,1.4606847783866332,24.186664137342312,0.6402352384719046,97.05491506045925,31.999904426691213
2025-01-27,239.9250456604758,300.4103512891672,645.176593372708,1.707820348980084,21.373846773014435,0.09487891220391007,0.0460162730904542,16.153134200080906,1.660380938826822,0.6783841872662598,0.5123461386253678,12.097061125738275,0.13757441668699433,53.39310849486838,1.963993390016649,3.6528379749354283,7.6851921359327555,0.1850138692544345,0.9725088129776721,36.81301666269176,0.018264190228128627,203.13575379256207,0.07068479040485141,1.4421594259128665,24.19412225147655,0.5929931924381507,97.98619656621732,32.00977180394273
2025-01-28,240.02752663676702,300.5386678056999,647.8251583968107,1.7085498230381662,21.382976343786705,0.0939702422472729,0.04259509709990219,16.160033808908448,1.661090149735412,0.6454521792577844,0.536294817508663,11.983578937376901,0.1376331798748723,50.14119338690534,1.9031348230378187,3.654398238895677,7.688474769435682,0.18509289560992156,0.9729242079287554,36.82874088138444,0.018271991548080842,203.22252068390938,0.072613368044886,1.442775426237169,24.204456467573145,0.6834199744763811,98.02805014202691,34.88289314444365
2025-01-29,239.91935483870967,300.4032258064516,687.8557874762809,1.7789373814041745,21.373339803214318,0.09392789322918235,0.04257590101724331,16.15275106122417,1.6603415559772294,0.6451612971086882,0.5834914701487126,12.096774193548386,0.13282732504368733,50.118596549278415,1.9165085208031438,3.652751332668471,7.68500984959177,0.18500948087992658,0.9724857458805902,36.81214348867224,0.018263757016785457,203.13093558208314,0.07827324789208298,1.44686904758837,24.193548387096772,0.6831119816036333,97.98387241544488,34.86717267552182
2025-01-30,240.15290011633704,300.69564804482536,718.7967425627389,1.780669056720245,21.902229397659013,0.09401932568537544,0.04511028220418676,16.168474672741777,1.6619577862722288,0.5888079059506366,0.6172985836873071,12.108549585697666,0.13295662346783774,50.1673836158878,1.9231226718273764,3.6563070392293913,7.692490687309506,0.1851895751061921,0.973432395031356,36.847977622508175,0.018281535549934114,203.32866981981113,0.07122676509910704,1.5005104992192069,24.217099171395333,0.6837769449514276,98.07925309326329,34.9011135117168
2025-01-31,239.97627520759195,300.4744958481613,718.2680901542112,1.7793594306049823,21.88612099644128,0.09395017742686425,0.04507710500968309,16.156583267881636,1.66073546856465,0.5836299022887242,0.5883748562451925,12.09964412811388,0.13285883805081514,50.13048708226757,1.8979833926453145,3.5349939782989974,7.686833102225126,0.1850533739952006,0.9727164661049985,36.82087709329589,0.018268090055223604,203.17912797486656,0.08066429503589055,1.5088968288290403,23.72479240806643,0.6832740485031834,98.00711888576883,36.12099644128114
2025-02-03,239.68626335868817,300.1113717684415,717.4000616099144,1.7772090708750976,21.0255689099627,0.06445345247315273,0.044074786002877585,16.137058001971774,1.6587284661500912,0.5829245842863848,0.6113599023023281,12.085021681950664,0.13269827785696683,50.06990427993597,1.9004290082613378,3.530721930411666,7.677543547754532,0.18482973659149557,0.9668017164773475,36.7763789834938,0.018246013028783082,202.93358555817693,0.08056681206044375,1.5165517630784653,23.45915973555129,0.6824483103340958,93.10205774661367,35.18873960332693
2025-02-04,239.1479099678457,299.4372990353698,715.7887270663894,1.7732173255154153,20.978343899407417,0.06430868516690749,0.04243900101397244,16.100812954917984,1.655002837147721,0.5958010168636547,0.6572725485600933,12.057877813504824,0.13121808377921257,49.95744350571161,1.9198032640342073,3.5227916631667946,7.754870256539755,0.17022887001376716,0.9622659758987557,36.69377646780835,0.018205031109979074,202.47778144837872,0.0728201244399163,1.5226026237044779,23.288254208435788,0.6809154800550686,92.89294351628627,35.10970304520522
2025-02-05,240.2327514546966,300.7956299726874,719.0357439733999,1.9593872461702888,21.073507506693648,0.06460040726325898,0.04417527714303378,16.173850724170787,1.6625103906899419,0.5985037361183978,0.6602541197933193,12.112575703598148,0.13181332553201697,50.18406437519483,2.061512956935229,3.5387720267261074,7.7425480285289385,0.17100107555165173,0.935755862063997,36.86022965164285,0.01828761419849602,203.39627702507127,0.08027550160863624,1.5437596484978031,23.393896211851327,0.7030044028374238,93.0293343325095,35.2689704310652
2025-02-06,240.30694668820678,300.8885298869144,707.3790744084387,1.9599923976052456,21.08001600231246,0.07174759720890488,0.04418892055752725,16.392663689062054,1.6630238525135417,0.5986885823734946,0.6319490843463577,12.116316639741518,0.13185403571998416,50.19956358732249,2.0478950597641075,3.6111374630013153,7.934999887360759,0.16867812851428488,0.926541883343018,36.87161383356509,0.018293262278525013,203.45909541339506,0.07982514384444717,1.515727481336339,23.401121353226266,0.7032215238399155,93.05806619001977,35.27986315689442
2025-02-07,240.8390675968475,301.5547989237839,708.9454510821686,1.9643324841067642,21.12669429199114,0.06904926109082352,0.04428676978279095,16.42896259434748,1.6667063501511938,0.6000142815130154,0.5762042135036418,11.905045358222814,0.13214600517930364,50.31072241047591,2.047667892442612,3.6191337434855915,8.285911387666502,0.18333769397521693,0.9285935606484514,36.95326006529731,0.018333769752319692,209.17164694397485,0.07381128178865824,1.5238458285595922,23.45293935569894,0.7047786942896194,93.26412824282274,36.79849592889302
2025-02-10,241.67343623070676,302.59951259138916,710.2069097338367,1.9711377646103123,20.862999879300478,0.07263343771798114,0.04539589946380614,16.485879485831703,1.6724805275481438,0.602092985360184,0.5877574516526433,11.94628948248674,0.13738232620038016,50.485020082132614,2.0547618821306752,3.6316719571044915,8.31461729752486,0.17680508661937766,0.9318106024197047,37.0812818244952,0.018397285703341974,208.0565747104145,0.06928847700467095,1.5291250765440418,23.53419028049888,0.7072203464775106,93.58723472237571,36.9020874822579
2025-02-11,257.2624028690974,302.80932456664675,716.67662881052,1.972504482964734,20.628810228164227,0.07985654307637326,0.042916915406741855,16.497310221159594,1.6736401673640167,0.6025104556907385,0.6264195781372581,11.95457262402869,0.14225942106640274,50.52002463879445,2.1374774848495637,3.6341900321016465,8.368200836820083,0.17931858936043035,0.9324566874757756,36.748355516614986,0.018410041741247454,208.20083390148685,0.06455469473492792,1.5493126166344258,23.55050806933652,0.7411834798882411,93.3413015891176,36.92767410597542
2025-02-12,255.937559854434,303.22256272744687,717.6546638574986,1.5729745670516608,20.824555486720357,0.08762689060097201,0.042975483309877854,16.519823788546255,1.6759241524612143,0.5937559900099325,0.6272744410934404,11.970886803294388,0.13766519538380365,50.58896836136703,2.1308177596557827,3.6391495425361846,8.619038498371959,0.18435165220420266,0.9337291934896168,36.798505302682,0.018195747355920697,210.47212593036235,0.06464279130646333,1.4604481671692608,23.582647002489946,0.7421949589715975,93.4686826988327,36.97806860473142
2025-02-13,256.0908415782287,303.4041635723355,728.9845003952759,1.5739166259400086,21.426347517285834,0.08767937059198906,0.04360012368648924,16.52971755743478,1.6769278681455575,0.5893203742296848,0.6468150462793082,11.930143793464904,0.13774764345616536,50.61926623667629,2.1320939123997493,3.6413290394234092,8.720025279898165,0.18206645197117047,0.9342884065274254,37.611096471264645,0.018206644840143154,210.59817827801967,0.06468150605582638,1.4948613590585642,23.5967707160482,0.742639461618132,99.48973188150559,37.00021487392909
2025-02-14,256.43485978842324,303.811739870943,729.9637776764938,0.7736224493565304,21.70700646814823,0.09019598127123485,0.043658693670571645,16.55192266174107,1.679180559886775,0.590112034482446,0.6668745583490705,11.946170085892614,0.1379326859882148,54.78926137560495,2.0869815072480957,3.6462205985715297,8.68376250700205,0.18231102992857648,0.93554347767108,38.50121140883249,0.018231102635404218,224.5304291505745,0.0719648839976321,1.4776788560971308,23.628469306978193,0.7436370822156951,100.00719502398454,37.04991890715143
2025-02-17,256.43485978842324,303.811739870943,729.9637776764938,0.8132031820241741,21.455130482262156,0.09019598127123485,0.04293904697531591,16.55192266174107,1.679180559886775,0.5757190719810568,0.6572792500148111,11.946170085892614,0.14273035445348176,54.78926137560495,2.1397558174716207,3.4902967809472645,8.635785736560559,0.18231102992857648,0.93554347767108,38.50121140883249,0.018231102635404218,225.41799894620175,0.06956604976499861,1.4392976227600929,23.628469306978193,0.7436370822156951,100.00719502398454,37.04991890715143
2025-02-18,256.63801795745906,304.05243193930954,735.2235079464157,0.7922408297681577,21.13122308615413,0.0816248148020067,0.042853026518975344,16.565035770874346,1.680510875306093,0.576175180142947,0.6529985184160536,11.955634329730769,0.13804196189539325,54.83266766612675,2.155855270138841,3.4930619366050952,8.546597799520116,0.18245546417229003,0.9915014439047674,38.53171364094685,0.01824554605949238,224.15614639819256,0.06505977765742373,1.3924233424724788,23.647188745378596,0.6577999734807565,100.18245253588341,37.079271366073414
2025-02-19,256.3795088257867,303.74616270145816,734.4829240214889,0.7410782603053798,21.109937798126058,0.08154259487151734,0.04065137982642934,16.548349961627014,1.6788181120491175,0.5899846599546653,0.6475441403692719,11.511895625479662,0.15589024754368336,54.777435220760836,2.1584804297774367,3.489543407217686,8.585955304360262,0.17987336914811972,0.9833077284709728,38.492900997697625,0.01822716748757904,223.9303559590923,0.0604374530058317,1.434190334582091,23.503453568687643,0.7194934765924789,100.08153966638736,37.041921754662845
2025-02-20,256.441011370724,303.81902797102146,725.0635705032865,0.7592476999119675,21.115001833485202,0.08156215601791458,0.03934174651680493,16.55231972364823,1.6792208415295304,0.5757328828305502,0.6333061711136053,11.514657199059638,0.1463321053363515,54.79057570802773,2.0150649183251628,3.4903805092200892,8.588014977944766,0.18231540336402074,0.9835436128754423,38.50213500935566,0.01823153997894007,228.68588681882858,0.057573284708434966,1.4393321498824547,23.509091781413428,0.7196660749412274,100.10554809599597,37.05080769280867
2025-02-21,256.1644820397307,303.49140926409626,724.2817090412403,0.7548345583301219,21.84227589223333,0.08147420468627128,0.04049747184624893,16.534470777120127,1.6774100788382738,0.575112049883164,0.6709640201088601,11.502240540605307,0.14617431029812725,54.73149310979473,2.156670101363495,3.4866167095767806,8.62668040545398,0.18211880627429414,0.9824830233238045,38.46061680764899,0.018211880270352872,228.4392868114756,0.055114903590214745,1.4377800675756633,23.483741103735834,0.7188900337878317,99.99760077471635,37.01085450821744
2025-02-24,256.8970489281938,304.35931942708834,726.3529751033356,0.7461789914143724,22.238777495801052,0.07930405006080501,0.03941170924972436,16.58175526290493,1.682207055657022,0.5767567277149456,0.6921080732579348,11.054503508603288,0.14659233257356405,54.88801160638383,2.1388060219480614,3.4965875686664574,8.555224087792245,0.1826396208937943,0.9420359695025342,38.57060463327886,0.01826396173128174,229.09256651758358,0.05527251854568998,1.441891761991733,23.55089877919831,0.7209458809958665,100.28356911298874,37.11669637321979
2025-02-25,257.894863815107,305.5414827145304,729.1742056886444,0.7237461098646595,22.67737810909266,0.07961207524861205,0.040891653596844414,16.64616052688717,1.6887409230175388,0.5982967887562389,0.641721571453207,11.097440351258111,0.14716171245690446,55.10120235856417,2.1471133672360794,3.5101686788581365,8.588453468944317,0.18334901219832014,0.9456949352956371,38.72041687775928,0.018334900860343433,229.98238589972948,0.06103591980374721,1.447492219729319,23.642372922245542,0.7237461098646595,100.67308093724367,37.26086148663293
2025-02-26,257.9508710969548,305.6078374595821,729.3325611698277,0.7347618542285472,22.684716504085344,0.07962936468148783,0.0410211866676655,16.432604235828652,1.6891076685488153,0.5791226522290024,0.632208842613552,11.099850393320786,0.14719367171109377,55.11316874100777,2.1668837271937478,3.510930985650998,8.63857903505153,0.18338883028407338,0.9459003127971491,38.60817528111578,0.018338882668840685,221.77983098931944,0.06104917503462975,1.4478065730418417,23.647507359683416,0.7239032865209208,105.52096611962955,37.268953464659575
2025-02-27,258.30614957110066,306.02875437960614,718.2554065482664,0.7249003262051469,22.887519927679868,0.07973903905111077,0.040956866817513544,16.455237036153463,1.691434094478676,0.5944182767058047,0.6040836051709557,11.115138335145586,0.15464539946717054,55.189076693605024,2.1698681991630613,3.5157666281828837,8.408843599628018,0.18364141366757447,0.9472031113432272,38.661350730941166,0.018364141006695558,222.0852907057962,0.06113325871173435,1.4594659808754447,23.680077322701464,0.7249003262051469,103.68491146635633,37.3202843900549
2025-02-28,257.86997949583883,305.5120009649017,690.1459413822216,0.7149921569529754,22.930888326762453,0.07960439346593218,0.03980219673296609,16.427451085302398,1.6885779761186828,0.5934145550951568,0.6030635628995296,11.096369557351345,0.15679652060261537,55.09588563417787,2.1469061919021284,3.5098299820853605,8.394644611521057,0.18091906886985887,0.9649017006392473,37.81208539380051,0.018333131722641314,221.71028237509046,0.06392473421659275,1.4570015587632439,23.64009166566156,0.7236762754794355,104.4264850793594,37.257266179771364
2025-03-03,256.96497680344226,304.4397971202615,699.9831734814068,0.6966178702212323,23.557126030624264,0.07932501937766445,0.03882118384513324,16.369798436124395,1.6826518593303046,0.5576788859024537,0.600947092617966,11.057426504170573,0.15624623834959306,54.90252491442138,2.1441792448003523,3.485493137184202,8.557486232090838,0.1754765556293085,0.9615153481887455,37.679382707146466,0.018268791028150662,220.93218326144503,0.06490228858172546,1.456695738751362,23.557126030624264,0.7211365111415591,108.17047667123387,37.12651064835994
2025-03-04,256.76746811423635,304.20579828501434,677.5874906924796,0.677347280580981,23.64950858320867,0.0792640484983119,0.03867124599483084,16.357216264530805,1.6813585376984606,0.5572502421739481,0.6004851920351645,11.048927533447026,0.1561261442024697,51.377511564500374,2.1377271920184167,3.482814113803954,8.550908768073667,0.18014555761054935,0.9607763072562632,37.65042154060481,0.01825474925088501,219.15308154926683,0.055244638669402914,1.4555760917492233,23.539019527778446,0.7205822304421974,108.0873345663296,37.09797443091831
2025-03-05,234.15620331240825,304.72547038159854,678.7450074587364,0.6727298984203592,24.373226276829268,0.07939945457702273,0.04030123771048678,16.385159153582862,1.6842307877387999,0.6255714125000165,0.601510995621,11.067802319426399,0.15639285312500412,51.46527931680005,2.160627386130679,3.4887637746017996,8.565516210509863,0.18045329868629997,0.9624175929935999,37.7147394254367,0.01828593367889167,219.52745883597095,0.055339012601011775,1.4676868063694164,23.579231028343198,0.7218131947451999,106.13060153590193,37.16134857519902
2025-03-06,233.44847730930513,303.80445212051427,675.0143926309729,0.6635002956306195,24.227595471118786,0.07148340238625338,0.04017942913364161,16.33563578826547,1.5232200884265419,0.6236806526176761,0.5996929572059105,11.034350412588754,0.15592016315441903,51.309727954443574,2.158894645941278,3.4782191517942813,8.539627344588633,0.17990788716177317,0.9595087315294569,37.60074841681059,0.018230665312850117,218.86394751824565,0.05900978861901015,1.4440606363765385,23.507963922471696,0.7196315486470927,108.25656970662271,37.04903016413409
2025-03-07,235.12782395698568,303.43323989554136,672.9916864323535,0.6741895807952103,23.5008017292917,0.06756271239014082,0.04013033474024896,16.31567562091116,1.521358898064776,0.6133352362968785,0.5750018197291339,11.020867773545126,0.14854213200325153,51.24703368467965,2.1514649469887464,3.473969189487051,8.529192954819496,0.1796880615251923,0.9583363281343589,37.55480485876519,0.01820838964905953,218.596522296668,0.05750017840283236,1.4422961692725063,23.479240039291792,0.7187522461007692,108.53158916121613,37.003760738935334
2025-03-10,234.63874728973906,302.8020848276192,666.0928608999187,0.6670491947241016,23.812938955224286,0.0674221788469394,0.04004686180182784,16.281738266657364,1.4345144168698896,0.6120594708505573,0.5738057895489485,10.997943862669153,0.1482331575499382,50.088461722373644,2.103954523677823,3.466743174102233,8.511451841945464,0.1793143021087362,0.9204800613571865,37.47668914072587,0.018170515362743167,218.14183149573532,0.058815092716236195,1.4345144168698896,23.430402142208198,0.7172572084349448,110.21852436283652,36.92679121796064
2025-03-11,234.33060920562127,302.4044316038299,642.2960292256631,0.6561447688784692,24.211456633289295,0.06733363702996793,0.03641269396057369,16.260356360669775,1.408753395422132,0.5969293951911367,0.5730522421545405,10.983500871516917,0.14684463349412458,50.02268331701726,2.1011915166149,3.462190492108593,8.309256998892229,0.17907881855734104,0.8858432315720667,37.427473078484276,0.01814665303030242,217.8553578983459,0.05061961211446835,1.427855117851409,23.39963229149256,0.7163152742293641,111.93619727154766,36.87829730623485
2025-03-12,233.85041208903723,301.7847356256106,640.9798174756356,0.6562298826462666,22.97519435960286,0.06719565497777033,0.039197464220137576,16.22703516432461,1.4058665368902785,0.5957061500702934,0.5528152913581619,10.960993161293398,0.14654371518973078,49.92017537589058,2.1207138033526993,3.4550956704077014,8.292229427183393,0.178711845021088,0.8840279357940698,37.35077560940739,0.012748111703822097,229.03710348774783,0.05075416387236706,1.4011008922345933,23.351681082755498,0.714847380084352,111.70681435245997,36.802725224162366
2025-03-13,233.8002726353303,301.72003049361535,640.8423861254049,0.6560891815565053,22.889270495296046,0.06813417508848875,0.039308177662595506,16.223555954383716,1.4055651075298816,0.595578425767105,0.5479321403459796,10.958643034114731,0.1477034507262177,49.9094720792834,2.120259104852838,3.4543548694492086,8.528682875228832,0.17867352773013148,0.8838383929261893,37.34276729559748,0.01274537840371407,228.9879960470343,0.050743281761759775,1.3960358618054134,23.346674290070514,0.7146941109205259,111.68286349174974,36.794834416867296
2025-03-14,234.88584184913657,303.12096117945526,643.8179120195299,0.6591355005747898,22.995548760484102,0.06845053213140596,0.04236274019263884,16.298884321985806,1.4120913540202553,0.6127040215354795,0.5456895245296468,11.009525633047723,0.14958594610119189,50.141209133119524,2.1301037811809564,3.4703939495476517,8.472548352371572,0.17950313532143028,0.8879421851866767,37.55205444844296,0.012804557078988605,230.05122114954554,0.05576563959380539,1.4360250825714422,23.45507634866689,0.7180125412857211,112.2014235299815,36.96567827012641
2025-03-17,234.97582349616016,303.23708279461766,668.1271847914572,0.6593880066325689,23.966862633271347,0.07422305281429531,0.04429440271612934,16.305128208140857,1.412632307467182,0.5842072636164486,0.545898570940423,11.013743236125078,0.14964325049082988,45.16831726679222,2.1117654778585977,3.4238376168976834,8.475794073140571,0.17957190058899586,0.9098309515673717,37.56644014185807,0.012809462334777139,233.87444040438845,0.05866015533409271,1.4365752047119669,23.464061676962125,0.7182876023559834,112.24440640544194,36.97983933061394
2025-03-18,235.00958439034062,303.28065134099614,673.1321839080459,0.6537356367513137,24.741379237266337,0.0742337170460215,0.04430076685445062,16.307470898975357,1.4128352718791741,0.5842912014416808,0.5459770046431442,10.775862068965516,0.1496647509578544,45.17480696754894,2.1072797391606475,3.089080368422,8.477011859645332,0.17959770114942528,0.9099616744052405,39.343870462585684,0.012811302774767766,233.9080430538718,0.058429119430510934,1.451149411585139,23.46743295019157,0.7183908045977011,110.3208841491933,36.985152525920064
2025-03-19,234.4593684395008,302.57059582397625,648.0242725404939,0.6565053052080646,23.938075624311285,0.07405991743135978,0.043002534080117866,16.269291049290718,1.3856371997550916,0.6068135032378582,0.5446987365353745,10.750633092837688,0.14931434851163455,45.96492758767365,2.1023460726109375,3.105738449041999,8.40938429044375,0.17917721821396146,0.9078312275589574,39.25175666581246,0.012781308325154136,233.36040608556755,0.058292322313969525,1.4477519094986717,23.4124898466243,0.7167088728558458,108.89196516626899,36.898561075121165
2025-03-20,233.6054900892772,301.46866296922235,645.6642307966961,0.6498298110193725,24.136536032438862,0.07379019837285135,0.04046559277049804,16.210039864350072,1.3924924197549613,0.604603547131234,0.5427149964032683,10.711480326581134,0.14877056009140463,47.190021660993544,2.094689531488149,3.094427649901216,8.426364886786534,0.17852467210968553,0.9045249940054472,39.108805563247195,0.012734760036045366,232.51053004997945,0.05808002731232621,1.4472399904087154,23.327223822332243,0.7140986884387421,108.49539115778457,36.76418008336916
2025-03-21,233.62217301801144,301.49019234431535,645.71034088745,0.642734728547828,24.138259742401186,0.07379546809754946,0.040468482619534216,16.211197503837624,1.3925918645573625,0.5617977278365609,0.5713197713215177,10.474195391354028,0.1487811845362788,47.193391734907635,2.085317136945781,3.0946486383545992,8.426966655370146,0.17853742144353457,0.9045895906294715,39.1115985173676,0.012735669488533182,232.52713478217692,0.05189487591763266,1.4473433450071544,23.09083984003047,0.7141496857741383,101.05218053704056,36.76680559613459
2025-03-24,234.42016586983462,302.5200047772603,647.9159202197541,0.6434969558633814,22.467454331444824,0.07404753430889426,0.039412398556434,16.26657075698581,1.5048370215537714,0.592380274471154,0.5732712517299491,10.509972530753613,0.15287232430308978,47.354592141406904,2.125880716237973,3.105219156813568,8.455750991491438,0.1791472590469366,0.9076794344479361,39.245193610834306,0.012779171237890886,233.32138726692196,0.052310998872888856,1.4331780723754928,23.169712170070465,0.6879255020759389,101.39734862056612,31.506029833150457
2025-03-25,235.32515452092426,303.6878956455016,678.8317667370037,0.6488586441697165,23.520524730934834,0.07433339784773302,0.03836562354299859,16.329368519595505,1.5106465065065373,0.5850757858288076,0.5754843888757509,10.550546710147708,0.16545175465562398,47.53740648379053,2.105313574949931,3.117206982543641,8.44043755105972,0.17983886437751775,0.9111835680789095,39.39670128806777,0.012828505751829608,234.22213403821428,0.05275273326489236,1.438710915020142,21.58066372530213,0.6905812666509011,101.78879723767504,31.375888668596687
2025-03-26,235.19544285811645,303.5205023126513,678.4575934047499,0.6470630641272356,22.86768714955432,0.074292425140601,0.03834447633995287,16.296402808732957,1.5098138353427908,0.5847532909675891,0.5751671808103702,10.544731229180147,0.1557744328991162,47.511203776931005,2.1089462915462085,3.1154887722577707,8.387854386847845,0.17973973686102523,0.9106813220016499,39.374985753051455,0.012821434655601935,234.09303036234783,0.05200469545575607,1.4379178948882019,21.56876842332303,0.6470630641272356,102.30785675856984,31.358594220412595
2025-03-27,219.74240139213305,302.63566632416547,642.6676862051662,0.6437429820836928,22.80102228701888,0.07407584467590284,0.040622237517775654,16.248894836196804,1.5054123612833912,0.5734904287718778,0.5734904287718778,10.991899448015484,0.15532031259006002,47.37269707758848,2.121914529484795,3.1064063657435064,8.363401753924824,0.17204712863156335,0.908026464746179,39.26019810551215,0.012784057059291785,233.4105923183275,0.052569953596957424,1.4480632614350502,21.50589022437812,0.597385839566059,99.11825558387746,31.267176301349046
2025-03-28,218.05768344491563,302.35389610389615,627.7454163483576,0.6445760236066931,22.779793298545005,0.07400687604664481,0.040584416011301416,16.233766233766236,1.5040107407216539,0.5729564780766405,0.5729564780766405,11.45912910618793,0.1551757009544839,47.32859052711994,2.1056149004068514,3.103514132925898,8.355614973262032,0.17188694342299216,0.9071810428562559,35.9410817063975,0.012772154408763893,217.38922259022573,0.05466959562303458,1.4467150359958798,21.48586707410237,0.5968296409472881,97.90393575809675,31.238064864284674
2025-03-31,218.1931165290866,302.5416845826764,618.460656442597,0.6449763622578271,22.230184310017137,0.07405284085427973,0.040609622518785374,16.243848836653765,1.50494486425275,0.5589794835816042,0.5733123346632821,11.466246237637952,0.15527207877266783,47.35798576274425,2.1451434576074546,3.1054416893602785,8.408580756518907,0.17199370039898462,0.9077444824223123,35.96340429309584,0.012780087044916675,214.60991457982476,0.059720032487697666,1.428503181662005,21.738091825521952,0.5972003248769767,94.09488172960783,31.257466462069566
2025-04-01,218.16184781075344,302.4983280787236,613.7145313843508,0.6448839322832989,22.19833821567934,0.07404222852397674,0.040603802853764054,16.241520970669725,1.4330753797649758,0.5588993776080328,0.5636762909849587,11.464603038119806,0.15524982711334243,47.351199006401075,2.216489856924427,3.1049966561574474,8.407375743512816,0.171969052405233,0.9076143957954247,35.958250466169346,0.012778255562107144,214.579159361341,0.059711474156873987,1.4378522931419018,21.734976593102132,0.5971147415687399,95.06066685774339,31.252987031507505
2025-04-02,218.34437511392022,302.75141634594695,614.2280018167476,0.6439891965008596,21.40415483363071,0.07410417669882288,0.04063777443361445,17.56986111443119,1.4342743766882604,0.559366986390962,0.5976143236201086,11.474195013506083,0.1553797184419339,47.39081586307461,2.175316229165904,3.1075944828245645,7.6972726706044154,0.17211293204174444,0.9083737605039763,34.42258504051825,0.012788946618083856,214.75868917219958,0.059761432362010855,1.439055286717786,21.75316137977195,0.5976143236201086,94.16011137056495,32.713409533984084
2025-04-03,218.66322522600368,303.19352676433977,595.7339844872163,0.6449296192957115,21.193622230033725,0.07421239164612319,0.04069711811455984,17.81097422337425,1.3884899431999578,0.5601838346665976,0.5984870248013023,11.012161256343962,0.15560662074072157,47.46002106674327,2.1258259394907877,3.112132528966772,7.804270438121491,0.1723642699919155,0.9097002662827454,34.2573987607765,0.012807622423496647,201.09164033323756,0.052666857897133754,1.4411567511554424,21.784927702767405,0.5984870248013023,92.88518624916212,32.76118119877325
2025-04-04,216.3019855105765,299.91948470209337,580.4205740267121,0.6365444642797139,20.370369575415932,0.07341100747944154,0.04025764937674987,17.6186420209053,1.37349630357461,0.5683433019246547,0.5920242493132518,10.893246187363834,0.16339869224585918,46.94752297054087,2.112342539616829,3.0785260964289094,8.288339490385525,0.17050299057739637,0.8998768476641763,33.08231432893866,0.012669319027050817,195.3680022733731,0.05138770311836538,1.4208581983518043,21.549682675002366,0.5920242493132518,88.519462866574,32.407408852779106
2025-04-07,213.61085697241873,300.9822263797942,530.8699719363892,0.6286248745931656,19.87839101964453,0.07249766192333625,0.035313375370874936,17.39943908463024,1.3564079024169466,0.5378858634977278,0.5846585594013096,10.28999064546305,0.16136576183718762,42.64499675012059,2.193638941637259,3.0402245088868103,7.951356407857811,0.16838167179846342,0.8886809991385136,32.67071958565065,0.012511693261793778,183.7230999967113,0.048877457043520194,1.3564079024169466,21.28157156220767,0.5846585594013096,85.54723755682151,32.00421096901675
2025-04-08,213.29161788110932,300.5324117317392,581.099383523258,0.6276854015879825,20.31104132190678,0.07238931495987899,0.03549411430796262,17.373435813067182,1.3543807656302222,0.5370819989529899,0.5791145196790319,10.274612366897067,0.1611246024695998,42.5812642685213,2.1249767376867474,3.0356809265832245,7.9394731926022795,0.16345973941693234,0.8873528750972082,32.621893552270265,0.012492994672947457,183.44852783157518,0.04880441021812356,1.3683915873142174,21.24976648608257,0.583784793573697,86.37679663190836,30.310107194974268
2025-04-09,213.027969404124,300.16092543788045,580.3810900949227,0.6269095234648823,19.82181539374712,0.07229983496610905,0.038482171457077434,17.351960614287126,1.5043029617895693,0.5364181151471148,0.5783986797288724,10.728362525363249,0.15392868582830974,42.52862982566775,2.0990274506145488,3.0319285397765703,8.022949722666908,0.16325768782309188,0.8862560235828729,32.58156982723656,0.01247755215790055,183.22176821744466,0.04874408338225444,1.371364627758686,21.22349977843599,0.5830631807262635,84.84735121229768,30.272641055054645
2025-04-10,214.0764582497158,320.38812196779713,632.8075561909673,0.6299950696698563,20.749056361894876,0.0726556829362706,0.038671574415007126,17.437364128220615,1.3476457215178006,0.5390582774313366,0.5812454634901648,10.781165772142405,0.1546862976600285,42.73794879028655,2.2171701872986085,3.0468511964750276,8.062437369835916,0.16406121547778635,0.8906180308707629,33.07005557070233,0.012538964630142778,184.1235558126743,0.04898399379335138,1.3593644246689158,21.327958375325192,0.5859329223990437,88.73368319861149,30.4216380462085
2025-04-11,213.58588200960187,319.6539226002572,589.0330878054483,0.6285513770046477,20.348414975579654,0.07248918563876669,0.03858295488285068,17.39740477630747,1.3445574652168828,0.5658833336359044,0.5799134851101335,10.756459721735062,0.16134689526851728,45.235589137903,2.174675597038434,3.0398690517946916,7.950426750847655,0.16368525384755547,0.8885770962975058,32.468141261198554,0.01251023041913485,183.7016194518736,0.05612065816335367,1.35624931386294,21.27908336256284,0.5845902022682099,85.06956337962556,30.351924015376547
2025-04-14,213.21195714613972,319.0943043884221,588.0018674136321,0.6274509719328609,20.957049201516543,0.07236227880116382,0.03851540769292972,17.36694713489237,1.4472455203700132,0.5648926415251974,0.5788982304093105,10.73762838468721,0.1610644252137755,45.15639517932824,2.1708683918615463,3.0345471521942113,7.843136898721077,0.15172735204438426,0.8870214641261168,32.41129927719786,0.012488328755235806,185.29411479761177,0.056022407711387015,1.3678805166933719,21.24183006535948,0.5835667600373483,87.48832581535218,32.44631185807656
2025-04-15,213.53594960001462,319.5791934541204,608.8836937463471,0.5610754168012698,20.988895097439364,0.072472239014421,0.0362361195072105,17.39333758641237,1.4494447245505873,0.6031560312579906,0.5376972419208146,10.753945061367622,0.1519579137716288,45.225013897894144,2.2162477012826014,3.039158386908241,7.668030213222805,0.16364698727739826,0.88836936348715,33.243716411044346,0.012507305759773277,184.73407649492256,0.056107538196512444,1.3793103671227194,21.274108708357687,0.5844535359438925,89.30450029222678,32.495616598480424
2025-04-16,196.81680972803989,318.55148789411135,570.5730198308205,0.5173257587701232,20.511266199768464,0.07223918215556727,0.03635262116809611,17.780160569467952,1.3981777083867362,0.5965558089109457,0.5359681104365307,10.719362430964976,0.15146924618603735,45.079578903419055,2.2417448991119433,3.029385034837928,7.78318959892781,0.16312072986718967,0.8855125375332148,33.13681097761569,0.012816628924096842,184.14000703913297,0.055927107085401155,1.3748747688037266,18.17631020902757,0.58257404516114,88.99400971651583,33.28828236280746
2025-04-17,196.9774652702872,345.16535286160735,571.0387611362471,0.4664396660291991,20.852186123911885,0.05877139886494609,0.03684873531222694,17.794673970744395,1.3993189980875975,0.597042759172429,0.5364056048127908,11.19455198470078,0.17258267865496132,45.116375984943836,2.238910485906462,3.0318578291897946,7.882830177960853,0.16325388033002264,0.8862353543346901,33.16385954294561,0.01282709074629805,184.29031489505837,0.05597275867241522,1.3666682526037606,18.191146975138768,0.583049582536499,88.36699330577088,33.31545456959644
2025-04-22,196.862684564235,344.964221616204,570.7060112346455,0.4778220526108394,21.33650348822398,0.06293266455232409,0.035661841162384224,17.784304839232178,1.305270005508372,0.6013565307102194,0.5500780586662529,11.188028809174183,0.17597836869953812,45.09008622899149,2.2329440653814543,3.030091135818008,7.691769806307251,0.15150455123374637,0.8857189362786481,33.144534635862804,0.012819616274380993,184.18292711629286,0.05594014279551126,1.3845185784724747,18.18054681490805,0.5594014626873253,90.90273407454023,35.42875789571825
2025-04-23,208.43069445742591,345.826712776895,579.142910552388,0.4509767145405908,22.030095985441832,0.06309001091897282,0.03575100409827485,17.548368649902116,1.285166838022245,0.5654734265571421,0.5514533823478421,11.216001495466866,0.2032900282195466,48.13533975137863,2.3600337371412574,3.0376670716889427,7.71100102813347,0.15188334801339892,0.8879334405823638,33.227403717226416,0.012851668310584347,184.64342747149996,0.05608000622384848,1.3552668919372985,18.226002430133658,0.5374333938490242,95.35938080743892,35.517338068978404
2025-04-24,215.9672677482101,359.67270601987144,579.427235534775,0.46756282875511396,22.04091146213837,0.06312098439014285,0.03740502546434163,17.5569838630324,1.2857977790765636,0.589129159772417,0.5657510406297943,11.221507890122735,0.19520747598885516,48.15897136177674,2.571595558153127,3.039158386908241,7.668030213222805,0.1519579137716288,0.88836936348715,35.40619449403675,0.012857977721093344,184.73407649492256,0.059146695775222115,1.3559322479800966,18.234950321449446,0.5610754168012698,96.10754087750219,35.534774985388665
2025-04-25,216.18964868432022,360.04306007348293,584.7043130280124,0.46804427698860307,23.154150953969307,0.06318597990424657,0.03744354132215986,17.5750622438326,1.2637195701873187,0.5710140313169499,0.5850553462357538,11.233062647726474,0.19540848062117147,48.208560529826116,2.539140291935533,2.972081114241449,7.722730570311951,0.15211438444177341,0.8892841151193007,35.957500151291654,0.012871217547442552,184.92429669491264,0.059207598974634935,1.4041328309658092,18.25372680255552,0.561653154704414,96.86176169443362,35.57136505113383
2025-04-28,216.05818644735805,359.8241223659284,584.3487616062868,0.48179244165389085,22.782235344413635,0.06501859277755152,0.03905793103081731,17.540987440652994,1.2863390789812195,0.5706668047852888,0.5846995813550998,10.992352129475876,0.20347545542680068,48.179245503660226,2.5142081998269292,2.9702738286748693,7.671258328942758,0.15202188557619623,0.8419673748468248,35.93563484259522,0.012863390720110574,184.81184652969836,0.0591715955699681,1.3565030733528693,18.476506770821153,0.5613116204054147,98.20614025691336,35.54973454639007
2025-04-29,218.01080643713735,363.4683325144475,584.5675112889263,0.477293456365791,23.314850266928456,0.06551086806394163,0.039072552281992835,17.547553870990384,1.2868206172059615,0.5708804326572751,0.5849184623663461,10.996467092487308,0.20121195440095338,48.19728129898692,2.4917525604291604,2.971385744195301,7.9080974326900515,0.15207879463703286,0.8516413057495554,35.94908726901205,0.012868206102331902,184.88103044080188,0.058491846236634615,1.3757282502610886,18.48342341077654,0.5615217461845609,95.92662782808077,35.563042511873846
2025-04-30,218.0159072983081,363.4768366869443,584.5811885821245,0.4726251710169662,23.561066202209215,0.06551240084045225,0.037435656626982054,17.547964436125408,1.2868507253158634,0.5708937897099811,0.584932147870847,10.996724379971923,0.20121666221457996,47.262517547964435,2.3865231186862745,2.9714552665571214,7.955077211043519,0.15208235286807256,0.8656995900055489,35.949928380085254,0.017664950056839167,200.44455128849586,0.0584932147870847,1.3570426276871463,18.483855872718763,0.5615348842694038,95.46092653252222,35.5638745905475
2025-05-02,218.00570581464805,363.4598287398811,584.5538346357213,0.47260305575932654,24.09807683309157,0.06550933535915326,0.039071638133092876,17.547143325066678,1.345280988255112,0.5708670762295772,0.5849047775022226,10.996209817041784,0.20120724680761656,47.260306022179584,2.3115437074635996,2.9713162250865977,7.954704974030227,0.15207523657249122,0.8703383156170111,36.32258668288802,0.01766412347174456,200.435172010442,0.059192361419332866,1.3569791284298496,18.482990969070233,0.5615086087144803,98.05343832846278,35.562210472135135
2025-05-05,218.16393617404623,374.9619535950926,605.2305026808083,0.468263445014165,24.227951430997543,0.07211257014143194,0.03909999665389843,17.55987918803119,1.3462574044157243,0.5712814163144059,0.5853293062677063,11.004190957832877,0.18730538079673364,47.294607946430666,2.289808183599352,3.195897922907512,8.194610287747887,0.15218561404746836,0.8709700144249092,36.34894991922456,0.017676944239875116,210.4141818751683,0.05923532372890183,1.3907424450891948,19.901196413102014,0.561916156345539,98.1246063317449,35.58802182107654
2025-05-06,206.83849207494794,374.5497918518172,604.5652275597548,0.4981524192995271,24.20131983650629,0.07904953447849825,0.03905701756594452,17.540577201927125,1.309696408773228,0.5238785746612898,0.5846859067309041,10.992095046540998,0.19177697573493677,47.24262126385705,2.2872912046801046,3.1923849615347475,8.372702005954569,0.15201833017403574,0.8700126359067846,36.71827494270078,0.0176575135747534,210.18289260653708,0.05846859067309041,1.356471348223692,19.87932082885074,0.5612984927656652,98.01674683182459,35.54890312923897
2025-05-07,206.75628858306547,376.271186440678,604.3249561659849,0.6008182193437284,23.66802989217289,0.0790181179481386,0.0369374651716579,17.533606078316776,1.3091758982191861,0.523670370435241,0.5751022882868434,10.987726475745179,0.18234949652595453,47.22384570426651,2.2630041625191772,3.2028053323822645,8.369374456355477,0.1519579137716288,0.8696668681730519,36.703682057276446,0.01765049597730698,209.58503798947984,0.058445353594389245,1.3606078718086212,19.871420222092343,0.5610754168012698,97.97779219252266,35.534774985388665
2025-05-08,207.05640540679946,376.8173623955236,632.1260506169082,0.6461732939534233,23.4097342410436,0.07913281659521992,0.03792756314865197,17.559056961580783,1.3344882844251484,0.5618898450980806,0.5384777356580629,11.003675695923958,0.19432022646751562,47.29239341652424,2.2897009652731466,3.2074543603270986,8.521996002593802,0.15217848808515957,0.8475171225526378,37.17837732113357,0.017676116531952942,213.28401189333457,0.05946667480772404,1.34385310587366,20.368506075433707,0.5618898450980806,98.12001173027313,35.586355442137055
2025-05-09,211.29180009718968,378.7860958791273,634.2519592384269,0.6260149410064927,23.53204157675026,0.07954625674217194,0.040008472803214644,17.65079663928832,1.3179261266227125,0.5836530133612968,0.5412910857161009,11.061165893954014,0.19533547888039807,47.53947894848321,2.3887410554070914,3.2242121412217024,8.378244445675811,0.15297356526279496,0.8613588961970037,37.502060696033425,0.01776846780328319,213.268695066492,0.0597773665261424,1.350874248927576,20.474924101574448,0.5412910857161009,98.63265305676863,35.772281188957656
2025-05-12,211.19239439038572,378.60788972266,633.9535649596575,0.6351297423452085,23.520970540276522,0.07950883289575941,0.03998965015834474,17.64249253134483,1.3173060865734911,0.5598551232483164,0.5410364264111134,11.055961986309425,0.1834819155959094,47.5171132177554,2.3640940440673854,3.2226952575251433,8.562490067483452,0.1529015963299245,0.860953655719858,37.6373174002023,0.017760108335002845,221.4250400585657,0.05974924327967625,1.397285421942664,19.759591635106208,0.5410364264111134,102.3264566818,31.34482839735598
2025-05-13,211.20233075183344,352.74882965960154,667.7409489755112,0.6351596244756913,25.124092086795226,0.07951257369572629,0.03999153162580615,17.643322590510245,1.340892472009489,0.5598814637937656,0.583405871479801,11.056482156719754,0.18349054821091312,47.51934884377426,2.3430332489936188,3.2228468816639153,8.609941065214683,0.15290879017576092,0.8704039256824946,37.639088193088526,0.017760943927857775,221.4354578543294,0.059752054413472845,1.37853163648037,19.760521301371476,0.5645863453309727,102.98995219670394,32.11084711472865
2025-05-14,211.25202658720644,352.9494811642627,679.5454010682604,0.6117790782447983,22.28758352448366,0.07953128297681424,0.040000941619365,17.647474058213135,1.3059131251876193,0.5600132037085385,0.5882491352737711,11.059083743146896,0.1776512377306827,47.53053013012071,2.315348632341441,3.2236052164204185,8.61196698136923,0.15294476956119957,0.8706087314251431,37.64794465752135,0.017765123071820654,221.48756154097006,0.05976611405120866,1.3741500159034072,19.765170945198708,0.5882491352737711,104.42598362148962,32.1184027859479
2025-05-15,211.63048058670267,353.5817834665158,680.7627937675318,0.6223039636292046,22.30629546553001,0.07967376176205426,0.040072602547707455,17.67908917332579,1.320038635794868,0.5610164567430209,0.5893029724441929,11.078895881950828,0.1767908917332579,47.615680173490794,2.3053531652573347,3.1822360511986423,8.627395156900995,0.15321876721545907,0.8768828297409965,37.71539023642835,0.01779694895291012,221.8843523072316,0.06364472355298684,1.3671829410307765,19.800579874124885,0.5893029724441929,102.96301246799348,31.221270760729364
2025-05-16,211.20729928318642,352.87475298767293,673.0497788651548,0.6210595899369942,23.357956364808352,0.0795144442277131,0.039992472425929085,17.643737649383645,1.3173990553854729,0.5410746100301789,0.5881245883127882,11.056742260280418,0.1646748819231841,47.52046673567329,2.2772184777396682,3.1758727768890562,8.657193760482862,0.1529123873525318,0.8751293941399806,37.63997365201845,0.017761361753771198,221.44066711982893,0.06728145604390713,1.3644490897560138,19.76098616730968,0.5881245883127882,103.22762486895849,31.205889220025497
2025-05-19,210.79570514732424,346.317297081543,671.7381606442675,0.6104575860234717,23.31243711477245,0.07935948898198278,0.03991453635466163,17.60935408889202,1.3148317495791524,0.5400201808636295,0.586978469629734,11.035195229039,0.16435396869739405,47.427860346082504,2.2399098311504844,3.1696837360005636,8.640322893818071,0.15261439650586792,0.8734239695264796,37.566622056302975,0.017726748971127845,221.00913051888162,0.06574158887842335,1.3993566805538664,19.72247657955906,0.586978469629734,103.02645812330509,31.14507616550078
2025-05-20,210.81055409809542,346.34169249553867,671.7854794777871,0.5799755866934887,23.231896882080928,0.07936507925311422,0.039917348029524596,17.610594533671456,1.2679628288173739,0.5400582211694103,0.5870198177890485,11.035972574434114,0.16553958469773164,47.43120127735512,2.3152060807451034,3.1699070160608622,8.734855067845274,0.1526251470268954,0.8734854955880129,37.56926833849911,0.01772799768548197,221.02469892762485,0.06950314732194451,1.3947591005025968,19.723865877712033,0.5870198177890485,97.93838783307872,31.147270098733067
2025-05-21,211.3962768525945,352.24864610313165,673.6519896397457,0.5980692163534324,23.296445123947787,0.07393454449974511,0.03979279485791887,17.659524370143632,1.3185777971821446,0.5415587361234482,0.588650812338121,11.066635271956676,0.165999525149682,48.74028726159642,2.3122203190073507,3.178714386625854,8.806216511862234,0.16482222464776808,0.8759124154956981,37.673651989639744,0.01765952507187008,221.6388009872778,0.06592889126256014,1.3845067375655564,19.77866729456087,0.588650812338121,98.21050296762789,31.23381066552493
2025-05-22,211.43610470372775,352.31501106872025,673.7789082002732,0.5534359909171891,23.946116599589228,0.07300645338989821,0.040035797133469775,17.969008301954172,1.3541519476237578,0.5369506785807947,0.6594131110913957,11.068720267533324,0.16603080008259136,48.74947011445528,2.3173661515208637,3.17931326833404,8.854975854675025,0.16485327777284892,0.843106759857297,37.527673238075366,0.017662852192603325,221.68055856835966,0.06594131251285688,1.3800574945867845,19.782393669634025,0.5887617163581556,97.26343554236729,31.2396952325572
2025-05-23,211.10797305139408,351.7682468021069,672.7332580887886,0.5643341082034029,24.81659163739827,0.07289315330704144,0.039973664829791984,18.129232146849393,1.3520504138449962,0.5361173747624555,0.6819037094073156,11.051542513167796,0.17517870691506104,48.67381489841987,2.304364228445933,3.1743792325056437,9.029345731254447,0.16459743888240008,0.8465011062435498,37.46943333886278,0.01763544088135634,217.71539325010878,0.058549660923025326,1.3779157575043277,19.751693002257337,0.5878480060195637,94.52595936794583,30.673908236512933
2025-05-26,216.97226140103433,353.6671368124119,672.5434884814293,0.5782792755399561,24.809591188417336,0.07287259106351336,0.03972731541174928,18.030088610306112,1.3516690173953927,0.5359661427808582,0.6770098999626042,11.048425011753645,0.1751292912008396,48.66008462623414,2.2661025724783155,3.1734837799717917,9.21485678489409,0.16455100801106515,0.846262318907515,35.26093088857546,0.017630466144859483,218.87634592993362,0.05618241481171229,1.3728256117978117,19.746121297602258,0.5876821814762577,94.49929478138223,30.5594734367654
2025-05-27,217.2399248139233,353.9500305839175,673.0814473250834,0.5740366200584527,25.02705435783606,0.06540253073424387,0.03975909277786228,18.13861536585919,1.3527501999717686,0.545805282370206,0.6775514314310728,11.057262504117064,0.17526937485728403,48.699007198983665,2.272620300054606,3.034865576278707,9.363383813358242,0.16468263023551286,0.8469392331982704,35.28913565143744,0.01764456852685085,219.05142229001493,0.0585799647046163,1.3974497852586596,20.82059003434809,0.5881522608572907,94.57488354585234,32.08958591645517
2025-05-28,217.51625940216306,354.40026382738154,669.34420050881,0.560633212673353,24.884575376813448,0.06548572438023581,0.03980966733288925,18.526807105879325,1.3544709318760013,0.5464995602663709,0.6784132937060487,10.600207292942619,0.17549232186195507,48.76095354753605,2.3084896331703724,3.03872600078448,9.422406482615662,0.1648921106376781,0.8480165609706418,35.334024309808726,0.017667012856928354,219.33006114810553,0.06289456085649701,1.4039385748956406,20.84707434278715,0.5889004051634789,94.69518515028739,32.130404667974275
2025-05-29,223.08181894779554,354.8600136802132,688.0203788003868,0.5590017891735458,25.09139732844729,0.06557067649573721,0.039153712215936894,18.550841221284266,1.3326414829746047,0.5472085131596098,0.6792933732200198,11.085690025237634,0.17571998131197292,48.824209260089155,2.2690284420027553,3.0426680233342625,9.43462980871288,0.1651060188407366,0.8491166602902489,35.3798617826733,0.01768993159427135,219.61458961387302,0.06557067649573721,1.415194471306932,20.87411845177725,0.6132509150724269,94.81802957756445,31.110690354620463
2025-05-30,222.46265736633393,353.8751029048571,651.2995413383511,0.5550981759604434,24.7253916844836,0.06632953198758292,0.03904504143994064,18.35822722609851,1.3289427485281504,0.5456897408544744,0.6538868567305117,11.101964192153229,0.16464776857087404,48.68869810655063,2.2345054686581207,3.034223125609849,9.408444078560509,0.16464776857087404,0.846759944638967,35.28166529460191,0.01764083334828466,219.0050512962337,0.06538868567305117,1.3877455240191536,20.816182523815122,0.6397742040715582,94.5548629895331,31.024342913438637
2025-06-02,222.31101631087077,351.28337720947724,650.8555848063181,0.5547197948232007,24.708537689587725,0.06628431864545146,0.038783378750590194,18.345713391255597,1.3632945164382435,0.5594208617997645,0.6111319820967864,11.094396568949664,0.16453553687454658,48.65550959007145,2.2188791792928027,3.0321548558034674,9.166980067694622,0.16453553687454658,0.8461827530633151,34.70524489857192,0.017628808522995542,218.8557671083907,0.0655791684060493,1.386799571118708,20.801993230537793,0.7004513019634934,94.49040992854455,31.402784435764293
2025-06-03,221.51438925286757,350.02459189170196,648.5233154554184,0.5433636867327442,25.144623887006478,0.06604679608525393,0.03864440278157972,18.08089489852734,1.3584093005913442,0.5574162387148788,0.6276787752669278,11.24200763519685,0.1639459418879713,48.48115792678642,2.201559739215934,3.0212894626157043,8.478347603564524,0.1639459418879713,0.8431505503039015,34.580882473355125,0.01756563762799078,218.07152155559817,0.0651099602171059,1.3771459621146491,21.078764315994096,0.697941311818977,93.28523966390348,31.29025601412643
2025-06-04,221.00712414837454,349.2230400747751,647.0382053978269,0.5374459521711145,25.087043021463156,0.06589554977105007,0.03855590759586656,18.03948988158481,1.3552985607512242,0.5561397626921178,0.6168945215338649,11.449935740156562,0.15889706908577111,48.37013669821241,2.2899871926007394,3.0143707485758324,9.113214160532774,0.16357050778807597,0.8412197463798501,34.32643857845178,0.012851968618291104,219.04428657882056,0.0649608592449999,1.3739923155604437,21.03049421661409,0.6963430351848315,93.07161766397215,31.218601729995477
2025-06-05,220.72345106020273,348.77479579929985,646.2077012835472,0.5484247152001326,25.05484261618473,0.06581096971883518,0.03943990659546824,18.01633534381381,1.306884458490681,0.5554259310247183,0.6394399088767195,11.435239206534423,0.15869311718846146,48.30805134189031,2.2590432450818625,3.0338389731621938,9.288214524401528,0.16336055731133511,0.7934655998523761,34.63243731539892,0.012835472509212784,218.7631328854288,0.06487747891224668,1.3722287314914627,21.003500583430572,0.6954492459914787,92.95215584433343,31.178531179350202
2025-06-06,220.5998945265123,348.57955870690864,645.8459672528805,0.5457853044197676,26.25833881397926,0.06997248027264286,0.0396510709959741,18.00625016285912,1.306152890943828,0.5551150147970607,0.6390819633196677,11.428837990390447,0.1586042839838964,48.28100946960862,2.2064654658177387,3.0321406913280775,9.283015169347518,0.1632691113679785,0.8163455707421747,34.61305077587451,0.012828287470722764,218.64067369829326,0.06484116180878319,1.3667957581551533,20.991743247655922,0.695059947537782,92.9001231032721,31.161078066780714
2025-06-09,220.9916322708932,349.19856068040565,646.9928501331838,0.546754501184474,26.304967949683324,0.0700967362776132,0.039721482730066676,18.038225372270244,1.3084723362382749,0.4766577788338304,0.6402168347905844,11.44913313706248,0.15304452810639996,47.73587622126217,2.289826671978799,3.037525117996168,9.299499798369212,0.16355904202978436,0.8131221129663738,34.6745160746961,0.012851067737272017,219.02893228984124,0.06518996543452876,1.3692228920777616,20.561708491050986,0.696294223812675,93.06509364759306,31.216413407990007
2025-06-10,221.8833547114364,350.60761037864216,649.603528362971,0.4926570413908338,26.059213116655254,0.07037958333433326,0.03988176272419165,18.228310643326182,1.2902923098578332,0.5630366666746661,0.6240323009033661,11.495331487824332,0.15366207746205848,47.928495062111814,2.284990327761968,3.049781823300333,9.337024172350338,0.16421901845800005,0.8164031387119332,34.81443107410603,0.012902923028662501,219.9127350476382,0.06545301320008826,1.374747837825366,21.348472763102333,0.6991038378157666,93.4406202301339,31.342374631331964
2025-06-11,211.34395034049174,349.0718794734001,689.4609626170417,0.516274387553966,27.799028250644792,0.07040105411985284,0.03989392950229726,18.233871576336373,1.2672189461824868,0.516274387553966,0.6570764678188074,11.49883838265318,0.15253560560348767,47.943116666688056,2.2856874125544233,3.050712223969211,9.10520245865359,0.16426911695470184,0.8166521998154287,34.82505195515086,0.016778918015126862,219.9798240945398,0.059136884061933175,1.3751672338287386,21.354985567784478,0.6383028720367562,92.27231413114102,31.351936287873563
2025-06-12,211.28445175036657,348.97360703812313,684.3401759530791,0.5255131987182975,27.683284457478006,0.06568914983978719,0.039882698366718906,18.228738286977638,1.2668621924615675,0.5583577981093062,0.6568914844143775,11.495601173020527,0.1524926630283031,47.92961948428336,2.2709678135309748,3.0498533724340176,9.102639117198954,0.16422287110359438,0.8164222918647475,34.815247834952345,0.01677419433146278,219.91789429068913,0.06428152235372325,1.3747800899740537,21.114369501466275,0.6334310962307838,91.07331664681085,29.184751091115285
2025-06-13,210.74553647819945,348.083493237235,682.5946553095896,0.4960920778675252,27.369307596871966,0.06552159900596549,0.03954696489015338,18.18224293261623,1.2636308549088389,0.5569336159594043,0.6552159761118277,11.466279777226566,0.14508354115420313,47.80736721387135,2.232414461986481,3.0420742266111294,9.079421359353336,0.16380399402795692,0.8143398743561302,33.93082791220106,0.016731409027439536,219.3569580226664,0.06411756190217283,1.3525530513896078,20.358496747320636,0.702017129217953,90.84101937731813,29.110310648635494
2025-06-16,211.08141742510134,348.638259972812,683.6825575399615,0.49219516819776127,27.412928112425032,0.07078235273325889,0.039609993850274555,18.21122133507762,1.2656447980517112,0.5578212427790086,0.6562602428904242,11.48455444616322,0.14531477166089427,47.88356139590255,2.273472978311802,3.0469226081657523,9.093891913247209,0.16406506072260604,0.7921999049456049,33.984906014156465,0.016758075127234824,219.7065636371027,0.060235316009174575,1.406271972999578,20.39094360849388,0.703135986499789,90.0951563063058,29.15670593115804
2025-06-17,211.05668383350226,348.5974080757423,683.6024466265145,0.515572648328775,26.903518326675684,0.07077405876865375,0.039605352525504775,18.20908742430273,1.2654964953639314,0.515572648328775,0.6561833452031319,11.483208736612687,0.14529774431543005,47.87795061089682,2.2732065827529557,3.046565583182958,9.092826331011823,0.16404583630078298,0.7921070784469354,33.9809238124253,0.016756111489737786,219.6808193888267,0.06374352951230389,1.401420172734055,21.091607883574323,0.7030535961191441,89.7799456547809,29.153289476665392
2025-06-18,210.9133432285568,348.360655737705,660.0702576112412,0.5222482480265777,26.885246616336726,0.0772833754363049,0.03957845427671697,18.196720596778032,1.2646370246762135,0.5339578387329674,0.6323185123381068,11.475409836065575,0.14519906434856478,47.845433969966706,2.276346666751478,3.044496487119438,9.086650875189825,0.16393442343772158,0.7915691134522057,33.95784543325527,0.01674473146085717,219.53162164263762,0.06416861569853521,1.4004683885418001,21.077283372365343,0.7025761124121781,87.96253070339945,29.133489818707005
2025-06-20,194.93925418247906,348.18941504178275,659.7457924674048,0.5219915308802431,26.87203086345306,0.07677723111816344,0.03979307642333731,18.187775789012942,1.2640153777691139,0.5477399672688634,0.6507338244399172,11.376137841839164,0.1451276900747575,47.82191499537881,2.279909124579987,3.042999929776925,9.035368665087685,0.16385383958218933,0.7771353510551714,33.94115306289647,0.01673650039508909,219.4237083434523,0.0641370728758094,1.3997799721620483,21.066922590763326,0.636689222773397,87.91929170747774,29.11916891596145
2025-06-23,194.80245790577266,347.94507730813314,659.2828237935954,0.5216252296024623,26.652008711236284,0.07672335361977638,0.0397651521106265,18.175012736133,1.2631283701825529,0.5286426026205836,0.6502771798062666,10.993894879651938,0.13800846150358034,44.63053567209137,2.2549180939212543,3.0408645411803232,9.029028203813033,0.16373885712125355,0.7906248074760632,33.917335267011296,0.016724755757259503,219.2697303955609,0.06409206545642099,1.3707282013319932,22.221702416317747,0.6455989311275191,86.99211571576907,26.45552115134642
2025-06-24,195.0077243930522,348.31171263991007,659.9775207230834,0.5221748745079113,26.680092362058318,0.07680419825315085,0.03980705329184174,18.1941640397701,1.2644593488894844,0.5151501071708228,0.6509623873436451,11.380133581726477,0.13815388324215713,44.677563586324595,2.257294137433324,3.0440687491219034,8.663887978270033,0.16391139139209268,0.7914579015690811,33.95307450943661,0.0167423789017609,219.50077844191975,0.06415960029802495,1.4002716290623065,22.245117782044677,0.6462792091189193,87.08378070914728,26.483397760062076
2025-06-25,197.95510922717855,349.6298037372194,709.2490304383593,0.524150903531199,25.93489160603846,0.0705135766649263,0.03901750938580507,18.263014913207705,1.2692443519490966,0.5359031546338631,0.6534257777388107,11.37619027520952,0.14572805377091821,44.846633694149205,2.265836254159773,3.05558820072864,8.69667410976613,0.1645316695449691,0.7897520026080209,34.31660594664473,0.012927488471495305,220.3314195355653,0.06463744410870008,1.377365174171913,22.329298389940064,0.6487248772977452,87.41332563085777,26.583616987688586
2025-06-26,198.27200890058884,345.59879464180614,692.6101184170257,0.5249899990756142,25.976409901332634,0.07062645947711207,0.0390799712036885,18.46881770093043,1.2477341127515746,0.5273442120528152,0.6591802510338028,11.394402035425973,0.14596134490862622,44.918427160994845,2.283588720781867,3.060479789062316,9.181439367186949,0.1647950627584507,0.7910162900147903,33.68882126880797,0.012948183652794872,220.6841406912123,0.06474092001800139,1.3795701517325623,22.365044612378462,0.6497633991249987,88.42432518857632,26.626173805617416
2025-06-27,198.72112791275129,346.3816332790637,689.4598994832589,0.526179188568813,26.035250781692415,0.07786508414455105,0.03916849382551323,18.510652638739572,1.250560437633577,0.5474150995122338,0.6512352210809694,11.420212247440812,0.14629197158358026,45.02017485471268,2.298199610938431,3.0674122838064224,9.202236851419269,0.16516835093062246,0.7975272207925528,33.765132041130606,0.01297751343809178,221.18402690216428,0.0648875689484591,1.3968523810891544,22.41570515089309,0.6512352210809694,89.52124628878138,26.86345260237396
2025-06-30,198.50567143729964,346.00608103330427,674.9239870836967,0.5256086970734406,25.61105043064779,0.06599571055980694,0.03912602674756821,18.490583107040845,1.2963443090484832,0.5468215837185749,0.6505291419292566,11.407830279274732,0.14024089108591922,44.97136329501445,2.2768519686548916,3.0640865486600513,8.768001688297417,0.16498927288732906,0.7966625296252193,34.17634996582365,0.012963443020241067,220.94421580928713,0.06481721685729948,1.395337892449135,22.391401701746528,0.7118108706546571,90.01343340242873,27.706414088141468
2025-07-01,198.62270935499063,346.21008442997976,671.3126739304751,0.5259185932440655,26.0223565723057,0.0778265207096415,0.037734068304259544,18.50148505925244,1.297108626951559,0.5471439868975043,0.6603461988388011,11.414556277033844,0.14032357639031875,44.997878178330694,2.31592842196694,3.0658931182491393,8.773171256766062,0.16508654970970027,0.7971322377342857,32.934765788520444,0.012971086199230408,221.07448337674228,0.06485543275328157,1.3820103140216038,22.40460355643602,0.7546813941992633,88.88731519656724,28.26517581107521
2025-07-02,198.26734126065995,345.59065869391213,670.1115871745375,0.5273317975273655,26.82329734013048,0.07768727649913411,0.04002071702719981,18.46838291544851,1.294787890201987,0.5461650579694897,0.659164732877321,11.53538302179952,0.14007251485715652,44.91736970943967,2.325909909704063,3.060407740477424,9.087056470201302,0.16479118321933026,0.795706039465351,32.87584017526352,0.01647911867273017,219.1958132647341,0.06450397594819562,1.4124958802203493,22.364518103488866,0.7533311473430284,90.77640333902623,28.920852788295377
2025-07-03,198.16470875459558,345.4117647058824,669.7647058823529,0.5294117647058824,26.809412339154413,0.07764706190894632,0.037647057982052076,18.4588228113511,1.258823506972369,0.5552940929637236,0.6588235181920669,11.529411764705882,0.1400000067318187,44.89411836511948,2.324705909280216,3.2235293668859146,9.129411585190716,0.16470587954801671,0.7952941445743337,32.85882209329044,0.016470588305417228,219.0823471966912,0.06447058565476362,1.411764705882353,22.352941176470587,0.8564706129186294,91.05882352941177,28.905881993910846
2025-07-04,198.3420498815485,345.72087984550893,658.0000942018746,0.52988554472234,26.30116346502185,0.07724553931984032,0.03980029196966262,18.475341940615653,1.2599500505469758,0.555791035536674,0.6594131110913957,11.539729640619848,0.14012529523108413,44.9342949111577,2.293815593028629,3.226414160723738,8.949178088643965,0.16485327777284892,0.7960058674675988,34.24237998598379,0.01648532812821422,219.2784078908053,0.06452828153001398,1.4130281192595733,22.37294522160991,0.8666572622008389,91.14031369224247,28.93175038248813
2025-07-07,198.0435526988269,343.2018059540046,671.5891454639515,0.5290880872877769,26.078164305572802,0.07524808184344697,0.03974039405577327,18.44753725914551,1.171048304348748,0.5408455891257782,0.658420719634173,11.052062267789116,0.1481446633192937,44.866670519625124,2.3138786042862933,3.2215585310786663,9.12382994804603,0.16460517990854326,0.7948079091475609,34.19084651659793,0.01646051834125552,218.94840229175975,0.06443116893964759,1.4109015661007382,21.633824013544654,0.8089169113531625,91.00315101349763,28.888209207101795
2025-07-08,198.3093579333234,343.66243612988296,672.4905224987638,0.5297982057500765,26.11316525604062,0.07534907646693885,0.03979373184242187,18.472296721901195,1.2126492489503948,0.5415714879833017,0.6593044225944299,11.490734238399902,0.14127952714729752,44.926888566191295,2.2981469375030814,3.061056299889331,9.183168899667994,0.16482610564860747,0.7958746649181563,34.236735947746446,0.016482610915732235,219.24226508416433,0.06451764558448406,1.445760405586568,21.662859968447574,0.8052932907047364,90.65435965056865,28.3971834689117
2025-07-09,198.4495422151868,343.9053700605575,672.9659040033931,0.5278163975439438,26.13162457312352,0.07540234049988044,0.036523009776878085,18.485354732260937,1.2135064670155828,0.5843681564300494,0.6597704828851491,11.0747190084592,0.14137939721526377,44.95864724705054,2.462357692043907,3.2281627298628943,9.236787097466824,0.16494262072128726,0.8011499081899742,34.260937792239304,0.013666674127823452,219.39724677441444,0.0645632529118842,1.4609203348960005,21.678173378260563,0.8058625500822227,92.32073983669945,28.417257351521265
2025-07-10,198.23934003555013,354.1333207795876,691.2013934657754,0.522549672490874,27.704546876057382,0.07532247265969368,0.03554279095326739,18.465774632389177,1.2122210939100442,0.564918580022463,0.6449486888091382,11.062988419169569,0.13416815574038288,44.91102604551309,2.3114583595763625,3.224743387926075,9.22700328663484,0.14122964500561574,0.8050089625021055,34.224647843066656,0.013652198081882578,219.1648563190701,0.064494866074933,1.431126994564084,21.18444590904811,0.8050089625021055,93.6823274644572,28.387157158958924
2025-07-11,197.97372234010277,353.6588232528619,686.8667873345713,0.5218495166099126,27.667426000386023,0.07522154929302147,0.035025035597166625,18.441032638687897,1.1870901461495647,0.5970710518918284,0.6534872173643709,11.048165299358265,0.12928704353939233,44.85085048582727,2.3741802922991293,3.2204226062539987,8.791519128811947,0.15279376981221457,0.8039303439726253,34.178790789234945,0.01363390572179073,218.87120086174218,0.0644084504437473,1.5232364117142254,19.27552243717825,0.8603465094451678,93.32173667755812,28.349121664775414
2025-07-14,197.84350400691378,353.4262021658954,675.0217294275177,0.5215062671451595,27.14651449613422,0.07517207189444024,0.035001997682329054,18.4289029453927,1.1863093309062611,0.5966783250377099,0.6530573824590126,11.040898306279217,0.1292020042568369,44.821349585791964,2.325635936604166,3.218304355109384,9.255561917329254,0.1761845474406258,0.8034015542516727,34.156309496695805,0.01362493794335548,218.72723709411486,0.06342643959896546,1.498743243778552,21.142145692875097,0.8597806116729753,92.03880471539588,28.330474870004252
2025-07-15,197.9364996138643,353.59232884439115,675.339020893558,0.5194011699797816,27.15927461481909,0.07520740624866451,0.03924886500469237,18.43756538302714,1.1868669512173877,0.5687560403990565,0.6439634326392496,11.046088039671908,0.12926273518083362,44.842417695306075,2.2656232445704374,3.2198171071623625,9.071893222900913,0.15276504175377614,0.8037791901793098,34.17236454358137,0.013631342295017496,218.83004902252404,0.05875578744506334,1.5229500150587525,21.152083480222803,0.860184748367926,92.08206721496833,27.732731674069896
2025-07-16,197.80168448659668,353.3514960777867,655.0331156935507,0.5143501473109257,27.488374492819613,0.0751561822648886,0.0387524088863993,18.425007503462396,1.2917469115505662,0.6576165983175077,0.6529193413006179,11.038564516886655,0.139743536241775,44.8118753938085,2.329841720206197,3.21762408033847,9.06571432996409,0.14091785049599745,0.8032317338282553,34.149089646409976,0.013622057948017744,218.6810032378077,0.06341303272319886,1.521912729361052,21.13767673446381,0.8595988740266544,92.34816388910501,27.713842829630327
2025-07-17,207.3402681569493,353.2768215652664,636.34442435485,0.5142414486158825,27.482565317004564,0.0751402993513144,0.03850940534199474,18.42111370799591,1.2914739239674078,0.619907508137266,0.6527813584872779,11.036231713903303,0.13032146127986413,44.80240520622674,2.319956821199173,3.0525747293775094,8.828985012825767,0.14088807003119683,0.8030619851818501,34.141872847696334,0.013619179169950911,223.07276868527953,0.05776410801299211,1.5215911003530387,21.13320966492122,0.8594172131943288,92.3286477580086,27.707986005118933
2025-07-18,207.6230336946554,353.7586117707917,646.7351689435444,0.5102400894199123,27.520045360936617,0.06818876335097221,0.03809165521804819,18.375696942293235,1.2932352042135953,0.5972395217035499,0.6536716055843708,11.051282654188906,0.12932352322437135,44.863505620108114,2.3043100450833225,3.0567377554139528,9.076159438058992,0.1410802097020522,0.8041571812866385,34.188434690795546,0.013637752670194441,221.98969540453277,0.06348609436592349,1.5236662087219275,21.162030614404287,0.8605892651674594,92.4545632878815,27.745773472218954
2025-07-21,208.0584354382658,354.50047125353444,629.1234684260132,0.5113101028025319,27.577757048899,0.0683317605219957,0.03746465466474161,18.41423221627684,1.295947219604147,0.6126295722508408,0.6409048135273868,11.451460526418732,0.12959472476930467,44.957587900979696,2.299717301810046,3.0631479736098024,9.095192854411192,0.13901978646888696,0.8058435618034744,34.26013051283798,0.01366635210439914,222.45522516162524,0.06314797518278045,1.4514608500028534,20.735155513666353,0.7163053633018444,90.26861595276051,27.968896547653674
2025-07-22,202.63757963280756,353.6754507628294,627.6593243846823,0.5101201429967666,27.513575992742506,0.06817273364567802,0.037377464067599946,18.37137721288204,1.2694233751069446,0.6535179415100897,0.6582195049992441,11.471825674571699,0.12929312205762453,44.8529591790493,2.3178729299412884,3.0560191823973297,9.07402582903244,0.12224076281212856,0.8039681413042021,34.52126427596221,0.013634546729135605,221.9375104224212,0.06347117015652368,1.4527844632780798,20.686899080843464,0.714638322916154,90.05853595606753,27.457157679249118
2025-07-23,202.00028746162897,353.2187632060853,611.471099215852,0.5094614444038937,28.172982110156358,0.06808470480709718,0.038503076614066066,18.34765495747732,1.373432855480248,0.6526740788349933,0.6573695713753778,11.034417993144574,0.12912617080361763,44.795042271624595,2.3947034345835414,3.0520730619336054,9.062308887195636,0.12912617080361763,0.8029300080513558,35.58012937309429,0.013616940961419435,221.65093101984726,0.0633892122667127,1.4649950159924316,20.66018688078133,0.7700615042939781,95.0838146217777,27.42170330369484
2025-07-24,198.77790547425823,346.18096357226796,613.3960047003526,0.5099882670491058,29.612220916568745,0.0658049356503156,0.03854289178142256,18.366627855670718,1.3748530915705215,0.6533489944511799,0.6580493424950139,11.186838654317532,0.12925969727871423,44.84136381944955,2.361927189361895,3.055229142185664,9.071680017419764,0.12925969727871423,0.8037602999515735,35.61692198631206,0.013631021934446522,221.8801352728408,0.06462984863935711,1.466509934457853,21.504112808460636,0.770857807612167,96.3572267920094,27.37955346650999
2025-07-25,194.1410069805395,338.9949961237578,609.3922522141564,0.5050861219647689,28.200249234272402,0.07235651991708833,0.03852749889114877,18.3592927680783,1.3743040159354825,0.6530880661991144,0.6577865370630498,11.182370962041274,0.12920807478115182,44.823455505851435,2.349237672375314,3.054008974087908,9.068057056903491,0.12920807478115182,0.8034393018756184,35.60269764177833,0.013625578107705486,221.79152291350985,0.06460403739057591,1.4659242537924129,21.612986585852887,0.77054994981788,97.58733147660966,27.098456192384027
2025-07-28,193.87683857221407,338.5337243401759,629.9120234604105,0.5043988493530631,29.02991152229197,0.07507331210497187,0.03847507437652856,18.334311208417336,1.3724339952217168,0.6521994067776588,0.6568914844143775,11.167155067242485,0.129032260861215,44.76246405906341,2.3460410557184748,3.0498533724340176,8.727272906261454,0.129032260861215,0.8023460589545912,36.832844574780054,0.013607037731629312,221.48973034274192,0.0645161304306075,1.42639294397796,22.170087976539588,0.7695014595635825,98.62756455049487,26.615835061171186
2025-07-29,193.44117048151085,337.77299220523867,633.2951007701131,0.5102876961581428,28.97872312252939,0.07443645719770764,0.035579690342552636,18.29311147348585,1.3693499460763017,0.6694599599952775,0.6554153583287573,11.142060924164015,0.12874230751174573,44.66187660676431,2.3407691767514804,3.042999929776925,8.84810730953408,0.12874230751174573,0.8005430763076579,37.33526836918612,0.013576460834500583,220.9920122623388,0.06437115375587286,1.451276844939289,22.120268720301492,0.7677722832774913,95.50338241146041,27.164627010546994
2025-07-30,175.97942332219915,337.5043854519939,626.8272716641328,0.509881900773524,28.408373075540325,0.07016723469089672,0.03555139635420866,18.27856426754272,1.3682609997971158,0.6595719642714999,0.645538531274297,11.22675710443223,0.12863992794314794,44.626360203896105,2.334229807563169,3.0405800491170623,8.841071041295884,0.10384750455433187,0.7999064615352462,37.30557829493626,0.016372354180335218,220.81627308757749,0.06431996397157397,1.4548005590437727,21.517951116828442,0.767161728777867,94.88948946486522,27.131329669044554
2025-07-31,170.62144817738223,338.0103534702865,627.7669766461315,0.5059614639691478,27.748237118941383,0.07448876549959635,0.038415592169298685,18.305966486116255,1.3703122214594572,0.6605607582963149,0.6605607582963149,11.24358764142325,0.12883277785034994,44.693261589505475,2.3424140919631773,3.0451383195521307,8.76062906136631,0.1253191600632554,0.8011056373226079,37.36150476681268,0.01639689871355162,231.2665404401323,0.06441638892517497,1.4569815160552928,22.252933873650186,0.7683118154622217,95.03174257033831,27.172003466772857
2025-08-01,167.38237775556183,336.7718446601942,596.0604929051532,0.5041075629739284,27.422516803584767,0.07421583009576335,0.03804144942666988,18.23889131951991,1.3652912398787735,0.6581403877060301,0.6581403877060301,11.202389843166543,0.12836071973509358,44.52950033881577,2.333831217326363,3.033980582524272,8.72852910891498,0.11902538985792963,0.7981702941313353,34.98412852326465,0.01633681859083813,230.41915323771676,0.06418035986754679,1.4516429682112701,21.47124719940254,0.7654966326059024,94.6835353358456,27.072442120985812
2025-08-04,167.74404046415924,336.7482672516394,596.0187626893188,0.49940493918559076,27.770647126088072,0.07421063424291774,0.03803878614347275,18.237614414104435,1.365195655791596,0.6674289736752527,0.6580943112746022,11.201605563464097,0.13185223159688553,44.526382826948684,2.3056638385197354,3.033768173438193,8.82126420318325,0.11901705688624696,0.7981144142012895,34.80665419628116,0.01633567484960053,230.40302158478653,0.06417586659832081,1.4608761123151937,23.1033114746447,0.7654430401600361,88.84273697394022,27.07054677837157
2025-08-05,167.18453743567915,337.12590239001935,604.8641450365628,0.49061979408746303,27.80178959418732,0.06775225840603455,0.038315072431827905,18.25806637989835,1.3550452516727478,0.6775226258363739,0.6588323092406602,11.214167231268835,0.1331682342002763,44.57631545727117,2.266196250091147,2.943718987330263,8.83115651637982,0.11634698407749085,0.7990094330523433,34.84568696037296,0.016353993948560432,230.66139938625065,0.06424783448834531,1.504567450230231,23.129219914491973,0.7663014207858725,90.08714485048141,27.10090414223302
2025-08-06,164.10974612795536,336.9527145359019,602.3350846468185,0.49503791840258776,25.723293324485553,0.07425568915220708,0.038295389265604905,18.248686871191808,1.3543491396929046,0.6771745698464523,0.6444833602949812,11.208406304728546,0.12959719956860652,44.553415773907254,2.265032062875689,2.918855808523059,8.82661978682091,0.10461179540648631,0.798598967027191,35.528311476120116,0.016345592597320078,220.03502341925716,0.06421482917932621,1.5037945259125416,22.65032107413894,0.7659077574757199,91.58202269866463,23.18272008856903
2025-08-07,167.57604280400383,337.91536894363395,616.9355782966069,0.4917687058596746,25.618809340299023,0.06744256553456054,0.038404796976782195,18.300822313626423,1.252839356633625,0.6931597400995183,0.6650586408845541,11.240428072969113,0.13933447968766352,44.680702304699395,2.3277052151800346,2.92719481066904,8.851836928801383,0.10537901039249492,0.8008805180652285,35.29025992277877,0.016392291009536385,220.66365074888623,0.06322741042288271,1.461255595887447,22.71503173079175,0.7680959116197388,92.92086921128931,23.248951778398915
2025-08-08,168.42797712813658,338.87558123150626,618.8060682917665,0.502559791673518,25.517825292872427,0.07420976340790317,0.03827908564731461,18.35282549572094,1.268141490622195,0.6951294063564352,0.6669484557252622,11.27236860645343,0.1397304092363509,44.80766592733028,2.301441968609944,2.935512657930581,8.689117467474519,0.10567845288597788,0.8031562811267543,35.39053988733318,0.016438870954399328,221.29068333872732,0.06176318901040152,1.5076793190300937,22.779578225541307,0.7327039325440519,94.6878991609204,23.315015447676686
2025-08-11,166.58834586466165,339.05075187969925,630.874060150376,0.5004699517013435,25.531015898052015,0.07424812371793546,0.03829887276865486,18.362312388599367,1.2687970148889642,0.6625939692769731,0.6578947256382246,11.278195488721805,0.1327537588383022,44.83082778471753,2.2368422128204113,2.9370300751879697,8.881578768106332,0.10573307990579676,0.8035714464976375,35.408833869417805,0.016447368491076884,221.40507231977648,0.06343985214493328,1.4802632027102591,22.791353383458645,0.7330826798776038,96.14661940954682,23.28007561819894
2025-08-12,166.49054831513445,361.74709404719977,626.9813314547376,0.50017614522506,25.51602762994232,0.07420453552742359,0.03804156404293464,18.104966179199508,1.26805215342666,0.6997769212336472,0.6575085011896875,11.177644352265139,0.14089468682443534,44.804509346426634,2.287190271484834,2.9353058588704943,9.064224133878383,0.11506399190718403,0.8124926706931954,36.280380415639314,0.016437712879657913,229.18868146060822,0.06011506684498005,1.4606081461058238,22.777973464835036,0.7326523155005477,96.95902169695536,22.749793883625212
2025-08-13,166.3577277739975,361.45850442291,645.3694361669678,0.49977712157509985,26.279358971350806,0.07086041112455065,0.03824585337605178,18.090522648143104,1.2670405442097261,0.6992186628202178,0.6569839630953997,11.168727204796241,0.14078228579785024,44.76876582082119,2.252516572765604,2.9329641709096883,9.056993001741265,0.13726271816380672,0.8024590150622833,36.25143715244375,0.013843590970606506,229.00584246462847,0.0598324679677206,1.4922922014862865,22.759801966259182,0.7320678302069692,96.88167106137742,23.81566906778667
2025-08-14,168.02460156048218,361.7131184108573,645.8240390711217,0.5001291681985767,26.297870342107117,0.07184953726970676,0.03827279403211982,18.103265743295474,1.1857522343175149,0.662142791153302,0.6574467473564264,11.176594537115475,0.14088145385941392,44.80030126364973,2.319847874906882,2.9585105030570635,9.063372813196153,0.12444527257972024,0.8030242730033449,36.2769729272817,0.013853342496331886,234.84937711780773,0.0605790195614222,1.4933433829191587,22.541031721806103,0.7325835040876946,99.11010028493641,23.480241376881356
2025-08-18,166.9994128009395,361.8320610687023,640.0469759248384,0.5002936264100806,27.664121850686286,0.071873163658944,0.03828537933139051,18.61421021726365,1.1861421469723694,0.6670581125471078,0.6529653485354716,11.180269753169958,0.13270698710882306,44.81503301274405,2.315913013899529,2.959483354426242,9.019377927393753,0.12448619410211872,0.8032883326585896,36.2889019377569,0.013857897911362974,234.92660298462272,0.05848502594796055,1.4938344412247573,22.07868467410452,0.7328244006010762,98.15619351649661,23.48796241926013
2025-08-19,167.4635513578444,362.83769460866284,641.8258473278846,0.4946180617171652,27.74100826231172,0.0701886633223763,0.038391785218784905,18.66594436724215,1.2365452104482182,0.6689120555313167,0.664201411602986,11.211342882003224,0.133075817324779,44.93958665279172,2.317639058950913,2.9677085949242117,8.856018671625666,0.12483217641137398,0.7913889099785253,36.389759050333275,0.013896412925460552,235.579530397115,0.05888310525943896,1.497986229247098,22.140047577549048,0.7065972631132675,98.42899731410235,23.553242103775585
2025-08-20,169.74952859729552,362.99158792619994,640.9199085746601,0.4971841690652054,27.93185534897791,0.07021843301392897,0.03840806864049461,18.673861306816843,1.2488513373865697,0.6691957666696462,0.6644831247773977,10.839086689130282,0.13313225985904809,44.95864724705054,2.309196774366706,2.9689673134309778,8.859774847220974,0.12488512250283242,0.7917245682263544,36.40519333631801,0.016258629626396782,235.67944866915602,0.05890807983222979,1.4986215823922346,20.735644100944885,0.7068969579867574,101.25121049200764,24.51754354526681
2025-08-21,169.45804112110991,362.3682724877682,639.8193451260821,0.5010350288014956,27.86507317568514,0.06586375639633349,0.03834211575634999,18.64179525780956,1.1761385020700037,0.6680466489860066,0.6727511985076744,11.290929619872037,0.13996048847624895,44.88144595684932,2.30993594627969,2.9638691149486562,8.750470634865321,0.13643206231433466,0.7903650487146747,36.695521264584116,0.01623071092196681,234.87485886337976,0.06021829416619955,1.4584116977006814,22.111403838916072,0.7056831012420023,101.07734573932801,24.475442945934752
2025-08-22,171.05849778257502,361.4754675364291,638.2429546894432,0.49276108234567617,28.683388756545398,0.06898655460534092,0.038247648239762316,18.90090880441087,1.1732407255320645,0.6664007119622009,0.6710936703887709,11.26311096510782,0.13257620142567852,44.770866802392895,2.2995518667984283,2.9565667178519663,8.916629514043692,0.13609592024560607,0.7884177429419774,36.605110636600415,0.01619072160674503,234.2961728887533,0.06006992800041005,1.4548184549041783,22.056925640002813,0.7039444353192388,101.86076122287247,24.415140214411576
2025-08-25,170.72942631119034,361.07725482842676,637.53984624039,0.49690602980477266,27.95799708871575,0.06891055685392401,0.03820551343132268,18.77461055553185,1.230545659103694,0.6562910070120673,0.6656665840449352,11.016313519594975,0.1324301513256643,44.72154581186898,2.259516300235035,2.953309671261421,8.95368478411294,0.13594599271298974,0.7875491972379114,36.564785299081194,0.016172885400212195,234.03806487905493,0.05859741233827114,1.4954059896964462,22.03262703918995,0.7031689480592537,101.7485482147749,24.73982820451852
2025-08-26,170.98592122395834,361.6197183098592,647.6525821596244,0.4976525552955592,28.35211238950631,0.07042253800960774,0.03638497680565561,18.802816543220914,1.2206572322218632,0.6619718153152108,0.6619718153152108,11.032863849765258,0.1373239386249596,44.788733110741276,2.2394366107636214,2.9577465684201236,9.06103250566223,0.13615023082410785,0.7887323697408041,37.147887323943664,0.01619718269283223,234.38967136150237,0.05821596148987891,1.4976526090236897,22.065727699530516,0.7042253521126761,101.90140988345438,24.694834964376103
2025-08-27,170.6254449318488,360.85734364019675,646.2871866947763,0.4825485928272525,28.292339840547406,0.0702740716610281,0.03841649204262192,18.763176030480462,1.2180838157098002,0.6558912982703875,0.660576231727055,11.009604122745372,0.13703442926735251,44.69430851528644,2.2675100269795694,2.951510981838774,9.041929836992527,0.13586319590318563,0.7870695467547025,37.0695713281799,0.016163035434871235,233.89552588428202,0.05809322931526918,1.4991801582027247,22.019208245490745,0.7027406886858749,100.93698615518491,24.64277276838655
2025-08-28,170.701418859193,368.5172599657847,653.6054931920977,0.48979398518181233,27.95341069562393,0.06702444595895114,0.03843359764944646,18.771530658789597,1.1717559935319068,0.6561833452031319,0.6608703647073652,11.014506339199924,0.13709544621460193,44.71420942836067,2.2919546607698886,2.952825193098293,9.04595591247477,0.13592369133854362,0.7874200030690223,37.26184059431464,0.016170232305656135,233.9996719083218,0.058119096329330024,1.4998476940703127,24.372524665463665,0.7030535961191441,100.98193009221353,24.65374538872822
2025-08-29,170.5695074030682,368.2324840764331,652.1637317347321,0.49409888888530934,27.758524006071404,0.06697265205869249,0.03816972707554212,18.733608092918693,1.1708505058074183,0.613525638244446,0.6603596696428432,11.005994754589732,0.13230610659793324,44.67965601624152,2.248033060479048,2.927126264518546,8.992132241916192,0.13581865476552535,0.7821281177803745,36.17928062944923,0.01615773657537123,234.31059750513708,0.06322592982597322,1.4986886697656967,23.65118021730985,0.7633945275532167,98.44510909902687,24.002435369052076
2025-09-01,170.91771462422565,368.9842081798343,633.5499917873149,0.49510756155896124,27.81519133574098,0.06710937263332482,0.03613581415058192,18.771851608513032,1.1732407255320645,0.6147781133254527,0.6617077535356308,10.793814674894994,0.13257620142567852,44.770866802392895,2.290165949945288,2.8392426452987602,9.01048913013091,0.1074688514657377,0.7837247845154073,36.25313841894079,0.01619072160674503,234.7889282647623,0.06335500169623297,1.4876692757791234,22.408897857662435,0.7649529508091271,100.24169045381684,24.051434873407324
2025-09-02,164.81016527752942,368.7592336374082,617.803625448491,0.480735396739508,27.798232046414963,0.06706845516296706,0.038458833696023494,18.760406162793423,1.2077011690939734,0.6144032749945083,0.6613043015835653,10.787233543606218,0.1324953679656249,44.74356941391501,2.2324884407203225,2.837511521579093,9.004995315967193,0.1278052708977559,0.7832469371688932,36.395187240166536,0.016180849910059164,234.64577435591713,0.06331637331539433,1.4773820300482758,22.395234856834648,0.7644865488974173,99.26599624626989,23.18786137312524
2025-09-03,170.20677265368008,369.4783834586466,635.6907894736842,0.4934210302238177,27.85244382413706,0.06437969667122775,0.03829887276865486,18.796992481203006,1.1748120300751879,0.7048872180451128,0.6766917562126217,10.808270676691729,0.13862781338673785,44.83082778471753,2.2556391873754054,2.8430452024129993,8.881578768106332,0.14097744921096284,0.7659774413682464,36.65413533834586,0.01621240560889692,235.10337772225975,0.06226503423282078,1.4802632027102591,22.438909774436087,0.7659774413682464,99.45958359797197,23.907424812030072
2025-09-04,171.07923244437748,369.7390077592288,641.4295791206207,0.4820126857080376,28.742063922823778,0.06959793176926811,0.03644486273032986,18.810251587114976,1.1709381657826208,0.7712203083446438,0.6818716424564852,10.815894662591111,0.13990125290623784,44.86245075282337,2.2760405137963273,2.8450506422454094,8.746767167397003,0.16694097779034278,0.7665177499325786,36.679990594874205,0.01622384158745951,235.26921598540736,0.06348460162916436,1.5001175909807,22.454737832118504,0.7665177499325786,99.2475913716237,24.641430296674773
2025-09-05,176.21870882740447,369.96517974778845,654.7619047619048,0.465838513804227,28.759645648355338,0.06822887061343633,0.0383493324165714,18.821757952192733,1.1716544370114546,0.7058159232072275,0.6822887482042705,10.822510822510823,0.13998683150061864,44.88989343397276,2.24449462682407,2.82326369282891,8.799172201646646,0.16704309677732163,0.7669866343081255,36.51420970926082,0.016233765827090463,235.41313184310596,0.06070016619850861,1.5010352236121114,23.174289478637306,0.7669866343081255,99.30830183124309,24.656503635365567
2025-09-08,180.45855953299528,369.782480893592,668.6654908877131,0.4820693597451579,28.745443354208,0.07430923328478149,0.03809523820736911,18.812463256907698,1.1663727308987588,0.7713109868053546,0.6819518154891079,10.817166372721926,0.13991770220111216,44.86772558536339,2.2433862344157616,2.821869488536155,8.888888709479257,0.15049970269133103,0.7666078754763683,36.49617800076241,0.016225749152607948,235.29687844466488,0.06067019080779329,1.5002939716498336,23.045267489711932,0.7666078754763683,99.2592606945363,24.644327584187607
2025-09-09,178.39514878014384,369.59996239364455,684.4356696281671,0.48183141830402015,27.842805218933073,0.07333239468746806,0.03807643502957673,18.803177737037558,1.1657970286623824,0.7051191651389085,0.6816152153827462,10.811827198796596,0.1327974422074494,44.84557962011888,2.2328773562732103,2.820476660555634,8.743477827043542,0.1504254185340303,0.7662294905427671,36.84247637850797,0.01621774039192058,235.18073980772283,0.06064024500778945,1.4995534514269069,22.79885300615804,0.7662294905427671,103.18243783199361,25.689842300511874
2025-09-10,178.22340150750227,369.244135534318,683.7767393805622,0.4884119387855577,27.815999972872625,0.07326179501662518,0.03803977750882597,18.78507525770775,1.1646746749353025,0.6809590004854608,0.6621738871587098,10.801418273181957,0.1326695934477221,44.80240520622674,2.272994177842013,2.8177612886561625,8.96987361470389,0.1502805987026288,0.7654918145122354,36.80700683307112,0.016202127003889753,234.95432305302967,0.060581864515025945,1.4464507590138092,22.776903749970646,0.7654918145122354,103.08310047667128,25.40681356945598
2025-09-11,177.86839145106862,368.50862392200975,683.5864266966629,0.5108736564391644,27.760592211396855,0.07311586202598933,0.03772965842948051,18.747656542932134,1.1482939856035415,0.6889763913621249,0.679602572030238,10.779902512185977,0.13826396085816375,46.49418679613901,2.2684665132114223,2.81214848143982,8.811398217594933,0.14998124899111484,0.7545931825577028,36.55793025871766,0.01616985336320428,234.48630848939294,0.05905511906006652,1.4435695180474573,24.606299212598426,0.7639670018895897,99.69066223670895,25.883482599419334
2025-09-12,176.2732597682367,356.9333990194009,683.3696952635654,0.5114129698916654,27.789898206412055,0.07225467387596358,0.03636193051166934,18.76744786168391,1.1495062039006807,0.6897037223404084,0.680320007358583,10.791282520468249,0.1325450999638291,46.54326926513346,2.270861262855885,2.8151171792525864,8.726863434663349,0.1501395795375901,0.7694653556172779,36.772468153986914,0.01618692337520006,234.73384840264094,0.0588828646457402,1.4450934495535952,23.45930982710489,0.7647734981263652,99.79590257266155,25.81697118065025
2025-09-15,176.74594227978795,358.9490273563381,685.2021734528263,0.49161430954515367,27.8644177273946,0.07244842714724202,0.0364594362176494,18.429656451937312,1.1525886423840783,0.6962576242906812,0.6821443077099786,10.820219697504294,0.13878107255991257,46.66807656398852,2.2769506516067515,2.822666008044598,8.703220191470844,0.1505421837308318,0.7715287021357634,36.87107473008257,0.016230329139666762,235.3632948947234,0.05904076097320743,1.4489685149041729,23.522216733704987,0.7056665020111496,103.14492037729636,25.53336698227785
2025-09-16,176.8124866258942,359.0841706473398,744.4054874461727,0.508271192279617,27.874908601659566,0.07247570377463584,0.03835564922309694,18.436595165334282,1.2471469023071895,0.6824011331076151,0.6824011331076151,10.824293479539733,0.13883332324021844,46.685646962487795,2.2825140149340277,2.823728733792974,8.753559254286056,0.15059886243614498,0.7718191805044522,36.88495658517072,0.016236439812566842,235.45190850787998,0.06588700406901497,1.4589264675777436,23.531072781608113,0.663576236732663,103.18375414735158,26.166552215036873
2025-09-17,176.55905456413896,348.9355702805583,740.9887682691856,0.5051929356096225,27.834954434999922,0.07237182159196155,0.038300672612292655,18.41016929228843,1.233610602001974,0.6814230216099045,0.6814230216099045,10.808778608017295,0.13275999755999207,46.61873064911048,2.241646684960061,2.8196813760045116,8.7410124448845,0.13041026532086972,0.7707129027185889,35.93918815457545,0.016213167505866183,225.57451008036094,0.06579256572021545,1.4333380103934792,23.379858076037408,0.7660134382403442,98.195402485193,25.247896270558343
2025-09-18,179.634246675528,349.0668045696018,798.7400686380519,0.5053829381240731,27.685581020943275,0.07427953893647063,0.03831507745366816,18.41709333696608,1.2340745616097033,0.700484231835242,0.6628743202582854,10.812843777913592,0.13280992845089892,46.63626390308034,2.2424897658438785,2.8207418551078933,8.838324120662191,0.13045931248003323,0.7710027670043182,35.95270484421094,0.016219265260557874,230.5721462117584,0.06440693644698071,1.513798142358248,23.27112030464012,0.7663015350625868,97.66818673311082,25.257391976926847
2025-09-19,179.32232311972766,348.4606720480571,788.4362680683312,0.5045053724815637,27.79707130760106,0.06851886514653313,0.03824854573479329,18.349914808579452,1.2319316688567674,0.7508916950637592,0.6898817479867795,10.794067955697392,0.13257931237465137,46.555282968013046,2.252675141137068,2.8158438145297544,8.869907836742199,0.11028721578935309,0.7696639692579714,35.89027523658771,0.01619110152793911,230.17177220153525,0.0696921322836714,1.5205556643217306,23.230711469870474,0.7649709007094183,97.49859207809274,26.715317832297988
2025-09-22,179.33073924227514,348.4770263293753,811.7050734500399,0.5045290503983272,27.62003025959595,0.07415403729843087,0.03684235350945904,18.350776023898764,1.2319894870230441,0.7603135142293009,0.6899141261605245,10.794574552963814,0.13258553471061488,46.55746794398188,2.215234331530319,2.8159759703383864,8.870324127530987,0.13141221250860885,0.7556202254212769,32.512789940338344,0.016191861423819707,230.18257483786138,0.06805275065831645,1.5206270284586019,23.231801755291688,0.765006803037325,90.20509548422686,26.71657166051558
2025-09-23,184.2469744789221,348.6324685996009,821.6926869350863,0.49066789861939464,27.51496582891001,0.07418711457765778,0.039910788070933054,18.358961603061907,1.2325390304026294,0.7747388079155497,0.6902218704590818,10.799389599718277,0.13264467604550162,46.578235449344845,2.2396994862901813,2.8172320694917246,8.78037364147879,0.1291231393170393,0.7090033996775476,33.2316006695053,0.016199083993770465,230.28525047870934,0.06808310638698198,1.5260007043080173,23.242164573306727,0.7653480433063169,92.89823035732627,26.28242679850738
2025-09-24,183.99643349658143,349.9167702154597,820.5753405387663,0.49234518196435617,27.477550687698916,0.07408623415551857,0.039856516959683806,18.33399689312409,1.2308630108081495,0.7736853098999564,0.6892832994679059,10.784704475652358,0.14067006396780013,46.514897872713384,2.241343028536492,2.8134011675614845,8.721543798311831,0.12894755630809768,0.7314842767353017,32.565117083554355,0.016177056308223407,229.97210616230103,0.06799052625966515,1.5239256324291375,23.21055963238225,0.7643073149516463,92.4671169428843,27.20793450677744
2025-09-25,184.0007473958944,349.9249742098846,802.775954234268,0.48532306415708476,27.478194914246036,0.074087971148723,0.0398574514180201,18.33442674393749,1.2308918690799961,0.7737034493848551,0.6892994601004546,10.316046140860921,0.15005157687679013,46.51598844051495,2.23201736325698,2.813467129325706,8.768639577482627,0.14067336205614225,0.7408796975125875,33.90228033937814,0.01617743558835818,229.9774979869789,0.06799212033558795,1.5239613617180905,22.742192628716122,0.7643252345642072,94.95451561474256,27.747819205223927
2025-09-26,184.09138603198818,350.0973470010087,806.9245384813869,0.5113649848132116,27.107034214208852,0.07412446683013144,0.03987708516997944,18.343458269391334,1.2314982055311863,0.7084046775648035,0.6896390085197296,10.32112781778518,0.1501254921758545,46.53890218303216,2.392625040291135,2.8148530412141404,8.772959003044477,0.13605122641052275,0.7412446543197881,33.54366540780184,0.016185404581517043,230.09078473741235,0.06802561320526138,1.4777978913783079,22.753395416480966,0.7647017406261305,91.48272383945955,27.761487761047384
2025-09-29,183.7121626894283,349.3761558088907,830.1926543224328,0.505629833523886,27.552142360130667,0.07397177240654822,0.03792223611901898,18.305671234870243,1.240665790569738,0.7069453828335199,0.6882183705658979,10.299866569910346,0.14981623766822383,46.44303328647309,2.3408787658887147,2.809054519066458,8.708069187700897,0.12874833491442425,0.7397177101127576,33.47456635220862,0.016152063080003116,229.61680386106008,0.06788548225739127,1.5215711978276647,23.174699782298276,0.7631264754472851,91.76244762283763,27.704299837103186
2025-09-30,183.87572638714389,349.6872144513953,830.9317963496638,0.501394087510643,27.576672746243574,0.07403763139184494,0.03983036990420547,18.32196924819995,1.241770387463945,0.6794592665044006,0.6654014465849704,10.309036807947331,0.14057778023988612,46.4843827221678,2.3898221244265923,2.8115554930765447,8.715822207291174,0.11714814554485603,0.7122607159750305,33.50436962582883,0.016166443680200863,229.82123765002288,0.06630584859084968,1.5229258920831286,23.195332817881496,0.7638059067180378,91.84414610716713,27.728965692959655
2025-10-01,185.21732438505725,350.0973470010087,832.2582158523142,0.5019821502906746,29.204100302596704,0.07412446683013144,0.03987708516997944,18.343458269391334,1.2314982055311863,0.684947591258461,0.684947591258461,10.32112781778518,0.14074265765331753,46.53890218303216,2.34571086767845,2.8148530412141404,8.679130210410266,0.11728554338392251,0.7130960948260721,33.54366540780184,0.016185404581517043,230.09078473741235,0.06849475632954086,1.4777978913783079,23.222537590016657,0.7647017406261305,93.12472144683447,27.761487761047384
2025-10-02,187.89045986190052,350.53313917985815,881.4411198271408,0.502607004768701,29.592747428249332,0.07421673506118967,0.03992672314062177,18.366291734755553,1.2330311428437222,0.6858001964145676,0.6858001964145676,10.33397529240453,0.13622057948017743,48.61665648926676,2.325144351197866,2.818356897928508,8.783879356916461,0.11743153741368784,0.7280755095665763,35.00634201976557,0.016205551757119945,230.3771958321346,0.06858001684167073,1.5078209583103823,23.251444407910192,0.7656536216974158,94.69679463737876,27.7960445474473
2025-10-03,186.26506303431822,350.6566736367267,862.8386156990813,0.5027841329098454,29.429317044435415,0.07424289043148587,0.039940794067180256,18.372764360651782,1.23346568615934,0.7048375349481943,0.6860418852745213,10.337617179240183,0.14096751259118434,48.63378991142541,2.3729531239503148,2.8193501397927774,8.786974960853065,0.11747292249136573,0.7283320970402857,35.018678911673945,0.016211262897696425,230.45838507954383,0.06155581009712019,1.5036534302956632,23.259638653290413,0.7659234524030863,94.7301675650286,26.654605396293064
2025-10-06,187.87566026648932,350.4179188580015,892.1863260706236,0.5024417977329486,28.178999963154208,0.07325319459929133,0.037800525556508084,17.961119459053343,1.220886506683212,0.7747933772342891,0.6808790607079808,9.861006761833208,0.1408715307667773,48.600676183320815,2.3595980913633694,2.817430503380917,8.780992093792005,0.11739293764087153,0.7231404779550279,34.6661330523301,0.01620022498860474,239.9511645379414,0.061513898036338444,1.52610818933133,23.243801652892564,0.7513148120970408,93.20999248685199,26.63645683420412
2025-10-07,187.84478795441942,350.36033709711495,892.0397192422357,0.5023592349360724,27.12739678363195,0.07324115740681744,0.038733305137799226,17.95816803211343,1.2089485892550134,0.7277165906787878,0.6807671765457949,10.32888095964694,0.1408483823192699,48.592689969248106,2.3474729453743044,2.8169675344491654,8.779549173895845,0.12911101479399256,0.7277165906787878,34.47264163560544,0.01619756291731386,239.91173501725393,0.0615037898815401,1.5728068286262908,23.239982159205613,0.7511913537134007,93.1946759313599,26.632079848879595
2025-10-08,190.3911721870228,350.6401973452367,852.1085398801832,0.4816163402599047,27.651825901149344,0.0732996608568781,0.03782450333613984,17.9725126277458,1.2099142712010882,0.728297874928361,0.6860096502511325,9.867261834840832,0.1362621833221425,48.631504757429816,2.335251868996429,2.8192176670973805,8.833548331756395,0.12921414587593774,0.7189004916667546,33.971574322451694,0.013861153613914688,241.79489044329262,0.06155291777666456,1.574063152652446,23.25854575355339,0.7048044167743451,93.269117819805,26.65335297738569
2025-10-09,193.76658759424103,366.2775677008714,851.8683796415905,0.4885266514094593,27.470230191059176,0.07327900191119657,0.03804871185777231,17.967447213284167,1.2330601028724428,0.7280926097734853,0.6858163037071531,9.864480822979543,0.14092116021369705,48.61779834182775,2.3486859102332245,2.8184230922798696,8.831058664095895,0.12917772786267914,0.7186978750920782,33.66841395671739,0.013857246954371578,241.72674241301056,0.061535569560178666,1.5736195150586318,22.78225332926228,0.7046057730699674,93.24283063625901,28.066796627287033
2025-10-10,193.74383542341832,366.2345592034192,849.4199426987929,0.502559791673518,28.71166270636195,0.06951294063564352,0.03874876862442133,17.84791696021793,1.2211732209067532,0.7280071167705998,0.6857357748095311,9.863322530646752,0.14090461317971392,48.61208961533042,2.3484101263444646,2.935512657930581,8.830021716716239,0.15499507449768532,0.7280071167705998,34.310273379248414,0.013855619829418032,246.58306326616878,0.06152834402244438,1.526466582123902,22.427316706589636,0.7045230379033394,89.96759337361223,27.08891044904445
2025-10-13,187.70362791950137,373.1570681855472,841.4785645641422,0.4922297786448605,28.65715072456941,0.06938096332060503,0.03867520018669829,17.673394164938916,1.1719757166631506,0.7266249219774906,0.6797459380182902,9.844596019970465,0.13360523002307448,48.51979466985444,2.3673910370742157,2.9299392916578766,8.813257031648288,0.14766893918187385,0.7313128203734106,34.24513187153168,0.013829313540451414,246.11490049926164,0.06750579837382131,1.5235684316620959,22.384736188266178,0.7031854299978905,89.23423392800113,27.03747942576028
2025-10-14,187.70362791950137,373.1570681855472,841.4785645641422,0.4851979310509804,27.7664484645882,0.06891217208390911,0.03937838354898237,17.626514063296575,1.1719757166631506,0.7266249219774906,0.6797459380182902,9.844596019970465,0.13360523002307448,47.62909240987323,2.3673910370742157,2.9299392916578766,8.813257031648288,0.16642054673659326,0.7313128203734106,34.24513187153168,0.013829313540451414,246.11490049926164,0.06797458961051725,1.4673136509110554,23.205119189930382,0.7031854299978905,89.23423392800113,27.553149814067883
2025-10-15,187.88859665258175,373.52478824992374,865.0665165059477,0.4880223185063829,27.793810348061438,0.06898008018619493,0.038713311878301994,17.66734779844626,1.1731306163628257,0.7273409597692612,0.6757232618758165,9.854297177447737,0.13139062959202877,47.67602753296313,2.369723934555671,2.9328265409070644,8.821941877037398,0.17362333345926728,0.7367260516891144,34.27887804216598,0.013842941356990185,246.3574294361934,0.07038783977873089,1.5250698012716735,22.28948171089369,0.7038783698176955,89.32216799395397,27.58030150671214
2025-10-16,188.09160018625218,364.76805637110976,866.001174398121,0.5002936264100806,27.823840066816828,0.06247798065122827,0.037815619131010975,17.686436418498605,1.1743981209630063,0.7281268125971975,0.6717557005509865,9.864944216089254,0.13153259010785337,47.72753891914085,2.372284293944739,2.935995302407516,8.878449615281395,0.1738109241425116,0.7375220446046211,34.315914528130506,0.013857897911362974,246.62360540223133,0.06858484925624558,1.550205497271302,22.31356429829712,0.7046388725778038,89.41867579730622,27.610100540636008
2025-10-17,190.58818569978655,354.41311352037815,869.4527409985653,0.4985771467178763,26.650360926324453,0.0634980387876193,0.039509888698530955,17.70889749812041,1.1758895604524822,0.7713835449283343,0.6679052501515278,9.407116483619857,0.13169963133138585,47.78815101908285,2.363538061366116,2.9397239011312055,8.842689135749652,0.1740316571897987,0.7384586686353036,34.00672752369785,0.013875496897445464,246.93680769502126,0.07196443975399311,1.5756919661496993,22.34190164859716,0.7055337362714893,89.53223400367611,27.64516428394389
2025-10-20,190.7811159692223,354.7718819153444,870.332878195772,0.4849569054050429,26.677338785918412,0.06591647469092068,0.03954988411295812,17.797447731560126,1.1770799001836245,0.7768727228956835,0.6685813630983831,9.887471161542447,0.13183294938184137,47.836526425029945,2.377701488174991,2.9426997504590613,8.851640490164579,0.17420782747227817,0.7392062020114353,33.58208811537369,0.013889542906358085,247.18677903856116,0.07580394484216735,1.577287021344022,22.364518103488866,0.7062479401101747,89.6228664737114,27.673149171749568
2025-10-21,192.77619683034453,355.0644393657376,871.0505854911293,0.4994934112949325,26.699337863681695,0.06832693062586286,0.038875670088474173,17.812124136870885,1.2016115506991891,0.7021181394042566,0.6785571506351855,10.131234832599015,0.13311971293636507,47.875974117815,2.3796622249769634,2.945126404825295,9.047428675135807,0.1743514854126106,0.7398157776085985,33.60978109381627,0.013900996715036135,247.3906180053248,0.07586645545803984,1.5503145215244103,22.382960676672244,0.7068303371580709,89.69677266145919,26.388332587234643
2025-10-22,192.9671498801989,355.4161458456168,871.9133982689087,0.4999881808351412,26.725784697253417,0.0683946113665597,0.0379708022099194,17.829767805976534,1.2028017982199875,0.7122473481584193,0.6792292904509134,10.14127025306007,0.12971392465293954,47.92339731332803,2.3702271622685465,2.830121931086531,9.056390539345513,0.14032688583057698,0.7122473481584193,33.643073016316684,0.01391476624551965,247.63566897007146,0.0759416044198388,1.5518501742190172,22.64097544869225,0.6792292904509134,89.47902028171137,26.67389884062194
2025-10-23,188.92584702691127,355.5335362257296,872.2013824993513,0.4859980519450636,26.73461195527502,0.06369877809914268,0.039870715021488055,17.835656799047136,1.1914030695106668,0.6700167301694651,0.6794536330575219,10.144619812678416,0.12857716202828712,47.93922592970538,2.3828061390213335,2.8310566919102556,9.15374979051609,0.15334889852033456,0.7124825962975709,33.996273881972215,0.013919362152930822,240.16797603038668,0.07124825681735496,1.5570811580514234,22.412532144289525,0.6888904796975359,89.50857430261269,26.682708961266687
2025-10-24,190.35940293534364,353.0327327610603,871.8517121026318,0.49995280765000516,27.75681467508777,0.07074804544876166,0.0386755977101106,17.82850638480358,1.1909254293780924,0.6650315850492401,0.6791812363081119,10.140552778039806,0.12852561472721924,47.920006826771576,2.3936420192741896,2.829921705499481,8.96141873408169,0.1721535749159245,0.7121969580526634,33.98264458624555,0.01391378180304402,240.07169134987265,0.06862560338248015,1.5564569155345176,22.403546835204224,0.688614299663698,88.88312279419026,26.672011714489457
2025-10-27,190.39532319252552,353.0993489951882,903.3871119916972,0.5024059143411921,27.606378176131553,0.06604396669310617,0.03986225109953331,17.831870571308873,1.179356543070101,0.6651570745454283,0.6934616608218839,10.142466270402867,0.12972922254951622,49.344277042230914,2.4412681341328724,2.830455703368242,9.104632152590124,0.1721860597871229,0.7217661908622371,35.180204240136895,0.013916407292581343,240.11699216907255,0.06863855283117955,1.5567506143580923,22.407774318331917,0.6887442391484916,90.64534102107952,26.67704464433463
2025-10-28,186.64339416551422,353.1409969097214,915.0527234554505,0.5024651729001246,27.765326826034347,0.061805570643856646,0.03963105322710564,17.833973832681725,1.1794956476610603,0.6982614324141853,0.6935434543229598,10.143662569885118,0.12856502953204704,49.35009717823175,2.4297610791759725,2.8307895543865444,9.011346928107253,0.16630888238321803,0.7265693009615378,35.1843537299154,0.013918048726764614,240.14531386379187,0.06864664871861217,1.5097544515032513,21.820669481729613,0.6888254762317345,90.65603259960105,26.680191190139677
2025-10-29,168.65594187856772,353.1160069821201,909.5626739632967,0.5024296160873987,27.76336202015431,0.0618011969892845,0.039628248746290395,17.83271181632332,1.179412180969005,0.7453885186183631,0.6934943759070763,10.142944756333444,0.12855593166233442,49.34660493188711,2.453177246433522,2.830589234325612,9.105061677152685,0.16511770252372296,0.731235529705281,35.724394241695094,0.015922065075767565,240.12832004528943,0.07312355578246586,1.5096476141358286,21.819125347926594,0.6887767316823007,92.46591498797,26.678303173590862
2025-10-30,165.83849756423976,352.5422132209218,908.084685490898,0.5016131960626706,27.718248109705435,0.06170077350078249,0.038857359714695366,16.955938110825898,1.1351058972897292,0.7441773039659677,0.6970774646508662,10.126463038409911,0.12834703546365084,49.266419458880016,2.425641191327712,2.8259896851376496,9.090266461182935,0.1648493954923277,0.7347572911850511,36.01959280979728,0.015896192610557195,246.52051169915575,0.07276923096730488,1.4695145823701021,23.07891576195747,0.68765750801732,90.80846998646248,26.634952423079174
2025-10-31,166.6627488775534,351.8958181519005,934.275169836158,0.4889400633990867,27.667426000386023,0.061587643571230734,0.03714064250294226,16.689781622434825,1.2341035706729977,0.7428128360477394,0.7052020403845701,10.107895912178838,0.1281117079263065,49.17608823211541,2.4329471289978435,2.8208081615382805,9.167626524999411,0.14809242735987127,0.7287087526462867,34.4021076381645,0.015867046539152586,246.0685101027538,0.07428128500588452,1.4950283570001655,22.331397945511387,0.752215520952426,90.64197035883397,26.586116563813988
2025-11-03,162.75246594645373,351.5735086895256,929.8966651009864,0.4978863047344016,26.932832387312303,0.06998591072517922,0.039455142727812004,16.662751749234896,1.2329732268670737,0.7421324767098846,0.7045561296383278,10.098637858149367,0.12799436747047924,49.13104672340117,2.442461159823925,2.8182245185533112,9.159229685298262,0.14795678610418703,0.7374354403250762,34.37059795761287,0.015852513546784644,245.8431303025188,0.07421324907081572,1.4560826231247386,22.310944105213714,0.7515265494795011,92.29685298262095,24.02536473737854
2025-11-04,159.28081297200674,351.37545770350204,915.1722842925548,0.4976058317432828,26.91766038521636,0.06478264789359243,0.03943291656535149,16.665101868369167,1.2909585954370482,0.680687281796881,0.699464843459179,10.092949018871469,0.1279222647378886,49.103369859225005,2.4293494464063765,2.816636935499014,8.966294423748815,0.14787343799446728,0.7370200227453232,34.17519625000367,0.01584358339174937,245.70464013428904,0.07417144271512847,1.506900778399668,22.06365599474228,0.7511031939920467,91.70500709018667,22.842925475266224
2025-11-05,157.3044310887565,351.26003097282836,914.8716504763246,0.4974423683793425,26.908817941990655,0.06476136681352039,0.03941996286428821,16.424984748228447,1.2670702743834603,0.6804636762324444,0.6992350694714642,10.089633488197475,0.127880242312943,49.08723941720451,2.4520155355167152,2.815711671124877,9.104134224285641,0.14782486161519273,0.7367779118926685,34.96175324980055,0.015838378779438035,245.62392623495353,0.07414707741882147,1.5064057619536217,22.0564080904782,0.7508564568219334,92.21455722933972,22.525693368999015
2025-11-06,161.30623178337544,351.6974039703982,902.3845882767532,0.4957124151523142,26.942323576923712,0.0671913575358723,0.03946904680724151,16.210501585809936,1.233407729355104,0.6813109586203293,0.6813109586203293,10.10219664043228,0.12803947296823695,49.14836061276687,2.4785622438000385,2.8192176670973805,9.115470277707164,0.14565958058695444,0.7376953142027898,36.16821260383935,0.01585810000756702,245.9297659645542,0.07423940198367986,1.5270762363444144,22.083871725596147,0.7752848472492151,93.2221279908302,24.527194062229274
2025-11-07,158.3883754009,351.8958181519005,888.9071719047506,0.49364140585142996,26.95752340217103,0.06346818615661035,0.03949131372911391,16.219646928845112,1.2693636951099954,0.6628899022690575,0.7005006979322268,10.107895912178838,0.12928704353939233,49.17608823211541,2.4564537291707143,2.8208081615382805,9.120612876298287,0.13868972844407895,0.7381114935953961,34.75470865835679,0.015867046539152586,246.0685101027538,0.07663195623205617,1.5279377541665686,20.920993864742247,0.7757222332141426,95.08474177851954,22.500646722151128
2025-11-10,157.87491155191748,352.53391107761865,893.3449510173323,0.4992463935472593,27.00640549763936,0.06122833234345724,0.039327429283267136,16.2490580256217,1.271665433159248,0.6546721861788268,0.701770916322882,10.126224566691786,0.1283440129731774,49.26525926625899,2.4373587936769323,2.8259231348907305,9.137151289812675,0.14129616235914136,0.7394499116673358,34.81772939513838,0.015895818265403403,244.63075754241825,0.0767709130102652,1.530708364732479,21.665410700828936,0.7771288508657413,95.25715900527504,22.541447160112828
2025-11-12,164.86371581085552,357.716472199915,896.0035901554161,0.5007321757189953,29.051915536869956,0.06377250005404982,0.03944446967463404,15.352638291841846,1.2518305519237716,0.708583305777316,0.7038594215771852,9.920166280882423,0.1287259711581323,49.41187513539662,2.3973734277788923,2.834333223109264,9.164343907851233,0.13935471060842655,0.741650551491373,37.200623553309086,0.015943125013512454,245.35879088009003,0.07652699724920269,1.5541593659847077,21.257499173319477,0.7794416250924192,99.98110156194643,23.614720430094383
2025-11-13,164.7014343439117,357.87707649046524,896.4058697039154,0.4938679822702123,29.244547871223435,0.06852713713824753,0.03780807590531943,15.359531179848293,1.2523925874276005,0.7089014390699212,0.7041754339831957,10.16092062666887,0.1287837653747254,49.43405963001067,2.4338949858774694,2.835605756279685,9.168458431688023,0.12996526664640679,0.7419835310154244,37.71355800078348,0.015950283012880505,235.49705228997317,0.0765613556449052,1.5454051281582804,22.448545570547505,0.7797915717092284,99.05716397056433,23.760013953958694
2025-11-14,164.60808161915782,357.67423186831354,895.8977871194766,0.4912263948482759,28.33998535767423,0.0684882959769855,0.03778664629896826,15.350825402073541,1.2516827316758055,0.7084996339418558,0.670712966527953,10.155161419833266,0.1287107707742249,49.40604041948898,2.432515454912232,2.952081808091066,9.163261752133893,0.136976591953971,0.7415629749673321,37.69218196715292,0.01594124239713979,230.8764082814013,0.07084996620951017,1.5445291929842069,22.199655196844812,0.7793495860747429,96.92274848179967,23.016791225107493
2025-11-17,160.85702412312142,358.15636380835264,873.2204512131674,0.4918885502781191,28.02345930095067,0.06858061572514537,0.03783758133276292,15.371517760015134,1.2533699547686854,0.7094546658468524,0.7141843591085735,10.16885021047155,0.13006669155770917,49.47263797669257,2.4830913304639832,2.956061107695218,9.175613497862306,0.14189093880760958,0.7425625750612909,36.89164262403632,0.01596273061585608,231.18762133707077,0.07094546940380479,1.4851251501225817,22.22957952986804,0.7094546658468524,97.0533968444602,22.352550878084095
2025-11-18,157.4996487906688,357.5138095462915,867.9949010906,0.46385912690113806,27.099759938567068,0.06845757793667667,0.03895000390834024,15.34394032387517,1.2511213329717348,0.7081818611019309,0.7034606531970837,9.914546055427033,0.12747274006365897,49.383881060441475,2.4786365138567583,2.950757754591379,9.15915189015168,0.13455455192092974,0.741230372717099,37.00250224257589,0.01593409250795737,216.84528010621253,0.07247061309798244,1.4635758012523339,20.891364902506965,0.7081818611019309,96.87927715794447,22.25579500007008
2025-11-19,153.32325707749658,357.4631797583082,889.3504531722056,0.4637934368812786,27.095922170448883,0.06844788322681027,0.03894448795234869,15.577794561933535,1.2509441537799433,0.7080815709969789,0.7033610316921938,9.913141993957705,0.12745468784405026,49.37688749722484,2.4782854984894263,2.950339879154079,9.01623885076932,0.14869712878390023,0.7411254024037423,36.99726208459215,0.013925604314017152,218.23073441888633,0.07246035007686774,1.4964124227218398,22.186555891238672,0.7080815709969789,96.86555747179106,22.252643216412594
2025-11-20,154.13675571235567,357.5982244049868,901.0200226671705,0.4509822361686341,27.106158635190265,0.0618624845382444,0.038959200641412665,15.583679637325275,1.2514167431844692,0.7083490744238761,0.7036267517646124,9.916887041934265,0.1275028384628051,49.39554140258836,2.4910276234262523,2.9514544767661506,8.87797470582761,0.14875330450312346,0.7414053893332487,35.9251024500577,0.01393086521477802,218.3131789728791,0.0724877245952194,1.5158670372813434,22.19493766528145,0.7083490744238761,96.90215194004637,22.60105808951245
2025-11-21,153.15761246720638,356.74746189904124,898.876404494382,0.45697596335252133,27.041670329954965,0.06171530740262706,0.03886651274503826,15.546604480248744,1.3544390266883375,0.7066638400113066,0.7019527522374123,9.893293760158292,0.12719949625648885,49.27802439126614,2.4262125623006296,2.9444326667137775,8.715520693472781,0.13426612791733036,0.7396415105891632,35.83963298152884,0.013897722271129924,218.9480130968365,0.07231526893403839,1.5216828111433756,22.142133653687605,0.7066638400113066,94.03340451959372,22.071466550830845
2025-11-24,151.70885020332364,357.2186711323914,900.0636837512088,0.4540415482973522,30.242706139751192,0.06604240894216404,0.037738518391329884,15.567139184376252,1.2618817144214374,0.6509894545517977,0.7028799252478917,9.906361299148525,0.1191122002103046,49.343113179763236,2.370450784426932,2.948321815222775,8.019435337405948,0.13444347308711527,0.7406184647272624,35.88697169528136,0.013916079052203663,219.23721017996556,0.07241078642490582,1.5142581022935455,20.99205132438616,0.707597235653466,94.15760837017507,22.048730654747647
2025-11-25,152.12507088456545,358.19871810032873,902.5330526714126,0.4564697967285335,31.04940724658756,0.06149333990758421,0.03760554253616598,15.609848395260281,1.2653437488783539,0.6527754760916857,0.7048083108425738,9.933539887892906,0.11825642723682031,49.478488434105664,2.388779920406264,2.956410680920508,8.514462761051062,0.14782053404602538,0.7426503878584174,36.422979588940656,0.013954258498528384,219.83869823324895,0.07260944897369342,1.5231427963436197,21.049644048154015,0.7095385634209218,96.49724462524537,22.44979971357
2025-11-26,151.84136265510654,365.9112370160529,878.6591123701605,0.45561849564398316,30.92540132200189,0.06137865686101437,0.03729934071571451,15.58073654390935,1.2629839246063665,0.6798867125686776,0.7034938666368004,9.442870632672333,0.11803588290840417,49.38621268844245,2.3725212914860396,2.8328611898017,8.262511803588291,0.15226628444912976,0.7459868002433165,36.35505193578848,0.01416430563241159,219.42870632672333,0.07247403475110321,1.5155807545547557,21.01038715769594,0.7034938666368004,96.3172804532578,22.407931579071132
2025-11-27,159.6959912164694,365.84214501510576,878.4932024169185,0.4437311166993081,30.919561933534744,0.061367067235474144,0.0377643496090732,15.790219393381541,1.2981495468277946,0.6797583351682681,0.6703172002854304,9.393881995152132,0.11801359516616315,49.37688749722484,2.3366690942528026,2.950339879154079,8.9690332326284,0.15223753326248907,0.7458459417085274,36.34818731117825,0.014161631103402449,219.3872734138973,0.07246035007686774,1.5152945799409805,20.770392749244714,0.7033610316921938,96.29909365558913,22.40370047416572
2025-11-28,159.71878170193693,365.678156038408,886.2387052634062,0.4482506372609862,30.61315839923466,0.06133955940813383,0.03869110919148631,15.84212176513528,1.2857715359108068,0.726637866257592,0.6700167301694651,9.672777030693373,0.11796069549626065,49.35475427566051,2.359213909925213,2.949017387406516,8.493170075730767,0.15216929269033283,0.7455116157856627,36.80373699483332,0.014155283143156039,219.28893292754856,0.07242786967836205,1.5287706181313816,20.761082407341874,0.8540354083938666,96.25592752494869,22.393658001025155
2025-12-01,160.71639822484966,366.23112728303755,900.456016823004,0.4442029145456674,30.48460748823593,0.06143231587157262,0.038749617118340615,15.771566287834037,1.2877158540900069,0.6899322061985079,0.6663043577352261,9.68740401200293,0.11932046292361798,49.42938755481468,2.362781466342178,2.953476832927722,8.50601327883184,0.15003662085940428,0.7466389636440441,36.85939087493797,0.014176688481179379,219.62053729650543,0.06710299584110875,1.5216312778443064,20.792476903811163,0.8411501884978713,99.02417269652803,23.57110841297414
2025-12-02,160.58359984112357,365.9285140941498,899.711978846971,0.4438358740336249,34.321734945656665,0.05902072807970159,0.03895368208048324,15.758534397280323,1.2866518271082525,0.6893621219826114,0.6893621219826114,9.301667105594907,0.11922186959526616,49.38854453662642,2.408045660622583,2.9510364039850794,8.735067755795836,0.14991264707097993,0.746022023190587,36.82893432173379,0.014164974422516524,219.4390670003305,0.06138155495142755,1.4542707038604534,20.77529628405496,0.840455154346178,101.01987674028149,23.452475645188777
2025-12-03,160.6404865519758,366.05814420329216,963.6775854332475,0.382589803454732,34.154404533733434,0.05951397020832625,0.037550479275715795,15.764116855206291,1.287107623282511,0.7084996339418558,0.6896063283881504,9.304962219464588,0.1204449355178558,49.40604041948898,2.397090338079558,2.952081808091066,8.738162151949554,0.14996575359876646,0.7462863013557586,36.8419809649765,0.012989159885217575,228.60921521857213,0.06612663278277234,1.4547858789911223,20.782655928961102,0.8407528854307774,101.03204491721624,23.4607836803936
2025-12-04,163.05118389337872,366.2743986010681,979.606786710147,0.42535090323651503,34.17458176595952,0.05954912898840112,0.03733635976931014,15.773429746207288,1.2878680016222734,0.708918190840777,0.6711092003802901,9.310459266949977,0.11815303180679616,49.43522778681464,2.44576784854429,2.835672763363108,8.743324353702917,0.1500543481410409,0.7467271813012639,36.8637459237204,0.012996833428322883,230.2329948941275,0.07041920881606246,1.455645315802285,20.440474502575736,0.8412495729428473,105.22708724253717,23.625881033350726
2025-12-05,162.85937596892643,366.16191443622876,965.1319364059435,0.4252202764679039,34.16408663088221,0.06142070597511441,0.03661619172523514,15.768585670076302,1.2874724927984542,0.7087004795539911,0.6898018181224033,9.213106234201884,0.11811674659233186,49.42004605330424,2.4450167445771953,2.9529186648082963,8.409911996910324,0.12402257828970306,0.7464978587396207,40.78571115647737,0.012992842054753437,230.16228952610822,0.07039758282767077,1.4788217214055503,20.43419716047341,0.8409912222200139,105.78535536438277,23.965887162656724
2025-12-08,162.90940602440156,370.40975471430596,968.9730138475354,0.42535090323651503,34.17458176595952,0.054823005180840254,0.03591852051430104,15.773429746207288,1.2878680016222734,0.708918190840777,0.6900137237804115,9.310459266949977,0.11815303180679616,49.43522778681464,2.4575829714377506,2.9538257951699043,8.41249550406945,0.1358759837608278,0.7467271813012639,40.96365756971398,0.012996833428322883,230.2329948941275,0.06474785883849553,1.455645315802285,25.28474880665438,0.7561794148314467,105.81785240157114,23.31868242950418
2025-12-09,158.74515732778985,370.28725314183123,968.6525559860153,0.4228479547040129,35.43418690352452,0.06141925504659757,0.03779646518560931,14.976850025011553,1.2874420791044923,0.7086837380704903,0.6897855230780368,9.307380120447629,0.12047623321913843,49.41887861387182,2.4213361050741757,2.763866533418014,8.362468469686975,0.13228763166970278,0.7417556706284075,41.31626048768884,0.012992535127557587,230.15685245038475,0.06378153896079468,1.5354814324860626,25.040158745157328,0.7559293318727478,106.06633279788339,22.989700390915672
2025-12-10,158.9065714488401,370.6637659911561,951.6659178509777,0.42682493025323665,36.137058649818805,0.06384639285129373,0.03783489711833368,14.992078679060489,1.2887511667963623,0.7094043368251791,0.6857575481490297,8.985788266452268,0.11823405613752984,49.46912836629908,2.447445052252294,2.766676868515485,8.370971535358818,0.14542789130429737,0.7425098973501796,41.35827139362112,0.013005746104655293,230.390878903017,0.06904868776950639,1.5417720875231178,24.356215564331148,0.7566979705558693,106.4579470328055,23.396155605809135
2025-12-11,165.0001181949271,370.54109637614357,957.378909297213,0.4231378299063961,35.71377959744101,0.06382526315600219,0.037822375818197605,15.010755738363711,1.2883246600158704,0.70916956244238,0.6902583921456978,8.98281445760348,0.12055882336081528,49.45275676624405,2.4111764672163054,2.71848332269579,8.226366743980462,0.17138264989288182,0.742264166821307,41.344584047581584,0.013001441907660633,230.36191286669978,0.06902583639658312,1.5034395039392963,24.34815497718838,0.7375363178874033,107.01368985817348,23.38841274647336
2025-12-12,167.8685423808961,370.6111833550065,925.759546045632,0.42321786543398215,35.720534775045444,0.06383733555475496,0.035701617942040714,15.013594987587187,1.253103248784694,0.7093037002009694,0.6903889529008028,9.031800629610936,0.11821728336682824,55.041967857136264,2.4116325355869814,2.7189975174370495,8.03877526894432,0.17732592505024236,0.7424045643466545,40.57217309457752,0.013003901099888113,230.40548528194824,0.06383733555475496,1.5320959969437253,24.352760373566618,0.7376758211512193,107.62501766332457,23.104386149829324
2025-12-15,166.96657169405987,386.51860971682925,927.0527512075007,0.4167061252162271,35.770433239666325,0.05966474193889474,0.03788237437818953,15.034567667392745,1.302206648356852,0.7102945354673738,0.7008239506930042,8.997064115920068,0.11838242257789562,55.11885667481717,2.4268396628468603,2.734634006708699,8.050004735296902,0.17757363386684344,0.7434416386268052,41.43384790226347,0.013022066413007096,237.47513969125862,0.06866180311945963,1.4490008252578563,24.3867790510465,0.7387062897904825,107.77536040511204,23.439719670423333
2025-12-16,166.78518361208398,386.9767221353055,928.1515194614326,0.4100886595253132,35.55681979803726,0.06637273057224977,0.03674204740721872,15.052387047835774,1.2918977407825194,0.6969136816053806,0.7158773007458668,9.00772768216944,0.1185227326601242,55.184185049959176,2.4297160195325462,2.7378751696617036,8.059545820888445,0.1445977372363141,0.7348409198863528,41.459250437700746,0.013037500521968608,237.75660171620916,0.06210591061403609,1.427013696706612,24.415682927985586,0.7395818246714744,105.84080026549091,24.522352663974345
2025-12-17,165.3347274554842,387.1327278332424,901.1359055230146,0.4007683504992907,35.571154165382154,0.06877089607421322,0.03675685958692236,15.058455263345111,1.304275652730679,0.6971946352108087,0.7066802672753649,9.011359055230146,0.12094192190074625,55.206431988370085,2.430695534634447,2.7389789159654874,8.157651717109466,0.14465603033155036,0.744622852072417,40.31397472076644,0.013042756456633256,237.852450852522,0.06877089607421322,1.4038749024861736,24.42552586022908,0.7398799795013119,103.53577417143296,25.113235202608294
2025-12-18,164.1975250678864,387.5830959164293,902.1842355175689,0.396486219630735,35.612535612535616,0.07264957129106223,0.03798670380430231,15.360872969668137,1.305792972459639,0.6980057115908023,0.7122507122507123,8.784425451092119,0.11870845204178539,55.27065599519417,2.4453941573444595,2.7065526159853452,8.119658300792842,0.1471984816639059,0.7454891037284366,40.36087369420703,0.01305792965384064,238.12915479582148,0.07098765313229104,1.4102564238415145,24.453941120607787,0.7407407135705324,103.34757544942279,25.52231718898386
2025-12-19,165.9977676981168,387.6843430145575,905.8633546272769,0.394215005490845,35.408108979912996,0.07219359049724246,0.03585931584361092,15.364885641606827,1.3061340806003467,0.6316939575460564,0.7171863451819122,9.594148881682992,0.12111424884543848,55.28509417268466,2.4341589683915554,2.7072596401078806,8.121779373278743,0.14604954036826884,0.7456838454734558,40.27642691669611,0.013061340735229235,238.19136051675414,0.06768149241818171,1.4818684298174178,24.460329145788315,0.7409342149087089,103.80203901862207,25.742715696378188
2025-12-22,166.49249477484324,394.0243207296219,917.3712711381341,0.3752612680304352,35.41231381899953,0.07220216374331138,0.03562607019771625,15.532966351386783,1.22316171750129,0.6460193873765508,0.7267717895638279,9.025270758122744,0.11875356260687821,55.29165947457672,2.4344480334410035,2.6125783773513205,8.170245469760333,0.14012919764724405,0.7457723980866842,40.28120988588154,0.013062891815973964,238.21964658939768,0.06270188071667503,1.3965419234374212,21.375641269238077,0.7410222034863866,103.81436588056138,25.745772735578306
2025-12-23,166.07438995498697,393.8640132669983,907.9601990049752,0.390902624060209,35.32338453056518,0.06254442041447253,0.03529969294809442,15.493959139037884,1.3030087656953329,0.6396588599108542,0.7249466815398107,9.00260601753139,0.11845534233593935,55.152808114607396,2.4638710302132845,2.6060175313906657,8.24449164583287,0.13977729774317846,0.7391613090639853,40.18005356633869,0.013030087586348443,237.62141672589433,0.06396588740318314,1.3740820162840235,21.085050935797206,0.7391613090639853,104.1696309422012,25.72849999386901
2025-12-29,169.59909356296177,393.68680290795425,901.0395699637689,0.40256696764870487,36.448885403146015,0.060148241281165,0.037651849297204144,15.404106905623578,1.3024225058609011,0.7009401212784988,0.7340926625382008,9.14063758888941,0.11745482769986698,55.12799333438107,2.462762466203385,2.6048450117218023,8.240782220052699,0.15155461547630425,0.7388287398610154,40.39877953622288,0.013024224988035894,237.51450425063345,0.0639371073738038,1.37346377862011,20.720358047787066,0.8430225538799263,103.50707004748291,25.231476722574016
2025-12-30,169.4466160851329,394.1609293302103,900.2294934582535,0.4022050412103333,36.41611615892902,0.060094165213105184,0.037617998532463476,15.390257896646984,1.3012515674166607,0.7003099434894771,0.7381644984406468,9.369010924390444,0.11829559703787824,55.07843070285514,2.4842075377954433,2.7799465303901387,8.517282986727233,0.15141836082401997,0.7381644984406468,40.36245915336211,0.013012515603656937,237.30096765798376,0.06387962493880239,1.3958880676100578,20.701729481628693,0.8422646373718364,103.41401237455122,25.20879245079088
2026-01-02,169.71564270308798,394.7867298578199,995.4976303317536,0.4573459591345765,37.2180089001407,0.060189575380623625,0.03744076001700632,15.75829383886256,1.3033175355450237,0.6966824780143268,0.7725118460813405,9.383885894341493,0.11848341232227488,55.16587750041655,2.4881516587677726,2.78436018957346,8.530805687203792,0.17061612052375108,0.7393364657722944,40.42654173069091,0.01303317528482862,237.67772511848344,0.06042653915441432,1.3886256240555461,20.734597156398106,0.8436018821752468,104.38388625592418,25.248815889042138
2026-01-05,165.65551237084085,394.82415394824153,1054.3653426865105,0.43369040736452374,38.16001617984192,0.060669260631184836,0.03649635016720423,15.759787657597878,1.3034410844629822,0.6872689580451777,0.7820646393772596,9.384775446516517,0.1184946440420893,56.521945208076595,2.4883875248838754,2.7846241349890986,8.53161437103043,0.2085505723840242,0.7394065517013656,40.19338470554452,0.013034410774001512,237.70025594843113,0.06185420594155275,1.4219357285050716,20.73656270736563,0.84368185201904,103.1614342101073,23.82927364009807
2026-01-07,160.3415559772296,387.09677419354836,1055.5028462998102,0.44117647398128906,38.42504743833017,0.059297912713472484,0.03676470616510742,15.868121804050974,1.3045540796963946,0.7732447795216453,0.7590132940426271,9.392789011888304,0.11859582542694497,56.57020872865275,2.478652706182433,2.7158443570363224,8.349146291019794,0.20872865162040521,0.7400379235197063,39.26707852271295,0.013045540726275326,237.90322580645162,0.0673624310479897,1.3757116201932786,23.481973434535103,0.844402263467633,103.8899430740038,25.237192012779627
2026-01-08,159.36519713792853,387.72213247172857,1057.2080205264658,0.44664069068507756,38.95752060428087,0.059393709018340776,0.036586524557050026,15.858120307896987,1.306661598403497,0.760239486763213,0.760239486763213,9.407963145994747,0.11878741803668155,56.6615984034971,2.542050700671181,2.8033831109794884,8.98032862231791,0.20906585461171442,0.7459850101929523,38.79597145580106,0.013066615913232152,238.2875605815832,0.06747125565388307,1.4254490164401787,23.04475909911622,0.8457664028270315,100.51791459268165,25.076024672564337
2026-01-09,168.30860534124628,387.4183976261127,1060.2967359050444,0.44154303010210433,39.40652818991098,0.05934718100890207,0.03465875319981787,15.845697329376852,1.3056379821958455,0.759643928233523,0.7928783179036941,9.400593109583642,0.11821958360756893,56.617210682492576,2.5400593019027027,2.8011869888984835,8.30860534124629,0.20890207601937766,0.7454006183748783,39.062315264512236,0.013056379751211104,254.10089600333825,0.06646884301295973,1.4243323442136497,22.551928783382788,0.8451038439832738,100.43917058837165,25.293769270446955
2026-01-12,166.02536696593984,385.3736164552752,1077.7397748325495,0.4417842416761946,39.18578588369651,0.059379601919148726,0.03681535347301622,15.85435371241271,1.306351242221272,0.7600589158908639,0.8075626087519432,9.975773122416987,0.11875920383829745,56.64814023086789,2.612702484442544,2.802717255886861,8.313144268680823,0.2090161976228275,0.7458078250211806,38.59674124744667,0.013063512351426719,257.374940759569,0.06650515443259059,1.4251104460595694,22.920526340791408,0.8455655177377656,100.49403973766462,25.307587062789846
2026-01-13,166.24709067591317,385.3370066023844,1077.6373913456514,0.4417422729076888,39.42431007457369,0.05937396095568327,0.036811856075640734,15.852847575167432,1.306227141025032,0.7267372685079421,0.8074858916466612,9.97482544055479,0.11874792191136654,56.64275875172184,2.588704607070316,2.8024510024069875,8.359853883755154,0.20899634143153667,0.7077376191216184,38.59307462119413,0.013062271339471042,261.2454282050064,0.06887379272677284,1.4012255012034938,22.68085308507101,0.8454851904193086,103.16819310703566,25.982045676596897
2026-01-14,160.95281606065683,384.9438895347458,1079.3850387909558,0.43891907846968087,39.3840897767444,0.059313388217988566,0.03511352627757447,15.836674654202946,1.3048945407957484,0.7117606586158628,0.7734465800999447,9.964649220622078,0.11862677643597713,56.58497235996109,2.5860636357992535,2.7995919691415843,8.351325242102886,0.20878312539600663,0.707015592083676,38.55370234169256,0.013048945337250414,260.9789081591497,0.06880352835306881,1.4235213172317256,22.657714299271632,0.8446226346483999,102.04275453830829,26.002989032745994
2026-01-15,160.98337116206602,385.01696684938656,1079.5899480316082,0.42951043942467926,42.23914952184333,0.06834199178999878,0.035120192189874146,15.83968107069125,1.3051422605063951,0.7118957784580338,0.7830853449885584,10.441138084051161,0.11864929640967228,56.59571438741368,2.6102845210127903,2.8001234405293807,8.495289441888078,0.20882276054949536,0.7071498111277583,38.56102133314349,0.01305142253434346,261.31319882581687,0.06881658993743615,1.4095536549252412,21.8314705393797,0.8447829768585323,102.06212621995577,26.00792541091125
2026-01-16,161.7608690495956,384.8343255615379,1079.0778207348023,0.4376082229098526,41.49332379246371,0.06404022929456987,0.035577905163649934,16.18794620620953,1.3045231374967388,0.7115580749982211,0.8016887916417822,10.43618509997391,0.11859301249970351,56.56886696235858,2.5853275820142487,2.798795140232647,8.77588292497806,0.20635184288047523,0.7068143590221974,38.06835701240483,0.013045231304280444,261.18923914799814,0.06878394527059362,1.3946538541402997,21.821114299945446,0.8443822354259959,103.03360781207381,25.23659342185406
2026-01-19,153.37292956179903,382.3675555450394,1076.4735111090079,0.4235383105442177,44.51174670922261,0.0634124427219365,0.034545583099693064,16.148877268532758,1.2422213283486738,0.7003762246283919,0.7997539489484697,10.410997799493646,0.11830679317606417,56.432340344982606,2.7210562430494756,2.792040364085574,8.707379797236483,0.20585382125461316,0.7051084918423884,36.79341267775595,0.013013747178850715,255.06944608759434,0.06932778379106658,1.3628943115448113,22.71490428980432,0.8328798194464457,96.96424479875274,25.175685948910136
2026-01-20,154.0829801975032,382.72072754831373,1107.071807502842,0.4215611906474447,42.8855631468015,0.06347101332789887,0.03339333142824089,15.240147421874074,1.2788935428589028,0.7010231238506471,0.8004926379407251,10.42061386888973,0.11841606669192875,56.484463812050016,2.6525198487270596,2.794619219101663,8.715422327837377,0.20604395717325963,0.7057597620011098,36.34189014499862,0.013025767265530687,255.3050397877984,0.07010231238506472,1.3688897806480553,22.73588480485032,0.8336491049939639,98.14323462876192,24.867374005305038
2026-01-21,152.18265993304894,369.21802910209396,1105.997870578493,0.4282503117897885,42.58843014314445,0.06340944201483975,0.03501715412453535,15.225363415147545,1.301313143262747,0.6908789959290064,0.7997161042093738,10.410505146101976,0.11830119484206791,56.4296699396664,2.590796121912963,2.661776883946528,8.517686028628889,0.20584408015340627,0.7050751257715572,35.49035845262038,0.013013131362114464,255.05737607949843,0.07098071972576103,1.3533656193521,21.530817461256362,0.8328404071753257,97.64580911085562,24.84325091683426
2026-01-22,153.18906026621522,376.32877752467726,1197.798025816249,0.4294798649344013,42.71070615034168,0.0635914974078683,0.0351176921761932,15.90973876512856,1.3050493545937736,0.6928625845420333,0.8020121759778184,10.440394836750189,0.11864085041761578,56.59168564920273,2.728739559605163,2.669419134396355,8.542141230068337,0.20643508085809878,0.7070994730147794,35.59225512528474,0.013050493475222278,255.78967350037962,0.07450645655144682,1.3714882806113204,22.541761579347,0.7640470834781296,103.28872147707116,24.81966554530208
2026-01-23,144.46609323765625,372.095233569358,1199.4487478021197,0.43482394214592607,42.769567076937705,0.06367913478964982,0.03374043735426562,15.93166446128352,1.2949674022870163,0.6938174395984283,0.8031174534146552,10.454783063251439,0.11880435299149361,56.669676376942455,2.7325001188043534,2.6730979423086065,8.458869570432233,0.2067195753382055,0.7080739483613284,37.660979898303474,0.013068478758251385,256.1421850496602,0.07698522096508918,1.37813054002159,22.572827068383788,0.7651000400632585,105.09432775577835,23.867793790866845
2026-01-26,144.91928404892272,371.7948717948718,1178.3000949667617,0.432098777885111,45.622033158145626,0.06362773187932579,0.03513770225720528,15.479581421709922,1.2464387464387465,0.693257378037499,0.8024691629726777,10.446343779677113,0.12345678559508873,54.96201329534663,2.7184235064732043,2.670940170940171,8.49952498505711,0.20655270768479858,0.707502378697409,37.630579297245966,0.01305792965384064,255.9354226020893,0.08143399685536355,1.3437796408860658,22.55460588793922,0.7644824379416499,105.62677917770284,23.753561978100148
2026-01-27,145.2261484176114,368.77542766053625,1199.1149389736147,0.4246865329450641,46.194476377461726,0.06804501757070744,0.03473626557879489,15.512359198744305,1.2490780614308485,0.6947253399381279,0.8041683791584587,9.992624491446788,0.12371820345138437,55.078394518331706,2.7360757536104305,2.6765958459232473,8.517522599286371,0.20699007988588697,0.7042421160921636,37.710261473674194,0.013085579620274743,256.4773619471342,0.07851348126692723,1.3609002379652282,22.36444529038091,0.7661012178178558,102.32923463717628,24.160739228606936
2026-01-28,145.11221576979423,368.48611639406613,1217.4305819703309,0.4374286880416986,45.68276998433562,0.05943324457968809,0.03328261710632523,15.726036878537206,1.2956446864932332,0.6561430178925581,0.784518817115891,10.460251046025103,0.12956447715131716,55.03518448079117,2.7220425564057473,2.8052491895052447,8.130468039877199,0.20682769227091372,0.7036896248923004,36.028433589710396,0.013075313736681431,256.27615062761504,0.07607455136160199,1.3550779310729213,22.346899961962723,0.7655001969879777,102.24895542590234,24.141784673772776
2026-01-29,145.84721059057924,374.01293882599185,1225.145086100276,0.43763676942693397,44.44867398030932,0.0642184403788498,0.033060602837381915,15.73351763054869,1.2962610144765334,0.6564551399636707,0.78489200654464,10.703072971173057,0.1296261099536915,55.06136428503473,2.6876605914601046,2.806583624473139,8.181905034221032,0.20692607857681752,0.7040243645102685,36.73532417187761,0.013081533560550085,259.49005803444015,0.07611073942713412,1.346208697415115,22.357530206450388,0.7658643394087693,103.96251691169148,24.15326873079579
2026-01-30,150.12474463418528,373.64856837352977,1202.803849352501,0.43483427418684667,44.40537124457942,0.0617797292297153,0.03302839457514281,15.718189741209198,1.2949981725710198,0.6558156089968532,0.7841273499622868,10.83521408438187,0.1235594584594306,55.007722466436974,2.7325650469288347,2.803849397822232,8.078887964833076,0.20672448729199752,0.7033384907085595,36.69953592687233,0.01306878928406244,259.237257930379,0.07603659091064337,1.3544017605477336,22.335749079244387,0.7698705024442778,102.19793420542132,24.343589627715858
2026-02-02,153.89729390703275,380.35091051544435,1198.508986443173,0.4321090368840873,44.426504693175886,0.0617298583687307,0.03656307109986823,15.705501442550608,1.3889218415994131,0.6552862106088124,0.7834943736357188,10.826467502581043,0.12939528875075396,54.96331821743156,2.65913241275081,2.801586027857941,8.262304242042914,0.2255514110209338,0.7027707301092079,36.43248817594012,0.013058239678524366,256.46381708299697,0.08143593028200842,1.3485599915331852,21.961585032883022,0.7502552496096034,102.11543628849584,24.585104834340278
2026-02-03,149.3351032308531,383.7675113186527,1239.4813568160807,0.4266717122137825,45.037570815654114,0.061630357802938546,0.036504136147518185,15.680186200933678,1.374831154321204,0.663711558611962,0.7822314818110517,10.809016634062885,0.12326071560587709,54.87472444117856,2.7022541585157214,2.797070232710281,8.248986473809596,0.22518785125253538,0.701637954380964,36.37376370641245,0.013037191481256495,256.05043050510227,0.0813046660712521,1.389053531541566,21.926185791831607,0.8296394623936283,101.95083938263342,21.21506625263707
2026-02-04,149.11595540722857,382.84929820824163,1183.3416175530783,0.42131174025178597,45.1702990219628,0.05917299817747166,0.03384695653760331,15.76368635331513,1.3728136028627573,0.6532698976220164,0.7810835646562722,10.793154506407511,0.12307983169459956,54.794196312338755,2.710123271382787,2.7929655591220772,8.378896903093306,0.22485739025280388,0.7006083074503474,35.870672217509956,0.013018059528504053,255.67467896799334,0.0811853522579922,1.3396766426216264,21.894009325664513,0.8284219744846032,105.51728746076091,21.92714606017857
2026-02-05,151.59769760996755,383.1394935689414,1171.210649738257,0.4050501073375589,44.49866182115061,0.05921785062889357,0.033872612141014335,15.669043637842316,1.3738541797699655,0.6537650686840033,0.7816756170064865,10.659213113200842,0.12317312479013517,54.83572968235545,2.6648032783002105,2.7950825948634113,8.432621568117368,0.21199990073347552,0.6964019369496788,35.89786177410944,0.013027927067763406,244.30917033755654,0.08124688982040203,1.3217424079650506,21.910604732690622,0.82904990880451,101.85470308169694,21.550560996028516
2026-02-06,151.64439389631315,383.2575111363852,1171.5714150317506,0.4170220809551836,44.51236864049653,0.05686664644004881,0.03269832161475941,15.673870136925151,1.374277364878889,0.6444886808383636,0.7819163947294769,10.662496445834519,0.12321106552139932,54.85262060468202,2.6537768479919293,2.795943557656825,8.672163414397,0.20140271629273482,0.6966164480192539,35.16254238851398,0.013031940029849488,248.31769500521278,0.08127191611098268,1.3316273067858693,21.91735380532651,0.8340441619103672,100.25116247358442,21.566675349034785
2026-02-09,152.85687457456132,388.19286256643886,1173.2393697798025,0.41049734697073986,44.57574046373186,0.05789673565437871,0.03179574870393415,15.69618487231371,1.3169134848934279,0.6311693445877677,0.783029601441791,10.440394836750189,0.12338647990853113,54.93071374335611,2.6575550040967006,2.669419134396355,8.779422930903568,0.2135535250944718,0.6928625845420333,35.699031166534304,0.013050493475222278,248.67122247532268,0.08138762214189238,1.338268761030181,21.94855732725892,0.7735383424599602,100.39388907163904,21.236712224753227
2026-02-10,156.50936684847048,387.95352146075413,1211.2876452454352,0.41024425398944425,44.54825719951425,0.06402656170947026,0.036044580296992916,15.68650735733434,1.327958241553846,0.6924353986943196,0.7825468229348552,10.433957789898033,0.12331040572125058,54.896846099122605,2.64405966766191,2.762627369819842,8.347166412838382,0.21342185823052934,0.6924353986943196,35.80744605169552,0.013042447166700683,248.51790372302588,0.08181171420628577,1.3658999831353655,21.935024899217456,0.7730614158082184,102.39506468887095,22.399810074572603
2026-02-11,156.375284594243,370.6559127031195,1205.076503380382,0.4103902310695022,44.564108791448604,0.06404934426019122,0.03558296903343957,15.69208908216793,1.3402918029575215,0.6642153842524693,0.7828252763174676,10.437670501719845,0.12335428322298986,54.91638002609418,2.6450005025572945,2.7754714290748757,8.777132012809869,0.21349780006123642,0.6926817877580229,35.82018740362947,0.015419285402873732,248.60633376823628,0.08184082524206077,1.36164150661088,21.942830032024673,0.7733364940014843,103.26176913603814,21.591743955181215
2026-02-12,156.49036468688428,370.92868673440324,1205.9633463108917,0.4106922464802693,47.04681242896716,0.06409647961467003,0.03560915534148336,15.70363724382274,1.3887569804939153,0.693191547881005,0.7834013750632144,10.445351818440795,0.12344506241727132,54.95679422656918,2.6825563077425847,2.7775139609878305,8.54619694236065,0.21365491789909366,0.693191547881005,35.84654828601273,0.015430632802158915,248.7892887664989,0.0819010537479601,1.3626435692522467,21.95897825467667,0.7739056097386898,102.93419573248401,21.0141479069097
2026-02-13,153.41191807427924,370.6031640615735,1194.2316358720145,0.4103318277729386,47.00552469718016,0.06356585628322863,0.03439197263529681,15.689855915627929,1.4112568035068278,0.6688645746644525,0.8064325076178059,10.43618509997391,0.12096487048771538,54.90856478736273,2.703920594513952,2.6446240882641003,8.681008153061144,0.21346741684451082,0.6925832110941261,35.81508977491046,0.015417091059465907,248.57095419937858,0.08135480533070641,1.3661915582841575,21.93970731244515,0.7732264392360847,102.8438618874115,20.635184174948414
2026-02-16,153.57948184565328,374.0947405912383,1195.5360322925324,0.4107800116522584,45.55146535388594,0.06363528592561325,0.0320550885348256,15.801971518878739,1.412798245106289,0.6695951402689773,0.8073133314418691,10.447583996200878,0.12109699405514825,54.96853852546599,2.6831295715861008,2.778107517337086,8.73797916112087,0.2137005760793404,0.6933396833180447,36.186630392136856,0.015433930337365358,235.66425264157664,0.0831057803726785,1.3676837774858923,21.96367090110412,0.897542436516626,102.95619282999303,21.25133562863588
2026-02-17,153.4228349999926,376.20380473457,1162.5314293846957,0.4103610273432057,45.505004112597994,0.053607855227025346,0.03225959661060201,15.785853942729213,1.4113572297701829,0.673656225193157,0.8064898940574581,10.436927747995636,0.123345505224753,54.912472128658855,2.609231936998909,2.7752739241105218,8.681625901162555,0.21348260737182553,0.6926324959186739,36.14972102483144,0.015418188153094125,235.42388158831065,0.08302101476339853,1.3662887776654102,21.94126856112719,0.9013710214707255,103.18326296313867,21.34351804092547
2026-02-18,153.39736458981827,376.141349460453,1214.7515712083482,0.41029290147598396,45.49744962359555,0.058342228577002136,0.033202893536356325,16.1626945395183,1.4111229240519714,0.6735443885140072,0.8063560050675754,10.435195066998697,0.12332502808644935,54.903355863868136,2.585082323853972,2.774813188489301,8.537886872998932,0.2134471661705543,0.6925175089040544,36.392742072392316,0.015415628510806169,235.3847978180956,0.07352069308293271,1.366061953962252,21.937625993122257,0.9012213808410493,103.16613304873711,20.993714370465174
2026-02-19,153.2955674621309,375.89173559595196,1239.3050980020384,0.4100206240545793,45.77536543731151,0.05830351167135059,0.03318085952552472,16.35342355367004,1.3272343527676556,0.6636171763838278,0.7821202456133208,10.428270092195389,0.12324318747813943,54.86692105325528,2.6781694097918765,2.772971774764804,8.5322209845235,0.2133055189624208,0.6920579423823728,36.368591223246085,0.01540539843476743,235.22859242054372,0.08508520308520268,1.36515541177016,21.923067807456214,0.9006233148428139,103.09767022965896,21.207310064923945
2026-02-20,159.6873548571841,380.27001421127426,1239.9336807200377,0.40738986940081223,45.030789937751656,0.0582662261475437,0.03552818710574715,16.34296541923259,1.326385576653853,0.6821411924303452,0.8053055649851804,10.421601136901941,0.11961155737366849,54.831833254381806,2.6882994745309627,2.771198438954319,8.668876947920674,0.18948365985810728,0.6916153662467894,36.345333242122734,0.015395546569354383,235.07816200852673,0.08692563088343415,1.3642823848606904,21.909047844623398,0.9000473596201525,103.03173851255328,20.966365855771294
2026-02-23,158.943526195375,383.98731481043217,1228.2860794244334,0.39996214730450586,43.09651301735117,0.06342594941916037,0.0331329579675407,16.353480966091045,1.4673166586039517,0.6910588527225696,0.8046575697845013,9.93988734794339,0.11951531103129372,54.78771240592607,2.6506365809781647,2.768968573215586,8.709234448113918,0.18933119040112867,0.6957921278980592,36.31608769542344,0.015383158426613863,234.88900459128132,0.08756567538419359,1.3584512167175096,21.891418563922944,0.8993231297193839,101.15018552006542,20.116438680361625
2026-02-24,159.22614940751023,384.6700964935157,1235.686004883947,0.4054150259956311,43.17314448031381,0.06353872938564693,0.03579980395122245,16.026932472111973,1.4699257472356235,0.692287649373846,0.7823798459698628,9.957561819862965,0.11972782551308196,54.88513241186372,2.679058344373945,2.773892176027202,8.724720651760483,0.1896678470141371,0.6590957517697836,36.38066263975964,0.015410511775009888,235.30666919557123,0.08772137906739647,1.3703502239997034,21.930344484222005,0.900922248587279,101.3300443103166,20.152208444960763
2026-02-25,160.73544624320297,382.8839501492679,1234.8955124863762,0.4027863449944832,43.145525779158326,0.06349808242328583,0.0355399720325225,16.016679731346514,1.421598824811638,0.7060607541755879,0.7534473929671616,9.951191773681467,0.11965123329186096,54.85002132398237,2.6654977965218216,2.7721176631912847,8.719139278079075,0.18954651279934817,0.6586741153840142,36.35738922149509,0.01184665704995926,235.1561389375918,0.07866179864564643,1.3694735842790953,21.916315215846087,0.9003459110828518,99.41714592795233,20.371511954919583
2026-02-26,160.5718536330002,381.66583824469217,1233.638666003929,0.402376398893161,42.34893090225693,0.06248668573681946,0.03550380031727721,16.000378346025016,1.42015195625932,0.6864068014313787,0.7526805526183347,9.941063693815238,0.11952945518985737,54.794196312338755,2.6272812093705715,2.7692962695602588,8.710265151142169,0.18935359698949775,0.6390683916030476,36.320385559005466,0.01183459981184361,234.91680276456248,0.07834504964340425,1.3680797675231011,21.894009325664513,0.8994295610112155,99.31596158572171,20.951974400119862
2026-02-27,160.6288829886022,389.6150021309845,1234.0768101529575,0.40251930853902446,42.36397172158576,0.061561772615252364,0.03314864814984289,16.02973835020178,1.4206563432305725,0.7008571383593722,0.7671544276025817,9.944594402614008,0.11957190775953697,54.813657242979595,2.628214325299457,2.7702798241381674,8.713358724501717,0.21309844583940477,0.6392953657441199,36.33328525553871,0.011838803036666682,249.7040241478282,0.07363735130690499,1.3590945141635091,21.901785291471327,0.8855424562051294,99.35123504842441,20.959415788953546
2026-03-02,152.1169359859811,388.5569907199698,1188.2216817398287,0.4014262550907261,41.096600459546345,0.06139459974574532,0.035183830535291644,15.986209107237997,1.4167985076389054,0.7272898825724468,0.7650711963769495,9.917589553472338,0.12278919949149064,54.6648090864011,2.5974639306713265,2.7627570448570538,8.736924130439917,0.21251977051598436,0.6375593396972103,35.278281398966776,0.01180665440625707,238.49441545254908,0.0779239210165581,1.3790172501329172,21.133911072280338,0.8831377386801916,99.08144374212276,19.712390695632386
2026-03-03,147.50989252850687,352.85302863565056,1170.7134327659276,0.39804257830520867,38.86768596782879,0.06087709627086957,0.03488726121752009,15.851459165103886,1.404856119319113,0.6415509633886869,0.7586223066652797,9.833992835233792,0.12175419254173914,52.166991278596505,2.5521551941113754,2.669226537387968,8.663279402467863,0.2107284123154703,0.6321852648583942,34.50092629270543,0.011707134502109171,227.0949974043088,0.07305251971184097,1.3908075715236738,20.01919970029736,0.791402307345271,94.71071671076353,19.312089572908192
2026-03-04,137.7161304046129,353.0762382268872,1217.8435874607562,0.39829437413516605,35.86523635983662,0.06091560621884092,0.03490933038140353,15.86148656301068,1.4057448104587413,0.7028724052293707,0.7591021998820915,9.840213673211188,0.12183121243768184,52.19999134336671,2.6006279887235193,2.7412023357071216,8.668759664495571,0.2108617159828832,0.6560142337088899,34.2884602651037,0.011714540261716427,234.29080174312355,0.08083032632208123,1.3916873757603812,20.031863549037062,0.8012745598364521,95.61407762136629,19.511737683167816
2026-03-05,146.1713192438754,352.78694664887513,1216.8457522766112,0.39328603308938187,35.83585032447379,0.06086569526494296,0.03441252894182426,15.848490518585619,1.3811831578452212,0.7022965095863474,0.7444343157893115,9.832151134208862,0.12173139052988592,52.15722149302568,2.6336119109488028,2.738956342735945,8.427558115036168,0.210688947294553,0.6601587033833831,34.26036615481322,0.011704942000856347,225.85855462531748,0.08053000250076325,1.4045930191726947,20.015450523210898,0.8006180387887598,94.5759299576281,20.36659877800407
2026-03-06,145.734630508592,349.2822966507177,1213.2104096160579,0.3921110859021852,36.39631285830464,0.06301785756303793,0.03430972105981811,15.801142945090952,1.3770568550279918,0.700198389543704,0.7422103084974213,9.802777453611856,0.11786672779358813,52.00140110905772,2.6724238089077224,2.730773674703031,8.682460208411587,0.21005951129843436,0.6581864705899866,33.84292216127903,0.011669973332957884,228.1012925179061,0.08028941806103637,1.3630529005923422,19.955654101995563,0.7982261818867884,91.02579064068152,20.1890535651768
2026-03-09,145.82652725817707,349.50254565836804,1116.7032556401514,0.394693833719571,36.41926349698871,0.06305759510692607,0.03433135594394664,15.81110676543561,1.3779251939295232,0.7006399177915831,0.7940585957698706,9.808958849082163,0.11794105171461265,52.03419194071601,2.662431598517043,2.732495634841688,8.59451614672814,0.2101919697692891,0.6586015071331679,32.69652949694054,0.011677332137198857,220.0009341865571,0.08034004663517923,1.4012798355831662,19.968237657060115,0.7987295241005992,88.32734182050336,20.19711414753926
2026-03-10,139.0289076969967,355.30912245328585,1121.0231402246031,0.3844981562129007,39.626756446782395,0.06330152878551006,0.034464164274679555,15.872270871507792,1.3832555964099669,0.7080392893645262,0.797130353167991,9.846904086465196,0.11839729801693397,52.235482393209814,2.672731019747796,2.7430660936546403,8.205753405387663,0.21100508197738543,0.6658382561998715,32.82301362155065,0.011722505039518454,231.54291036643085,0.07314843186582459,1.4067005837807423,20.04548331887558,0.801819350642146,90.2867338999638,20.51438351346916
2026-03-11,140.30971374941345,353.35523228531207,1121.8911309244488,0.3965274653262457,39.887376818395126,0.06335054217006947,0.03449084933852434,15.884560522816095,1.290473955889254,0.7226653973970096,0.7977475587441183,9.854528390427031,0.11848897119465708,52.27592751097087,2.6748004736110453,2.5692162856089014,8.212106992022525,0.21116845991509672,0.6663538043569479,33.634445355118636,0.011731581591989223,227.02955785686007,0.07226654113821444,1.3890192576944969,21.703425621773818,0.8024401868357451,90.35664150715994,20.530267480056313
2026-03-12,140.26034947812832,345.72534302802865,1180.2509675149527,0.3940424410807817,39.873343497126776,0.06285915484360742,0.03283687125508302,15.878971959245266,1.2900199366717486,0.7224111466415046,0.8162308007677933,9.851061334584262,0.11727453969743169,52.25753560496255,2.650404641898643,2.7442241841832153,8.584495947958507,0.16418435278036148,0.6661193653499031,32.520228426523836,0.011727454144495851,226.94968349617395,0.07224111606217191,1.388530567912266,21.695789844024866,0.8021578694251075,91.89632644375953,22.76064287921364
2026-03-13,139.9943814963948,345.0697630864313,1185.0360520648,0.3932952400851935,38.86131660267815,0.06789024994272631,0.033008709294551075,15.848861538590267,1.2875737428598182,0.7210412781407562,0.8193651090926116,9.832381309111339,0.11705215844180165,52.1584425160965,2.6453788254365724,2.739020462886304,8.193651090926116,0.1638730190277814,0.6648562398560988,32.458562107052245,0.011705216018601474,222.3522773183277,0.07865904941240916,1.3858975738116737,21.65464931173331,0.8006367816026653,90.59837063395449,23.972282406095818
2026-03-16,138.8531154143349,364.3430819303627,1178.261174983024,0.39337812245016335,38.86950616994872,0.06790455701766683,0.033249819619538316,15.85220150051331,1.2878450839440843,0.7211932291441813,0.8195377806916899,9.834453368300279,0.11707682581309856,52.16943429689695,2.6459363080372924,2.7395976793652417,8.476362367513396,0.16390755334700893,0.6649963505208307,32.3834507344833,0.011707682755767921,222.39913545624108,0.07703655049179356,1.3861896354915928,21.659212775423235,0.8148547121252925,88.95497082363181,23.279555615928377
2026-03-17,140.13544864434186,364.633374733438,1179.1999625055657,0.38666134936801777,39.83314876562208,0.06139713507753678,0.033276311637138775,14.763433552832003,1.2420031848557316,0.7498886995720282,0.8201907529351112,9.842289035221334,0.11717010756215875,52.21100064484752,2.6246103646955072,2.7417804722576657,8.389379522663171,0.1640381477934692,0.6655261908394797,32.409252466842695,0.01171701093081294,219.10810114123686,0.07709792988196348,1.4247884900771108,19.80174817800483,0.8155039531023098,89.02584629542905,23.797249561024024
2026-03-18,137.66130068455203,362.77196187264343,1206.3514368017986,0.3864259060301511,39.80889382129302,0.061359749529584465,0.03325604923983285,14.75444389798356,1.2412469122777732,0.7494320821760968,0.8150073816889123,9.83629593198904,0.11475678810668709,52.17920865869407,2.623012203860778,2.740110964955886,8.384271115731176,0.16393826274129863,0.6651209429188767,32.38951803362089,0.012880863650665538,222.44080371740995,0.07096184994951674,1.4286048630254968,20.60938195273894,0.8150073816889123,88.90138085283394,23.782759093130476
2026-03-19,132.76591479247287,355.9987841092431,1204.4333247597447,0.3858114845928267,39.04879930787757,0.06500338979563146,0.034839947607713084,14.730984170037646,1.3328032850714655,0.7482404769293417,0.8137115109952735,9.82065611335843,0.11457432355244539,52.09624314348863,2.6071502837538927,2.735754158408384,8.370940032515852,0.19641311613486012,0.6640633933101016,32.33801834399369,0.012860382935903098,210.09189328220356,0.07482404490552123,1.4029508733369187,20.576612808941473,0.8137115109952735,86.77251294304385,22.573479766064334
2026-03-20,133.89101785213572,351.0842134778951,1142.746985699598,0.3855500458356253,39.0223385363118,0.06495934132605315,0.034816338894734684,14.72100196280026,1.3085334855202748,0.7477334441732207,0.8131601128781863,9.814001308533507,0.11683334891111317,52.060940987886205,2.6053835915810524,2.7339003199516627,8.365267603762161,0.1962800200425171,0.6636134017593494,31.837087578278343,0.012851668310584347,209.94952799327038,0.07477334163179797,1.425366834431388,20.56266940835592,0.8084867833785804,85.47527521099371,22.08150294420039
2026-03-23,136.3455646764424,345.19048621342876,1143.735821698356,0.3858836680367039,39.05610514745434,0.06501555161228678,0.03484646599169919,14.733740265207325,1.3096657790482866,0.7390257222644796,0.8138637524435759,9.822493510138216,0.11319254364634243,52.10599009606347,2.6076380688346954,2.7362660046458376,8.37250619449953,0.16370822238103583,0.6361233959190414,31.864636684674572,0.012862789050720731,213.3118116854785,0.0748380441187686,1.3891812383873474,20.58046259267055,0.8091863790423005,84.19280151547042,22.100610397810986
2026-03-24,133.24298084007833,352.61952610179,1142.800392578399,0.38089451680881165,39.02416226573819,0.06496237723488738,0.034817966054565254,14.721689956535963,1.3085946405179625,0.7384212940670861,0.8131981163418905,9.814459971023975,0.12151235708896427,52.06337408322611,2.617189281035925,2.7340280902147818,8.225452344473396,0.1635743300647453,0.6496237723488738,31.83857550123849,0.012852268940032897,213.13734999905068,0.07477683620307582,1.4020657101462823,21.030985652194232,0.8085245684317831,86.71776559880256,21.50768820758222
2026-03-25,135.79467593506527,353.05678388432653,1144.2174960810464,0.38136683634721424,39.07255328607192,0.06504293234575163,0.03486114127744006,14.739945251631923,1.3102173333877467,0.7019021548396154,0.8142065040765276,9.826630167754615,0.11324021370052073,52.127934080100566,2.573641234411923,2.7374183592487626,8.329238547090872,0.16377716667346834,0.6691466964029446,31.878056198965865,0.012868206102331902,213.00391296742296,0.07486956150942717,1.3757282502610886,20.472146182822115,0.8095271608401705,87.5973874959604,21.422053194495625
2026-03-26,133.94109396914448,352.7349228611501,1156.732117812062,0.37868162804309763,39.036933146330064,0.06124357048068553,0.03482936043335824,14.726507713884994,1.3207106347282451,0.7713884881524742,0.8415147042151867,9.817671809256662,0.11360448841292929,52.0804121205605,2.5712949976624593,2.7349228165650157,8.087891181421481,0.16362786070104515,0.6685366748704594,31.84899485741001,0.012856474918648149,209.09303412809726,0.07246376867325521,1.4025245441795233,21.03786816269285,0.8742403014344889,87.14352215824422,20.57503427841665
2026-03-27,134.1884385293989,351.9123134328358,1154.034514925373,0.3777985085747135,38.94589552238806,0.06110074498982571,0.034748135245780444,14.692164179104477,1.2826492537313432,0.7929104700017331,0.839552216565431,9.328358208955223,0.11333955257241404,51.95895593557785,2.553638015220414,2.7285447316383244,7.92910447761194,0.1515858153353876,0.6669775874757055,31.07509328358209,0.012826492467811748,204.19775550045182,0.07229477667541646,1.3992537313432836,20.98880597014925,0.8722014947613673,87.22014925373134,20.40578358208955
2026-03-30,131.21633624605832,351.82206057214796,1153.7385465482269,0.41267398310286857,38.93590729989974,0.06108507484469298,0.034739223597935825,15.271269030799,1.2823203002960992,0.746077276744239,0.8393369015953389,9.325965820335268,0.11424308352259055,51.945630330782166,2.552983098847109,2.6112703852242047,7.927070947284977,0.1515469390217393,0.6621435532324523,31.06712363899186,0.012823202933477133,204.42516793569015,0.0722762356634692,1.4035578515134908,20.983423095754354,0.871977806424831,87.64076237357122,19.817677368212443
2026-03-31,136.48233339878357,351.8138580621095,1117.9240884080948,0.41033292699413804,38.93499953371258,0.06108365068459682,0.034738413674789366,15.597314540212372,1.3056047525488594,0.7460598824218306,0.8393173329834394,9.325748391308402,0.11610556652683114,51.94441925108594,2.6694954325433966,2.727781359989074,7.926886132612142,0.15154340580018233,0.6621281157720115,31.066399328546115,0.012822903968566814,204.42040189148761,0.06528023901708778,1.4035251284450512,20.982933880443905,0.7880257657467401,87.42889116851627,20.86636202555255
2026-04-01,138.21232956531873,351.7072602260809,1117.585363011304,0.4102085981734662,39.61775917201703,0.06059899556304786,0.03472788810952256,16.012119088274606,1.293555574113708,0.7831254853969992,0.7271879467565744,9.322922736277823,0.11420580574216133,51.928680352350035,2.668686588804367,2.7269548559061034,8.297400879645984,0.15149748890761966,0.6619274942709036,31.0569863652255,0.01281901869292082,211.60704449692636,0.06759118789310098,1.4030998673642965,20.976576156625104,0.787786997888572,88.54445726523352,20.86003962242163
2026-04-02,134.85138350986887,368.3915822873408,1118.7065465913863,0.3814567660079457,39.42886472866409,0.06485931527669662,0.03476272780875987,16.02818276054365,1.2948532944647622,0.7932434546608724,0.7979095880486083,9.798889459194625,0.11618683121340212,51.0942093229434,2.7763519244389605,2.7296905905616016,8.072418103243221,0.15164947416316132,0.6625915529301739,31.088143343754375,0.012831878984176374,211.81933283889285,0.07232513704077873,1.38584295115031,20.997620269702768,0.7885773212731366,88.63328680334197,20.876301469118005
2026-04-07,132.7721238847115,371.5655325616742,1118.0872208581784,0.3858295279219319,39.28446159242371,0.06500642982321456,0.034841576975074603,16.06453804471932,1.297790293636119,0.785689207318093,0.7997194145431884,10.47585624624355,0.1145796818746038,51.21010171869519,2.876183839760286,2.7358821020145294,7.903659356263427,0.15199344701464795,0.668771166864451,31.158657780895588,0.012860984380212036,212.2997835646118,0.0701508270597285,1.4030164854437037,21.04524728165556,0.8043961317012648,88.834325709455,20.975095743772286
2026-04-08,133.1707174034216,372.68100476112295,1121.443816403593,0.3916785789536449,41.05589113956371,0.054881909463000596,0.03494617443392043,16.11276519179168,1.3016863735100648,0.8443370557573395,0.8021202421122371,10.69493596503532,0.10788751749528584,51.363838919248536,2.8613644977988923,2.7440954591704707,8.021202421122371,0.1524497446251242,0.6707788763505466,33.14023103214527,0.014072284320870486,232.19269648427422,0.06660881612175448,1.3931561923260218,21.10842695311584,0.8068109991839151,90.25024926541941,21.68539040844165
2026-04-09,136.3177359640328,378.9604716161308,1123.0241679780163,0.3887075114239544,41.113747575394655,0.05871714775583062,0.034995420986426135,15.524813508260586,1.3035207249770682,0.9206848947304754,0.8032505992188143,10.710007392282476,0.11696455737766498,51.43622143410762,2.971087586849772,2.771449418872834,8.36132148204925,0.15266457856545604,0.6717241456880065,33.186932628357525,0.014092115146416022,227.25884294007037,0.07280926377720032,1.3904220767771205,19.96383023698241,0.8079479665595178,90.37743095872625,22.185686893034422
2026-04-10,138.23757385596969,379.459561158016,1246.4429340796312,0.3762846649518727,41.16789422914743,0.06537945888830861,0.0350415098266519,15.545259630328799,1.3169962852784667,0.8701582859489936,0.8043084772921486,10.724112432473623,0.10818184152410579,51.50396274781872,2.916206020208902,2.775099407524485,8.372333311568658,0.15286563725174432,0.672608803907675,32.52510595982169,0.014110674410031629,227.5581419971161,0.07243479653137742,1.3687354887376535,19.990122527692197,0.8090120310482958,89.76741191576662,22.233720024347342
2026-04-13,136.39141430043298,379.16529585937866,1245.476335949617,0.3924425335067575,41.13596913374955,0.06579875010388986,0.03501433565209065,15.674201473008928,1.3864736794114376,0.8929830221169066,0.8365840914554545,10.715796041293673,0.10809794809997891,51.464022183578514,2.9491940101365004,2.631949948128293,8.318842300577833,0.15274709220241156,0.6767871679374249,32.49988321938192,0.014099731789936433,227.8986670566736,0.07237862441393758,1.4099732105090004,19.974620482210838,0.7519857234769272,88.0293288770775,21.976781652269214
2026-04-14,137.79305724839057,383.20308822144807,1256.9437906035212,0.37661237732837255,41.20374801142967,0.06590716533096999,0.03507202804206443,15.700027527596786,1.3887581431521117,0.8944543716025525,0.7908859559118315,10.733452234752164,0.1082760588326547,53.64372325969409,3.1541285233335543,2.671594101654676,8.332549083391136,0.15299877039783025,0.6779022960269555,32.55343259856836,0.014122963623692565,237.68948022619543,0.07296864758125077,1.4122963939365407,20.007532247434327,0.7532247546567451,89.42189857275312,21.485735519088802
2026-04-15,139.79914187373285,383.79933047291246,1247.1120750624737,0.39134328978768423,41.503607678758506,0.06600971313878376,0.032061862273321695,15.724455879165022,1.3791314782951976,0.9241359979947065,0.8392663357017166,10.750152877109034,0.10844453023354479,52.878495697995625,3.0647366683954926,2.7700504502805416,8.392663132189425,0.1532368277990811,0.6836720485094611,32.604083891686976,0.014144938153353647,238.0593115641871,0.07308218265457726,1.4144938469517658,20.038662831816684,0.8581262918817896,91.2348531283889,22.268847914676
2026-04-16,140.87759527571492,389.4282886364707,1260.7814488381957,0.3911957313996792,41.48795848889046,0.06834142236304608,0.032992411885762934,15.55356553706933,1.3786114683113937,0.9237875468477977,0.8436630823646261,10.746099466022786,0.11547344335597472,52.858557536823724,3.0164491188044638,2.769005985766131,8.389498627072888,0.15317904891316916,0.6834142657697675,32.591790321854596,0.01413960471765459,239.1478502599257,0.06645614489447348,1.3998209118208178,20.031107131074137,0.8578027300994897,91.20045246736107,23.42932510933339
2026-04-17,145.73885109599397,390.32974300831444,1263.69992441421,0.39210127707421555,41.583995429836975,0.07511337603796456,0.03306878320957257,15.589569160997732,1.3818026985621146,0.9259259439469826,0.7983749325493475,10.77097469626821,0.11810279667422524,52.98091530889971,3.0588623888097923,2.645502600450004,8.881329949480605,0.15353363004491263,0.6755479721976155,33.458520856123485,0.014172335284130644,239.7014332466385,0.06660997856321069,1.4030612380055885,19.959372637944067,0.8597883845673127,90.15967786447261,23.655990534268447
2026-04-20,143.3564782013131,390.27443200604597,1249.3505266638324,0.39086485555471406,41.57810284156577,0.07510273222670794,0.03306409725474622,15.58736006801757,1.3816068925966105,0.8738368635595191,0.7982618002080482,10.769448413896624,0.11808606112134523,55.075338186255294,3.0348118609110872,2.645127724071876,8.266024278494166,0.1535118738269666,0.6754522448386531,33.37112159363228,0.01417032701782993,242.35982031360703,0.06660053971121078,1.4123092955159147,19.95654432950734,0.8596665497388348,89.98157857446506,23.617212224269046
2026-04-21,146.51996779345018,392.74246859949005,1248.9375767305696,0.3883747239886943,41.564359961223396,0.07507790839416537,0.03305316852300653,15.346113891774484,1.3811502277440195,0.9254887327164854,0.7932760164075515,10.388138634431957,0.10765889135858404,55.05713404198749,2.9511757484181698,2.620644154658071,8.499386155444329,0.1534611332888238,0.6752289864708247,33.36009138062089,0.014165643275780408,242.2797127141078,0.06657852612267653,1.426008112629386,21.248465388610825,0.8593824027066236,90.18793087165928,23.392199884562917
2026-04-22,142.5707131870975,396.0559526336895,1243.1297619890076,0.38213856173622335,41.52808318631798,0.07595593539040843,0.030901327402681183,15.403487144518627,1.379944779711879,0.9246809794763158,0.8444790233543402,10.379072016606514,0.11700044627503793,55.00908096814148,2.983983114790242,2.618356894173502,8.49196801358715,0.15332719462131533,0.6840752235905531,33.33097517320261,0.011794400194621297,244.8989104738695,0.06746397125738693,1.4200457577728667,19.696648031514638,0.8586323461194477,89.63744014341991,22.890571772586828
2026-04-23,142.3088753300046,395.328577146759,1198.93574439029,0.3767276550686016,41.451814897637874,0.07817098428664626,0.032492758951503525,15.37519791192998,1.436274141092173,0.8947281562280814,0.8240917331826424,10.36001036001036,0.11678556942237488,54.90805418950394,2.978502888684108,2.6135481579123936,8.240917331826424,0.16717288939331024,0.6828188870917642,33.26976126103879,0.0117727392208938,244.87297214569944,0.06734007048372782,1.4127286854559582,19.660474205928754,0.8570554272101375,88.50745070671385,22.84853215500632
2026-04-24,142.37256770330316,395.50551210779236,1199.4723452369735,0.37689626492081835,38.867426740789604,0.08009045594466191,0.0322717409112345,15.382079301742632,1.4486950191669254,0.9233958532681489,0.8244605672288703,10.364647130877227,0.11683783847492894,54.932629074776735,2.979835960268132,2.6147178887849165,8.621501572157047,0.1648921106376781,0.6831244924544031,31.635730484254648,0.011778008278775573,244.98256854800718,0.06737020949576944,1.413360972392349,19.669273532460192,0.8574390146292695,87.8168255424877,22.858758342487363
2026-04-27,139.09438449183963,395.56141921500256,1206.474108278754,0.3710597106167167,38.40173396786505,0.0801017772172357,0.03227630271789395,15.384253652112758,1.4488998010100909,0.9235263808825201,0.8434245685591233,9.894925316873204,0.11732554208803754,54.940394135664654,2.8742401661558534,2.615087495045405,8.669839145516786,0.1649154191393938,0.6785091915471229,31.640202386975876,0.01177967317180843,245.01719832257456,0.06737973268422005,1.4088488948483924,19.67205390378363,0.7727465418154291,87.42873441632088,22.861989566867866
2026-04-28,137.78981391410204,394.3744851123926,1200.4236789455101,0.3718959733824513,36.930679980342326,0.07579145507839437,0.030834411500102705,15.370131352655717,1.4475697529404334,0.9226786104022467,0.8426503292235036,9.415087678004001,0.11721784063713879,54.889960444449144,2.989290292871634,2.6126869204353835,8.520654528172168,0.16476403155915526,0.67788633975307,31.84653478916272,0.011768859772874675,250.39426828954336,0.06731788004035316,1.4122631517006001,19.653995527833352,0.8144050931262734,87.34847736931049,21.296929117790654
2026-04-29,149.17582345664226,390.9281162555553,1199.2381310696735,0.3715286859913336,36.89420695005158,0.07571660284067969,0.03244997214544421,15.354951689928237,1.457897290959893,0.9076586392399711,0.841818121124475,10.346368189620712,0.10816657849005344,50.69720556435103,2.9863380462447706,2.6101066102640034,8.70035506854469,0.1646013093044586,0.7054341947468667,31.81508290068846,0.011757236754310922,250.1469769389153,0.06160791838511362,1.4108683894937335,19.634585087121124,0.832412340831243,86.01593994238219,21.40287267925469
2026-04-30,146.6278471759493,390.40484689085105,1197.6329137704302,0.3663347601868169,36.84482291388418,0.07561525382785987,0.03240653685490574,15.334398612567588,1.4676873943265076,0.9158369564548731,0.8688709486388587,9.862859289874132,0.10802179418200504,50.62934578797568,2.982340740481199,2.606612901904407,8.688709374412925,0.1643809853651773,0.7185797348251787,31.3498027428142,0.011741499329574032,251.54986642210102,0.06152545428244709,1.3854969226393556,19.49088859665602,0.8547811630904036,83.8577883955278,20.904564306562655
2026-05-04,143.05500702224523,381.34697997605576,1188.290804948473,0.34038358827289744,38.02906171506373,0.0798140809822481,0.03239512583462772,15.681119991492244,1.4671705908589403,0.9202094124965247,0.868565000982116,9.859386370572079,0.11690415172818239,50.611518135053785,2.9812905958508735,2.6056950589144643,8.82649791641144,0.16667057408444513,0.7183267078521892,30.798844326918985,0.011737364901771886,253.57401609706213,0.0615037898815401,1.380314118744787,19.48402544660673,0.8544801767422181,85.0489419453435,20.89720337169098
2026-05-05,141.36101066078052,384.8682665664772,1209.5524350725589,0.36162118110482955,37.347955443516135,0.06481002984216906,0.03240501492108453,15.685906882956326,1.4676184661625886,0.92049031989244,0.8688301431652927,9.862396092612595,0.11693983843208662,50.62696804196581,2.9704596859367567,2.6064904854810798,8.923120274268538,0.19489972838742764,0.7279387368225633,30.902175856740623,0.011740947904254463,253.65142327804324,0.06152256481387607,1.38073547983866,19.489973230639176,0.8547410193265802,84.67571645693786,20.908279931321875
2026-05-06,148.98483453037676,396.6326314051925,1283.0428938618622,0.3607894855542175,38.20124036126111,0.06508359305913203,0.032541796529566014,15.752117115513432,1.473813285542481,0.924375710683129,0.8489164299838631,9.904025278845472,0.11743344163625913,51.9018101029348,2.900464590924815,2.6174924850778707,8.960784776098285,0.19572240038453542,0.7310113671404646,32.37673097643262,0.008253354434176342,254.7220862527118,0.06178225163684596,1.3818473680086787,19.572240432004147,0.8583488822374076,88.33447452154493,20.515480934751338
2026-05-07,150.1041132912319,397.97463562369865,1287.384062085936,0.34544767133895815,37.39589320740058,0.06530380302050473,0.032651901510252365,15.8054143128331,1.478799924285444,0.9133068084175244,0.8517887338237196,9.89021371310348,0.11783077700806459,52.077419577776745,2.89844785159947,2.6263487557897327,8.849139107959234,0.19638462599628512,0.733484739880884,32.48627745877291,0.008281279611255823,269.59114717349576,0.06530380302050473,1.3817906853558326,21.176414915767555,0.8612531007250083,88.16013773034157,20.229982964224874
2026-05-08,148.19718354249173,374.1577018560114,1286.4404775978248,0.34401230474414096,36.89561486032813,0.07093037283861661,0.03262796939187389,15.793829779349288,1.4422508345271472,0.9268235196344593,0.8511644176930059,9.882964709081582,0.11774441327506423,52.039249581159865,3.0263624992871176,2.648067102320638,8.937226442146956,0.19624068644300732,0.7329471343261776,31.989597600604757,0.008275209870909472,269.3935511086565,0.06525593878374777,1.3807779058016056,20.569807305828114,0.8606218477134827,88.09552100804247,19.983448786633506
2026-05-11,143.9561995563317,371.8081842639354,1333.364799169302,0.3351111429378052,36.826828491942656,0.07787794711686927,0.03256713941165115,15.481190936451856,1.4513617065576607,0.9250955954816503,0.8495775486460019,9.864539396106231,0.11752489638620006,51.94223016555332,3.0089205644970973,2.6431301763499166,8.920564317048319,0.19587482496594597,0.7504602036053245,32.40194530885869,0.008259781976922549,268.8913070312131,0.0651342788233023,1.38292352232841,20.649454854391845,0.8590173466994324,87.57728939998952,19.82347666021617
2026-05-12,143.75206641563338,371.861900051811,1309.8770665536244,0.3320616001651827,39.56478733926805,0.07771654964745463,0.03249964592881414,15.449107077886367,1.4483538447005397,0.9278884784561394,0.8478168490962669,9.844095717832543,0.11728133294401681,51.834582945578546,3.026235311918828,2.6376524443655827,8.949178088643965,0.19546888590049916,0.7489049189292079,32.499646742970185,0.00824266406410711,266.1202957938863,0.06499929185762827,1.365927226869875,21.1954217888936,0.8572370837228993,87.39579061361114,18.614290639990426
2026-05-13,143.5661087127649,371.38085942093755,1308.1826093092177,0.3316320452104803,37.87896677840813,0.07761601550274523,0.031046404799196622,15.42912210977282,1.4464802538672608,1.0301761917446948,0.8467201130447982,9.408001505280241,0.1067808161877138,51.76752971835163,3.0105605265505244,2.634240376617621,8.93760143001623,0.1952160273092409,0.7526401316376311,31.82256580938397,0.008232001352167749,266.43461411391326,0.06162240856983623,1.373568255659593,19.639203142272503,0.8561281616539679,87.28273540078455,19.29110629702623
2026-05-14,143.64432722648706,371.82687326331654,1342.2502708048792,0.33203032228639356,38.14816559129657,0.07017378794042602,0.03202562223684264,15.212169376470847,1.4482174199047313,1.031413392935741,0.8618659835705479,9.89026515329911,0.10690905575879592,48.580041221626196,3.014176091634452,2.6374039959650397,8.948335138699195,0.19545047409944413,0.753544022908613,31.954975026666553,0.008241887662838886,272.9242217303254,0.059341591874232526,1.3187019979825199,19.66278905477323,0.8571563379890206,87.74078229725325,19.314274158872134
2026-05-15,143.65447566116384,380.5666109318701,1342.3451004403835,0.33205378014304193,38.386359889786405,0.07017874570044819,0.0324988805649461,15.283894573129292,1.4365447341526902,0.9985163015138272,0.8713468308135827,10.126463038409911,0.11774957021406872,48.5834733890111,2.990839038519449,2.637590327877243,8.948967336269224,0.19546428262503815,0.7535972605995139,31.486234356555634,0.008242469950076917,272.9435037562113,0.0541648032810506,1.3423450555224872,19.664178225749477,0.8572168958632633,87.84117937969528,19.315638707360858
2026-05-18,143.55713178187574,379.7408716136631,1342.756183745583,0.332155469168763,37.91519362738332,0.07020023742469096,0.032508833107875286,15.288575153328363,1.436984665402254,0.9988220897804863,0.8574794122271319,10.129564193168433,0.11778563015312131,48.59835172008429,3.1095405911107505,2.6383980704982655,9.140164720155605,0.19552414212266184,0.7302708844835261,31.495876784038206,0.008244994145821345,261.71967020023556,0.05182567698655055,1.4040047204115365,19.67020023557126,0.8574794122271319,87.02002211931315,19.321553979520942
2026-05-19,147.18003061344635,380.19545508065465,1259.8610620511008,0.33203814120367336,37.901800764922214,0.07017544044926718,0.03249734994535043,15.283174738226517,1.4364770763293462,0.9560814653902133,0.857176522996391,9.419521959260567,0.1073825503917152,48.58118522353887,3.1084422016402065,2.637466103677178,9.136936120819627,0.17661603673613563,0.7300129293848036,31.48475143017595,0.00824208174944345,261.6272224184622,0.061697867541828016,1.4035087809129807,19.663252089956433,0.857176522996391,88.61414995713382,19.31472898694605
2026-05-20,145.09794699339182,379.67688074688994,1281.4241704489336,0.3315852518922463,38.80253039531548,0.07007972341269739,0.03245302460854846,15.262328980993559,1.4345177679450105,0.9406674035227994,0.8560073618757319,9.877007736989395,0.10723608405766728,48.51492205436065,3.104202386770721,2.6338686850093214,9.171507184347295,0.17637513816052489,0.729017215302911,31.441807245077296,0.008701173594722188,261.27037132845754,0.061613713641175995,1.359264447430414,19.63643204853844,0.8560073618757319,87.01173482585895,19.2883843197955
2026-05-21,149.71551883034013,379.57868998918514,1340.1043870785725,0.3267973822576962,38.79249541543236,0.07006159963036937,0.03244463171649283,15.258381888813398,1.4341467777854349,0.9404241312832087,0.8698923326476973,9.404241312832086,0.10720835102233944,48.502375288418165,3.032867733702514,2.633187522750067,9.169135280011284,0.17632952461560164,0.7523393162372962,31.43367587065458,0.008698923326476973,261.2028024639112,0.0615977793098163,1.3589129190314453,19.161141674895376,0.8557859841313243,88.02369725313498,19.97931145834711
2026-05-22,155.12778561844763,379.9359909634302,1387.0193439073753,0.3176919150566805,38.59368381418554,0.07012754926997061,0.0324751721520522,15.272744746523959,1.4354967535728735,0.9413093613215985,0.8707111704437606,9.413093613215985,0.10730926724676863,48.548031028323486,3.059255424295195,2.6356661668153474,9.177766272885584,0.1764955052477997,0.7530475002785607,32.54577188585632,0.008707111704437605,261.44867510707394,0.062126417510587034,1.4072574996643024,19.17917823692757,0.8377653181106842,88.10655478337752,21.179460629735964
2026-05-25,157.64057671363014,380.3208404984571,1438.3642317024335,0.3180137155407076,38.856563319649055,0.07019858374780644,0.03250806731123663,15.618007361842551,1.436950814970806,0.9422628442203953,0.8810157615925993,9.422628442203953,0.11778285552754941,48.597206909556384,3.062354243716285,2.638335918886513,8.951497020093756,0.17667428329132412,0.7396763574248368,32.578738557809665,0.00871593142136514,275.7532156099827,0.06737179650689983,1.4086829566025503,20.37643400626605,0.8291912984208885,90.24522534298735,21.54955203809889
2026-05-26,155.51938382216983,380.89508575742565,1411.7536036992476,0.318493883464708,38.91523272424144,0.06841720141914968,0.03137754531136957,15.64158894277911,1.4391204625551628,0.9719961038901272,0.8965012745219724,9.436855639700852,0.11796069549626065,48.6705836817321,3.066978082902777,2.713095996413995,9.248118706900572,0.17694104324439097,0.7407931924656558,32.62792909424064,0.008729091579219373,276.16957453604584,0.06133955940813383,1.410809922635121,20.053318234364312,0.8257248684738245,90.78254837402241,22.167173681664817
2026-05-27,166.76110113646425,381.13786591123704,1391.4069877242682,0.3186968894810807,37.523606456147824,0.0684608101169381,0.03257790286660307,15.651558794088247,1.4400377489689729,0.9442870632672333,0.9112369912879663,9.442870632672333,0.11803588290840417,48.70160600844141,3.0217186474822624,2.714825306893296,9.442870632672333,0.17705382436260625,0.7554296618705656,32.73134888963276,0.00920679905681367,276.345603301685,0.06137865686101437,1.41643059490085,20.06610009442871,0.7790368159386885,92.06798866855524,22.648725788811674
2026-05-28,166.15137712114418,381.0389181279649,1380.6613013617805,0.330414664784438,37.28965566071134,0.06844303690150097,0.0325694452675015,15.647495469013668,1.4396638985703827,0.972363145915622,0.9015600135099001,9.440419154610465,0.11800523943263082,48.6889625101503,2.997333036573396,2.7141205069505085,9.534823706279981,0.165207332392219,0.7363526670503604,32.72285145417488,0.009204408865654034,276.27386079770065,0.066554956277928,1.4160628731915696,20.060890703547237,0.7788345690015067,91.6428660623938,22.671166023599575
2026-05-29,168.7907137277049,381.0299254224488,1404.2292079675258,0.3304068668361518,36.33295500524927,0.06844142161223207,0.03304068738696461,15.647126180439399,1.4278297438721004,0.9723401976680549,0.8637779868381688,9.440196356084208,0.11800245445105259,48.687813426734124,3.0680638157273674,2.7140564523742094,9.440196356084208,0.1652034334180759,0.7552157197403276,32.72207917881723,0.00920419163708645,276.26734059896575,0.06655338554828867,1.335787748374424,20.060417256678942,0.8212970874807625,92.04191447182102,23.50136926060953
2026-06-01,163.2132854075465,381.0119412847501,1404.1629300986453,0.3185915948085755,35.48166472448096,0.06843819126241321,0.033039127907690195,15.646387655580737,1.4277623520873326,0.967574433528241,0.8165384523875425,9.43975079057913,0.10855713606094546,48.685515422607686,3.067919006938217,2.7139283522914996,9.20375702081465,0.19587482496594597,0.7551800744993902,32.72053473745324,0.009203757210710036,270.779257189329,0.06135837788815236,1.3404445717512208,20.05947042998065,0.8118185814934769,92.46235611293925,23.344503272984685
2026-06-02,166.21021815091132,372.7925205401832,1420.1057701388233,0.32935120902033094,33.72603789392663,0.05949570404502688,0.030928321196096502,15.653036890111865,1.4283691072657625,0.9679856229654756,0.8310510862514199,9.443762394938144,0.11804702993672679,48.706205272395366,3.069222778354897,2.7150816885447164,9.443762394938144,0.23609405987345358,0.7555010028528936,32.73443996045056,0.009207668525040775,270.8943300628158,0.061384453315529525,1.3835112223803958,20.067995089243556,0.8121635794740908,90.44763577852386,23.703843971545687
2026-06-03,164.3079478219496,372.44079630153783,1485.9892442683272,0.32904047101767,34.17775117852731,0.05943957072674682,0.032314367986690413,15.638268480931647,1.4270214621037038,0.990659451190003,0.8349844234958551,9.434852344560808,0.11793565430701008,48.66025168689447,3.0545334015626793,2.712520049061232,9.434852344560808,0.23587130861402017,0.754788198812085,31.677517466685018,0.009198981225743632,270.63874526230364,0.05896782715350504,1.3539012574578178,18.515897726200585,0.8113973151288939,90.36229976967535,24.15322236198672
2026-06-05,163.3945178221791,373.0479363054315,1488.4116521369338,0.33075813928654096,34.2334665571584,0.059536467043049546,0.03236704574299446,15.663761441103269,1.4411604660459205,0.9922743896957347,0.8505209215471373,9.450232711980531,0.10915019075241951,48.73957593303513,3.024074512895991,2.7169419046944028,9.450232711980531,0.2362558177995133,0.7560186282239978,31.729157051470175,0.009213977084287265,271.07993111112586,0.059063954449878324,1.360833564599862,18.546081697261794,0.812720026748992,90.50960524098461,24.452477142249627
2026-06-08,162.51149845507936,372.432011698941,1499.6344080949123,0.3302120376814732,34.17694504245215,0.05990990119730917,0.03231360580144177,15.63789962774673,1.438781023334804,0.9906360849270318,0.8443993498846746,9.43462980871288,0.10896997721484211,54.367054272707975,3.0190815837759426,2.7124560700049534,9.198764063495059,0.2830389055083416,0.7547703959439857,31.19324480505696,0.009198764253287427,267.51891670917166,0.058966436304455506,1.3538693235649135,18.51546099959903,0.811378177045654,90.36016843255787,24.388518415425363
2026-06-09,167.26826621369761,382.78245688536583,1533.4890414513884,0.32557151844471854,34.18500811486644,0.07596668716836731,0.032321229272270435,15.64158894277911,1.450916577103223,0.9908697971701552,0.8351617151138386,9.436855639700852,0.10899568556344306,54.80453984753765,3.019793849702707,2.713095996413995,9.059381774100292,0.2831056804406341,0.7549484624256767,31.200603958760944,0.009200934438545475,267.5820301441185,0.06700167723554973,1.3305966136989162,19.69943614787553,0.8115695985138036,90.38148632918481,24.677377137830256
2026-06-10,171.08269728775113,382.1333521750395,1530.888621964719,0.32501942938637945,35.304645398262885,0.07583786638888304,0.03155985853125606,15.615064662794182,1.4484561801661442,0.9891895261935366,0.833745486670206,9.420853058244424,0.10833981213515398,54.71160485450854,2.932240469456449,2.708495254245272,9.04401929529167,0.2155020187610806,0.753668255890086,30.664875985831554,0.011540544694528872,267.12827696645587,0.06688805890348916,1.3283402497669743,19.54827009585718,0.7630890999639048,88.22629032796713,24.61197861466356
2026-06-11,173.7453524747116,381.4496025586755,1563.8963360142984,0.3245378851492471,35.25233852981618,0.07572550606757877,0.030807581312776052,15.591929601561029,1.4463101677643175,0.9877239568376691,0.8325102210274745,9.406895254221343,0.1086496431018687,55.030337237194864,3.021965190129751,2.704482385588636,9.124688217172416,0.2151827339865651,0.7525516315516005,30.61944333480132,0.011523446385047771,262.0290558233091,0.06678895849168068,1.3592964135761134,19.519307652509287,0.8419171073105814,85.60274681341423,25.257514116428883
2026-06-12,177.86245465401996,382.0914479254869,1621.036786151096,0.31752752465938894,35.2573134576358,0.07573619270405459,0.030811928981603714,14.888512380529813,1.446514275888473,0.9831592408360672,0.8326277076519493,10.11383949571926,0.1081945640099375,55.0381033022862,3.057672405682567,2.7048640511807323,9.1730172170477,0.23520556966788975,0.7291372435395072,30.517922664408694,0.011525072612310693,262.0660342393158,0.05927180450962364,1.3688964558428303,19.28685671276696,0.8514441352806196,87.63759669383658,25.049393169630257
2026-06-15,177.32715137805377,382.15436731045196,1637.300336399351,0.31757981223784565,36.01590395057885,0.0757486642594647,0.030111271984679427,14.89096408691349,1.446752474856485,0.983321138662077,0.8327648172982257,10.115504951892541,0.10821238051816093,55.047166482391965,3.0581759156884427,2.705309463878238,9.08042966762829,0.2799407318968828,0.7621915381535072,31.828554671189117,0.011526970457667821,262.10918891808205,0.05928156485758683,1.3032534197118322,18.584299795337458,0.8515843434470541,90.52200423274337,24.55950540494458
2026-06-16,175.77913646487275,394.2192174507079,1621.8699206143554,0.3180137155407076,36.01799578254561,0.07585215822961967,0.029916846258772667,14.91130933006538,1.4487291454541547,0.9846646317727787,0.8339026081489311,10.129325575369249,0.10836022905105894,55.12237638689312,3.050575913232936,2.7090056771336366,9.187062731148854,0.2803232096347457,0.7726555255211351,30.80021672045417,0.011542719539822416,275.7532156099827,0.05936256014066002,1.3662811690501668,18.609691173352807,0.8527478470611015,89.09095479659638,24.593060593597066
2026-06-17,175.75429545352503,394.1635066066844,1621.6407188449489,0.3167911130344182,37.22589986380522,0.07584143884413841,0.030854746510160003,14.909202071992969,1.4485244118443203,0.9751041916493383,0.8243634736321455,10.1278941046235,0.11070023760696872,55.11458652283486,3.038368141538562,2.7086228419341922,9.185764420472477,0.2802835945122027,0.7725463342652025,30.90185292136566,0.011541088329015271,275.71424631649376,0.057940977175714135,1.3472453989192947,17.664931577831688,0.8526273372021297,88.23044635831914,24.872223302193063
2026-06-18,171.57899685046772,393.33897428665443,1618.248483993795,0.3161284324284844,37.38306845573211,0.07568278966308431,0.030085085808224925,14.878014205109892,1.445494310949897,1.010670848196038,0.8226390259953932,10.059699909994018,0.11046866892490648,54.99929488083486,3.0555163822686033,2.702956799699149,9.11954102314214,0.27969728228751445,0.7709302804939996,30.378884031401306,0.011516946062732134,275.13749249892766,0.05781977313846884,1.320923209128727,17.627979128472713,0.8508437657027881,84.33224928147622,24.820194254247426
2026-06-19,171.14054624311333,392.33384128472625,1614.1132340874456,0.3153206021826818,37.439924264035206,0.07548939090389367,0.030477082459647968,15.238541788770366,1.4418005146799744,0.9799554163260163,0.8205368655491736,9.893330386341448,0.11018637880855868,54.85875043957332,3.047708357754073,2.696049701090142,9.143125073262219,0.2766381309454724,0.7689602558644404,30.301254249208768,0.01148751581725475,272.65267846676824,0.057672021285881954,1.3644356281001937,17.582932833196576,0.8486695312528617,81.20970434802118,24.756769071415096
2026-06-22,171.2264592897967,391.9938161716481,1713.4357725100722,0.3091914298819656,37.40747609581238,0.07542396629358158,0.03045066879781421,15.225334957369064,1.4405509452280127,1.0165839390489766,0.8479340123580723,9.884756104876665,0.11055935605289585,54.81120584652863,3.0450669914738127,2.693713107842219,9.369436896842501,0.2763983761706907,0.7682938188395415,29.70111567782203,0.01147755989845876,272.4163777756957,0.05762203850719796,1.344514141084551,17.56769418157969,0.8479340123580723,78.72669495538172,24.219994735753517
2026-06-23,170.7066461164822,390.80379244313673,1581.1965811965813,0.3082527795180252,38.30974803880198,0.07519499250398358,0.029657653554975447,15.17911353976928,1.4361776879565251,1.1442716583455776,0.8453598350285093,9.854747737830895,0.11022371744921372,54.644808743169406,3.035822707953856,2.6855354724207188,9.340992947550326,0.2755592797038701,0.7659614150179279,29.61094835639574,0.01144271606148712,271.58936995002574,0.057447108214219215,1.3357619425042386,17.51436177665686,0.8453598350285093,78.93139040680025,24.146467125748195
2026-06-24,170.38435540638184,400.7878236953127,1546.9780668018552,0.2995128467989182,38.55208118231461,0.07505302587244679,0.030767079058514384,15.15045567909004,1.445120343394433,1.0721860719839098,0.8344404642346817,9.78952520802741,0.11001561729040461,54.541640444724145,3.1233246203133285,2.6804652355313148,9.276740376444664,0.27503902933312646,0.7412069241678209,29.555043482217517,0.011421112444001616,271.07661468894946,0.05873715219288064,1.3332400508569682,17.481295014334663,0.8437638126842136,77.08085966180249,24.100879082087243
2026-06-25,170.28512858740217,400.5544166977264,1618.9899366380919,0.3028326389108005,46.17033100732441,0.07500931720568359,0.03144800721310521,15.141632500931793,1.4559262020126724,1.0762206218689625,0.8339545107403221,9.783824077525159,0.10995154744246714,54.509877003354454,3.1448005963473724,2.6789042117033173,9.271337876691332,0.27487885472137363,0.7640700641515493,29.537831497334565,0.011414461125256277,270.9187476705181,0.05870294540931696,1.3278046518042157,17.47111442415207,0.8432724295469349,78.03764442787924,24.086843441548385
2026-06-26,170.40024242989347,410.7321848994149,1575.561201892818,0.32052029184829484,46.388027692953216,0.07506002398670329,0.03146926626830882,15.151868341919391,1.4569104174922491,1.0676239361537692,0.8345182693550093,9.790438005547914,0.1142217789544612,54.54672603090981,3.146926501783258,2.6807151681857384,9.277605360745133,0.2750646745956578,0.7785729071002381,27.99599022684004,0.011422177374414354,271.3349961537565,0.05874262897809176,1.3240401474017163,17.48292500990699,0.8438424871346842,73.9877372191623,24.382852391459263
2026-06-29,170.29306247961608,410.47383869915666,1574.5701905604994,0.31915389385649057,46.58016049672511,0.07454689298966655,0.03144947243265574,15.375297022783394,1.4559940362484274,1.0250198237355987,0.8339933661897345,9.784279923589432,0.10949075124817292,54.51241671714112,3.121651124849805,2.6790290266971066,9.45813690400249,0.27489166182451485,0.7780831929761244,26.766994717858385,0.011414992945650687,271.16432931090714,0.05870568048574659,1.3371848695704618,16.30713320598239,0.8433117191350421,72.82299913887053,25.474071302735194
2026-06-30,170.0870212666946,409.97719763599986,1725.0686397691843,0.31876774274474656,47.34980687793755,0.07445669711188112,0.03141142104435247,15.519567441072686,1.4542323979710552,1.0796221011879557,0.83298429980596,9.77244171436549,0.10935827605005052,54.4464609800363,3.094606587262056,2.6757876122667414,9.307087347014752,0.2745590645325312,0.777141773504889,27.246497853348483,0.011401181701917293,270.8362417981293,0.05863465122926052,1.2936851279211554,16.28740285727582,0.8422913782770446,70.96654102098749,25.443249679864373
2026-07-01,174.90353443071794,409.59598307685155,1709.7494072248826,0.3184713386880774,47.72420918028681,0.07438746404933809,0.032079593784678645,15.505136674936582,1.4296341288222212,1.0786182217875298,0.832209754917954,9.763354874703612,0.10972151259031637,54.395834301920125,3.0917290879945285,2.673299549025989,9.11246472707691,0.2743037676200457,0.7764191534170142,27.221162879287995,0.011390580389255693,270.5844065275001,0.06043981367410313,1.3017806277912893,17.43456227625645,0.8415081792642806,69.20359203287722,25.338230508159373
2026-07-02,175.1886058522079,410.26357455527614,1583.310049362019,0.3189904081140848,51.94654142300354,0.07450870653987207,0.03213187960858028,15.48384092390798,1.4319642580253868,0.9825835406053017,0.8382229451039788,9.779267951941883,0.10943466489892592,54.48449287510477,3.096768229192247,2.677656701126944,9.313588525658936,0.2747508492940096,0.7916550468863349,27.265530053581326,0.011409145645548135,271.025426096675,0.05820992828536835,1.3039023713869256,17.462978485610503,0.8428797349257432,72.78569574916541,25.658935677619954
2026-07-03,175.25389555903814,410.4164725612597,1595.0805925649865,0.3191092902190375,52.80443420950392,0.06894624145502126,0.032143854593992965,15.373148234417219,1.4324979258752055,1.0668032991023142,0.8152427094009131,10.01583900121122,0.10947544927045261,54.504798285661046,3.074629602456242,2.678654616603,9.317059536010436,0.2748532440948273,0.7966086080997731,27.275691436252934,0.01141339763311752,271.1264324979037,0.06056088476270774,1.29507126217729,17.469486630019567,0.8431938613526233,74.76940277648374,25.66849831087352
2026-07-06,190.1656202776694,410.42603247070883,1619.3426661386877,0.2888355755833182,52.80566419329673,0.07500407558653618,0.03214460332695036,15.396799160075725,1.4325312933235732,1.0668281483557465,0.8152616990053807,9.783140388064568,0.10714868238444254,54.506067876359744,3.0630545802637426,2.6787170110176795,9.177517767086465,0.27485964630404897,0.7826512066096353,28.68556556471522,0.011413663487573115,281.47493056627206,0.060562295418987874,1.2811255270084554,17.4698935501153,0.8432135020286232,75.70287205049964,27.928536844210225
2026-07-07,186.85669610499338,410.32089795538167,1569.5589399655348,0.2887615876150955,50.71957595169247,0.06799869491604153,0.030273390906717997,15.625727370434793,1.3390154161427041,0.9827208304670603,0.8150528619999069,9.780634343998882,0.10712123523465378,57.17013646313632,3.0622699498230808,2.6780308322854083,9.268315224502945,0.27478923840247604,0.7684784016385553,28.678217485417285,0.011410739769572945,281.40282809698255,0.06054678181343599,1.238880390215029,17.465418471426574,0.8429975049040758,77.0108546893557,27.129616692282614
2026-07-08,186.2278702193382,408.94005152366145,1522.268897811405,0.2877898228089083,50.54889016449459,0.0677698599829335,0.029243159659887653,15.57314235711957,1.4389490587103155,0.9794136955907004,0.8123099774874092,9.283542599856105,0.10954580334231274,56.977742706616844,3.051964541167933,2.66901849745863,9.051454034859702,0.2738644945222254,0.7658922534212835,28.58170713344603,0.011372339387402265,265.6950005403312,0.05709378856614048,1.2672035737338345,17.406642374730197,0.840160578726549,76.75169127742271,27.038317822080906
2026-07-09,186.059459354928,408.57023605249736,1594.8615684273989,0.2875295667432044,50.50317744556829,0.07373741798319501,0.03199925718659987,15.559059146250776,1.4376477784318362,0.992440803647069,0.8069378145604709,9.275147242962483,0.10944673813036752,56.92621620368224,3.049204567669219,2.6666048323517137,9.04326856188842,0.26666047770675283,0.7651996364875677,27.628345203793284,0.011362055075476543,265.4547254157875,0.05704215711981856,1.2938830227023268,17.390901080554656,0.8394007989516955,72.0447090402614,27.013866345128232
2026-07-10,185.1023147971262,406.4684306443055,1586.6571316524025,0.3068121624294319,50.24337425356013,0.07335809102731938,0.030911901851913563,15.47901877185658,1.4302520956112337,1.047313654721684,0.8027866892139348,9.688804816720108,0.10611548325097471,55.849040601516904,2.9527786548097676,2.7682299476343166,9.18129581698783,0.2652886978149766,0.7612632245994796,27.70536770724148,0.011303605323882936,264.0891482682703,0.05721008464944616,1.2872269080500252,17.30143717271448,0.8350826744697875,71.67408987682097,26.75955616046506
2026-07-13,185.20912759995903,406.70298218077744,1534.9459883667253,0.30468102032409,49.85689225371619,0.07340042212037827,0.030929739483394912,15.487950898836926,1.4079955462636342,0.9879051356773035,0.7986335606469792,9.69439571600037,0.10617671691086933,55.8812681431806,3.0468100381463246,2.769827347428677,9.186593859537565,0.2654417819587624,0.7617025095365811,27.028898179789746,0.011310128039539317,273.0126601486763,0.057243097577990065,1.297202447963965,17.31142092142923,0.8032499351568384,71.71544922145492,26.774997691810544
2026-07-14,185.12366750047588,406.51531930601703,1549.2340346991512,0.3033868718208885,49.83388704318937,0.07336655333940725,0.029992616101796887,15.480804372951527,1.4073458620876174,0.9874492916685931,0.8259505176508987,9.689922480620156,0.1061277243320068,55.85548313573174,3.022333052203241,2.7685492801771874,8.997785160575859,0.26531930051636726,0.7613510410475001,27.247138813704574,0.011304909265065555,272.88668531472064,0.056755261811307106,1.268918420081211,17.30343300110742,0.8028792956518749,71.63621262458473,26.762643041712813
2026-07-15,184.97856618886593,406.1966895661395,1592.512333440915,0.3031490749274884,48.52690303840657,0.06224353606179079,0.028585918662327008,15.468670402997164,1.4292959125052187,0.9682327007388853,0.8391350695984543,9.682327447092998,0.10604454062996227,55.81170319136789,2.9162247264812287,2.7663792705979993,8.990732629443498,0.2651113412693398,0.7607542884218462,27.22578230303866,0.008990732814943683,272.6727946950355,0.056710776613704994,1.3094194818430134,17.289870441237493,0.8022499928704612,72.96325326202223,26.741666282447326
2026-07-16,181.95661642499712,406.55283802491925,1593.9086294416245,0.30341487245511284,47.738808005649375,0.07152745786437144,0.030918321028578707,15.482233150466335,1.43054910227622,0.9690816357326112,0.8398708133142998,9.690816797415783,0.10613751923042232,55.86063823339078,2.976465071188342,2.7688047992616522,8.99861559760037,0.2653437877614541,0.7614213087947126,27.249653547328357,0.0089986157832632,272.91187098018577,0.05768343331795109,1.3105675653757785,17.305029995385325,0.8029533961867759,73.62713569531972,27.42270384728221
2026-07-17,181.59627310503788,405.7477087459126,1538.0186984755676,0.30281399558339683,47.27582624505085,0.07138580628752034,0.02855432182872981,15.451572439119673,1.427716070848141,0.9671624854384785,0.8382075496025825,10.132178879012573,0.10592732656580166,55.750012919337635,3.0051121887198597,2.7633215124579746,9.118960639736816,0.2648183061203293,0.7599134049454899,27.195688867066064,0.008980795100783564,272.37140165525835,0.0575691981762078,1.3125776744957254,17.27075945286234,0.8013632430049938,73.48132595760964,27.74835352093216
2026-07-20,181.63810014417209,405.8411645476322,1538.3729500644924,0.29021558652645496,47.286715278182655,0.07646950141971055,0.028560898740888633,15.455131397208655,1.4280449164513398,0.9673852518115756,0.8384006138069318,10.134512622074812,0.10595172478916766,55.76285381046518,3.0058043557063905,2.763957987838585,9.121061008411898,0.26487930167637325,0.7877280441067683,27.20195284552264,0.008982863645813226,272.43413691453037,0.05758245807997052,1.3128800002913987,17.274737423991155,0.8015478208663825,72.27749857033554,28.468766923281994
2026-07-21,178.43883034543268,406.3184595872247,1540.1821745647412,0.29055689852721245,47.34232746495049,0.06456820043631797,0.03159229667159522,15.473307615385933,1.4297243881621438,0.9685229584377116,0.8393866262894442,10.146431453937508,0.11483915506673219,55.82843447561758,3.0093393729355156,2.767208578346593,9.08566851744008,0.265190816593599,0.793266472321102,27.233944073358952,0.008993428065182222,272.7545367988297,0.057650178715554015,1.3328721802855643,17.295053614666205,0.8024904921188715,71.94742303701142,27.9603366770437
2026-07-22,177.64448033221825,406.5059407082708,1540.8928365440072,0.28607682767026027,47.36417188874329,0.06459799312310367,0.03160687380698412,15.480447219776465,1.4303840833464383,0.9781981246091046,0.835159738276406,10.151113161841042,0.11489214348757276,55.85419450998168,3.010727924959018,2.7684854077748295,9.043719174746672,0.242242462179325,0.793632496763285,27.246510202819493,0.01130464845276275,272.88038962466834,0.057676779328642284,1.2688891452301303,17.303033798592686,0.8028607726550897,72.3958905970628,28.515399348049623
2026-07-23,177.3974024775658,406.4684306443055,1540.7506516874669,0.28143671794279673,47.359801391441046,0.06459203238646632,0.031142588148381282,15.47901877185658,1.4302520956112337,0.9781078620309959,0.8350826744697875,10.150176474659162,0.10842233934067846,55.849040601516904,3.0104501120521494,2.7682299476343166,9.08902201339798,0.2422201094180452,0.7935592648551199,27.243996049302428,0.011303605323882936,272.8552097691123,0.057671457242381596,1.2918406202294328,16.26335094235161,0.8027866892139348,72.38921031464825,27.947588531656763
2026-07-24,171.5791691996743,420.8567399496035,1544.027556233673,0.2843470465065738,47.46052732546358,0.06472940823267746,0.030746469082761674,15.511939911256233,1.4332939892422352,1.054164630644645,0.836858747846379,9.940587650553667,0.10865293450953767,55.967821648176155,3.016852807807953,2.774117483875442,9.15458734404168,0.2681646823916127,0.7952470252723163,27.30193921772686,0.01132764609623879,268.30339033819666,0.05779411424740504,1.2899646123647166,16.29794021776822,0.8044940747332191,72.54316938136458,27.452204267517395
2026-07-27,171.61884343585248,420.9540546165052,1462.760422688279,0.2844127960490869,47.47150161901584,0.06474437560804053,0.030753578586098965,15.515526735755333,1.4336254096850964,1.0544083850393187,0.8370522546209175,10.174116123661756,0.10867805831801214,55.98076308264518,3.017550394416922,2.7747589428168427,9.110458881744146,0.26822669008749717,0.7954309101719099,27.308252242726915,0.011330265386847675,268.36543010750745,0.05780747797535089,1.2902628907683897,16.301708789048952,0.8046800978272449,72.55994353202968,28.580016758184637
2026-07-28,171.49591298281604,420.6525255326032,1389.8516567309025,0.28420907136963036,47.437497816848705,0.07347843911325079,0.03003835556902547,15.504412975211677,1.4325985048442944,1.0536531130781324,0.836452674698249,10.0744023462547,0.11507001154094093,55.94066410266547,3.0153889252587605,2.7727713849993068,9.103933066657172,0.2680345595039972,0.7948611435880722,27.28869136145873,0.011322149525971657,268.17320014463183,0.05776607052081889,1.2800961139269438,16.290031886870928,0.8041037060570004,72.50796889712296,28.559544912916746
2026-07-29,177.76444531286063,420.1767950700487,1374.4316477023565,0.28388764951958045,47.38384911296831,0.07293373982586686,0.0300043841557524,15.48687849934708,1.4309783297401475,1.0386133357952316,0.8355067014930833,10.06300885686087,0.11493987489253449,55.877398874492954,3.0119787178283435,2.7696355621206177,9.047476345682705,0.26773142996777965,0.7939622076812286,27.257829638359706,0.012694162924268188,267.86991381492777,0.05677753059176253,1.2786484090412509,16.27160892745863,0.8031943174171963,72.42596713203517,29.3581362541238
2026-07-30,151.93332072401742,421.5096087057189,1455.6610326464458,0.28131512696888195,48.3213699810702,0.07316508787764142,0.03172030435665031,15.53600335126675,1.4355174367365449,1.0419078490391294,0.8381569542855017,10.094929028506852,0.1153044676885585,56.05464369148313,3.0794165757663494,2.778420930771012,9.076175217165884,0.2685806822462142,0.8150034686099823,29.21972608201949,0.012734429197030973,276.86965705675505,0.05695763065407027,1.2827043208735882,16.323222968279694,0.8057420743397745,76.56865297685373,29.451261159583744
2026-07-31,156.93903455297794,421.6462849731333,1461.9232907170651,0.2814063445846306,48.33703838897587,0.0731888119657989,0.031730589799048706,15.54104096584239,1.4359829093165501,1.0422456920511396,0.7921067436293185,10.098202351797548,0.10885677200479599,56.0728196459875,3.0688345377061332,2.7793218454697057,9.079118205238895,0.2663516713354971,0.8337965315528462,28.44172759212475,0.012738558389377612,276.95943321014573,0.05697609940590363,1.2275338592585843,16.32851584213452,0.8060033396038278,76.17657816761266,29.460810855160783
2026-08-03,164.31107707303485,422.4976212026271,1417.0670008586876,0.28197452560481817,47.57594745758778,0.0733365857976591,0.03133050322922742,15.572419521019539,1.4504862029752372,1.02114230902723,0.8354800307810736,10.118591397832647,0.10907656218707955,56.18603497493922,3.0750307503075027,2.7849335097124555,9.143865377678503,0.26688945581427787,0.8401215822040617,28.499153624302675,0.012764278517017514,277.51863557476963,0.05709113852605757,1.257861652926256,17.86999002065492,0.8076307222431447,76.33038452887845,29.52029449470681
2026-08-04,164.37211246024194,422.6545631834328,1417.5933879692616,0.2820792685391315,48.870522136837465,0.07336382758190359,0.02994915450631962,15.578204089364823,1.45102500406287,1.114387247402053,0.8357903801993287,10.12235007408843,0.10911708002876677,57.13556197699618,3.0761730086132846,2.7859680078007107,9.147261979866485,0.26698859521234697,0.840433655784153,28.509739988335575,0.012769019966562992,285.4224280672492,0.05432637554323953,1.2769020035753258,17.6444640494045,0.807930726690383,75.33721821094422,25.584472163128222
2026-08-05,161.7056817390901,422.36039254808253,1416.6067327100202,0.2784029064528492,49.671718001882844,0.07331276582686433,0.030160312560988427,15.567361546556178,1.4500150801568337,1.1182516696428038,0.8352086640448619,10.208106164304109,0.10904113375122547,57.095795212285836,3.0508316401480813,2.7608286241167144,9.140895419316267,0.26680276921748886,0.8537688946841756,28.95390182858683,0.011600120814109938,285.22377199129124,0.053824558226638466,1.2760132705380136,17.632183374707097,0.8073684010564198,75.2847829617428,24.45305466577243
2026-08-06,161.91604525286314,422.9098427300392,1487.2116523799566,0.27876508181376536,49.73633612180073,0.07340813867250524,0.028805723505341153,15.58761318422215,1.4519014100866494,1.1197064073364873,0.8455874056041477,10.221385927010012,0.10918298576158782,57.17007134144438,3.054800478205281,2.764420196187951,9.152786843654354,0.26714985391737917,0.8595256458484251,28.99156806554645,0.01161521145377333,285.5948206411742,0.05203614814368917,1.286965401039103,17.655121146653656,0.7573117732857706,76.40485838652737,25.1237023546075
2026-08-07,162.0327320066952,423.2146178166264,1488.2834294216107,0.2929142622427136,49.77217921320337,0.07346104113435312,0.02836154021083012,15.59884658594967,1.4529477403756743,1.1205133372841216,0.8461967883820382,10.228752092244747,0.10926166979912291,57.21127164392683,3.0570019570695264,2.7896596615212945,9.066393899944208,0.2673423786865683,0.8601450733875107,29.012461189268603,0.011623582096210262,285.80063799843373,0.05253858937746268,1.2878928682009085,18.249023619118468,0.7857541645994324,76.04147435919556,25.14180805418424
2026-08-10,161.96495794023332,423.0375981781847,1545.28977087884,0.29046800204489476,49.75136080855036,0.0664590819704049,0.031602920339958165,15.592321995194752,1.4755774282271155,1.1200446557748238,0.8458428463317783,10.224473671980295,0.10921596849186856,57.18734166089967,2.974392385261622,2.7884928196309895,9.062601663800717,0.2672305563410657,0.8597852971333634,28.860899974030346,0.011618720254928211,285.68109504439803,0.052516613855577786,1.2873541761985936,16.382395315332065,0.7575405471169905,75.56815824860139,25.13129189149949
2026-08-11,162.66208114514106,423.0375981781847,1545.28977087884,0.27884929304357386,49.75136080855036,0.0641353332448439,0.03137054546740206,15.592321995194752,1.3942464098154947,1.1153971721742955,0.8458428463317783,10.224473671980295,0.10921596849186856,57.18734166089967,2.974392385261622,2.7652552908235983,9.109076721415498,0.2323744016359158,0.8272528565272903,28.860899974030346,0.011618720254928211,285.68109504439803,0.0511223680828896,1.2873541761985936,17.892828925965517,0.7575405471169905,75.56815824860139,25.13129189149949
2026-08-12,160.46284111388482,422.99828058924675,1545.1461499140296,0.2881174797938434,49.746736861265774,0.06319996625817927,0.030205863476841028,15.590872827297062,1.4522050281146894,1.1152935059098619,0.8457642327487743,10.223523397927414,0.10920581783723851,57.18202660521298,2.974115941896664,2.7649982848948076,9.154700851777244,0.26255866797519134,0.8597053877233413,28.38189542401573,0.009294111972194416,285.65454352294773,0.050188207073478465,1.2872345280573045,17.194107532877922,0.757470140448733,74.74790004345724,24.304102995985197
2026-08-13,160.2915178687999,422.5466530498561,1596.4163030359298,0.27852568185027293,48.440255535289715,0.06266827841631141,0.03017361322802628,15.574226737099874,1.4506545353263394,1.0073345447469806,0.8448612257228147,10.212607928697429,0.10908922077985032,57.12097439966475,3.0405719945849334,2.762046146720424,9.144926544860947,0.26227833888024055,0.8541454058948107,28.35159259258168,0.009284188818570776,284.931755544039,0.047813573539694225,1.3090706216891643,17.8720638752205,0.7566614034126954,73.1129885804475,24.27815394905791
2026-08-14,160.33617560966232,422.66437592867754,1596.8610698365528,0.27860328001572154,48.45375114883038,0.06082837911319945,0.03134286900176867,15.57856576758012,1.451058692421991,1.012258574831539,0.845096606822106,10.215453194650818,0.10911961339336625,57.136888489857824,3.0414191078820876,2.762815661805877,9.193907520923359,0.26235141048282606,0.859026756984518,28.35949143895777,0.009286775423925132,285.0111384625598,0.04875557054315775,1.3094353330436468,18.10921248142645,0.7568722117531708,73.82986627043091,24.180442404782436
2026-08-17,157.61032852940411,422.203668916255,1595.1204805306247,0.27134208981763397,48.400936234198895,0.06261741012751597,0.03107678826917603,15.56158502611867,1.4494770286880494,1.0111552061769533,0.8256221022703545,10.204318281963868,0.10668151124670106,57.07460889712555,3.0265080801351756,2.7598041741529893,9.09112010086956,0.26206544568093615,0.8580904120419575,28.328579402555466,0.009276652776254165,284.7004744047723,0.04870242664335655,1.2801781073138325,18.089473318026858,0.7514088938836113,74.1668377729003,22.86231170274234
2026-08-18,152.11999262976823,422.027493798827,1611.6095231471822,0.27818347304720215,48.38073972419088,0.06259128143562048,0.031063820696353505,15.55509156272367,1.4488721978811694,1.0107332761931531,0.8252775906482929,10.200060273083432,0.10710063574142062,57.05079307868318,3.025245193391952,2.7586525763336054,9.133690689171456,0.23645593827259978,0.8577323521996699,27.621299934135177,0.009272781859176654,284.5816759593707,0.04775482769743343,1.321371400251556,18.081925029556995,0.7510953495924018,74.57635259916806,22.9547712272681
2026-08-19,151.6839675936828,420.8178266799195,1510.5984605071542,0.27738610935570507,49.09733799414816,0.060100319101097255,0.028894385243059567,15.001965170911191,1.4447192621529783,1.0078361881404507,0.8229120784955366,10.170823605556967,0.10633133962336752,56.88726707739433,3.0396892393912007,2.7507453869606047,9.10751058132704,0.23577817917443278,0.8552738142168964,27.542128366399044,0.009246203071110314,283.7659729516048,0.04761794693567383,1.3175839229941833,18.03009639166917,0.7489424677045706,73.3686215983182,22.888975438169805
2026-08-20,151.80327392764505,421.1488190251463,1517.3387003493187,0.2776042861368394,49.13595528176472,0.06014759073339737,0.030536470096176986,15.01376489829942,1.3301871515488004,1.0086288971046808,0.7865454681952093,10.178823420547342,0.10641497405432952,56.93201149825702,3.042080093120104,2.7529089732181906,9.160940725500518,0.25447059102918496,0.8559465259406657,27.563791502042452,0.009253475630029918,283.9891677853974,0.0476554006149903,1.2816063945804768,18.04427788187938,0.7495315449919594,73.42632935352543,22.59698806421352
2026-08-21,152.13762686799387,422.0764165816563,1518.5940832792357,0.27821572096905217,47.922655325104834,0.06028006827025337,0.03060372792468336,15.04683333160505,1.379486184101163,1.0108504436414736,0.8207363354013325,10.201242696837614,0.10664935740161603,57.057406589890476,3.0487803993624856,2.758972368202326,9.181118073384283,0.2550310729485899,0.8578317832893712,28.320041158740356,0.009273856789838247,284.61466558145634,0.04636928567658171,1.2844291852575878,18.084021144393954,0.7419085708253074,74.81684415446333,22.646758857733417
2026-08-24,156.79725372857374,422.26242664625516,1519.2633312457958,0.28413704076307794,47.94377495146294,0.06030663383741721,0.030617215059203548,15.053464506269316,1.391691601141187,1.0994363118127164,0.8210980358251635,10.205738408368704,0.10669635802302095,57.082551922509595,3.0269292767227665,2.760188253781985,9.185164213606358,0.2551434657393032,0.8582098317639032,28.332521867158142,0.009277943800229706,284.7400959306793,0.04870920451916801,1.3174680092637077,18.09199081483543,0.7422355316688043,74.84981611278066,23.078885718924685
2026-08-25,155.959896026736,422.50742666171556,1492.526921648719,0.2715373090151912,48.853509097660606,0.06126995882136292,0.03063497941068146,15.062198645998633,1.3808948684703717,1.0350909854592862,0.8215744434304278,10.675826216115857,0.10675826409781153,57.11567167274314,3.0286855251426994,2.7617897369407434,9.190493518873259,0.24368732647518665,0.8587077719280811,28.34896062149065,0.00928332693695004,287.8295467814415,0.04827330214712552,1.318232414671979,18.102487931674712,0.742666182622474,74.89324457088546,23.09227627181582
2026-08-26,156.1410846228914,422.99828058924675,1495.8873553603792,0.28347042813565443,48.91026534690274,0.061341140055181126,0.030205863476841028,15.079697366485178,1.3476463104082121,1.0362935169261984,0.822528919060604,10.688229006924114,0.10688229200814403,57.18202660521298,3.032204143021252,2.7649982848948076,9.154700851777244,0.25558809048790787,0.8597053877233413,27.44086585671293,0.010223523342530188,288.1639367935023,0.043914679025339534,1.3197638896646273,18.123518750871323,0.743528985474166,71.26260797598198,23.119104047585854
2026-08-27,155.66004957031342,421.6951194088624,1524.1713187093187,0.27796438527801437,48.759583979986566,0.06068888710392918,0.030112806104011586,15.03324025986864,1.308748950769598,1.0331009330677938,0.778300223551881,10.655301012253597,0.10655301205546554,57.00586182935666,3.04602617927087,2.756479956111805,9.126497307423712,0.18762595315933978,0.8570568315961447,27.356326810618494,0.010192026999972533,287.2761694590987,0.04401102536791231,1.3156979982716692,18.067684325125665,0.7412383423325185,74.07750290541539,23.047879363461583
2026-08-28,154.2933575861599,456.4435011304388,1518.0178101785632,0.27914918058113153,48.562727818022424,0.06044386898822791,0.02999123223172344,15.272458115683612,1.3150001866989196,1.0289300138760145,0.8028422505129623,10.612282563558345,0.10612282756070925,56.77571312312915,3.033728514402776,2.745351270827821,8.997369999538597,0.1868684543866068,0.8535966519825856,28.41092638902757,0.010150878918834823,286.1163547205913,0.04614035965953773,1.2227195567606846,17.18728371706732,0.7982282190160506,76.0854491286321,22.954828588566418
2026-08-31,153.66135648118072,457.03395703395705,1466.3894663894664,0.279510288322239,48.62554862554863,0.06052205925534135,0.030030028928535096,15.292214587258533,1.3398013838611373,1.0718410409992136,0.8038808082867837,10.626010626010627,0.10626010818772241,56.84915825907037,3.014553058612812,2.748902660783154,9.055209231448245,0.1871101876609346,0.8547008657158042,28.90967926215729,0.010164010108935417,286.48647520717833,0.04620004688848054,1.224301268361022,17.20951720951721,0.7992608080727588,77.15407715407716,24.255024255024257
2026-09-01,153.53722151345212,456.66474321985004,1465.2048470859781,0.27005192315860493,48.5862665897288,0.05908828901542933,0.030005769239844993,15.279860807441937,1.3271783035199078,1.1032891424831737,0.8032313950544689,10.617426428159263,0.10617426620765154,56.80323279942658,3.012117758969386,2.7466819661927926,9.047894001832535,0.2054241167212661,0.8540103976188612,27.66301176552132,0.010155799137122083,283.34679182595215,0.04616272428857063,1.2648586310613934,16.61858049624928,0.79861512709682,77.09174841315638,24.235429890363534
2026-09-02,153.51596136877322,456.60150931203987,1437.077381089751,0.2700145293403466,48.579538898248366,0.05908010711946356,0.03000161437114962,15.323902408409431,1.326994530474718,1.1031363711449884,0.8031201724108574,10.56979973623054,0.10615956436376965,56.795367312897376,3.0117006740520327,2.7463016359027654,9.092797656615105,0.22501212153928088,0.8538921436578237,27.659181296097735,0.009346657155202808,283.30755708059763,0.04615633218255573,1.269299116106252,17.077842653065936,0.7985045436631909,77.08107359627057,24.23207403475572
2026-09-03,149.4433408786437,458.6085831754978,1413.5907978010812,0.2783295705906926,48.62105603547836,0.05913059827212721,0.029565299136063605,15.336998550810485,1.3281286090451334,1.0625028652082433,0.8038065364885404,10.625028872361067,0.10625029065104871,55.642812836994594,3.0142745393668555,2.7486486853906484,9.100568560511597,0.22404952848205978,0.8546218985734088,27.278606382898577,0.00935464501298316,283.5496779197897,0.046195778394288414,1.2703838869127362,18.13184274957269,0.7991869631235212,75.11433736938866,23.32886774148843
2026-09-04,149.6230516627353,459.16007585218074,1453.9105499283103,0.2786642715219796,48.67952453633042,0.06567689036083543,0.02960085243043193,15.355441821811873,1.3297257296147262,1.0637805616374285,0.8047731416385657,10.63780583691781,0.10637806029893396,55.70972524316275,3.0063364321724246,2.7519540304635015,9.111512308838376,0.2243189557860944,0.8556496109531742,27.311409850173693,0.009365894297028186,283.8906562106141,0.04301373766494235,1.2719115674575643,18.153646917348873,0.8001480130768633,81.95735486251431,23.53036399796494
