Date,1NGL.L,3BLR.L,3BSR.L,3LNG.L,3LOI.L,5DAX.L,BRNB.L,CO2P.L,EGAS.L,EGLN.L,GLDE.L,RMAP.L,SLVP.L,SPPP.L,WTIB.L,XGDP.L
2025-01-02,6.940256199942102,30.842902634372287,0.6742738773265331,18.229566185927396,30.119173984367464,15.11205702482314,40.172971147351156,71.0038116375567,33.09852359355399,50.369998931884766,10.234729325484897,25.606424297983207,27.477564411849848,85.98499469265657,24.736442149956574,39.88951039132517
2025-01-03,6.932395961348465,30.681462203908527,0.6735102234497085,15.06537502221439,30.175425913877444,14.863008453046307,40.019036603291646,71.7908865273862,32.80801947034868,49.86000061035156,10.140304585652666,25.34549025277717,27.572953565146143,87.35752668739005,24.675293380563385,39.488905185521226
2025-01-06,6.732333273088741,30.748840291583832,0.6602807306110072,16.6900290962558,30.348213747816136,15.551538661026267,39.839749382492926,70.10663292969456,31.12235676848003,49.334999084472656,10.024700283149588,25.094885234050242,27.691427194409304,85.69793361045846,24.555696126272668,39.098741807264844
2025-01-07,6.754435658839978,31.146039245937995,0.6557061077802289,16.81912586191375,30.489127814473747,15.849043252664558,40.10775758160165,70.13282869678414,31.64625620751169,49.70000076293945,10.10377995275059,25.29259678896871,27.746974591389034,88.19487970686082,24.691432428523214,39.40865880963336
2025-01-08,6.82356762218667,30.52411254525989,0.6808530929992552,16.950054145527844,30.01888585485559,15.81299453667254,40.08733204219846,68.67474227424186,30.199323958571412,50.29499816894531,10.250387941922988,25.67934946049007,28.04008131743874,89.07026259758693,24.671903381410065,40.009140178192496
2025-01-09,6.787885314953092,31.579073329504116,0.6557533893004565,19.54474130535911,30.699550067011295,15.785946189592607,40.53585104346161,69.7455964005361,29.849942561746126,50.380001068115234,10.196785851043462,25.676694428489373,28.078929733869423,89.0053609036952,24.910851043461612,40.01531522437893
2025-01-10,7.334850167807279,33.50173779067684,0.6234548086392616,20.945167334200736,32.444731090329284,15.557406227045936,41.599484037407294,70.9508282871714,30.15753580087666,51.07500076293945,10.404349851302447,26.004156365330182,28.434674597202815,89.72016195492493,25.550300381000156,40.54247697257064
2025-01-13,7.483132831185522,35.77505681885791,0.5794928635864236,22.34130600822237,35.34073465890836,15.30152725315776,42.6111686240912,72.46040528802104,32.05059555682481,50.78499984741211,10.352336415235785,25.804983400564023,27.737122050476565,89.58935732219565,26.35978533775985,40.20752378720278
2025-01-14,7.3606370199455275,34.729242735998284,0.5928947593824985,21.289501540218126,34.158351074584616,15.641837134291114,42.09731324111847,73.08007944908954,31.238478097979282,50.474998474121094,10.314704028354285,25.758512827222017,27.90827673973287,87.76269936607237,26.04395865792885,40.140819943148706
2025-01-15,7.33751067058712,35.900597552878686,0.5643554784468497,23.332555481958558,36.096224983401314,16.347931987882216,42.385943279901355,73.60333870814759,31.009911789813145,50.67499923706055,10.27488618040406,25.699812671915016,28.11106895570521,86.60959878592432,26.418595276486773,40.038414656364026
2025-01-16,7.340556761437094,34.47437402886999,0.5859398347255798,24.339038536811017,34.65229097723849,16.420845328827586,41.869788516054044,74.08461730064406,30.560201164762958,51.29999923706055,10.422967891921385,26.054454447330656,28.502295128633953,87.60037481170457,26.085589913295138,40.594715242881655
2025-01-17,7.335684229241984,35.0974930362117,0.5796242698498062,24.424691653270017,35.293071771469215,17.06068809544094,42.18574053221122,75.03111479879097,31.227404729449418,51.25,10.435310851656492,26.091981271854443,28.21667753215196,87.86226515735197,26.249036922894565,40.656669515866234
2025-01-20,7.405129175735781,33.89088672281632,0.5879152167471782,21.977783907798898,33.57741080723006,17.307419035510758,41.39656477713636,74.92665846503265,31.714299233462665,50.58000183105469,10.263378915491625,25.722768997823415,27.999905365761332,86.61398694047506,25.545329800321756,40.1426627392957
2025-01-21,7.250940183069609,33.639631968589605,0.5901275045043509,20.658660096841814,33.49180444192152,17.370326271058033,41.24387994039594,75.61673644125925,33.01875635658365,51.14500045776367,10.396709950566477,26.01173159251638,28.143404527070174,87.55528749497387,25.500248350244803,40.52839525268298
2025-01-22,7.370862024088403,33.393672653273704,0.5951113229343905,21.59764265100728,33.06831357516386,17.929356248410176,41.16088119069592,74.96273159650742,32.251958070088264,51.46500015258789,10.467688885733892,26.18401126333972,28.18201178391425,87.37370152149737,25.363219043562623,40.800029117095626
2025-01-23,7.473653707405348,32.49080393154104,0.6091286503364992,22.463800587154925,32.14188557843566,18.268241621986142,40.752480868629284,76.43086094125161,32.49080393154104,51.35499954223633,10.430588903213597,26.069819153843422,27.744922942268794,86.83335896010503,24.98314546938389,40.6164620300991
2025-01-24,7.283651000355155,31.892979756126433,0.6061323637142116,20.896011123124335,31.03468687107849,18.157037712630963,40.19770332662484,76.90896176157216,32.798626731383926,51.33000183105469,10.401621877589678,26.026991831419437,27.82644725938203,86.00094708180418,24.64188469279034,40.52326215489088
2025-01-27,6.968103417575764,30.578934248168945,0.6356762056131877,18.313529041678045,29.78359706081362,17.87609387844473,39.749053311332965,74.70827744210064,31.718521859901948,50.70500183105469,10.312674350969244,25.765363659025887,27.439132963758738,85.46907087997532,24.394297313659617,40.14672154274548
2025-01-28,6.820563507752399,30.509443399147354,0.645437882712976,16.90791139128629,29.83066187153166,18.27410923414539,39.905208755090854,75.92826351013409,31.926548693643266,51.38999938964844,10.42733465120156,26.10778336151666,27.699049705861334,86.08616952866363,24.46590611379713,40.67925768382131
2025-01-29,6.852684427695757,30.62465714217569,0.6445727006113071,17.11819299112893,30.04030815464975,18.753726133182376,40.02194290075608,78.55319960884395,33.82068833925633,51.34000015258789,10.45418226918215,26.107877978391016,28.2514847234479,87.47942853054118,24.566508455172087,40.65399402841593
2025-01-30,6.734363616820532,30.603957912839928,0.6425338194582717,16.179550948498765,29.96500698665966,19.02312108026746,39.99116217410517,78.0953290895845,34.17491729466983,52.08000183105469,10.578519305872378,26.443312512689445,28.911036533661367,89.33967108956061,24.498095090229427,41.19740470301891
2025-01-31,6.677018633540372,30.387004300047774,0.6509794553272813,15.603726638086776,29.58671763019589,18.97485608184275,39.97849976110845,79.30602006688963,35.08122312470138,52.4900016784668,10.67397276636407,26.660296225513616,28.873029144768275,89.82322025800286,24.414715719063544,41.537268903343175
2025-02-03,7.325430801885095,30.28504275041671,0.6601431717698618,19.907879021154862,29.61650537827823,18.057703776018244,40.07027137221043,76.33317744121068,35.36952428919188,53.2400016784668,10.749061649338657,26.933362113417516,29.193797891858832,89.52404935784436,24.51403628688947,41.96495896665679
2025-02-04,7.073969474822738,30.77755077514722,0.6453551347547105,18.154884854584786,29.707967792332656,18.39442345374279,40.217521932460045,76.28289869006129,34.442975603893764,53.220001220703125,10.78145655570244,27.03551255858671,29.650883307294798,90.15743300084125,24.45919961543084,42.13436050149143
2025-02-05,7.063675275333045,29.117371230702638,0.6763093348723127,18.128876802364378,27.89400278940028,18.573558996154055,39.42432549415669,76.82874044149473,35.42658587024479,53.52000045776367,10.83447554465445,27.243242918289805,29.73356418025297,90.72163708940508,23.87822824989179,42.44216712001701
2025-02-06,7.317409499142655,29.31760135256664,0.6762833378404367,19.930561625137145,28.019593030924376,19.41496725798365,39.61773205271173,77.49679245056777,35.99649867501229,53.41999816894531,10.85470700384906,27.15325491324628,29.62936316654076,91.01046800244615,23.95769632001151,42.3156719252819
2025-02-07,7.298121756223855,29.240431984082274,0.6820170627225415,19.67432256909693,27.733162329645566,18.98140904944249,39.65048124752784,78.03641419650242,36.779776816214984,53.88999938964844,10.94643349434849,27.412530415083484,29.728871255798346,91.26922293207399,23.921538074290716,42.70697367595828
2025-02-10,7.530825659434993,30.723607592657068,0.6513308760850512,21.295818275684045,29.32489704770023,19.441176410585328,40.40652651546986,78.80203143196744,38.515565907481,54.7599983215332,11.09963861641714,27.84364457144229,29.64305867380629,91.43244768342318,24.44741928899881,43.366028660821414
2025-02-11,7.688780464413729,31.911960391766666,0.6209765304081967,23.0010426953214,30.437440809427336,19.693227999088915,40.81901770622295,78.12556193581644,37.690159080283394,54.56999969482422,11.052902885502956,27.728160926429865,29.421460853303284,91.10253305681097,24.65924212091061,43.20462365648171
2025-02-12,7.662180317643107,30.9905954608704,0.6399644747627404,22.667086734737865,29.34420133390912,20.002639028837386,40.4611103114054,76.30991795019432,36.838443452809365,54.27000045776367,11.041936567343216,27.643827071637634,29.668082145770356,91.96415719015403,24.399021160213042,43.088141366711426
2025-02-13,7.95149378986237,29.591066033664223,0.6545820562283735,25.82552792819828,28.101472210233542,21.192993813839735,39.58663022107131,73.79633625857191,33.868028581019516,54.290000915527344,11.031086654198436,27.57696734282837,29.420227305423683,90.74233923176521,23.887450246966864,42.9554522503413
2025-02-14,7.955677440261159,29.083304329040697,0.6588975351457484,26.091764901517923,27.514072082668235,20.69106227721703,39.23980749150874,75.50917535795297,33.61697531234623,53.529998779296875,10.891611958569868,27.215527898128922,29.467361169453078,90.42138236458996,23.640498793821486,42.40827532611545
2025-02-17,7.642098313426565,29.48502490846888,0.6506212203701993,23.05849516179251,27.83146269731709,21.634355680931517,39.385391032951205,72.86477402316788,31.66676670067823,53.7400016784668,10.907208450873297,27.264269851749596,29.35298001320449,89.2683512394214,23.738070944121,42.47643997543149
2025-02-18,8.102618116160096,30.183569064098705,0.6379777309659945,27.36833010457418,28.573578092085462,21.76647607583509,39.78934697562443,71.13451700270839,32.83779717123082,54.380001068115234,11.027685826060788,27.616611495636477,29.912729461330123,89.89467348781221,23.993379476376766,43.0273836074448
2025-02-19,8.853865258487655,31.17163387345679,0.6233121233957786,34.815187807436345,29.709804205246915,20.59522087191358,40.40075231481482,69.96286651234568,31.56949266975309,54.654998779296875,11.088806905864198,27.71749614197531,29.890649112654323,88.95158179012346,24.392963927469136,43.227960482055764
2025-02-20,8.59270344311558,31.462328477812243,0.6124714883962299,31.77816944566805,30.002051628631083,20.36543126440666,40.42915243600729,68.77179855420525,31.64335453349586,54.6349983215332,11.118016919902004,27.784482446506804,30.11670146389737,89.50531613183524,24.420414911719625,43.28936282676382
2025-02-21,8.975241130385447,29.41851060490832,0.6536776340356464,36.19402817041943,27.837129854295682,20.07810330882797,39.51037554774925,69.94893709484663,30.788638201813157,54.58000183105469,11.071174205386352,27.69679740218979,29.79876628158235,88.82289742754017,23.82030203165176,43.14393181770277
2025-02-24,8.462661710754972,28.935967368217803,0.6625313951279073,30.178028083855775,27.385233635837036,20.55778142498552,39.32950376520564,69.92783355860205,31.280169916972387,54.59000015258789,11.11007192508206,27.757832110446028,29.43980498165669,87.87290017377873,23.704503765205637,43.257628428151094
2025-02-25,8.590961705411402,26.589780071380343,0.7132005585738268,31.83562134413132,25.176039355647728,20.47060383910485,38.23430114787306,67.87161184527828,29.016349956593036,53.59000015258789,10.925593228513554,27.266506703964502,28.515964116909426,87.4650332786727,23.011719880389695,42.484567148586336
2025-02-26,8.493522145224466,26.47484181982525,0.7116601294011515,30.88519402963995,25.088882193431754,21.503464899065985,38.08978608014462,67.12865320879783,27.225067791503466,53.83000183105469,10.947574570653812,27.31394998493522,28.891232298885207,88.21331726423621,22.9557095510696,42.56101069805241
2025-02-27,8.514455546024575,27.64555218615216,0.6916673714223581,31.923415300195725,26.349808507810707,20.659409696632878,38.89647340252021,68.87678051491464,29.793043457249524,53.650001525878906,10.889985622983895,27.18494400212635,28.675502289449206,87.33131169129285,23.48044604994503,42.36991179860606
2025-02-28,8.33918220651766,27.103476650894876,0.709730526590739,28.3645099387986,26.00530028921669,20.680808838655807,38.77197865362972,67.48792913585925,29.417815264348896,53.20000076293945,10.904618996333362,27.07019857932887,28.479978702034195,86.23255926522017,23.45498989556736,42.178442516350216
2025-03-03,8.642932419173137,26.764623938560682,0.7062129690872596,31.837921310779137,25.5926495705789,22.45527115913413,38.375346746938334,67.88971933182319,29.889888919845433,53.4900016784668,10.853633423376499,27.209792496941358,28.857218998703864,86.86540767749204,23.19419039889526,42.403063568998384
2025-03-04,9.627362997544779,24.38589276859254,0.7686167225488388,42.83697530361419,23.375987228020946,20.07111670153965,37.18508484416008,65.141931036151,28.7611422213084,53.70000076293945,10.904863269675015,27.32489931181287,28.730905528476914,87.32356889732827,22.49307579734159,42.62164424531246
2025-03-05,9.161335706211972,21.999230417738872,0.8140736989038525,38.8019398743191,20.841850845338012,22.32991029556769,35.53305596306005,65.16197301652197,27.43440513696159,52.810001373291016,10.805716553233447,27.037589283567012,29.06074889973786,86.55395493133884,21.42204372189221,42.13462989770249
2025-03-06,8.981061058668898,22.218903094754452,0.7963914628495508,37.176986987879374,21.083761500776678,23.124029155215677,35.392520014338636,63.64559684550126,27.685506034173738,52.334999084472656,10.643446050902138,26.69375074680368,28.886366352013383,85.8644999402557,21.364559684550127,41.635800239817335
2025-03-07,8.747154791271912,23.76568588895642,0.7382646403172268,34.49987531263779,22.630581673876513,21.858949149714586,36.18032962711379,64.84692479115274,26.217630164575212,52.25,10.622609130885559,26.597487874346047,28.422294519323582,85.35626184262271,21.829156388163927,41.453648239738904
2025-03-10,9.361410615357121,22.81825221897897,0.7702388934994806,42.056079713841065,21.614940132245188,20.68564960981712,35.71215821766843,65.61625067016143,27.211532733662953,52.040000915527344,10.60195389289331,26.50711860368142,28.388038363019,85.13135164115089,21.513671293262643,41.31172840538577
2025-03-11,9.33361050068302,22.869275999287282,0.7572607946783869,39.901501575770624,21.696264180079588,19.83726317039853,35.62392350181149,65.1006711409396,28.615549088317398,51.869998931884766,10.576409099008139,26.452158935677375,28.707608243748886,85.68034685514047,21.464631466413255,41.22468590729309
2025-03-12,8.512550117434936,23.86064387559014,0.7176579440582667,31.78056320208892,22.775260373419375,20.69939028730042,36.04896680980285,65.70425375435933,27.822590211382884,52.29999923706055,10.600282318331713,26.535550757989135,29.002870631776233,86.3799198121041,21.76994614599891,41.36912528765628
2025-03-13,8.60329909667591,23.234709543815384,0.7450340796463003,32.05598397351023,22.035633100460586,20.312890518072432,35.86517977220523,66.46989514775716,26.950953905478258,53.290000915527344,10.790200302298182,27.078895064446638,29.72697951751306,87.41654070909155,21.604203610916056,42.18487758688004
2025-03-14,8.451018948873793,23.376236443808843,0.7448456679775951,30.177058543938447,22.25002979382672,21.53497795256823,36.03861279942796,67.51281134548921,28.077702300083423,53.31999969482422,10.862829221785246,27.234537003932786,29.653795733524017,87.49851030866404,21.743534739601955,42.45024303644949
2025-03-17,8.404211027181347,23.957651817046337,0.7155177722700161,30.063580822875156,22.768096116100637,21.97704157497175,36.15654553024445,66.94819484922381,27.54416225539761,53.27000045776367,10.868078272765121,27.123356926188066,29.48611193719146,88.32451079521799,21.792660441325165,42.27086165159354
2025-03-18,8.450968033488726,23.805418133384073,0.7194843497288556,30.594721313162996,22.482399391114072,22.7499762153934,36.069355912853204,67.88126724383979,26.936066977452192,53.939998626708984,10.94835172676244,27.454868708971553,29.808058224716966,87.81276757682429,21.655884311673486,42.782559311817494
2025-03-19,8.549282877054445,23.785172323573484,0.7206907032576302,31.479640728688484,22.465095259615154,22.36995457032086,36.11778417334634,69.73217895963656,28.708702994553196,54.220001220703125,10.966451014437599,27.503092072402065,29.413338724639058,87.78512475322883,21.68910401255857,42.8608816158782
2025-03-20,8.357675111773473,24.828614008941877,0.693889725936685,29.005425670640832,23.436661698956783,21.4903129657228,36.721311475409834,69.26974664679582,28.357675111773474,54.380001068115234,11.040238450074517,27.608047690014907,29.30253353204173,86.46199701937407,22.07451564828614,43.02235360294802
2025-03-21,8.332636957274344,25.138180906562248,0.693590536537313,28.140151425419617,23.80113887330333,21.225542277985365,37.037258108801794,67.81310062435087,28.167416763164493,54.150001525878906,11.006721023792187,27.554108419783446,29.134384662217816,86.32277627227906,22.293982117062807,42.92859847490379
2025-03-24,8.232558972399962,26.057086238181647,0.6685130360042021,27.297094915421162,24.746920064941268,21.102927132079074,37.460605481806894,68.00329481424889,28.292426702320697,54.20000076293945,11.011066278292425,27.514981854646166,29.145974596504633,85.9874892560405,22.60409702989208,42.88630412217141
2025-03-25,8.103332815134591,25.71660906688351,0.6744556106080732,25.984263660453763,24.32345168195353,21.73744065627877,37.18474582351745,66.91340899034954,27.432644129007567,54.33000183105469,11.021190342369922,27.565681690444016,29.662891788144407,86.68069789412004,22.434019348743764,42.96066780318877
2025-03-26,8.01517815493918,26.914612412836245,0.6500651676787961,24.926335274334086,25.57501166170297,21.0239573241475,38.02313203439903,67.35680026792015,27.24054205987537,54.369998931884766,11.072637458586005,27.669632925472747,29.850969416436424,86.53581637901132,22.919731601420935,43.1183982645718
2025-03-27,8.037684043930746,26.758308954007003,0.6504484197400605,25.212232331670243,25.439427365593975,20.496618867200613,37.89986091794159,64.85899956836603,27.414752290058033,54.93000030517578,11.164032900100715,27.904836698479688,30.328281617188622,87.64567646635652,22.822646395856314,43.49311966557828
2025-03-28,8.192224207610298,26.029237171261705,0.6703683011246225,26.65772793102492,24.650125319294375,20.027102545960403,37.511842373511456,65.45384772206698,27.000611606125652,55.34000015258789,11.28323359756317,28.20433640735366,30.118603619269194,87.00396944367827,22.623430510751078,43.957689782936036
2025-03-31,8.43686787077932,27.84959364190216,0.6200102844753318,28.967301082212707,26.865117837863718,19.126958478461223,38.4753492046393,64.84374064897602,26.9369337019881,56.11000061035156,11.409745412761678,28.54231749793529,30.001077237961862,88.35146683902474,23.316217219050355,44.51985073650067
2025-04-01,8.268168448238756,28.31085443719062,0.6062127933966982,27.278895129186395,27.348327235334914,20.07556735299041,38.70435468828467,66.42035535786881,28.152426046823063,56.22999954223633,11.390403424444605,28.584367601693092,29.84731090226463,87.78128512327523,23.4294664849224,44.52734734493961
2025-04-02,8.31310607057023,28.012267884686665,0.6127963842024081,27.737519551567562,27.016847416689583,19.657312304951393,38.42382791481831,65.31512680401278,27.303815479535587,55.93000030517578,11.329259981107937,28.468128609520164,29.889517295804286,85.89910681190439,23.29821960231009,44.36645766890621
2025-04-03,8.338010341162843,22.464564202381094,0.7140895267313154,28.739010042257263,21.17788949524139,17.974636686051372,35.561181233058285,63.56352172718913,26.485795827710973,54.53499984741211,11.138244390575927,27.929200052541706,27.766499886557682,82.93827543794706,21.389847509642596,43.52602696695778
2025-04-04,7.9247437809178916,18.402802433193685,0.8526829398536985,24.17216975549717,17.006319676205354,14.852422542545387,33.48599966863121,61.19671471514119,24.278681152216624,53.470001220703125,10.920376813652394,27.366032332126206,26.243224691708683,81.17351889985562,20.092191531160502,42.79983066525521
2025-04-07,7.672247905568724,17.468260859362168,0.9075868687269272,21.359690716173027,15.960505010208154,12.842325112055008,33.08849412151221,59.62969047004435,23.94809095815831,53.16999816894531,10.87696242930561,27.167472367587358,26.280125783211698,79.83479219956351,19.709360993124164,42.38143164279066
2025-04-08,7.204964588738518,17.20309468714209,0.9104083575938914,17.789496124519378,15.806511932309563,14.228782460323025,32.834303344786484,58.80840520767595,23.91721010681813,53.529998779296875,10.909707126662461,27.21437253114555,26.359769067152843,80.52263749620177,19.60767127129935,42.42339157733276
2025-04-09,6.924257575405224,14.255482430641148,1.0633473285300596,15.904083149047405,13.110160228831887,13.031673682007394,30.772540173484334,58.603288295621034,22.53435966605428,54.209999084472656,11.03462710169531,27.71447175647078,26.371479733029464,79.91093230389991,18.313527592381572,43.19667161912386
2025-04-10,7.101478807638565,16.05146716348393,0.9111551001397298,17.145318367562297,14.80554261760596,14.799720540288774,31.79436422915696,59.51327433628318,22.25780158360503,55.05500030517578,11.05175826734979,28.135188635305077,26.676758267349793,80.90358639962739,19.038192827200746,43.85188617537507
2025-04-11,6.857094961733219,15.928113944831095,0.8948183949441479,15.520590071446739,14.731554486808943,14.335591574371662,31.463155217461676,62.22687229762538,22.191264537908392,55.45000076293945,10.985803139956992,28.354701842817175,27.15669726467664,80.31977617979607,18.84725658396726,44.18599415096664
2025-04-14,6.837031731913272,16.75542053159907,0.8311288908066651,15.594496875324886,15.47320634407236,15.386570250320553,31.73768901107787,63.55623837632409,22.848825792142684,54.810001373291016,10.777530062724532,27.748096893807254,26.868740542226433,80.32898612667353,19.033949797271543,43.260290361375844
2025-04-15,6.4969450101833,16.53185917951702,0.8460866680039824,13.296479487925517,15.333139365725923,16.025603724178062,31.7078847832412,62.758219377363986,22.51963922025022,55.41999816894531,10.910677916787897,28.02443991853361,27.075938318300846,80.91358743089904,19.01658423043352,43.6194350215145
2025-04-16,6.561744895934257,17.39584670876767,0.8077789224350355,13.628351640655094,16.254800564978346,16.377368181446762,32.416216279314085,63.78768954206404,23.59134789358796,56.70000076293945,11.115715503052519,28.886560752681895,27.662343726289,81.43742631351628,19.441558593157225,45.02317075983076
2025-04-17,6.663618998811992,18.684921614759254,0.7419227184763151,14.413333643923687,17.52894313867083,16.061403713107687,33.09534347410841,62.696545458780776,23.538866500500827,56.310001373291016,11.12738475156654,28.630121829066596,26.99806657504251,81.48920310279763,19.8816650748911,44.62018841958934
2025-04-22,6.01717781421909,18.300129095286277,0.7327029761697079,10.653268669388135,17.299931381784774,16.154356093646417,32.727399602246955,61.233034437039876,22.4579277299001,57.880001068115234,11.274030913087472,29.30811904678832,27.23794238395962,80.02163218310596,19.701568914785483,45.68344763417987
2025-04-23,6.183297369802298,17.029217938998077,0.7989735813844987,11.337260162127485,15.924068350148715,17.647401877879513,32.09307750626932,63.73709686825684,22.499562605703623,55.91999816894531,11.076281565288388,28.429171283606465,28.03114247390214,81.43115413775004,19.324080013996618,44.345950262744125
2025-04-24,5.959966794888284,17.46775947339499,0.7821908536973297,10.113528744636323,16.368717043342023,17.958820984695247,32.46267347917081,63.230015550281195,22.179611593728442,56.91999816894531,11.246185504331864,28.861555729635562,27.98758315892855,81.71497386851243,19.505080148253807,44.99058745248551
2025-04-25,6.160807314531895,17.850244090893128,0.7650522538793605,11.191889392289772,16.78490733911659,18.379985717463327,32.656668890996144,63.247052763436706,21.24820004916939,55.939998626708984,11.083599667521277,28.436296374342945,27.649000807782812,81.70313396316979,19.679462414685258,44.30513260598125
2025-04-28,6.369230588732196,16.874134734964922,0.8036698969894642,12.34835863622498,15.785953962033929,18.372949761832132,31.947344956238123,61.917779289954716,21.09486824506652,56.810001373291016,11.23964615059718,28.82652462632283,27.685548020742896,82.94811929511698,19.249947204167352,44.91752099797277
2025-04-29,6.557671049227369,16.41696262671402,0.8255520961996635,13.406402145024344,15.314462450313993,18.898323023731685,31.634405061504808,62.01636992261919,21.115083378413342,56.45000076293945,11.219041795046687,28.694404591104735,27.73008443681351,82.1788931486229,19.08060305289649,44.84676520160548
2025-04-30,6.59363907759573,15.658423638372394,0.8715122061761466,13.575139277402975,14.56536047577631,18.969934886344937,31.263957123715944,63.52695047131003,21.17956794621659,56.66999816894531,11.27882513340072,28.7751815895254,27.558708069862014,81.97973719470629,18.834771161937894,44.886108256398515
2025-05-01,6.772530018463855,14.806364737566298,0.917900566284741,14.465312650680339,13.686185038397761,19.416448118921334,30.806411779233454,63.94726629111736,20.998224177064834,55.2400016784668,10.825463654431912,28.060354458962024,27.322388305441546,81.7348966847385,18.51383613035246,43.81931098250427
2025-05-02,7.065581280614582,14.536420340416534,0.9285689472901507,16.386510201924093,13.382316664904677,19.957477299691064,30.61751888266319,65.79859275704503,21.78407395660805,55.540000915527344,10.933150086337527,28.378322820124282,27.04655178489622,80.96345632025937,18.3658126886798,44.21421032250113
2025-05-06,7.065683819466488,15.371683184613035,0.8558765451246525,16.459163639356213,14.207785184401416,20.656250367392044,31.16072373293831,65.97185483017671,22.831211276878403,58.22999954223633,11.09523977474459,29.50598995991018,27.86301273233873,82.69554074230828,18.71935950340352,45.9916045708094
2025-05-07,7.1302951521639395,14.63114802310398,0.9028668227322456,16.704506687684542,13.545943275259685,20.2218640817815,30.673944498688343,67.88264495865046,22.521674685614126,58.0,11.150552307457033,29.472572846942015,27.418330255155457,83.21079440516664,18.442598844801015,45.94915874373994
2025-05-08,7.081769736609926,15.492841765972214,0.8587528085922336,16.29277588904443,14.363523003987908,20.857105885397672,31.350359382168527,67.50620537132237,23.333372545790347,57.665000915527344,11.185843518769042,29.241709506275953,27.553613231851497,83.12844824543862,18.892561789029138,45.57859815295772
2025-05-09,7.446388361647195,16.174858234205345,0.8228900540155124,18.694811548754465,15.172771536022069,21.244238001485446,31.89583014041003,67.08675712955213,23.383987833488558,57.63999938964844,11.239581245652712,29.266826214588022,27.65759286985841,84.57611732666847,19.299010881482616,45.58904798102556
2025-05-12,7.336149468129163,17.529847479086058,0.7714789079578549,17.583093725225705,16.459006306722042,21.227503461006,33.01267260658123,69.67567119851384,23.09703832546472,56.599998474121094,11.076698259439377,28.656833859879544,27.895116727604037,83.92791641522606,19.958467928011075,44.67360177501122
2025-05-13,7.193273020848173,18.38165455667949,0.7313482271230599,16.579997150591254,17.277508666951608,21.596143800161467,33.50429785819442,69.2821864463124,23.382960535688845,56.5,11.074108372512704,28.684048060027543,28.09635750581754,84.75210143895141,20.26048344968419,44.71790962094237
2025-05-14,7.115667830589801,18.192237345305116,0.7351718749362088,16.1108339865555,17.007529870068176,21.425687070951803,33.40340625668068,68.93275374711989,22.957789971258226,55.20000076293945,10.87021069384071,28.0944915556189,27.497684030499542,83.80840400009501,20.119242737357183,43.78963744018239
2025-05-15,6.9414805330298295,16.74313558116375,0.7931427126414249,14.920330061175132,15.596101863707498,21.57727509840186,32.47854128135818,69.8356807511737,23.189642907952766,55.880001068115234,10.947206809882866,28.361668326457057,27.65329349836392,84.5959595959596,19.561815336463223,44.20970374582366
2025-05-16,6.886234654382257,17.28682354617339,0.7741077214665565,14.461092774202742,16.259824757200864,21.905349891957353,32.91145252059934,67.74036520789305,23.06888609218056,55.459999084472656,10.875501626576117,28.14451594519507,27.384655569539095,84.35637451618265,19.916652815045236,43.822572421119496
2025-05-19,6.406945681211041,17.28406055209261,0.7616503594642791,11.707924910489016,16.319382606114573,22.356782428020182,32.74562184624518,67.37310774710596,23.10477886613238,55.83000183105469,10.918670228554468,28.383793410507568,27.453250222617985,84.77886613238348,19.836746809142177,44.13178767461598
2025-05-20,6.738668471163663,17.086330935251798,0.7704727488410725,13.33487665313294,16.261248427000975,22.69867274497234,32.581855307832946,70.07265474748914,24.479426359902178,56.55500030517578,11.04809221929387,28.744331267659142,27.86582615096042,88.53313388892846,19.742621744188806,44.82156975581741
2025-05-21,6.7931561729565715,17.044377014981983,0.7609519835511354,13.787810544282193,16.025033187938554,22.947088943675325,32.44120993741703,69.53465769011947,24.162004551488717,56.72999954223633,11.058695239901386,28.763867817181872,28.15937322207472,91.2253461027878,19.657927176180543,44.95780426841431
2025-05-22,6.561944279786603,16.372258446947242,0.7931239066494239,12.335506816834618,15.382335506816835,22.489626556016596,32.04505038529935,68.57142857142857,23.770005927682277,56.70000076293945,11.064018968583284,28.729994072317723,27.80082987551867,90.96028452874926,19.39537640782454,44.7777124573369
2025-05-23,6.698127795223141,16.857574459986676,0.7683889817551752,13.268388999904843,15.983323817680084,21.31506327909411,32.317537348939005,68.50675611380721,24.08649728803882,57.52000045776367,11.09763060234085,29.061399752593015,28.017651536777997,92.0342087734323,19.611166619088397,45.56213757871322
2025-05-27,6.683560436419077,15.805898327695461,0.8188813187860308,13.304588117585402,15.01679451141074,23.143074944018295,31.641574157892233,67.9046167039878,24.14955452856258,56.47999954223633,10.922387917480584,28.696579160512652,27.80920958597361,91.33951117251894,19.233288865596265,44.719851075498255
2025-05-28,6.5247948159001306,16.965657720759033,0.7671324438156369,11.974532156428308,16.161598113140123,22.48984502495563,32.484008147804026,68.8989743773005,24.133700222754292,56.70000076293945,10.94116666071067,28.786822952030402,27.871088398908864,91.44837937319087,19.779866347425223,44.872479921077456
2025-05-29,6.290076517842245,16.069342804700725,0.8068937206293317,10.798312316750494,15.3810397845105,22.40709399060809,31.894352935567685,68.05558866296394,23.28907534981288,56.68000030517578,11.002419489404305,28.938523515530022,28.032704822292676,91.11225000595934,19.49000023837334,45.11215283797895
2025-05-30,6.274148487190157,15.252927539677824,0.8452713365525899,10.691315315852925,14.646614753611129,22.445461570469,31.320216370445227,67.53254473042858,22.421684598466385,56.31999969482422,10.888367116447721,28.640848837900492,27.771503299054867,89.56190929085182,19.2117933781133,44.647209540719
2025-06-02,6.653670868048137,16.75805264781979,0.7530442303750321,12.743597047164661,16.194307958888178,22.05131856915664,32.19278881530537,68.11222673217974,23.030454081511547,57.310001373291016,10.94258111989366,29.17527119086615,28.77174867668352,89.36836858221177,19.82007643191151,45.49123149262348
2025-06-03,6.6174640609630355,17.693975989286432,0.7116699562339035,12.520887898647768,17.128076891169602,22.600410054634445,32.833998980789055,69.09302077531139,23.48333116059683,57.220001220703125,10.891335521871556,28.9986252503585,28.84900271394541,90.17054006328588,20.20941229452826,45.20674629678435
2025-06-04,6.618528319350666,16.764367338704893,0.7481814531340621,12.548800892359175,16.150277082270296,23.115899894388345,32.193755859073704,69.21716842092773,23.311696787744303,57.34000015258789,10.945343000557726,29.148520843469285,28.728744170592496,91.22948582549158,19.79328594652965,45.448611310012396
2025-06-05,6.571370905507605,17.520687649146968,0.7135309510278063,12.338387016348287,16.97455745645799,23.210533189281602,32.643151408659726,69.7503235227772,24.04160087380831,56.939998626708984,10.915183606596305,28.99981004167211,29.752223106056107,95.06227071436204,20.07028458131997,45.210084212153404
2025-06-06,6.693938818615468,18.0601371716069,0.6977240814137283,12.92213494078838,17.558796307283384,22.854023779576142,33.076630989391745,70.51403754420106,23.951633955905734,56.81999969482422,10.924187768469515,28.876047179438498,30.12791608325225,98.12634976386548,20.379951111849444,44.984217964511124
2025-06-09,6.578088273700705,18.507087062845745,0.677247788848982,12.248035328474083,18.10643652508369,22.614497020347113,33.32225361475818,70.87062845746576,23.481089294617632,56.650001525878906,10.870984591277095,28.79935421068876,30.65125002967782,101.7593010280396,20.605308768014435,44.89660212116173
2025-06-10,6.434781578698001,19.458329385009,0.6496967506173729,11.406708992703498,18.984530465270538,22.2567042547143,33.92992513977068,69.72543352601157,22.961480147825263,56.619998931884766,10.857398370131715,28.809935563346915,30.52449540415048,101.73055055434473,20.974485928172086,44.910216189149224
2025-06-11,6.34820385083049,19.50796255415599,0.6339350100100279,11.123965432161503,19.150857642045118,22.276263443081607,33.85118464389852,71.20258768253669,23.64565748621752,56.474998474121094,10.844479335135581,28.754323625588782,30.18569455429765,105.88603336127211,20.93638220259949,44.81814229017919
2025-06-12,6.345409178112826,20.10286830738086,0.5967303504224127,11.23430199027812,20.149947624259973,21.515247813754222,34.21489354189471,72.62573120064027,24.02222143756694,56.849998474121094,10.93270011652131,28.811070701364123,29.98363993738451,105.45178489460119,21.223944540564716,45.19614599988101
2025-06-13,6.39075220563185,22.960891885859287,0.5121999750257991,11.525674325222765,23.075432021897722,20.840430905865627,35.80113482842475,72.68305863280195,24.770038649953595,57.52000045776367,11.020816935493345,29.08438377406811,29.897912432597533,100.74245503565427,22.29714648214936,45.58109939388948
2025-06-16,6.5843597216998875,21.842092892064688,0.534152885987912,12.61047386235427,21.48951673561489,21.366115080857465,35.12833772094773,72.33099849567506,24.956515607371195,57.09000015258789,10.966587532907107,29.05815156073712,30.039488529522377,104.7092421963144,21.798020872508463,45.29428464122714
2025-06-17,6.9257807457133795,24.86884880350206,0.47061859323906596,14.41196145856561,24.956869740749,20.878566314974123,36.96292558123159,71.36150785733567,25.884023613083432,57.0099983215332,10.926332343586793,29.026371072799183,30.824932223878317,104.91508913586911,23.02921121504102,45.25449948160482
2025-06-18,7.0811041781295,24.581191978553285,0.47178093486450107,15.350440758127393,24.440711300499874,20.229217639690475,36.82349773474907,71.42857142857142,25.819177953898926,57.11000061035156,10.983833015300686,29.094133761018952,30.618934454056962,108.83740532187636,22.910057245876306,45.328433547609045
2025-06-19,7.307008411029094,27.60782845712013,0.42172126898986406,16.73432144402981,28.011417474819556,19.57114280032287,38.62756337517401,69.66882304083853,27.449902319759484,57.060001373291016,11.00072529040862,28.980908484727955,30.204836049272952,106.00353286618392,24.057414924604892,45.17272636485242
2025-06-20,7.036443216927254,25.650102986611742,0.4482258126235903,15.050088942982866,25.892940735886153,20.281340698436473,37.55500421308866,69.9314202790001,26.96961894953656,56.78499984741211,10.88234949911057,28.903543675685796,29.79004774833817,105.59053459413911,23.32412695440502,45.062495398505796
2025-06-23,6.656286151652897,25.54132535611204,0.446965890367739,12.731224511258866,25.722448788810073,20.028746041576593,37.41075288921088,69.9370157869521,26.555032310083316,56.994998931884766,10.919990184278486,28.956378466176655,30.002220222723395,107.19001600897437,23.215934187924326,45.140634829586496
2025-06-24,6.448557697929211,18.071162143516947,0.5893151728292846,11.786303099750944,17.898693918594997,20.94173497187891,33.18990213159033,69.9577891327479,23.438139447867826,55.400001525878906,10.583410310676658,28.06554961823135,29.21728657787963,107.0296879202086,20.61726085380541,43.75430956461456
2025-06-25,6.31954133495914,17.953242428861195,0.5885732464496777,10.995298305717705,17.850652472124843,20.72903354398471,33.297768814998065,68.26628835398812,23.408096985613955,55.529998779296875,10.637112942748942,28.244480660327586,29.55176982331078,108.85087523888805,20.714377835879517,44.03747332460754
2025-06-26,5.999624840264018,18.186454388782725,0.5709462321411005,9.505609667315014,18.25386590384187,21.149630115947808,33.30128843921826,67.34703447952448,22.333728032638895,55.119998931884766,10.548436639037716,27.996295297607183,29.80761339789207,114.03097412570196,20.748091961030283,43.665074893471946
2025-06-27,6.39924738872021,17.871587165750327,0.5826289903396065,11.48142532401044,17.99760852490534,22.097698791367243,33.111379435658776,67.94602768953027,21.910132117276067,54.2599983215332,10.408485047419202,27.616262030643707,29.465552208011445,109.75581163616755,20.638195608595243,43.05827408442415
2025-06-30,6.031811005204374,17.38202444301503,0.5976258519866803,9.438044558797731,17.320624524881588,21.870066078007135,32.72908017075025,66.3236068066195,21.68879012923221,54.349998474121094,10.432138471434419,27.701596397871473,29.29068475527747,108.19250336237647,20.367229986550495,43.19630591578389
2025-07-01,5.831009395976887,17.56479223310034,0.5887020638171634,8.547557090679954,17.558957723140836,21.35430645180111,32.83078754215433,67.95453749839551,22.054447646942137,55.11000061035156,10.496283417155794,28.07857918013466,29.330081566449234,108.39936053770843,20.435371133178524,43.78216327031713
2025-07-02,6.047683321309721,18.244862814456262,0.5707337417916798,9.426124311581503,18.175048288380538,21.58432431174513,33.377161341369764,69.33164227036839,21.968304205161623,55.11000061035156,10.550720253194015,28.12652719275791,29.711898722394174,114.43182611528705,20.732005305903982,43.96569761864061
2025-07-03,5.910683012259194,18.56566265758922,0.5503299748662095,9.004767103305024,18.69034226000626,21.72324607694181,33.48372206307048,69.09569594414353,21.946509551037447,54.97999954223633,10.455689449206108,28.0906043771239,29.812922605861683,111.30119112513192,20.87078553948574,43.42329435602577
2025-07-04,5.86010025993316,18.55214909023394,0.5529381907477593,8.652060615321407,18.497029335313776,21.340048273301154,33.536019309320466,68.69662086891942,21.804214630523578,54.95000076293945,10.88760211659859,27.989231340512443,29.93873004084664,112.55453954697364,20.80335592276272,43.631635808254146
2025-07-07,5.974999420746542,19.077712643944484,0.5346509595435357,9.154521793913567,19.199355870154545,21.80310016450798,33.83419449014111,67.8305799485623,21.91895085613661,54.970001220703125,10.430906647512685,27.825887995551334,29.651984522347604,110.93282976899373,21.035589332468316,43.386084898792205
2025-07-08,5.885490960117826,20.03386331744541,0.5154878377684938,8.658339718493053,20.065755140382006,22.55621658606733,34.53594498370617,67.6048661123288,22.440246320843336,54.68000030517578,10.45182015331269,27.818367370606175,29.70578343712672,110.43848357281193,21.457398323069967,43.39607112334054
2025-07-09,5.566243136855284,20.18241238642685,0.5093408210056954,7.36487112924161,20.306995178935658,23.409975894678286,34.65139996291489,67.41957166697571,22.569766363804934,54.88999938964844,10.453365473762284,27.87032959391804,29.633320971629892,109.6328574077508,21.52095308733543,43.45331787952527
2025-07-10,5.7867712966977125,18.91160483525144,0.5412422002357296,8.211351019320144,18.85945087676599,23.191126873196346,33.992791163960455,67.70163299838902,22.8260491637982,55.209999084472656,10.493086703058541,28.018265475238458,29.994321013409362,111.18064972242504,21.05571201743101,43.681836082089156
2025-07-11,5.93556826337601,20.286852036209574,0.5081842141768216,8.823189083960726,20.26080614914454,22.642557821869286,34.82045701849837,67.75403421850763,23.24450721181673,55.849998474121094,10.677366702937977,28.49854143032436,31.34767207649388,112.882874539856,21.606510314171278,44.434281389962734
2025-07-14,6.025608475378241,19.529491869684133,0.5274030393525689,9.157424611372056,19.379464749397005,22.307878731924617,34.436994379753266,67.52374467692238,22.91375748693033,55.625,10.649040403457548,28.363781145053146,31.367208687724318,113.30509745992545,21.223067246771535,44.21183987869848
2025-07-15,6.116062689282712,19.668129109522,0.5274006429803957,9.51969705792231,19.339943114427516,21.959673426146637,34.40195299455326,68.42390115268134,22.477861839453713,55.775001525878906,10.62286247279511,28.3017238401216,30.94160592346933,112.17051853387225,21.283149664329063,44.13238074520037
2025-07-16,6.236098786488885,18.72126122180863,0.5474052988832931,10.14831774383665,18.36400723727427,22.011455176149262,33.858458276191904,68.27008401230798,22.599195602318694,55.9900016784668,10.655676304841368,28.496767427656067,30.983139916794393,115.77333963329608,20.87630945109654,44.43778752986645
2025-07-17,6.220334676813987,19.60654109549491,0.5289233204035125,9.967548308553285,19.335150304304143,22.72753519418877,34.53014747491079,67.55898419004285,22.40995022577404,55.900001525878906,10.656419258352484,28.37044265570325,31.221489531244586,117.67966647804046,21.31861278885797,44.334860885829286
2025-07-18,6.216442468679637,20.01905201778188,0.5149817963641948,9.989030374527308,19.646671670226894,22.619941111945035,34.70353905663646,67.09774262455979,21.921367126609322,55.869998931884766,10.669129957854627,28.439466543502107,31.32613590439351,118.27839039316437,21.41042664973154,44.33924314517511
2025-07-21,5.782444581651334,19.611635910109243,0.5202438879952485,8.096403625954887,19.18724161027323,22.449592350509274,34.36727717855741,67.14668452779638,21.69318890454304,56.38999938964844,10.734000046192577,28.717347622237106,31.774718802688408,117.86613391228029,21.130216874148324,44.75483413182811
2025-07-22,5.632122979061755,19.05414904527593,0.5329630440544372,7.358922960462065,18.64506389794766,21.790986298528445,34.0059230919923,66.38702911994838,21.698798096313627,56.70000076293945,10.793221862432155,28.961499902050036,31.891356203689835,117.65519307666602,20.857580751103377,45.09731423677757
2025-07-23,5.385697251484158,18.921707651690703,0.5320559555203416,6.4469271285930345,18.492258384348446,22.262188865446916,33.848672454144044,66.27353324340838,21.288001936845017,56.540000915527344,10.730467263860547,28.628990419534468,32.03864466964111,116.17611455054819,20.734617646041574,44.639667532140244
2025-07-24,5.465902345124298,19.909564896414892,0.5081206943784956,6.688044892181156,19.67886310155493,22.631846075762468,34.501453421307616,68.21852074009135,21.172657223273195,55.63999938964844,10.669958012273334,28.384972085082822,31.750334517602546,114.7683753979606,21.24763530660268,44.265906888755595
2025-07-25,5.485197984197949,19.37862002390365,0.5263399746835128,6.720602967189583,19.102808678863656,22.271766111979403,34.26955962121908,68.49889675461984,21.208743219637768,55.130001068115234,10.578514296221384,28.118392019858415,31.183920198584165,113.36995495081365,21.0593454077411,43.84251347554347
2025-07-28,5.341527372753921,20.23227524157084,0.49978194630425926,6.1809999722960995,19.882255732286715,21.391356239528104,34.875714384080425,66.66437145676973,21.52906883334481,55.369998931884766,10.535013426977896,28.038857903555275,31.11730817783286,114.1407881750786,21.33684500447566,43.66636741382697
2025-07-29,5.50009229576127,21.384764364105877,0.4841833440929632,6.602185882678125,21.082149774047775,22.157152079682746,35.70275753942636,69.89532417227704,22.272433828276306,55.9900016784668,10.675089919763902,28.37660241630545,31.356635617449047,115.13764640782072,21.949644932214333,44.24513634155127
2025-07-30,5.339289776893298,23.2087749511668,0.4473006017515164,5.924709897085466,23.06718755417885,22.20321547868098,36.88785122343069,69.6205457760723,22.52684381465343,55.720001220703125,10.64217108380818,28.27847062494943,31.143448259919786,112.07364856274344,22.8013499924872,44.09436253988015
2025-07-31,5.413271919266735,22.46898435330062,0.466391991911172,6.103601800921934,22.2751365614295,21.907693732061848,36.65169891676697,69.5653180261087,22.723590408295532,55.97999954223633,10.715153689473198,28.46958614943061,30.500648088139986,107.43796870660124,22.648365892047032,44.394038295472136
2025-08-01,5.450179588131234,20.806155551194284,0.4964154188938017,6.2917768208633005,20.722457602659862,20.422299442398494,35.64955380335023,68.57459507509726,21.882684337516306,56.3849983215332,10.791263088627467,28.78920815968414,30.691171886724927,108.61684810842637,22.099144549243256,44.937139073735636
2025-08-04,5.155463124709836,20.34703217349309,0.5007704072518059,5.33714318120282,20.137180047374837,20.824230158912677,35.243658441229904,67.73336706299014,21.97410482257434,56.650001525878906,10.808821838419613,28.794298921417568,30.810891612814203,110.34772209829129,21.775751443092705,44.948600777991274
2025-08-05,5.216746760492304,19.345220997966383,0.5227661799005021,5.5643000998767045,18.948837850569298,21.08298769488838,34.628950905936556,68.59726323287798,22.117030688098165,56.7599983215332,10.833036524696395,28.862725047968105,31.164906878683777,108.6549398531659,21.28692395188253,45.00384683404221
2025-08-06,5.30933800136631,19.512363189507656,0.5145108040042325,5.8824206379363435,19.13624200383586,21.349901806530152,34.64334523905229,68.27030193056402,21.453263353737672,56.31999969482422,10.789797066828983,28.794804359560366,31.008464162254658,109.3967131027988,21.324061419728274,44.75555134278493
2025-08-07,5.2986367998769435,18.242056064033807,0.544333324060668,5.918763702087329,17.705187243767156,22.03746023725583,33.74521985783025,68.59288691877491,21.19339909737135,56.54999923706055,10.744553795978366,28.613385546457817,31.184326875595726,108.87240322006456,20.645046452072258,44.61465849874378
2025-08-08,5.216395018046702,18.06937534549475,0.5493366588693046,5.647111734193795,17.568407960199007,22.01953196978073,33.67997973097476,69.84752165100423,20.712410171365395,56.52000045776367,10.76072185369449,28.673185000921322,31.342131932927956,108.8078127879123,20.556937534549476,44.7185390536377
2025-08-11,5.13421185284562,18.227664043206318,0.5504650767759071,5.3442426905107165,17.696817227133195,21.545456643663307,33.8645648210123,69.27550949754195,21.14732153160847,56.06999969482422,10.694832321647011,28.459447919311284,30.991067925312162,109.1178710734646,20.804002123387264,44.383408826450776
2025-08-12,4.908710140232332,17.90218447725274,0.5547970653369215,4.7536678634645675,17.27160179571435,21.509233118896656,33.5539408525015,68.76243809876429,20.751376868607394,55.755001068115234,10.643252186791317,28.366096635349653,31.031610126347942,109.5304762345536,20.499722312213635,44.11186189660758
2025-08-13,4.850193477587247,17.18030053948922,0.5730625853805367,4.629072288123314,16.422005603278613,22.007918682997982,33.02345504642386,68.84276088818912,21.006506286322907,55.61000061035156,10.619023362430248,28.26964041769895,31.28111324642849,108.79506355785037,20.1034985760263,44.079511869850485
2025-08-14,4.850854568383191,18.061630564676125,0.5493612845206703,4.593286931309352,17.348098989453657,22.33411841143507,33.66940863895302,67.95373066793518,20.599598565975565,55.709999084472656,10.602905175714403,28.271513267046444,31.076330475339656,110.49877597428966,20.55319000823752,44.041720231198916
2025-08-15,5.005283245195239,17.856106085765045,0.5538847497409335,5.063923246943364,17.040374365703272,22.341179066175872,33.57563371613697,67.87700739674172,20.61682091060045,55.43000030517578,10.608866800589881,28.260314216375015,31.015223121494678,109.65640567122239,20.41361372054947,44.04370731798532
2025-08-18,4.88649940563658,17.679810890045076,0.5608408153730507,4.694724085985752,16.85129607527318,22.28299285043859,33.48822118448649,69.01006964159492,19.95967508314117,55.494998931884766,10.614259724909905,28.220199538812732,31.124346747934506,109.2538731619138,20.359447965793343,43.998193745817595
2025-08-19,4.710702670169794,17.720112501302097,0.559034239251155,4.17655304000643,16.782601650482064,22.40766675540226,33.51890646882487,68.2241692612183,19.907637819882172,55.36000061035156,10.591847127860277,28.131112628618386,30.648502876190697,107.94685123670413,20.347457725205153,43.85467353748126
2025-08-20,4.733618042785155,18.277926378805248,0.5436481833575277,4.218918332389801,17.313949583724135,22.220678315443315,33.93314111693936,68.64209539028033,20.564838295063748,55.63999938964844,10.654404187075183,28.363497412026263,30.963050451013768,109.67334792325241,20.602471022799644,44.221348324717155
2025-08-21,4.810372475930607,18.76612035762616,0.5308874903234934,4.411917928810549,17.771429232352908,22.1260944493922,34.328409997802424,69.77873905550608,21.23549890699638,55.880001068115234,10.69003805271863,28.295203506864528,31.326987358169767,110.31240241039106,20.824899663424286,44.32158560106434
2025-08-22,4.648758013905438,18.905257076834197,0.5170421721548238,4.0375506898559355,18.00115540150202,22.46100519930676,34.22299248989023,69.56094742923166,21.357596764875794,55.97999954223633,10.688908145580587,28.450317735413055,31.761987290583473,112.48411322934719,20.78567302137493,44.35586295742165
2025-08-26,4.62998307027392,18.688778637430758,0.5250436749109959,3.9447664030290124,17.838763024899098,21.857544322242656,34.27818061964403,69.75332199979184,21.273519989822944,56.35499954223633,10.81312377846396,28.64610438423019,31.5373139506644,109.91222287756305,20.871641860088587,44.6518412498717
2025-08-27,4.744639763040411,18.675647812438463,0.5258951398241484,4.21121509334023,17.859004506017676,21.394896268924693,34.3453532416685,69.20038457528756,20.676713502994357,56.689998626708984,10.824867657449989,28.76206141621008,31.542123735940415,110.7681080517555,20.911281261221607,44.8400874381409
2025-08-28,4.84461549099112,18.826330791870408,0.5214247642001344,4.499316212752529,18.07316168802577,21.505874719009988,34.37347917777108,68.75275196403328,20.28342332738523,56.70500183105469,10.83404787838057,28.84637667724966,31.766355356770408,110.29871845380175,20.926513869898727,44.969990699278135
2025-08-29,4.852781578116333,18.9858790357993,0.5130694206692887,4.552335531292972,18.220319397259008,21.019667660449745,34.42418359564584,70.18881878481129,20.077884859830363,57.20000076293945,10.96772516120086,28.988710162009752,32.14194920150685,110.41392220758512,20.944556148743903,45.32690664693094
2025-09-01,4.814853302850809,19.478795016569098,0.4959183525920474,4.470770402011746,18.673432863394414,21.09529252831757,34.66809842160565,70.94114794416156,20.402507880425368,57.689998626708984,11.035482120382879,29.241285346450056,33.063147320655375,115.64885055480504,21.063539898622512,45.5852293027542
2025-09-02,4.843488858056329,20.340692915201476,0.48481004481536344,4.393266706554088,19.33763763186718,20.038046924540268,35.38940450798409,70.87104398455064,20.366634000115297,58.560001373291016,11.258430852596991,29.86683576410907,33.54470513633481,116.0315904767395,21.49939470801868,46.56712905937446
2025-09-03,4.97991235197269,19.103477650254984,0.5070853726537723,4.889546328379514,18.08758014942039,20.07620670204561,34.50022447593503,71.86107817518332,20.392775328368003,59.27000045776367,11.144654594849717,30.131577432686,33.63109970184991,116.98649690913906,20.933819889719004,46.95576202733696
2025-09-04,5.033820058116401,18.791122685318552,0.5173824542350335,5.030939309582703,17.88080614866967,20.568544530610833,34.37309150409642,72.45082562252975,20.557021536476036,59.15999984741211,11.141294954080868,30.001555604208196,33.3072145466278,112.06687945795835,20.888307617851424,46.78911715685829
2025-09-05,4.909170476929369,17.091036931163263,0.5573101396343895,4.727626837296375,16.079579510350868,20.113882613306284,33.1389183457052,72.87104061966896,20.257964866983265,59.349998474121094,11.10297846834801,30.178028032643272,33.30605375997049,111.70408963068836,20.08218451749735,47.057264930309664
2025-09-08,4.93742523516907,17.96579699456071,0.5298123729386132,4.811814185869005,16.84221443717157,20.593251590301467,33.661381027012084,74.12763897851941,20.985064994929477,60.130001068115234,11.267516363971605,30.54127869456993,33.56918963768784,112.44468516640545,20.374297040656405,47.62837861972745
2025-09-09,4.857890902444049,18.62008904883844,0.512838248142578,4.578748381745348,17.452188156043093,20.428172653240132,34.085403834175374,73.83440607193116,20.90686783399082,60.27000045776367,11.281057512630632,30.610538214870694,33.28373359171338,111.16686275866842,20.647334302258518,47.75417159881757
2025-09-10,4.844802221360153,18.907320341469614,0.5050423512505126,4.568715561357099,17.772361292409347,20.215555581226102,34.29135813878268,74.00626104635715,20.983746693312693,60.400001525878906,11.35392239537006,30.672773689743202,33.471184169487216,113.14357665161089,20.80180669308166,47.83000309505571
2025-09-11,4.779042156969377,18.138755704465368,0.5244064397163473,4.465946366968618,16.870775807290162,20.125931488648835,33.76465830974524,72.66477961989486,20.57073537057362,60.16999816894531,11.219744671018427,30.535497660447113,33.63757148633817,112.81843914274161,20.426318525792848,47.64022946144251
2025-09-12,4.7674366253673535,18.89578565318908,0.502866600412826,4.403911505652264,17.606976905471946,20.3897635064845,34.335483274383336,72.92461335737568,20.696072311995746,60.439998626708984,11.27996624823728,30.70023348822156,34.335483274383336,114.00466976443118,20.756756131955523,47.84196706850734
2025-09-15,4.759454670387489,18.767848677897124,0.5035784105302955,4.392942759443541,17.556740007630854,20.395185626250132,34.17118544125979,73.92676694684997,20.38940467794337,60.52000045776367,11.349446763247045,30.769097362731387,34.42554716675724,113.3528343989548,20.661109248361104,47.98187094611
2025-09-16,4.863341265623917,19.476468821477255,0.4805004415209566,4.634614192720367,18.225977866598896,19.476468821477255,34.51123997874454,74.62514151052376,20.521913915394034,60.369998931884766,11.293406187186656,30.730887415382487,34.23399487096551,112.12831827738373,20.9233417276991,47.96918134819549
2025-09-17,4.926477367013921,19.11818936111367,0.4862519555502008,4.831981052283681,17.885129528902,19.394763529086383,34.25486309578685,73.87987461971052,20.541393933806585,60.40999984741211,11.263194892597033,30.678125288098094,33.851525767493314,110.75643034940536,20.748824559786115,47.84156839408182
2025-09-18,4.766020282129909,18.780032495592355,0.5017227378749651,4.479091185939679,17.659395489796154,20.18875099388115,34.22408130812045,74.78019382122815,20.776437238566047,59.9900016784668,11.258224726610665,30.530876574365358,33.76315092013229,112.35178207211257,20.790841313190676,47.61410872751434
2025-09-19,4.704570092498857,18.04606821684031,0.5250235605613846,4.42109998168117,17.00821086041537,20.285655143862556,33.82667494652591,74.74872927160237,20.36615377538582,60.70000076293945,11.36899422709814,30.912911980496332,34.763909013546765,114.18155891349846,20.619149474458933,48.21292950281808
2025-09-22,4.556918491344721,17.829301845695287,0.5264243742857425,4.062822353507789,16.648515419007225,19.626275363980284,33.60655737704918,73.26607818411098,20.10776109136765,61.540000915527344,11.489739768428294,31.27651037487103,35.486644503037944,114.66238679353434,20.402957698039664,48.756160471508515
2025-09-23,4.550139202119798,18.87732316465698,0.49268841854041595,3.9901749997942364,17.883930514044913,20.142682102900594,34.233398605242364,73.70000114512122,20.328764299701124,62.2599983215332,11.52564498952214,31.609639630354874,35.80221466442223,120.19764792103244,20.88701089010272,49.29746726334415
2025-09-24,4.637540222251847,19.485799358680715,0.48213465957536755,4.080966629678374,18.558176820888686,20.258818140174075,34.711406321575815,72.99015116811728,20.078447091158957,61.970001220703125,11.606733852496566,31.490494732020156,35.782180485570315,119.93815849748053,21.25515345854329,49.14681735630708
2025-09-25,4.800581611643607,19.916088559195916,0.4779403347299494,4.420518738655177,18.897245689951234,19.838816768550952,35.16152666162969,72.91595118712365,20.479886439086933,62.11000061035156,11.622249696636676,31.572681273897018,36.60393342033565,124.31600155688349,21.481557799299402,49.236438310247046
2025-09-26,4.6991082569227425,21.048685279943225,0.44621495177531656,4.321348031640281,20.17296839406115,20.261684810604763,35.698341289192626,72.93061803862312,20.482044942019527,62.70000076293945,11.647606946209235,31.836315349657156,37.352473184747645,128.12367640830158,21.887198507274746,49.64112970736953
2025-09-29,4.744257905910812,18.626496362907382,0.5001431908747592,4.418351706363838,17.52677702044791,20.367718655134887,34.29176928804628,73.89884873131336,20.175840540695344,63.36000061035156,11.833438341256658,32.20974855375451,38.192336330832234,129.82988716421332,20.863165129732515,50.24915708627848
2025-09-30,4.842219804134929,17.89416413722009,0.5195578788196731,4.479697681730894,16.820342477521333,20.640284061623046,33.818223469446195,72.76215566118779,19.454784949315616,63.540000915527344,11.88935341618464,32.24614855964721,37.59807571158582,127.43829104862265,20.583013573105777,50.28349066591708
2025-10-01,4.911604800354089,17.541445965467428,0.5283070994824091,4.682304853093077,16.45227121597762,21.233175116369726,33.56951227901217,73.3587856274793,19.507693013230607,63.95000076293945,11.78315103987526,32.4086812960033,38.39054367017496,126.15509848432735,20.393364059526267,50.53771047563079
2025-10-02,5.251833165748435,16.77740673161887,0.5576020490077908,5.623070655604136,15.690088477295417,22.010305137650477,33.21054383126197,74.49421053235561,19.42541398423245,63.599998474121094,11.77402141357111,32.37855888732055,37.73195166454367,126.76581632067568,20.159855865780745,50.49861840937702
2025-10-03,4.934010477955404,16.910137482657003,0.5462040146487621,5.0681680063294765,15.829425187189688,21.86650766531745,33.2469527926523,76.25758218573344,19.48722064877137,64.2699966430664,11.850569308917452,32.63779798419924,39.209503388334035,130.56265838025018,20.20960658632512,50.91101068199987
2025-10-06,4.944133617272817,17.37710000803831,0.5320211962272164,4.953894490273467,16.23164107805197,21.783815440441877,33.62309520801993,75.72660565207906,20.483331993615288,65.54000091552734,11.916792025998186,33.21687355741074,39.50828519917779,132.87897752718672,20.339790774318754,51.806898795938125
2025-10-07,5.092651169210596,17.29948584639805,0.5386535597494184,5.208824648357073,16.19526334556413,21.877408297772,33.494749191962185,75.26541598132025,20.623655666616823,66.29000091552734,12.13494519145608,33.6370903737103,39.2631615270477,133.71444346035727,20.405111629993442,52.47357219646507
2025-10-08,4.960843026603708,18.124496141886446,0.5148566374646399,5.004606562167094,16.96706207531959,22.480709432223886,34.20476793734884,75.92997811816193,20.17735805597144,67.58999633789062,12.225037429459865,34.288264424737996,40.41229989634919,135.78256363008177,20.862605090406543,53.46078333403814
2025-10-09,4.919325976857164,17.888196611809146,0.5336227739456261,4.773065059794672,16.80563393258168,22.699266391035458,34.2101323260126,76.26308576430077,20.0619594384494,67.4000015258789,12.351579505015488,34.31090278817473,41.96657875643491,137.1054116617337,20.836452419066923,53.51775428211482
2025-10-10,4.7313226568429245,15.667582765084001,0.5946206902300134,4.327702656342533,14.362429998965077,21.503397996849234,32.65181743960075,76.41180732035463,19.821648287202603,67.06999969482422,12.281085059163093,34.12227039085588,41.126686061888385,132.90709842116763,19.781401285604222,53.21803385266938
2025-10-13,4.668238410844426,15.935487580496778,0.5846366162901091,4.158808577466472,14.699287028518858,21.8261269549218,32.900183992640294,74.8907543698252,19.431347746090154,68.72000122070312,12.583371665133393,34.86085556577737,42.39305427782889,136.83302667893284,19.937327506899724,54.352575195087894
2025-10-14,4.617543213994089,15.034329679934677,0.6236845987077357,3.9821278651194354,13.746247886740807,21.391358351255302,32.299801037365874,74.21996296764844,19.718002093132913,69.3499984741211,12.880817931938678,35.32736828788628,42.67345976469506,135.8696277213603,19.602994790169177,55.09424708088104
2025-10-15,4.5042612609000985,14.949116721416921,0.6143897645180079,3.758815556729687,13.751694194941537,21.191794353449268,32.06910018147987,74.88341641588754,19.65840435551676,69.9000015258789,12.858652454572605,35.545071328478556,43.176127357515334,136.54062622039467,19.42868300751189,55.43750360622136
2025-10-16,4.545402272413634,14.797713786282719,0.6162886994869576,3.8398729690473847,13.62470674824049,21.482128892773357,31.952941717650305,76.3777082662496,19.94111964671788,71.06999969482422,12.880077280463684,36.09296655779934,44.03951423708542,140.37559225355352,19.386241317447904,56.29283863441218
2025-10-17,4.577695658052711,14.413073217837148,0.6395208602218174,3.879315440319027,13.096784577005758,20.405347925552093,31.625415291940175,76.45970087484336,19.681101773828274,70.83999633789062,13.047926701691056,35.97232919861588,42.529343465115474,132.76696517870488,19.137917160035407,56.111834381334006
2025-10-20,4.872903347897997,14.164012830388247,0.6451983643771027,4.532024375519151,12.89936882767501,21.38398040951472,31.420655085593406,76.64317494625263,19.469769259953324,72.44000244140625,13.129304100895599,36.71491475149745,42.7909543463515,133.9143031236707,19.012772904427404,57.27112659857784
2025-10-21,4.957412663524761,14.502762430939226,0.6360497044375368,4.6875,13.302831491712707,21.523941068139962,31.779465930018414,76.29488950276243,19.826197053406997,68.9800033569336,12.638121546961326,34.987914364640886,39.9171270718232,126.4215009208103,19.25932320441989,54.55225651215892
2025-10-22,5.041876625020134,15.404615632406065,0.5966268678855936,4.852051264351948,14.130484802466578,21.007339913945838,32.431375255976626,75.45270472377534,19.678562389268542,67.41000366210938,12.232231195784728,34.22896389866777,39.55270242286188,127.20024849865396,19.632544120015645,53.23163348492174
2025-10-23,5.024952280201458,17.21074902835591,0.5304371946291107,4.807050891072014,16.184485891037877,21.019708851735164,34.04778879102178,75.55826414920773,20.04231538762275,69.30000305175781,12.720488466757125,35.298277487753836,40.7803049467608,134.73656371455513,20.72936549916059,55.05600012431897
2025-10-24,6.601585697323652,22.876594037153726,0.7041529384083489,6.171912709658979,21.37440763897057,24.39419068639334,45.349299696332466,86.46248232969084,22.748517074664633,79.68769836425781,16.75619451469137,46.47017028135507,52.53250225204549,175.74675658830884,27.423752750507784,72.47973832847391
2025-10-27,4.9476868775998994,17.19801061159942,0.5257669466797524,4.602179687880494,16.152321144127523,21.498229490161926,34.000664657414944,74.8713658709877,19.401120749916917,66.55999755859375,12.264648247252557,33.813013533800124,38.206341748507384,130.45047729278158,20.552811615461305,52.61107210090429
2025-10-28,4.805833501818523,16.090935087217616,0.5621961855976998,4.2259080607038175,14.921361166714327,21.286817271947385,33.1998856162425,75.69345152988276,19.582499285101516,65.91000366210938,12.193308550185876,33.67028881898771,38.66171003717472,130.9064912782385,20.108664569631113,52.519303306293786
2025-10-29,4.765699782589321,16.707272644473793,0.5401543751403094,4.1731179447261795,15.597249419372467,20.82289721754178,33.63654993396785,76.19313265631403,19.772644473792067,66.56999969482422,12.292795664647752,33.93824855412359,39.58513593515187,131.36982558404299,20.432965982057468,52.91110532597237
2025-10-30,4.909161051785724,16.66136110416335,0.5485004085118439,4.38902644208564,15.430660087769162,20.72580095045363,33.732008458582506,75.76343254735214,19.31319493394575,67.12000274658203,12.338275085836422,34.09581845880989,40.21237408763273,132.40410195775254,20.4273630596421,53.17310586616757
2025-10-31,5.074901684435453,16.719328953649608,0.5490327601688503,4.774271871439257,15.517378554704372,20.481462117251255,33.76827078266009,75.40746970971335,19.080607396967558,67.05999755859375,12.346275374508421,34.02968789070491,40.09342820122297,130.2255006705917,20.458730194812574,53.084723956098614
2025-11-03,5.242564727591667,17.30815231629666,0.5291544899939025,5.120114818147646,16.12921597885888,20.936086842614845,34.229021198072694,78.15151894841156,19.475230946224556,67.30999755859375,12.28770602909182,34.154981717943755,39.89019375562415,129.64882505040381,20.74529279766719,53.31412138508023
2025-11-04,5.399544747905699,17.017643710870804,0.5443369344886081,5.562322070534825,15.765509391007399,20.38702333523051,34.12635173591349,79.36824132043256,19.945930563460443,67.06999969482422,12.245304496300514,34.15765509391007,39.74957313602732,129.9430848036426,20.663062037564032,53.33522998547107
2025-11-05,5.375892551432122,16.938715279748457,0.5500754745845222,5.529132729871796,15.63333598192901,20.420672667627727,33.99661736495,78.35681124215354,19.487042691578598,67.30000305175781,12.245025369762875,34.188167587999594,39.85379751864422,128.5231052135714,20.588101751478483,53.327581577393474
2025-11-06,5.349090923833028,16.048976068511976,0.5754006547642869,5.453017344973656,14.779709914473608,19.683563713185602,33.40981111502334,77.28041979487296,19.396772031848073,66.94000244140625,12.229819520007268,34.017468736867215,39.594289154163306,125.96685710391512,20.15208477675681,53.1274508204842
2025-11-07,5.423603613841696,16.17705551451787,0.5596908915279277,5.594635920142834,14.932666628785725,19.353372350701747,33.2916642991079,76.60094323541111,19.10335814534917,67.31999969482422,12.227967498153305,34.18944258196488,39.9454514461049,127.7345303710438,20.16023637706688,53.23598070424811
2025-11-10,5.332999783950968,16.10986661815039,0.5642290907961379,5.377915379359713,14.810729677177262,20.297237983693982,33.23743788590337,76.79974528956255,18.986730041049316,68.80000305175781,12.437033078243863,34.8976041299478,41.25399406433712,129.77724207725458,20.14372946112823,54.42161469400812
2025-11-11,5.612430543003053,17.38101738101738,0.5194967486685016,6.153881153881153,16.112703612703612,20.770770770770767,34.15915915915916,77.80507780507781,19.135612885612886,68.80999755859375,12.492606242606243,35.003753753753756,41.712166712166706,130.92638092638092,20.719583219583217,54.61711642284152
2025-11-12,5.615616979717913,15.540893502010038,0.5766653657736591,6.1788818231840095,14.16679915510232,21.372277362647345,32.966908174157936,79.07288378114424,18.961934179745167,70.2300033569336,12.593972154716209,35.72219446274047,43.84610143314633,132.98053555611074,19.89029957527993,55.73031497755962
2025-11-13,5.700884253485999,15.644484752295659,0.5647885692645304,6.5037978937425605,14.269924044892868,20.40584967690738,32.90443260401315,78.30177984355515,18.674186600158713,70.13500213623047,12.538260968144202,35.63654914408797,43.4871329781204,130.99988663416846,19.856025393946265,55.59460482431396
2025-11-14,5.500429873014171,16.462255611875452,0.5367487172645387,5.918491758530249,15.115858073859522,19.822592324402606,33.47325307748009,77.91568609703114,18.9966509775525,68.4800033569336,12.394777335264303,34.748936459087616,42.15129435191891,128.20759413468502,20.294962889210716,54.27453070771082
2025-11-17,5.540244746124097,16.382566091660713,0.5409819418976268,6.002971292719639,15.049958604107832,19.200889161081058,33.47396595329636,76.74684994272623,19.240583852199652,68.12000274658203,12.43861499552017,34.571240629217556,41.770156397083014,126.27448311841493,20.27264582128316,53.911061036158586
2025-11-18,5.342956872678841,16.293862635616687,0.5475736529120705,5.306073673259894,15.031322347814244,18.135185437378,33.46724771891597,78.23210313677424,19.312610649598255,68.06999969482422,12.327500113486767,34.59076671660084,41.69503835852739,127.37754777792908,20.316968541468064,54.03105067224064
2025-11-19,5.670936624464263,15.770723184097665,0.5679729670890084,6.159658994010104,14.50566157616465,18.24411717987701,33.237650048787124,77.70201275272866,18.91919489890853,68.62999725341797,12.40100751094874,34.919671424357254,42.28596065261295,127.8279516213211,20.164401279811205,54.40899706262303
2025-11-20,5.66464479220548,15.65670880335582,0.5738903569172356,6.158381182552364,14.415282580352587,18.593050280596337,33.08202482852446,78.17017175897058,18.887818150898475,68.44999694824219,12.354741794682841,34.73442548608355,41.91372371180773,126.63114335922,20.07539255144266,54.16359789794105
2025-11-21,5.660280999614136,14.725242299748054,0.60410376946043,6.093243121570493,13.42862655196677,18.01075878974964,32.582790475974306,77.25219601879382,18.44769276164968,68.7300033569336,12.376012892389404,34.852577342987495,41.19663163628935,126.47252422997481,19.70458723925823,54.304649061580555
2025-11-24,5.57234576159781,15.147986138726353,0.5889905147143998,5.71266247563448,13.895358745668352,18.38323013122763,32.81826961313413,77.52655797307278,18.22132591035619,69.0,12.588763278986537,35.03096063171051,41.70311878657048,127.36465375220133,19.85457024370846,54.621372223983926
2025-11-25,5.268425980516735,14.479071883530482,0.6069153845581388,4.924931756141947,13.230777979981802,18.664695177434034,32.25659690627844,78.70222929936307,17.98510009099181,69.48999786376953,12.57393084622384,35.23800045495906,41.98134667879891,127.40559599636033,19.51774340309372,54.976113608362894
2025-11-26,5.439647347042836,14.810554726736438,0.5911694683621509,5.2944458301140465,13.540753225751345,19.177988588869024,32.43403295789725,78.31201813026,17.868327847942695,69.68000030517578,12.632531972804609,35.338063296473024,43.43518318167841,128.8307576672095,19.64775820246216,55.11963639932001
2025-11-27,5.4545039596503635,15.430654768697082,0.5682725795588532,5.359221237150928,14.17258141817103,19.592852089371704,32.90960129630052,79.1758906360545,17.778487801538216,69.55999755859375,12.657758404272315,35.28310929547892,43.738731542551974,132.43147636761987,19.960859940205854,55.047129742413674
2025-11-28,5.458241030442825,15.709571333957568,0.5623815287642452,5.88530870365705,14.513440062118894,19.61769474958321,33.12627035421472,80.1322310274739,17.559435448877522,70.44999694824219,12.812021832964122,35.79544156941558,45.75558955854478,137.12403224701396,20.085870235458014,55.878458644450426
2025-12-01,5.724331044551406,15.631772247188449,0.5613408781689884,6.0211696103070755,14.377124347012797,19.093459862673086,33.08278394963159,79.749982891165,17.268517462417595,70.6500015258789,12.709012934279263,35.979880010037185,47.98457923671785,137.95994251431438,20.139950270319595,56.27095727863752
2025-12-02,5.800985513183799,15.471191378466651,0.5683770861905729,6.257895194360754,14.151104434809326,19.50542259852287,32.9737234417853,78.84105470394773,17.1355251328622,69.95999908447266,12.557896054533247,35.59682723931128,47.34104901391781,134.40988699600558,20.03459538197171,55.43796177732397
2025-12-03,5.889083705255488,15.444257218325895,0.5525890318723484,6.8232533449422625,14.354107842244284,19.20712268876947,32.71586665452227,78.38259404317333,17.106521541123964,70.30000305175781,12.560911740595682,35.56220967301212,47.79579196648147,134.71172237908735,19.952864559613808,55.39552643603342
2025-12-04,5.850875489714566,15.847905792052632,0.5508217892899121,6.841726536532992,14.52867471530879,19.668536053271808,32.923667348174206,79.19955226096789,16.43898984591838,70.20999908447266,12.595515756530478,35.544996630535344,46.5442998937762,134.62439035533575,20.076869481787757,55.49336853316656
2025-12-05,6.381377083714966,16.08868382487635,0.5397050672015071,8.393249399912271,14.920887525187764,20.115863711302435,33.350888441106434,78.76900531232826,16.52088294559443,70.30999755859375,12.645402088294558,35.71224125297674,47.879648287232094,135.48726873053673,20.321945411247484,55.756549691953026
2025-12-08,5.832980512867458,15.37057591742857,0.5636735856270463,6.245494247610952,14.303532400361593,20.02494536050623,32.86951745603094,78.85251341671339,16.314609055852433,70.06999969482422,12.615715577118927,35.54999942785871,47.51061322104107,135.26564520373952,20.007781121625797,55.49198307821717
2025-12-09,5.64885132919567,14.828521094536468,0.5836460196962074,5.5539031756200234,13.733183856502242,20.328086391507274,32.47117232543241,79.65933009975289,16.676008968609864,70.30000305175781,12.669305390317561,35.71714560263567,49.49894756108721,138.08112931271162,19.7360895030658,55.710625929966426
2025-12-10,5.483151349699997,14.4888151496081,0.5951141177588329,5.081526472950577,13.41323874363522,20.13845185651353,32.21008066823045,79.20361576749242,16.19085760054923,70.0,12.660907374563763,35.5598146347045,49.71680302076778,134.33262772469823,19.57205789804909,55.47800287242012
2025-12-11,5.128102388194318,14.002103602419142,0.6050143270066574,4.451291384416372,12.895997439092707,20.784506510878142,31.69122774925974,80.84578536395752,16.277195349209435,70.37000274658203,12.735940733288366,35.77553190273125,51.49252878162549,137.99174564702923,19.23252809566818,55.8140594894468
2025-12-12,4.919734984734575,14.07920408000274,0.6033292761659297,3.939666934327116,13.029538945999294,20.457060709436718,31.803712619941358,80.88126233641768,16.700514564103734,70.80000305175781,12.778532066128903,36.06797722683035,50.13291955229501,141.78465891587845,19.244811573699042,56.38527065266959
2025-12-15,4.817650546348061,13.620671975937382,0.6227569453169283,3.546729418520568,12.447163641749553,20.530699205888048,31.342926479133197,82.0259539027697,16.4889314238188,70.87999725341797,12.823142040081574,36.05120142188194,51.38371443870982,146.15305738797554,19.026785612559955,56.28282864030136
2025-12-16,4.662471208936522,12.723603652905565,0.6551059625870491,3.3068826919425014,11.623399573599663,20.043096076888876,30.61759642462177,82.08776550261655,16.180980720776187,70.94000244140625,12.814812281241807,36.02170765354403,51.35045775330346,150.20920979124628,18.552405057518442,56.28142613636465
2025-12-17,4.8362273802860605,13.133743002747599,0.6393579267731657,3.60208876913378,12.210276697866908,19.814622689909136,31.101433082895355,81.35624137813096,16.4599318231049,71.48999786376953,12.939929086908442,36.31445737803975,53.39003340439844,153.9623544970529,18.922508636120074,56.67916973833741
2025-12-18,4.866923481571929,13.450179031632722,0.6233037590646122,3.516204142854877,12.329805916026181,20.354870344607384,31.239309416835813,80.84361529865213,16.671608091773667,72.2699966430664,13.045362282482268,36.678678130772916,53.492827331402374,155.92856979953018,18.96651994435195,57.210297362356954
2025-12-19,4.870366849928893,13.48251780171627,0.624657678456121,3.0787838665438283,12.401291765565091,20.631732700383424,31.329879496074497,81.75666423224393,17.01433266386708,72.05000305175781,12.974712433814132,36.5762506846814,54.38652547014789,161.2881139309841,19.03128993974804,57.07389924873156
2025-12-22,4.499085017114414,14.241193961573652,0.5861161939615737,2.6761207685269905,13.191903019213175,20.596980786825252,31.93618481244282,82.32502287282709,16.745768526989938,73.20999908447266,13.163311985361391,37.18835773101555,55.375114364135406,167.7950594693504,19.39615736505032,58.05695264140947
2025-12-23,4.780098294172232,14.457720904123084,0.5741845929256236,3.0181353000610756,13.420935054817903,20.71280459164385,32.12317703261579,83.14907949455257,16.843473977247992,73.55000305175781,13.2204516032948,37.37584346252105,56.90293164087113,181.11102200735488,19.521360079735132,58.3349541969152
2025-12-24,4.77960548924374,14.702513230543655,0.564732287533054,3.439941210485564,13.72024559554629,20.745034250498293,32.23441545052579,82.77967421934065,16.96487892047928,73.98999786376953,13.170404820270797,37.546679190817656,58.454947421475865,188.97340145249603,19.628170175719948,58.62677301332881
2025-12-29,5.122854349415467,14.28620567091278,0.574429279545514,3.6403453455175026,13.2714952360205,20.752834883107653,32.09810014102755,82.03102606143298,17.218546842931996,71.58000183105469,13.016384420468487,36.32892670006994,58.06207505417522,169.9668642581148,19.500212114610683,56.68619492382103
2025-12-30,5.131177337245113,14.299814079463815,0.5772717795241874,3.6265981132508553,13.373080542612527,20.97918149057773,32.11719879725481,82.10916519383937,16.718502536323363,72.08000183105469,13.109119287534142,36.68774531181858,61.83579314618863,179.11492643514586,19.50731057910804,57.26237801290389
2025-12-31,4.857998007349843,14.41806069917562,0.5724801392523909,3.1335632708413357,13.49220908767786,20.94775101184402,32.21848951465884,82.15141543506427,16.702592384512194,71.20999908447266,12.778472086863799,36.22000298107021,58.142334636596075,162.32500544618594,19.617735074584083,56.456885330230115
2026-01-02,4.706152100183297,13.385126999598647,0.6155610378438826,2.705120049268785,12.433346711771115,20.82449400837108,31.34567972019953,82.9940943753225,17.573533627658964,71.3499984741211,12.900636431397281,36.19058540221318,58.12740095178029,173.7056361447165,19.10727595894731,56.52198946795178
2026-01-05,4.429957549128136,14.268303899926416,0.5769407687773154,2.1459942271026993,13.380127851361296,21.85660412067697,32.1467991169978,81.70069904341428,16.639647718910965,73.66000366210938,13.109938373804269,37.27465047829286,62.5,185.67765820456216,19.548496136865342,58.13098023971097
2026-01-06,4.405726027257148,14.349320598888042,0.5783560498955918,2.1336540718332944,13.368860590121576,21.962304196368837,32.33211064202828,82.75082473988972,17.05712044662837,74.5,13.14104782337878,37.79096592613099,65.78309917641359,196.39190716773942,19.62650241077814,58.95448428997573
2026-01-07,4.567646176219386,13.486530781837907,0.6160984403420424,2.2794949331732877,12.407377484360934,22.58719789478544,31.74557374021837,82.78894762355439,17.06735763255696,74.18000030517578,13.18067449966529,37.70977124258443,63.89510860783454,187.84769511322455,19.16795549502551,58.75903124052089
2026-01-08,4.407678420395097,13.97359774024327,0.5912261345396539,2.0810514786418404,12.757249092062029,22.684037585749696,32.23035683403471,82.97111892546262,16.92223439211391,74.29000091552734,13.27895313310659,37.75580792067793,62.24707442209028,184.02605637862456,19.386637458926614,58.81708582423294
2026-01-09,4.34306513206663,15.733238050231101,0.5228276099350103,1.822865568949439,14.419253333948063,22.960153989787806,33.518136446939224,84.22757293191485,17.286391037241096,75.1500015258789,13.361726160974653,38.16606922624742,65.68770963243007,188.1879689715188,20.25438283059971,59.57883173700594
2026-01-12,4.24958216043059,15.535518810854409,0.5296998469862664,1.827504823454694,14.092297055942847,23.27591173589906,33.39286743100766,84.72086190009793,18.298092988419658,76.83000183105469,13.648672005530909,38.99867488621305,70.13884887941464,192.56207870023619,20.086996600795068,60.80543925535942
2026-01-13,4.4118325985088065,17.04138870293853,0.4810022764601527,1.9828720834209486,15.572701461185106,23.487454121557676,34.567530758754415,85.42623669813716,18.86787008610143,76.80000305175781,13.697167655409617,38.99956141363312,72.58604372013573,191.41986565407078,20.829966990605023,60.80769300488333
2026-01-14,4.16594541572904,17.298482488027233,0.47279442871967137,1.6458946396630316,15.838670590271768,23.022329929028906,34.75275517858173,86.63666262766141,19.21989498586348,76.91999816894531,13.695112803646644,39.08314580808955,74.87161733310253,197.35733656453752,20.89319716115631,61.01205808307053
2026-01-15,4.116785599693577,15.64770604110442,0.5178419201194715,1.6060018914492653,14.159919728738494,23.24521947731414,33.68855673194473,86.64913616128064,19.932299956173736,77.05000305175781,13.724540400894977,39.14377321061979,75.16204184254838,195.84573155260304,20.211980716444074,61.10880516959791
2026-01-16,4.152870057191015,16.20132679550043,0.500663403031597,1.6319584303229555,14.678396308047303,22.878569368329966,34.02942024805307,86.535910008653,22.17479088549178,76.80000305175781,13.680415344678398,39.01067205076435,72.90452841072974,189.2183443899625,20.467262763195848,60.899913293812645
2026-01-19,4.652408881923879,15.87868591774887,0.5066084388945749,2.197723126689739,14.366292937556896,22.19328670361707,33.762372814952236,82.93675028519411,21.179263219755022,77.83999633789062,13.798785476418193,39.51810838528283,76.78923291428045,193.81676134726848,20.27182743163984,61.67106513690892
2026-01-20,4.910143792956563,16.25010073565812,0.49078413865964277,2.463706381460034,14.831167036990134,21.43654804803076,33.96230759489299,80.28919768365549,21.0479962238519,78.5,13.930302437227294,40.01508156710146,76.88145427752386,196.96411508041584,20.460851245092737,62.36976230651334
2026-01-21,5.376344086021505,16.51305683563748,0.48249535906398755,3.0934040179690903,14.965495105119565,21.012449274365498,34.07501662195933,82.19272302084049,23.156108856638465,80.30000305175781,13.976775110622004,40.74959304858197,76.09991517069032,206.01485659261297,20.44214411811908,63.530272793802084
2026-01-22,5.704778982353637,15.799437783259709,0.49601284541605556,3.5041018174113288,14.39389593253399,21.03149561126728,33.57810796856176,83.0933394526992,22.41122138718375,80.61000061035156,13.917732774941197,40.88405713957891,77.40232918363834,206.60891515116745,20.1795651425621,63.794387555643496
2026-01-23,5.509927071111418,16.719580371316173,0.4620746562788473,3.2127819701494094,15.206938597096649,21.75213380265489,34.12358800929441,82.90772310028296,23.23026663905952,82.20999908447266,13.970368325396278,41.603400280672695,81.36057238824856,222.12828122483722,20.53569374467987,64.9975856030037
2026-01-26,5.8151923519926285,16.413268832066343,0.46757660931471,3.5683020939065737,14.803616678184751,21.976503109882515,33.667357751670124,82.24487445289104,23.289564616447823,82.91000366210938,14.080856945404285,41.98341395991707,90.68187053674268,227.53397834600324,20.2343929970053,65.635798906187
2026-01-27,5.74418095753625,17.166319232496804,0.4388611784610355,3.601414447199964,15.671968396927223,21.813491195135153,0.342577779253382,83.2056848676103,23.319359185506816,82.51000213623047,14.183376138758682,41.95987423266956,86.2289380031557,205.20690568601935,0.20586914208713877,65.63626715015698
2026-01-28,5.910509106818025,17.948836031223376,0.4179234985500535,3.866080128404623,16.40033157567524,21.56393193488222,0.34694559198786334,81.06334476962398,22.916714637684496,85.88999938964844,14.4172096985885,43.562481291303044,90.71127587556701,211.42554514264663,0.20910567111227205,67.90393463150927
2026-01-29,5.713478622250003,19.927118409520734,0.37392175881106765,3.5310670719017394,18.341482540707595,20.250011531897226,0.3599105019197455,78.75709211679505,23.85084644125651,85.87000274658203,14.227478204714238,43.622284238202866,90.0641173485862,207.3550440518474,0.21844295355835833,68.11891657228679
2026-01-30,6.57363625879368,20.464767616191907,0.3640295298588124,4.679967567673495,18.835774420482068,20.747318648368122,0.365182803777273,76.70395571445047,24.414715719063548,81.43000030517578,13.562449544458541,41.28993195709838,75.42382654826433,176.27724599238843,0.22062044932264563,64.60039140773664
2026-02-02,5.270142539719717,17.26037988414226,0.4312931293129313,2.2398394389844634,15.656373329640655,21.46368483002146,0.3462461533934155,78.17512520482818,20.647257033395643,76.62000274658203,12.696461953887697,38.85388538853885,62.68319139606268,172.82882134367281,0.20869393575287518,60.75607736836634
2026-02-03,5.173890824956983,17.90138464388256,0.42314994022715274,1.906779625685864,16.295035658053163,21.406409187737335,0.35027089886966983,77.34208576456423,20.289200703899233,81.73999786376953,13.151801426322127,41.44959247939242,71.24085394090952,180.69255348707975,0.2116039195214862,64.67653246094609
2026-02-04,5.3547005008349515,18.369653413701172,0.41051351472733677,2.076330126347514,16.720760403384723,21.073374290019707,0.35429466250211683,78.19636026428654,20.789382172249912,80.97000122070312,13.220122870059118,41.239712530427724,69.92001854642402,180.7928596267532,0.2138634607967944,64.30972475047679
2026-02-05,5.254587659225555,18.37084685475396,0.4054693976319891,1.9672945930121564,16.670323705696898,20.648797219110534,0.3562725962452186,73.99729764063241,21.084754766661664,79.87999725341797,13.153791964522872,40.78512778464275,61.900197480107636,167.1305331962906,0.21506276017071502,63.56896001772161
2026-02-06,5.518404412962768,19.112129094634103,0.38316338154654983,2.2096062027061487,17.31083538592574,21.224189130084483,0.35991345109186795,74.24437743145876,21.81982458967335,81.04000091552734,13.173039294675537,41.12186643953868,60.91020004143551,167.76777698487604,0.21532078517717906,64.25381639803348
2026-02-09,4.872905561731157,19.394520925742917,0.3727792814082529,1.634644112982924,17.501321504906805,21.891016064903127,0.36002390112507243,76.76219806485716,20.82806646595114,82.70999908447266,13.56553515203052,42.04109305692813,66.61533864999656,170.79014502079934,0.21629588183312076,65.59835338704312
2026-02-10,4.872883647552008,19.187948350071736,0.3758392990747176,1.6341463414634145,17.228120516499285,21.876614060258248,0.3570157766684227,74.51936872309899,20.020086083213773,81.83999633789062,13.44332855093257,41.55810616929699,64.27546628407461,167.08177905308466,0.2140889544055999,64.72309829514886
2026-02-11,4.8389874289650425,20.165317719993112,0.3592790319303593,1.5954882739626384,18.127547213133575,21.1698524768957,0.3642729985906243,74.17484644968715,20.182538315825727,82.95999908447266,13.610010906377362,41.98381263991734,67.16032374720166,170.28873199012688,0.21807015486175765,65.51288516928877
2026-02-12,4.890293075324885,18.564043653072943,0.38920162054124335,1.6435955996351772,16.611143021252154,21.5393452039058,0.35537047060243976,68.83974727168294,20.468121769098218,80.68000030517578,13.354394026421597,41.03963239517518,62.20562894887995,161.32682366456058,0.21257896795826078,63.51522218900326
2026-02-13,4.893119137689251,18.278200406182233,0.38931534548639496,1.6298922934581461,16.298922584420502,21.674526407582064,0.35248355550990207,66.86516815255929,20.383693045563547,82.05999755859375,13.54514474544766,41.724037038311934,62.545179167670646,166.81582963294437,0.2106640116846415,65.10963355465074
2026-02-16,4.6633881361789244,18.924726240678396,0.38240125451627477,1.410736668534384,16.902411839731585,21.56752346918843,0.357352151368736,65.4264670397224,19.743418860379872,81.66000366210938,13.486883682450678,41.44020958531064,61.542704156085904,164.26133817463145,0.21297498359641165,64.66235568130038
2026-02-17,4.746606838315124,18.036417040513097,0.4032952204169362,1.4737771716355794,16.01133586516287,21.925949722913824,0.3525821166657449,66.97109813325379,19.238271165827186,80.06999969482422,13.30071021260484,40.814277682802306,59.5247656527875,163.11942815838086,0.2106256534333897,63.71834717511171
2026-02-18,4.608770421324162,20.04585841215248,0.3605044390349581,1.358268827447648,17.69561478933792,22.631126397248494,0.3658354811970434,67.46345657781599,20.12611063341932,82.1500015258789,13.468042419031242,41.731155058756094,62.997993694468335,168.3920894239037,0.21754084702172227,65.05588871525912
2026-02-19,4.694050397390309,21.9067146228036,0.3311493419098315,1.4126251053611854,19.455453483310805,21.90098737715058,0.3788000239951458,67.42686307301092,21.588852489060958,82.46499633789062,13.653753636800989,41.97498339098761,63.38915488763144,168.3180224966209,0.22556756043122267,65.49678163750633
2026-02-20,4.804290763448744,21.54289116074597,0.3313718496470963,1.529496686894133,19.112983548752705,22.450171152503177,0.3763637820696287,69.18224593298149,20.569783283151494,83.51000213623047,13.726545238067981,42.398882643189964,66.64071712326415,173.80851526634535,0.22458757747857194,65.97098993691971
2026-02-23,4.714186097710007,22.015168674285324,0.32070420910591885,1.4456570232334673,19.767322145578092,21.620508596726037,0.38121876480478,67.4411155724859,20.756832195110793,85.72000122070312,14.039031309699487,43.50698376745942,70.46684283377375,173.39304711898146,0.22712972925445082,67.96160912341091
2026-02-24,4.5882906666250385,21.6188982148378,0.32817670526401976,1.3334325376812608,19.071120220769256,21.73340509097571,0.37512450700820105,66.79186085124412,20.0558793555553,84.62000274658203,13.8696453722046,42.898569809117035,70.53623570095384,174.399697701847,0.22357467129118266,66.93499654310003
2026-02-25,4.639417494800326,21.437170373767486,0.33168998286145135,1.3623595155726003,18.585186883742264,22.173813345562944,0.37479934220028643,68.53932584269664,20.385232744783305,85.55000305175781,14.13379958725063,43.44760376060537,73.1368952075212,187.1015822059161,0.22219673424405645,67.78835129557442
2026-02-26,4.4505316774363735,22.556390977443606,0.310895378690629,1.2155006768264924,19.295571245186135,22.56212176783422,0.3840202763171102,66.98147808545755,21.09790482303319,85.25,14.132129103245918,43.336236933797906,70.52310654685495,182.61163579680908,0.2260796852818371,67.60040292297397
2026-02-27,4.582928223577483,22.85746955577154,0.31153165444209474,1.3098165119405158,19.552912926647988,22.72597335772683,0.3847121429050788,66.27408381453318,20.97650220113201,85.91000366210938,14.235892744840204,43.779658109885084,75.47881767766279,190.49225315876734,0.22634497828933675,68.41232843297088
2026-03-02,4.711551707206819,27.480244827113687,0.2545334229608476,1.4062714283775513,23.397889736445435,20.908509569268713,0.4166857177918375,66.04279906819531,28.816288311332386,88.04000091552734,14.456675649751062,44.65896633627187,71.23281414150641,185.81281688210842,0.2422006929666178,69.74261266493794
2026-03-03,5.073542036284553,31.591598466205,0.2199393367205161,1.6928975435985163,28.226406455674468,18.371201281977907,0.4501802991020968,69.1695759171293,35.68934928174898,85.72000122070312,13.910032621759285,43.34401648257312,68.05929147828077,171.21845132490125,0.2612602388020312,67.635781093788
2026-03-04,4.704274979125642,28.946733876060676,0.24302167750430406,1.380165538898878,25.545119472735415,19.5083303670873,0.43385653910750954,66.4879264217887,31.943599223800394,85.93000030517578,14.01694779024239,43.61816950086691,68.52602450310594,175.54052657565077,0.2508295841516861,68.02080775104982
2026-03-05,4.754765175421542,32.663518652558054,0.216316813324949,1.3993727300607524,31.221636277990328,18.56638977929434,0.4600810920270834,66.17723089649468,33.27244108962649,84.91000366210938,13.896069578005262,43.08700697388527,67.08487000080424,174.9158423235561,0.2704247565053565,67.2916734967362
2026-03-09,5.0271174001440615,49.036464343411026,0.05523886659693943,1.6157972985977886,49.019155319639964,17.632125548119085,0.5392337819321062,66.69743826448187,37.25478882990999,85.44000244140625,14.003000230786984,43.32448649896146,69.3399492268636,177.16362797138243,0.3172167063364662,67.63212625242507
2026-03-10,4.888547219091609,36.85621511688372,0.0686626828627782,1.494412888388382,35.226891921561375,18.835438357272444,0.47851257638073136,68.77246097135395,31.373138122696126,87.1500015258789,14.245022475415707,44.277724494158704,73.27909959671362,181.5828701510302,0.2845248901182401,69.11912389409282
2026-03-11,5.108104842096991,41.6984622499711,0.060041621456615964,1.6588623667882487,40.166493236212276,17.944271013990054,0.5051450876021388,67.51647589316684,32.841947045901264,86.72000122070312,14.166377615909353,43.93282460400046,69.82888195167071,179.7953520638224,0.2991675338189386,68.55705650242261
2026-03-12,5.167722147134407,50.449845419913615,0.04827298899729274,1.6896703802757873,49.1761518242766,18.016974861920033,0.540335570968208,64.22889431816866,33.862881094913334,86.4000015258789,14.187209800493267,43.86427057883584,70.55104616560332,178.2476291930572,0.3241550298071326,68.44945367630443
2026-03-13,5.191370528719705,53.45879194009467,0.04546138413361943,1.6741316146023215,52.24355635799683,17.603555432103054,0.5567514963859627,65.11347985602352,33.65623878800505,85.62000274658203,14.035970973230096,43.48807333078713,66.76851498211867,169.9304422300152,0.3354628960840661,67.79278585574512
2026-03-16,4.9168284725264755,54.431565796779566,0.04404960308784514,1.4563668508916217,51.74208772903942,18.022394965759762,0.5570979068042304,65.0101795298908,34.22866925781973,84.11000061035156,13.884069035720895,42.690403479548394,66.22478252822506,173.65930964279104,0.33291690596249196,66.6643543727041
2026-03-17,4.865490309516923,53.34104715070871,0.04443158708902877,1.4075788432268315,49.7599074341915,18.351171536013887,0.5513451145603576,62.53977437084177,34.44605148973098,84.19000244140625,13.858837142030664,42.75961816603992,65.64651431877351,176.04281168643334,0.3260630639881491,66.73994828484325
2026-03-18,4.900339022286542,62.52675173235542,0.03704174892964404,1.440544654001815,55.23292805663848,17.757366125655054,0.5834480683605499,62.35901114028898,37.01861342156103,82.20999908447266,13.584095878208762,41.74860890991752,63.94965468574667,170.60953460661938,0.3380262058622964,65.14697387493375
2026-03-19,5.023081925425881,64.98825652832896,0.03516099587338195,1.5312793569843646,58.23142159641795,16.221031805717857,0.5901817440679062,59.845425831009706,41.90626048524256,77.22000122070312,12.680635420161748,39.15551133273941,58.086797561060266,160.6020987840011,0.33992432299483516,61.21646150965754
2026-03-20,4.947127358487581,64.4075248166231,0.036096904985990254,1.4632551828461149,56.38406182752157,15.341185181757178,0.5913182383130662,63.85218779646898,39.729735983525,77.0,12.657056251012333,39.27852465464979,57.8360367447995,163.18231251590808,0.33892912599548725,61.22590435354758
2026-03-23,4.75444518948415,55.00127170570418,0.04188536043076045,1.3277763471308135,44.18599273971653,15.71134592707346,0.5597817078885675,65.08821013202618,38.7696825360124,73.33999633789062,12.217045480820365,37.26097713241925,55.93770954241717,151.4543688871419,0.31781081378896814,57.839486206960714
2026-03-24,4.695902436630107,53.10573731626363,0.03949392223632779,1.2608565095685034,45.90084307670957,15.762874556199334,0.5590442835303738,67.11653887520383,35.712220564595405,74.0199966430664,12.276075819079672,37.63632053105738,57.56398246770519,157.54200927500028,0.3190738895163341,58.732030956079186
2026-03-25,4.715258414034597,48.41822994324815,0.04261590249592131,1.28414067147637,42.812395251800226,16.40140088075176,0.5420900115107887,66.81345862662829,35.57682305211692,76.33000183105469,12.633355294335217,38.76983714183339,59.82639250089578,160.23440479905682,0.31196180832805304,60.53723545661546
2026-03-26,4.815944329406554,56.34868383057856,0.03675340935581859,1.3603497640929914,49.70142185568915,15.581505480670385,57.278491978239025,67.31002460237707,37.53306305369786,73.83999633789062,12.19145962553565,37.49263661249523,55.77116324196957,151.9341164512515,33.04572808020606,58.554812126574284
2026-03-27,4.9001835132201546,58.98925053978224,0.035469755183674685,1.4126707209888243,52.83515569975407,15.113902712189265,58.10019743906523,67.47566650117193,36.57818471521435,76.08999633789062,12.504474130863999,38.71133484972693,58.54472398942373,156.36943042870834,34.28627509843088,60.513341393402655
2026-03-30,4.700825080630668,63.28078181901996,0.032948416166218054,1.2527082117300763,56.80980039644124,15.408196192320101,59.78887198635504,68.16715069377219,36.94740238786705,76.97000122070312,12.731641543355,39.02900705296639,59.103166920204664,158.66869497072787,35.8641036278984,60.91250581090251
2026-03-31,4.753272007631838,61.97267401038249,0.03347261061466908,1.273351980386063,58.48498451834202,15.8615053466395,59.331008207005304,68.4415898339031,34.27834754883341,77.77999877929688,13.03279348964628,39.78613441992702,61.120895058531026,160.48551400255533,36.61498440323676,61.81728401194181
2026-04-01,4.588756373447292,50.20315405275119,0.0396437343179453,1.1626839640492828,48.188829970387715,17.021325436723824,55.02949750935427,70.21440213024815,32.17179716732089,79.91999816894531,13.047196014966831,40.573422399742896,61.88738149346923,162.54045864609873,34.55914422789982,63.26469587939853
2026-04-02,4.554315721895857,56.506083506301394,0.03492999098442367,1.1275988421390857,54.45340183250576,16.627868307283006,57.61269681088954,67.23392543834501,33.599761476096006,78.51000213623047,12.83212733506875,39.872481451326216,59.54496978314966,163.45194546059196,38.48491450982191,62.25129851887218
2026-04-07,4.638702653143086,61.80734628388058,0.03081771693634895,1.1750043152355614,62.96487307317632,16.193914388860236,59.412068076328005,67.49756460947796,35.91771245200848,77.91999816894531,12.729929516933126,39.665348690619446,58.69577674631826,158.66139476247778,40.38737035126926,61.90476120525865
2026-04-08,4.4089636497154405,43.114328988433996,0.04040067822249938,1.050693038539841,39.37947494033413,18.416100605838075,52.609234440976685,67.5429135303837,30.69350100973013,78.95999908447266,12.828162291169452,40.01629337249862,61.23210023866349,166.31287864879752,32.827703322930056,62.40820565179048
2026-04-09,4.335296686569485,46.160116648870826,0.03880641700181308,0.9809527370165703,43.05445527503186,17.77287913753315,53.31863741259946,69.49563140793809,30.585885027382634,79.5,12.933558364619572,40.288924097865646,61.63101757769894,169.05475378592175,34.03024144938518,62.876725782900415
2026-04-10,4.266164654935658,44.40668626010286,0.038666422099072124,0.9818148034885471,43.61452975753123,18.10479426891991,53.37297942689199,68.44117376928729,29.608284349742835,78.95999908447266,13.033270573108009,40.08139695077149,62.052259368111685,167.65590558412933,33.712573475385746,62.609064850537415
2026-04-13,4.276202502582941,49.25955688210309,0.03416370187776259,0.9885202687447086,49.156239237745375,17.736195614739984,55.45287567443463,68.31592239696936,30.96085409252669,78.11000061035156,12.842957180576285,39.605097003788316,60.073470324876595,165.53208586844218,35.0361611755252,61.743772066825976
2026-04-14,4.153648296539189,44.28758500275685,0.037596489637788874,0.9254962288047259,42.51860871163389,18.40194817129204,53.0061110090057,70.3225510016541,28.987088770446608,79.0999984741211,12.945690130490718,40.106368314648044,63.683146480426394,168.4777614409116,32.944311707406726,62.534458999619766
2026-04-15,4.163313566510523,44.93826592785046,0.03676453629576751,0.9217575277076286,42.86896742004461,18.54321385050468,53.037270365346146,70.02276228358588,27.82919090428345,78.9000015258789,13.004966316418734,40.04380015174856,63.82636286298944,170.12507759869405,32.96507483962937,62.49281563740322
2026-04-16,4.2303849191381975,46.52619001114469,0.03547916471302788,0.9470684916205268,44.09618897710169,18.739156910279537,54.08619322816733,70.6940726357756,28.41894826338224,79.12999725341797,12.9801119064306,40.17113411537622,63.67406964854028,170.7032641290486,33.35937589760677,62.70896495864367
2026-04-17,4.251727877844269,36.385973775461,0.043137299578414376,0.9637862819643861,32.18361770041564,20.012859668863527,49.60157990217466,72.57675614852917,25.966197441844443,80.05999755859375,13.060601189519367,40.614164006705394,66.47989528555354,171.44120146049096,30.289112912485358,63.39127733767269
2026-04-20,4.288223745393173,41.940780031917704,24.24252861686127,0.9850859717305344,38.23235628422829,19.288395963214274,52.36569880251208,71.67131654783637,26.84875830950987,79.12999725341797,12.985223710949608,40.15832558353138,64.45538984374103,168.1821834923478,32.112883041137096,62.84802544055247
2026-04-21,4.302408198371889,45.06738296944234,22.52221227357256,0.9908855028448265,41.221847234658036,18.95217760635489,53.9867300319122,71.20554675482701,28.422526803958032,78.3499984741211,12.839497669720135,39.73528939091305,62.355074959248796,165.9893932088987,33.00273205225337,61.987740202493285
2026-04-22,4.38542018968017,48.48798436242382,20.85201793721973,1.028745558476522,44.486604576290674,18.661607450845118,55.95032769920662,70.03564447510635,29.20547315166149,78.31999969482422,12.863631137173739,39.66022766471197,63.1252155915833,167.6555133954237,33.79326204438312,61.99838814412477
2026-04-23,4.17501893846322,51.34674316259994,19.79217068731135,0.9055090720734671,46.4159811985899,18.640123499458536,57.03785627059285,70.52832884034929,29.711296974724082,78.44999694824219,12.954770627404898,39.79170986843621,61.95709776272436,164.70818644731688,34.39436879334578,62.106863721356774
2026-04-24,4.052029043591659,53.40079991701149,18.902938023720882,0.8425638662746354,47.69533996472988,18.683940571007042,58.259085512742196,70.74194031743104,29.945020113187105,78.2300033569336,12.794061711176939,39.71057757696608,61.60744130291959,163.93688262889154,34.78601643633513,61.99356821472367
2026-04-27,4.240924593054462,56.13039415856318,17.697915585239528,0.942889087261302,50.27050097472633,18.364074702102872,59.37179176615797,70.53211982789448,29.893529893529895,77.3499984741211,12.582044272185117,39.24859558662376,60.929046844539805,161.43544312558396,35.4131340046833,61.327013087318576
2026-04-28,4.133351793522781,60.46865805960334,16.52763836488872,0.891396422602546,53.96144127929113,18.310200408431694,60.74556090131875,70.87558986074094,29.201712182571274,75.77999877929688,12.52696918302124,38.49237940304362,59.234132890288784,158.60187140170527,36.34349797514797,60.128300253212416
2026-04-29,4.039244568349169,68.40702758199038,14.448533228742487,0.8310358060092902,63.11211600355301,18.04192093393473,64.1618697151822,68.98381533563278,31.30803926771027,75.41000366210938,12.412472458384764,38.29582290308812,58.39399217875806,153.75431148845848,38.56402920853184,59.76674861662188
2026-04-30,4.076275098084468,66.65128086775906,14.522270943918762,0.8486037493137242,60.36233556427417,18.62450957765982,63.61643203323332,69.14954996538195,30.71197784444957,76.5199966430664,12.528848372951765,38.70297715208862,59.35841218555274,159.3872605585045,37.87214401107778,60.431570426822944
2026-05-01,4.188034258529864,65.37306537306537,14.755139755139755,0.9230769019282202,56.87225687225688,19.06906906906907,62.774312774312776,69.64079464079464,30.376530376530376,76.46499633789062,12.47978747978748,38.74451374451374,61.14576114576114,161.53846153846155,37.156387156387154,60.458536868448974
2026-05-05,4.219633648259387,71.2988560258175,13.169005124171514,0.926514967370954,59.30389922848252,18.969844886817114,64.33553491492488,71.31042300440703,31.508449677859645,75.87999725341797,12.347749644315408,38.460203810162746,59.81284628642152,160.23157091136224,37.852937434212805,60.049970406495255
2026-05-06,4.102118649912802,55.3548685886303,16.009609818223918,0.8461271486749413,46.93759407201574,20.296399212689593,59.12353826560148,71.9173324070858,29.51256223225657,77.48999786376953,12.513025356026398,39.37420400602061,62.71853652888734,166.49299525298136,35.104781752923465,61.48546896171857
2026-05-07,4.234640749739674,50.27189633229202,17.45343052180956,0.8999189954795428,42.94805044544719,19.588105981719313,56.91310887423349,70.8665972463265,29.370588915885687,78.2300033569336,12.55351151220641,39.72000462802268,65.81048247136411,166.78236723359947,34.27629295383548,61.963438973939354
2026-05-08,4.236053147758451,55.57868442964196,15.802803219539271,0.905495455774792,47.62235174391711,18.676565824775647,58.862984549912106,70.94203904153946,29.52400777130169,77.63999938964844,12.631256360440373,39.39714589693774,64.83023406420575,164.34221482098252,35.35826625959848,61.517022498408984
2026-05-11,4.318641185292227,59.234013055282766,14.71896482005661,0.9598521383057558,51.06579631448212,18.681763040841084,59.97342730056033,72.74565305297209,30.824331350008666,77.94000244140625,12.552712148344984,39.47201201548148,68.99659176246317,171.69429842296805,36.05222113107273,61.6255561811425
2026-05-12,4.261750316071948,65.92214864210065,13.33671750617227,0.8975749677168118,57.915503357253286,17.963035603036527,62.58796926555758,71.60986640208588,31.472807402108955,77.0999984741211,12.555088949906551,39.20256581831607,68.26415007268281,169.50091141927595,38.175777013775125,61.17469430060558
2026-05-13,4.283455985033652,64.40762067413657,13.714674759690281,0.9136962151095187,56.9704243067656,18.324697954049782,61.94394119479801,70.86396104270763,31.32969454990249,77.77999877929688,12.560726525808052,39.467914469356906,72.00636979425103,177.07335648922788,37.99951534174177,61.586216009744824
2026-05-14,4.308872876508956,60.68997346255913,14.445598246221298,0.9255797994773638,54.52867197415484,19.03772931810315,61.08226606668975,70.8434290988808,31.77570093457944,77.91000366210938,12.648551978770048,39.52636437060113,69.45886696665512,169.13580246913583,37.38894657897773,61.68801217559466
2026-05-15,4.411747724801743,66.62756868021297,13.293315394257196,0.9673302140796683,60.935361828865815,17.962074953139915,63.488230356136654,71.7275560308644,33.653016869631216,75.86000061035156,12.554478444360116,38.658134106093534,62.890261151550696,162.80861535630913,39.04048941479514,60.36613991546184
2026-05-18,4.432451053568353,70.13837055750129,12.35574438766722,0.9909858534966735,65.82074984210828,18.510650513865762,64.22460814147097,71.28093242234598,33.576390882471145,75.58499908447266,12.301199977033932,38.333237641384855,62.616983407016136,160.8313716483895,40.05856347246943,59.79215673746824
2026-05-19,4.568756046211891,69.78699874434089,12.357874364970566,1.0847051926930937,66.61905145898372,18.927045053970303,64.33812941352656,70.61642494268895,34.53638531454837,75.33999633789062,12.21963666524589,38.14784521985554,60.91674634534082,158.3628048429274,40.250210236501665,59.505568421091475
2026-05-20,4.478396022106633,61.18184861532779,13.927528368753393,1.0103085255528463,58.8730996109758,19.67054151707897,62.04762949195978,71.19027554919367,32.73806088171124,75.69000244140625,12.265229085619957,38.3136897272213,62.10534821706859,159.10743763491752,38.769667655580825,59.790825226482866
2026-05-21,4.493700150271645,66.24667668477633,12.706623511732749,1.0041614003766275,64.28736562247138,19.176973760258928,63.830771009131894,70.82996185412091,33.290949023234305,75.47000122070312,12.377181828690325,38.296150734019186,61.92347705467576,159.4266558779332,39.74107039648596,59.72719705114474
2026-05-22,4.272945769176153,60.55315311148625,14.0716416529843,0.8604860690625686,57.01500820942118,19.783548782461903,61.69784705038966,72.53775177485375,32.31736928520223,75.58000183105469,12.270772148093334,38.3009966931064,62.12566195684851,158.43604745276693,37.93677589436441,59.79580527783444
2026-05-26,4.308598678194844,54.6778244614975,14.896350567728046,0.87537758548813,51.78420547009734,20.486822459113164,59.8979131219834,73.8451566605322,31.7603620496082,75.23999786376953,12.211072143708693,38.23049411437897,62.42114888248434,159.38632128430385,37.0035996620253,59.672211193879164
2026-05-27,4.384716682780038,49.98958911715713,16.547519896353876,0.9213631492443887,45.54182861373312,20.7176568573015,57.81510272071071,74.59397556912826,31.082269109753838,74.0199966430664,12.279057930779198,37.65558486026281,61.12344993522117,157.19276327965946,35.36808254673329,58.76943400098994
2026-05-28,4.570234138816743,49.32895982998775,16.305352151717447,1.034164155546503,45.19415120925827,20.396849229632025,57.70252477420249,75.74900094707907,31.432630338869508,74.5999984741211,12.184980711926267,37.93224919729274,61.24829641264928,156.18142339054305,34.97262710494098,59.18089404087085
2026-05-29,4.6553612250443415,45.05969890984599,17.59243237007556,1.1024975450749752,41.69118071177251,20.39568552806137,55.978543000519124,76.10313202976293,30.593528292092056,76.05999755859375,12.464670934994519,38.58799100190344,61.92536194266598,157.17828920805215,33.789006171771355,60.269941664514924
2026-06-01,4.46723284080433,52.73423974515824,14.813831629002102,0.970891747034718,50.650954502435305,19.932596200457052,59.24378476951132,74.57122411763348,32.62851734724499,74.7300033569336,12.113062948685394,37.84538676392512,61.36746612497404,157.97765517878167,36.44883543777845,58.989867051027865
2026-06-02,4.409266014807726,50.94149876894267,15.472020899076417,0.9393025411361614,47.98233750621308,20.240200668123126,58.570586399417415,74.82863450890638,31.787865126978073,75.13999938964844,12.145854284426257,38.08475222804036,62.03835350417866,159.297661569049,35.69488273167574,59.44330690555021
2026-06-03,4.501607858232104,54.95153716255291,14.272826112100672,1.0002544976397048,53.609845242776835,19.500798075366074,60.37613638992343,74.30197321242684,32.981331976219664,74.23999786376953,12.000046265238614,37.65990423095607,60.133243887205346,154.8266210182979,37.26664970274584,58.849384751110634
2026-06-04,4.720156445292169,50.960570906441205,15.42927861761066,1.1341791780912773,49.214078349275376,19.778160746712317,58.802438149874504,72.98256977295597,32.75541007876566,74.6500015258789,12.040389086156445,37.94573150279323,60.49109982766399,155.35687435663147,36.20791357753386,59.20147280594388
2026-06-05,4.602401625370363,48.85243625931239,16.17810374346398,1.0381287060266708,46.5966405996946,19.746888158808016,58.297857572532514,72.62505205682291,32.56443477858498,73.08000183105469,11.78219425292675,37.06156586923326,56.71880061080005,148.92300217481838,35.71098051918005,57.88140281270199
2026-06-08,4.431828551856544,51.43488113958006,15.510822310609564,0.9298399566291892,48.60789936176118,19.14716492461382,59.11802793451115,72.85403755434281,33.49597632041439,72.86000061035156,11.741513273517715,37.01091480899084,56.60900934233651,144.48825270557765,36.15530478216631,57.713209827406516
2026-06-09,4.4554971396808485,46.17041480417815,17.011371795168724,0.959306996061452,43.32167589225745,18.678926280195476,57.0905806332075,71.92486740625796,32.79523820552609,71.75,11.635245616879358,36.419853162563406,54.03339741065845,141.9332051786831,34.595965444565394,56.928457103796134
2026-06-10,4.507379889623569,48.92601431980906,15.988136339411914,0.9892948929449271,46.157054475519615,18.131473457376554,58.18291354820771,73.08779572259425,33.57508631276502,69.33999633789062,11.214866649674443,35.18548555274926,53.42122946451329,140.00046342424173,35.324512825265884,54.90418633089468
2026-06-11,4.3757969166570065,50.063753332560566,15.770256172481742,0.8985742047416995,47.98887214558943,18.152312507244698,58.850121710907615,73.08450214443027,33.52845716935203,68.7249984741211,11.224933348788687,34.93103048568448,52.93844905529152,138.63451953170278,35.84096441404892,54.53807724244876
2026-06-12,4.377498265372443,41.22588494293495,18.68373790626267,0.9053936549405995,38.95486935866983,19.01396211111755,54.85197844852558,73.00851630844099,31.382886275418574,70.66999816894531,11.443427379641967,35.90464051908928,55.639881814495105,141.22009153583224,33.39319854006141,56.09756203641428
2026-06-15,4.36792100365548,36.084084362020896,20.835984589932554,0.8925576029464107,33.66613834353345,19.702210858775757,52.29242106968081,75.44222960074968,28.59597163251848,72.79000091552734,11.661672663327046,36.94019922024133,58.0191353239932,146.52290107245742,31.86135566944711,57.64313981621233
2026-06-16,4.508016706464513,32.84131133887051,22.93917590171899,0.9779515641617581,30.0765795988247,19.642320061078593,50.42454248895264,75.74670892811697,28.38477199639081,72.30999755859375,11.631538764083936,36.71077898341161,57.45783494898549,148.34694491358766,30.845845961640794,57.33637025045576
2026-06-17,4.434169530730732,32.68986244364814,22.844179863599585,0.9182753721119669,30.10056640850769,19.674026124147495,50.61842561553578,75.4305860594151,28.008322737255806,72.88500213623047,11.761646052479483,37.0304011096983,58.05109235926483,146.80961738527338,30.782568489192002,57.791005585348245
2026-06-18,4.569081884152531,30.27572743759458,24.915964930519458,0.9934042577768537,27.69403148860473,20.05290455233277,49.69331531344214,75.52760162179021,27.540977925633296,71.54000091552734,11.591641542779914,36.371879728777536,54.98377054671888,142.703676750875,30.160215314597266,56.843514669430476
2026-06-19,4.587039607096479,33.96439737421983,22.41027238431454,0.9970119425575436,31.13787653295493,19.843329987655604,51.661878886466155,76.20646292642971,28.35173456085096,70.2699966430664,11.421451562662236,35.67473090367909,53.72696962355358,138.23417436749386,31.293623599718504,55.676690226621446
2026-06-22,4.643685857104925,30.419172737032888,24.647033697747712,1.0357526433014685,27.648545998176,20.029322466319567,49.698117128245386,76.70595569306073,28.133405677475956,71.04000091552734,11.500987035775717,35.93156551955023,54.54671392124493,139.13741154196921,30.170970758343625,56.10518970033489
2026-06-23,4.555558128227094,29.868716571349186,25.481025261061845,0.9683021068981504,27.055500243117464,19.623052166060802,49.57280789089815,76.4372872722221,28.25082775706777,70.45999908447266,11.468487346315035,35.71221838894163,51.87663525434718,139.1789576049457,30.204450207228692,55.67968837053778
2026-06-24,4.6178028491394185,26.89996403670576,28.03976844278936,0.9929349103573198,24.379633174398773,19.048944883351314,47.98199515075581,76.52060928781076,27.642432046775482,68.5,11.309585958073761,34.78288611236789,49.52493648418195,132.9017738024803,29.13606886390793,54.39738209219183
2026-06-25,4.653738648357129,28.041312441284603,26.895999814430358,1.0248083484342743,25.42304079052667,19.786362951021214,48.52646107096879,76.34451003815775,27.180153326915715,68.55000305175781,11.235661845722039,34.80590575381868,48.78161932707809,134.3408218415467,29.56356340102759,54.35450954925923
2026-06-26,4.721214300537181,25.22348085195191,29.264107409940983,1.0568238649245663,22.881424712170578,18.956741527438002,46.84112279562662,76.02986701295089,27.3945205161799,69.48999786376953,11.381291377291332,35.29606140361048,49.484631705874854,136.52332200953055,28.54815708008209,55.10208990930783
2026-06-29,4.487684571489163,26.742475148875037,27.48105753411961,0.913177464777721,24.410871932710798,18.81502421391663,47.64001204903028,74.79667261394444,28.6569965474894,68.30000305175781,11.130871005862316,34.626480061172,48.19612113909679,131.82681836086846,29.13779919827606,54.12215880690026
2026-06-30,4.676258992805756,26.659317707124625,27.599210953817593,1.0085866577969984,24.14133209561383,19.598514736597817,47.63286145277327,75.77744256207937,29.241123230447897,68.44999694824219,11.261313529821305,34.70642840566257,49.80273845439777,129.8677187282432,29.032258064516128,54.17730172512066
2026-07-01,4.550997724832357,24.714873057536412,29.83089823697475,0.9242526518670262,22.397853708392372,19.651111472439663,46.10810434136257,75.09117093679589,28.81175814731365,69.51000213623047,11.313616408445796,35.15017072774152,50.14982230377924,132.45336925971523,28.344289331258274,54.929035526405094
2026-07-02,4.488621277917327,24.027873265203866,30.28537469265996,0.8822261216830308,21.767248913385462,21.056434039875548,45.492151904634284,74.95018469534008,29.778482118927485,70.01000213623047,11.233205542025473,35.444608877029026,50.84074251022525,134.72272393581693,28.0451425708193,55.28042069369587
2026-07-03,4.556960477527055,25.074073209994637,29.162681100249632,0.9106922018386979,22.717728577094462,21.708699811025827,46.42698831159741,76.27790868581293,30.18337493875837,70.63999938964844,11.382194433427431,35.843851340316824,51.83958192380374,136.91295522945197,28.44527914518349,55.98651393029508
2026-07-06,4.57378644501203,25.474770347717484,28.71383049502177,0.9064699924376335,23.055688489955998,21.512028293628095,46.68915527645816,77.32307728222428,29.61259673409359,70.5199966430664,11.39799003186535,35.70844956987616,51.486465981114236,135.94714787622704,28.608779895649736,55.78186933517834
2026-07-07,4.607031744821802,26.851462234378285,27.09399911167216,0.9360170398935723,24.358884447249693,20.980900951445868,47.78268695794469,75.85852210299927,31.23173668092667,70.3499984741211,11.320335694415224,35.66460948640625,50.51780162236716,136.9135282979171,29.13072445473035,55.65490997319447
2026-07-08,4.587172123924562,32.93504185567975,21.214282373848388,0.9399990825174076,29.75494551746715,19.220876397137914,51.84024692512744,74.58611981480617,32.75382313052425,68.5,11.066033765140533,34.697540101950146,47.830051910396115,131.11467053266614,31.14039190010756,54.23116298172989
2026-07-09,4.284660320234179,29.71213079427541,23.9734851146558,0.7839692975593922,26.166467570796147,19.71049118122409,49.79739067294405,74.69608600941606,33.629634834750426,70.03500366210938,11.222565760194879,35.52397348511466,50.242428501159445,135.8360855409552,29.911226664792824,55.48333450448552
2026-07-10,4.104683124042956,28.62669245647969,24.75235918175957,0.6858917803356569,25.227126194244182,19.694039036398806,48.95375417619132,74.94871344000939,32.2255436375359,69.62999725341797,11.221499325948068,35.302737236973215,49.77433913604126,135.12103628157786,29.570365160307134,55.09641873278237
2026-07-13,4.09992722844779,32.57428296709739,21.710325742829667,0.6878356493446696,28.90410637649211,19.734527801880816,51.42937548368941,75.85422480711053,34.47972608522314,68.37000274658203,11.070624516310593,34.67320184798668,48.52137614033441,135.14575174128186,31.014751061185244,54.126310179653515
2026-07-14,4.10486240308747,34.938488576449906,18.676039835969537,0.6926771989676013,32.64206209724663,19.906268306971295,53.626244874048034,77.07674282366725,35.60632688927944,69.25499725341797,11.176039835969537,35.18160515524311,49.15055653192736,137.19976567076742,32.51318101933216,54.92677336627444
2026-07-15,4.084492250820951,35.43957976690196,18.713505147386442,0.6824097831172696,31.92786623830406,19.499097155453416,53.02159791759492,76.37830359027274,36.32483643270877,68.62999725341797,11.13605984569566,34.65691907229792,47.74523368430927,135.66118706469996,32.215134957671836,54.123771600745854
2026-07-16,4.043598837085932,36.77923055215878,18.07802652619697,0.6572759092027902,33.12247201580284,19.142131502210518,53.863700498542,74.66371931144765,36.6028595616593,68.08000183105469,11.023186906217665,34.47171009312388,46.855893142695884,137.1225660803311,32.76973003480387,53.793152102342205
2026-07-17,4.113671237886814,38.83860350299753,17.288703420712356,0.6917832193972151,35.20630069354649,19.18420124603268,54.978253203244385,75.24391677442107,38.65052309862466,68.0199966430664,11.054131891383566,34.51275420242153,46.54990008228518,132.62019513341954,33.39014928882097,53.914425389052305
2026-07-20,4.0714773792851755,39.28546220266804,16.86351551655177,0.6684234018166272,35.98569512740277,19.081006046632,55.39608968778674,78.76502835093993,39.24428863844905,68.2300033569336,11.058042961673292,34.64755429028539,47.596640237159725,133.34352869209232,33.96230854292638,54.13735554874205
2026-07-21,4.116603831201625,42.18784867810625,15.796953360816508,0.6877840970284229,39.06369284615294,19.050303606873143,56.739837684836104,78.73812292261255,39.94456385140293,69.37999725341797,11.278085103884054,35.275947523577976,49.42273586789283,136.68181764795696,35.328799783892975,55.03682112487411
2026-07-22,4.174286187737558,43.32536221690814,15.33853800346978,0.7183382423605861,40.66441599849956,19.013457120082524,57.157593660618,81.7684156233882,41.95972241759273,70.70999908447266,11.410125662305997,35.87881558587706,50.28836685891124,137.97650865100576,36.18652412434942,56.008813686051575
2026-07-23,4.245398988982163,48.20003982990289,13.776460527394772,0.7511451418832753,46.54241298923421,18.368614036526363,59.55741949088012,79.7066644799269,41.61053383784543,69.08000183105469,11.354450991647434,35.100101917692676,48.22932652320092,133.65275353490387,38.70529386268055,54.77782917837143
2026-07-24,4.254484883652254,43.99012299446466,14.993973154205335,0.7501374878482534,41.339481106131,19.57847187276919,57.600262138535534,78.93412599033364,42.15281272308106,69.43499755859375,11.281319118559175,35.19560917952979,49.150975412809686,133.60288352389088,36.76375934746229,54.9554704853924
2026-07-27,4.028458041050039,38.64186416303242,16.69024541383624,0.6363923383317446,36.034561376842944,20.928573933987305,55.396415250967515,77.95016894854376,39.05108208911597,69.4800033569336,11.276876848788131,35.2570473172842,49.00092366331887,136.34556700066642,34.795215657847045,55.08073356446534
2026-07-28,3.882961798957323,33.81086481496629,18.76920739901144,0.5737973047387365,31.72507273980766,21.009827177228058,53.079610652145966,77.85788569625726,37.75458932682083,68.66999816894531,11.245457413617826,34.885894904123674,47.86220918683321,134.75268465394547,33.21492422206382,54.49935076321111
2026-07-29,3.9449412041058722,39.64788567959465,15.480888224718052,0.6075606616798672,37.48803325005254,21.061479907534967,56.1561631680949,77.67296331753333,40.72197445536695,68.38999938964844,11.156805286384758,34.706493567142225,47.75025100987695,132.78422490484974,35.52081630746959,54.18894729437895
2026-07-30,3.948549976135128,37.654659312210654,15.64959826478374,0.6192203010287813,36.26695275967022,21.480298065373805,54.87854652315371,77.21012675941365,39.50882184879829,69.02999877929688,11.260538989889566,34.995860203141575,48.289855748486936,134.98653108346062,34.83260060872506,54.63365535214056
2026-07-31,3.8935791525908297,38.877406849523005,15.31392674069663,0.5917726358306861,36.66468163613223,21.5784495743861,55.253908758655314,76.84987330834531,39.110939853574806,68.13999938964844,11.114711411590243,34.48114804824792,47.34881657150196,136.05048983547601,35.18174706040331,53.89941715698335
2026-08-03,3.961043653303959,34.61242030034799,17.02302823644814,0.624985408339721,31.16752691687881,23.547889856832565,53.26155498984049,76.87951047481141,38.83971319802882,68.01000213623047,11.039715533549758,34.54527407338207,47.411075040287734,134.25742111778032,33.1585585164771,53.93885445816964
2026-08-04,3.8174219158074156,30.38296779615515,19.040421136180594,0.5571767139046323,27.42987872491917,24.453445076044964,50.972885273073196,77.11881222788976,37.31047121029963,68.69000244140625,11.058034620008636,34.850536341671244,49.14033592847221,143.382395854003,31.573541255704832,54.43955433993025
2026-08-05,3.7968928851139037,29.19924947848078,19.532205997179716,0.5536844117791463,26.591653361613854,24.036500518605706,50.520353817287635,76.95759087253954,35.25936112438379,71.5,11.266563333993732,36.27035090377242,51.44102462503059,143.5430675818989,30.953185637535398,56.64456226442636
2026-08-06,3.7754542305892738,31.879800911517528,18.116702218181395,0.5458614753418738,28.703477054702706,24.09926449161334,51.90521150237205,77.51978645778695,37.509762096257184,71.55999755859375,11.29051998461377,36.25963096362089,50.553088319287575,143.46493221899735,31.739926099474307,56.68426882553559
2026-08-07,3.7960664323681765,33.763538642696425,16.701059774054773,0.5584508123288087,30.015272871416414,24.862136103435816,52.98870273862404,78.84765602229139,36.77147820409686,73.01000213623047,11.63244843948562,37.0250545043312,52.300840590861924,143.85062898581137,32.218763480349295,57.80373990772701
2026-08-10,3.978340205819701,38.05622658684312,14.561378940120669,0.6364877745746519,33.70327579969424,24.828157639837087,55.18794711106443,77.65874266241875,40.65282591697884,73.06999969482422,11.514021636382731,36.95631878070697,53.12233775630478,143.4256438982833,33.40568801129667,57.720359771350644
2026-08-11,3.9372978441794277,39.308708912233136,13.730003856086189,0.617908611553246,35.69801002582409,25.006134682573993,56.380654132439034,78.0740602250552,39.577466434522485,73.61000061035156,11.644211780927563,37.293027495063036,53.260729851949655,143.85538508278898,33.98029890510522,58.33790910978224
2026-08-12,4.006436584008375,39.94148624926858,13.838502047981276,0.641310699087894,35.51199531889994,24.75131655939146,56.46576945582212,77.63019309537741,40.64365125804564,74.25,11.688121708601521,37.70626097132826,54.230544177881804,146.35459332943242,34.18373317729666,58.911644414965345
2026-08-13,3.9249387607509796,39.98012393312288,13.872325499824624,0.5946451608833341,35.5313924938618,24.494329475037997,56.20250204606571,78.32339529989478,40.83362562843447,73.36000061035156,11.709341751432246,37.212089325382905,53.20940021045248,141.88004209049458,34.15760551853151,58.13749383154577
2026-08-14,3.933799600213161,38.782620896080815,14.083107286502665,0.5923206417478734,34.42147600785707,24.84566457768216,55.78290150593957,77.76985314750725,40.65335328781218,73.5,11.645309138527733,37.265573847161164,53.47956224862033,143.24548685810495,33.70825928350949,58.179775420369005
2026-08-17,3.781291491865563,40.82813266951827,13.393170184419045,0.5290068413814883,35.82614589907206,24.776196152677468,56.51777575205105,77.29705724236263,41.19626954631512,74.05999755859375,11.69857186265573,37.54996143327957,54.5193184208681,146.14449664586402,34.13739101979758,58.656474098016716
2026-08-18,3.8506511821250347,45.19516359129072,11.968240604317218,0.5588297307646033,39.786945438387235,23.82539348441264,58.77125283566033,77.99527584835941,42.7336934914287,73.02999877929688,11.579433569540916,37.09452980659042,52.42171238803527,142.1455132252859,35.4369840267546,57.82993268207241
2026-08-19,3.9441259995448688,45.06487894324991,11.883766832903143,0.5884070621473146,39.96683056726737,23.62154144427185,58.513682391002206,77.63282372315203,42.32606486726387,74.58000183105469,11.766973055675594,37.90834024363182,53.55578654769274,145.64767989161538,35.37099543336331,59.173568301616825
2026-08-20,3.80693470917688,45.83372223259287,11.547974470237175,0.5338808839081249,40.904424117976475,23.08894903864103,59.09324248646631,78.01708045547882,43.79200112002987,75.12999725341797,11.78073081948852,38.09559921597909,55.86148963972372,148.70729886130297,35.50261340302408,59.594924667554935
2026-08-21,3.887333657487389,47.0258922323303,11.322603076661638,0.5606484685657128,41.089339864707256,23.559598787030556,59.482155353393985,78.44646606018193,44.378353160718454,76.5199966430664,11.908094238395147,38.80044320037322,56.57802659202239,153.37065547002564,35.64847212502916,60.57266313656521
2026-08-24,3.914819136522754,44.212368728121355,11.919486581096848,0.5745624466565554,38.33138856476079,23.471411901983664,58.33138856476079,79.44574095682614,45.28588098016336,77.66999816894531,12.123687281213536,39.36114352392065,56.289381563593935,154.53325554259044,34.84247374562427,61.48774760189524
2026-08-25,3.8692873152420346,41.11628884762272,13.004683321070273,0.5573852641710882,35.913247608703266,24.146549408453335,56.12977821379769,80.01354776169954,44.018546418602476,77.29000091552734,12.152108662392113,39.19215631314016,55.849479695876106,151.1509757892155,34.15554231923665,61.11675815032723
2026-08-26,4.042461379858489,40.55883657414972,12.972991899904294,0.611825651496829,36.15864049114125,24.36448096360793,56.49058101262868,78.59660589649619,44.10700529890987,76.52999877929688,12.021755876654451,38.86937136721212,55.53934498937884,150.54039543406708,34.24449683699433,60.66901601605585
2026-08-27,4.0615119663914925,40.1192434690282,13.13486646364941,0.6221195432674603,35.5863581737781,24.50208267702755,56.564808008680735,78.19081288576196,45.398858903006754,76.54000091552734,11.950599134259747,38.86497018913274,56.214778256151774,150.09275788442017,34.12206704236527,60.63682222070907
2026-08-28,3.999370412088853,41.51555083905727,12.682067847605277,0.5952117283241869,36.81589719070332,25.4807524110506,57.142190761623766,78.48888059614465,44.29102867605043,76.18000030517578,11.991113806252988,38.675933808352084,56.64073888351157,154.8261827850404,34.6176720971184,60.389966119826134
2026-09-01,4.037745681054065,47.24028058217299,11.08789785128211,0.5957119120849605,43.02104366297459,22.49092543096908,60.20144959675066,79.02753300108544,48.44244213868042,73.01000213623047,11.40302757968697,37.07151110540506,53.40865322891256,145.5432486373557,36.44416951645094,57.91383995131218
2026-09-02,4.144760474604161,50.45871559633028,10.349369779478089,0.6392875062959782,46.18630731030624,22.043994730890734,62.16849492323654,79.85265145774804,48.99572176305329,73.12999725341797,11.521805019642587,37.169369222340094,53.51876245876223,145.01124931513237,37.37337234650222,58.03014441007761
2026-09-03,4.0220525238783935,50.502465804410534,10.14003893869183,0.5899320882653663,46.71652554201172,22.692379268633108,62.28482367172234,79.09765515957942,47.15269377500698,75.1500015258789,11.69221643249279,38.08911789336559,54.99209081604169,150.34428212524426,37.47557457895227,59.522423975365854
2026-09-04,4.12712803396228,49.98720811238255,10.317238954868257,0.6240115341823903,45.81821564796726,22.792817936552236,61.877849102242074,79.7806772723044,48.03935249790678,74.11499786376953,11.608638012838403,37.584891617824915,54.11549911619685,149.45576332682109,37.20113498930133,58.71476611599544
2026-09-07,4.122535582846798,53.283363206778546,9.739518934250897,0.6312996307929281,49.13987755767126,22.486556949649668,63.455853255429595,80.55355106031332,48.91873646965711,73.62000274658203,11.382946530412719,37.33792686049489,54.27267860052608,149.90456016201495,,
