portfolio,date,margin,realized_pnl,realized_loss,breach,winning_scenario
p01,2025-07-08,0.41267916684161626,0.0005364598433962818,0.0,False,0
p02,2025-07-08,0.4513839887317885,0.0051642809181433125,0.0,False,0
p03,2025-07-08,0.4595641868507284,0.01657323996219874,0.0,False,3
p04,2025-07-08,0.39038111553793714,0.04004478302990573,0.0,False,0
p05,2025-07-08,0.8019196022770625,-0.005120294811124735,0.005120294811124735,False,104
p06,2025-07-08,1.0828191943211962,-0.01657323996219874,0.01657323996219874,False,100
p07,2025-07-08,1.0862800101982264,-0.002753950904627007,0.002753950904627007,False,104
p08,2025-07-08,1.2010078303409264,0.04933620939117493,0.0,False,104
p09,2025-07-08,2.3115537473611942,-0.02206062944705353,0.02206062944705353,False,104
p10,2025-07-08,1.7526295683890893,-0.013855153082546756,0.013855153082546756,False,4
p01,2025-07-09,0.4109580981458674,0.00756525831961647,0.0,False,0
p02,2025-07-09,0.45648452546406953,-0.012074701503983532,0.012074701503983532,False,0
p03,2025-07-09,0.4624594076041504,0.06749636784589311,0.0,False,4
p04,2025-07-09,0.4039507417250403,0.013130270893086517,0.0,False,0
p05,2025-07-09,0.8083000658129919,-0.012475697265065333,0.012475697265065333,False,104
p06,2025-07-09,1.0516786630205381,-0.06749636784589311,0.06749636784589311,False,100
p07,2025-07-09,1.0952306089810087,0.018944024790271276,0.0,False,104
p08,2025-07-09,1.169994367886497,-0.07189856892298942,0.07189856892298942,False,4
p09,2025-07-09,2.3821192793189905,0.04624525956618712,0.0,False,104
p10,2025-07-09,1.764041670647748,-0.02858718551885703,0.02858718551885703,False,104
p01,2025-07-10,0.40803803822559964,0.006071349626551458,0.0,False,0
p02,2025-07-10,0.4455481503414519,0.016077166934822553,0.0,False,0
p03,2025-07-10,0.4673611466060773,0.030820378810059692,0.0,False,4
p04,2025-07-10,0.4038727418334931,-0.02257274661516352,0.02257274661516352,False,0
p05,2025-07-10,0.7786245823714606,-0.0007198095611983587,0.0007198095611983587,False,104
p06,2025-07-10,1.0797705714146886,-0.030820378810059692,0.030820378810059692,False,100
p07,2025-07-10,1.0711703766878184,-0.02011501584025035,0.02011501584025035,False,104
p08,2025-07-10,1.1642495289547612,0.014629063684906686,0.0,False,104
p09,2025-07-10,2.315356045920286,0.023781764305543823,0.0,False,104
p10,2025-07-10,1.7742531008967122,-0.07792040401604401,0.07792040401604401,False,104
p01,2025-07-11,0.403419598745903,-0.00832724059822817,0.00832724059822817,False,0
p02,2025-07-11,0.4474382495485279,-0.0026999663137631594,0.0026999663137631594,False,0
p03,2025-07-11,0.466259795958145,-0.018689184358573294,0.018689184358573294,False,4
p04,2025-07-11,0.3979177045531667,0.0056279803873289,0.0,False,0
p05,2025-07-11,0.7535280162091724,-0.010126376407869182,0.010126376407869182,False,104
p06,2025-07-11,1.0718998298313487,0.018689184358573294,0.0,False,100
p07,2025-07-11,1.0660421566253444,0.022030121513782086,0.0,False,104
p08,2025-07-11,1.1584153276707592,-0.06506211140042956,0.06506211140042956,False,104
p09,2025-07-11,2.2596699169766463,-0.03527918409555185,0.03527918409555185,False,104
p10,2025-07-11,1.7857698178335903,0.019197859270427595,0.0,False,104
p01,2025-07-14,0.39819082574035747,0.01955935716988679,0.0,False,0
p02,2025-07-14,0.44220296805869214,-0.000977864232451986,0.000977864232451986,False,0
p03,2025-07-14,0.45780819418186497,-0.014699868677846582,0.014699868677846582,False,0
p04,2025-07-14,0.386878314255907,0.10840306989035199,0.0,False,0
p05,2025-07-14,0.7475508870919978,-0.02211236124822566,0.02211236124822566,False,104
p06,2025-07-14,0.9636265472884975,0.014699868677846582,0.0,False,100
p07,2025-07-14,1.0458351179417016,0.002040948783699313,0.0,False,104
p08,2025-07-14,1.1628589157013196,0.019435317417511387,0.0,False,104
p09,2025-07-14,2.256234270418498,-0.12263252941246623,0.12263252941246623,False,104
p10,2025-07-14,1.74637284835454,0.1220673626821863,0.0,False,104
p01,2025-07-15,0.3981980701339548,-0.0070029413378456945,0.0070029413378456945,False,0
p02,2025-07-15,0.4387342409133255,0.011683510697825963,0.0,False,0
p03,2025-07-15,0.44995781884261243,-0.009382496374398253,0.009382496374398253,False,1
p04,2025-07-15,0.40929734530168166,-0.05946824666556088,0.05946824666556088,False,0
p05,2025-07-15,0.7622106379462085,0.0004409510484375632,0.0,False,104
p06,2025-07-15,0.9196180348859668,0.009382496374398253,0.0,False,100
p07,2025-07-15,1.0463855493271388,0.002867474006190936,0.0,False,104
p08,2025-07-15,1.1211074612461003,-0.057358337430035405,0.057358337430035405,False,104
p09,2025-07-15,2.36651592656752,0.06658423872654136,0.0,False,104
p10,2025-07-15,1.6874682979892395,-0.06407965373522159,0.06407965373522159,False,59
p01,2025-07-16,0.39249980449689065,0.03026407796591474,0.0,False,0
p02,2025-07-16,0.43307872136834547,0.003161538991014503,0.0,False,0
p03,2025-07-16,0.44928603794308236,-0.0014934796579865412,0.0014934796579865412,False,0
p04,2025-07-16,0.40071448286822275,0.009599264308867018,0.0,False,0
p05,2025-07-16,0.7436802433961679,-0.014465980777151204,0.014465980777151204,False,104
p06,2025-07-16,0.8876533746911933,0.0014934796579865412,0.0,False,104
p07,2025-07-16,1.0283749027242823,-0.032139543840381236,0.032139543840381236,False,104
p08,2025-07-16,1.1212229286131945,-0.03250404628196022,0.03250404628196022,False,104
p09,2025-07-16,2.296739530755446,-0.09525321712152386,0.09525321712152386,False,104
p10,2025-07-16,1.661592089312156,-0.029144353384238396,0.029144353384238396,False,79
p01,2025-07-17,0.4069974870427141,0.006993732615275609,0.0,False,0
p02,2025-07-17,0.435095346020362,-0.05383137718481647,0.05383137718481647,False,0
p03,2025-07-17,0.43927706928232585,0.02116723550247167,0.0,False,1
p04,2025-07-17,0.40774639246960587,0.000730036677659384,0.0,False,0
p05,2025-07-17,0.7643765109923274,0.030335854753240965,0.0,False,104
p06,2025-07-17,0.8548299403409124,-0.02116723550247167,0.02116723550247167,False,104
p07,2025-07-17,1.1070353702293543,-0.06250504043335312,0.06250504043335312,False,104
p08,2025-07-17,1.1472934099838161,0.09109277047255192,0.0,False,104
p09,2025-07-17,2.494233666445711,-0.05505719457835159,0.05505719457835159,False,104
p10,2025-07-17,1.7547274633858045,-0.02152927326034386,0.02152927326034386,False,104
p01,2025-07-18,0.40386077687614796,0.02505942768061704,0.0,False,0
p02,2025-07-18,0.41566022275229286,0.10683938824336854,0.0,False,60
p03,2025-07-18,0.44374710663241895,0.005976409676843241,0.0,False,1
p04,2025-07-18,0.4007920918862728,0.1560901372672186,0.0,False,0
p05,2025-07-18,0.6924555817005746,-0.06543639319417424,0.06543639319417424,False,104
p06,2025-07-18,0.8699426354800065,-0.005976409676843241,0.005976409676843241,False,104
p07,2025-07-18,1.1644809091265729,0.06575532500425264,0.0,False,104
p08,2025-07-18,1.3246549354069894,-0.14365696534235273,0.14365696534235273,False,0
p09,2025-07-18,2.4662565378321606,0.0937677680620426,0.0,False,104
p10,2025-07-18,1.763763281386343,-0.028949824267995118,0.028949824267995118,False,104
p01,2025-07-21,0.39534422117572343,-0.028597160237283266,0.028597160237283266,False,0
p02,2025-07-21,0.4191575211692684,-0.00741852257134893,0.00741852257134893,False,80
p03,2025-07-21,0.4403531994312015,-0.026467459216231316,0.026467459216231316,False,2
p04,2025-07-21,0.363976062816473,-0.04353614105527556,0.04353614105527556,False,25
p05,2025-07-21,0.7139075216560256,0.012660518852354315,0.0,False,0
p06,2025-07-21,0.861609762521118,0.026467459216231316,0.0,False,104
p07,2025-07-21,1.2285168922723189,0.0387468040596629,0.0,False,104
p08,2025-07-21,1.6588705609034122,0.06453504055880155,0.0,False,0
p09,2025-07-21,2.5590272003681602,-0.01484690435406132,0.01484690435406132,False,104
p10,2025-07-21,1.8526177053442878,0.0493128203807381,0.0,False,104
p01,2025-07-22,0.41068868882992665,-0.022208027553537436,0.022208027553537436,False,0
p02,2025-07-22,0.41929887543511263,-0.024461168154417116,0.024461168154417116,False,76
p03,2025-07-22,0.4493443535702408,0.036567334202801303,0.0,False,2
p04,2025-07-22,0.3796189026681614,0.016592406784088635,0.0,False,0
p05,2025-07-22,0.6812025858793859,-0.013659954069758527,0.013659954069758527,False,104
p06,2025-07-22,0.8797117864266992,-0.036567334202801303,0.036567334202801303,False,104
p07,2025-07-22,1.9426392307281426,0.07377606848660621,0.0,False,104
p08,2025-07-22,1.5784258642637963,-0.033060833906231255,0.033060833906231255,False,0
p09,2025-07-22,2.538607358092144,0.08654246514816918,0.0,False,104
p10,2025-07-22,1.8697442375208042,0.06749888550873717,0.0,False,104
p01,2025-07-23,0.41157703933115974,0.28151112038995635,0.0,False,0
p02,2025-07-23,0.4180776628421634,-0.006334362707448849,0.006334362707448849,False,49
p03,2025-07-23,0.4172299232628107,0.010556214192508339,0.0,False,0
p04,2025-07-23,0.37394716144926876,-0.01756490544735511,0.01756490544735511,False,5
p05,2025-07-23,0.6834468698801288,-0.0012141152739214246,0.0012141152739214246,False,0
p06,2025-07-23,0.817733284158827,-0.010556214192508339,0.010556214192508339,False,104
p07,2025-07-23,54.17788927371899,-0.6844269552267168,0.6844269552267168,False,100
p08,2025-07-23,1.505105970613517,0.06236490230601621,0.0,False,0
p09,2025-07-23,107.05016683758545,-1.3678068873640277,1.3678068873640277,False,100
p10,2025-07-23,71.63780828738017,-0.925843135494985,0.925843135494985,False,100
p01,2025-07-24,0.4108220011068513,-0.014993217329246425,0.014993217329246425,False,0
p02,2025-07-24,0.41784713425458087,0.021379650709639264,0.0,False,44
p03,2025-07-24,0.415116920191551,0.08134419208203841,0.0,False,0
p04,2025-07-24,0.3820391871338664,-0.011257857038000287,0.011257857038000287,False,0
p05,2025-07-24,0.6616766762366854,-0.007137156612973827,0.007137156612973827,False,0
p06,2025-07-24,0.7972330503812856,-0.08134419208203841,0.08134419208203841,False,104
p07,2025-07-24,6.344006604452308,0.04634085877200779,0.0,False,104
p08,2025-07-24,1.3787106225039465,-0.016573820445021495,0.016573820445021495,False,0
p09,2025-07-24,11.520468405748213,0.15736647241714755,0.0,False,104
p10,2025-07-24,7.887228061904493,0.09214080475215128,0.0,False,104
p01,2025-07-25,0.4126825386917016,-0.01131187133880469,0.01131187133880469,False,0
p02,2025-07-25,0.41840995656922425,-0.04029995044597852,0.04029995044597852,False,49
p03,2025-07-25,0.40566092270491044,0.015899908288918296,0.0,False,4
p04,2025-07-25,0.3861072624351823,-0.006724856869775896,0.006724856869775896,False,0
p05,2025-07-25,0.6594933387457689,0.017096328017980087,0.0,False,0
p06,2025-07-25,0.7759162121928953,-0.015899908288918296,0.015899908288918296,False,104
p07,2025-07-25,6.105779542805344,-0.01732910548701254,0.01732910548701254,False,104
p08,2025-07-25,1.376453851242962,-0.0013680201702074516,0.0013680201702074516,False,0
p09,2025-07-25,11.005087302687727,-0.001976932577744825,0.001976932577744825,False,104
p10,2025-07-25,7.523570217046562,0.018043538218221526,0.0,False,104
p01,2025-07-28,0.4096814553635291,-0.004175753269838482,0.004175753269838482,False,0
p02,2025-07-28,0.4218700146733223,0.0016583133212255026,0.0,False,64
p03,2025-07-28,0.40824073296953217,-0.017803823976955013,0.017803823976955013,False,4
p04,2025-07-28,0.3839093122470393,-0.013721867247828968,0.013721867247828968,False,0
p05,2025-07-28,0.66642405748575,0.01928650219627255,0.0,False,0
p06,2025-07-28,0.7767426747785303,0.017803823976955013,0.0,False,100
p07,2025-07-28,5.995429792335718,-0.03609712672156169,0.03609712672156169,False,104
p08,2025-07-28,1.3789176660551483,-0.03090704605912564,0.03090704605912564,False,0
p09,2025-07-28,10.545404735054598,-0.01525573443064363,0.01525573443064363,False,104
p10,2025-07-28,7.210266797688914,-0.02196752691089785,0.02196752691089785,False,104
p01,2025-07-29,0.4016417901296493,-0.04675190606645933,0.04675190606645933,False,0
p02,2025-07-29,0.42233999267191163,-0.0067665192478800745,0.0067665192478800745,False,49
p03,2025-07-29,0.4038938124375422,-0.03172584315564333,0.03172584315564333,False,95
p04,2025-07-29,0.36470528024074306,-0.022923635152317757,0.022923635152317757,False,5
p05,2025-07-29,0.6926391026912604,0.020967388190577207,0.0,False,0
p06,2025-07-29,0.754871994320332,0.03172584315564333,0.0,False,0
p07,2025-07-29,6.129923395259741,0.007000915943629108,0.0,False,104
p08,2025-07-29,1.3187202753816436,-0.02731929778495306,0.02731929778495306,False,0
p09,2025-07-29,10.76205676697534,0.021084454346671937,0.0,False,104
p10,2025-07-29,7.399482148069814,0.026223325654128625,0.0,False,104
p01,2025-07-30,0.42006958611082007,-0.028239833535433037,0.028239833535433037,False,100
p02,2025-07-30,0.4230923030242198,-0.013029138723261259,0.013029138723261259,False,74
p03,2025-07-30,0.44395482008375103,-0.02861388477309689,0.02861388477309689,False,100
p04,2025-07-30,0.3704671880749761,0.002330067450023489,0.0,False,100
p05,2025-07-30,0.7183793129272963,0.007450472876640435,0.0,False,0
p06,2025-07-30,0.8676598207990528,0.02861388477309689,0.0,False,0
p07,2025-07-30,5.016793308877041,0.02957845595369879,0.0,False,104
p08,2025-07-30,1.2460633662993479,-0.02872631067092213,0.02872631067092213,False,0
p09,2025-07-30,8.802664603313861,0.049052051761501236,0.0,False,104
p10,2025-07-30,6.09424470269795,-0.01359410854568227,0.01359410854568227,False,104
p01,2025-07-31,0.4270370490193032,-0.00897721477831321,0.00897721477831321,False,100
p02,2025-07-31,0.42328186149504027,-0.017764678781376025,0.017764678781376025,False,79
p03,2025-07-31,0.44805501996561853,0.0027917767865519826,0.0,False,100
p04,2025-07-31,0.3691353436442847,0.004586131467567346,0.0,False,100
p05,2025-07-31,0.708545611849964,0.00235735050569576,0.0,False,0
p06,2025-07-31,0.9430313049192512,-0.0027917767865519826,0.0027917767865519826,False,4
p07,2025-07-31,4.66240824638617,-0.0069963391333246906,0.0069963391333246906,False,104
p08,2025-07-31,1.2282228944783946,0.036976089516626065,0.0,False,100
p09,2025-07-31,8.080262889518643,-0.0299322456844862,0.0299322456844862,False,104
p10,2025-07-31,5.632780587423844,-0.011908053843533519,0.011908053843533519,False,104
p01,2025-08-01,0.4230479351100269,-0.022389097151398883,0.022389097151398883,False,100
p02,2025-08-01,0.424969672066191,-0.011059141114074612,0.011059141114074612,False,74
p03,2025-08-01,0.4393896583660794,0.031676192532033756,0.0,False,100
p04,2025-08-01,0.36435061495713933,-0.025434648143714725,0.025434648143714725,False,100
p05,2025-08-01,0.73889651460659,0.0059475458792983445,0.0,False,0
p06,2025-08-01,0.899470030185253,-0.031676192532033756,0.031676192532033756,False,4
p07,2025-08-01,4.574156568994128,0.02536302381456463,0.0,False,104
p08,2025-08-01,1.4443302413482908,0.008617912671141937,0.0,False,0
p09,2025-08-01,8.050587816610705,0.07266105396317779,0.0,False,104
p10,2025-08-01,5.615514057724161,0.07668426073162328,0.0,False,104
p01,2025-08-04,0.4278223344565271,0.012978893356619765,0.0,False,100
p02,2025-08-04,0.4234764031541977,-0.013412152245637365,0.013412152245637365,False,74
p03,2025-08-04,0.43583971806017596,0.005608779685000464,0.0,False,102
p04,2025-08-04,0.37306135933518914,0.005334635456169922,0.0,False,100
p05,2025-08-04,0.7323947611506444,0.004755132163319631,0.0,False,0
p06,2025-08-04,0.8865718998961966,-0.005608779685000464,0.005608779685000464,False,0
p07,2025-08-04,4.423180520833064,-0.025950223294482197,0.025950223294482197,False,104
p08,2025-08-04,1.418194900040778,-0.015239394479745129,0.015239394479745129,False,0
p09,2025-08-04,7.787614119440118,-0.017423730344235153,0.017423730344235153,False,104
p10,2025-08-04,5.450448254823559,0.010325699468674968,0.0,False,104
p01,2025-08-05,0.42538412187378394,-0.014808649503701185,0.014808649503701185,False,95
p02,2025-08-05,0.42171771291212007,-0.05043315321229602,0.05043315321229602,False,59
p03,2025-08-05,0.4324909353923021,-0.024138304345693765,0.024138304345693765,False,104
p04,2025-08-05,0.37333353848567036,-0.03468699814152012,0.03468699814152012,False,100
p05,2025-08-05,0.7300027544579845,0.03916413458022115,0.0,False,0
p06,2025-08-05,0.8492130401291367,0.024138304345693765,0.0,False,0
p07,2025-08-05,3.6907539099290223,-0.03755352137469537,0.03755352137469537,False,104
p08,2025-08-05,1.4570294107774941,-0.10604137251998386,0.10604137251998386,False,0
p09,2025-08-05,6.68656386305795,-0.030725926364596895,0.030725926364596895,False,104
p10,2025-08-05,4.771227381784933,0.009650157419702205,0.0,False,104
p01,2025-08-06,0.42447755012337246,-0.005616447105930396,0.005616447105930396,False,100
p02,2025-08-06,0.4263225166527936,0.07015711002299943,0.0,False,39
p03,2025-08-06,0.42272230402246797,-0.033321592681901394,0.033321592681901394,False,104
p04,2025-08-06,0.3655112690085514,-0.027703134226214836,0.027703134226214836,False,85
p05,2025-08-06,0.6823018064824824,-0.020557243298587848,0.020557243298587848,False,0
p06,2025-08-06,0.8189438898004775,0.033321592681901394,0.0,False,0
p07,2025-08-06,3.730869550979166,0.0566414951210814,0.0,False,104
p08,2025-08-06,1.4729875077105703,0.15371343574286248,0.0,False,0
p09,2025-08-06,6.822400035632132,0.11627830418049653,0.0,False,104
p10,2025-08-06,4.878457934929418,-0.011786194836845728,0.011786194836845728,False,104
p01,2025-08-07,0.4221527469670525,-0.004851827639596207,0.004851827639596207,False,100
p02,2025-08-07,0.4249078861518775,-0.0076543989962263945,0.0076543989962263945,False,64
p03,2025-08-07,0.4117991529239117,0.01306898235843013,0.0,False,103
p04,2025-08-07,0.3641151615534907,0.032250568574740617,0.0,False,50
p05,2025-08-07,0.6975995302033222,-0.015087911263546281,0.015087911263546281,False,0
p06,2025-08-07,0.7717439208838732,-0.01306898235843013,0.01306898235843013,False,0
p07,2025-08-07,3.595276935183729,0.03036145010157465,0.0,False,104
p08,2025-08-07,1.3940674728666291,0.06756997157812741,0.0,False,0
p09,2025-08-07,6.569262636740122,-0.005795445194988053,0.005795445194988053,False,104
p10,2025-08-07,4.659232465358738,0.028487678501498706,0.0,False,104
p01,2025-08-08,0.41851745087066633,-0.009446462433600457,0.009446462433600457,False,100
p02,2025-08-08,0.42068547896454456,-0.05576217935279785,0.05576217935279785,False,64
p03,2025-08-08,0.42504576506740677,-0.002002216374365285,0.002002216374365285,False,104
p04,2025-08-08,0.36917015518573515,0.034212861966146764,0.0,False,100
p05,2025-08-08,0.7247716143973629,0.02822730108938992,0.0,False,0
p06,2025-08-08,0.7837084536355758,0.002002216374365285,0.0,False,0
p07,2025-08-08,3.2393340507772894,-0.03161265142181734,0.03161265142181734,False,104
p08,2025-08-08,1.2767380649910862,-0.04259331442168703,0.04259331442168703,False,0
p09,2025-08-08,5.895086059546782,-0.08062496768192058,0.08062496768192058,False,104
p10,2025-08-08,4.240589684157517,0.06536272665990482,0.0,False,104
p01,2025-08-11,0.4168192132594885,-0.03537884451553743,0.03537884451553743,False,100
p02,2025-08-11,0.42350323678605656,-0.0058114917038947075,0.0058114917038947075,False,54
p03,2025-08-11,0.4228633249030593,0.015906422190866944,0.0,False,104
p04,2025-08-11,0.3731846427922194,-0.03925662764654337,0.03925662764654337,False,100
p05,2025-08-11,0.7052106189247678,0.018147637984694407,0.0,False,0
p06,2025-08-11,0.776322265365679,-0.015906422190866944,0.015906422190866944,False,0
p07,2025-08-11,3.2316766129226746,0.03585300589029559,0.0,False,104
p08,2025-08-11,1.2680531049071457,0.05117016644672739,0.0,False,0
p09,2025-08-11,5.8783568539198034,0.13967165935026865,0.0,False,104
p10,2025-08-11,4.229061900301451,0.053631401131834885,0.0,False,104
p01,2025-08-12,0.41883799774219627,0.004713589197248609,0.0,False,100
p02,2025-08-12,0.42301257345150584,0.00823104626788699,0.0,False,54
p03,2025-08-12,0.4192858928206792,-0.031587254064914416,0.031587254064914416,False,104
p04,2025-08-12,0.380263591050182,0.0053417175107199,0.0,False,100
p05,2025-08-12,0.7018988771690318,0.007004971510399648,0.0,False,0
p06,2025-08-12,0.7627894767039363,0.031587254064914416,0.0,False,0
p07,2025-08-12,2.4706136811568937,-0.030143497634946934,0.030143497634946934,False,4
p08,2025-08-12,1.2698207738015732,-0.1340375018850563,0.1340375018850563,False,0
p09,2025-08-12,4.586437489874747,-0.022918794660301785,0.022918794660301785,False,4
p10,2025-08-12,3.3259255509254433,-0.06223228030752847,0.06223228030752847,False,4
p01,2025-08-13,0.41558255478168593,0.0029053505320660892,0.0,False,100
p02,2025-08-13,0.4168289043836543,0.012061715868119527,0.0,False,42
p03,2025-08-13,0.43403573713011756,-0.00700406609244838,0.00700406609244838,False,104
p04,2025-08-13,0.3771176175436235,0.015627791687159574,0.0,False,100
p05,2025-08-13,0.681867941560605,0.0005400663524602386,0.0,False,0
p06,2025-08-13,0.8095106279075935,0.00700406609244838,0.0,False,0
p07,2025-08-13,2.4976982128188556,-0.007339721638509388,0.007339721638509388,False,4
p08,2025-08-13,1.2908345457666885,0.07090162408018706,0.0,False,104
p09,2025-08-13,4.660916203848659,-0.004653373280850726,0.004653373280850726,False,4
p10,2025-08-13,3.381439297658589,0.014118913361312884,0.0,False,4
p01,2025-08-14,0.42192422867406093,-0.029243961210458407,0.029243961210458407,False,100
p02,2025-08-14,0.4182317577792278,-0.05163802724674341,0.05163802724674341,False,65
p03,2025-08-14,0.4302458494843413,-0.0029657790212385573,0.0029657790212385573,False,104
p04,2025-08-14,0.3875800549213052,-0.02071335061186108,0.02071335061186108,False,100
p05,2025-08-14,0.6883616685957166,0.04131828285844159,0.0,False,0
p06,2025-08-14,0.7911677401397409,0.0029657790212385573,0.0,False,0
p07,2025-08-14,2.803041402211784,-0.01782273901014562,0.01782273901014562,False,4
p08,2025-08-14,1.311276351591672,0.07635073089486569,0.0,False,104
p09,2025-08-14,5.230791005228292,-0.015683493429156314,0.015683493429156314,False,4
p10,2025-08-14,3.7535624002455696,0.05199192323505473,0.0,False,4
p01,2025-08-15,0.4219043882758834,1.8292602586567064e-05,0.0,False,100
p02,2025-08-15,0.4238980306174646,-0.0027434226688976444,0.0027434226688976444,False,55
p03,2025-08-15,0.4274707636382158,-0.0032197747231922044,0.0032197747231922044,False,104
p04,2025-08-15,0.3863159309774339,-0.047919072053806216,0.047919072053806216,False,100
p05,2025-08-15,0.6749717164399924,-0.005217873196618554,0.005217873196618554,False,4
p06,2025-08-15,0.7830244828012054,0.0032197747231922044,0.0,False,0
p07,2025-08-15,2.7384200935953373,0.017559883384470166,0.0,False,4
p08,2025-08-15,1.3322801493787728,0.014640706837015837,0.0,False,104
p09,2025-08-15,5.108519791348079,0.0064881697412712686,0.0,False,4
p10,2025-08-15,3.6678567787809744,0.028712562334980624,0.0,False,4
p01,2025-08-18,0.4196042708472597,-0.0027191727146281767,0.0027191727146281767,False,100
p02,2025-08-18,0.42259335347573096,-0.014133221884836934,0.014133221884836934,False,50
p03,2025-08-18,0.4263643522296214,0.0164084662020356,0.0,False,104
p04,2025-08-18,0.4080617773737816,0.007588613760894836,0.0,False,100
p05,2025-08-18,0.6631797259035056,-0.015567465323617635,0.015567465323617635,False,4
p06,2025-08-18,0.7780533009052275,-0.0164084662020356,0.0164084662020356,False,0
p07,2025-08-18,2.6401327900622076,0.01632436563659603,0.0,False,4
p08,2025-08-18,1.3200581134668883,0.008071303374558726,0.0,False,104
p09,2025-08-18,4.901014517778775,0.012128991983424004,0.0,False,4
p10,2025-08-18,3.531415108543003,-0.0028248415896548543,0.0028248415896548543,False,4
p01,2025-08-19,0.41947278576043073,-0.009652132627218295,0.009652132627218295,False,100
p02,2025-08-19,0.423011324169947,-0.009577546436238739,0.009577546436238739,False,50
p03,2025-08-19,0.42541811280458647,0.0055260671759892665,0.0,False,104
p04,2025-08-19,0.40663104134104494,-0.007596591755519856,0.007596591755519856,False,100
p05,2025-08-19,0.6664329882081902,0.00014839047422540198,0.0,False,4
p06,2025-08-19,0.7785293402157036,-0.0055260671759892665,0.0055260671759892665,False,0
p07,2025-08-19,2.6752719953256854,0.009154953900185954,0.0,False,4
p08,2025-08-19,1.3157269366069997,-0.025020347744202143,0.025020347744202143,False,104
p09,2025-08-19,4.965425343464969,-0.003440005700832853,0.003440005700832853,False,4
p10,2025-08-19,3.578321402333276,-0.020769201172826282,0.020769201172826282,False,4
p01,2025-08-20,0.4225436383417741,-0.018301959473065604,0.018301959473065604,False,100
p02,2025-08-20,0.4218831849471107,-0.0175880770696919,0.0175880770696919,False,50
p03,2025-08-20,0.4230712268113792,-0.04082590816521737,0.04082590816521737,False,104
p04,2025-08-20,0.406128407398105,-0.01916295332866727,0.01916295332866727,False,100
p05,2025-08-20,0.6588816694642118,0.03713989689357653,0.0,False,4
p06,2025-08-20,0.7738313287326292,0.04082590816521737,0.0,False,0
p07,2025-08-20,2.5111508533656397,-0.02879461452077082,0.02879461452077082,False,104
p08,2025-08-20,1.3203360431267377,0.02411946957985274,0.0,False,104
p09,2025-08-20,4.555142908331854,-0.0245921780542974,0.0245921780542974,False,4
p10,2025-08-20,3.3088720494900716,0.03280885779446357,0.0,False,104
p01,2025-08-21,0.42503175050524644,0.006452912428929617,0.0,False,100
p02,2025-08-21,0.4223476790433699,0.00798022747180498,0.0,False,55
p03,2025-08-21,0.4381311114591832,0.01935045469571265,0.0,False,104
p04,2025-08-21,0.4100336731768802,0.01827169217254936,0.0,False,100
p05,2025-08-21,0.6802594803910227,-0.022446408499282255,0.022446408499282255,False,4
p06,2025-08-21,0.8038116547491375,-0.01935045469571265,0.01935045469571265,False,0
p07,2025-08-21,2.586632093472268,0.030039521382970794,0.0,False,104
p08,2025-08-21,1.2909238506540694,-0.007207174542179073,0.007207174542179073,False,104
p09,2025-08-21,4.549470885711186,0.017966352196478585,0.0,False,104
p10,2025-08-21,3.3786215207332835,0.01210481057489518,0.0,False,104
p01,2025-08-22,0.4228515635448744,0.047517994907746115,0.0,False,100
p02,2025-08-22,0.42072795078225556,0.03739496772171273,0.0,False,50
p03,2025-08-22,0.4351080409536056,0.03411922804392545,0.0,False,104
p04,2025-08-22,0.4079662098416277,0.037815674630225664,0.0,False,100
p05,2025-08-22,0.6729456436587951,-0.046425248273848335,0.046425248273848335,False,4
p06,2025-08-22,0.7994150080285369,-0.03411922804392545,0.03411922804392545,False,0
p07,2025-08-22,2.599023973760005,0.0004830456560398332,0.0,False,104
p08,2025-08-22,1.2867481952076931,-0.023350812566148627,0.023350812566148627,False,104
p09,2025-08-22,4.588575090049139,-0.04107287798992955,0.04107287798992955,False,104
p10,2025-08-22,3.4064755745644404,-0.06421829378200962,0.06421829378200962,False,104
p01,2025-08-25,0.41499914709047747,-0.017683807760023068,0.017683807760023068,False,80
p02,2025-08-25,0.43130863307442624,-0.018125105347957263,0.018125105347957263,False,15
p03,2025-08-25,0.4132851952211353,-0.03705782918809155,0.03705782918809155,False,100
p04,2025-08-25,0.40047955504882854,-0.026142682848677753,0.026142682848677753,False,100
p05,2025-08-25,0.6600955984375798,0.029997541666955962,0.0,False,4
p06,2025-08-25,0.7454192211166715,0.03705782918809155,0.0,False,4
p07,2025-08-25,2.679432251704963,-0.021477456446370172,0.021477456446370172,False,104
p08,2025-08-25,1.3338909446019556,-0.009649179836197733,0.009649179836197733,False,104
p09,2025-08-25,4.771025949335299,-0.03171465926218861,0.03171465926218861,False,104
p10,2025-08-25,3.547836871832607,0.006685458424661169,0.0,False,104
p01,2025-08-26,0.4168419480509573,0.007073331208744618,0.0,False,25
p02,2025-08-26,0.44115950807930904,-0.07033163085151226,0.07033163085151226,False,0
p03,2025-08-26,0.40884577662877414,0.05470801503340015,0.0,False,5
p04,2025-08-26,0.3879937981782948,0.02203258177642258,0.0,False,30
p05,2025-08-26,0.7042632218565742,0.00532323581053083,0.0,False,104
p06,2025-08-26,0.7429091155735502,-0.05470801503340015,0.05470801503340015,False,104
p07,2025-08-26,2.63444332596121,-0.009068509545151565,0.009068509545151565,False,4
p08,2025-08-26,1.341109082327322,0.0651124406431624,0.0,False,104
p09,2025-08-26,4.878712201235442,-0.03156774304746826,0.03156774304746826,False,4
p10,2025-08-26,3.496079294882971,-0.0023492331426962585,0.0023492331426962585,False,4
p01,2025-08-27,0.41498970100434734,-0.008610327306369812,0.008610327306369812,False,25
p02,2025-08-27,0.430181172789815,0.003314721934629684,0.0,False,45
p03,2025-08-27,0.41640588749023605,0.02013827738227251,0.0,False,0
p04,2025-08-27,0.39161321294262125,-0.03219314710973775,0.03219314710973775,False,15
p05,2025-08-27,0.7190385761442994,-0.0014000219922235026,0.0014000219922235026,False,104
p06,2025-08-27,0.8366308356842498,-0.02013827738227251,0.02013827738227251,False,104
p07,2025-08-27,2.5308660935900344,0.013469395807640892,0.0,False,104
p08,2025-08-27,1.2644623533668427,-0.022903517999242264,0.022903517999242264,False,4
p09,2025-08-27,4.594884128122194,0.06024486543840213,0.0,False,4
p10,2025-08-27,3.46915366538796,-0.015236779939331539,0.015236779939331539,False,104
p01,2025-08-28,0.4138007158441768,-0.0008744288070641367,0.0008744288070641367,False,30
p02,2025-08-28,0.4316648123612131,-0.024918531384915312,0.024918531384915312,False,25
p03,2025-08-28,0.419450584573584,0.01234485246404805,0.0,False,0
p04,2025-08-28,0.3859228405044062,0.03412380860905371,0.0,False,65
p05,2025-08-28,0.7264035938066719,0.0020331179874154654,0.0,False,104
p06,2025-08-28,0.8662137049786354,-0.01234485246404805,0.01234485246404805,False,104
p07,2025-08-28,2.582128379232015,-0.004183913562035597,0.004183913562035597,False,104
p08,2025-08-28,1.2630542904131727,-0.07072434513921984,0.07072434513921984,False,104
p09,2025-08-28,4.574569049811854,-0.026260346343068206,0.026260346343068206,False,79
p10,2025-08-28,3.559968468918544,0.03754705630489555,0.0,False,104
p01,2025-08-29,0.41224788776541627,-0.006467193453539702,0.006467193453539702,False,35
p02,2025-08-29,0.4339950438377385,0.026848865631115194,0.0,False,10
p03,2025-08-29,0.41254626993333315,-0.019710868076286192,0.019710868076286192,False,0
p04,2025-08-29,0.39440449079549733,-0.008955952625272413,0.008955952625272413,False,100
p05,2025-08-29,0.715654348082699,-0.004809078940881827,0.004809078940881827,False,104
p06,2025-08-29,0.8442547691798806,0.019710868076286192,0.0,False,104
p07,2025-08-29,2.539237202550199,0.03358734768470264,0.0,False,94
p08,2025-08-29,1.2180660787113453,-0.07744039115827503,0.07744039115827503,False,104
p09,2025-08-29,4.643762540008847,0.056704605791450285,0.0,False,4
p10,2025-08-29,3.514887574829988,0.0064699628791931516,0.0,False,104
p01,2025-09-02,0.41051965675445345,-0.022916634765611368,0.022916634765611368,False,40
p02,2025-09-02,0.42460718543187453,-0.025103906756180017,0.025103906756180017,False,55
p03,2025-09-02,0.4230436437951641,-0.028052544511071465,0.028052544511071465,False,0
p04,2025-09-02,0.3901035983232191,-0.020185511716795525,0.020185511716795525,False,100
p05,2025-09-02,0.6919111581938071,0.02919971872823722,0.0,False,104
p06,2025-09-02,0.8501012336153783,0.028052544511071465,0.0,False,104
p07,2025-09-02,2.809651957094183,0.008049848492169377,0.0,False,104
p08,2025-09-02,1.2742760592573084,0.12578696807277315,0.0,False,4
p09,2025-09-02,5.029429224791239,0.04219163492638908,0.0,False,104
p10,2025-09-02,3.8130347615388804,0.09924258366911837,0.0,False,104
p01,2025-09-03,0.41135489059732716,0.00366937654139215,0.0,False,35
p02,2025-09-03,0.4289164962573376,-0.020692298596277324,0.020692298596277324,False,35
p03,2025-09-03,0.4257484818426135,-0.027043846802720525,0.027043846802720525,False,0
p04,2025-09-03,0.3897098601909995,5.931589867376203e-05,0.0,False,100
p05,2025-09-03,0.7058819333087993,0.019814692793853405,0.0,False,104
p06,2025-09-03,0.8559161331885601,0.027043846802720525,0.0,False,104
p07,2025-09-03,2.90857340563032,-0.05280813390814677,0.05280813390814677,False,104
p08,2025-09-03,1.2864827341399363,-0.022743518562276972,0.022743518562276972,False,4
p09,2025-09-03,5.242296829833079,-0.13411052048640182,0.13411052048640182,False,104
p10,2025-09-03,3.978865497590423,-0.03718437798844074,0.03718437798844074,False,104
p01,2025-09-04,0.40994336053316266,-0.015097995588636545,0.015097995588636545,False,55
p02,2025-09-04,0.4304803644369719,-0.019843572276816625,0.019843572276816625,False,70
p03,2025-09-04,0.4151510690035965,-0.10025065843789459,0.10025065843789459,False,35
p04,2025-09-04,0.38723338437610877,-0.04827990961971026,0.04827990961971026,False,90
p05,2025-09-04,0.6968185779435848,0.042472145997157595,0.0,False,104
p06,2025-09-04,0.8365772274871354,0.10025065843789459,0.0,False,104
p07,2025-09-04,4.115199496952449,-0.040732800806581315,0.040732800806581315,False,104
p08,2025-09-04,1.2440587114119002,-0.0013336440342147631,0.0013336440342147631,False,104
p09,2025-09-04,7.6687536841818895,-0.08762726345735852,0.08762726345735852,False,104
p10,2025-09-04,5.572498707822094,0.038631716322642076,0.0,False,104
p01,2025-09-05,0.4045541452755155,0.06923425334839742,0.0,False,40
p02,2025-09-05,0.42915224875924923,0.18748429553642004,0.0,False,65
p03,2025-09-05,0.41804222902174426,0.07943847268342108,0.0,False,14
p04,2025-09-05,0.3814574425167229,-0.010664931750515418,0.010664931750515418,False,70
p05,2025-09-05,0.6778792131990344,-0.13308418341238296,0.13308418341238296,False,104
p06,2025-09-05,0.8106834888168635,-0.07943847268342108,0.07943847268342108,False,104
p07,2025-09-05,4.069480301756623,0.11004524994477483,0.0,False,104
p08,2025-09-05,1.2403684106284565,-0.3711980011743787,0.3711980011743787,False,4
p09,2025-09-05,7.574257990846079,0.241604621229146,0.0,False,104
p10,2025-09-05,5.521258210285565,-0.23562653842345277,0.23562653842345277,False,104
p01,2025-09-08,0.4077183963592758,-0.017315203480529742,0.017315203480529742,False,70
p02,2025-09-08,0.44257308927245387,-0.03626010863184812,0.03626010863184812,False,80
p03,2025-09-08,0.4101765290999593,-0.028759730121623972,0.028759730121623972,False,55
p04,2025-09-08,0.3812524064671082,-0.001508221175105684,0.001508221175105684,False,65
p05,2025-09-08,0.9235543807819346,0.026388957795757187,0.0,False,4
p06,2025-09-08,0.7356747105164239,0.028759730121623972,0.0,False,104
p07,2025-09-08,3.5538391139311902,-0.02450553751959557,0.02450553751959557,False,104
p08,2025-09-08,2.242692650620171,-0.08320304661837016,0.08320304661837016,False,4
p09,2025-09-08,6.557743169618809,-0.042692634981164934,0.042692634981164934,False,104
p10,2025-09-08,4.738893361361438,0.043566125864768955,0.0,False,104
p01,2025-09-09,0.40754484666741325,0.0026944225647080856,0.0,False,70
p02,2025-09-09,0.4400806816236388,-0.011578278454913875,0.011578278454913875,False,45
p03,2025-09-09,0.41104644866502316,-0.013568851802909329,0.013568851802909329,False,35
p04,2025-09-09,0.3819640195088361,0.021500671813912145,0.0,False,90
p05,2025-09-09,0.80512465824523,0.013914349773705552,0.0,False,4
p06,2025-09-09,0.7926852148000442,0.013568851802909329,0.0,False,104
p07,2025-09-09,7.038596152635978,-0.03763704815813775,0.03763704815813775,False,104
p08,2025-09-09,1.9968281701733748,-0.0155537840734888,0.0155537840734888,False,4
p09,2025-09-09,13.538370647430247,-0.050455898066934055,0.050455898066934055,False,104
p10,2025-09-09,9.503692027070512,0.020690304567899345,0.0,False,104
p01,2025-09-10,0.4065322551110903,0.11100087947448806,0.0,False,75
p02,2025-09-10,0.43903995125809453,-0.06590788456224142,0.06590788456224142,False,45
p03,2025-09-10,0.4113351193567313,0.010237494927597124,0.0,False,35
p04,2025-09-10,0.3833570563191058,0.005062782226325237,0.0,False,100
p05,2025-09-10,0.7815409745291573,0.03758574801095171,0.0,False,4
p06,2025-09-10,0.7919615159795756,-0.010237494927597124,0.010237494927597124,False,104
p07,2025-09-10,6.141801664501382,-0.3474771988002032,0.3474771988002032,False,104
p08,2025-09-10,1.911752816079033,0.1051834883999524,0.0,False,4
p09,2025-09-10,11.807528934634945,-0.6454465705068475,0.6454465705068475,False,104
p10,2025-09-10,8.381369719943997,-0.3236956088396594,0.3236956088396594,False,104
p01,2025-09-11,0.40405342611170736,0.03861351849541241,0.0,False,60
p02,2025-09-11,0.4492291926519393,0.0802640429471524,0.0,False,90
p03,2025-09-11,0.4126192684351554,-0.005622423428321732,0.005622423428321732,False,16
p04,2025-09-11,0.37567359427315294,0.024180703546191912,0.0,False,100
p05,2025-09-11,0.8874632871136836,-0.04553566769485493,0.04553566769485493,False,4
p06,2025-09-11,0.7991949045641311,0.005622423428321732,0.0,False,104
p07,2025-09-11,24.907658780788797,0.003975294054499548,0.0,False,100
p08,2025-09-11,2.3326025065588945,-0.10365587599809582,0.10365587599809582,False,4
p09,2025-09-11,49.33695744560234,0.01665677747236901,0.0,False,100
p10,2025-09-11,33.20897338171873,-0.040117051689196034,0.040117051689196034,False,100
p01,2025-09-12,0.4055121486388026,0.007735664314654051,0.0,False,35
p02,2025-09-12,0.4500174063274606,0.11724223224329976,0.0,False,35
p03,2025-09-12,0.41266760080693654,0.025784689970240686,0.0,False,15
p04,2025-09-12,0.37588813785221475,0.008969764741599051,0.0,False,30
p05,2025-09-12,0.7975375660560767,-0.07135144730010719,0.07135144730010719,False,4
p06,2025-09-12,0.7918390767427463,-0.025784689970240686,0.025784689970240686,False,104
p07,2025-09-12,22.593264284605702,0.11645037767345512,0.0,False,100
p08,2025-09-12,2.0182178760577707,0.20020130628676155,0.0,False,4
p09,2025-09-12,44.63257262891089,0.21724810927209212,0.0,False,100
p10,2025-09-12,30.096113232493064,0.1627071901573574,0.0,False,100
p01,2025-09-15,0.403354991727322,0.20415018812723076,0.0,False,35
p02,2025-09-15,0.45619365930002087,-0.0449541673274942,0.0449541673274942,False,80
p03,2025-09-15,0.40953013231295415,-0.015302277193017123,0.015302277193017123,False,24
p04,2025-09-15,0.3723609660619495,-0.026572019616846757,0.026572019616846757,False,50
p05,2025-09-15,0.8197981371432745,0.03500560318873934,0.0,False,4
p06,2025-09-15,0.7642114638107823,0.015302277193017123,0.0,False,100
p07,2025-09-15,32.6330882390725,-0.5613781071470433,0.5613781071470433,False,104
p08,2025-09-15,1.9784342140385716,0.02459038772141465,0.0,False,4
p09,2025-09-15,64.57568285450064,-1.0373331090927587,1.0373331090927587,False,104
p10,2025-09-15,43.51667566612699,-0.6882742731846041,0.6882742731846041,False,104
p01,2025-09-16,0.40124341034458144,0.03847647306716488,0.0,False,55
p02,2025-09-16,0.4563063320752746,0.01809676389991624,0.0,False,40
p03,2025-09-16,0.41203874652785627,0.07097299585443573,0.0,False,29
p04,2025-09-16,0.37859776123281147,-0.00699309485951255,0.00699309485951255,False,0
p05,2025-09-16,0.789728251803934,-0.04513115401830886,0.04513115401830886,False,104
p06,2025-09-16,0.794995665072922,-0.07097299585443573,0.07097299585443573,False,100
p07,2025-09-16,9.22632082344132,0.0013410320153714218,0.0,False,104
p08,2025-09-16,1.7211899430432,-0.040388595394874556,0.040388595394874556,False,4
p09,2025-09-16,17.84833570728269,0.08539747436859915,0.0,False,104
p10,2025-09-16,12.405147620475734,-0.06019193973516364,0.06019193973516364,False,104
p01,2025-09-17,0.40113569432380236,0.3229817454672584,0.0,False,100
p02,2025-09-17,0.43951603465168143,0.040313106765997996,0.0,False,45
p03,2025-09-17,0.41441816488580496,-0.03828080249590547,0.03828080249590547,False,104
p04,2025-09-17,0.3811240284433458,0.0048871391309832975,0.0,False,0
p05,2025-09-17,0.8223407861344673,-0.010141003399305874,0.010141003399305874,False,4
p06,2025-09-17,0.7691270539561936,0.03828080249590547,0.0,False,0
p07,2025-09-17,8.456298895014633,-0.7937969237734434,0.7937969237734434,False,104
p08,2025-09-17,1.959237609874921,0.03743725774192508,0.0,False,4
p09,2025-09-17,16.48887058219285,-1.6016414696486594,1.6016414696486594,False,104
p10,2025-09-17,11.31788602157191,-1.078645769424986,1.078645769424986,False,104
p01,2025-09-18,0.40031325078111324,0.009184338838624401,0.0,False,100
p02,2025-09-18,0.44372886009530843,-0.04414886865388116,0.04414886865388116,False,90
p03,2025-09-18,0.40423254915331835,0.045836388985270246,0.0,False,29
p04,2025-09-18,0.3761413963117877,0.020108750428856972,0.0,False,0
p05,2025-09-18,0.8225219606946115,-0.0014323781810017568,0.0014323781810017568,False,4
p06,2025-09-18,0.7187796672199133,-0.045836388985270246,0.045836388985270246,False,100
p07,2025-09-18,17.3809472155294,-0.003711469900103251,0.003711469900103251,False,4
p08,2025-09-18,1.899652549872846,-0.04295205122825249,0.04295205122825249,False,4
p09,2025-09-18,34.1720012690627,-0.032378536533031896,0.032378536533031896,False,4
p10,2025-09-18,23.443254947583057,0.0010857577361637408,0.0,False,4
p01,2025-09-19,0.39461393893694807,0.010740463839086674,0.0,False,80
p02,2025-09-19,0.449073622418313,-0.031182012229454503,0.031182012229454503,False,100
p03,2025-09-19,0.41261766988813425,0.01881898978128349,0.0,False,0
p04,2025-09-19,0.3894919962700445,0.022308662768983765,0.0,False,0
p05,2025-09-19,0.8401742567818931,0.007674649293521324,0.0,False,4
p06,2025-09-19,0.7847040676617709,-0.01881898978128349,0.01881898978128349,False,104
p07,2025-09-19,16.10362425913487,-0.03148640210564957,0.03148640210564957,False,4
p08,2025-09-19,1.9497384293839817,0.06579613736500371,0.0,False,4
p09,2025-09-19,31.605088421168027,-0.0772999400268554,0.0772999400268554,False,4
p10,2025-09-19,21.761843364432877,-0.005514909787565615,0.005514909787565615,False,4
p01,2025-09-22,0.38723573688021096,0.034810843771461104,0.0,False,65
p02,2025-09-22,0.4601183474150369,0.011962053374349257,0.0,False,100
p03,2025-09-22,0.42038960241995965,0.013556196268716672,0.0,False,0
p04,2025-09-22,0.39601347835774237,-0.011908954840515042,0.011908954840515042,False,0
p05,2025-09-22,0.8488722237393503,-0.008677000662898988,0.008677000662898988,False,4
p06,2025-09-22,0.8001480694376063,-0.013556196268716672,0.013556196268716672,False,104
p07,2025-09-22,15.182817793360037,-0.024178294734323293,0.024178294734323293,False,4
p08,2025-09-22,2.0798401622910347,-0.057644138631310765,0.057644138631310765,False,4
p09,2025-09-22,29.73611585146339,-0.02396171011597846,0.02396171011597846,False,4
p10,2025-09-22,20.54523963819846,-0.02085376571024098,0.02085376571024098,False,4
p01,2025-09-23,0.3864480038281303,-0.00899789942132855,0.00899789942132855,False,55
p02,2025-09-23,0.4568638645497466,-0.03355995935958738,0.03355995935958738,False,100
p03,2025-09-23,0.4223886297694759,-0.01107168147480312,0.01107168147480312,False,0
p04,2025-09-23,0.3927406694235547,-0.010799498083443748,0.010799498083443748,False,0
p05,2025-09-23,0.8136501311062864,0.02293959656978755,0.0,False,4
p06,2025-09-23,0.806341689980655,0.01107168147480312,0.0,False,104
p07,2025-09-23,14.598357912699043,-0.01486904604078721,0.01486904604078721,False,4
p08,2025-09-23,1.9387345491417798,0.030091332064367208,0.0,False,4
p09,2025-09-23,28.573809849991964,-0.03466705845250749,0.03466705845250749,False,4
p10,2025-09-23,19.713117645482203,0.002663406870973068,0.0,False,4
p01,2025-09-24,0.38676969929461275,0.02389249853594329,0.0,False,55
p02,2025-09-24,0.4515335638320114,0.028586872464757163,0.0,False,100
p03,2025-09-24,0.4243475749171078,0.010814962716121545,0.0,False,0
p04,2025-09-24,0.39510690827857475,-0.026422020855776985,0.026422020855776985,False,0
p05,2025-09-24,0.7559019212362104,-0.0252835600260162,0.0252835600260162,False,4
p06,2025-09-24,0.8104710689975893,-0.010814962716121545,0.010814962716121545,False,104
p07,2025-09-24,13.020566151184806,-0.009950235096817292,0.009950235096817292,False,4
p08,2025-09-24,1.7556080679543533,-0.08365973468239754,0.08365973468239754,False,4
p09,2025-09-24,25.461290734360094,-0.034081937499258703,0.034081937499258703,False,4
p10,2025-09-24,17.57197912547202,-0.09954680318194203,0.09954680318194203,False,4
p01,2025-09-25,0.38625302651145665,-0.019188881348858166,0.019188881348858166,False,55
p02,2025-09-25,0.4464126325722766,0.00601031075133104,0.0,False,100
p03,2025-09-25,0.4236752909788731,-0.01377346309568819,0.01377346309568819,False,0
p04,2025-09-25,0.39216824758012375,-0.017006537316716884,0.017006537316716884,False,0
p05,2025-09-25,0.7049189832212619,0.014979966139247724,0.0,False,4
p06,2025-09-25,0.8084192549059864,0.01377346309568819,0.0,False,104
p07,2025-09-25,11.061364506517299,0.004307471349472975,0.0,False,4
p08,2025-09-25,1.57474658002204,-0.05460157147384383,0.05460157147384383,False,4
p09,2025-09-25,21.55415988547824,0.04972102171690396,0.0,False,4
p10,2025-09-25,14.879596351281647,0.014908782844943463,0.0,False,4
p01,2025-09-26,0.39770582044192565,-0.020034819172043045,0.020034819172043045,False,100
p02,2025-09-26,0.4423734721809858,-0.026301430060139654,0.026301430060139654,False,100
p03,2025-09-26,0.4183303658400448,-0.015527574691538794,0.015527574691538794,False,0
p04,2025-09-26,0.3846535255847773,0.0022230291183686244,0.0,False,0
p05,2025-09-26,0.7146938538192744,0.017869354873954215,0.0,False,4
p06,2025-09-26,0.7788090329171086,0.015527574691538794,0.0,False,104
p07,2025-09-26,9.898857970934658,0.012408099404085219,0.0,False,4
p08,2025-09-26,1.4577211425605738,0.08835962269069411,0.0,False,4
p09,2025-09-26,19.240447773465167,0.01020452729992186,0.0,False,4
p10,2025-09-26,13.290008126814215,0.058767959435107,0.0,False,4
p01,2025-09-29,0.4007206491509089,0.0006593654078426304,0.0,False,100
p02,2025-09-29,0.4503189331889223,-0.004282760548397003,0.004282760548397003,False,100
p03,2025-09-29,0.40058556977270876,-0.018080365324213723,0.018080365324213723,False,5
p04,2025-09-29,0.38837767598321593,-0.029721696432718183,0.029721696432718183,False,0
p05,2025-09-29,0.7416992062690824,0.023272586780326465,0.0,False,4
p06,2025-09-29,0.7304879825193996,0.018080365324213723,0.0,False,104
p07,2025-09-29,12.04528544826247,-0.027115348305394797,0.027115348305394797,False,4
p08,2025-09-29,1.6085678153138372,-0.018307142638008863,0.018307142638008863,False,4
p09,2025-09-29,23.48944112747487,0.010521708984187663,0.0,False,4
p10,2025-09-29,16.16634356846445,-0.020863989856588758,0.020863989856588758,False,4
p01,2025-09-30,0.3917618479217862,0.025165895704099203,0.0,False,100
p02,2025-09-30,0.4467771411611835,0.025480029026247977,0.0,False,100
p03,2025-09-30,0.407274398042666,0.022451650432853874,0.0,False,5
p04,2025-09-30,0.40008460126699413,-0.025352649777211925,0.025352649777211925,False,0
p05,2025-09-30,0.733209803456758,-0.028624804089633415,0.028624804089633415,False,4
p06,2025-09-30,0.7629680490448805,-0.022451650432853874,0.022451650432853874,False,104
p07,2025-09-30,10.255862795732863,0.009237489265880302,0.0,False,4
p08,2025-09-30,1.6360150693765372,-0.08191696745512222,0.08191696745512222,False,4
p09,2025-09-30,19.908021857752374,0.05234199059575845,0.0,False,4
p10,2025-09-30,13.820692288743814,-0.05331778154729765,0.05331778154729765,False,4
p01,2025-10-01,0.3957109844564722,0.010560826047285365,0.0,False,100
p02,2025-10-01,0.4470860437766236,0.01454969169572188,0.0,False,100
p03,2025-10-01,0.4029321045868811,-0.03026327613684311,0.03026327613684311,False,10
p04,2025-10-01,0.4022129026336557,0.05268706970809822,0.0,False,0
p05,2025-10-01,0.7483764347557993,0.009248815049536386,0.0,False,4
p06,2025-10-01,0.7434635688621982,0.03026327613684311,0.0,False,104
p07,2025-10-01,9.029678781700285,-0.02471494071622124,0.02471494071622124,False,4
p08,2025-10-01,1.686434189777705,-0.042343367526099775,0.042343367526099775,False,4
p09,2025-10-01,17.411255773808715,-0.05769770007485364,0.05769770007485364,False,4
p10,2025-10-01,12.188424956258004,-0.02630766665314236,0.02630766665314236,False,4
p01,2025-10-02,0.395701621529533,0.028263645268858207,0.0,False,100
p02,2025-10-02,0.45034967885349136,0.008166027819206337,0.0,False,100
p03,2025-10-02,0.4003693626209312,0.0226587248873538,0.0,False,0
p04,2025-10-02,0.39902148582240443,0.0027842896312206926,0.0,False,0
p05,2025-10-02,0.7358221666128378,-0.012967794277162466,0.012967794277162466,False,4
p06,2025-10-02,0.7344134919438123,-0.0226587248873538,0.0226587248873538,False,104
p07,2025-10-02,8.100512740683584,-0.023699418872557533,0.023699418872557533,False,4
p08,2025-10-02,1.673779859273238,-0.005620424905902763,0.005620424905902763,False,4
p09,2025-10-02,15.563370957384263,-0.02946331275811176,0.02946331275811176,False,4
p10,2025-10-02,10.93970343605058,-0.04101067105544027,0.04101067105544027,False,4
p01,2025-10-03,0.3954997877777154,0.009244765590846162,0.0,False,100
p02,2025-10-03,0.44860274753282586,-0.006974485659857574,0.006974485659857574,False,100
p03,2025-10-03,0.3941491916575971,-0.008375235420446847,0.008375235420446847,False,5
p04,2025-10-03,0.3952845411069375,0.0233471403696356,0.0,False,0
p05,2025-10-03,0.7321581042012077,0.011082897789361347,0.0,False,4
p06,2025-10-03,0.7196515247539433,0.008375235420446847,0.0,False,104
p07,2025-10-03,7.624041517285031,-0.03977090151497045,0.03977090151497045,False,4
p08,2025-10-03,1.6516740958079028,0.0396542499642915,0.0,False,4
p09,2025-10-03,14.61356486434181,-0.04531273222637302,0.04531273222637302,False,4
p10,2025-10-03,10.29630463332475,0.032926366654435796,0.0,False,4
p01,2025-10-06,0.39264058739220986,0.0327278949547031,0.0,False,100
p02,2025-10-06,0.4472595349413182,0.013711566868834835,0.0,False,100
p03,2025-10-06,0.3935723850478985,0.009968761902969237,0.0,False,1
p04,2025-10-06,0.39154943910745527,0.12255144899302765,0.0,False,0
p05,2025-10-06,0.7197621609345888,-0.030926024367064514,0.030926024367064514,False,4
p06,2025-10-06,0.7116163959464485,-0.009968761902969237,0.009968761902969237,False,100
p07,2025-10-06,7.278390829565582,-0.005999611096436014,0.005999611096436014,False,4
p08,2025-10-06,1.6319716171288035,-0.11366683427888408,0.11366683427888408,False,4
p09,2025-10-06,13.92418583229398,-0.09415736147494295,0.09415736147494295,False,4
p10,2025-10-06,9.826500190981605,-0.04936090138699541,0.04936090138699541,False,4
p01,2025-10-07,0.3734981919316009,0.024513846965158924,0.0,False,80
p02,2025-10-07,0.44035821116867535,0.11965344129515529,0.0,False,104
p03,2025-10-07,0.40111740255069595,0.00294616796855947,0.0,False,4
p04,2025-10-07,0.41089240999337,-0.03834082731000345,0.03834082731000345,False,1
p05,2025-10-07,0.6844916599712092,-0.05974919290361518,0.05974919290361518,False,4
p06,2025-10-07,0.7308503137468828,-0.00294616796855947,0.00294616796855947,False,100
p07,2025-10-07,7.367820664929131,0.036998534477122855,0.0,False,4
p08,2025-10-07,1.4927733135559156,-0.017164059981830126,0.017164059981830126,False,0
p09,2025-10-07,14.009581959893112,0.13236358419221003,0.0,False,4
p10,2025-10-07,9.883766337602058,-0.0885615237692807,0.0885615237692807,False,4
p01,2025-10-08,0.3754227083071286,0.016726792327091452,0.0,False,85
p02,2025-10-08,0.43533826336900355,0.044172216594072417,0.0,False,39
p03,2025-10-08,0.3965840979449135,0.020473780597054715,0.0,False,0
p04,2025-10-08,0.40857968699535296,0.01184224880015664,0.0,False,0
p05,2025-10-08,0.7117550551887101,-0.03988969515141369,0.03988969515141369,False,100
p06,2025-10-08,0.7319256257143776,-0.020473780597054715,0.020473780597054715,False,100
p07,2025-10-08,7.051908997473776,0.045351539767769,0.0,False,4
p08,2025-10-08,1.471626402185886,-0.015519109259789377,0.015519109259789377,False,4
p09,2025-10-08,13.629621425658025,0.019360717280648605,0.0,False,4
p10,2025-10-08,9.500818604365639,-0.02403075056760293,0.02403075056760293,False,4
p01,2025-10-09,0.3723732287688718,0.0038175201869561446,0.0,False,55
p02,2025-10-09,0.4363445218700479,-0.02740824764599063,0.02740824764599063,False,19
p03,2025-10-09,0.40657370649893226,0.017786353567681705,0.0,False,0
p04,2025-10-09,0.4111919082752952,-0.0032889641712794426,0.0032889641712794426,False,0
p05,2025-10-09,0.7557922490375654,0.013692304536381514,0.0,False,100
p06,2025-10-09,0.765044543417137,-0.017786353567681705,0.017786353567681705,False,104
p07,2025-10-09,6.934156571656133,-0.027450319066188906,0.027450319066188906,False,4
p08,2025-10-09,1.4624176666237931,-0.016750117719395857,0.016750117719395857,False,4
p09,2025-10-09,13.235764572058129,-0.014295130528081339,0.014295130528081339,False,4
p10,2025-10-09,9.22934212500116,-0.008312807015910847,0.008312807015910847,False,4
p01,2025-10-10,0.37161802153818346,-0.05626432128952819,0.05626432128952819,False,65
p02,2025-10-10,0.41692791608524793,-0.09640534163680115,0.09640534163680115,False,19
p03,2025-10-10,0.4078792305204513,-0.041741247432686576,0.041741247432686576,False,4
p04,2025-10-10,0.40632901666794824,-0.017734803462890046,0.017734803462890046,False,0
p05,2025-10-10,0.7145535854215939,0.07927988105659517,0.0,False,104
p06,2025-10-10,0.7741585225800235,0.041741247432686576,0.0,False,100
p07,2025-10-10,6.62388949444439,-0.04283051744739874,0.04283051744739874,False,4
p08,2025-10-10,1.4344048792980146,0.028608016950766438,0.0,False,4
p09,2025-10-10,12.621518508726089,-0.03041853811038859,0.03041853811038859,False,4
p10,2025-10-10,8.804605573468036,0.13548476497362408,0.0,False,4
p01,2025-10-13,0.4109921237064001,0.05083071269797086,0.0,False,100
p02,2025-10-13,0.4424595981000541,0.07676423099217966,0.0,False,80
p03,2025-10-13,0.4025245800823004,-0.0023295133634787532,0.0023295133634787532,False,20
p04,2025-10-13,0.3939387081676455,0.010422122670129923,0.0,False,0
p05,2025-10-13,0.8449662950674486,-0.04011328090650491,0.04011328090650491,False,4
p06,2025-10-13,0.7412238055547937,0.0023295133634787532,0.0,False,104
p07,2025-10-13,6.615613548727602,-0.003929140293718936,0.003929140293718936,False,4
p08,2025-10-13,1.9650351512334066,-0.21812822709094087,0.21812822709094087,False,4
p09,2025-10-13,12.612917973866612,-0.0016344805812885804,0.0016344805812885804,False,4
p10,2025-10-13,9.124042665229393,-0.08404312511661877,0.08404312511661877,False,4
p01,2025-10-14,0.41791473881195323,0.023504760258704013,0.0,False,100
p02,2025-10-14,0.44146295311022354,-0.028513189089290847,0.028513189089290847,False,85
p03,2025-10-14,0.39941696605535,-0.001799443143433688,0.001799443143433688,False,35
p04,2025-10-14,0.3898924968010924,0.047320965010811,0.0,False,0
p05,2025-10-14,0.9752879243481819,0.0009388362913953924,0.0,False,4
p06,2025-10-14,0.7280210539885165,0.001799443143433688,0.0,False,104
p07,2025-10-14,6.410995362849329,-0.04692424951232131,0.04692424951232131,False,0
p08,2025-10-14,2.521084976509042,-0.004436056543387792,0.004436056543387792,False,4
p09,2025-10-14,12.102831376673983,-0.1452440317823827,0.1452440317823827,False,4
p10,2025-10-14,8.955308054683526,-0.0008862045646127833,0.0008862045646127833,False,4
p01,2025-10-15,0.41395992294703204,-0.026235926184625776,0.026235926184625776,False,100
p02,2025-10-15,0.44468830282714156,-0.05877017810415652,0.05877017810415652,False,95
p03,2025-10-15,0.3985574479843551,-0.005567376491352128,0.005567376491352128,False,25
p04,2025-10-15,0.4010833348056442,-0.03815814204373328,0.03815814204373328,False,0
p05,2025-10-15,0.9287283706627609,0.04355977261778377,0.0,False,4
p06,2025-10-15,0.7264394100145635,0.005567376491352128,0.0,False,104
p07,2025-10-15,6.212064448383341,-0.024343111639010123,0.024343111639010123,False,0
p08,2025-10-15,2.3722324729858535,0.17058496981805982,0.0,False,4
p09,2025-10-15,11.76301602108967,0.0019085696807452993,0.0,False,4
p10,2025-10-15,8.653462106681163,0.04310798063328361,0.0,False,4
p01,2025-10-16,0.39228870025668694,-0.05913893982664067,0.05913893982664067,False,65
p02,2025-10-16,0.436109773628043,-0.056064820608047794,0.056064820608047794,False,45
p03,2025-10-16,0.4010731541404328,-0.02524762546076176,0.02524762546076176,False,0
p04,2025-10-16,0.43090653674558,-0.0838049713076927,0.0838049713076927,False,0
p05,2025-10-16,0.8012679191325852,0.05991068023519343,0.0,False,104
p06,2025-10-16,0.7258224212138166,0.02524762546076176,0.0,False,104
p07,2025-10-16,4.53780986097839,0.001414426494624338,0.0,False,4
p08,2025-10-16,1.8020594560983116,-0.04870177929586768,0.04870177929586768,False,104
p09,2025-10-16,8.46175371770982,0.06654590726304435,0.0,False,4
p10,2025-10-16,6.190644280081115,0.05459212762396119,0.0,False,4
p01,2025-10-17,0.4440159444138196,-0.03979099635651679,0.03979099635651679,False,0
p02,2025-10-17,0.48621673630074247,-0.006834346396576943,0.006834346396576943,False,0
p03,2025-10-17,0.4239633786815829,0.010965135051454744,0.0,False,0
p04,2025-10-17,0.47051381104259254,-0.03068147690928499,0.03068147690928499,False,0
p05,2025-10-17,0.9324454283129651,0.007941178179059021,0.0,False,104
p06,2025-10-17,0.7830881126826854,-0.010965135051454744,0.010965135051454744,False,104
p07,2025-10-17,10.97211808648887,0.06413582528785514,0.0,False,104
p08,2025-10-17,1.7206644175223267,-0.09074615640670146,0.09074615640670146,False,104
p09,2025-10-17,21.788551059695685,0.15901479020102385,0.0,False,104
p10,2025-10-17,5.46208874109151,0.04586924286932398,0.0,False,4
p01,2025-10-20,0.46285479849602473,0.018459285403425604,0.0,False,0
p02,2025-10-20,0.4850037075600544,0.048200216665978096,0.0,False,0
p03,2025-10-20,0.41705959212879357,-0.003629285637618508,0.003629285637618508,False,0
p04,2025-10-20,0.47649326420022936,0.04270693855197118,0.0,False,0
p05,2025-10-20,0.9045702758915647,-0.03119230714831192,0.03119230714831192,False,104
p06,2025-10-20,0.7546896762772847,0.003629285637618508,0.0,False,104
p07,2025-10-20,11.178994261560526,0.01451821113386452,0.0,False,104
p08,2025-10-20,1.6236125738011775,-0.0860886580320734,0.0860886580320734,False,104
p09,2025-10-20,22.195622576289466,0.010175887397214284,0.0,False,104
p10,2025-10-20,5.055780750724016,-0.03637826001077796,0.03637826001077796,False,4
p01,2025-10-21,0.4619682832248261,-0.04397657340439205,0.04397657340439205,False,0
p02,2025-10-21,0.4849846540772073,-0.06971656425276462,0.06971656425276462,False,0
p03,2025-10-21,0.41544402980982637,-0.03147845055371756,0.03147845055371756,False,0
p04,2025-10-21,0.483059424443285,-0.037698376217757505,0.037698376217757505,False,0
p05,2025-10-21,0.9800946571961044,0.0523335014055077,0.0,False,104
p06,2025-10-21,0.7477436094884089,0.03147845055371756,0.0,False,104
p07,2025-10-21,9.922114108524166,-0.014888662985313996,0.014888662985313996,False,104
p08,2025-10-21,1.8748663623315545,0.05044270496334616,0.0,False,104
p09,2025-10-21,19.69813773025088,-0.005658199256745426,0.005658199256745426,False,104
p10,2025-10-21,4.8883295591110505,0.08674490249599145,0.0,False,4
p01,2025-10-22,0.4407945015986492,-0.020224033686682075,0.020224033686682075,False,0
p02,2025-10-22,0.467206030982156,-0.013245947709888007,0.013245947709888007,False,0
p03,2025-10-22,0.40308567640081183,-0.023874571458247555,0.023874571458247555,False,0
p04,2025-10-22,0.4639641943317385,-0.041966654583892565,0.041966654583892565,False,0
p05,2025-10-22,0.7979872280368095,0.02869038407754023,0.0,False,104
p06,2025-10-22,0.6985548804181471,0.023874571458247555,0.0,False,104
p07,2025-10-22,9.290714219656415,-0.021092536892614425,0.021092536892614425,False,104
p08,2025-10-22,1.830196779327181,0.0011652031468664275,0.0,False,4
p09,2025-10-22,18.340318459018512,-0.007564306568026008,0.007564306568026008,False,104
p10,2025-10-22,5.431013824929461,-0.008599121419998985,0.008599121419998985,False,4
p01,2025-10-23,0.43017666123631787,0.027405504657221483,0.0,False,0
p02,2025-10-23,0.45420290156717735,0.05797674185496858,0.0,False,0
p03,2025-10-23,0.4001964061033348,0.012670047903081861,0.0,False,80
p04,2025-10-23,0.4526164682500416,-0.012659139833070543,0.012659139833070543,False,0
p05,2025-10-23,0.7562877900747518,-0.04191132201943855,0.04191132201943855,False,104
p06,2025-10-23,0.694057175684021,-0.012670047903081861,0.012670047903081861,False,4
p07,2025-10-23,8.96915778153897,0.03219272773609416,0.0,False,104
p08,2025-10-23,1.7960859623188576,-0.0837048310226511,0.0837048310226511,False,4
p09,2025-10-23,17.65612978614804,0.06265704166957947,0.0,False,104
p10,2025-10-23,5.54354869934127,-0.09494644001203886,0.09494644001203886,False,4
p01,2025-10-24,0.4300871793026523,-0.005411615495070869,0.005411615495070869,False,0
p02,2025-10-24,0.4548140172959422,-0.022247005091217194,0.022247005091217194,False,0
p03,2025-10-24,0.4006947054295101,-0.013476610107421273,0.013476610107421273,False,70
p04,2025-10-24,0.44941984401688106,0.006399772011681804,0.0,False,0
p05,2025-10-24,0.7693387459085752,0.008362055078955682,0.0,False,104
p06,2025-10-24,0.6988208057490455,0.013476610107421273,0.0,False,4
p07,2025-10-24,8.22435442140166,0.0039118101679421965,0.0,False,104
p08,2025-10-24,1.8163545170428272,-0.07784053671074605,0.07784053671074605,False,4
p09,2025-10-24,16.165689802238333,-0.023516140104903722,0.023516140104903722,False,104
p10,2025-10-24,5.452501002656894,0.004575011536774134,0.0,False,4
p01,2025-10-27,0.42770641786118485,0.005509496199242734,0.0,False,0
p02,2025-10-27,0.4539243093480324,0.03255633559649034,0.0,False,0
p03,2025-10-27,0.4002706431492532,-0.010408012169872726,0.010408012169872726,False,60
p04,2025-10-27,0.44464760368779993,0.02070700538709581,0.0,False,0
p05,2025-10-27,0.7556856324095848,-0.0162406545586454,0.0162406545586454,False,104
p06,2025-10-27,0.6939320761998523,0.010408012169872726,0.0,False,4
p07,2025-10-27,7.537040512405479,0.025278821599280032,0.0,False,104
p08,2025-10-27,1.822121659740068,-0.09655095369029824,0.09655095369029824,False,4
p09,2025-10-27,14.781207959281643,0.0182444277905699,0.0,False,104
p10,2025-10-27,5.546561305912089,0.005613973940089546,0.0,False,4
p01,2025-10-28,0.4204267086149624,-0.021171725398253446,0.021171725398253446,False,0
p02,2025-10-28,0.43766772390044895,-0.07590726671313613,0.07590726671313613,False,30
p03,2025-10-28,0.40100794954523444,-0.004112856508056418,0.004112856508056418,False,0
p04,2025-10-28,0.42610827791130407,-0.009875915734336514,0.009875915734336514,False,0
p05,2025-10-28,0.7339488639965733,0.04987066956939299,0.0,False,4
p06,2025-10-28,0.6889667052646309,0.004112856508056418,0.0,False,4
p07,2025-10-28,6.751403323154731,-0.054104194014071044,0.054104194014071044,False,104
p08,2025-10-28,1.8696946322272947,0.060191023557044074,0.0,False,4
p09,2025-10-28,13.179985900076371,-0.07317130473527587,0.07317130473527587,False,104
p10,2025-10-28,5.053483221283152,0.0626062614213956,0.0,False,4
p01,2025-10-29,0.4271240351861903,0.05761380282277527,0.0,False,0
p02,2025-10-29,0.46067058273981315,-0.04821518674745263,0.04821518674745263,False,0
p03,2025-10-29,0.40139944506911246,0.404605225074324,0.0,False,0
p04,2025-10-29,0.42819924106991764,-0.022158531253225013,0.022158531253225013,False,0
p05,2025-10-29,0.8076401983809969,-0.17131463163193109,0.17131463163193109,False,104
p06,2025-10-29,0.6928342371693601,-0.404605225074324,0.404605225074324,False,4
p07,2025-10-29,5.725801502591348,0.19211965160120323,0.0,False,104
p08,2025-10-29,1.5777414184475496,-0.021568907434678188,0.021568907434678188,False,4
p09,2025-10-29,11.140218165247255,0.41852203676598715,0.0,False,104
p10,2025-10-29,4.745207585074486,-0.24556423711115644,0.24556423711115644,False,4
p01,2025-10-30,0.43024817775189667,0.04713175750240117,0.0,False,0
p02,2025-10-30,0.46274578795729704,-0.07333627054186534,0.07333627054186534,False,0
p03,2025-10-30,0.4282705745040538,0.3495009486179342,0.0,False,19
p04,2025-10-30,0.4269109290025421,-0.02432812319504898,0.02432812319504898,False,0
p05,2025-10-30,0.8951064471650416,0.07128980046851652,0.0,False,100
p06,2025-10-30,1.201436365189709,-0.3495009486179342,0.3495009486179342,False,100
p07,2025-10-30,5.335638488403726,-0.2709683357693196,0.2709683357693196,False,104
p08,2025-10-30,1.5442785299217212,-0.013541120091275378,0.013541120091275378,False,4
p09,2025-10-30,10.34523466649723,0.3068757598213722,0.0,False,104
p10,2025-10-30,4.758398022896577,-0.16559907797432352,0.16559907797432352,False,4
p01,2025-10-31,0.4250377658607237,0.009791861858079598,0.0,False,15
p02,2025-10-31,0.4761903539054387,0.029840496253091455,0.0,False,100
p03,2025-10-31,0.4614852336953232,-0.030960101679441396,0.030960101679441396,False,38
p04,2025-10-31,0.4126564858020229,0.018864301349534308,0.0,False,0
p05,2025-10-31,0.9075378055483645,-0.023261781466713052,0.023261781466713052,False,4
p06,2025-10-31,3.268812814110837,0.030960101679441396,0.0,False,100
p07,2025-10-31,5.570800419552701,0.0349753528551416,0.0,False,104
p08,2025-10-31,1.6415997081631253,-0.1467732327024878,0.1467732327024878,False,4
p09,2025-10-31,9.140319071789413,-0.03456128668543439,0.03456128668543439,False,104
p10,2025-10-31,4.824085611406763,-0.012765840891881718,0.012765840891881718,False,4
p01,2025-11-03,0.4307908726695805,-0.0182653552641694,0.0182653552641694,False,0
p02,2025-11-03,0.45802187286105,-0.06891912373412594,0.06891912373412594,False,80
p03,2025-11-03,0.46377348923804174,-0.03204252954314635,0.03204252954314635,False,23
p04,2025-11-03,0.4248821895567436,-0.024125833565235965,0.024125833565235965,False,0
p05,2025-11-03,0.8805371600128333,0.03318017544477593,0.0,False,0
p06,2025-11-03,2.1050002236068215,0.03204252954314635,0.0,False,100
p07,2025-11-03,5.173231047011285,-0.029914896039396722,0.029914896039396722,False,104
p08,2025-11-03,1.8991020513935228,0.1102870066827985,0.0,False,104
p09,2025-11-03,9.456538560974495,-0.12279821562739979,0.12279821562739979,False,104
p10,2025-11-03,4.68675345210178,0.04568234982663816,0.0,False,4
p01,2025-11-04,0.41989726019601026,-0.051012231099967185,0.051012231099967185,False,25
p02,2025-11-04,0.46279169215052535,-0.06760130716980976,0.06760130716980976,False,100
p03,2025-11-04,0.46127408504828893,-0.053006386879605245,0.053006386879605245,False,58
p04,2025-11-04,0.4125296491527437,-0.08225976811725749,0.08225976811725749,False,0
p05,2025-11-04,0.9748583908717617,0.05393161209566331,0.0,False,4
p06,2025-11-04,1.6882736461266503,0.053006386879605245,0.0,False,100
p07,2025-11-04,5.601855452529784,-0.0020537594233328293,0.0020537594233328293,False,104
p08,2025-11-04,1.8385277977138754,-0.033727943701728005,0.033727943701728005,False,4
p09,2025-11-04,10.438482143445581,0.03210541249696829,0.0,False,104
p10,2025-11-04,4.276302519761089,0.05891604763514377,0.0,False,4
p01,2025-11-05,0.430475993378319,0.02324600843390371,0.0,False,80
p02,2025-11-05,0.4840227751069431,0.0017733713224784477,0.0,False,100
p03,2025-11-05,0.48122501649481647,-0.006263202069426158,0.006263202069426158,False,100
p04,2025-11-05,0.4081848709682655,0.01893726322874612,0.0,False,70
p05,2025-11-05,1.0008801359163084,-0.000670726458257085,0.000670726458257085,False,4
p06,2025-11-05,1.5408098126067153,0.006263202069426158,0.0,False,0
p07,2025-11-05,5.211597548445495,-0.04025249589652148,0.04025249589652148,False,104
p08,2025-11-05,1.7472632390565073,0.04008828850355062,0.0,False,4
p09,2025-11-05,9.576097820978045,-0.0698698514903447,0.0698698514903447,False,104
p10,2025-11-05,4.715021629504201,-0.027160646829082924,0.027160646829082924,False,4
p01,2025-11-06,0.4279316973487848,-0.04411068333403601,0.04411068333403601,False,70
p02,2025-11-06,0.47977757625364736,0.008287027671554016,0.0,False,100
p03,2025-11-06,0.4784880717729586,-0.02166908839538946,0.02166908839538946,False,100
p04,2025-11-06,0.40516191974812005,-0.023979751202887156,0.023979751202887156,False,50
p05,2025-11-06,0.978133327180793,0.03739229349865332,0.0,False,4
p06,2025-11-06,1.555551361941903,0.02166908839538946,0.0,False,0
p07,2025-11-06,5.0676915741841615,0.016276107317855254,0.0,False,104
p08,2025-11-06,1.6917616733252538,-0.026531588127208905,0.026531588127208905,False,4
p09,2025-11-06,9.281800033705993,0.16109022897662045,0.0,False,104
p10,2025-11-06,4.624276613939705,0.07472334534977879,0.0,False,4
p01,2025-11-07,0.43774307075632857,-0.01857273952826355,0.01857273952826355,False,10
p02,2025-11-07,0.48076515750935944,-0.017410868252787003,0.017410868252787003,False,100
p03,2025-11-07,0.4759974594385013,0.009990895078766326,0.0,False,90
p04,2025-11-07,0.40715813586777266,-0.018119181748715206,0.018119181748715206,False,0
p05,2025-11-07,0.9604305679091021,0.017273167756679586,0.0,False,4
p06,2025-11-07,1.420743882573223,-0.009990895078766326,0.009990895078766326,False,100
p07,2025-11-07,4.810261509555132,0.015572243946369602,0.0,False,104
p08,2025-11-07,1.6624955469782874,-0.023850979483290072,0.023850979483290072,False,4
p09,2025-11-07,9.043429118986388,0.07104554755552826,0.0,False,104
p10,2025-11-07,4.4534159899733226,0.020506597780296006,0.0,False,4
p01,2025-11-10,0.4349314115632401,-0.009009308954812292,0.009009308954812292,False,15
p02,2025-11-10,0.467844783751934,0.045271407259087196,0.0,False,100
p03,2025-11-10,0.47725078321772574,0.041091516492109015,0.0,False,90
p04,2025-11-10,0.4096133945173775,-0.028763980548084857,0.028763980548084857,False,0
p05,2025-11-10,0.9486215497182241,0.014968618875091797,0.0,False,4
p06,2025-11-10,1.460368788473717,-0.041091516492109015,0.041091516492109015,False,100
p07,2025-11-10,4.758387507265139,-0.016685137636851304,0.016685137636851304,False,104
p08,2025-11-10,1.7056749111592913,-0.0683852859084877,0.0683852859084877,False,4
p09,2025-11-10,8.808366019781717,0.1491970263686553,0.0,False,104
p10,2025-11-10,4.378175206165905,0.05514736638183762,0.0,False,104
p01,2025-11-11,0.42963153913188473,-0.0013209323432841413,0.0013209323432841413,False,60
p02,2025-11-11,0.48828262665105004,0.0067162367436665,0.0,False,100
p03,2025-11-11,0.4968556394627278,-0.004971596080015272,0.004971596080015272,False,100
p04,2025-11-11,0.40879534945459867,-0.028474237415121877,0.028474237415121877,False,0
p05,2025-11-11,0.9330784355004305,-0.028498843981374474,0.028498843981374474,False,4
p06,2025-11-11,1.5067657815922042,0.004971596080015272,0.0,False,100
p07,2025-11-11,4.577075862397325,0.0584688262553755,0.0,False,104
p08,2025-11-11,1.9032961753318236,0.09337363362727655,0.0,False,4
p09,2025-11-11,8.61114486498631,0.0008795303948014362,0.0,False,104
p10,2025-11-11,4.45456477839649,-0.008855245047751769,0.008855245047751769,False,104
p01,2025-11-12,0.4285477797366185,0.030144441001145387,0.0,False,60
p02,2025-11-12,0.48642893331620646,0.048833400975729135,0.0,False,100
p03,2025-11-12,0.4964816801883866,0.04539952512365008,0.0,False,100
p04,2025-11-12,0.41092112230061173,0.01676447186161288,0.0,False,0
p05,2025-11-12,0.9121708064329123,-0.046145772149797634,0.046145772149797634,False,4
p06,2025-11-12,1.515894275476268,-0.04539952512365008,0.04539952512365008,False,100
p07,2025-11-12,4.4978478173398475,0.033733965827646456,0.0,False,104
p08,2025-11-12,1.7192816193178244,-0.04134005299682397,0.04134005299682397,False,4
p09,2025-11-12,8.403407402097592,0.08921899260140394,0.0,False,104
p10,2025-11-12,4.4182780509474595,-0.09660153094892975,0.09660153094892975,False,104
p01,2025-11-13,0.4296794155560304,-0.04507443250617426,0.04507443250617426,False,60
p02,2025-11-13,0.502284058195023,-0.03858816605682286,0.03858816605682286,False,100
p03,2025-11-13,0.49674678150708307,-0.027022471680243056,0.027022471680243056,False,100
p04,2025-11-13,0.40587516355140413,-0.06458067324595468,0.06458067324595468,False,0
p05,2025-11-13,0.9230138591717189,0.03627003641545972,0.0,False,4
p06,2025-11-13,1.4387750946454703,0.027022471680243056,0.0,False,100
p07,2025-11-13,4.380256475793073,0.014038058560209777,0.0,False,104
p08,2025-11-13,1.672305216482307,-0.040460763595364366,0.040460763595364366,False,4
p09,2025-11-13,8.179143189482323,0.03527260736131485,0.0,False,104
p10,2025-11-13,4.355538798489077,0.011185787478517051,0.0,False,104
p01,2025-11-14,0.44120294965288875,-0.04091436442603771,0.04091436442603771,False,0
p02,2025-11-14,0.4815498385728227,-0.023933366218485186,0.023933366218485186,False,100
p03,2025-11-14,0.47230804055107745,-0.027823204002768456,0.027823204002768456,False,100
p04,2025-11-14,0.4452682993478306,-0.011028256088465284,0.011028256088465284,False,0
p05,2025-11-14,0.8890955010666477,0.07208064061371944,0.0,False,104
p06,2025-11-14,1.4581242869396118,0.027823204002768456,0.0,False,100
p07,2025-11-14,4.837515951356743,-0.04963954815573584,0.04963954815573584,False,104
p08,2025-11-14,1.6076479203942156,-0.033790678146211305,0.033790678146211305,False,4
p09,2025-11-14,8.895949723531812,0.09280530895847748,0.0,False,104
p10,2025-11-14,4.55187675986209,0.10228046070757567,0.0,False,104
p01,2025-11-17,0.45336455198837156,0.09814031292740519,0.0,False,0
p02,2025-11-17,0.46916389494013855,-0.04428339674432193,0.04428339674432193,False,100
p03,2025-11-17,0.4640169550734672,-0.04697126719814448,0.04697126719814448,False,60
p04,2025-11-17,0.4374495345265453,-0.04834778330949362,0.04834778330949362,False,0
p05,2025-11-17,10463.281644949971,-0.29682075820677734,0.29682075820677734,False,104
p06,2025-11-17,1.5346120596535946,0.04697126719814448,0.0,False,100
p07,2025-11-17,4.3297647274252835,0.3309724921989562,0.0,False,104
p08,2025-11-17,1.5881261702473144,0.01162681386751871,0.0,False,4
p09,2025-11-17,20932.601435107827,-0.6930781937804229,0.6930781937804229,False,104
p10,2025-11-17,13954.357369693911,-0.42857960433203474,0.42857960433203474,False,104
p01,2025-11-18,0.4363726854444441,0.04068174401802983,0.0,False,40
p02,2025-11-18,0.4864351648504488,-0.06265593245790516,0.06265593245790516,False,100
p03,2025-11-18,0.48740308992085624,0.037345206412748085,0.0,False,100
p04,2025-11-18,0.4206860117345342,0.005849176668624168,0.0,False,0
p05,2025-11-18,84974.48878830709,-0.06822595216364324,0.06822595216364324,False,100
p06,2025-11-18,1.443393336597552,-0.037345206412748085,0.037345206412748085,False,104
p07,2025-11-18,4.240882000703673,0.044119613686762205,0.0,False,104
p08,2025-11-18,1.5813819654344314,0.06955752262865196,0.0,False,4
p09,2025-11-18,169954.43977815117,-0.24498069312562018,0.24498069312562018,False,100
p10,2025-11-18,113302.31803386968,-0.09795075134829473,0.09795075134829473,False,100
p01,2025-11-19,0.43352670939093685,0.004004123794934493,0.0,False,15
p02,2025-11-19,0.4994286751122747,-0.040637418731783,0.040637418731783,False,100
p03,2025-11-19,0.47595301273946006,-0.0005871733714960846,0.0005871733714960846,False,100
p04,2025-11-19,0.4267190893144285,-0.009824087745872172,0.009824087745872172,False,0
p05,2025-11-19,126278.10698596408,-0.05956894482340977,0.05956894482340977,False,100
p06,2025-11-19,1.4793436497066736,0.0005871733714960846,0.0,False,104
p07,2025-11-19,4.387898521637574,0.09964330208051357,0.0,False,104
p08,2025-11-19,1.6629015604225148,-0.04985572875560353,0.04985572875560353,False,4
p09,2025-11-19,252562.01311130193,-0.1224922102143421,0.1224922102143421,False,100
p10,2025-11-19,168374.0667755111,-0.05776591901516398,0.05776591901516398,False,100
p01,2025-11-20,0.43079083221066383,-0.028363189306149467,0.028363189306149467,False,40
p02,2025-11-20,0.5007540805497105,0.04298638525922527,0.0,False,100
p03,2025-11-20,0.4757708965936872,-0.0272114111569856,0.0272114111569856,False,100
p04,2025-11-20,0.42604940692560545,-0.01681676065665737,0.01681676065665737,False,0
p05,2025-11-20,151302.0289540737,-0.013358834636015489,0.013358834636015489,False,100
p06,2025-11-20,1.4734540660854216,0.0272114111569856,0.0,False,104
p07,2025-11-20,4.086169659272639,0.07711738949455713,0.0,False,104
p08,2025-11-20,1.6151686247535115,-0.14169114130967198,0.14169114130967198,False,4
p09,2025-11-20,302609.37875479355,0.12110526181170445,0.0,False,100
p10,2025-11-20,201739.0968833983,0.039928186196365296,0.0,False,100
p01,2025-11-21,0.4368657809895454,-0.008181377818558586,0.008181377818558586,False,75
p02,2025-11-21,0.4579455663318689,-0.007750977690271898,0.007750977690271898,False,100
p03,2025-11-21,0.496626021482075,-0.008720786402700274,0.008720786402700274,False,100
p04,2025-11-21,0.41723022290510436,-0.05241401599503924,0.05241401599503924,False,0
p05,2025-11-21,53923.07547656871,0.02375222533071273,0.0,False,100
p06,2025-11-21,1.3815987933326492,0.008720786402700274,0.0,False,104
p07,2025-11-21,3.681214260877286,-0.03556326331854712,0.03556326331854712,False,104
p08,2025-11-21,1.303437802218895,0.01110179708990551,0.0,False,4
p09,2025-11-21,107850.45633912174,0.01856751146625152,0.0,False,100
p10,2025-11-21,71900.11513503405,-0.053628938628442806,0.053628938628442806,False,100
p01,2025-11-24,0.43080539796062106,0.039522143038984034,0.0,False,70
p02,2025-11-24,0.45434979413112236,-0.007399741205317291,0.007399741205317291,False,100
p03,2025-11-24,0.4896776753823435,0.06796930509708857,0.0,False,100
p04,2025-11-24,0.40075587855865946,0.013170434704420057,0.0,False,0
p05,2025-11-24,42448.41543618384,-0.029663560868149648,0.029663560868149648,False,100
p06,2025-11-24,1.3361484906775618,-0.06796930509708857,0.06796930509708857,False,100
p07,2025-11-24,3.616802790413216,-0.0020177643754119064,0.0020177643754119064,False,104
p08,2025-11-24,1.303298535868038,0.10518551482110305,0.0,False,4
p09,2025-11-24,84901.2394864993,-0.01799369197451605,0.01799369197451605,False,100
p10,2025-11-24,56600.62556276861,-0.0562374386601122,0.0562374386601122,False,100
p01,2025-11-25,0.43323422282966295,0.012926085663493268,0.0,False,80
p02,2025-11-25,0.45425830397144146,0.09087001708885724,0.0,False,100
p03,2025-11-25,0.4936746932718995,0.006285085077060593,0.0,False,100
p04,2025-11-25,0.39551704226859663,0.007074629822392465,0.0,False,0
p05,2025-11-25,29752.009903682178,-0.05093680101785878,0.05093680101785878,False,104
p06,2025-11-25,1.325689375817938,-0.006285085077060593,0.006285085077060593,False,104
p07,2025-11-25,3.591666535393288,0.07924387499122135,0.0,False,104
p08,2025-11-25,1.2866020937743565,-0.21251727331799047,0.21251727331799047,False,0
p09,2025-11-25,59508.849918211425,0.12378497257847779,0.0,False,104
p10,2025-11-25,39672.37837059607,0.00036896672765884125,0.0,False,104
p01,2025-11-26,0.43546667195711447,0.013224197792522875,0.0,False,85
p02,2025-11-26,0.46677753998231636,0.06068274096221363,0.0,False,100
p03,2025-11-26,0.4922131669868492,0.028004471575328926,0.0,False,100
p04,2025-11-26,0.390775733555807,0.038741281267432835,0.0,False,25
p05,2025-11-26,24980.468038167925,-0.016850136580691656,0.016850136580691656,False,104
p06,2025-11-26,1.3102187838965489,-0.028004471575328926,0.028004471575328926,False,104
p07,2025-11-26,3.509856606969081,-0.000293853601818498,0.000293853601818498,False,104
p08,2025-11-26,1.5296005530894434,0.08676393986627148,0.0,False,4
p09,2025-11-26,49965.6240810495,0.10829613059435647,0.0,False,104
p10,2025-11-26,33310.243073786645,0.0721573376370614,0.0,False,104
p01,2025-11-28,0.44828427511525065,0.016835347650219046,0.0,False,85
p02,2025-11-28,0.5031986108976054,0.02051055711694263,0.0,False,100
p03,2025-11-28,0.5074142455987875,0.025701275873367693,0.0,False,100
p04,2025-11-28,0.41236714221482496,0.01460967292069032,0.0,False,100
p05,2025-11-28,142477.32182305347,-0.015087769753477708,0.015087769753477708,False,104
p06,2025-11-28,1.3519786144057515,-0.025701275873367693,0.025701275873367693,False,4
p07,2025-11-28,3.211848405999173,-0.004327570328658284,0.004327570328658284,False,94
p08,2025-11-28,1.3787759722895105,0.08535549237286388,0.0,False,4
p09,2025-11-28,284959.07884139556,0.008528539661658823,0.0,False,104
p10,2025-11-28,189972.6922180709,-0.01351482693977123,0.01351482693977123,False,104
p01,2025-12-01,0.4445868206372321,-0.032693751275008655,0.032693751275008655,False,85
p02,2025-12-01,0.5016195583174132,-0.03273868533574696,0.03273868533574696,False,100
p03,2025-12-01,0.48961072969718206,0.017771623869164907,0.0,False,100
p04,2025-12-01,0.41557326105077075,-0.0248582239196492,0.0248582239196492,False,100
p05,2025-12-01,94452.59746332852,0.045207402724702916,0.0,False,104
p06,2025-12-01,1.3159786086056364,-0.017771623869164907,0.017771623869164907,False,4
p07,2025-12-01,3.1469380557500903,-0.017588517642754327,0.017588517642754327,False,94
p08,2025-12-01,1.346837266970356,-0.17821548943184076,0.17821548943184076,False,29
p09,2025-12-01,188909.46540609322,0.04352027631241925,0.0,False,104
p10,2025-12-01,125939.6215858734,0.08548245164407559,0.0,False,104
p01,2025-12-02,0.43628498465338483,-0.007270683955616607,0.007270683955616607,False,85
p02,2025-12-02,0.4839655402205881,-0.03527807331372095,0.03527807331372095,False,100
p03,2025-12-02,0.48671349181986673,0.017356310964837137,0.0,False,100
p04,2025-12-02,0.4083203692858714,0.256799138010756,0.0,False,100
p05,2025-12-02,43773.90325810142,0.006943568568024718,0.0,False,100
p06,2025-12-02,1.2966470236052705,-0.017356310964837137,0.017356310964837137,False,104
p07,2025-12-02,3.094176096755301,0.006019244039757322,0.0,False,4
p08,2025-12-02,1.4802568078516343,-0.018688058745162953,0.018688058745162953,False,4
p09,2025-12-02,87551.64395967154,0.005966579489867771,0.0,False,100
p10,2025-12-02,58367.81805538273,0.0037713203440565245,0.0,False,100
p01,2025-12-03,0.4349404291855481,0.018469931103807645,0.0,False,85
p02,2025-12-03,0.477022876374828,0.031125959147194508,0.0,False,100
p03,2025-12-03,0.482431898794274,0.00047059504568338663,0.0,False,100
p04,2025-12-03,0.44182526507687014,0.37491231181322127,0.0,False,100
p05,2025-12-03,29096.457548216782,-0.0223441723853158,0.0223441723853158,False,100
p06,2025-12-03,1.2881325710271407,-0.00047059504568338663,0.00047059504568338663,False,4
p07,2025-12-03,3.1817199032815684,0.006216808518606143,0.0,False,4
p08,2025-12-03,1.452208657204898,-0.0015891721125774303,0.0015891721125774303,False,4
p09,2025-12-03,58196.737940039304,-0.00233188232157131,0.00233188232157131,False,100
p10,2025-12-03,38797.86561014709,-0.020514616706727412,0.020514616706727412,False,100
p01,2025-12-04,0.44405446995459186,0.03218682738151815,0.0,False,95
p02,2025-12-04,0.4917642993246705,0.04197461524853301,0.0,False,100
p03,2025-12-04,0.47598049109569807,0.0209708165240186,0.0,False,100
p04,2025-12-04,0.4925222548529057,-0.02535964479186222,0.02535964479186222,False,100
p05,2025-12-04,16796.889359483408,-0.018716017462511256,0.018716017462511256,False,104
p06,2025-12-04,1.273433452612299,-0.0209708165240186,0.0209708165240186,False,4
p07,2025-12-04,3.2552625419312085,-0.023630102829340534,0.023630102829340534,False,4
p08,2025-12-04,1.453887396298693,-0.01956958735428076,0.01956958735428076,False,4
p09,2025-12-04,33597.44828210915,0.040279107421495965,0.0,False,104
p10,2025-12-04,22398.437953512705,-0.08353798335444161,0.08353798335444161,False,104
p01,2025-12-05,0.455461581199581,-0.024069344129973656,0.024069344129973656,False,100
p02,2025-12-05,0.501776165258043,-0.01530735305679823,0.01530735305679823,False,100
p03,2025-12-05,0.4744386552679088,-0.025590284360787564,0.025590284360787564,False,100
p04,2025-12-05,0.4874103794591611,0.07819100113539129,0.0,False,100
p05,2025-12-05,9627.85400872798,0.015213801967577845,0.0,False,104
p06,2025-12-05,1.2993551056677606,0.025590284360787564,0.0,False,4
p07,2025-12-05,3.2479475595995355,0.01531134029547529,0.0,False,4
p08,2025-12-05,1.4728954223490869,0.07314055064202594,0.0,False,4
p09,2025-12-05,19259.353545702317,0.029685742446862673,0.0,False,104
p10,2025-12-05,12839.713618912494,0.06101768724088143,0.0,False,104
p01,2025-12-08,0.4582399258421526,0.011778392736837588,0.0,False,100
p02,2025-12-08,0.5005629736137771,0.0595135603880632,0.0,False,100
p03,2025-12-08,0.4787374399698818,0.029660673947270542,0.0,False,100
p04,2025-12-08,0.46299004794038534,-0.023049264301242475,0.023049264301242475,False,100
p05,2025-12-08,8344.983859222119,-0.044439825536950917,0.044439825536950917,False,104
p06,2025-12-08,1.3252982619606772,-0.029660673947270542,0.029660673947270542,False,4
p07,2025-12-08,3.3424519476061976,0.049448690263097374,0.0,False,4
p08,2025-12-08,1.595416208798987,-0.08679591316121253,0.08679591316121253,False,4
p09,2025-12-08,16693.41974579408,0.08296271401701602,0.0,False,104
p10,2025-12-08,11129.049564871731,-0.06564202595207967,0.06564202595207967,False,104
p01,2025-12-09,0.4542072956794088,-0.0026459585515462344,0.0026459585515462344,False,100
p02,2025-12-09,0.4854116531679043,-0.03426678741192239,0.03426678741192239,False,100
p03,2025-12-09,0.47226426704850916,-0.011413568094498219,0.011413568094498219,False,100
p04,2025-12-09,0.4796110284807345,-0.009738670843190713,0.009738670843190713,False,100
p05,2025-12-09,7212.831583654717,0.022566623374829727,0.0,False,104
p06,2025-12-09,1.2784650004256233,0.011413568094498219,0.0,False,4
p07,2025-12-09,3.323285987766316,-0.03472565580266163,0.03472565580266163,False,4
p08,2025-12-09,1.4549371714727855,-0.0882425384781058,0.0882425384781058,False,4
p09,2025-12-09,14429.088439144865,-0.05002154082788363,0.05002154082788363,False,104
p10,2025-12-09,9619.53237231618,0.027036317288604957,0.0,False,104
p01,2025-12-10,0.4516052842891228,0.006235953095366221,0.0,False,100
p02,2025-12-10,0.48867563456755,0.14951778910779606,0.0,False,100
p03,2025-12-10,0.472531593463562,-0.048891610384461395,0.048891610384461395,False,100
p04,2025-12-10,0.4787523896458054,-0.0039626630372912135,0.0039626630372912135,False,100
p05,2025-12-10,6190.317847192396,-0.04195810706258259,0.04195810706258259,False,104
p06,2025-12-10,1.2858859003510896,0.048891610384461395,0.0,False,4
p07,2025-12-10,3.2886986288770697,0.05946169885730927,0.0,False,4
p08,2025-12-10,1.4389066573001414,-0.19188224549084984,0.19188224549084984,False,4
p09,2025-12-10,12384.226856026904,0.17808543027477894,0.0,False,104
p10,2025-12-10,8256.22434891176,-0.020308242324882847,0.020308242324882847,False,104
p01,2025-12-11,0.4605965171697306,0.022944329552792204,0.0,False,100
p02,2025-12-11,0.46666151455748306,-0.02179219793966383,0.02179219793966383,False,100
p03,2025-12-11,0.5521354670711792,0.14563861551841203,0.0,False,100
p04,2025-12-11,0.47492285972647097,-0.03221714009980953,0.03221714009980953,False,100
p05,2025-12-11,5140.9354090287125,-0.05917335855048938,0.05917335855048938,False,100
p06,2025-12-11,10.400021553007464,-0.14563861551841203,0.14563861551841203,False,0
p07,2025-12-11,3.2654472017086804,0.0599516730290793,0.0,False,4
p08,2025-12-11,1.5589969121818372,-0.05440211173465995,0.05440211173465995,False,104
p09,2025-12-11,10284.942328401472,0.1436018315591793,0.0,False,100
p10,2025-12-11,6857.013178028353,-0.09398371425729,0.09398371425729,False,100
p01,2025-12-12,0.445612435230381,-0.05761608036594863,0.05761608036594863,False,100
p02,2025-12-12,0.43679834800864487,-0.009081843925239407,0.009081843925239407,False,100
p03,2025-12-12,0.5318243799235904,-0.012336382619922263,0.012336382619922263,False,100
p04,2025-12-12,0.4385820509256718,-0.11252051031310345,0.11252051031310345,False,95
p05,2025-12-12,1221.0548005633707,0.02183909036384136,0.0,False,100
p06,2025-12-12,49.31917659266099,0.012336382619922263,0.0,False,0
p07,2025-12-12,3.3614941660591793,0.06751657354751867,0.0,False,4
p08,2025-12-12,1.499838453871456,-0.03273246486514095,0.03273246486514095,False,104
p09,2025-12-12,2445.130535093533,0.11489517533522134,0.0,False,100
p10,2025-12-12,1630.441804654953,0.07946060371024381,0.0,False,100
p01,2025-12-15,0.4412678295388116,-0.07729561679242375,0.07729561679242375,False,40
p02,2025-12-15,0.436244763723467,-0.09790253010325843,0.09790253010325843,False,0
p03,2025-12-15,0.5317350459357135,-0.0902872591071851,0.0902872591071851,False,100
p04,2025-12-15,0.49800301797263535,-0.05664222148859015,0.05664222148859015,False,0
p05,2025-12-15,835.6081096600752,0.09195746619036288,0.0,False,100
p06,2025-12-15,24.490005980807343,0.0902872591071851,0.0,False,0
p07,2025-12-15,3.936159417387278,-0.007282426004274581,0.007282426004274581,False,104
p08,2025-12-15,1.4907660154259996,0.008253649759866324,0.0,False,104
p09,2025-12-15,1675.3297831223285,-0.041057731892903244,0.041057731892903244,False,100
p10,2025-12-15,1117.185305729522,0.09892231768620158,0.0,False,100
p01,2025-12-16,0.4397362220790905,0.006493037306482485,0.0,False,40
p02,2025-12-16,0.4463374671274243,-0.007903923126440482,0.007903923126440482,False,0
p03,2025-12-16,0.5384292646533666,0.021602467538750437,0.0,False,100
p04,2025-12-16,0.50240718271922,-0.028098447308461096,0.028098447308461096,False,0
p05,2025-12-16,782.8584623402246,-0.01844348249700389,0.01844348249700389,False,100
p06,2025-12-16,21.839956678778456,-0.021602467538750437,0.021602467538750437,False,0
p07,2025-12-16,3.839401253081543,0.02512720085307748,0.0,False,104
p08,2025-12-16,1.5337157092353813,0.02350179969250444,0.0,False,104
p09,2025-12-16,1569.8258300580608,0.02391903222600754,0.0,False,100
p10,2025-12-16,1046.8280878750709,-0.025859582000533555,0.025859582000533555,False,100
p01,2025-12-17,0.43377373840499484,-0.04138509893738773,0.04138509893738773,False,60
p02,2025-12-17,0.4433734298143698,0.004166772213974858,0.0,False,0
p03,2025-12-17,0.5214562377501126,0.04996470631189211,0.0,False,100
p04,2025-12-17,0.502778606804434,-0.04946958118372139,0.04946958118372139,False,0
p05,2025-12-17,740.9303041482098,0.023452337320345365,0.0,False,100
p06,2025-12-17,18.7964460740274,-0.04996470631189211,0.04996470631189211,False,0
p07,2025-12-17,3.6813879755166554,0.03308712842702728,0.0,False,104
p08,2025-12-17,1.5396829861516728,0.08800149435770864,0.0,False,104
p09,2025-12-17,1485.9375066971847,0.2709072410344183,0.0,False,100
p10,2025-12-17,990.892409538435,0.01888429271938482,0.0,False,100
p01,2025-12-18,0.43756654423978997,-0.004909533796893202,0.004909533796893202,False,60
p02,2025-12-18,0.4447696565734861,-0.005149772777141522,0.005149772777141522,False,0
p03,2025-12-18,0.5251877030734036,-0.021465008697843638,0.021465008697843638,False,100
p04,2025-12-18,0.4881651048493492,-0.004888442422720508,0.004888442422720508,False,0
p05,2025-12-18,38.826862134776405,0.005115067830517254,0.0,False,104
p06,2025-12-18,12.078864352306232,0.021465008697843638,0.0,False,0
p07,2025-12-18,3.612708480597184,0.006399472355430511,0.0,False,4
p08,2025-12-18,1.4359585892799025,-0.08314529346959733,0.08314529346959733,False,104
p09,2025-12-18,81.43244976928455,-4.523622912773126e-05,4.523622912773126e-05,False,104
p10,2025-12-18,54.88013716080669,-0.0025565371157363435,0.0025565371157363435,False,104
p01,2025-12-19,0.43434030225756665,0.0019299542727612322,0.0,False,60
p02,2025-12-19,0.44234027180375907,-0.03295974622667576,0.03295974622667576,False,0
p03,2025-12-19,0.5295008937343963,-0.03502109060963404,0.03502109060963404,False,100
p04,2025-12-19,0.49094520627880384,0.008371664068504113,0.0,False,0
p05,2025-12-19,59.41055175083573,0.029516912973244727,0.0,False,104
p06,2025-12-19,10.213229504796598,0.03502109060963404,0.0,False,0
p07,2025-12-19,3.49358366780039,-0.05357905255489988,0.05357905255489988,False,4
p08,2025-12-19,1.4863983237834162,0.043678947216487136,0.0,False,104
p09,2025-12-19,122.77832010391731,-0.0998093611352818,0.0998093611352818,False,104
p10,2025-12-19,82.44438383955821,0.04655596153910138,0.0,False,104
p01,2025-12-22,0.430435114698159,0.1806970019660194,0.0,False,60
p02,2025-12-22,0.4253522973999589,0.029942440231976064,0.0,False,85
p03,2025-12-22,0.5316205926409342,0.027302080336658284,0.0,False,100
p04,2025-12-22,0.49231903688103096,0.003695496182507885,0.0,False,0
p05,2025-12-22,71.01936003950591,-0.47619431705548737,0.47619431705548737,False,104
p06,2025-12-22,9.255094789798225,-0.027302080336658284,0.027302080336658284,False,0
p07,2025-12-22,3.6411878125662613,0.5001992452830378,0.0,False,104
p08,2025-12-22,1.4173763807388646,-0.0026867514018153356,0.0026867514018153356,False,104
p09,2025-12-22,146.41517190172235,-0.7889096213098898,0.7889096213098898,False,104
p10,2025-12-22,98.12711659099931,-0.6291653949832141,0.6291653949832141,False,104
p01,2025-12-23,0.42991232386273415,-0.03210805897770246,0.03210805897770246,False,60
p02,2025-12-23,0.426026089686112,-0.017720306075834018,0.017720306075834018,False,80
p03,2025-12-23,0.5300778275892403,-0.0398905504643617,0.0398905504643617,False,100
p04,2025-12-23,0.49140394435969564,-0.03370317058875363,0.03370317058875363,False,0
p05,2025-12-23,142.22072543229228,0.03982364609769263,0.0,False,104
p06,2025-12-23,8.515110284873545,0.0398905504643617,0.0,False,0
p07,2025-12-23,3.561256393392154,-0.005701021925989145,0.005701021925989145,False,104
p08,2025-12-23,1.4039197220180062,-0.018170175657301037,0.018170175657301037,False,104
p09,2025-12-23,288.62076318630284,0.02074410899911771,0.0,False,104
p10,2025-12-23,192.97627783935351,0.055147168419430515,0.0,False,104
p01,2025-12-24,0.43378226302121814,-0.001326673263378187,0.001326673263378187,False,0
p02,2025-12-24,0.42800491484112624,-0.00017265711641344323,0.00017265711641344323,False,5
p03,2025-12-24,0.5159207619627394,-0.009348903771696272,0.009348903771696272,False,100
p04,2025-12-24,0.49272703336292334,-0.0026760558632856523,0.0026760558632856523,False,0
p05,2025-12-24,124.42448139548328,0.003359195548003152,0.0,False,104
p06,2025-12-24,6.988801240241768,0.009348903771696272,0.0,False,0
p07,2025-12-24,3.600340162981696,0.0017423959518391096,0.0,False,104
p08,2025-12-24,1.389277355880871,-0.004099315665333078,0.004099315665333078,False,104
p09,2025-12-24,252.87940280253542,0.01164580915345663,0.0,False,104
p10,2025-12-24,169.42588579256656,0.02384022065074007,0.0,False,104
p01,2025-12-26,0.42739410868693606,0.03952275770666572,0.0,False,5
p02,2025-12-26,0.4246949327220482,-0.003664267390221342,0.003664267390221342,False,35
p03,2025-12-26,0.513457940271582,-0.034415702280976,0.034415702280976,False,100
p04,2025-12-26,0.48685406771695555,-0.022166453833168058,0.022166453833168058,False,0
p05,2025-12-26,113.39900145324467,-0.13708151532353535,0.13708151532353535,False,104
p06,2025-12-26,7.019563517611753,0.034415702280976,0.0,False,0
p07,2025-12-26,3.5065287648911365,0.162094708878677,0.0,False,104
p08,2025-12-26,1.4048835471217695,-0.09863617470244966,0.09863617470244966,False,104
p09,2025-12-26,230.6798865709565,-0.3031882651339208,0.3031882651339208,False,104
p10,2025-12-26,154.63613811973676,-0.18811346543407864,0.18811346543407864,False,104
p01,2025-12-29,0.4259058852179632,-0.0511622549388002,0.0511622549388002,False,60
p02,2025-12-29,0.4236965739891141,-0.08847087276802193,0.08847087276802193,False,40
p03,2025-12-29,0.5321183705674005,-0.05920198153333311,0.05920198153333311,False,100
p04,2025-12-29,0.48467842364179736,-0.0065468631532748294,0.0065468631532748294,False,0
p05,2025-12-29,259.06366359316576,0.0717425075868757,0.0,False,104
p06,2025-12-29,6.3358783819848785,0.05920198153333311,0.0,False,0
p07,2025-12-29,3.468028657757869,-0.019876072890800654,0.019876072890800654,False,104
p08,2025-12-29,1.4716637777590562,-0.005209359065323976,0.005209359065323976,False,104
p09,2025-12-29,521.9297361978263,-0.07865602927606113,0.07865602927606113,False,104
p10,2025-12-29,348.80636236735546,0.10828195987257086,0.0,False,104
p01,2025-12-30,0.4345759376411894,-0.02474566105442229,0.02474566105442229,False,90
p02,2025-12-30,0.4711292211888989,-0.03493450688404645,0.03493450688404645,False,100
p03,2025-12-30,0.5579135138324742,-0.014147714538268076,0.014147714538268076,False,100
p04,2025-12-30,0.46735425431500704,0.014275116637796126,0.0,False,0
p05,2025-12-30,204.21385230823483,0.030000530371297587,0.0,False,104
p06,2025-12-30,5.6356342921071185,0.014147714538268076,0.0,False,0
p07,2025-12-30,3.348315384534992,-0.009103229841850264,0.009103229841850264,False,104
p08,2025-12-30,1.433499421293924,-0.042532148775002554,0.042532148775002554,False,4
p09,2025-12-30,412.2648755891886,-0.07995174432503432,0.07995174432503432,False,104
p10,2025-12-30,275.5013824983818,0.019554905320289293,0.0,False,104
p01,2025-12-31,0.4392661737468741,0.002849485955178841,0.0,False,90
p02,2025-12-31,0.47233591609282505,-0.011602403167528898,0.011602403167528898,False,100
p03,2025-12-31,0.5539509189264907,0.06597842660941126,0.0,False,100
p04,2025-12-31,0.46910297032365433,-0.013132754376070288,0.013132754376070288,False,0
p05,2025-12-31,190.49152910126293,-0.029200564022860444,0.029200564022860444,False,104
p06,2025-12-31,5.411152505301673,-0.06597842660941126,0.06597842660941126,False,0
p07,2025-12-31,3.3833385966017704,0.03657359255212285,0.0,False,4
p08,2025-12-31,1.4262656100530773,0.007148855682024231,0.0,False,4
p09,2025-12-31,384.8160366490643,-0.02309001299694735,0.02309001299694735,False,104
p10,2025-12-31,257.1760388031297,-0.03818580545434424,0.03818580545434424,False,104
p01,2026-01-02,0.433720543898156,0.03694921990452013,0.0,False,85
p02,2026-01-02,0.4639914453010724,0.059000424205084064,0.0,False,100
p03,2026-01-02,0.5327934351501671,0.013612831581723519,0.0,False,100
p04,2026-01-02,0.4670848609204799,0.0631887018197178,0.0,False,0
p05,2026-01-02,169.844160885852,-0.033968952157571855,0.033968952157571855,False,104
p06,2026-01-02,5.018061428354958,-0.013612831581723519,0.013612831581723519,False,0
p07,2026-01-02,3.619335133310674,-0.00961565843600699,0.00961565843600699,False,104
p08,2026-01-02,1.489513307608529,-0.025150919333899235,0.025150919333899235,False,4
p09,2026-01-02,344.0049540467605,-0.010462807692079183,0.010462807692079183,False,104
p10,2026-01-02,229.7357489292107,-0.03029320792155025,0.03029320792155025,False,104
p01,2026-01-05,0.4361261093994203,0.03753548640854809,0.0,False,10
p02,2026-01-05,0.4400912840876039,0.029586155501570812,0.0,False,100
p03,2026-01-05,0.5063724864176226,-0.030402404084625037,0.030402404084625037,False,100
p04,2026-01-05,0.47304874488463106,0.020150005492501462,0.0,False,0
p05,2026-01-05,97.98642966078478,-0.010902596822899707,0.010902596822899707,False,104
p06,2026-01-05,4.324587603029247,0.030402404084625037,0.0,False,0
p07,2026-01-05,3.6761502881286683,-0.04670755625566393,0.04670755625566393,False,104
p08,2026-01-05,1.3843349642541716,-0.008865491186747822,0.008865491186747822,False,4
p09,2026-01-05,200.1530459097363,-0.09503114850496691,0.09503114850496691,False,104
p10,2026-01-05,134.01156901803586,-0.042780818124000065,0.042780818124000065,False,104
p01,2026-01-06,0.4750921656981414,0.0015236205491005882,0.0,False,0
p02,2026-01-06,0.4581636035784352,0.06397744406524598,0.0,False,0
p03,2026-01-06,0.5112894121501136,-0.027059091323186325,0.027059091323186325,False,100
p04,2026-01-06,0.47647327217894664,0.017185844024514355,0.0,False,0
p05,2026-01-06,98.89824381440395,-0.03655518022358265,0.03655518022358265,False,104
p06,2026-01-06,4.031565298064433,0.027059091323186325,0.0,False,0
p07,2026-01-06,4.160680163781997,0.07496347711923325,0.0,False,104
p08,2026-01-06,1.4728046048423282,-0.15536047330371894,0.15536047330371894,False,104
p09,2026-01-06,202.64825764068573,0.03654733715121818,0.0,False,104
p10,2026-01-06,135.6796978361165,0.009711994613467126,0.0,False,104
p01,2026-01-07,0.4678813604736593,-0.0051455234357213955,0.0051455234357213955,False,0
p02,2026-01-07,0.4474074061742732,-0.018545003602572056,0.018545003602572056,False,0
p03,2026-01-07,0.5073553963746689,0.05410039558161367,0.0,False,100
p04,2026-01-07,0.47014290995390917,-0.011248714170273535,0.011248714170273535,False,0
p05,2026-01-07,95.92063099065004,0.011566540683205067,0.0,False,104
p06,2026-01-07,3.9471483811742987,-0.05410039558161367,0.05410039558161367,False,0
p07,2026-01-07,4.083725049259361,-0.015231794145835012,0.015231794145835012,False,104
p08,2026-01-07,1.4251070240106514,0.052794141957864894,0.0,False,4
p09,2026-01-07,196.5890795716797,0.060199733790590876,0.0,False,104
p10,2026-01-07,131.62665962542826,0.013592405287741858,0.0,False,104
p01,2026-01-08,0.46201887502312505,0.012039586546608963,0.0,False,0
p02,2026-01-08,0.4413505961761303,0.001550439757315827,0.0,False,0
p03,2026-01-08,0.485026040573506,0.04418647258200131,0.0,False,104
p04,2026-01-08,0.461459985908219,0.012587225323675056,0.0,False,0
p05,2026-01-08,90.03765562037286,-0.014627314951791207,0.014627314951791207,False,104
p06,2026-01-08,3.7629033756615753,-0.04418647258200131,0.04418647258200131,False,0
p07,2026-01-08,4.077115203262114,0.022738566017386715,0.0,False,104
p08,2026-01-08,1.7021522322184022,-0.030277874904326096,0.030277874904326096,False,4
p09,2026-01-08,184.78557130521423,0.11098863346419485,0.0,False,104
p10,2026-01-08,123.7807467979145,0.008943023921491225,0.0,False,104
p01,2026-01-09,0.4617067905923653,-0.004037661027137993,0.004037661027137993,False,0
p02,2026-01-09,0.4345126630096409,-0.0348249374750768,0.0348249374750768,False,0
p03,2026-01-09,0.4844123663452682,-0.04755813765599534,0.04755813765599534,False,4
p04,2026-01-09,0.46028550734117546,0.007698376234096839,0.0,False,0
p05,2026-01-09,79.74036950848655,0.030749808716440362,0.0,False,104
p06,2026-01-09,3.6402524528786553,0.04755813765599534,0.0,False,0
p07,2026-01-09,3.6762756775905694,-0.055150561112000444,0.055150561112000444,False,100
p08,2026-01-09,1.5564266782791663,0.06747383393263187,0.0,False,4
p09,2026-01-09,162.94238602596045,-0.10614573811239307,0.10614573811239307,False,104
p10,2026-01-09,109.44816834892013,0.05167691479539771,0.0,False,104
p01,2026-01-12,0.45936716942718514,-0.005518930425865472,0.005518930425865472,False,0
p02,2026-01-12,0.42585179871832546,0.003726018063871725,0.0,False,10
p03,2026-01-12,0.48082716202739634,-0.00858369030544187,0.00858369030544187,False,44
p04,2026-01-12,0.4550311925828976,0.009693805141774748,0.0,False,0
p05,2026-01-12,79.08133026759447,-0.003864538059578492,0.003864538059578492,False,104
p06,2026-01-12,3.7010317717846473,0.00858369030544187,0.0,False,0
p07,2026-01-12,3.790433538577237,0.025695559776835894,0.0,False,100
p08,2026-01-12,1.6734707886355056,-0.021603412884308094,0.021603412884308094,False,4
p09,2026-01-12,162.0093894543696,0.009637564285355206,0.0,False,104
p10,2026-01-12,108.6430108489433,-0.01006263296510658,0.01006263296510658,False,104
p01,2026-01-13,0.4571247820960156,0.002333183938432486,0.0,False,0
p02,2026-01-13,0.42311459657599654,-0.030237113748466903,0.030237113748466903,False,25
p03,2026-01-13,0.4845192450253526,-0.005872015116205985,0.005872015116205985,False,4
p04,2026-01-13,0.4484673498955665,-0.0047969668346557245,0.0047969668346557245,False,0
p05,2026-01-13,77.16976218054407,0.0023291966401029745,0.0,False,104
p06,2026-01-13,3.6154327458712237,0.005872015116205985,0.0,False,0
p07,2026-01-13,3.7623773196327512,-0.005794181230757367,0.005794181230757367,False,100
p08,2026-01-13,1.6954971851458844,-0.02902518650098005,0.02902518650098005,False,4
p09,2026-01-13,158.1665966747206,-0.08507146097973947,0.08507146097973947,False,104
p10,2026-01-13,106.0659688229041,-0.023740306275713795,0.023740306275713795,False,104
p01,2026-01-14,0.4549908296373187,-0.006748860544514346,0.006748860544514346,False,0
p02,2026-01-14,0.42473190289305507,0.011751268670378111,0.0,False,25
p03,2026-01-14,0.48553184337023375,0.014209599027483312,0.0,False,4
p04,2026-01-14,0.4440615028566735,-0.02817238659429118,0.02817238659429118,False,0
p05,2026-01-14,76.63960522285335,0.0021767642657918767,0.0,False,104
p06,2026-01-14,3.539550174342645,-0.014209599027483312,0.014209599027483312,False,0
p07,2026-01-14,3.7956739742167134,0.018198900833295666,0.0,False,100
p08,2026-01-14,1.663454280871209,0.018503332938509164,0.0,False,4
p09,2026-01-14,157.03515948646844,0.10951241280699475,0.0,False,104
p10,2026-01-14,105.32411914188677,0.000833728522558596,0.0,False,104
p01,2026-01-15,0.4516583635664015,0.025621392381739792,0.0,False,0
p02,2026-01-15,0.42654768192390885,-0.005362652059223639,0.005362652059223639,False,0
p03,2026-01-15,0.48552738049830835,0.04987157767193584,0.0,False,4
p04,2026-01-15,0.43400864792935173,-0.0050716938963476605,0.0050716938963476605,False,0
p05,2026-01-15,74.1424966191513,-0.023826357853944984,0.023826357853944984,False,104
p06,2026-01-15,3.3878771854968446,-0.04987157767193584,0.04987157767193584,False,0
p07,2026-01-15,3.71734093160788,0.03366727642591982,0.0,False,100
p08,2026-01-15,1.6524378868594423,0.01572907298380164,0.0,False,4
p09,2026-01-15,151.6754410241542,0.06546256717466495,0.0,False,104
p10,2026-01-15,101.82091673464662,-0.009002176783731861,0.009002176783731861,False,104
p01,2026-01-16,0.4532406380343358,0.029537527837308872,0.0,False,0
p02,2026-01-16,0.4240570838655362,0.029704019334176393,0.0,False,5
p03,2026-01-16,0.4861997446851207,0.004341269320298147,0.0,False,4
p04,2026-01-16,0.4335846278186946,0.03517665028879907,0.0,False,0
p05,2026-01-16,72.01944681112873,-0.0190201574605766,0.0190201574605766,False,104
p06,2026-01-16,2.7945840063534426,-0.004341269320298147,0.004341269320298147,False,4
p07,2026-01-16,3.6174661342445207,-0.046814585689453465,0.046814585689453465,False,100
p08,2026-01-16,1.6395078930568499,0.030671796398335303,0.0,False,4
p09,2026-01-16,146.6653895049043,0.02582764959817812,0.0,False,104
p10,2026-01-16,98.81475502023807,0.009203063066944333,0.0,False,104
p01,2026-01-20,0.4527904154078568,0.013236988315011968,0.0,False,0
p02,2026-01-20,0.4271797050025636,0.04015869397087811,0.0,False,0
p03,2026-01-20,0.49018679986739644,-0.024462112550737984,0.024462112550737984,False,4
p04,2026-01-20,0.44353544647412835,-0.0326482074729732,0.0326482074729732,False,0
p05,2026-01-20,70.03559817819809,-0.023750460387823556,0.023750460387823556,False,104
p06,2026-01-20,3.0880033782125604,0.024462112550737984,0.0,False,4
p07,2026-01-20,3.5224993993026485,-0.011429658608349196,0.011429658608349196,False,100
p08,2026-01-20,1.5045804567682055,0.023467207857931827,0.0,False,4
p09,2026-01-20,142.85330707507046,-0.17169099218037148,0.17169099218037148,False,104
p10,2026-01-20,96.19977151085921,-0.1813309145046553,0.1813309145046553,False,104
p01,2026-01-21,0.423466688293283,-0.011196715177903722,0.011196715177903722,False,25
p02,2026-01-21,0.3949612280052955,0.042964347501794335,0.0,False,55
p03,2026-01-21,0.5151583034954986,-0.01719030726024343,0.01719030726024343,False,4
p04,2026-01-21,0.4648575474601749,0.03101784719577115,0.0,False,0
p05,2026-01-21,69.66599564639922,-0.003376555154158597,0.003376555154158597,False,0
p06,2026-01-21,2.938793742771469,0.01719030726024343,0.0,False,4
p07,2026-01-21,3.357439275219915,0.0216348004036942,0.0,False,100
p08,2026-01-21,1.6117419398991313,0.03419046365567639,0.0,False,4
p09,2026-01-21,142.1683901480257,0.03231525688412894,0.0,False,0
p10,2026-01-21,96.18094153711458,0.06147248751416183,0.0,False,0
p01,2026-01-22,0.4236226283375455,0.010649053678508663,0.0,False,13
p02,2026-01-22,0.41347323016655296,0.021969623802719586,0.0,False,100
p03,2026-01-22,0.5114821902001118,-0.03298589281274126,0.03298589281274126,False,0
p04,2026-01-22,0.44616071093364923,0.027325718876180988,0.0,False,0
p05,2026-01-22,68.21603075942232,-0.0009156371937252888,0.0009156371937252888,False,0
p06,2026-01-22,2.733566261486988,0.03298589281274126,0.0,False,0
p07,2026-01-22,3.2056908528554455,-0.016202153688906498,0.016202153688906498,False,104
p08,2026-01-22,1.5121624270866563,-0.14181864098956484,0.14181864098956484,False,4
p09,2026-01-22,138.58951363098896,-0.07510742634754312,0.07510742634754312,False,0
p10,2026-01-22,93.83187198027866,-0.01707083817348488,0.01707083817348488,False,0
p01,2026-01-23,0.42503976445090186,0.009832345626813493,0.0,False,13
p02,2026-01-23,0.40585093501739883,0.05173648114033039,0.0,False,85
p03,2026-01-23,0.4967181256217469,-0.0007129991612561566,0.0007129991612561566,False,0
p04,2026-01-23,0.45376813264391885,-0.011227371979038439,0.011227371979038439,False,0
p05,2026-01-23,66.88344287970612,-0.02149682270945916,0.02149682270945916,False,0
p06,2026-01-23,2.7217926556153165,0.0007129991612561566,0.0,False,0
p07,2026-01-23,3.2230400978672495,0.0016319731649867344,0.0,False,104
p08,2026-01-23,1.3066143968553843,-0.13795322570653534,0.13795322570653534,False,4
p09,2026-01-23,135.84041995723038,0.044997433613870506,0.0,False,0
p10,2026-01-23,91.94906343050553,-0.06731338287168792,0.06731338287168792,False,0
p01,2026-01-26,0.4245787234420943,-0.022427114067020554,0.022427114067020554,False,9
p02,2026-01-26,0.41009656266866096,-0.06984924504846657,0.06984924504846657,False,100
p03,2026-01-26,0.49252078830894486,0.0009537817585232101,0.0,False,1
p04,2026-01-26,0.4562598681085656,-0.0315913986188561,0.0315913986188561,False,0
p05,2026-01-26,64.32371973437624,0.09299916709979597,0.0,False,0
p06,2026-01-26,2.6899567598635366,-0.0009537817585232101,0.0009537817585232101,False,0
p07,2026-01-26,3.1689549210549584,-0.16585057416679216,0.16585057416679216,False,104
p08,2026-01-26,1.4796921693190397,0.038400227804060647,0.0,False,4
p09,2026-01-26,130.1413371664286,0.10845331214599174,0.0,False,0
p10,2026-01-26,88.27807234174351,0.07187221604696631,0.0,False,0
p01,2026-01-27,0.4661322146409364,0.007690710670505871,0.0,False,2
p02,2026-01-27,0.4281031871169555,-0.034386746149198316,0.034386746149198316,False,0
p03,2026-01-27,0.49857073320723927,0.0020787990177832723,0.0,False,4
p04,2026-01-27,0.476423836888102,-0.013217453024345193,0.013217453024345193,False,0
p05,2026-01-27,508.1677482938317,0.010213588077457932,0.0,False,100
p06,2026-01-27,3.0714373253875045,-0.0020787990177832723,0.0020787990177832723,False,4
p07,2026-01-27,3.323316513414279,-0.033346496704653464,0.033346496704653464,False,4
p08,2026-01-27,1.5354172827573909,0.027007109333613794,0.0,False,100
p09,2026-01-27,1017.6214146677564,-0.07988418068490559,0.07988418068490559,False,100
p10,2026-01-27,679.2560190684268,-0.001877846212509228,0.001877846212509228,False,100
p01,2026-01-28,0.44841888856490053,-0.007493132333080004,0.007493132333080004,False,0
p02,2026-01-28,0.4359222656937166,-0.006973197942278743,0.006973197942278743,False,0
p03,2026-01-28,0.507198857914049,-0.04345177928532008,0.04345177928532008,False,3
p04,2026-01-28,0.47220342264556386,-0.025994448303513024,0.025994448303513024,False,0
p05,2026-01-28,340.78778549858265,0.03200964371705275,0.0,False,100
p06,2026-01-28,3.43017994131701,0.04345177928532008,0.0,False,3
p07,2026-01-28,3.2678305191396846,-0.07098895546971512,0.07098895546971512,False,4
p08,2026-01-28,1.7590616367751015,-0.009316717348610769,0.009316717348610769,False,100
p09,2026-01-28,682.7664956977774,-0.05266760992968836,0.05266760992968836,False,100
p10,2026-01-28,456.12207462597564,0.03386163304422596,0.0,False,100
p01,2026-01-29,0.4434356909077418,-0.02927299124131277,0.02927299124131277,False,0
p02,2026-01-29,0.4347095916124512,-0.06490897022695347,0.06490897022695347,False,0
p03,2026-01-29,0.5053647062719517,-0.013711747057060655,0.013711747057060655,False,4
p04,2026-01-29,0.4777781789178056,-0.009388216217585534,0.009388216217585534,False,0
p05,2026-01-29,250.93709587249754,0.031720128918565335,0.0,False,100
p06,2026-01-29,2.753469574690519,0.013711747057060655,0.0,False,4
p07,2026-01-29,3.6305235369603865,0.006316842809558021,0.0,False,4
p08,2026-01-29,1.6699638817163143,-0.04877301939077163,0.04877301939077163,False,100
p09,2026-01-29,502.6791452430739,0.0031371462344652983,0.0,False,100
p10,2026-01-29,336.310630524027,0.01413858967732027,0.0,False,100
p01,2026-01-30,0.4381003566603443,-0.025975264483650215,0.025975264483650215,False,1
p02,2026-01-30,0.4278860850540746,-0.02963126433319316,0.02963126433319316,False,4
p03,2026-01-30,0.5038139893339951,-0.040722844114167586,0.040722844114167586,False,4
p04,2026-01-30,0.47215531031728863,-0.013291170238062698,0.013291170238062698,False,0
p05,2026-01-30,241.30327436282872,0.04324459991401711,0.0,False,100
p06,2026-01-30,2.7544031636967468,0.040722844114167586,0.0,False,4
p07,2026-01-30,3.5544445408366885,-0.01690180488339635,0.01690180488339635,False,4
p08,2026-01-30,1.6509945887677617,-0.08393497122289723,0.08393497122289723,False,100
p09,2026-01-30,483.4212311092567,-0.02605708247182397,0.02605708247182397,False,100
p10,2026-01-30,323.46918404075956,0.02622380892026238,0.0,False,100
p01,2026-02-02,0.43055900736344177,0.062400629144044366,0.0,False,0
p02,2026-02-02,0.4178428449584786,-0.006962890541793413,0.006962890541793413,False,0
p03,2026-02-02,0.48813619473400865,0.021197981900040765,0.0,False,0
p04,2026-02-02,0.4643529185110095,-0.02073581277671549,0.02073581277671549,False,0
p05,2026-02-02,187.863406699121,-0.19325657607198976,0.19325657607198976,False,104
p06,2026-02-02,2.8648846783611197,-0.021197981900040765,0.021197981900040765,False,4
p07,2026-02-02,3.3365532931220505,0.22332623454716877,0.0,False,4
p08,2026-02-02,1.5102314574585969,0.008229703878642813,0.0,False,104
p09,2026-02-02,376.7821966265073,-0.28456480135738105,0.28456480135738105,False,104
p10,2026-02-02,252.23598082770872,-0.2296785929410422,0.2296785929410422,False,104
p01,2026-02-03,0.4215334562947206,-0.011831170598457116,0.011831170598457116,False,5
p02,2026-02-03,0.4129080467844979,-0.0365929622143886,0.0365929622143886,False,0
p03,2026-02-03,0.5075728928211394,0.007374280005433987,0.0,False,0
p04,2026-02-03,0.4424422732080674,-0.006710123961487882,0.006710123961487882,False,0
p05,2026-02-03,1854.5710584646865,0.02720025687752442,0.0,False,104
p06,2026-02-03,2.647063983680654,-0.007374280005433987,0.007374280005433987,False,44
p07,2026-02-03,3.315156465340919,-0.03079214737999282,0.03079214737999282,False,4
p08,2026-02-03,1.42773067507828,0.03826299136148446,0.0,False,104
p09,2026-02-03,3709.600912504877,-0.003231255397884888,0.003231255397884888,False,104
p10,2026-02-03,2474.302044235167,0.00829082071400632,0.0,False,104
p01,2026-02-04,0.4101579674540555,-0.044310731654035033,0.044310731654035033,False,15
p02,2026-02-04,0.40077718860787387,-0.029860270844517756,0.029860270844517756,False,0
p03,2026-02-04,0.5013791052899629,-0.03036257592224131,0.03036257592224131,False,0
p04,2026-02-04,0.4286816775922002,-0.013687221500818768,0.013687221500818768,False,0
p05,2026-02-04,1376.5890457338091,0.03486623245459536,0.0,False,104
p06,2026-02-04,2.766081031912507,0.03036257592224131,0.0,False,100
p07,2026-02-04,3.309352657861175,0.02149394485738189,0.0,False,4
p08,2026-02-04,1.2839121649324596,-0.025545385617638805,0.025545385617638805,False,104
p09,2026-02-04,2753.9440676597683,0.054173054962729075,0.0,False,104
p10,2026-02-04,1837.013831940534,0.06869267501013863,0.0,False,104
p01,2026-02-05,0.4133801417894051,-0.08163367902616815,0.08163367902616815,False,34
p02,2026-02-05,0.40183658566347996,-0.08836027345993053,0.08836027345993053,False,29
p03,2026-02-05,0.4997381867287918,-0.05254462398477291,0.05254462398477291,False,4
p04,2026-02-05,0.42110263620629107,-0.07110421469933224,0.07110421469933224,False,4
p05,2026-02-05,975.497347269729,0.1170089415900508,0.0,False,100
p06,2026-02-05,2.777100776759479,0.05254462398477291,0.0,False,100
p07,2026-02-05,3.2528899612628166,-0.06756865173614036,0.06756865173614036,False,0
p08,2026-02-05,1.2802376788134682,-0.0567502716796449,0.0567502716796449,False,104
p09,2026-02-05,1952.1611599671512,0.06878224442131835,0.0,False,100
p10,2026-02-05,1302.2563944307915,0.15516958667652098,0.0,False,100
p01,2026-02-06,0.42778535665403794,0.05502356350970562,0.0,False,35
p02,2026-02-06,0.41999551496417575,0.08689741305693033,0.0,False,60
p03,2026-02-06,0.5046479487128332,0.0011869734815077573,0.0,False,0
p04,2026-02-06,0.4369537036471281,0.07767187536411017,0.0,False,0
p05,2026-02-06,1134.0044821150136,-0.06350811699448455,0.06350811699448455,False,104
p06,2026-02-06,2.803071872035409,-0.0011869734815077573,0.0011869734815077573,False,104
p07,2026-02-06,3.222869667948231,0.03432384051786588,0.0,False,0
p08,2026-02-06,1.2716538711919676,0.03935699838074609,0.0,False,104
p09,2026-02-06,2268.649269554633,0.009312045491998749,0.0,False,104
p10,2026-02-06,1513.5818995381214,-0.026163223590935453,0.026163223590935453,False,104
p01,2026-02-09,0.4408193100000617,0.049613364796863915,0.0,False,15
p02,2026-02-09,0.43173185547733245,0.006029470639862221,0.0,False,0
p03,2026-02-09,0.5094803033294463,0.01680717869618934,0.0,False,0
p04,2026-02-09,0.45805274794138506,0.03841183605943882,0.0,False,0
p05,2026-02-09,829.652125205632,-0.08118520642322369,0.08118520642322369,False,104
p06,2026-02-09,2.5356808934076978,-0.01680717869618934,0.01680717869618934,False,19
p07,2026-02-09,3.1829114780742085,0.07060581210840701,0.0,False,0
p08,2026-02-09,1.3114107174974823,0.0001410766789647494,0.0,False,104
p09,2026-02-09,1659.9289498609562,-0.1256977852453401,0.1256977852453401,False,104
p10,2026-02-09,1107.7934122630322,-0.09078164708593572,0.09078164708593572,False,104
p01,2026-02-10,0.43269046960873997,-0.014875602096471909,0.014875602096471909,False,50
p02,2026-02-10,0.4250580141292225,-0.05096674341536206,0.05096674341536206,False,35
p03,2026-02-10,0.4997567191653375,-0.004333977086587448,0.004333977086587448,False,10
p04,2026-02-10,0.4297174324745332,-0.011555760592004628,0.011555760592004628,False,0
p05,2026-02-10,396.662443830735,0.022180191029606822,0.0,False,104
p06,2026-02-10,2.697500920954684,0.004333977086587448,0.0,False,4
p07,2026-02-10,3.1864610658407955,-0.024805832954804034,0.024805832954804034,False,0
p08,2026-02-10,1.2879777461049973,0.04060773953293849,0.0,False,4
p09,2026-02-10,794.0904405261244,-0.05860112258938962,0.05860112258938962,False,104
p10,2026-02-10,530.4707359632928,0.03238955932456828,0.0,False,104
p01,2026-02-11,0.43339908417060913,-0.009545679656425254,0.009545679656425254,False,35
p02,2026-02-11,0.4445311376268666,0.008386841005601452,0.0,False,0
p03,2026-02-11,0.5030983044009386,-0.007925670283384156,0.007925670283384156,False,10
p04,2026-02-11,0.43240052093309217,-0.03562532129264158,0.03562532129264158,False,0
p05,2026-02-11,354.94944375826634,0.005852651502889455,0.0,False,104
p06,2026-02-11,2.7911262157446504,0.007925670283384156,0.0,False,14
p07,2026-02-11,3.1621857410735505,-0.007928801234105958,0.007928801234105958,False,0
p08,2026-02-11,1.3539866359442128,0.03400049829497313,0.0,False,104
p09,2026-02-11,710.6827665038549,0.049961813633732144,0.0,False,104
p10,2026-02-11,474.89138325482213,0.010019821015699138,0.0,False,104
p01,2026-02-12,0.4322193974305216,-0.04493648551676735,0.04493648551676735,False,35
p02,2026-02-12,0.438140380048733,-0.06449913761989559,0.06449913761989559,False,0
p03,2026-02-12,0.5007591828382367,-0.04901356982364839,0.04901356982364839,False,0
p04,2026-02-12,0.43198839477547224,-0.009660993198470656,0.009660993198470656,False,0
p05,2026-02-12,330.8004054928633,0.0598302374556409,0.0,False,104
p06,2026-02-12,2.776027556959326,0.04901356982364839,0.0,False,14
p07,2026-02-12,3.169795955279946,-0.026970170196708863,0.026970170196708863,False,0
p08,2026-02-12,1.3563931455350517,0.0541505253547325,0.0,False,104
p09,2026-02-12,662.4160533498856,-0.0413265281199655,0.0413265281199655,False,104
p10,2026-02-12,442.7033641181293,0.0854393035205794,0.0,False,104
p01,2026-02-13,0.435212113999503,-0.0005560380644120556,0.0005560380644120556,False,85
p02,2026-02-13,0.42649608279049234,-0.03727209067275046,0.03727209067275046,False,70
p03,2026-02-13,0.4937064393876958,-0.020842169198055704,0.020842169198055704,False,20
p04,2026-02-13,0.42043977624997086,-0.018062681490274804,0.018062681490274804,False,0
p05,2026-02-13,262.6477384795967,-0.00596780902641788,0.00596780902641788,False,104
p06,2026-02-13,3.0234087697462475,0.020842169198055704,0.0,False,4
p07,2026-02-13,3.132531046978239,0.01647477849363082,0.0,False,0
p08,2026-02-13,1.3151262248203812,0.061207481490770745,0.0,False,4
p09,2026-02-13,526.3093434185454,-0.0630019589372917,0.0630019589372917,False,104
p10,2026-02-13,351.83474447211154,-0.010221008541808756,0.010221008541808756,False,104
p01,2026-02-17,0.43144704304958503,-0.030820192701720817,0.030820192701720817,False,65
p02,2026-02-17,0.4250614543220404,0.03833514697571509,0.0,False,80
p03,2026-02-17,0.49457502081492316,-0.023968878902813295,0.023968878902813295,False,0
p04,2026-02-17,0.41172750285958326,-0.0010192140207558541,0.0010192140207558541,False,30
p05,2026-02-17,243.08426685792588,-0.005879228389688872,0.005879228389688872,False,104
p06,2026-02-17,3.0085435366462927,0.023968878902813295,0.0,False,4
p07,2026-02-17,3.1544835958962176,0.06992944610635482,0.0,False,0
p08,2026-02-17,1.3321303952794459,-0.05346929505383247,0.05346929505383247,False,4
p09,2026-02-17,487.15660494572506,0.11482170015651988,0.0,False,104
p10,2026-02-17,325.7514774433921,0.031152063908639317,0.0,False,104
p01,2026-02-18,0.43281778582434166,-0.008070246835770026,0.008070246835770026,False,75
p02,2026-02-18,0.42876203574772753,-0.021364389531981318,0.021364389531981318,False,0
p03,2026-02-18,0.49556736763744186,-0.05784894447941623,0.05784894447941623,False,0
p04,2026-02-18,0.4103561567113674,0.011552187156685014,0.0,False,35
p05,2026-02-18,225.02006201875042,0.04520988536810336,0.0,False,104
p06,2026-02-18,3.065012836241954,0.05784894447941623,0.0,False,4
p07,2026-02-18,3.2957328673952277,-0.06347949347724482,0.06347949347724482,False,0
p08,2026-02-18,1.2726979692619642,-0.021144100438389303,0.021144100438389303,False,104
p09,2026-02-18,450.84729415226013,-0.08683819623949132,0.08683819623949132,False,104
p10,2026-02-18,301.60026695852366,0.02227620823069285,0.0,False,104
p01,2026-02-19,0.43069347298457783,-0.0030711362186403007,0.0030711362186403007,False,75
p02,2026-02-19,0.42606644439066194,-0.06216055702946917,0.06216055702946917,False,0
p03,2026-02-19,0.48985079497493467,-0.019861209558950512,0.019861209558950512,False,35
p04,2026-02-19,0.4100945919413892,0.023346589309506505,0.0,False,15
p05,2026-02-19,214.32630320036617,0.050405692953187094,0.0,False,104
p06,2026-02-19,3.0693923047372578,0.019861209558950512,0.0,False,4
p07,2026-02-19,3.1914468252849955,-0.0785509309783427,0.0785509309783427,False,4
p08,2026-02-19,1.2768129552299072,-0.07686017160604032,0.07686017160604032,False,104
p09,2026-02-19,429.61040365117157,-0.1470344230333422,0.1470344230333422,False,104
p10,2026-02-19,287.4070645084317,0.04362872657970196,0.0,False,104
p01,2026-02-20,0.42797951385754845,-0.011568571888153169,0.011568571888153169,False,55
p02,2026-02-20,0.4282901026864924,0.045007769937404796,0.0,False,100
p03,2026-02-20,0.4901548486095335,-0.0357369087289066,0.0357369087289066,False,70
p04,2026-02-20,0.42147329868701444,0.00011470284249805022,0.0,False,0
p05,2026-02-20,195.8083359824735,-0.013092204487077166,0.013092204487077166,False,104
p06,2026-02-20,3.0234953641190434,0.0357369087289066,0.0,False,4
p07,2026-02-20,2.915033745267838,0.04312806414419656,0.0,False,4
p08,2026-02-20,1.3114110336533034,0.06547390001983353,0.0,False,104
p09,2026-02-20,393.21854881044976,0.05240957919874188,0.0,False,104
p10,2026-02-20,262.9087546762042,0.009685509613831758,0.0,False,104
p01,2026-02-23,0.4375981898636713,-0.016257300728786787,0.016257300728786787,False,70
p02,2026-02-23,0.41750959031812257,0.04191434939605111,0.0,False,80
p03,2026-02-23,0.5501804860206059,-0.07037733356734424,0.07037733356734424,False,100
p04,2026-02-23,0.4223824035788692,-0.020190864651120848,0.020190864651120848,False,0
p05,2026-02-23,194.88123894161444,0.013444730786360673,0.0,False,104
p06,2026-02-23,3.2384224501456025,0.07037733356734424,0.0,False,4
p07,2026-02-23,2.927633235196385,0.017152290449212876,0.0,False,4
p08,2026-02-23,1.3213354103528077,-0.0893043959951849,0.0893043959951849,False,104
p09,2026-02-23,391.1213137658769,0.04618393928583127,0.0,False,104
p10,2026-02-23,261.64895083075396,0.01824710735828055,0.0,False,104
p01,2026-02-24,0.4342007080350869,0.015961115695042494,0.0,False,40
p02,2026-02-24,0.42077010882318283,0.020763065825114717,0.0,False,100
p03,2026-02-24,0.5443202716705291,0.04143496038160907,0.0,False,0
p04,2026-02-24,0.4288038755132955,0.01020280923405066,0.0,False,0
p05,2026-02-24,171.36894252771754,-0.026759066989729963,0.026759066989729963,False,104
p06,2026-02-24,2.9866279691072677,-0.04143496038160907,0.04143496038160907,False,4
p07,2026-02-24,2.8686561683580813,0.023387774689695027,0.0,False,4
p08,2026-02-24,1.355631933444392,-0.005539279692762775,0.005539279692762775,False,4
p09,2026-02-24,344.0883322628202,0.04135509339546617,0.0,False,104
p10,2026-02-24,230.34143919336938,-0.032229347689219215,0.032229347689219215,False,104
p01,2026-02-25,0.4367571576215037,0.014376651930446988,0.0,False,15
p02,2026-02-25,0.411699443976711,0.03441481673682004,0.0,False,100
p03,2026-02-25,0.5564294711392096,-0.012227854068137324,0.012227854068137324,False,0
p04,2026-02-25,0.4331339116921526,0.011255308615105153,0.0,False,0
p05,2026-02-25,161.0686346088162,-0.025217219356154202,0.025217219356154202,False,104
p06,2026-02-25,2.8981854988990285,0.012227854068137324,0.0,False,4
p07,2026-02-25,2.8619243362942863,0.020450017007877908,0.0,False,4
p08,2026-02-25,1.3186222656558317,-0.06695520403519135,0.06695520403519135,False,4
p09,2026-02-25,323.3528054368233,0.028949915302197857,0.0,False,104
p10,2026-02-25,216.60619749399638,0.02575652257577303,0.0,False,104
p01,2026-02-26,0.4348741458751171,-0.010646679199764923,0.010646679199764923,False,20
p02,2026-02-26,0.4154105087530218,-0.017768522323688554,0.017768522323688554,False,100
p03,2026-02-26,0.5543486504879145,-0.017270490432301777,0.017270490432301777,False,0
p04,2026-02-26,0.43097687407291596,-0.009408343148033347,0.009408343148033347,False,0
p05,2026-02-26,151.45440441725452,0.023083926475796275,0.0,False,104
p06,2026-02-26,2.923080936978879,0.017270490432301777,0.0,False,4
p07,2026-02-26,2.8582485068505186,-0.020667767286378508,0.020667767286378508,False,4
p08,2026-02-26,1.347732567199441,0.010203000319864498,0.0,False,4
p09,2026-02-26,304.13498454309934,-0.02731390232545191,0.02731390232545191,False,104
p10,2026-02-26,203.78608792303822,-0.001808842808036555,0.001808842808036555,False,104
p01,2026-02-27,0.43279509470649535,-0.0050864887641907525,0.0050864887641907525,False,20
p02,2026-02-27,0.41155117339313285,0.04272348185111916,0.0,False,100
p03,2026-02-27,0.5549129666381708,-0.03745686574852688,0.03745686574852688,False,0
p04,2026-02-27,0.42876825309877625,-0.03140908537941874,0.03140908537941874,False,0
p05,2026-02-27,142.1606587303399,0.0013713101198686174,0.0,False,104
p06,2026-02-27,2.9725783991751564,0.03745686574852688,0.0,False,4
p07,2026-02-27,2.8646605469226847,-0.00592805144554835,0.00592805144554835,False,4
p08,2026-02-27,1.2710026259707885,-0.08426525432655843,0.08426525432655843,False,4
p09,2026-02-27,285.5380374372299,0.000383542032574985,0.0,False,104
p10,2026-02-27,191.3734817595847,-0.055808584233813616,0.055808584233813616,False,104
p01,2026-03-02,0.42719312936102755,-0.028094537596125246,0.028094537596125246,False,25
p02,2026-03-02,0.4025189872109744,-0.07253099066691589,0.07253099066691589,False,100
p03,2026-03-02,0.5551573023884879,-0.02054757498393986,0.02054757498393986,False,0
p04,2026-03-02,0.42446669248695235,-0.0068329097776551615,0.0068329097776551615,False,0
p05,2026-03-02,131.4788191213507,0.04999291022850869,0.0,False,104
p06,2026-03-02,2.953339189980014,0.02054757498393986,0.0,False,4
p07,2026-03-02,2.833217487097068,-0.03142557236901564,0.03142557236901564,False,4
p08,2026-03-02,1.2929293473083125,0.11979675877254342,0.0,False,0
p09,2026-03-02,264.2177672380751,-0.06443664239384456,0.06443664239384456,False,104
p10,2026-03-02,177.1063650328979,0.06540986394895067,0.0,False,104
p01,2026-03-03,0.4331891340744548,0.052101577951201364,0.0,False,50
p02,2026-03-03,0.44228964233130885,0.37001242600080914,0.0,False,80
p03,2026-03-03,0.557094440283158,-0.00581611858054516,0.00581611858054516,False,0
p04,2026-03-03,0.4206989914769905,0.0005477993435359357,0.0,False,0
p05,2026-03-03,116.90868810647301,-0.180048069850256,0.180048069850256,False,104
p06,2026-03-03,2.905101326143762,0.00581611858054516,0.0,False,4
p07,2026-03-03,2.8329440611976207,0.2218268265861486,0.0,False,4
p08,2026-03-03,14.026032871554843,-0.7653470859781446,0.7653470859781446,False,0
p09,2026-03-03,235.0795016811664,0.39087165136849655,0.0,False,104
p10,2026-03-03,157.67434956191255,-0.23232180091222213,0.23232180091222213,False,104
p01,2026-03-04,0.4368257575745387,0.015950455923356262,0.0,False,90
p02,2026-03-04,0.43306113121882633,0.04553170036637636,0.0,False,103
p03,2026-03-04,0.5575311132128687,0.0010890326640289223,0.0,False,0
p04,2026-03-04,0.40827215932790223,0.04454301988741735,0.0,False,0
p05,2026-03-04,97.41257915019797,-0.04738762347021393,0.04738762347021393,False,104
p06,2026-03-04,2.7991581554578806,-0.0010890326640289223,0.0010890326640289223,False,104
p07,2026-03-04,2.871622283681316,0.058717003334448806,0.0,False,0
p08,2026-03-04,6.50603537578147,0.014206897318660986,0.0,False,100
p09,2026-03-04,195.41558634883754,-0.01283347570605067,0.01283347570605067,False,104
p10,2026-03-04,131.7417094626548,0.015015409535229058,0.0,False,104
p01,2026-03-05,0.431335620212944,-0.020796572093849885,0.020796572093849885,False,35
p02,2026-03-05,0.44014387475895056,-0.016686636349677385,0.016686636349677385,False,20
p03,2026-03-05,0.5495987592514789,0.011622173756237544,0.0,False,0
p04,2026-03-05,0.43107938121166595,-0.009885767778894916,0.009885767778894916,False,0
p05,2026-03-05,95.51245595826535,0.010890510531089647,0.0,False,104
p06,2026-03-05,2.9665741218112105,-0.011622173756237544,0.011622173756237544,False,104
p07,2026-03-05,2.8635141808136955,0.022624041700137137,0.0,False,0
p08,2026-03-05,5.67683241547507,0.03872713112780765,0.0,False,100
p09,2026-03-05,191.2773830044268,0.05919054166707163,0.0,False,104
p10,2026-03-05,129.16150962759207,-0.0036477106878936207,0.0036477106878936207,False,104
p01,2026-03-06,0.4328367745399924,-0.023784422243312203,0.023784422243312203,False,30
p02,2026-03-06,0.44094478708547163,-0.0018478579575225492,0.0018478579575225492,False,10
p03,2026-03-06,0.5353724717286114,-0.019902577572492145,0.019902577572492145,False,0
p04,2026-03-06,0.4265849044631482,0.004878467918969553,0.0,False,0
p05,2026-03-06,92.28904077877884,0.02136931049529527,0.0,False,104
p06,2026-03-06,2.8461769948823914,0.019902577572492145,0.0,False,104
p07,2026-03-06,2.8293340752798746,0.0029723363316119383,0.0,False,4
p08,2026-03-06,5.10591602744544,0.014983838540023012,0.0,False,100
p09,2026-03-06,184.89168900314257,0.02850665526415828,0.0,False,104
p10,2026-03-06,124.8298273056232,0.060143900369004036,0.0,False,104
p01,2026-03-09,0.4306451214508751,0.008875828443134524,0.0,False,40
p02,2026-03-09,0.42726324343981387,-0.12533435973891682,0.12533435973891682,False,30
p03,2026-03-09,0.5316630773623698,0.028302171045806925,0.0,False,0
p04,2026-03-09,0.4234164048292394,0.022287766506861872,0.0,False,0
p05,2026-03-09,89.36655882247493,0.09302697260384458,0.0,False,104
p06,2026-03-09,2.8520268605825767,-0.028302171045806925,0.028302171045806925,False,104
p07,2026-03-09,2.7995641333545978,-0.21388304592781152,0.21388304592781152,False,0
p08,2026-03-09,4.888765030603047,-0.15393277414114412,0.15393277414114412,False,100
p09,2026-03-09,179.04348954020173,-0.0073724172394625635,0.0073724172394625635,False,104
p10,2026-03-09,120.94392194302904,0.15651399841093408,0.0,False,104
p01,2026-03-10,0.4461508347291427,-0.010957864675135376,0.010957864675135376,False,35
p02,2026-03-10,0.4859404608526101,-0.03468737926828241,0.03468737926828241,False,102
p03,2026-03-10,0.5388584387094664,0.04982014668290918,0.0,False,0
p04,2026-03-10,0.42419982724256416,-0.006010136612811955,0.006010136612811955,False,0
p05,2026-03-10,88.5460861631026,0.01624081498131008,0.0,False,0
p06,2026-03-10,2.8587354919242305,-0.04982014668290918,0.04982014668290918,False,104
p07,2026-03-10,2.8581569657616654,-0.004983103861262134,0.004983103861262134,False,4
p08,2026-03-10,4.737284263519655,-0.12303166951667568,0.12303166951667568,False,100
p09,2026-03-10,177.96668027392772,0.04994530300227133,0.0,False,0
p10,2026-03-10,120.29230745635401,-0.008222628318109134,0.008222628318109134,False,0
p01,2026-03-11,0.4483659860152354,0.08328385126132083,0.0,False,20
p02,2026-03-11,0.4710494283860569,-0.04886735837653809,0.04886735837653809,False,60
p03,2026-03-11,0.5378817504554007,0.01077204197657402,0.0,False,0
p04,2026-03-11,0.422596180840608,-0.005015075987842889,0.005015075987842889,False,0
p05,2026-03-11,108.43876523082396,-0.22613196080300504,0.22613196080300504,False,0
p06,2026-03-11,4.920781588670074,-0.01077204197657402,0.01077204197657402,False,4
p07,2026-03-11,2.9176049432403017,0.22646530151347824,0.0,False,4
p08,2026-03-11,4.393149438428765,-0.04972211974549304,0.04972211974549304,False,100
p09,2026-03-11,216.22909819945963,-0.5156168040155035,0.5156168040155035,False,0
p10,2026-03-11,146.92198003889217,-0.3124402171953025,0.3124402171953025,False,0
p01,2026-03-12,0.4478582217952119,0.004800736873863799,0.0,False,20
p02,2026-03-12,0.47195867774651756,0.01685672174861634,0.0,False,60
p03,2026-03-12,0.5335034667278248,0.03601175691139562,0.0,False,0
p04,2026-03-12,0.4193445548595337,0.0003242093893754739,0.0,False,0
p05,2026-03-12,232.40427929688926,-0.02182315070896334,0.02182315070896334,False,0
p06,2026-03-12,4.889328129740136,-0.03601175691139562,0.03601175691139562,False,4
p07,2026-03-12,2.873456771076679,0.04342333277837811,0.0,False,4
p08,2026-03-12,4.273923430425024,0.04543698791013514,0.0,False,100
p09,2026-03-12,464.11239375259197,0.09301963400845528,0.0,False,0
p10,2026-03-12,312.1595924932425,0.0006673021827592954,0.0,False,0
p01,2026-03-13,0.446726553778417,-0.04937931291870788,0.04937931291870788,False,10
p02,2026-03-13,0.46662310097682036,-0.07017574309921805,0.07017574309921805,False,58
p03,2026-03-13,0.5361314914130039,-0.08770816350220029,0.08770816350220029,False,0
p04,2026-03-13,0.41558895102040233,-0.010346634476947739,0.010346634476947739,False,0
p05,2026-03-13,198.2013994341234,0.07845415017711388,0.0,False,0
p06,2026-03-13,4.0399604771382185,0.08770816350220029,0.0,False,0
p07,2026-03-13,2.8432278266330098,-0.05088479182218436,0.05088479182218436,False,0
p08,2026-03-13,4.304672773051139,-0.1087433508931282,0.1087433508931282,False,100
p09,2026-03-13,396.2553681926791,-0.11074364470809556,0.11074364470809556,False,0
p10,2026-03-13,266.52505827996885,0.11879605142283362,0.0,False,0
p01,2026-03-16,0.43976448173962873,-0.021245400230731258,0.021245400230731258,False,65
p02,2026-03-16,0.4714968904208789,-0.04310937244630586,0.04310937244630586,False,104
p03,2026-03-16,0.5121290284007095,-0.06672276820617265,0.06672276820617265,False,5
p04,2026-03-16,0.4105114267064248,0.01875022958647277,0.0,False,0
p05,2026-03-16,165.0471336178621,0.04668406902198987,0.0,False,0
p06,2026-03-16,4.89313048382741,0.06672276820617265,0.0,False,0
p07,2026-03-16,2.6866992666412144,-0.04075626052726254,0.04075626052726254,False,0
p08,2026-03-16,3.930597460592518,0.008004348456055722,0.0,False,100
p09,2026-03-16,328.75184524130856,-0.10427043611022083,0.10427043611022083,False,0
p10,2026-03-16,222.183415172757,0.06253791466771216,0.0,False,0
p01,2026-03-17,0.4366874904491931,-0.04951403526131815,0.04951403526131815,False,65
p02,2026-03-17,0.47624622977930076,-0.0380945858345841,0.0380945858345841,False,104
p03,2026-03-17,0.5035214460083368,-0.0559639493529874,0.0559639493529874,False,29
p04,2026-03-17,0.4177495474927335,-0.011690877886622729,0.011690877886622729,False,0
p05,2026-03-17,142.30049955939356,0.07869723922086144,0.0,False,0
p06,2026-03-17,5.208187048225994,0.0559639493529874,0.0,False,0
p07,2026-03-17,2.679021276528404,-0.04556875496777281,0.04556875496777281,False,4
p08,2026-03-17,3.4375550661699124,-0.009388512829776886,0.009388512829776886,False,100
p09,2026-03-17,282.9095529777418,0.015144935379935451,0.0,False,0
p10,2026-03-17,191.86514015486839,0.06687880319448589,0.0,False,0
p01,2026-03-18,0.43675273545760007,-0.026330717983658984,0.026330717983658984,False,40
p02,2026-03-18,0.47248572955903423,0.013126020671993553,0.0,False,104
p03,2026-03-18,0.5125700621057955,0.035065336226700626,0.0,False,9
p04,2026-03-18,0.4218841032843657,-0.03892097081573151,0.03892097081573151,False,0
p05,2026-03-18,49.980448652462535,0.01427012881687078,0.0,False,100
p06,2026-03-18,3.58379586016247,-0.035065336226700626,0.035065336226700626,False,0
p07,2026-03-18,2.6282630773294633,0.02343021879215696,0.0,False,4
p08,2026-03-18,3.4897850298537167,0.04159441389087722,0.0,False,100
p09,2026-03-18,99.7216784405607,0.14796349593401575,0.0,False,100
p10,2026-03-18,68.07515339463241,-0.01495367505145994,0.01495367505145994,False,100
p01,2026-03-19,0.4285398546809455,-0.019962751264632123,0.019962751264632123,False,10
p02,2026-03-19,0.4698649759946014,-0.020978096007046632,0.020978096007046632,False,104
p03,2026-03-19,0.5096074584393363,-0.03088690022330858,0.03088690022330858,False,49
p04,2026-03-19,0.43951236615666456,-0.0006307697530467792,0.0006307697530467792,False,0
p05,2026-03-19,49.43400478728378,0.032256124835096225,0.0,False,0
p06,2026-03-19,3.671680741187196,0.03088690022330858,0.0,False,0
p07,2026-03-19,1.8808867266055136,-0.02008250939256496,0.02008250939256496,False,4
p08,2026-03-19,3.1001513782111365,-0.029088947740952123,0.029088947740952123,False,100
p09,2026-03-19,97.04088351593508,-0.019745273848680987,0.019745273848680987,False,0
p10,2026-03-19,67.10090222327966,0.046597733955288274,0.0,False,0
p01,2026-03-20,0.4284137413449778,-0.03884295111376331,0.03884295111376331,False,5
p02,2026-03-20,0.46884171826190213,-0.015168152967317272,0.015168152967317272,False,104
p03,2026-03-20,0.5084858481678763,-0.040741568786947374,0.040741568786947374,False,49
p04,2026-03-20,0.43690614478248585,-0.02137254686656044,0.02137254686656044,False,0
p05,2026-03-20,48.18568908564219,0.04376542651908555,0.0,False,0
p06,2026-03-20,3.6929253776575917,0.040741568786947374,0.0,False,0
p07,2026-03-20,1.881988060096235,-0.005286455267865718,0.005286455267865718,False,4
p08,2026-03-20,3.0274415109711956,-0.05151028484912227,0.05151028484912227,False,100
p09,2026-03-20,94.98101300241896,0.021105970531430297,0.0,False,100
p10,2026-03-20,65.43096851073284,0.058228610385425025,0.0,False,0
p01,2026-03-23,0.4469112881403961,-0.006305310013793346,0.006305310013793346,False,0
p02,2026-03-23,0.45539004118330234,-0.046121872172903824,0.046121872172903824,False,100
p03,2026-03-23,0.505909548743911,-0.022234818758249376,0.022234818758249376,False,44
p04,2026-03-23,0.4420686853162641,0.006591872628231046,0.0,False,0
p05,2026-03-23,55.1941411488705,0.028724001532211513,0.0,False,0
p06,2026-03-23,3.174340833819349,0.022234818758249376,0.0,False,0
p07,2026-03-23,1.9373711823062423,-0.031998305735643495,0.031998305735643495,False,104
p08,2026-03-23,2.6924962927383893,0.009847462322331201,0.0,False,0
p09,2026-03-23,108.70996010076456,-0.04666632858565671,0.04666632858565671,False,0
p10,2026-03-23,74.71340311567369,0.05266819953199628,0.0,False,0
p01,2026-03-24,0.4379239056308652,-0.011006878639877028,0.011006878639877028,False,0
p02,2026-03-24,0.4487160234267921,0.010612773138909194,0.0,False,104
p03,2026-03-24,0.5038848546905214,-0.0002280884770206465,0.0002280884770206465,False,44
p04,2026-03-24,0.43620046436632837,0.005886635650257889,0.0,False,0
p05,2026-03-24,52.10928061726893,-0.003610681234956151,0.003610681234956151,False,0
p06,2026-03-24,3.1416634021115186,0.0002280884770206465,0.0,False,0
p07,2026-03-24,1.900173966139902,0.03192857812116982,0.0,False,104
p08,2026-03-24,2.5154455461740968,-0.06198262816254026,0.06198262816254026,False,100
p09,2026-03-24,102.66342469843467,0.04430153224411464,0.0,False,0
p10,2026-03-24,70.60238687075154,0.0016038650756967157,0.0,False,0
p01,2026-03-25,0.43521533522253975,0.0014661498180011164,0.0,False,0
p02,2026-03-25,0.4653730726014206,-0.027890229255111955,0.027890229255111955,False,103
p03,2026-03-25,0.5069688727260123,-0.02051962399087081,0.02051962399087081,False,24
p04,2026-03-25,0.4280615452626057,-0.0005597626726497656,0.0005597626726497656,False,0
p05,2026-03-25,55.57990867231105,0.027362026308980086,0.0,False,0
p06,2026-03-25,3.336747534341608,0.02051962399087081,0.0,False,0
p07,2026-03-25,1.9249388052176353,-0.03930446397991877,0.03930446397991877,False,104
p08,2026-03-25,2.4895850054081565,-0.0139124104062736,0.0139124104062736,False,100
p09,2026-03-25,109.41098605826896,0.010407236650555776,0.0,False,0
p10,2026-03-25,75.1971063870645,0.03404371060286307,0.0,False,0
p01,2026-03-26,0.4292530816550601,0.15139643495709298,0.0,False,0
p02,2026-03-26,0.4635178643454826,-0.026679573476854058,0.026679573476854058,False,104
p03,2026-03-26,0.5102246206642044,-0.016021193686348453,0.016021193686348453,False,9
p04,2026-03-26,0.42418229391196216,-0.029323795331484867,0.029323795331484867,False,0
p05,2026-03-26,55.70289318883375,-0.45186811857293824,0.45186811857293824,False,0
p06,2026-03-26,3.340097302306553,0.016021193686348453,0.0,False,0
p07,2026-03-26,1.9037868864242706,0.5073349484324983,0.0,False,104
p08,2026-03-26,2.479658040702414,0.004514839394470539,0.0,False,100
p09,2026-03-26,109.6566655408472,-0.8529343436231427,0.8529343436231427,False,0
p10,2026-03-26,75.3372387865583,-0.5636910202326703,0.5636910202326703,False,0
p01,2026-03-27,0.4261244536056239,-0.023024867942470634,0.023024867942470634,False,20
p02,2026-03-27,0.46521161921213405,-0.04220989470064719,0.04220989470064719,False,103
p03,2026-03-27,0.5034345199589108,0.25690125596617425,0.0,False,45
p04,2026-03-27,0.41784616262041063,-0.015314595999105753,0.015314595999105753,False,0
p05,2026-03-27,181.06176659905861,0.02214431543106405,0.0,False,100
p06,2026-03-27,3.2843859802988393,-0.25690125596617425,0.25690125596617425,False,0
p07,2026-03-27,1.8698538357025491,0.001797046523341883,0.0,False,104
p08,2026-03-27,2.520100473988719,-0.033154874732522786,0.033154874732522786,False,100
p09,2026-03-27,361.5198891998217,0.2616628721067946,0.0,False,100
p10,2026-03-27,242.24467978279716,-0.14322953406304756,0.14322953406304756,False,100
p01,2026-03-30,0.4252299556133741,0.07401403659965608,0.0,False,45
p02,2026-03-30,0.47161638782620174,-0.020765955825816865,0.020765955825816865,False,100
p03,2026-03-30,0.553351305627824,-0.04243541611927751,0.04243541611927751,False,4
p04,2026-03-30,0.41184912325556894,-0.014356184299417488,0.014356184299417488,False,0
p05,2026-03-30,157.49235833119118,-0.18461881932685498,0.18461881932685498,False,100
p06,2026-03-30,3.1820653077246654,0.04243541611927751,0.0,False,0
p07,2026-03-30,1.858059868677032,0.16970222242128627,0.0,False,104
p08,2026-03-30,2.51251416361279,-0.006428361182777519,0.006428361182777519,False,100
p09,2026-03-30,313.94095996805,-0.5227141967587712,0.5227141967587712,False,100
p10,2026-03-30,211.109935067038,-0.29136942642594865,0.29136942642594865,False,100
p01,2026-03-31,0.42563924636934747,0.040719787186669076,0.0,False,45
p02,2026-03-31,0.4628682580149529,-0.008181082830911634,0.008181082830911634,False,100
p03,2026-03-31,0.542901393917379,-0.04496474163392118,0.04496474163392118,False,4
p04,2026-03-31,0.4064332428654449,0.04287331649274638,0.0,False,0
p05,2026-03-31,559.701615073409,-0.002945766041551968,0.002945766041551968,False,100
p06,2026-03-31,3.2519281010345162,0.04496474163392118,0.0,False,0
p07,2026-03-31,1.9168943049313063,-0.08144973601601366,0.08144973601601366,False,104
p08,2026-03-31,2.388046139551231,-0.15347488762662748,0.15347488762662748,False,0
p09,2026-03-31,1118.5769133174288,-0.19138350369240917,0.19138350369240917,False,100
p10,2026-03-31,747.3430495041857,-0.027235449411236307,0.027235449411236307,False,100
p01,2026-04-01,0.43577616917096446,0.0037944190732721638,0.0,False,20
p02,2026-04-01,0.48143098017436103,-0.012636096630833052,0.012636096630833052,False,101
p03,2026-04-01,0.5426172883278587,-0.017769774248369327,0.017769774248369327,False,4
p04,2026-04-01,0.4186151963823705,-0.021518398476124436,0.021518398476124436,False,0
p05,2026-04-01,463.90312101491986,0.015952108895874978,0.0,False,100
p06,2026-04-01,3.4732165700427835,0.017769774248369327,0.0,False,0
p07,2026-04-01,2.128555441729951,-0.05993241355372146,0.05993241355372146,False,104
p08,2026-04-01,2.3145045469847902,0.026021305262270783,0.0,False,100
p09,2026-04-01,927.0946400710109,-0.08456016086334313,0.08456016086334313,False,100
p10,2026-04-01,619.6004333526588,0.0040890969173951845,0.0,False,100
p01,2026-04-02,0.4328289821196564,-0.0240413377264855,0.0240413377264855,False,60
p02,2026-04-02,0.4799624783445925,-0.07578948057174642,0.07578948057174642,False,100
p03,2026-04-02,0.5476991771916573,0.00340916913736433,0.0,False,4
p04,2026-04-02,0.4214529364137131,0.018441255316705117,0.0,False,0
p05,2026-04-02,435.9521614256871,0.031437593941165985,0.0,False,100
p06,2026-04-02,3.264012898138411,-0.00340916913736433,0.00340916913736433,False,0
p07,2026-04-02,2.039855800311586,0.002163221025674205,0.0,False,4
p08,2026-04-02,2.4077690503179183,-0.09596070947171799,0.09596070947171799,False,100
p09,2026-04-02,870.7554368781177,-0.0007025969267877644,0.0007025969267877644,False,100
p10,2026-04-02,582.3150998330802,0.10954871681726597,0.0,False,100
p01,2026-04-06,0.4335742265329563,-0.013493454362989706,0.013493454362989706,False,60
p02,2026-04-06,0.48368703697993626,-0.008969017354585532,0.008969017354585532,False,100
p03,2026-04-06,0.5469404640140306,-0.03322352381738132,0.03322352381738132,False,4
p04,2026-04-06,0.41911747871656824,-0.002243076815107832,0.002243076815107832,False,0
p05,2026-04-06,398.2425720828955,0.018610149152477336,0.0,False,100
p06,2026-04-06,3.311951898688727,0.03322352381738132,0.0,False,0
p07,2026-04-06,2.0420760688264,0.004477162997009815,0.0,False,4
p08,2026-04-06,2.4173622288349743,0.058546984925060656,0.0,False,100
p09,2026-04-06,795.301923771319,-0.01784106069520208,0.01784106069520208,False,100
p10,2026-04-06,532.0340691528964,0.055852807517149924,0.0,False,100
p01,2026-04-07,0.432852467659866,-0.015042603200519169,0.015042603200519169,False,40
p02,2026-04-07,0.4843239992932197,-0.045603668448340545,0.045603668448340545,False,100
p03,2026-04-07,0.5482158273373948,-0.016211792023205954,0.016211792023205954,False,4
p04,2026-04-07,0.41489937023885204,-0.005502972037169928,0.005502972037169928,False,0
p05,2026-04-07,339.34972173756245,0.03993677691048198,0.0,False,100
p06,2026-04-07,3.4123874007486914,0.016211792023205954,0.0,False,0
p07,2026-04-07,2.0353873002549947,-0.042817777159329364,0.042817777159329364,False,4
p08,2026-04-07,2.368290893912269,-0.043179932505382615,0.043179932505382615,False,100
p09,2026-04-07,677.619847261753,-0.08530747443920182,0.08530747443920182,False,100
p10,2026-04-07,453.4940281480206,0.004494923396253021,0.0,False,100
p01,2026-04-08,0.4308568318734817,0.016816827345371353,0.0,False,40
p02,2026-04-08,0.4810250841222015,0.007597438337202564,0.0,False,100
p03,2026-04-08,0.5466971694391599,-0.00941111532812023,0.00941111532812023,False,4
p04,2026-04-08,0.4156066046765399,0.012762083022008864,0.0,False,0
p05,2026-04-08,322.06060151959474,-0.006304014894981353,0.006304014894981353,False,100
p06,2026-04-08,3.340617714167112,0.00941111532812023,0.0,False,0
p07,2026-04-08,2.005003746543042,-0.03248342403808948,0.03248342403808948,False,4
p08,2026-04-08,2.3544362175551616,0.06599147692964524,0.0,False,100
p09,2026-04-08,643.0279022146989,-0.09717302034957298,0.09717302034957298,False,100
p10,2026-04-08,430.43580714801067,-0.05979618939751294,0.05979618939751294,False,100
p01,2026-04-09,0.44557064624916015,-0.015662178291024346,0.015662178291024346,False,100
p02,2026-04-09,0.5001093206256816,-0.0008132507736062448,0.0008132507736062448,False,100
p03,2026-04-09,0.5419924196659336,0.020501750086795313,0.0,False,19
p04,2026-04-09,0.38766397916858303,-0.01863261229262958,0.01863261229262958,False,45
p05,2026-04-09,288.9971479837288,-0.004175408034168038,0.004175408034168038,False,100
p06,2026-04-09,3.6913360337987005,-0.020501750086795313,0.020501750086795313,False,100
p07,2026-04-09,2.3444007689161124,0.03711754397558845,0.0,False,4
p08,2026-04-09,2.362292769666444,0.031356134114262676,0.0,False,100
p09,2026-04-09,576.3300453882899,0.07032460092365903,0.0,False,100
p10,2026-04-09,386.367502324812,0.025267396460833813,0.0,False,100
p01,2026-04-10,0.4439643906777618,-0.012303903679896292,0.012303903679896292,False,100
p02,2026-04-10,0.4995601954944355,0.010979753970670247,0.0,False,100
p03,2026-04-10,0.5380813505115236,0.017196686921744423,0.0,False,29
p04,2026-04-10,0.39133824779672477,-0.0072725733354540596,0.0072725733354540596,False,25
p05,2026-04-10,277.8658695187081,-0.017395257983985973,0.017395257983985973,False,100
p06,2026-04-10,3.6059918078296427,-0.017196686921744423,0.017196686921744423,False,100
p07,2026-04-10,2.2494364164450635,0.05771114444515271,0.0,False,4
p08,2026-04-10,2.327565200109021,-0.15324225209935644,0.15324225209935644,False,100
p09,2026-04-10,554.2054983622925,0.07530866562584629,0.0,False,100
p10,2026-04-10,371.5425307575173,0.01611787870990982,0.0,False,100
p01,2026-04-13,0.44279629969531975,0.01924122174806888,0.0,False,100
p02,2026-04-13,0.495880351031084,0.04078993384632302,0.0,False,101
p03,2026-04-13,0.5386195469135947,-0.03361940166296579,0.03361940166296579,False,34
p04,2026-04-13,0.39153805598393515,0.03836078161612858,0.0,False,20
p05,2026-04-13,258.512369932734,-0.010231282644249023,0.010231282644249023,False,100
p06,2026-04-13,3.5742097211753743,0.03361940166296579,0.0,False,100
p07,2026-04-13,2.1662544027516444,-0.01681772895730725,0.01681772895730725,False,4
p08,2026-04-13,2.310266346846901,0.10834159018079248,0.0,False,100
p09,2026-04-13,515.5338882292879,-0.038859979298546336,0.038859979298546336,False,100
p10,2026-04-13,345.73536432293844,0.04766054490870204,0.0,False,100
p01,2026-04-14,0.44224838367342795,0.06452076773984082,0.0,False,100
p02,2026-04-14,0.4980148574334683,-0.042504551657068096,0.042504551657068096,False,100
p03,2026-04-14,0.5403520260050066,0.026982600720897608,0.0,False,29
p04,2026-04-14,0.39253149673486765,-0.004948040820339173,0.004948040820339173,False,20
p05,2026-04-14,242.30940126431156,-0.0019504098537850793,0.0019504098537850793,False,100
p06,2026-04-14,3.5434176725303974,-0.026982600720897608,0.026982600720897608,False,100
p07,2026-04-14,2.146309959956513,-0.17328538039911298,0.17328538039911298,False,4
p08,2026-04-14,2.315841424412037,-0.04481363299868779,0.04481363299868779,False,100
p09,2026-04-14,483.15461878121135,-0.07969194389333412,0.07969194389333412,False,100
p10,2026-04-14,324.13045113464466,-0.07086645515057449,0.07086645515057449,False,100
p01,2026-04-15,0.45085351973611876,0.039672825025909006,0.0,False,100
p02,2026-04-15,0.48225741465517574,0.02326867499831793,0.0,False,100
p03,2026-04-15,0.5384683605523075,-0.018812582134480907,0.018812582134480907,False,64
p04,2026-04-15,0.3941734713963588,0.021153401097271964,0.0,False,5
p05,2026-04-15,232.4825170113304,0.039170869427618535,0.0,False,100
p06,2026-04-15,3.4337689236971185,0.018812582134480907,0.0,False,100
p07,2026-04-15,2.5835524808772568,-0.13985337687952404,0.13985337687952404,False,4
p08,2026-04-15,2.311530928129454,-0.03342194093000446,0.03342194093000446,False,55
p09,2026-04-15,463.53111388460013,-0.0530951750389181,0.0530951750389181,False,100
p10,2026-04-15,310.98446354669017,-0.005260104487138886,0.005260104487138886,False,100
p01,2026-04-16,0.4526485652955097,0.49354216176557925,0.0,False,100
p02,2026-04-16,0.48475088398256894,-0.013667508576246745,0.013667508576246745,False,100
p03,2026-04-16,0.53844431805025,0.09414279580932045,0.0,False,69
p04,2026-04-16,0.38937817507523953,8.297748153656206e-05,0.0,False,15
p05,2026-04-16,309.54710444794273,-1.2400097638806669,1.2400097638806669,False,104
p06,2026-04-16,3.3949393500311245,-0.09414279580932045,0.09414279580932045,False,100
p07,2026-04-16,2.692176085537789,1.2590263796392032,0.0,False,4
p08,2026-04-16,2.3333021487079533,-0.06469965575979843,0.06469965575979843,False,55
p09,2026-04-16,618.3209738428419,-2.275934930398505,2.275934930398505,False,104
p10,2026-04-16,413.7054652002509,-1.6442210353526576,1.6442210353526576,False,104
p01,2026-04-17,0.44650114643747335,-0.02765587118087514,0.02765587118087514,False,100
p02,2026-04-17,0.47991429753548676,-0.0028917300945756827,0.0028917300945756827,False,100
p03,2026-04-17,0.5382278538796682,-0.054606897838127985,0.054606897838127985,False,49
p04,2026-04-17,0.3885566912100109,0.006437547938454371,0.0,False,10
p05,2026-04-17,956.9605114887681,0.0631714127326122,0.0,False,104
p06,2026-04-17,3.4814552807254406,0.054606897838127985,0.0,False,100
p07,2026-04-17,2.688118711180138,-0.05502113854184347,0.05502113854184347,False,4
p08,2026-04-17,2.3110425405261124,0.02055121605658234,0.0,False,55
p09,2026-04-17,1913.0462765644054,0.05235440128386823,0.0,False,104
p10,2026-04-17,1276.9232019116455,0.12464772718379433,0.0,False,104
p01,2026-04-20,0.4317122921403104,-0.0055249969955192425,0.0055249969955192425,False,100
p02,2026-04-20,0.4782825663586405,-0.06234496500274307,0.06234496500274307,False,100
p03,2026-04-20,0.5428910256555349,0.027648867560302638,0.0,False,69
p04,2026-04-20,0.390437175568372,-0.01827282737703012,0.01827282737703012,False,0
p05,2026-04-20,656.6123263867091,0.017047979468219503,0.0,False,100
p06,2026-04-20,3.380114094331185,-0.027648867560302638,0.027648867560302638,False,0
p07,2026-04-20,2.281196339949589,-0.023767389444931262,0.023767389444931262,False,4
p08,2026-04-20,2.302401163195359,-0.17553848111002446,0.17553848111002446,False,55
p09,2026-04-20,1311.2744817307118,-0.03333040511385858,0.03333040511385858,False,100
p10,2026-04-20,876.4731995160253,0.005065509431346749,0.0,False,100
p01,2026-04-21,0.4291940246332516,-0.02648771681103291,0.02648771681103291,False,100
p02,2026-04-21,0.49417667291024026,0.05133691072600316,0.0,False,100
p03,2026-04-21,0.5419146229836436,-0.027212496854308512,0.027212496854308512,False,39
p04,2026-04-21,0.3851557898423947,0.003084567611175326,0.0,False,30
p05,2026-04-21,608.26864176831,-0.0006351787876535935,0.0006351787876535935,False,100
p06,2026-04-21,3.3820116578519133,0.027212496854308512,0.0,False,100
p07,2026-04-21,2.278266888339845,0.05163355134183246,0.0,False,4
p08,2026-04-21,2.323144028592574,0.0725025781684152,0.0,False,55
p09,2026-04-21,1214.6140496846567,0.14665998553785106,0.0,False,100
p10,2026-04-21,812.0408405671408,0.041094787040334646,0.0,False,100
p01,2026-04-22,0.43610177031680136,0.18405833546777758,0.0,False,100
p02,2026-04-22,0.4895301973949262,-0.0010637515338027931,0.0010637515338027931,False,104
p03,2026-04-22,0.5378063664658688,-0.028605655477054247,0.028605655477054247,False,44
p04,2026-04-22,0.38243459575112243,0.013137466399968944,0.0,False,30
p05,2026-04-22,533.3746817123937,-0.44317354122435715,0.44317354122435715,False,100
p06,2026-04-22,3.299475247477716,0.028605655477054247,0.0,False,100
p07,2026-04-22,2.3898997935678636,0.4432861639105867,0.0,False,4
p08,2026-04-22,2.440869668490616,-0.050341948515403016,0.050341948515403016,False,55
p09,2026-04-22,1064.7297380396058,-0.9532387134336593,0.9532387134336593,False,100
p10,2026-04-22,712.1606774552919,-0.5975004900002252,0.5975004900002252,False,100
p01,2026-04-23,0.42725088515619386,-0.021202605291331597,0.021202605291331597,False,100
p02,2026-04-23,0.4803422185433578,0.005627360917195936,0.0,False,101
p03,2026-04-23,0.54203635926136,0.005713354998760989,0.0,False,89
p04,2026-04-23,0.38698170876132953,-0.004178899199180652,0.004178899199180652,False,0
p05,2026-04-23,2615.1524576470615,0.0034187427532402395,0.0,False,100
p06,2026-04-23,3.2699105387032943,-0.005713354998760989,0.005713354998760989,False,0
p07,2026-04-23,2.285757722221482,0.027766698172195396,0.0,False,4
p08,2026-04-23,2.5013814826435166,-0.07370044272082957,0.07370044272082957,False,100
p09,2026-04-23,5228.440964758356,0.10248113410850072,0.0,False,100
p10,2026-04-23,3487.896913190211,-0.005872783602487507,0.005872783602487507,False,100
p01,2026-04-24,0.4426599211154133,-0.010298536924388757,0.010298536924388757,False,100
p02,2026-04-24,0.48007490340003534,-0.04375940771803432,0.04375940771803432,False,102
p03,2026-04-24,0.5421153447489429,0.033089491747953684,0.0,False,79
p04,2026-04-24,0.38274124762329964,-0.00514970545327821,0.00514970545327821,False,50
p05,2026-04-24,1673.3469473240777,0.0037238970018549054,0.0,False,100
p06,2026-04-24,3.303004773677688,-0.033089491747953684,0.033089491747953684,False,100
p07,2026-04-24,2.3013420152686552,0.02427562014706946,0.0,False,4
p08,2026-04-24,2.9531665021921176,-0.14454158344037987,0.14454158344037987,False,100
p09,2026-04-24,3344.456179266365,0.025923831710186453,0.0,False,100
p10,2026-04-24,2232.214157114028,0.020765838165120967,0.0,False,100
p01,2026-04-27,0.4415420477190612,0.018912536734694403,0.0,False,100
p02,2026-04-27,0.48711547438614744,0.24913633174780628,0.0,False,100
p03,2026-04-27,0.5392213939293254,-0.0650502036506466,0.0650502036506466,False,49
p04,2026-04-27,0.3826452294260574,-0.04696847266992719,0.04696847266992719,False,50
p05,2026-04-27,1363.2836689474495,-0.08973673546985303,0.08973673546985303,False,100
p06,2026-04-27,3.3956054535147713,0.0650502036506466,0.0,False,100
p07,2026-04-27,2.2520430086792707,0.12800947004795565,0.0,False,4
p08,2026-04-27,2.7929966602106564,0.5990288337754317,0.0,False,100
p09,2026-04-27,2724.3323684173893,0.23100002842565925,0.0,False,100
p10,2026-04-27,1818.7692200893275,-0.1283035782988423,0.1283035782988423,False,100
p01,2026-04-28,0.43733493253175987,0.03922104220781563,0.0,False,100
p02,2026-04-28,0.507515190801623,0.014032081057607757,0.0,False,100
p03,2026-04-28,0.5434702863758403,0.024456991450255164,0.0,False,14
p04,2026-04-28,0.406101864992499,-0.028660036950649746,0.028660036950649746,False,0
p05,2026-04-28,1188.6843112532636,-0.13050530070447566,0.13050530070447566,False,100
p06,2026-04-28,3.5538465662288465,-0.024456991450255164,0.024456991450255164,False,100
p07,2026-04-28,2.0900634734653645,0.1627251323803608,0.0,False,4
p08,2026-04-28,2.9482677027004787,-0.023304448813648383,0.023304448813648383,False,100
p09,2026-04-28,2374.9588022215835,-0.12960661001939094,0.12960661001939094,False,100
p10,2026-04-28,1585.9708993274494,-0.14688912397589576,0.14688912397589576,False,100
p01,2026-04-29,0.4367541783164902,-0.023786820710355518,0.023786820710355518,False,100
p02,2026-04-29,0.497891917407625,-0.028542546909086648,0.028542546909086648,False,85
p03,2026-04-29,0.5487759051247256,-0.02599093765653159,0.02599093765653159,False,4
p04,2026-04-29,0.3991815756637591,-0.039828796454678524,0.039828796454678524,False,0
p05,2026-04-29,2207.01092313086,0.027690783650675913,0.0,False,100
p06,2026-04-29,3.7864448200240237,0.02599093765653159,0.0,False,100
p07,2026-04-29,2.0842682266425547,-0.013142040304061924,0.013142040304061924,False,4
p08,2026-04-29,3.0119176660110942,0.06030378072078084,0.0,False,100
p09,2026-04-29,4411.246711839115,0.022488198876309488,0.0,False,100
p10,2026-04-29,2943.703444830639,0.05121676734512476,0.0,False,100
p01,2026-04-30,0.44083431066519485,0.03842456258607334,0.0,False,100
p02,2026-04-30,0.5009192729221222,0.1811279776535121,0.0,False,90
p03,2026-04-30,0.5480755993392834,0.004539078044738065,0.0,False,4
p04,2026-04-30,0.39358656076784276,0.027740011691702506,0.0,False,0
p05,2026-04-30,1640.33232194232,-0.09375770676596722,0.09375770676596722,False,100
p06,2026-04-30,3.6630569713140364,-0.004539078044738065,0.004539078044738065,False,100
p07,2026-04-30,2.038281352302026,0.09433262621528866,0.0,False,4
p08,2026-04-30,2.779113753398601,0.30013983466891164,0.0,False,100
p09,2026-04-30,3278.0620767398327,0.15369153942971162,0.0,False,100
p10,2026-04-30,2188.1127843230215,-0.10193304534941156,0.10193304534941156,False,100
p01,2026-05-01,0.4352317840467295,0.009482545227312178,0.0,False,100
p02,2026-05-01,0.5023948680197289,-0.058840533954443025,0.058840533954443025,False,85
p03,2026-05-01,0.5034405373170056,0.07175192990137545,0.0,False,39
p04,2026-05-01,0.39633550188039957,0.008197510307740642,0.0,False,0
p05,2026-05-01,1393.6491744711745,-0.01192109251756594,0.01192109251756594,False,100
p06,2026-05-01,3.3867588764269496,-0.07175192990137545,0.07175192990137545,False,100
p07,2026-05-01,1.941749076740316,0.013332655273695726,0.0,False,4
p08,2026-05-01,2.793502336288167,-0.0658107583451202,0.0658107583451202,False,104
p09,2026-05-01,2785.0152921866234,0.011924863561849006,0.0,False,100
p10,2026-05-01,1859.1998310745046,-0.013781918536115607,0.013781918536115607,False,100
p01,2026-05-04,0.4261613498386192,-0.02011965743079719,0.02011965743079719,False,100
p02,2026-05-04,0.49996047720138903,-0.05020156673939852,0.05020156673939852,False,85
p03,2026-05-04,0.4674779963563024,-0.013371481916079734,0.013371481916079734,False,40
p04,2026-05-04,0.39555299958208584,0.026166727834197337,0.0,False,0
p05,2026-05-04,1219.7111755199237,0.03405927023133826,0.0,False,100
p06,2026-05-04,3.1325417066076704,0.013371481916079734,0.0,False,100
p07,2026-05-04,1.7818213337158317,-0.018862921606717247,0.018862921606717247,False,4
p08,2026-05-04,2.751241188731441,-0.08817728302714574,0.08817728302714574,False,104
p09,2026-05-04,2437.109107144694,-0.07745838251595441,0.07745838251595441,False,100
p10,2026-05-04,1627.1033677349863,0.034204625824980614,0.0,False,100
p01,2026-05-05,0.41734489479287207,-0.01151274326302172,0.01151274326302172,False,100
p02,2026-05-05,0.5000028737406949,-0.03415121772625922,0.03415121772625922,False,55
p03,2026-05-05,0.45683042747459196,-0.011979361250720178,0.011979361250720178,False,40
p04,2026-05-05,0.3868894820641935,0.013956564178361365,0.0,False,40
p05,2026-05-05,1047.8136087745922,0.020434441085709416,0.0,False,100
p06,2026-05-05,3.0386272380305757,0.011979361250720178,0.0,False,100
p07,2026-05-05,1.7334631095098658,-0.009506113545400638,0.009506113545400638,False,4
p08,2026-05-05,2.6861913844449736,-0.005581449261936468,0.005581449261936468,False,104
p09,2026-05-05,2093.3430424917888,-0.03643704419464883,0.03643704419464883,False,100
p10,2026-05-05,1397.881026549521,0.023806194870814913,0.0,False,100
p01,2026-05-06,0.4124931761722326,-0.003357829386720472,0.003357829386720472,False,90
p02,2026-05-06,0.49867022924620047,0.0509670045115639,0.0,False,55
p03,2026-05-06,0.4558511633498358,-0.024345274334304723,0.024345274334304723,False,49
p04,2026-05-06,0.39382214262355025,0.029888918895487518,0.0,False,0
p05,2026-05-06,834.0583096735136,-0.005022083865020122,0.005022083865020122,False,100
p06,2026-05-06,3.030103523107994,0.024345274334304723,0.0,False,100
p07,2026-05-06,1.7197169094973184,0.014007013275974398,0.0,False,4
p08,2026-05-06,2.5609809842614837,-0.01647348797276729,0.01647348797276729,False,100
p09,2026-05-06,1665.9075905858376,0.044361103894274216,0.0,False,100
p10,2026-05-06,1112.886205375451,0.056744888700930904,0.0,False,100
p01,2026-05-07,0.4192619759374635,-0.028167016766046566,0.028167016766046566,False,100
p02,2026-05-07,0.54263364725455,-0.08388340901474427,0.08388340901474427,False,100
p03,2026-05-07,0.4540244783356784,0.061916893835812226,0.0,False,46
p04,2026-05-07,0.3944637073230998,-0.013012656791952059,0.013012656791952059,False,100
p05,2026-05-07,704.6700434295901,0.017693129158514277,0.0,False,100
p06,2026-05-07,3.2110239778756346,-0.061916893835812226,0.061916893835812226,False,100
p07,2026-05-07,1.666099244731166,0.022377211064336607,0.0,False,4
p08,2026-05-07,2.647632361932847,-0.11502253607486812,0.11502253607486812,False,100
p09,2026-05-07,1407.0115032690119,0.04785135988592182,0.0,False,100
p10,2026-05-07,940.4260708552829,0.06540194621837364,0.0,False,100
p01,2026-05-08,0.40970459089151556,0.02420744844850407,0.0,False,75
p02,2026-05-08,0.5250908752771662,0.12058389925846635,0.0,False,100
p03,2026-05-08,0.4613153902863763,-0.017650951917490044,0.017650951917490044,False,104
p04,2026-05-08,0.38669783936227764,-0.0042606401623675365,0.0042606401623675365,False,35
p05,2026-05-08,614.1269023068819,-0.06549672483558075,0.06549672483558075,False,100
p06,2026-05-08,3.0045143542904214,0.017650951917490044,0.0,False,100
p07,2026-05-08,1.5945618539286628,0.07979919950433922,0.0,False,4
p08,2026-05-08,2.6388859101002335,0.06554105353557539,0.0,False,100
p09,2026-05-08,1226.0832975049182,0.13851036696474167,0.0,False,100
p10,2026-05-08,819.7299249756264,-0.06481081332087807,0.06481081332087807,False,100
p01,2026-05-11,0.4079657903619615,-0.016561889477033288,0.016561889477033288,False,65
p02,2026-05-11,0.5164906416712578,0.00996005430608186,0.0,False,100
p03,2026-05-11,0.4623898114493425,-0.06630295886686609,0.06630295886686609,False,104
p04,2026-05-11,0.3865677879927601,0.01999051790261508,0.0,False,35
p05,2026-05-11,549.3927259562678,0.041949550237898224,0.0,False,100
p06,2026-05-11,2.916961873611816,0.06630295886686609,0.0,False,100
p07,2026-05-11,1.5820472648489585,-0.043639492984568616,0.043639492984568616,False,4
p08,2026-05-11,2.6211858658719946,-0.10778965111949976,0.10778965111949976,False,100
p09,2026-05-11,1096.6678392618833,-0.005607888358131249,0.005607888358131249,False,100
p10,2026-05-11,733.409649451862,0.05910196551520956,0.0,False,100
p01,2026-05-12,0.4077782546047189,-0.017572711669409952,0.017572711669409952,False,65
p02,2026-05-12,0.51371753647789,0.00021897948265469248,0.0,False,100
p03,2026-05-12,0.4565466821460931,-0.00010822159773485893,0.00010822159773485893,False,80
p04,2026-05-12,0.383270241749569,-0.004111756613945651,0.004111756613945651,False,30
p05,2026-05-12,496.89630287629666,0.003501754412056867,0.0,False,100
p06,2026-05-12,2.8116928102399807,0.00010822159773485893,0.0,False,100
p07,2026-05-12,1.5722275490762243,0.026400709219573465,0.0,False,4
p08,2026-05-12,2.6443949909779927,-0.10357184921867735,0.10357184921867735,False,100
p09,2026-05-12,991.7739279330468,0.05013787869758719,0.0,False,100
p10,2026-05-12,663.4203063300456,0.029646706341203758,0.0,False,100
p01,2026-05-13,0.4098515293637369,0.03598022243791302,0.0,False,90
p02,2026-05-13,0.5111910926682388,0.12092418248916935,0.0,False,100
p03,2026-05-13,0.44837056713939144,0.05587247848642645,0.0,False,65
p04,2026-05-13,0.38199054967158136,0.015698146741132523,0.0,False,40
p05,2026-05-13,417.9186266726375,-0.09112531321885826,0.09112531321885826,False,100
p06,2026-05-13,2.806428851898007,-0.05587247848642645,0.05587247848642645,False,100
p07,2026-05-13,1.5788166161085475,0.09017021491203739,0.0,False,4
p08,2026-05-13,2.6473256386790336,-0.18447086453961467,0.18447086453961467,False,100
p09,2026-05-13,833.7940696721555,0.1568654752057284,0.0,False,100
p10,2026-05-13,558.0806306095528,-0.10852124676925529,0.10852124676925529,False,100
p01,2026-05-14,0.41176317944402374,0.029382875941022228,0.0,False,10
p02,2026-05-14,0.5428643386976596,0.05830345786287735,0.0,False,0
p03,2026-05-14,0.4636743271265577,0.050416415103080287,0.0,False,0
p04,2026-05-14,0.38858803498351313,0.024654327373273617,0.0,False,0
p05,2026-05-14,334.22731157831356,-0.06085317508257945,0.06085317508257945,False,100
p06,2026-05-14,2.659984146518743,-0.050416415103080287,0.050416415103080287,False,100
p07,2026-05-14,1.572978923873328,0.04492070060088306,0.0,False,4
p08,2026-05-14,2.984072163391426,-0.27366701849470215,0.27366701849470215,False,100
p09,2026-05-14,666.2942131760595,0.07008041814773705,0.0,False,100
p10,2026-05-14,446.48854178266305,-0.09459339286504326,0.09459339286504326,False,100
p01,2026-05-15,0.415024008550188,-0.0073377737538954605,0.0073377737538954605,False,0
p02,2026-05-15,0.5340980793729831,-0.0025416677432824695,0.0025416677432824695,False,0
p03,2026-05-15,0.47074298336261877,0.03837762728759726,0.0,False,0
p04,2026-05-15,0.39448639271761554,-0.0302314947683278,0.0302314947683278,False,0
p05,2026-05-15,286.4594660489153,-0.020793891394026248,0.020793891394026248,False,100
p06,2026-05-15,2.8282656775509176,-0.03837762728759726,0.03837762728759726,False,100
p07,2026-05-15,1.5251505463450417,0.04233293803010412,0.0,False,4
p08,2026-05-15,3.2841686059035524,-0.046804694534633456,0.046804694534633456,False,104
p09,2026-05-15,570.5049886169467,0.09676125809736962,0.0,False,100
p10,2026-05-15,382.8354107928252,-0.04998103769339047,0.04998103769339047,False,100
p01,2026-05-18,0.4090285334004212,-0.02881083726577885,0.02881083726577885,False,60
p02,2026-05-18,0.5302886226943978,0.005141600673358662,0.0,False,0
p03,2026-05-18,0.4665350890553392,-0.10835721059201486,0.10835721059201486,False,0
p04,2026-05-18,0.3981110168589599,0.041172765393676855,0.0,False,100
p05,2026-05-18,202.28494700446382,0.04863126086945181,0.0,False,100
p06,2026-05-18,3.2847799714326347,0.10835721059201486,0.0,False,100
p07,2026-05-18,1.5353830791964405,-0.028813122231601086,0.028813122231601086,False,4
p08,2026-05-18,2.8826273572384586,-0.20525349670020748,0.20525349670020748,False,104
p09,2026-05-18,401.81795064103926,-0.1343801025305154,0.1343801025305154,False,100
p10,2026-05-18,270.599813036314,0.10055960640993822,0.0,False,100
p01,2026-05-19,0.40758701660967234,-0.018503254593825395,0.018503254593825395,False,75
p02,2026-05-19,0.5170016419956066,-0.03599536118854226,0.03599536118854226,False,10
p03,2026-05-19,0.4557169169044037,-0.0023060538631255465,0.0023060538631255465,False,94
p04,2026-05-19,0.3963674694286564,-0.030954013174966502,0.030954013174966502,False,100
p05,2026-05-19,6.580845699541829,0.023421872233460157,0.0,False,100
p06,2026-05-19,2.7220758172385215,0.0023060538631255465,0.0,False,100
p07,2026-05-19,1.5209487775771537,-0.015776815825858794,0.015776815825858794,False,4
p08,2026-05-19,2.9556002584303624,0.021910178073056865,0.0,False,104
p09,2026-05-19,11.051809777393657,0.0011722291291770305,0.0,False,100
p10,2026-05-19,9.651727509048248,0.018903532027817017,0.0,False,100
p01,2026-05-20,0.41048446789969645,0.02286502059771335,0.0,False,85
p02,2026-05-20,0.5178438313413395,-0.014032746612864227,0.014032746612864227,False,25
p03,2026-05-20,0.4553570776856791,0.011700904919702116,0.0,False,89
p04,2026-05-20,0.4034235383004251,0.041198372672699685,0.0,False,100
p05,2026-05-20,6.282297513389352,-0.003049657261372834,0.003049657261372834,False,100
p06,2026-05-20,2.767612666785014,-0.011700904919702116,0.011700904919702116,False,100
p07,2026-05-20,1.5089779057374888,-0.037873061697647675,0.037873061697647675,False,4
p08,2026-05-20,2.9309013215325015,-0.019323554243033537,0.019323554243033537,False,104
p09,2026-05-20,10.45131947895068,-0.10364936388482196,0.10364936388482196,False,100
p10,2026-05-20,9.264974489687749,-0.004257385623463034,0.004257385623463034,False,100
p01,2026-05-21,0.40467961372296096,0.022087220498613565,0.0,False,55
p02,2026-05-21,0.488889965391857,-0.03401436964496878,0.03401436964496878,False,50
p03,2026-05-21,0.4483450074961266,0.07035408682683977,0.0,False,35
p04,2026-05-21,0.3981140509363537,0.0380533376413323,0.0,False,85
p05,2026-05-21,5.962279403030392,-0.02276657989353595,0.02276657989353595,False,100
p06,2026-05-21,2.675099025375856,-0.07035408682683977,0.07035408682683977,False,100
p07,2026-05-21,1.4611724880692147,-0.0023504901888475906,0.0023504901888475906,False,4
p08,2026-05-21,2.744744810771774,-0.008446796772878736,0.008446796772878736,False,104
p09,2026-05-21,9.93386067997986,-0.011408562772246781,0.011408562772246781,False,100
p10,2026-05-21,8.840330635439742,-0.019066586071528252,0.019066586071528252,False,100
p01,2026-05-22,0.4050775734809257,-0.018453974538595392,0.018453974538595392,False,55
p02,2026-05-22,0.49003883803706433,-0.07778454146465304,0.07778454146465304,False,50
p03,2026-05-22,0.44861186309894624,-0.042367208404822915,0.042367208404822915,False,55
p04,2026-05-22,0.40005868917856674,0.022659183964217858,0.0,False,100
p05,2026-05-22,5.757742938499673,0.06270603370872072,0.0,False,100
p06,2026-05-22,2.5428448343388577,0.042367208404822915,0.0,False,100
p07,2026-05-22,1.4841613977497563,-0.0674755345716498,0.0674755345716498,False,4
p08,2026-05-22,2.755960039935901,-0.11514443900026732,0.11514443900026732,False,104
p09,2026-05-22,9.636020828630162,-0.1608925111662534,0.1608925111662534,False,100
p10,2026-05-22,8.569646379662935,0.13638415290970696,0.0,False,100
p01,2026-05-26,0.40709655651595733,-0.003376319525772402,0.003376319525772402,False,55
p02,2026-05-26,0.5195620743181498,-0.020753905142814177,0.020753905142814177,False,0
p03,2026-05-26,0.45049554386564417,0.062162363909239,0.0,False,20
p04,2026-05-26,0.40099246130935984,0.013245174802694116,0.0,False,100
p05,2026-05-26,5.741904743498604,-0.0021548317937752186,0.0021548317937752186,False,100
p06,2026-05-26,2.680751978806852,-0.062162363909239,0.062162363909239,False,100
p07,2026-05-26,1.507840380921008,0.0013333442567703014,0.0,False,4
p08,2026-05-26,2.7709205552103944,-0.11460976630848013,0.11460976630848013,False,104
p09,2026-05-26,9.320145624976988,0.02489023097101569,0.0,False,100
p10,2026-05-26,8.557744200689026,0.03286724616537326,0.0,False,100
p01,2026-05-27,0.40624240916388954,-0.004152472987238085,0.004152472987238085,False,60
p02,2026-05-27,0.5117206326645226,0.0010722379171192974,0.0,False,15
p03,2026-05-27,0.4634890914647217,-0.05015389463463177,0.05015389463463177,False,100
p04,2026-05-27,0.40357066628881255,-0.012921440056834255,0.012921440056834255,False,100
p05,2026-05-27,5.398015232583015,0.046702811582074316,0.0,False,100
p06,2026-05-27,2.6074099408658578,0.05015389463463177,0.0,False,4
p07,2026-05-27,1.4615063276019158,-0.07507752617029852,0.07507752617029852,False,4
p08,2026-05-27,2.6150914901330014,0.039765149487395006,0.0,False,104
p09,2026-05-27,8.741258965066379,0.026255773825609424,0.0,False,100
p10,2026-05-27,8.081983832343981,0.02337450288729381,0.0,False,100
p01,2026-05-28,0.40764712134592335,0.04839556315066552,0.0,False,60
p02,2026-05-28,0.5149998154216693,-0.05743117554793301,0.05743117554793301,False,10
p03,2026-05-28,0.4678917754335399,0.1317867395232623,0.0,False,101
p04,2026-05-28,0.40359995923203756,0.013114980528128662,0.0,False,101
p05,2026-05-28,3.487561845313061,-0.05931778123926967,0.05931778123926967,False,100
p06,2026-05-28,2.6162588871234154,-0.1317867395232623,0.1317867395232623,False,4
p07,2026-05-28,1.46382859693548,0.0143226672711479,0.0,False,4
p08,2026-05-28,2.6158808504439492,-0.005972232392939824,0.005972232392939824,False,104
p09,2026-05-28,4.989344365089745,-0.02905637133292877,0.02905637133292877,False,100
p10,2026-05-28,5.5590640918327425,-0.08194947826760453,0.08194947826760453,False,100
p01,2026-05-29,0.40689521546211077,0.016622021888800468,0.0,False,60
p02,2026-05-29,0.5172785122239743,-0.031601776647518134,0.031601776647518134,False,10
p03,2026-05-29,0.46824432703713054,-0.028134906356327496,0.028134906356327496,False,100
p04,2026-05-29,0.40991903994157713,-0.008150716908095846,0.008150716908095846,False,100
p05,2026-05-29,3.4455551889134246,0.021193988809556287,0.0,False,100
p06,2026-05-29,2.8935093370047844,0.028134906356327496,0.0,False,4
p07,2026-05-29,1.4798986545905601,-0.0883622880208858,0.0883622880208858,False,4
p08,2026-05-29,2.601086581851486,-0.024682454461206847,0.024682454461206847,False,104
p09,2026-05-29,4.83908238971469,-0.196811316692266,0.196811316692266,False,100
p10,2026-05-29,5.500185405087352,-0.08953554392056007,0.08953554392056007,False,100
p01,2026-06-01,0.40501499981356776,0.0023974093379312417,0.0,False,60
p02,2026-06-01,0.5163724538026444,-0.00412400900951072,0.00412400900951072,False,10
p03,2026-06-01,0.4667978756919351,0.04172924828247572,0.0,False,100
p04,2026-06-01,0.3929931579839905,0.008988097246984494,0.0,False,101
p05,2026-06-01,3.3921364847656705,0.03590238843402387,0.0,False,100
p06,2026-06-01,2.816830263273258,-0.04172924828247572,0.04172924828247572,False,104
p07,2026-06-01,1.5640878144041752,-0.09251830644549966,0.09251830644549966,False,4
p08,2026-06-01,2.6779832371666306,-0.05347037679732841,0.05347037679732841,False,104
p09,2026-06-01,4.781309794285358,0.01017241175982217,0.0,False,0
p10,2026-06-01,5.3901712870876,0.02577304714813087,0.0,False,100
p01,2026-06-02,0.40290607075718726,-0.03180792570986678,0.03180792570986678,False,60
p02,2026-06-02,0.5182750159196907,-0.008701282244652607,0.008701282244652607,False,5
p03,2026-06-02,0.4692814272408736,-0.06854186601300448,0.06854186601300448,False,104
p04,2026-06-02,0.391942635008455,-0.04391627105423046,0.04391627105423046,False,101
p05,2026-06-02,3.6514654308208705,0.03050464890080734,0.0,False,104
p06,2026-06-02,2.8373045276529667,0.06854186601300448,0.0,False,104
p07,2026-06-02,1.5819619378631726,0.0019339143494318863,0.0,False,0
p08,2026-06-02,2.6448510349007788,-0.03941869973978833,0.03941869973978833,False,104
p09,2026-06-02,4.869700064861423,-0.02144277479452738,0.02144277479452738,False,104
p10,2026-06-02,5.741297606542881,0.013999470102990224,0.0,False,104
p01,2026-06-03,0.4014582135133016,-0.002189211088381033,0.002189211088381033,False,65
p02,2026-06-03,0.5191712778656473,-0.029837064351651843,0.029837064351651843,False,0
p03,2026-06-03,0.45174409107529334,0.03362611187813725,0.0,False,104
p04,2026-06-03,0.39222966614491434,-0.013582719786354034,0.013582719786354034,False,101
p05,2026-06-03,3.5890342075616415,0.016425519168621804,0.0,False,104
p06,2026-06-03,2.5044783772351127,-0.03362611187813725,0.03362611187813725,False,104
p07,2026-06-03,1.5844917692411664,-0.023710984483422046,0.023710984483422046,False,0
p08,2026-06-03,2.6282100937774118,-0.0017687471813043962,0.0017687471813043962,False,100
p09,2026-06-03,5.009388479968138,0.011191094059878726,0.0,False,104
p10,2026-06-03,5.636220553164089,-0.01253159218717761,0.01253159218717761,False,104
p01,2026-06-04,0.4092731414455305,-0.018217073950686894,0.018217073950686894,False,85
p02,2026-06-04,0.5151114842672805,-0.07728435942553963,0.07728435942553963,False,15
p03,2026-06-04,0.4508235087055967,0.003957385230115318,0.0,False,104
p04,2026-06-04,0.3349630739919549,-0.0056660574498031205,0.0056660574498031205,False,101
p05,2026-06-04,3.9091403575750023,0.02830733786073831,0.0,False,104
p06,2026-06-04,3.272929577730876,-0.003957385230115318,0.003957385230115318,False,100
p07,2026-06-04,1.5198129879412856,-0.0031028600499312248,0.0031028600499312248,False,0
p08,2026-06-04,2.6574222620392396,-0.20429265671700197,0.20429265671700197,False,100
p09,2026-06-04,5.165617072727777,-0.03587954364254707,0.03587954364254707,False,104
p10,2026-06-04,6.074027207989754,0.06309037072520861,0.0,False,104
p01,2026-06-05,0.4094389219240265,-0.0549880484186225,0.0549880484186225,False,85
p02,2026-06-05,0.5111568671743115,-0.03806646121736544,0.03806646121736544,False,28
p03,2026-06-05,0.44659200133007726,-0.06034190227421748,0.06034190227421748,False,104
p04,2026-06-05,0.2815042844266179,-0.035803616076191126,0.035803616076191126,False,100
p05,2026-06-05,3.846752401565511,0.05706083732974192,0.0,False,100
p06,2026-06-05,3.1780470677818147,0.06034190227421748,0.0,False,100
p07,2026-06-05,1.7162231963050958,-0.015731047627871107,0.015731047627871107,False,0
p08,2026-06-05,2.636935902146992,-0.03521420791727077,0.03521420791727077,False,100
p09,2026-06-05,5.343232950664918,0.005138095881581741,0.0,False,104
p10,2026-06-05,6.040656653819702,0.05984734905840073,0.0,False,100
p01,2026-06-08,0.4270108821022306,0.018626561796643605,0.0,False,100
p02,2026-06-08,0.511967748523612,-0.04695253303128974,0.04695253303128974,False,55
p03,2026-06-08,0.4573390858991641,0.01926218813474151,0.0,False,100
p04,2026-06-08,0.29351872116233446,-0.000509770506531726,0.000509770506531726,False,100
p05,2026-06-08,3.7612344924544843,0.009776633355260007,0.0,False,100
p06,2026-06-08,2.816022117510292,-0.01926218813474151,0.01926218813474151,False,104
p07,2026-06-08,1.6350152040286057,-0.014152826395689811,0.014152826395689811,False,0
p08,2026-06-08,2.6116817639685572,0.0019957269111386304,0.0,False,104
p09,2026-06-08,5.289981803077663,0.029056863259083868,0.0,False,100
p10,2026-06-08,5.904025200804897,0.041545029656323965,0.0,False,100
p01,2026-06-09,0.41730984896883483,-0.038079649809458466,0.038079649809458466,False,50
p02,2026-06-09,0.5137942020595949,-0.04862584089262472,0.04862584089262472,False,65
p03,2026-06-09,0.440301674323858,-0.013335331324866029,0.013335331324866029,False,15
p04,2026-06-09,0.2661698838047917,-0.010345815667781467,0.010345815667781467,False,100
p05,2026-06-09,4.102566127237578,0.033344019057684915,0.0,False,100
p06,2026-06-09,2.982689846766317,0.013335331324866029,0.0,False,104
p07,2026-06-09,2.089042096621657,-0.0008012153753282313,0.0008012153753282313,False,0
p08,2026-06-09,2.4786946618462236,-0.04393575474224107,0.04393575474224107,False,104
p09,2026-06-09,5.775439669859767,-0.018218300114168102,0.018218300114168102,False,100
p10,2026-06-09,6.2747976727721255,0.0003330694767575311,0.0,False,100
p01,2026-06-10,0.4151689931601592,-0.007408857635622615,0.007408857635622615,False,50
p02,2026-06-10,0.5156464630037054,-0.06484183312140761,0.06484183312140761,False,80
p03,2026-06-10,0.4371799742661128,-0.023972516354735584,0.023972516354735584,False,55
p04,2026-06-10,0.266098425717449,-0.005876167725005908,0.005876167725005908,False,100
p05,2026-06-10,4.104873094956199,0.03198323566403298,0.0,False,100
p06,2026-06-10,2.941443748520929,0.023972516354735584,0.0,False,104
p07,2026-06-10,2.049700119797154,-0.034207066660076696,0.034207066660076696,False,0
p08,2026-06-10,2.4115829542037903,-0.12130883117716457,0.12130883117716457,False,104
p09,2026-06-10,5.838655714697411,-0.10513742570756104,0.10513742570756104,False,100
p10,2026-06-10,6.289495980962199,-0.0006607153751679931,0.0006607153751679931,False,100
p01,2026-06-11,0.41254170359982256,0.028401428608455945,0.0,False,50
p02,2026-06-11,0.5151289261585417,0.038970855134636016,0.0,False,50
p03,2026-06-11,0.4392529910247454,0.01246119685221634,0.0,False,5
p04,2026-06-11,0.2630526480142548,0.0034745959703465154,0.0,False,100
p05,2026-06-11,3.9501463857637584,-0.03544746651541433,0.03544746651541433,False,100
p06,2026-06-11,2.9840572474890306,-0.01246119685221634,0.01246119685221634,False,104
p07,2026-06-11,1.9982205752813615,0.011580750882243506,0.0,False,0
p08,2026-06-11,2.3929851883426347,-0.08571823480317539,0.08571823480317539,False,100
p09,2026-06-11,5.513864613894155,-0.012716594720596785,0.012716594720596785,False,100
p10,2026-06-11,6.075702443817643,-0.05044851398854276,0.05044851398854276,False,100
p01,2026-06-12,0.4064599041655392,-0.03360965914215447,0.03360965914215447,False,30
p02,2026-06-12,0.5025553024553593,-0.05992060335542161,0.05992060335542161,False,50
p03,2026-06-12,0.41889735096695807,-0.002110658575228742,0.002110658575228742,False,0
p04,2026-06-12,0.25679211251144274,0.009217680627682422,0.0,False,95
p05,2026-06-12,3.0022479100910386,0.03591896307138394,0.0,False,104
p06,2026-06-12,1.087278874095541,0.002110658575228742,0.0,False,104
p07,2026-06-12,1.8796307580075395,-0.016123533013094972,0.016123533013094972,False,0
p08,2026-06-12,2.461037103825279,0.05072259934485487,0.0,False,104
p09,2026-06-12,5.417673513997225,-0.026305475135515323,0.026305475135515323,False,104
p10,2026-06-12,4.83549831081102,0.036942004161909646,0.0,False,104
p01,2026-06-15,0.4116199664311968,0.015025967810446272,0.0,False,15
p02,2026-06-15,0.5182458111753957,0.011929776646678231,0.0,False,0
p03,2026-06-15,0.40854898858158767,-0.0012765423130928141,0.0012765423130928141,False,0
p04,2026-06-15,0.2653715466274051,0.014239917940434867,0.0,False,100
p05,2026-06-15,2.7424227380476824,0.004638021075797387,0.0,False,104
p06,2026-06-15,1.0015486694495592,0.0012765423130928141,0.0,False,104
p07,2026-06-15,1.7651418076389422,-0.04914596019635993,0.04914596019635993,False,0
p08,2026-06-15,2.6363945814423486,0.10030525096703208,0.0,False,104
p09,2026-06-15,4.926302834199287,-0.08626039899221694,0.08626039899221694,False,104
p10,2026-06-15,4.486213218013045,-0.014990069147209371,0.014990069147209371,False,104
p01,2026-06-16,0.3874132507715824,-0.014486025406884807,0.014486025406884807,False,50
p02,2026-06-16,0.505576694198565,-0.034833163725647535,0.034833163725647535,False,55
p03,2026-06-16,0.3981497731600965,-0.02018047955498283,0.02018047955498283,False,20
p04,2026-06-16,0.2205424604771611,-0.006643153711178696,0.006643153711178696,False,100
p05,2026-06-16,2.378274559853133,0.019426820620383707,0.0,False,104
p06,2026-06-16,0.9627911823036817,0.02018047955498283,0.0,False,104
p07,2026-06-16,1.9732971898113238,-9.799494709004626e-05,9.799494709004626e-05,False,0
p08,2026-06-16,2.665985480842945,0.027058633449223192,0.0,False,104
p09,2026-06-16,5.37771241900197,-0.055819699252851566,0.055819699252851566,False,0
p10,2026-06-16,4.214039944465145,0.015442995359449601,0.0,False,0
p01,2026-06-17,0.38768354787833154,-0.021999291182963475,0.021999291182963475,False,50
p02,2026-06-17,0.5071524706081161,-0.062423491540958664,0.062423491540958664,False,60
p03,2026-06-17,0.3976533343517454,-0.01679180540737521,0.01679180540737521,False,25
p04,2026-06-17,0.21976103202146097,0.014028811885176573,0.0,False,100
p05,2026-06-17,2.374547431534842,0.03935724616553332,0.0,False,104
p06,2026-06-17,0.9557846136676624,0.01679180540737521,0.0,False,104
p07,2026-06-17,1.9307062624074152,-0.023524000947016892,0.023524000947016892,False,0
p08,2026-06-17,2.643637474196432,-0.1524445597000696,0.1524445597000696,False,104
p09,2026-06-17,5.289416490404674,-0.04598202408055439,0.04598202408055439,False,0
p10,2026-06-17,4.154848820111658,0.026998544330996334,0.0,False,0
p01,2026-06-18,0.38706103082052895,0.1173045417680427,0.0,False,50
p02,2026-06-18,0.5168827455281831,0.25751369027150606,0.0,False,50
p03,2026-06-18,0.3992207395152388,0.05147147843649889,0.0,False,0
p04,2026-06-18,0.2178886984124628,0.012821234972664953,0.0,False,100
p05,2026-06-18,2.3209786898025175,-0.29525202368879333,0.29525202368879333,False,104
p06,2026-06-18,0.954662131576263,-0.05147147843649889,0.05147147843649889,False,104
p07,2026-06-18,1.8489720116169042,0.2872893940909086,0.0,False,0
p08,2026-06-18,2.523871692974237,0.4459805137727385,0.0,False,104
p09,2026-06-18,5.202339484450472,0.01250009010436167,0.0,False,0
p10,2026-06-18,4.104598564129812,-0.4219224502852417,0.4219224502852417,False,0
p01,2026-06-22,0.4083685516468641,-0.003156267093703041,0.003156267093703041,False,0
p02,2026-06-22,0.6104885896674389,0.10166722279947502,0.0,False,0
p03,2026-06-22,0.4222189190807143,-0.016857958850597023,0.016857958850597023,False,0
p04,2026-06-22,0.1912699580568367,0.0028538230488026955,0.0,False,70
p05,2026-06-22,22.518174843301107,-0.0033848104169488273,0.0033848104169488273,False,104
p06,2026-06-22,1.3275985864853652,0.016857958850597023,0.0,False,104
p07,2026-06-22,1.4746061325563948,0.021429264706104678,0.0,False,4
p08,2026-06-22,2.3277937635613966,0.2057023578925636,0.0,False,50
p09,2026-06-22,40.25894462912223,0.17532232916394858,0.0,False,104
p10,2026-06-22,30.70458675119271,0.007704326372005099,0.0,False,104
p01,2026-06-23,0.4045339064588816,0.005230243464444617,0.0,False,5
p02,2026-06-23,0.6036535831556618,0.0798520413553649,0.0,False,0
p03,2026-06-23,0.4199406776993376,0.009377692522292282,0.0,False,0
p04,2026-06-23,0.18975533264217356,-0.00884254316186459,0.00884254316186459,False,40
p05,2026-06-23,7.991424421997566,-0.051942463504094386,0.051942463504094386,False,104
p06,2026-06-23,1.1874940903847366,-0.009377692522292282,0.009377692522292282,False,104
p07,2026-06-23,1.507001569978468,0.06780043234208391,0.0,False,4
p08,2026-06-23,2.317425923033084,0.25647943888496505,0.0,False,45
p09,2026-06-23,9.281794080692015,0.055997644745999615,0.0,False,104
p10,2026-06-23,11.312183198431105,-0.10010335140778764,0.10010335140778764,False,104
p01,2026-06-24,0.40251353974228465,-0.023029811159890317,0.023029811159890317,False,15
p02,2026-06-24,0.5971226865180562,-0.03943765702539524,0.03943765702539524,False,0
p03,2026-06-24,0.41790002028981815,-0.01648699161954531,0.01648699161954531,False,0
p04,2026-06-24,0.19381653516617525,-0.0014145070622044835,0.0014145070622044835,False,100
p05,2026-06-24,8.145804593665174,0.033530963337110135,0.0,False,104
p06,2026-06-24,1.1994138655534468,0.01648699161954531,0.0,False,104
p07,2026-06-24,1.5435183233117993,-0.030195314710993282,0.030195314710993282,False,4
p08,2026-06-24,2.344970328297108,-0.08317983784256835,0.08317983784256835,False,49
p09,2026-06-24,8.341366958103944,-0.023847439674504145,0.023847439674504145,False,104
p10,2026-06-24,11.531192952447268,0.04171159049480923,0.0,False,104
p01,2026-06-25,0.3970990322489583,0.020190977421442206,0.0,False,20
p02,2026-06-25,0.5989042617444947,-0.11665555515146489,0.11665555515146489,False,0
p03,2026-06-25,0.41698154757146993,-0.015110174980386372,0.015110174980386372,False,0
p04,2026-06-25,0.19617729655907518,-0.002705135888790168,0.002705135888790168,False,100
p05,2026-06-25,5.788288786845973,0.07485991180746925,0.0,False,104
p06,2026-06-25,1.0671920660080871,0.015110174980386372,0.0,False,104
p07,2026-06-25,1.4935550284003443,-0.20018809641086138,0.20018809641086138,False,4
p08,2026-06-25,2.355229045366392,-0.26189982612713386,0.26189982612713386,False,49
p09,2026-06-25,8.891724495400506,-0.08484347814075731,0.08484347814075731,False,104
p10,2026-06-25,8.377289053523869,0.08027795841457125,0.0,False,104
p01,2026-06-26,0.39651436975259047,0.029097317703494063,0.0,False,20
p02,2026-06-26,0.5981659145929268,-0.0031728820255638264,0.0031728820255638264,False,0
p03,2026-06-26,0.4158554750720968,-0.01010162823436136,0.01010162823436136,False,0
p04,2026-06-26,0.19635036466539033,-0.018090898334105047,0.018090898334105047,False,100
p05,2026-06-26,5.529412582038745,0.005560113811186239,0.0,False,104
p06,2026-06-26,1.0548620243891969,0.01010162823436136,0.0,False,104
p07,2026-06-26,1.5769429920339597,-0.08173282944460102,0.08173282944460102,False,4
p08,2026-06-26,2.3700039739524543,-0.03693925228700681,0.03693925228700681,False,49
p09,2026-06-26,8.485813691995297,-0.10607902399084823,0.10607902399084823,False,104
p10,2026-06-26,8.035745139859674,-0.06861834900824179,0.06861834900824179,False,104
p01,2026-06-29,0.388837403234132,0.0009985943146562024,0.0,False,45
p02,2026-06-29,0.5909474477590878,-0.004255965803534843,0.004255965803534843,False,0
p03,2026-06-29,0.4151975002852347,-0.007440902651271919,0.007440902651271919,False,0
p04,2026-06-29,0.19315222389793812,-0.012048226154657242,0.012048226154657242,False,30
p05,2026-06-29,4.713726186171225,0.0023902287481042113,0.0,False,104
p06,2026-06-29,1.0401778231034324,0.007440902651271919,0.0,False,104
p07,2026-06-29,1.7451271329518967,-0.0018623392931776638,0.0018623392931776638,False,4
p08,2026-06-29,2.3751569559806884,-0.05106899795867067,0.05106899795867067,False,49
p09,2026-06-29,7.307289084785564,-0.033470003732081435,0.033470003732081435,False,104
p10,2026-06-29,6.886067884951549,-0.002299356574365979,0.002299356574365979,False,104
p01,2026-06-30,0.38464628196887396,0.03859435549442403,0.0,False,50
p02,2026-06-30,0.5815307523168202,0.16968198812553226,0.0,False,0
p03,2026-06-30,0.39941955797750883,0.02152934136850442,0.0,False,0
p04,2026-06-30,0.19743916505627043,-0.007458439776538095,0.007458439776538095,False,5
p05,2026-06-30,4.161867188001608,-0.09876440428420484,0.09876440428420484,False,104
p06,2026-06-30,1.0115710279602599,-0.02152934136850442,0.02152934136850442,False,104
p07,2026-06-30,1.5928443120298568,0.08744206494228636,0.0,False,4
p08,2026-06-30,2.384231973742641,0.4523838382265662,0.0,False,49
p09,2026-06-30,6.507291116820823,0.13724269772407277,0.0,False,104
p10,2026-06-30,6.164359863547985,-0.1489815228537828,0.1489815228537828,False,104
p01,2026-07-01,0.38613308315737893,-0.0013560198327886143,0.0013560198327886143,False,60
p02,2026-07-01,0.5821918912855847,-0.009610908227498792,0.009610908227498792,False,0
p03,2026-07-01,0.39693066472660987,-0.025363773683575654,0.025363773683575654,False,0
p04,2026-07-01,0.19663422989151655,-0.002734804129671963,0.002734804129671963,False,0
p05,2026-07-01,3.933421248796919,0.015393838429609947,0.0,False,104
p06,2026-07-01,1.0039455910639108,0.025363773683575654,0.0,False,104
p07,2026-07-01,1.562219963920033,-0.027818554012325546,0.027818554012325546,False,4
p08,2026-07-01,2.322967044261916,-0.036187414419436646,0.036187414419436646,False,30
p09,2026-07-01,6.012796089927877,-0.06494910406296141,0.06494910406296141,False,104
p10,2026-07-01,5.861379738513699,0.04466611877482022,0.0,False,104
p01,2026-07-02,0.3797813723319477,0.9701413189295045,0.0,False,60
p02,2026-07-02,0.5725656248410389,-0.02554918970214721,0.02554918970214721,False,0
p03,2026-07-02,0.3971669735790538,-0.004764928479477004,0.004764928479477004,False,0
p04,2026-07-02,0.19412660721827518,-0.02426006480515172,0.02426006480515172,False,0
p05,2026-07-02,3.621871382143139,-2.4125383885922522,2.4125383885922522,False,104
p06,2026-07-02,0.9987571593765596,0.004764928479477004,0.0,False,104
p07,2026-07-02,1.539520838806212,2.4554155264267488,0.0,False,4
p08,2026-07-02,2.3086690383760367,-0.006693512053294874,0.006693512053294874,False,50
p09,2026-07-02,5.549593542195992,-4.79534478141191,4.79534478141191,False,100
p10,2026-07-02,5.459839693638059,-3.233226275368567,3.233226275368567,False,104
p01,2026-07-06,0.38737579382647525,0.027459401766948235,0.0,False,55
p02,2026-07-06,0.575703940909524,-0.009660873454668518,0.009660873454668518,False,0
p03,2026-07-06,0.39584679134353395,0.016141103671459593,0.0,False,0
p04,2026-07-06,0.20413827734023648,-0.0034885461822125163,0.0034885461822125163,False,0
p05,2026-07-06,8.603179872245185,0.008127944099897876,0.0,False,0
p06,2026-07-06,0.9888165530552467,-0.016141103671459593,0.016141103671459593,False,104
p07,2026-07-06,1.5095042068965276,-0.07679084802624996,0.07679084802624996,False,4
p08,2026-07-06,2.3046614080210834,-0.1107909487596795,0.1107909487596795,False,50
p09,2026-07-06,17.930243922531638,-0.1331897866619312,0.1331897866619312,False,0
p10,2026-07-06,12.436015465204147,0.03045230895207458,0.0,False,0
p01,2026-07-07,0.3922919813219716,-0.027580292410961785,0.027580292410961785,False,60
p02,2026-07-07,0.560743984343073,-0.010129066083449724,0.010129066083449724,False,0
p03,2026-07-07,0.40601733994377526,-0.04328322328568164,0.04328322328568164,False,15
p04,2026-07-07,0.20306335830647454,-0.02516979851627196,0.02516979851627196,False,0
p05,2026-07-07,6.208202775826551,0.04600393005436639,0.0,False,0
p06,2026-07-07,1.3320004940350667,0.04328322328568164,0.0,False,100
p07,2026-07-07,1.816664268091713,-0.01387518973163773,0.01387518973163773,False,4
p08,2026-07-07,2.3601166198906425,0.08735592268509325,0.0,False,54
p09,2026-07-07,13.440798434216774,0.06489976715056356,0.0,False,0
p10,2026-07-07,9.175241686316623,0.08894700341401712,0.0,False,0
p01,2026-07-08,0.40789972304598493,-0.019933456327182967,0.019933456327182967,False,50
p02,2026-07-08,0.5629324968125887,-0.03318989907174778,0.03318989907174778,False,0
p03,2026-07-08,0.4082868853410802,0.0010976373214081313,0.0,False,15
p04,2026-07-08,0.20509947729115902,0.004850298689019605,0.0,False,0
p05,2026-07-08,4.691195708092791,0.000688963749509398,0.0,False,0
p06,2026-07-08,1.2640834287749398,-0.0010976373214081313,0.0010976373214081313,False,100
p07,2026-07-08,1.8392718049578185,0.02558597186310554,0.0,False,4
p08,2026-07-08,2.437037921252409,-0.03647200554459051,0.03647200554459051,False,49
p09,2026-07-08,10.40455529686765,-0.019592822105971935,0.019592822105971935,False,0
p10,2026-07-08,7.137817371438389,0.004460037712734885,0.0,False,0
p01,2026-07-09,0.41002878813997234,0.06222690585841108,0.0,False,50
p02,2026-07-09,0.5590682293008498,0.03228364813609923,0.0,False,0
p03,2026-07-09,0.40716942460347555,0.228173623904738,0.0,False,15
p04,2026-07-09,0.19836625762590068,-0.0030876654104476592,0.0030876654104476592,False,0
p05,2026-07-09,3.439569801802383,-0.13384203880564838,0.13384203880564838,False,4
p06,2026-07-09,1.2268634675534387,-0.228173623904738,0.228173623904738,False,100
p07,2026-07-09,1.7883259356932717,0.110705753100944,0.0,False,4
p08,2026-07-09,2.4046737227619293,0.06995098730816393,0.0,False,49
p09,2026-07-09,7.827949129177509,0.2147093389152238,0.0,False,4
p10,2026-07-09,5.465477525208406,-0.17404790632626824,0.17404790632626824,False,4
p01,2026-07-10,0.4131277441919458,-0.02652234688412533,0.02652234688412533,False,55
p02,2026-07-10,0.5583404721024806,-0.012145592613002354,0.012145592613002354,False,0
p03,2026-07-10,0.40957063229843005,-0.005311957807708479,0.005311957807708479,False,25
p04,2026-07-10,0.19654816474191839,-0.01260456407337104,0.01260456407337104,False,0
p05,2026-07-10,3.549269579925689,0.02019947978915811,0.0,False,0
p06,2026-07-10,1.527841156404052,0.005311957807708479,0.0,False,104
p07,2026-07-10,1.775265164962522,0.000377146702635299,0.0,False,4
p08,2026-07-10,2.4146720270368145,0.010890264167632658,0.0,False,49
p09,2026-07-10,7.969056097653147,0.03450542020908019,0.0,False,0
p10,2026-07-10,5.600619942057149,0.0368737026414077,0.0,False,0
p01,2026-07-13,0.41359184797416637,-0.0270381690919399,0.0270381690919399,False,50
p02,2026-07-13,0.5578161151721813,0.006367621164732509,0.0,False,0
p03,2026-07-13,0.4102577297584184,0.022394029634547185,0.0,False,20
p04,2026-07-13,0.2001373702697148,-0.031051434503674633,0.031051434503674633,False,0
p05,2026-07-13,3.63368412009318,-0.004826344645119695,0.004826344645119695,False,100
p06,2026-07-13,1.4848836430736423,-0.022394029634547185,0.022394029634547185,False,104
p07,2026-07-13,1.7155497136111801,0.03891701724249588,0.0,False,4
p08,2026-07-13,2.4235720872674142,0.0220347820076824,0.0,False,49
p09,2026-07-13,7.457835042024082,0.118483805162965,0.0,False,0
p10,2026-07-13,5.539211141337596,-0.014529641957699754,0.014529641957699754,False,100
p01,2026-07-14,0.41574904518107697,0.009939293216456768,0.0,False,55
p02,2026-07-14,0.560683744356374,0.012910627872605851,0.0,False,0
p03,2026-07-14,0.4090120608295743,0.014349836834746403,0.0,False,15
p04,2026-07-14,0.200705325259811,-0.017414154265332583,0.017414154265332583,False,30
p05,2026-07-14,3.502514823107136,-0.0060399891957218736,0.0060399891957218736,False,0
p06,2026-07-14,1.4383574326183537,-0.014349836834746403,0.014349836834746403,False,104
p07,2026-07-14,1.7314044690661272,-0.02097944647470062,0.02097944647470062,False,4
p08,2026-07-14,2.449550992625235,0.025752067951477706,0.0,False,4
p09,2026-07-14,7.651635008759602,-0.008491347274089537,0.008491347274089537,False,0
p10,2026-07-14,5.517435782615417,-0.008748018985835677,0.008748018985835677,False,0
p01,2026-07-15,0.4149870307548308,-0.027993837778042572,0.027993837778042572,False,60
p02,2026-07-15,0.5600033517287044,-0.0024439488589578263,0.0024439488589578263,False,0
p03,2026-07-15,0.40870077617840106,-0.029915472625994054,0.029915472625994054,False,10
p04,2026-07-15,0.19881124835425354,-0.0031193654445845543,0.0031193654445845543,False,25
p05,2026-07-15,3.6397889847523515,0.03472053059144402,0.0,False,0
p06,2026-07-15,1.3952056911426016,0.029915472625994054,0.0,False,104
p07,2026-07-15,1.7298427332521071,0.0015108013066080714,0.0,False,4
p08,2026-07-15,2.4604894479429262,-0.05939687062811498,0.05939687062811498,False,4
p09,2026-07-15,7.876505490345458,0.03178408117378885,0.0,False,0
p10,2026-07-15,5.691527441252849,0.05243395826302033,0.0,False,0
p01,2026-07-16,0.4160830931106359,-0.03371251636757558,0.03371251636757558,False,50
p02,2026-07-16,0.5532314372080164,-0.014723978651376679,0.014723978651376679,False,0
p03,2026-07-16,0.41053999215147063,0.06324419053883239,0.0,False,5
p04,2026-07-16,0.19753934731091113,-0.04200510792493109,0.04200510792493109,False,35
p05,2026-07-16,3.6982564150570414,-0.011524357609934806,0.011524357609934806,False,100
p06,2026-07-16,1.396220844213209,-0.06324419053883239,0.06324419053883239,False,104
p07,2026-07-16,1.6510372389154166,0.0676981148988135,0.0,False,4
p08,2026-07-16,2.4314108547105686,-0.013181983816043475,0.013181983816043475,False,4
p09,2026-07-16,7.524719647916089,0.1564584027156807,0.0,False,0
p10,2026-07-16,5.623100359100651,-0.0452606308300164,0.0452606308300164,False,100
p01,2026-07-17,0.4337513265489585,-0.012215579459869497,0.012215579459869497,False,0
p02,2026-07-17,0.5508035165462448,-0.051405216889841746,0.051405216889841746,False,0
p03,2026-07-17,0.38673756527779146,-0.013236307398533834,0.013236307398533834,False,40
p04,2026-07-17,0.2300683107350231,0.010642876951473701,0.0,False,0
p05,2026-07-17,3.8744309368096346,0.030202484926056112,0.0,False,100
p06,2026-07-17,1.0838232626164472,0.013236307398533834,0.0,False,104
p07,2026-07-17,1.4868820221224983,-0.031026982634448266,0.031026982634448266,False,4
p08,2026-07-17,2.411830187804573,0.07173895331508004,0.0,False,10
p09,2026-07-17,6.633847615565074,-0.07179094537767092,0.07179094537767092,False,0
p10,2026-07-17,5.863780657226428,0.04042790514321231,0.0,False,100
p01,2026-07-20,0.4317501295239922,-0.01741391560739925,0.01741391560739925,False,0
p02,2026-07-20,0.5498099977589453,-0.050233954287864535,0.050233954287864535,False,0
p03,2026-07-20,0.3879694836971566,-0.025383618523534594,0.025383618523534594,False,38
p04,2026-07-20,0.22954779465779865,0.009147430315935479,0.0,False,0
p05,2026-07-20,3.8567119614466123,0.031028349385145274,0.0,False,100
p06,2026-07-20,1.063541251417193,0.025383618523534594,0.0,False,104
p07,2026-07-20,1.479801438954094,-0.025688680775656902,0.025688680775656902,False,4
p08,2026-07-20,2.5761700942485724,0.002154588949160985,0.0,False,4
p09,2026-07-20,6.769913830073908,-0.07400435460785203,0.07400435460785203,False,0
p10,2026-07-20,5.841830985539081,0.024725562626532634,0.0,False,100
p01,2026-07-21,0.4282091244664162,0.05706843466430092,0.0,False,4
p02,2026-07-21,0.5383780687781116,-0.017846209707039533,0.017846209707039533,False,4
p03,2026-07-21,0.3888432180003729,0.1877039743017113,0.0,False,50
p04,2026-07-21,0.2327663553843969,0.021610968717194017,0.0,False,4
p05,2026-07-21,3.7202788204451207,-0.10175462164738465,0.10175462164738465,False,104
p06,2026-07-21,1.0230143432730618,-0.1877039743017113,0.1877039743017113,False,100
p07,2026-07-21,1.4577358869811832,0.09473235478914477,0.0,False,0
p08,2026-07-21,2.560240936218139,0.181290394228581,0.0,False,0
p09,2026-07-21,7.030684358971714,0.11505229613814542,0.0,False,4
p10,2026-07-21,5.667572934057923,-0.13966888594142618,0.13966888594142618,False,104
p01,2026-07-22,0.4314481898610936,-0.02576559900226211,0.02576559900226211,False,0
p02,2026-07-22,0.5373562309895832,-0.05320371930468939,0.05320371930468939,False,0
p03,2026-07-22,0.39418832259939224,-0.02693970037684237,0.02693970037684237,False,45
p04,2026-07-22,0.23418131108519233,-0.01652047776915797,0.01652047776915797,False,0
p05,2026-07-22,3.633784920491109,0.0426189327749935,0.0,False,100
p06,2026-07-22,1.2669588780916106,0.02693970037684237,0.0,False,104
p07,2026-07-22,1.385065781982804,-0.03826318532099665,0.03826318532099665,False,4
p08,2026-07-22,2.6941126016927615,-0.12465997224871743,0.12465997224871743,False,0
p09,2026-07-22,6.88669515002419,-0.058579246611661674,0.058579246611661674,False,0
p10,2026-07-22,5.504765385315005,0.01915488928355076,0.0,False,0
p01,2026-07-23,0.4282804692765547,-0.04404313850370691,0.04404313850370691,False,0
p02,2026-07-23,0.5308190079407651,0.0314352748626825,0.0,False,2
p03,2026-07-23,0.39613184300479154,-0.08887848586387732,0.08887848586387732,False,65
p04,2026-07-23,0.22989363408426688,-0.014117520136854678,0.014117520136854678,False,0
p05,2026-07-23,3.6483142674876907,0.039829527037609086,0.0,False,0
p06,2026-07-23,1.2040849389394117,0.08887848586387732,0.0,False,104
p07,2026-07-23,1.3759026672882526,0.0008904800493605772,0.0,False,4
p08,2026-07-23,2.5954534176028017,0.06080720062992941,0.0,False,0
p09,2026-07-23,6.99785542397403,0.02824895615303681,0.0,False,0
p10,2026-07-23,5.588143589402104,0.045619241093255276,0.0,False,0
p01,2026-07-24,0.4332582772854956,0.07799172917531512,0.0,False,0
p02,2026-07-24,0.5332339628483237,-0.04505561495943673,0.04505561495943673,False,0
p03,2026-07-24,0.4163059431564442,0.46071828471870646,0.0,False,58
p04,2026-07-24,0.22684314938531386,-0.025768254483013477,0.025768254483013477,False,0
p05,2026-07-24,67.3445154559317,-0.21199863752465156,0.21199863752465156,False,4
p06,2026-07-24,129.2422301051517,-0.46071828471870646,0.46071828471870646,False,4
p07,2026-07-24,1.4044054889625794,0.22521789765800151,0.0,False,4
p08,2026-07-24,2.605791173155527,0.04307939855582861,0.0,False,0
p09,2026-07-24,6.7738097965711574,0.4420453866806335,0.0,False,0
p10,2026-07-24,90.53330558115252,-0.3161530866371949,0.3161530866371949,False,4
p01,2026-07-27,0.4237281688096073,0.0077821379584823306,0.0,False,0
p02,2026-07-27,0.5249740049098998,-0.06546554294138969,0.06546554294138969,False,0
p03,2026-07-27,0.41839285993470365,-0.056294400269303484,0.056294400269303484,False,54
p04,2026-07-27,0.22091409900009196,-0.13026508620247784,0.13026508620247784,False,0
p05,2026-07-27,14.003713941653617,0.055896277616496515,0.0,False,104
p06,2026-07-27,22.904784562467448,0.056294400269303484,0.0,False,104
p07,2026-07-27,1.3694945863193955,-0.047236740086855064,0.047236740086855064,False,4
p08,2026-07-27,2.588380446949713,-0.09317781243523002,0.09317781243523002,False,0
p09,2026-07-27,7.068160627650626,-0.06204752054526221,0.06204752054526221,False,0
p10,2026-07-27,19.327567877966978,0.013364096971139525,0.0,False,104
p01,2026-07-28,0.41315735045993174,0.005718021214890314,0.0,False,0
p02,2026-07-28,0.5309795714873283,-0.04846298160812779,0.04846298160812779,False,4
p03,2026-07-28,0.41789002096282174,0.037263662145436596,0.0,False,40
p04,2026-07-28,0.3211049527364502,-0.03479935008919306,0.03479935008919306,False,4
p05,2026-07-28,38.85624546362677,0.010302130707473257,0.0,False,104
p06,2026-07-28,71.64677647037261,-0.037263662145436596,0.037263662145436596,False,104
p07,2026-07-28,1.307702688858503,0.0004412212943562775,0.0,False,0
p08,2026-07-28,2.5026682952086294,0.05382114940071203,0.0,False,4
p09,2026-07-28,7.147921087996929,0.03381829584478728,0.0,False,4
p10,2026-07-28,52.47815837854094,-0.004082446133822908,0.004082446133822908,False,104
p01,2026-07-29,0.41457689564187256,-0.02033872751019241,0.02033872751019241,False,4
p02,2026-07-29,0.531556242269152,-0.07256151858577792,0.07256151858577792,False,14
p03,2026-07-29,0.42180048332091635,-0.035376090989570355,0.035376090989570355,False,30
p04,2026-07-29,0.31474216450083714,-0.04556902235822052,0.04556902235822052,False,4
p05,2026-07-29,24.296276298396286,0.04970648368194358,0.0,False,104
p06,2026-07-29,42.595523529753166,0.035376090989570355,0.0,False,104
p07,2026-07-29,1.3412981663149022,-0.014089823709509482,0.014089823709509482,False,0
p08,2026-07-29,2.5365978020169617,0.04472795620273225,0.0,False,4
p09,2026-07-29,7.030852040586316,-0.0077436289754487485,0.0077436289754487485,False,4
p10,2026-07-29,33.05561506753164,0.050472897955022106,0.0,False,104
p01,2026-07-30,0.4184877909783102,0.0820478768412289,0.0,False,3
p02,2026-07-30,0.5444392435948222,0.15782401540807983,0.0,False,4
p03,2026-07-30,0.42839518534883464,0.052926119889147444,0.0,False,5
p04,2026-07-30,0.31978432945464413,-0.009065404932345235,0.009065404932345235,False,4
p05,2026-07-30,26.494958328459397,-0.11215287485811555,0.11215287485811555,False,104
p06,2026-07-30,46.92303805919547,-0.052926119889147444,0.052926119889147444,False,104
p07,2026-07-30,1.3081488332065137,0.06510463571787677,0.0,False,0
p08,2026-07-30,2.4182500433933245,0.39662551964306014,0.0,False,4
p09,2026-07-30,6.830578053760986,0.11744231348945927,0.0,False,4
p10,2026-07-30,36.01173876732953,0.1612899498424323,0.0,False,104
p01,2026-07-31,0.46371534727152713,-0.028726734717891424,0.028726734717891424,False,100
p02,2026-07-31,0.5787237512072697,0.03730788876094055,0.0,False,75
p03,2026-07-31,0.42085879589547354,-0.0038143737273060975,0.0038143737273060975,False,60
p04,2026-07-31,0.28743488244775367,-0.0344270406246768,0.0344270406246768,False,60
p05,2026-07-31,35.46324743195314,-0.0037764115742493724,0.0037764115742493724,False,4
p06,2026-07-31,63.75841560561968,0.0038143737273060975,0.0,False,4
p07,2026-07-31,1.5252134896455134,0.02994069497374139,0.0,False,4
p08,2026-07-31,2.355700688101919,-0.2016835674424487,0.2016835674424487,False,20
p09,2026-07-31,6.347613420651703,0.09148651373529468,0.0,False,100
p10,2026-07-31,46.36880914070008,-0.09672832233069152,0.09672832233069152,False,4
p01,2026-08-03,0.4433498211795161,0.023159081629916825,0.0,False,95
p02,2026-08-03,0.6049996062225348,-0.0024053139851867196,0.0024053139851867196,False,100
p03,2026-08-03,0.4203593781447532,-0.020808391375195502,0.020808391375195502,False,60
p04,2026-08-03,0.28922424646588496,0.012339825883715348,0.0,False,30
p05,2026-08-03,31.898333688861463,0.06706058049770955,0.0,False,4
p06,2026-08-03,57.56604593529272,0.020808391375195502,0.0,False,4
p07,2026-08-03,1.457397679191558,-0.10509029025361745,0.10509029025361745,False,4
p08,2026-08-03,4.327894297224963,-0.030619238308576983,0.030619238308576983,False,0
p09,2026-08-03,6.961333080486686,0.03270483876277147,0.0,False,104
p10,2026-08-03,42.762013817860165,0.05435701818404202,0.0,False,4
p01,2026-08-04,0.4488359054494008,0.001853412924614285,0.0,False,100
p02,2026-08-04,0.605138880402001,0.04863917995683056,0.0,False,100
p03,2026-08-04,0.42131753130726335,-0.014870984487343341,0.014870984487343341,False,55
p04,2026-08-04,0.28462910944626146,0.0018750497587380244,0.0,False,40
p05,2026-08-04,37.54843120193622,-0.016604922480440598,0.016604922480440598,False,4
p06,2026-08-04,71.7294636268465,0.014870984487343341,0.0,False,4
p07,2026-08-04,1.4901678546359416,0.01033108576260075,0.0,False,4
p08,2026-08-04,4.181387877730559,0.12223538366739845,0.0,False,0
p09,2026-08-04,30.630285566230476,0.023575169284309527,0.0,False,100
p10,2026-08-04,50.41318588990119,0.052061871754108716,0.0,False,4
p01,2026-08-05,0.4435293863273736,0.011828725838064456,0.0,False,100
p02,2026-08-05,0.6030641512571936,-0.002554958479016687,0.002554958479016687,False,100
p03,2026-08-05,0.4235754550083114,0.04778577397100833,0.0,False,45
p04,2026-08-05,0.2842521135054294,-0.003792983885719924,0.003792983885719924,False,35
p05,2026-08-05,31.02233870298585,-0.02552696989250565,0.02552696989250565,False,4
p06,2026-08-05,58.494355956483865,-0.04778577397100833,0.04778577397100833,False,4
p07,2026-08-05,1.4530368910836342,0.010715527775403012,0.0,False,4
p08,2026-08-05,4.079257788994596,0.027120477174654246,0.0,False,0
p09,2026-08-05,22.293664388350958,0.0005674813373434048,0.0,False,100
p10,2026-08-05,41.72371395286291,-0.08286695015692486,0.08286695015692486,False,4
p01,2026-08-06,0.44530553902924686,0.08334144402211913,0.0,False,100
p02,2026-08-06,0.5978126717661336,-0.03620671609298051,0.03620671609298051,False,100
p03,2026-08-06,0.4239738968979467,-0.009053175703278949,0.009053175703278949,False,100
p04,2026-08-06,0.2828194674983481,-0.0019780444552014113,0.0019780444552014113,False,40
p05,2026-08-06,31.275279499091724,-0.11255444101572437,0.11255444101572437,False,4
p06,2026-08-06,58.66546095348074,0.009053175703278949,0.0,False,4
p07,2026-08-06,1.4429338668218887,0.10090431717853704,0.0,False,4
p08,2026-08-06,4.436157200388416,-0.014895407812705423,0.014895407812705423,False,0
p09,2026-08-06,17.696318067797172,-0.35143051948776843,0.35143051948776843,False,100
p10,2026-08-06,42.15568851032168,-0.20647497029423645,0.20647497029423645,False,4
p01,2026-08-07,0.4421530729047851,0.012128410995000003,0.0,False,100
p02,2026-08-07,0.5953819926289486,-0.020686696786677283,0.020686696786677283,False,100
p03,2026-08-07,0.42636944903057866,0.05488615188455014,0.0,False,100
p04,2026-08-07,0.27655844790747686,0.010405128346854232,0.0,False,40
p05,2026-08-07,30.865860063558657,-0.02414380763520019,0.02414380763520019,False,4
p06,2026-08-07,58.10657909440892,-0.05488615188455014,0.05488615188455014,False,4
p07,2026-08-07,1.4231943789486294,0.017233183232001282,0.0,False,4
p08,2026-08-07,4.229262284304556,0.022658760105788003,0.0,False,0
p09,2026-08-07,21.907813519043636,0.048417836103702164,0.0,False,100
p10,2026-08-07,41.61300323656691,-0.016756251028505677,0.016756251028505677,False,4
p01,2026-08-10,0.4388617605820472,-0.014636482350830721,0.014636482350830721,False,100
p02,2026-08-10,0.5937225477342595,-0.04276744131847829,0.04276744131847829,False,100
p03,2026-08-10,0.4234964551847317,-0.0028821406774718894,0.0028821406774718894,False,85
p04,2026-08-10,0.2802725419873867,0.004140416000455038,0.0,False,20
p05,2026-08-10,28.424902742952128,0.015061412616615841,0.0,False,4
p06,2026-08-10,53.180053627395125,0.0028821406774718894,0.0,False,4
p07,2026-08-10,1.4206933333242078,0.0022027849343983046,0.0,False,4
p08,2026-08-10,4.087516380577144,0.07458576816951752,0.0,False,0
p09,2026-08-10,19.43071891240001,-0.07046838639330047,0.07046838639330047,False,100
p10,2026-08-10,38.39023146126246,0.04013043212428197,0.0,False,4
p01,2026-08-11,0.4360039989377146,0.04240461193347041,0.0,False,100
p02,2026-08-11,0.5907594520169521,-0.0401063877340461,0.0401063877340461,False,100
p03,2026-08-11,0.4235070947290349,0.282544598437736,0.0,False,85
p04,2026-08-11,0.2742889202904242,0.0021945313836760124,0.0,False,25
p05,2026-08-11,28.183848641102443,-0.11167072615373042,0.11167072615373042,False,4
p06,2026-08-11,52.71875683451531,-0.282544598437736,0.282544598437736,False,4
p07,2026-08-11,1.4037267472519406,0.10643424423715749,0.0,False,4
p08,2026-08-11,3.765051317634415,-0.09159836818478764,0.09159836818478764,False,0
p09,2026-08-11,18.049513355281164,0.25602216320894,0.0,False,100
p10,2026-08-11,38.08516223332435,-0.1633165478765855,0.1633165478765855,False,4
p01,2026-08-12,0.4364772711066506,0.022227782369867683,0.0,False,100
p02,2026-08-12,0.5886387534618018,0.04701152729248237,0.0,False,100
p03,2026-08-12,0.4224538131671967,-0.017814922863297524,0.017814922863297524,False,80
p04,2026-08-12,0.2759594161674419,0.026944921220395428,0.0,False,15
p05,2026-08-12,24.75557172567496,-0.02947829783780444,0.02947829783780444,False,4
p06,2026-08-12,45.85197908382855,0.017814922863297524,0.0,False,4
p07,2026-08-12,1.3866783321328708,0.003670854764388785,0.0,False,4
p08,2026-08-12,3.6534938140951727,0.11810850226406437,0.0,False,0
p09,2026-08-12,17.416054711887142,-0.008446586109070361,0.008446586109070361,False,100
p10,2026-08-12,33.51610534777086,0.0009085237002627328,0.0,False,4
p01,2026-08-13,0.42926472107213,-0.02040100113302047,0.02040100113302047,False,95
p02,2026-08-13,0.575986779591728,-0.037780971432486,0.037780971432486,False,100
p03,2026-08-13,0.4279289725583837,-0.09186630239295177,0.09186630239295177,False,100
p04,2026-08-13,0.2854242887034245,0.018318470672081012,0.0,False,0
p05,2026-08-13,24.516329675312903,0.044651332545799026,0.0,False,4
p06,2026-08-13,45.46631391460731,0.09186630239295177,0.0,False,4
p07,2026-08-13,1.3447635400947278,-0.03290926467381747,0.03290926467381747,False,4
p08,2026-08-13,3.616219366759502,-0.029920046983483165,0.029920046983483165,False,0
p09,2026-08-13,16.882741634238577,-0.16522134652013126,0.16522134652013126,False,100
p10,2026-08-13,33.23259741463555,0.07501494824433165,0.0,False,4
p01,2026-08-14,0.4270623894965204,0.008293398565262242,0.0,False,90
p02,2026-08-14,0.5728810581673,0.04212435671229434,0.0,False,100
p03,2026-08-14,0.43009398456051956,-0.010465880264856897,0.010465880264856897,False,100
p04,2026-08-14,0.28675751900081436,0.05760222078939097,0.0,False,0
p05,2026-08-14,28.948706131977218,-0.031268519215052706,0.031268519215052706,False,4
p06,2026-08-14,54.30729505168084,0.010465880264856897,0.0,False,4
p07,2026-08-14,1.3528524465627154,0.04498507354668582,0.0,False,4
p08,2026-08-14,3.5619720200347804,-0.058625358581971626,0.058625358581971626,False,0
p09,2026-08-14,16.30814296572832,0.014744031267062311,0.0,False,100
p10,2026-08-14,39.14533008360487,-0.019349910830943846,0.019349910830943846,False,4
p01,2026-08-17,0.42522854929736,-0.03169775807149132,0.03169775807149132,False,100
p02,2026-08-17,0.5812319617297221,-0.11305894376326694,0.11305894376326694,False,100
p03,2026-08-17,0.40973804856581736,-0.024296575130437648,0.024296575130437648,False,100
p04,2026-08-17,0.28242307925535576,-0.03455627528132954,0.03455627528132954,False,0
p05,2026-08-17,29.303515548586557,0.08343781397638536,0.0,False,4
p06,2026-08-17,54.913238475902624,0.024296575130437648,0.0,False,4
p07,2026-08-17,1.3285695586704012,-0.11720987764387639,0.11720987764387639,False,4
p08,2026-08-17,3.5571380684100258,0.11011654832564005,0.0,False,0
p09,2026-08-17,15.590946429225596,-0.1508786439963969,0.1508786439963969,False,100
p10,2026-08-17,39.60401188836997,-0.02994201704818683,0.02994201704818683,False,4
p01,2026-08-18,0.4345466519222756,-0.01211977046369328,0.01211977046369328,False,15
p02,2026-08-18,0.6326127824154004,0.01771726917579725,0.0,False,0
p03,2026-08-18,0.4134816980629225,-0.004011322884366718,0.004011322884366718,False,0
p04,2026-08-18,0.30956356338658303,-0.014350606767316322,0.014350606767316322,False,0
p05,2026-08-18,27.73563664403309,-0.0017018163963974495,0.0017018163963974495,False,4
p06,2026-08-18,51.78811644561366,0.004011322884366718,0.0,False,4
p07,2026-08-18,1.4563924636081387,0.02186503765495207,0.0,False,4
p08,2026-08-18,3.201631454562687,0.15125921938486353,0.0,False,4
p09,2026-08-18,12.760053242451402,0.06664803940759015,0.0,False,100
p10,2026-08-18,37.72173629481614,-0.0007619502143925046,0.0007619502143925046,False,4
p01,2026-08-19,0.4313488648981113,-0.011122743585513867,0.011122743585513867,False,25
p02,2026-08-19,0.6322316660408422,-0.012001315567891732,0.012001315567891732,False,0
p03,2026-08-19,0.4142278224463517,-0.01292127502976792,0.01292127502976792,False,0
p04,2026-08-19,0.3056848943156996,0.025432435227697836,0.0,False,0
p05,2026-08-19,25.629985394145994,0.00299125244987912,0.0,False,4
p06,2026-08-19,47.62512964574097,0.01292127502976792,0.0,False,4
p07,2026-08-19,1.4914483631777933,0.03232792116852794,0.0,False,4
p08,2026-08-19,3.1604012123799246,-0.05227456441027914,0.05227456441027914,False,4
p09,2026-08-19,12.17750344014765,0.01596937736689282,0.0,False,100
p10,2026-08-19,34.93943389595241,0.025624940474709344,0.0,False,4
p01,2026-08-20,0.425990414517862,0.016921551871887167,0.0,False,20
p02,2026-08-20,0.6230504000446376,0.02726982268490682,0.0,False,0
p03,2026-08-20,0.4157319802082331,0.007591278802375536,0.0,False,0
p04,2026-08-20,0.29233683746104816,-0.01759799737099625,0.01759799737099625,False,0
p05,2026-08-20,24.628920487558446,-0.013800322152410466,0.013800322152410466,False,4
p06,2026-08-20,45.02131889144392,-0.007591278802375536,0.007591278802375536,False,4
p07,2026-08-20,1.407722086697855,-0.012496319272056109,0.012496319272056109,False,0
p08,2026-08-20,3.646134930100109,-0.14413391599654052,0.14413391599654052,False,4
p09,2026-08-20,10.204507025341208,-0.009011038121893904,0.009011038121893904,False,100
p10,2026-08-20,33.53982860810193,-0.023801236633140557,0.023801236633140557,False,4
p01,2026-08-21,0.42235281975332634,0.02374719392316963,0.0,False,80
p02,2026-08-21,0.5798952490987576,0.12005628782986008,0.0,False,45
p03,2026-08-21,0.39931278529593556,-0.02628218712219952,0.02628218712219952,False,64
p04,2026-08-21,0.291928623260372,0.0075785822796533234,0.0,False,0
p05,2026-08-21,24.021647952817943,-0.04838695496436648,0.04838695496436648,False,4
p06,2026-08-21,43.416673093355335,0.02628218712219952,0.0,False,4
p07,2026-08-21,1.4247764400517355,0.05079204307766475,0.0,False,0
p08,2026-08-21,3.5708408231350175,0.3260665669066543,0.0,False,4
p09,2026-08-21,8.578431055377607,0.09317433594650085,0.0,False,100
p10,2026-08-21,32.74930375206208,-0.050551827530007455,0.050551827530007455,False,4
p01,2026-08-24,0.4234167945613841,-0.014008615790081634,0.014008615790081634,False,85
p02,2026-08-24,0.5854623144986054,0.047109835286164664,0.0,False,35
p03,2026-08-24,0.40645006085269364,-0.017527209937451518,0.017527209937451518,False,14
p04,2026-08-24,0.2810757917258067,0.01046611666309355,0.0,False,0
p05,2026-08-24,24.950546154133885,-0.016376678556448393,0.016376678556448393,False,4
p06,2026-08-24,44.617084142038586,0.017527209937451518,0.0,False,4
p07,2026-08-24,1.4217268226484499,0.04512403313609562,0.0,False,0
p08,2026-08-24,3.4065424127158526,0.08476771210045944,0.0,False,4
p09,2026-08-24,8.428057603023817,0.07072394476656987,0.0,False,100
p10,2026-08-24,33.95214207447792,0.002543599752357975,0.0,False,4
p01,2026-08-25,0.43288404947240666,0.016224515322972286,0.0,False,100
p02,2026-08-25,0.5861404094270874,-0.023968418738571383,0.023968418738571383,False,30
p03,2026-08-25,0.4023366829929286,0.00588224026562637,0.0,False,44
p04,2026-08-25,0.28301783473087405,0.049789579853570784,0.0,False,0
p05,2026-08-25,23.11457938244016,-0.0047729958623024355,0.0047729958623024355,False,4
p06,2026-08-25,41.333496279240755,-0.00588224026562637,0.00588224026562637,False,4
p07,2026-08-25,1.438968476206276,-0.001026405553255132,0.001026405553255132,False,0
p08,2026-08-25,3.2517959725451404,-0.0894785059486442,0.0894785059486442,False,4
p09,2026-08-25,8.561798325808121,-0.0506697337485858,0.0506697337485858,False,100
p10,2026-08-25,31.517133091754875,0.012700028081341408,0.0,False,4
p01,2026-08-26,0.42471120644412946,-0.0034471805926346837,0.0034471805926346837,False,70
p02,2026-08-26,0.5852442558368341,-0.012672391812836517,0.012672391812836517,False,35
p03,2026-08-26,0.4022754857310872,-0.006977969889361202,0.006977969889361202,False,19
p04,2026-08-26,0.2987291638340242,-0.012208608359735276,0.012208608359735276,False,0
p05,2026-08-26,21.80083334766745,0.01739005464414725,0.0,False,4
p06,2026-08-26,38.59327236550517,0.006977969889361202,0.0,False,4
p07,2026-08-26,1.425618680340007,-0.022985565285380715,0.022985565285380715,False,4
p08,2026-08-26,3.179592674213543,-0.028727847945906528,0.028727847945906528,False,4
p09,2026-08-26,8.336370166917895,0.00698187267175957,0.0,False,100
p10,2026-08-26,29.764822008823653,-0.018863929713051654,0.018863929713051654,False,4
p01,2026-08-27,0.4253593833468709,0.07370370772084334,0.0,False,75
p02,2026-08-27,0.5851377290356204,-0.0007328651078287278,0.0007328651078287278,False,30
p03,2026-08-27,0.40243528542096946,0.3614726887195617,0.0,False,19
p04,2026-08-27,0.2986623136869637,0.014315045559830474,0.0,False,0
p05,2026-08-27,21.220178209757034,-0.180068119792295,0.180068119792295,False,4
p06,2026-08-27,37.40061140994482,-0.3614726887195617,0.3614726887195617,False,4
p07,2026-08-27,1.4100985438199816,0.17132538076652154,0.0,False,0
p08,2026-08-27,3.155777600952674,-0.052949727122879285,0.052949727122879285,False,4
p09,2026-08-27,8.237302430434594,0.32604249979626143,0.0,False,100
p10,2026-08-27,28.97845218072469,-0.23890886572778053,0.23890886572778053,False,4
p01,2026-08-28,0.4252038532638563,-0.03034388464356512,0.03034388464356512,False,55
p02,2026-08-28,0.5909825778011945,-0.008952799862778537,0.008952799862778537,False,10
p03,2026-08-28,0.4106672046031922,-0.018463071635803317,0.018463071635803317,False,4
p04,2026-08-28,0.3015661596974203,-0.01995199067213401,0.01995199067213401,False,0
p05,2026-08-28,40.71245306610544,0.028023420336477842,0.0,False,104
p06,2026-08-28,75.43850928604519,0.018463071635803317,0.0,False,104
p07,2026-08-28,1.388244570685268,0.0007981406351225476,0.0,False,0
p08,2026-08-28,3.032251556397118,0.042648164853573596,0.0,False,4
p09,2026-08-28,8.239388360677529,0.040724091530700834,0.0,False,100
p10,2026-08-28,54.79653301578867,-0.002567890198738849,0.002567890198738849,False,104
p01,2026-08-31,0.4342997753055037,-0.012109983528846062,0.012109983528846062,False,95
p02,2026-08-31,0.581407271612456,0.021421282086677998,0.0,False,25
p03,2026-08-31,0.4085544141034554,-0.10440976586687786,0.10440976586687786,False,0
p04,2026-08-31,0.2999786796884058,-0.02549668566495951,0.02549668566495951,False,0
p05,2026-08-31,39.472653922632276,0.04452295226389758,0.0,False,104
p06,2026-08-31,73.03753789236025,0.10440976586687786,0.0,False,104
p07,2026-08-31,1.3867438358394844,-0.054707446484063636,0.054707446484063636,False,4
p08,2026-08-31,2.216734916307405,0.007688321436678698,0.0,False,4
p09,2026-08-31,8.11665009538399,-0.08965340630274357,0.08965340630274357,False,100
p10,2026-08-31,53.16308142505358,0.010258012126404922,0.0,False,104
p01,2026-09-01,0.42152011910643195,-0.03562779206394649,0.03562779206394649,False,70
p02,2026-09-01,0.5481713345133657,-0.04766599031409115,0.04766599031409115,False,5
p03,2026-09-01,0.40426786582759716,-0.008040940238910225,0.008040940238910225,False,40
p04,2026-09-01,0.28235914018776176,-0.008374321101499292,0.008374321101499292,False,0
p05,2026-09-01,461.2968193165452,0.027899891577171772,0.0,False,4
p06,2026-09-01,918.6019267295206,0.008040940238910225,0.0,False,4
p07,2026-09-01,1.3008864581034687,0.003656846608110403,0.0,False,0
p08,2026-09-01,1.453996377856182,-0.022901957668497827,0.022901957668497827,False,104
p09,2026-09-01,8.304168522448384,0.0008978104286453559,0.0,False,100
p10,2026-09-01,615.6581754317608,0.014318310234155283,0.0,False,4
p01,2026-09-02,0.43010581044342516,0.959216051893067,0.0,False,100
p02,2026-09-02,0.5504242724512619,-0.06851192107284187,0.06851192107284187,False,25
p03,2026-09-02,0.4032787997387149,4.921067403559579,0.0,False,40
p04,2026-09-02,0.27230375701295456,-6.758330021277952e-05,6.758330021277952e-05,False,5
p05,2026-09-02,295.0564894535225,-2.397695595462435,2.397695595462435,False,4
p06,2026-09-02,586.1078798364374,-4.921067403559579,4.921067403559579,False,4
p07,2026-09-02,1.3057038749140442,2.3883248140881754,0.0,False,4
p08,2026-09-02,1.4564191010075807,-0.0882095541515523,0.0882095541515523,False,104
p09,2026-09-02,8.371436116106803,4.890198382369325,0.0,False,100
p10,2026-09-02,394.002770066342,-3.214122154993915,3.214122154993915,False,4
p01,2026-09-03,0.427320095104809,-0.0431861675162687,0.0431861675162687,False,100
p02,2026-09-03,0.5411701986708133,-0.021313223771988344,0.021313223771988344,False,60
p03,2026-09-03,0.41189770514601187,-0.17822430436783726,0.17822430436783726,False,0
p04,2026-09-03,0.274109679266101,0.00858877106041039,0.0,False,0
p05,2026-09-03,211.0014011256547,0.10894206235544883,0.0,False,4
p06,2026-09-03,417.70010070162857,0.17822430436783726,0.0,False,4
p07,2026-09-03,1.3013028687973267,-0.09439934147267812,0.09439934147267812,False,4
p08,2026-09-03,1.468426909398165,-0.0605689218396948,0.0605689218396948,False,104
p09,2026-09-03,7.707118558916331,-0.1549091005783968,0.1549091005783968,False,100
p10,2026-09-03,281.93264079276423,0.14075706914858188,0.0,False,4
p01,2026-09-04,0.42531212742454977,-0.019642244174940968,0.019642244174940968,False,95
p02,2026-09-04,0.5408380166652228,-0.053712574573218264,0.053712574573218264,False,60
p03,2026-09-04,0.43847512669175565,-0.002187760626112454,0.002187760626112454,False,4
p04,2026-09-04,0.2694573898929892,0.002852758281617896,0.0,False,20
p05,2026-09-04,62.65709030034503,0.029264463841996224,0.0,False,4
p06,2026-09-04,121.99695951887715,0.002187760626112454,0.0,False,4
p07,2026-09-04,1.3008275942182088,-0.01860395710665797,0.01860395710665797,False,4
p08,2026-09-04,1.4514802847989632,0.010028241433780666,0.0,False,104
p09,2026-09-04,10.730274046620867,-0.04105016829768667,0.04105016829768667,False,100
p10,2026-09-04,84.13452919211865,-0.011018162710562333,0.011018162710562333,False,4
