instance,family,vertices,edges,reference_cut,runs,steps,seed,device,sbm_status,sbm_best_cut,sbm_median_seconds,sbm_min_seconds,sbm_max_seconds,sbm_gap_to_reference,sbm_gap_percent,sbm_sample_sha256,sbm_trial_seconds,sbm_trial_cuts,sbm_error,svl_status,svl_best_cut,svl_median_seconds,svl_min_seconds,svl_max_seconds,svl_gap_to_reference,svl_gap_percent,svl_sample_sha256,svl_trial_seconds,svl_trial_cuts,svl_error,trf_status,trf_best_cut,trf_median_seconds,trf_min_seconds,trf_max_seconds,trf_gap_to_reference,trf_gap_percent,trf_sample_sha256,trf_trial_seconds,trf_trial_cuts,trf_error,best_cut,quality_winners,fastest_solver,winner,status
g05_100.0,rudy,100,2475,1430,4,10000,1,cuda:7,ok,0.0,0.9811118029756472,0.9785195410950109,0.9831885000457987,1430.0,100.0,cd00e292c5970d3c5e2f0ffa5171e555bc46bfc4faddfb4a418b6840b86e79a3,"[0.9785195410950109, 0.9811118029756472, 0.9831885000457987]","[0.0, 0.0, 0.0]",,ok,1430.0,1.2633180300472304,1.2623399989679456,1.2661953470669687,0.0,0.0,d45e3df946c1c830e9d05481c352040a4887cca435809dfcdc73269496607818,"[1.2661953470669687, 1.2633180300472304, 1.2623399989679456]","[1430.0, 1430.0, 1430.0]",,ok,1379.0,0.42477132892236114,0.424721222021617,0.47597563301678747,51.0,3.5664335664335662,8f5c448014c5a52833ac7935672bae25cd8a4d1b9f8aeab47f4bdbf00ac79b7d,"[0.47597563301678747, 0.424721222021617, 0.42477132892236114]","[1379.0, 1379.0, 1379.0]",,1430.0,SVL,TRF,SVL,ok
g05_100.1,rudy,100,2475,1425,4,10000,1,cuda:4,ok,0.0,0.9729648269712925,0.9727431439096108,0.9759130080929026,1425.0,100.0,cd00e292c5970d3c5e2f0ffa5171e555bc46bfc4faddfb4a418b6840b86e79a3,"[0.9759130080929026, 0.9729648269712925, 0.9727431439096108]","[0.0, 0.0, 0.0]",,ok,1425.0,1.2514592339284718,1.2476294869557023,1.2522741520078853,0.0,0.0,6804f915bd7a28cc25a3455c9dbaa2c91e08709c97816892793527e9454ac1e7,"[1.2476294869557023, 1.2514592339284718, 1.2522741520078853]","[1425.0, 1425.0, 1425.0]",,ok,1388.0,0.41453457600437105,0.41393504303414375,0.4151037710253149,37.0,2.5964912280701755,a25407ab7425d7439530bcf378e2100a68d40829694bdc3bd7b155599583b7ac,"[0.41453457600437105, 0.41393504303414375, 0.4151037710253149]","[1388.0, 1388.0, 1388.0]",,1425.0,SVL,TRF,SVL,ok
g05_100.2,rudy,100,2475,1432,4,10000,1,cuda:2,ok,0.0,0.9809525449527428,0.978957342915237,0.982017184025608,1432.0,100.0,cd00e292c5970d3c5e2f0ffa5171e555bc46bfc4faddfb4a418b6840b86e79a3,"[0.978957342915237, 0.9809525449527428, 0.982017184025608]","[0.0, 0.0, 0.0]",,ok,1432.0,1.2665294569451362,1.2657252830686048,1.273847748991102,0.0,0.0,2db06201756030e39e5238d8bc59c93af4fb29f2f89a1f1ce8adf48ee5d0984d,"[1.2665294569451362, 1.2657252830686048, 1.273847748991102]","[1432.0, 1432.0, 1432.0]",,ok,1379.0,0.42331028496846557,0.4226180560654029,0.43785783799830824,53.0,3.701117318435754,cea6c5ae5071316dc992a724eea7678e163f8585e1fe42a1d7301f9e71bc5608,"[0.43785783799830824, 0.42331028496846557, 0.4226180560654029]","[1379.0, 1379.0, 1379.0]",,1432.0,SVL,TRF,SVL,ok
g05_100.3,rudy,100,2475,1424,4,10000,1,cuda:1,ok,0.0,0.9628131890203804,0.961633977945894,0.9659395089838654,1424.0,100.0,cd00e292c5970d3c5e2f0ffa5171e555bc46bfc4faddfb4a418b6840b86e79a3,"[0.9628131890203804, 0.961633977945894, 0.9659395089838654]","[0.0, 0.0, 0.0]",,ok,1423.0,1.2383849470643327,1.2369562290841714,1.242448133067228,1.0,0.0702247191011236,e523bf54d04c08b11500404a78da80aba1f9359059159fceaa21949eb8baf7b1,"[1.242448133067228, 1.2383849470643327, 1.2369562290841714]","[1423.0, 1423.0, 1423.0]",,ok,1386.0,0.4368983170716092,0.426692825043574,0.4553528359392658,38.0,2.668539325842697,fe50c233defdcae69d5816fda7ca4856a871f91745ed39f978baec62a22a48db,"[0.4553528359392658, 0.4368983170716092, 0.426692825043574]","[1386.0, 1386.0, 1386.0]",,1423.0,SVL,TRF,SVL,ok
g05_100.4,rudy,100,2475,1440,4,10000,1,cuda:6,ok,0.0,0.9022895159432665,0.9011461270274594,0.9041111610131338,1440.0,100.0,cd00e292c5970d3c5e2f0ffa5171e555bc46bfc4faddfb4a418b6840b86e79a3,"[0.9041111610131338, 0.9022895159432665, 0.9011461270274594]","[0.0, 0.0, 0.0]",,ok,1440.0,1.1709950809599832,1.1674347780644894,1.1710159230278805,0.0,0.0,b3b11984dc87f15c564afb049335cc177d8df6e006518993086f10fa4071dabc,"[1.1710159230278805, 1.1674347780644894, 1.1709950809599832]","[1440.0, 1440.0, 1440.0]",,ok,1401.0,0.4235362319741398,0.42337148205842823,0.4240764930145815,39.0,2.7083333333333335,8beb7b5904fd904a015ea80ec0a5b98ac9a9590b9033c20166504d94eb64f1f6,"[0.4240764930145815, 0.4235362319741398, 0.42337148205842823]","[1401.0, 1401.0, 1401.0]",,1440.0,SVL,TRF,SVL,ok
g05_100.5,rudy,100,2475,1436,4,10000,1,cuda:3,ok,0.0,0.9647691579302773,0.9638348050648347,0.964943127008155,1436.0,100.0,cd00e292c5970d3c5e2f0ffa5171e555bc46bfc4faddfb4a418b6840b86e79a3,"[0.9638348050648347, 0.9647691579302773, 0.964943127008155]","[0.0, 0.0, 0.0]",,ok,1435.0,1.2402752400375903,1.2392500030109659,1.2416341529460624,1.0,0.06963788300835655,34a923b8efdeb6de3cf1a3c77b2996dafdd5ec66e73e4c634b19201c894804b1,"[1.2416341529460624, 1.2392500030109659, 1.2402752400375903]","[1435.0, 1435.0, 1435.0]",,ok,1392.0,0.42689429700840265,0.4259825290646404,0.46339043497573584,44.0,3.064066852367688,c15ca8a68a13ff82e7f6f6b9911b87aca03afb6dd67e9917adb56940ca43ae81,"[0.46339043497573584, 0.42689429700840265, 0.4259825290646404]","[1392.0, 1392.0, 1392.0]",,1435.0,SVL,TRF,SVL,ok
g05_100.6,rudy,100,2475,1434,4,10000,1,cuda:5,ok,0.0,0.9735449419822544,0.9706431630766019,0.9755904560443014,1434.0,100.0,cd00e292c5970d3c5e2f0ffa5171e555bc46bfc4faddfb4a418b6840b86e79a3,"[0.9735449419822544, 0.9706431630766019, 0.9755904560443014]","[0.0, 0.0, 0.0]",,ok,1434.0,1.254571050987579,1.2505024978891015,1.2616772619076073,0.0,0.0,15bb9b12ea74e6795ee5cf37882bf7c700bfe643b783c30aa282c4a8b5a57550,"[1.254571050987579, 1.2505024978891015, 1.2616772619076073]","[1434.0, 1434.0, 1434.0]",,ok,1383.0,0.42613160505425185,0.4258136369753629,0.44826040300540626,51.0,3.5564853556485354,f16fcee517fd866df81cbdd114b01c6f18d6b29a7112a7f83cf1cc137d81fa67,"[0.44826040300540626, 0.42613160505425185, 0.4258136369753629]","[1383.0, 1383.0, 1383.0]",,1434.0,SVL,TRF,SVL,ok
g05_100.7,rudy,100,2475,1431,4,10000,1,cuda:0,ok,0.0,0.981416989932768,0.979027395020239,0.9859716939972714,1431.0,100.0,cd00e292c5970d3c5e2f0ffa5171e555bc46bfc4faddfb4a418b6840b86e79a3,"[0.981416989932768, 0.979027395020239, 0.9859716939972714]","[0.0, 0.0, 0.0]",,ok,1431.0,1.2629846619674936,1.260024948976934,1.264143708976917,0.0,0.0,7534fbb2b2062923ed3b21afa3f514a3c7355a2005c4c2097edfd1818ffcb3e8,"[1.260024948976934, 1.2629846619674936, 1.264143708976917]","[1431.0, 1431.0, 1431.0]",,ok,1397.0,0.4243365600705147,0.4239921550033614,0.4245373990852386,34.0,2.375960866526904,6113401ba6c6cf9a8aa122d6ffe1f159fda74c044baa1ba88f5e3841ac5c2c51,"[0.4243365600705147, 0.4245373990852386, 0.4239921550033614]","[1397.0, 1397.0, 1397.0]",,1431.0,SVL,TRF,SVL,ok
g05_100.8,rudy,100,2475,1432,4,10000,1,cuda:7,ok,0.0,0.9827942129923031,0.9819207820110023,0.9842755679273978,1432.0,100.0,cd00e292c5970d3c5e2f0ffa5171e555bc46bfc4faddfb4a418b6840b86e79a3,"[0.9827942129923031, 0.9819207820110023, 0.9842755679273978]","[0.0, 0.0, 0.0]",,ok,1430.0,1.2657241019187495,1.2646828290307894,1.2659207130782306,2.0,0.13966480446927373,362691102e49c63f8257d41e756da5f3f17ad303e98d38b08eb1f2ca5483eb96,"[1.2659207130782306, 1.2646828290307894, 1.2657241019187495]","[1430.0, 1430.0, 1430.0]",,ok,1393.0,0.42469110898673534,0.4246122130425647,0.4622572469525039,39.0,2.723463687150838,636d58e771b1bbdc143d319b56645139429786a774b2f98de7d66dc5acd1810e,"[0.4622572469525039, 0.42469110898673534, 0.4246122130425647]","[1393.0, 1393.0, 1393.0]",,1430.0,SVL,TRF,SVL,ok
g05_100.9,rudy,100,2475,1430,4,10000,1,cuda:4,ok,0.0,0.9710095679620281,0.9696400510147214,0.9736358339432627,1430.0,100.0,cd00e292c5970d3c5e2f0ffa5171e555bc46bfc4faddfb4a418b6840b86e79a3,"[0.9696400510147214, 0.9736358339432627, 0.9710095679620281]","[0.0, 0.0, 0.0]",,ok,1430.0,1.255891200969927,1.251929610967636,1.2568605040432885,0.0,0.0,6bd6f78ca846758a4e755238ca4f5b9b7557edbf62392ddc420e2caa76e44b0d,"[1.251929610967636, 1.255891200969927, 1.2568605040432885]","[1430.0, 1430.0, 1430.0]",,ok,1406.0,0.41374553507193923,0.41350343206431717,0.47024381801020354,24.0,1.6783216783216783,a1161b9dca132cb8ede7baee5d3ab1ca442a49cb525255f643c9165fa7e27c1c,"[0.47024381801020354, 0.41374553507193923, 0.41350343206431717]","[1406.0, 1406.0, 1406.0]",,1430.0,SVL,TRF,SVL,ok
g05_60.0,rudy,60,885,536,4,10000,1,cuda:3,ok,18.0,0.9626492200186476,0.9615146290743724,0.9640710080275312,518.0,96.64179104477611,6c88ba88d0663a09a1040aa91d55678ff7b3ced5fd74756ca798c22f8c2e29c3,"[0.9626492200186476, 0.9615146290743724, 0.9640710080275312]","[18.0, 18.0, 18.0]",,ok,536.0,1.2386873359791934,1.2364360919455066,1.2407479989342391,0.0,0.0,4ed63c49390acd075ef29540a1a10bf3fdf255cdeb23301c4a96e752bd92644e,"[1.2386873359791934, 1.2407479989342391, 1.2364360919455066]","[536.0, 536.0, 536.0]",,ok,518.0,0.40764609503094107,0.4073909899452701,0.4433088580844924,18.0,3.3582089552238807,cbdc160dd489ef2890ddcf28f82ef6332a9298c638d49396a44cbae536fa1ea3,"[0.4433088580844924, 0.40764609503094107, 0.4073909899452701]","[518.0, 518.0, 518.0]",,536.0,SVL,TRF,SVL,ok
g05_60.1,rudy,60,885,532,4,10000,1,cuda:4,ok,18.0,0.974768435000442,0.9716581020038575,0.9788928780471906,514.0,96.61654135338345,f8e869d2486e2233c285035cc7d37d1f12167deddc99e7798eafee5d3c05536c,"[0.9716581020038575, 0.974768435000442, 0.9788928780471906]","[18.0, 18.0, 18.0]",,ok,532.0,1.2513261209242046,1.2494551999261603,1.25188446091488,0.0,0.0,a1ceff933143a57a7cc66b32dbf5651145719bdc4b90f473ff5f984b4824a34f,"[1.2513261209242046, 1.2494551999261603, 1.25188446091488]","[532.0, 532.0, 532.0]",,ok,514.0,0.3931005139602348,0.39282853703480214,0.4294789439300075,18.0,3.3834586466165413,5ba10c0824373fb465f8353b41863b085256b128b8dcbe5ce139f42fd3f40c8e,"[0.4294789439300075, 0.3931005139602348, 0.39282853703480214]","[514.0, 514.0, 514.0]",,532.0,SVL,TRF,SVL,ok
g05_60.2,rudy,60,885,529,4,10000,1,cuda:3,ok,0.0,0.9651876610005274,0.9608374200761318,0.9693260879721493,529.0,100.0,5dcc1b5872dd9ff1c234501f1fefda01f664164e1583c3e1bb3dbea47588ab31,"[0.9608374200761318, 0.9693260879721493, 0.9651876610005274]","[0.0, 0.0, 0.0]",,ok,529.0,1.239774098037742,1.238815582008101,1.2406781628960744,0.0,0.0,5ddf4f92618f23131fdb0884bef9a472bfc47620bd6530e55f4128bdd6c3d398,"[1.2406781628960744, 1.239774098037742, 1.238815582008101]","[529.0, 529.0, 529.0]",,ok,510.0,0.41550572006963193,0.41518965596333146,0.42620840505696833,19.0,3.5916824196597354,a1b7359dfdd31fcdf74e27c70d47473bca6ea602789a6de0f21ba946c8909ec8,"[0.42620840505696833, 0.41550572006963193, 0.41518965596333146]","[510.0, 510.0, 510.0]",,529.0,SVL,TRF,SVL,ok
g05_60.3,rudy,60,885,538,4,10000,1,cuda:5,ok,0.0,0.9742524370085448,0.9728059760527685,0.9765805080533028,538.0,100.0,5dcc1b5872dd9ff1c234501f1fefda01f664164e1583c3e1bb3dbea47588ab31,"[0.9765805080533028, 0.9728059760527685, 0.9742524370085448]","[0.0, 0.0, 0.0]",,ok,538.0,1.2511123860022053,1.2465395409381017,1.25220928597264,0.0,0.0,3ace2fdd6231ea75cf75f14dccc8d4edfa38adc59fb15509bf2ef543181bcbd9,"[1.25220928597264, 1.2511123860022053, 1.2465395409381017]","[538.0, 538.0, 538.0]",,ok,530.0,0.40358764200937003,0.4032629719004035,0.4239615750266239,8.0,1.486988847583643,ad495b50b124039e0789de7da3e74e6f37769bdc9dfd20228fe161151ffd867c,"[0.4239615750266239, 0.40358764200937003, 0.4032629719004035]","[530.0, 530.0, 530.0]",,538.0,SVL,TRF,SVL,ok
g05_60.4,rudy,60,885,527,4,10000,1,cuda:4,ok,39.0,0.9718626219546422,0.9697847940260544,0.9726306349039078,488.0,92.59962049335863,4ea5bb6a4b5bc86f8d48975ef5b0649259fef44588d84ff90d382c7d93077daa,"[0.9726306349039078, 0.9697847940260544, 0.9718626219546422]","[39.0, 39.0, 39.0]",,ok,527.0,1.2505418210057542,1.2500324200373143,1.2508605470648035,0.0,0.0,5aa1927204f80d1cc6ebb82773339563fbb17eec69774286c8f488423e0347b1,"[1.2505418210057542, 1.2508605470648035, 1.2500324200373143]","[527.0, 527.0, 527.0]",,ok,510.0,0.39059818792156875,0.39039146900177,0.40956907195504755,17.0,3.225806451612903,03067f186ba57000dab4992a6a0c2e492ac3dd33ff65fe9e7a7daeed2c467a6d,"[0.40956907195504755, 0.39059818792156875, 0.39039146900177]","[510.0, 510.0, 510.0]",,527.0,SVL,TRF,SVL,ok
g05_60.5,rudy,60,885,533,4,10000,1,cuda:1,ok,23.0,0.9615663840668276,0.9608183249365538,0.9669792900094762,510.0,95.68480300187618,0e11744640395f4469553c97d8138873fa40b2725cac58cf559e3416e9a7705b,"[0.9615663840668276, 0.9608183249365538, 0.9669792900094762]","[23.0, 23.0, 23.0]",,ok,533.0,1.238790694042109,1.2385699750157073,1.2390780039131641,0.0,0.0,30890ff38c4b09b5785e3ef3257619ae3ca630453cda39922adb8304a6be36df,"[1.238790694042109, 1.2390780039131641, 1.2385699750157073]","[533.0, 533.0, 533.0]",,ok,517.0,0.40519763494376093,0.4049318499164656,0.42639332998078316,16.0,3.0018761726078798,1a54e30c35e2acd3417af05b32f1b4503274f6c81279acc8affbb817a17d9cff,"[0.42639332998078316, 0.40519763494376093, 0.4049318499164656]","[517.0, 517.0, 517.0]",,533.0,SVL,TRF,SVL,ok
g05_60.6,rudy,60,885,531,4,10000,1,cuda:3,ok,0.0,0.9638360789977014,0.963501137914136,0.9649279930163175,531.0,100.0,5dcc1b5872dd9ff1c234501f1fefda01f664164e1583c3e1bb3dbea47588ab31,"[0.9649279930163175, 0.9638360789977014, 0.963501137914136]","[0.0, 0.0, 0.0]",,ok,531.0,1.2428634579991922,1.2400033499579877,1.2503103060880676,0.0,0.0,425c08b5285a53b611be9465b8ca33a51cacfe93fee54aeba12f1be84d2da131,"[1.2400033499579877, 1.2503103060880676, 1.2428634579991922]","[531.0, 531.0, 531.0]",,ok,521.0,0.40581635397393256,0.4055155230453238,0.43735726503655314,10.0,1.8832391713747645,9576e0feb7e4d9c15dd89816523e29b5f7ec42d3189d21d1333e8f661f021342,"[0.43735726503655314, 0.40581635397393256, 0.4055155230453238]","[521.0, 521.0, 521.0]",,531.0,SVL,TRF,SVL,ok
g05_60.7,rudy,60,885,535,4,10000,1,cuda:5,ok,22.0,0.9746620809892192,0.968516026972793,0.9747716030105948,513.0,95.88785046728972,8c5383dcac6f8ce264381777421e9144190e285b1dd252e6653e0bd7ff174fbe,"[0.968516026972793, 0.9746620809892192, 0.9747716030105948]","[22.0, 22.0, 22.0]",,ok,535.0,1.249763332074508,1.2488903610501438,1.2520949499448761,0.0,0.0,9d9032904cfe69ca2f01718f784888e91e38d1b39d301880579374aa85a4b035,"[1.2520949499448761, 1.2488903610501438, 1.249763332074508]","[535.0, 535.0, 535.0]",,ok,525.0,0.40240093204192817,0.40236623596865684,0.4311349510680884,10.0,1.8691588785046729,b15926d609f745c72ca227a84d1f2546693dd085c516d706ae22741d4956c83d,"[0.4311349510680884, 0.40240093204192817, 0.40236623596865684]","[525.0, 525.0, 525.0]",,535.0,SVL,TRF,SVL,ok
g05_60.8,rudy,60,885,530,4,10000,1,cuda:0,ok,0.0,0.9795955659355968,0.9777053750585765,0.9861052799969912,530.0,100.0,5dcc1b5872dd9ff1c234501f1fefda01f664164e1583c3e1bb3dbea47588ab31,"[0.9795955659355968, 0.9777053750585765, 0.9861052799969912]","[0.0, 0.0, 0.0]",,ok,528.0,1.2631107839988545,1.2565640540560707,1.2632610279833898,2.0,0.37735849056603776,3f2ccad9e7c823237ab498ced5295c6acdcd170435855ddc83d50894845d071e,"[1.2565640540560707, 1.2632610279833898, 1.2631107839988545]","[528.0, 528.0, 528.0]",,ok,519.0,0.4132592480164021,0.39922044903505594,0.4338762090774253,11.0,2.0754716981132075,d3f8a26408c80c165a32daa78bdda182366f9951817cd6072a28916802ae0acc,"[0.4338762090774253, 0.4132592480164021, 0.39922044903505594]","[519.0, 519.0, 519.0]",,528.0,SVL,TRF,SVL,ok
g05_60.9,rudy,60,885,533,4,10000,1,cuda:7,ok,21.0,0.9816662849625573,0.9777812219690531,0.9826733260415494,512.0,96.06003752345215,4e67d27c33037102b8f8b8a6a35a45de48547d54e72bab0a29264121ddd94985,"[0.9777812219690531, 0.9826733260415494, 0.9816662849625573]","[21.0, 21.0, 21.0]",,ok,533.0,1.2629182699602097,1.2627165940357372,1.2714970840606838,0.0,0.0,5bf62ff34708f42deba5e89c9977362fd7f8969eee54b27dd51c83aaaa40b050,"[1.2714970840606838, 1.2627165940357372, 1.2629182699602097]","[533.0, 533.0, 533.0]",,ok,525.0,0.401998428045772,0.4018021629890427,0.45272579696029425,8.0,1.5009380863039399,094f3287525951ba1b9ff9fa57c9e40f82be0a7e1c096b54c53578784be597b9,"[0.45272579696029425, 0.401998428045772, 0.4018021629890427]","[525.0, 525.0, 525.0]",,533.0,SVL,TRF,SVL,ok
g05_80.0,rudy,80,1580,929,4,10000,1,cuda:4,ok,0.0,0.9713770960224792,0.9712770850164816,0.9773564070928842,929.0,100.0,5b6fb58e61fa475939767d68a446f97f1bff02c0e5935a3ea8bb51e6515783d8,"[0.9773564070928842, 0.9712770850164816, 0.9713770960224792]","[0.0, 0.0, 0.0]",,ok,929.0,1.2566433820175007,1.2565297699766234,1.258965084911324,0.0,0.0,1e6fe74d4702b3015a46af902d28357c326ff660512289d94d3c63d62478d532,"[1.2566433820175007, 1.258965084911324, 1.2565297699766234]","[929.0, 929.0, 929.0]",,ok,904.0,0.3923459940124303,0.3922704089200124,0.44918156904168427,25.0,2.6910656620021527,60cef3301f324242aaa2193e463773f55202f4fe0d5e95a6af78204c64814c1b,"[0.44918156904168427, 0.3922704089200124, 0.3923459940124303]","[904.0, 904.0, 904.0]",,929.0,SVL,TRF,SVL,ok
g05_80.1,rudy,80,1580,941,4,10000,1,cuda:2,ok,0.0,0.9775736009469256,0.9736935080727562,0.9822457319824025,941.0,100.0,5b6fb58e61fa475939767d68a446f97f1bff02c0e5935a3ea8bb51e6515783d8,"[0.9736935080727562, 0.9775736009469256, 0.9822457319824025]","[0.0, 0.0, 0.0]",,ok,941.0,1.269462055992335,1.268016972928308,1.2706413919804618,0.0,0.0,c2b015d10fc5be36e2480380181a8c8bf953d389248499cb05373ee84882d302,"[1.268016972928308, 1.2706413919804618, 1.269462055992335]","[941.0, 941.0, 941.0]",,ok,895.0,0.40194716106634587,0.401811104035005,0.4186546909622848,46.0,4.888416578108395,b88e0a9ccfacd88bfce07330380648b3816bbf3bbbfed73957360b3bf5639c20,"[0.4186546909622848, 0.40194716106634587, 0.401811104035005]","[895.0, 895.0, 895.0]",,941.0,SVL,TRF,SVL,ok
g05_80.2,rudy,80,1580,934,4,10000,1,cuda:1,ok,0.0,0.9659235139843076,0.964311123942025,0.9727571450639516,934.0,100.0,5b6fb58e61fa475939767d68a446f97f1bff02c0e5935a3ea8bb51e6515783d8,"[0.9727571450639516, 0.9659235139843076, 0.964311123942025]","[0.0, 0.0, 0.0]",,ok,925.0,1.2436937430175021,1.24121043109335,1.2439878180157393,9.0,0.9635974304068522,17c3ee6c394f0682241e6a3c01ebba4d5769e6b45013d8217582850c1521b344,"[1.2439878180157393, 1.2436937430175021, 1.24121043109335]","[925.0, 925.0, 925.0]",,ok,917.0,0.4072531119454652,0.40713635296560824,0.45342489797621965,17.0,1.8201284796573876,5c2318b1822dfd0d91bd53ceac282126005ff6e4fa32e769b9bd2f31db3b5a74,"[0.45342489797621965, 0.40713635296560824, 0.4072531119454652]","[917.0, 917.0, 917.0]",,925.0,SVL,TRF,SVL,ok
g05_80.3,rudy,80,1580,923,4,10000,1,cuda:3,ok,0.0,0.9625449910527095,0.9587072670692578,0.9637794189620763,923.0,100.0,5b6fb58e61fa475939767d68a446f97f1bff02c0e5935a3ea8bb51e6515783d8,"[0.9625449910527095, 0.9587072670692578, 0.9637794189620763]","[0.0, 0.0, 0.0]",,ok,920.0,1.2408398990519345,1.2378491590498015,1.242050267988816,3.0,0.3250270855904659,3c48e0382bed2912bd66c3c33e83ac641b375345816a2e91b26015df67370801,"[1.2408398990519345, 1.242050267988816, 1.2378491590498015]","[920.0, 920.0, 920.0]",,ok,904.0,0.4150188280036673,0.4145159350009635,0.4338458100100979,19.0,2.058504875406284,4df738516b582adc53437832498176e900384332bce443a31728ef36ca44571c,"[0.4338458100100979, 0.4145159350009635, 0.4150188280036673]","[904.0, 904.0, 904.0]",,920.0,SVL,TRF,SVL,ok
g05_80.4,rudy,80,1580,932,4,10000,1,cuda:5,ok,0.0,0.9744875190081075,0.9687651810236275,0.9770053700776771,932.0,100.0,5b6fb58e61fa475939767d68a446f97f1bff02c0e5935a3ea8bb51e6515783d8,"[0.9744875190081075, 0.9687651810236275, 0.9770053700776771]","[0.0, 0.0, 0.0]",,ok,932.0,1.2496524710441008,1.2484519770368934,1.2551158640999347,0.0,0.0,62e2de51e57342d9b1a087fc19b276e91950d490d348413d8d662f43bcb50e84,"[1.2551158640999347, 1.2496524710441008, 1.2484519770368934]","[932.0, 932.0, 932.0]",,ok,908.0,0.40366920304950327,0.4035892999963835,0.4333158499794081,24.0,2.575107296137339,3c70fa7dff3b2560e4625d46210cc9e77448994e51253e12f86392877c0245d2,"[0.4333158499794081, 0.4035892999963835, 0.40366920304950327]","[908.0, 908.0, 908.0]",,932.0,SVL,TRF,SVL,ok
g05_80.5,rudy,80,1580,926,4,10000,1,cuda:6,ok,0.0,0.9031743209343404,0.9027967900037766,0.9056280941003934,926.0,100.0,5b6fb58e61fa475939767d68a446f97f1bff02c0e5935a3ea8bb51e6515783d8,"[0.9056280941003934, 0.9031743209343404, 0.9027967900037766]","[0.0, 0.0, 0.0]",,ok,925.0,1.1728498430456966,1.170161735964939,1.1779090230120346,1.0,0.1079913606911447,bb8fbbf9e8faba874fd506e016b05f74215d3c83c3bf5b6c6f86aa633f5477ee,"[1.1728498430456966, 1.1779090230120346, 1.170161735964939]","[925.0, 925.0, 925.0]",,ok,903.0,0.40114919492043555,0.4011124799726531,0.41885255405213684,23.0,2.4838012958963285,c09e9756e45404c37d6aa2a209ff5b0fce234c6e390ff4e37f920fef0920e0ce,"[0.41885255405213684, 0.4011124799726531, 0.40114919492043555]","[903.0, 903.0, 903.0]",,925.0,SVL,TRF,SVL,ok
g05_80.6,rudy,80,1580,929,4,10000,1,cuda:0,ok,0.0,0.9746732900384814,0.9744746750220656,0.9888440379872918,929.0,100.0,5b6fb58e61fa475939767d68a446f97f1bff02c0e5935a3ea8bb51e6515783d8,"[0.9746732900384814, 0.9744746750220656, 0.9888440379872918]","[0.0, 0.0, 0.0]",,ok,929.0,1.2622905879979953,1.2601673520402983,1.264856757945381,0.0,0.0,2f74ea47168eeefa814d96c45301bd8dfc0e34d9a17a2b16db2065b3cf4ac666,"[1.2622905879979953, 1.2601673520402983, 1.264856757945381]","[929.0, 929.0, 929.0]",,ok,912.0,0.400647402042523,0.4006026299903169,0.42847912199795246,17.0,1.8299246501614639,068e33dd68d9e05b3b6dc4d2bc477789991aca198895f1ff1b80c6422c6884f4,"[0.42847912199795246, 0.400647402042523, 0.4006026299903169]","[912.0, 912.0, 912.0]",,929.0,SVL,TRF,SVL,ok
g05_80.7,rudy,80,1580,929,4,10000,1,cuda:7,ok,0.0,0.9829289090121165,0.9809982689330354,0.9844730719923973,929.0,100.0,5b6fb58e61fa475939767d68a446f97f1bff02c0e5935a3ea8bb51e6515783d8,"[0.9809982689330354, 0.9844730719923973, 0.9829289090121165]","[0.0, 0.0, 0.0]",,ok,929.0,1.2665871330536902,1.264032850973308,1.272599036921747,0.0,0.0,877006ee93b9b5e1589ab8c1c6bbac65a717c0c6ce98b63630aa11600e1f4327,"[1.2665871330536902, 1.264032850973308, 1.272599036921747]","[929.0, 929.0, 929.0]",,ok,895.0,0.4030984619166702,0.4022858829703182,0.4105522020254284,34.0,3.6598493003229278,2762b4656688d040fddae0832d06b1b589c0f9640e40e43e2f7219a80028155c,"[0.4030984619166702, 0.4105522020254284, 0.4022858829703182]","[895.0, 895.0, 895.0]",,929.0,SVL,TRF,SVL,ok
g05_80.8,rudy,80,1580,925,4,10000,1,cuda:4,ok,0.0,0.9726477350341156,0.9696477049728855,0.9800815019989386,925.0,100.0,5b6fb58e61fa475939767d68a446f97f1bff02c0e5935a3ea8bb51e6515783d8,"[0.9726477350341156, 0.9800815019989386, 0.9696477049728855]","[0.0, 0.0, 0.0]",,ok,925.0,1.252295387093909,1.250784093979746,1.258861802984029,0.0,0.0,ed6dd37bcf77553cefde3cd21977ddea30bf26c65b399c6a04c56344bffb2665,"[1.252295387093909, 1.258861802984029, 1.250784093979746]","[925.0, 925.0, 925.0]",,ok,905.0,0.3940968749811873,0.39290287997573614,0.4497644869843498,20.0,2.1621621621621623,e1dd2d06d54cead713a9f905b5e3ff045ef135e90619d739b9faae562c71a19e,"[0.4497644869843498, 0.39290287997573614, 0.3940968749811873]","[905.0, 905.0, 905.0]",,925.0,SVL,TRF,SVL,ok
g05_80.9,rudy,80,1580,923,4,10000,1,cuda:2,ok,0.0,0.9764453009702265,0.9733905399916694,0.9786375149851665,923.0,100.0,5b6fb58e61fa475939767d68a446f97f1bff02c0e5935a3ea8bb51e6515783d8,"[0.9764453009702265, 0.9733905399916694, 0.9786375149851665]","[0.0, 0.0, 0.0]",,ok,923.0,1.26602629898116,1.265388962929137,1.275360873900354,0.0,0.0,50bba14d9f6966465edc84383a55727b9acc301068c73edeef5b9e6d8d02ee9a,"[1.275360873900354, 1.265388962929137, 1.26602629898116]","[923.0, 923.0, 923.0]",,ok,892.0,0.4036408420652151,0.40340551594272256,0.4445425979793072,31.0,3.358613217768147,5e2511ab79e307c47a45beb8c0e4a973e135b854ec744bd169d8fc351d5e16c7,"[0.4445425979793072, 0.40340551594272256, 0.4036408420652151]","[892.0, 892.0, 892.0]",,923.0,SVL,TRF,SVL,ok
ising2.5-100_5555,ising,100,4950,2460049,4,10000,1,cuda:0,ok,2418023.0,0.988131599035114,0.9783865239005536,0.9938479770207778,42026.0,1.7083399558301482,294e462d863282ea49c216af8242461827ca1e8185becc9660f009b1e1ce5540,"[0.9783865239005536, 0.988131599035114, 0.9938479770207778]","[2418023.0, 2418023.0, 2418023.0]",,ok,745815.0,1.283726847032085,1.2720435980008915,1.2919171509565786,1714234.0,69.68292094994855,14f667da33378741dd0a6a65f9051158ec8c7b1888a972c7c05c83807d5a0515,"[1.283726847032085, 1.2919171509565786, 1.2720435980008915]","[520372.0, 745815.0, 409673.0]",,ok,2380541.0,0.42672263109125197,0.4264282879885286,0.46178958809468895,79508.0,3.2319681437239667,83bd91de60e934ab08e43d5d44a5335b99929f388901a4a3b2e1a1d16c6794e2,"[0.46178958809468895, 0.42672263109125197, 0.4264282879885286]","[2380541.0, 2380541.0, 2380541.0]",,2418023.0,SBM,TRF,SBM,ok
ising2.5-100_6666,ising,100,4950,2031217,4,10000,1,cuda:7,ok,1970552.0,0.9834275529719889,0.9818272549891844,0.9914053129032254,60665.0,2.986633136686036,e20ac6fdfc10006158730b29e2a1e98bfdb93795e827a302a168bc41e19eb200,"[0.9818272549891844, 0.9914053129032254, 0.9834275529719889]","[1970552.0, 1970552.0, 1970552.0]",,ok,-370292.0,1.2796620200388134,1.2766305110417306,1.2832622120622545,2401509.0,118.23005616829714,76a724431273036adc7a3c1ff9540293a8812ceb52a61076b4d8588d515d18d9,"[1.2766305110417306, 1.2796620200388134, 1.2832622120622545]","[-659061.0, -370292.0, -1116016.0]",,ok,1924410.0,0.43002994009293616,0.42924756894353777,0.43197763501666486,106807.0,5.2582761959948146,aee9565953ebce5e110a7c00e129f9c6d443ec3b79a3dc5a671d2a85fd828ad8,"[0.43002994009293616, 0.42924756894353777, 0.43197763501666486]","[1924410.0, 1924410.0, 1924410.0]",,1970552.0,SBM,TRF,SBM,ok
ising2.5-100_7777,ising,100,4950,3363230,4,10000,1,cuda:4,ok,3309426.0,0.9728027499513701,0.9716598360100761,0.9756383280036971,53804.0,1.599771648088296,cc9e663e8cab16086cc06b4ea0c350279a0b3d3fc727c579b335be39b74b6615,"[0.9716598360100761, 0.9756383280036971, 0.9728027499513701]","[3309426.0, 3309426.0, 3309426.0]",,ok,679412.0,1.2599307369673625,1.2562617949442938,1.2622486929176375,2683818.0,79.79882434445459,69660f4e08c196cc560605f75e1c76976110ae746f3277cd3fbbb4a7dba74cc1,"[1.2562617949442938, 1.2599307369673625, 1.2622486929176375]","[616919.0, 526700.0, 679412.0]",,ok,3323469.0,0.4151292690075934,0.41493403702042997,0.4555857869563624,39761.0,1.1822266095390443,b01082d0ce09c0ae4f4b01140c78d0458c4e0429ace22f7113883747b758adf0,"[0.4555857869563624, 0.41493403702042997, 0.4151292690075934]","[3323469.0, 3323469.0, 3323469.0]",,3323469.0,TRF,TRF,TRF,ok
ising2.5-150_5555,ising,150,11175,4363532,4,10000,1,cuda:3,ok,4340391.0,0.9619089270709082,0.9601642019115388,0.9651341049466282,23141.0,0.5303272669938023,43f81768794d4d093b380d1f8577efbd861b6ed91b3579d05e5548fb080e4152,"[0.9619089270709082, 0.9601642019115388, 0.9651341049466282]","[4340391.0, 4340391.0, 4340391.0]",,ok,1140092.0,1.2456513260258362,1.2453391560120508,1.2484620709437877,3223440.0,73.87226677838045,3aac679cd0b48265f5877e2c16431c21d91211737c2480f513fd8e26d4343965,"[1.2456513260258362, 1.2484620709437877, 1.2453391560120508]","[1140092.0, 971346.0, 1049828.0]",,ok,4191580.0,0.4507322399877012,0.45043412793893367,0.4709381840657443,171952.0,3.9406609141401967,c5495dd583aac1ab296220a10a95e516f4167c2912d055b29014e0fd3b56e1de,"[0.4709381840657443, 0.4507322399877012, 0.45043412793893367]","[4191580.0, 4191580.0, 4191580.0]",,4340391.0,SBM,TRF,SBM,ok
ising2.5-150_6666,ising,150,11175,4057153,4,10000,1,cuda:5,ok,3953690.0,0.974854429019615,0.9746873120311648,0.9804829439381137,103463.0,2.550137990852206,d376c375842b5b45583c24b7e682b185c8eaaccff85db318810df4ba8aeecb58,"[0.9804829439381137, 0.9746873120311648, 0.974854429019615]","[3953690.0, 3953690.0, 3953690.0]",,ok,398160.0,1.2554233990376815,1.254693381022662,1.2635700260289013,3658993.0,90.1862217175443,eef60478b285f80566fdff9ac28437ef9f86d94c3a06f3c4d65a8796d8372b68,"[1.254693381022662, 1.2635700260289013, 1.2554233990376815]","[14100.0, 398160.0, 385062.0]",,ok,3893704.0,0.4528021529549733,0.44929317897185683,0.45914161996915936,163449.0,4.028662463555109,689ebc68b4d2882408f0b10d8ce3721e685c396c0a7cd0a3f9925ff6cef9e4c1,"[0.45914161996915936, 0.4528021529549733, 0.44929317897185683]","[3893704.0, 3893704.0, 3893704.0]",,3953690.0,SBM,TRF,SBM,ok
ising2.5-150_7777,ising,150,11175,4243269,4,10000,1,cuda:6,ok,4165041.0,0.9060058780014515,0.9046372489538044,0.9069910640828311,78228.0,1.843578618277559,66da3a1d839623e4a1659c9a2359490edd18fecfa8730c1302807ef05e65165d,"[0.9060058780014515, 0.9069910640828311, 0.9046372489538044]","[4165041.0, 4165041.0, 4165041.0]",,ok,480063.0,1.1736161400331184,1.1711083009140566,1.1753727839095518,3763206.0,88.68648204957074,04b59a67e21d6c0d6ebe53d760890842c07ac3741b038d82edce2744c9580e68,"[1.1753727839095518, 1.1736161400331184, 1.1711083009140566]","[-140832.0, 222311.0, 480063.0]",,ok,4081988.0,0.4460430709877983,0.4455514040309936,0.4626033439999446,161281.0,3.8008667374140077,a18e26b2448379ba89b2eead2ae9fcf35148e1e77acb2839c6d7c41634e4be3f,"[0.4626033439999446, 0.4460430709877983, 0.4455514040309936]","[4081988.0, 4081988.0, 4081988.0]",,4165041.0,SBM,TRF,SBM,ok
ising2.5-200_5555,ising,200,19900,6294701,4,10000,1,cuda:1,ok,6191746.0,0.9678599489852786,0.9657652690075338,0.9713755230186507,102955.0,1.635582055446319,6a11b432e967dece3fca204916da176c8eb2217b395e8d68a54b2591effb6df1,"[0.9678599489852786, 0.9657652690075338, 0.9713755230186507]","[6191746.0, 6191746.0, 6191746.0]",,ok,1408169.0,1.2456711039412767,1.2447545860195532,1.2489156869705766,4886532.0,77.62929486245653,caf1431b160c389ed84e032026f4ed1f3cae38ae23aac121da0cf607b2a69477,"[1.2489156869705766, 1.2447545860195532, 1.2456711039412767]","[1321709.0, 922555.0, 1408169.0]",,ok,5855287.0,0.49083022703416646,0.48833466600626707,0.51482563407626,439414.0,6.980696938583739,5faffd943de69f81efd9f30d3678dc351fd46eaa18a0b6484147284604947899,"[0.51482563407626, 0.49083022703416646, 0.48833466600626707]","[5855287.0, 5855287.0, 5855287.0]",,6191746.0,SBM,TRF,SBM,ok
ising2.5-200_6666,ising,200,19900,6795365,4,10000,1,cuda:2,ok,6693792.0,0.9791664790827781,0.9785106650087982,0.9856714060297236,101573.0,1.4947394290078606,7727b259dc1fae9431dd9cd76cb468909507f83de8f7b68b28f10bd9903f4d8c,"[0.9791664790827781, 0.9785106650087982, 0.9856714060297236]","[6693792.0, 6693792.0, 6693792.0]",,ok,1351595.0,1.2708447349723428,1.2669715490192175,1.2711693920427933,5443770.0,80.11004559725636,581b0a0c6f8eb7a9d2d49f5ef1e23a54046b09992b938568f698f6b8e662d670,"[1.2669715490192175, 1.2708447349723428, 1.2711693920427933]","[1028271.0, 1351595.0, 1323924.0]",,ok,6339443.0,0.48349122900981456,0.4816236860351637,0.4848022509831935,455922.0,6.709308477175251,c638f1eb34887cf46e3c165ce1b36e0a5400a05dd03778f140e06a7073256893,"[0.4816236860351637, 0.4848022509831935, 0.48349122900981456]","[6339443.0, 6339443.0, 6339443.0]",,6693792.0,SBM,TRF,SBM,ok
ising2.5-200_7777,ising,200,19900,5568272,4,10000,1,cuda:3,ok,5531524.0,0.9681973810074851,0.9662870380561799,0.9685582930687815,36748.0,0.6599533930813725,2cb773c5770788f0269eeb1c0c4a83a096ab118290f40d1cd871a87850dfcdac,"[0.9681973810074851, 0.9662870380561799, 0.9685582930687815]","[5531524.0, 5531524.0, 5531524.0]",,ok,706696.0,1.2476276559755206,1.2462543670553714,1.2479557669721544,4861576.0,87.30852228483091,1a4302be14e16e46cf24a4895dc62c2fbc9a8f8dadc02dccfc13c56c495c6346,"[1.2479557669721544, 1.2476276559755206, 1.2462543670553714]","[466399.0, 706696.0, 592622.0]",,ok,5292620.0,0.48829673998989165,0.47917997604236007,0.49269186693709344,275652.0,4.950404721608427,7f9694bbeede2ccb44dfc44bddb9ef99530c39d099bfa875c0cef5b06d041161,"[0.48829673998989165, 0.47917997604236007, 0.49269186693709344]","[5292620.0, 5292620.0, 5292620.0]",,5531524.0,SBM,TRF,SBM,ok
ising2.5-250_5555,ising,250,31125,7919449,4,10000,1,cuda:5,ok,7837581.0,0.977583960047923,0.9753636498935521,0.9786351890070364,81868.0,1.0337587880166916,5bb6d8733c8d0e12ce9fb785999c826b76a8d4475b52d4965a2b03e1042424da,"[0.9753636498935521, 0.977583960047923, 0.9786351890070364]","[7837581.0, 7837581.0, 7837581.0]",,ok,2005808.0,1.265903806895949,1.2640314690070227,1.2721358600538224,5913641.0,74.67237935366462,65e792de4a677718170dfece45ecde2ff9ef487ddce40917f954df30f9386035,"[1.2721358600538224, 1.265903806895949, 1.2640314690070227]","[1114274.0, 2005808.0, 1100214.0]",,ok,7492623.0,0.5365150839788839,0.5362776649417356,0.5468388189328834,426826.0,5.38959212945244,4ab7e546b2d3e384788a26a31e6e4f845332fb284c9f8010296d6d78d58ba12b,"[0.5468388189328834, 0.5362776649417356, 0.5365150839788839]","[7492623.0, 7492623.0, 7492623.0]",,7837581.0,SBM,TRF,SBM,ok
ising2.5-250_6666,ising,250,31125,6925717,4,10000,1,cuda:0,ok,6772959.0,0.985464408993721,0.9827757730381563,0.9863160719396546,152758.0,2.2056633269883825,1a7cddd7e8cfa2c8eb380bc2bcf42990196dda6b3757a6099f3f747894fdf932,"[0.9863160719396546, 0.985464408993721, 0.9827757730381563]","[6772959.0, 6772959.0, 6772959.0]",,ok,1431894.0,1.2629497880116105,1.2605198699748144,1.2642648878972977,5493823.0,79.32497097412441,d506ac4787e2962a6a70ff53f10e13cf4d54c43c64838348bcd758254e1bd40b,"[1.2605198699748144, 1.2629497880116105, 1.2642648878972977]","[1431894.0, 29981.0, 313567.0]",,ok,6512531.0,0.5399422378977761,0.5390641839476302,0.541574802948162,413186.0,5.965967133800009,7c6c415598e773d0dd23aed5130b6f62027388fdfc29fd18a33a96246f0848ed,"[0.541574802948162, 0.5399422378977761, 0.5390641839476302]","[6512531.0, 6512531.0, 6512531.0]",,6772959.0,SBM,TRF,SBM,ok
ising2.5-250_7777,ising,250,31125,6596797,4,10000,1,cuda:4,ok,6513223.0,0.9787168870680034,0.9774751430377364,0.9810468319337815,83574.0,1.2668875516405917,51d2be68ed3905b4add183ee60ee9a1334409f8f36fb03e9e2a951c167a56361,"[0.9787168870680034, 0.9774751430377364, 0.9810468319337815]","[6513223.0, 6513223.0, 6513223.0]",,ok,865160.0,1.2574764030287042,1.2561670789727941,1.262397304060869,5731637.0,86.88515047529884,09d20a42c5e6f4d47d76059abfc41ee6cfb30352cc3f12fe5d2ab1650f16cc35,"[1.2561670789727941, 1.2574764030287042, 1.262397304060869]","[265081.0, 865160.0, -304635.0]",,ok,6293757.0,0.5226875569205731,0.5225744940107688,0.539649234036915,303040.0,4.593744509646121,07f4f7909192a44d5973a12e0bc24783fb05ac7f99447418611180c093c39eff,"[0.539649234036915, 0.5225744940107688, 0.5226875569205731]","[6293757.0, 6293757.0, 6293757.0]",,6513223.0,SBM,TRF,SBM,ok
ising2.5-300_5555,ising,300,44850,8579363,4,10000,1,cuda:3,ok,8518104.0,0.9688591579906642,0.9678244310198352,0.9696106999181211,61259.0,0.7140273700972904,e63ac857a305267d498c3a3afa3d93a646a7b43b87b3a24f493a305409019a0f,"[0.9696106999181211, 0.9688591579906642, 0.9678244310198352]","[8518104.0, 8518104.0, 8518104.0]",,ok,323920.0,1.2494672969914973,1.2489194379886612,1.2532102939439937,8255443.0,96.22442831711399,5146f191cb71d59a4ca2d8ba7c318238c2f738751f39da2696c5a905d40d9fa0,"[1.2489194379886612, 1.2494672969914973, 1.2532102939439937]","[219272.0, 323920.0, 132527.0]",,ok,8108935.0,0.5560412879567593,0.5556428720010445,0.5794345079921186,470428.0,5.48325091268431,7bc20709203680d65713c91f0f6201067f3a44b0870b79153601cdeca563b4dc,"[0.5794345079921186, 0.5556428720010445, 0.5560412879567593]","[8108935.0, 8108935.0, 8108935.0]",,8518104.0,SBM,TRF,SBM,ok
ising2.5-300_6666,ising,300,44850,9102033,4,10000,1,cuda:6,ok,9014912.0,0.913157825008966,0.9108431770000607,0.9170185499824584,87121.0,0.9571597905654704,0baa612a4353e321e7d3c808ddb6f304f5903f30be7676c7bfb5160d1afe3b26,"[0.9170185499824584, 0.913157825008966, 0.9108431770000607]","[9014912.0, 9014912.0, 9014912.0]",,ok,1269123.0,1.182714029098861,1.1825218639569357,1.1833545680856332,7832910.0,86.05670842986396,00ebcc1565158abcac8c6dc933a9eef8ea566eff217c6c531d0f6f6fbe1680d8,"[1.182714029098861, 1.1825218639569357, 1.1833545680856332]","[276953.0, 711637.0, 1269123.0]",,ok,8510002.0,0.5629356480203569,0.5577431690180674,0.5721300980076194,592031.0,6.504382043000723,0098034952d0b4da96b36ce2eca8f66cb6e947eea7695ad194a37066d410877d,"[0.5577431690180674, 0.5629356480203569, 0.5721300980076194]","[8510002.0, 8510002.0, 8510002.0]",,9014912.0,SBM,TRF,SBM,ok
ising2.5-300_7777,ising,300,44850,8323804,4,10000,1,cuda:5,ok,8254616.0,0.9808595720678568,0.9773065519984812,0.9866713039809838,69188.0,0.831206501258319,819e23cf33b428606f7ec81e6564fe0edba13693f6961c6035792c4a6682eef0,"[0.9773065519984812, 0.9808595720678568, 0.9866713039809838]","[8254616.0, 8254616.0, 8254616.0]",,ok,818656.0,1.2642641509883106,1.2624078320804983,1.2707380240317434,7505148.0,90.16488134511577,1f7408609e6154e5e8d59e4de49d27a665bb1238b9ff0f3af0791c109acda9f8,"[1.2707380240317434, 1.2624078320804983, 1.2642641509883106]","[127913.0, 818656.0, 536421.0]",,ok,7890724.0,0.5630716509185731,0.5613223579712212,0.5899460009532049,433080.0,5.202909631221495,a6adc13e944348a64bdddc72b69bf5c225d1390b5783b71e72ae5bbcd2138d18,"[0.5899460009532049, 0.5613223579712212, 0.5630716509185731]","[7890724.0, 7890724.0, 7890724.0]",,8254616.0,SBM,TRF,SBM,ok
ising3.0-100_5555,ising,100,4950,2448189,4,10000,1,cuda:2,ok,2411519.0,0.9776951089734212,0.9756976979551837,0.9818647279171273,36670.0,1.4978418741363515,777327c71b155c6ae774888db9f69d0173380af53106b5c6c22f34277fd5d74c,"[0.9776951089734212, 0.9756976979551837, 0.9818647279171273]","[2411519.0, 2411519.0, 2411519.0]",,ok,615936.0,1.2728927979478613,1.2714637030148879,1.276530844043009,1832253.0,74.84115809686261,a5fb996c0384bd399afccfb97e15824a2c5068bf5d97cfaca311637f1713bb49,"[1.2714637030148879, 1.2728927979478613, 1.276530844043009]","[615936.0, 365077.0, 335590.0]",,ok,2344153.0,0.42613795201759785,0.425687397015281,0.46344574401155114,104036.0,4.24950851425278,7c19787ec4a0b2387c0158cbe2cef61f606c738a1cd07abcd6847c34999c035e,"[0.46344574401155114, 0.425687397015281, 0.42613795201759785]","[2344153.0, 2344153.0, 2344153.0]",,2411519.0,SBM,TRF,SBM,ok
ising3.0-100_6666,ising,100,4950,1984099,4,10000,1,cuda:1,ok,1953171.0,0.9641505669569597,0.963695117039606,0.9647252489812672,30928.0,1.5587931852190844,b241fba32bc43d83cdca0ef00cc4863a87c5f912396486bdd9c532c5ab0e4376,"[0.9641505669569597, 0.9647252489812672, 0.963695117039606]","[1953171.0, 1953171.0, 1953171.0]",,ok,-377744.0,1.242422407027334,1.2420546968933195,1.2467175000347197,2361843.0,119.03856611993656,73a697f27c47b71cbe35e20665da7f50b0a401fe780ca8be2ddf0265cb9699df,"[1.2420546968933195, 1.242422407027334, 1.2467175000347197]","[-969708.0, -377744.0, -859870.0]",,ok,1833102.0,0.4288751509739086,0.42863873101305217,0.428957523079589,150997.0,7.610356136462949,12a585c42692f0565c8cff46e0417a50508fa5d41cc463da5cad36a9575789d1,"[0.42863873101305217, 0.4288751509739086, 0.428957523079589]","[1833102.0, 1833102.0, 1833102.0]",,1953171.0,SBM,TRF,SBM,ok
ising3.0-100_7777,ising,100,4950,3335814,4,10000,1,cuda:6,ok,3275111.0,0.9033870559651405,0.9031198109732941,0.9124643580289558,60703.0,1.8197357526528757,4dd9bc7dc30da98869c4654c410cc52a8405d99e6351d50e1edb45488b0d8eed,"[0.9031198109732941, 0.9033870559651405, 0.9124643580289558]","[3275111.0, 3275111.0, 3275111.0]",,ok,1427995.0,1.1754465299891308,1.1736666169017553,1.1772198099642992,1907819.0,57.19200770786381,cad0653e6e433bb6f48711ed289aae1dba31cab0cc5316475b7b478f602fd686,"[1.1736666169017553, 1.1772198099642992, 1.1754465299891308]","[1427995.0, 302872.0, 1343138.0]",,ok,3273664.0,0.4248581239953637,0.42388750391546637,0.43449782906100154,62150.0,1.8631134709549153,c61965a21bd8ef0ded2e3ee53540ed46806a7302ebb47451913e86d137ad53c4,"[0.43449782906100154, 0.4248581239953637, 0.42388750391546637]","[3273664.0, 3273664.0, 3273664.0]",,3275111.0,SBM,TRF,SBM,ok
ising3.0-150_5555,ising,150,11175,4279261,4,10000,1,cuda:0,ok,4248494.0,0.9814520510844886,0.9760810560546815,0.9883417839882895,30767.0,0.7189792817030791,80ad5dcfe9209afce216d6179a999d50f193d5981aaab67e2a5d5094e8878d27,"[0.9760810560546815, 0.9814520510844886, 0.9883417839882895]","[4248494.0, 4248494.0, 4248494.0]",,ok,1175140.0,1.2650922239990905,1.2638398950221017,1.2776914769783616,3104121.0,72.53871638116955,7a5cbee5381a5228097f55af24c044437b3f2c5429e1af4e10cbae36b8b611cc,"[1.2776914769783616, 1.2650922239990905, 1.2638398950221017]","[1175140.0, 1033334.0, 709566.0]",,ok,4042163.0,0.4477200460387394,0.4474425269290805,0.4970273619983345,237098.0,5.540629561973434,bec8ae6aab0404096191e62d7e50170904f79ebe110c53f96ff40aa2a3c3dbcb,"[0.4970273619983345, 0.4477200460387394, 0.4474425269290805]","[4042163.0, 4042163.0, 4042163.0]",,4248494.0,SBM,TRF,SBM,ok
ising3.0-150_6666,ising,150,11175,3949317,4,10000,1,cuda:7,ok,3842129.0,0.9816459609428421,0.9791650410043076,0.9842476559570059,107188.0,2.7140895501677886,97fd788fb57124793fb59ba1431fff1c6e4cc57265820d7358dca10f63221218,"[0.9791650410043076, 0.9842476559570059, 0.9816459609428421]","[3842129.0, 3842129.0, 3842129.0]",,ok,669055.0,1.270387570024468,1.265591899980791,1.2707915480714291,3280262.0,83.05896943699379,c0e46edc3986d02a435d3206a0bcd9b9a9bc13dbc1473ebeecfffdbe2b100446,"[1.270387570024468, 1.2707915480714291, 1.265591899980791]","[669055.0, 489851.0, 186438.0]",,ok,3710773.0,0.44841333001386374,0.4483274189988151,0.4487967600580305,238544.0,6.040133015404942,358566778d53f8b80d0e508a0c81c3dd3cf025eeeb0bbe0923d1ba9fb3491726,"[0.4487967600580305, 0.4483274189988151, 0.44841333001386374]","[3710773.0, 3710773.0, 3710773.0]",,3842129.0,SBM,TRF,SBM,ok
ising3.0-150_7777,ising,150,11175,4211158,4,10000,1,cuda:4,ok,4187206.0,0.9704633589135483,0.9700301309349015,0.9727216500323266,23952.0,0.5687746695801962,5f8730b31292038c0e5fb291679ad7d2e45e96d12669510cfea87947ab72670a,"[0.9700301309349015, 0.9727216500323266, 0.9704633589135483]","[4187206.0, 4187206.0, 4187206.0]",,ok,330570.0,1.2574674719944596,1.2574384610634297,1.2591887549497187,3880588.0,92.15014017522022,2fa7826164bc16eac9ac5a43c59112ee4d15d7945096c32b5b1a4bd28a5e269d,"[1.2574384610634297, 1.2574674719944596, 1.2591887549497187]","[314097.0, -134991.0, 330570.0]",,ok,4099237.0,0.4382325049955398,0.4380486469017342,0.46141849807463586,111921.0,2.657725024803154,2cc6d9d66e02adb4db6f39f0711209fce6dbc97e6a2ca7ce8d4db806399abb04,"[0.46141849807463586, 0.4380486469017342, 0.4382325049955398]","[4099237.0, 4099237.0, 4099237.0]",,4187206.0,SBM,TRF,SBM,ok
ising3.0-200_5555,ising,200,19900,6215531,4,10000,1,cuda:6,ok,6150567.0,0.9063889030367136,0.9047538070008159,0.9104339170735329,64964.0,1.045188255034043,bc3fa18f1ff895fdd6e47b68c44982921fcc13d59e947313664025f9dd6a2120,"[0.9104339170735329, 0.9063889030367136, 0.9047538070008159]","[6150567.0, 6150567.0, 6150567.0]",,ok,1341198.0,1.1752071450464427,1.1722339660627767,1.1792792580090463,4874333.0,78.42182751562176,96f1ae259cfd9b7aba7017172824395460dc562f60fc8595e2708fb2c619d7e2,"[1.1722339660627767, 1.1752071450464427, 1.1792792580090463]","[838234.0, 1341198.0, 1214058.0]",,ok,5810635.0,0.46680151601321995,0.46624191105365753,0.4983492019819096,404896.0,6.51426241780469,083499af2abc1bf3ae73190a2bf13605ed4e939af055812ca87556c5ead354b9,"[0.4983492019819096, 0.46680151601321995, 0.46624191105365753]","[5810635.0, 5810635.0, 5810635.0]",,6150567.0,SBM,TRF,SBM,ok
ising3.0-200_6666,ising,200,19900,6756263,4,10000,1,cuda:5,ok,6720452.0,0.9714170520892367,0.9708666460355744,0.9747176619712263,35811.0,0.5300415333150885,94746b09c8742bd785f0a7092d36424c673cda92779dc3148b5f65245f247bde,"[0.9708666460355744, 0.9747176619712263, 0.9714170520892367]","[6720452.0, 6720452.0, 6720452.0]",,ok,1828830.0,1.2596499919891357,1.2564056100090966,1.262168628978543,4927433.0,72.93133793045061,1c15cbeb11f3bcc84983f39d0548d178d7eedea084be41d719d7292a5dfc10a9,"[1.2596499919891357, 1.262168628978543, 1.2564056100090966]","[1828830.0, 1256590.0, 1357599.0]",,ok,6548977.0,0.472916001919657,0.47281616006512195,0.49542553909122944,207286.0,3.0680570013334294,5d4fd6127e1968622458fec335cb04976f8563bf4014e80e4f26822b8f2bd2ae,"[0.49542553909122944, 0.47281616006512195, 0.472916001919657]","[6548977.0, 6548977.0, 6548977.0]",,6720452.0,SBM,TRF,SBM,ok
ising3.0-200_7777,ising,200,19900,5560824,4,10000,1,cuda:0,ok,5488010.0,0.9874904989264905,0.9857991869794205,0.9897891170112416,72814.0,1.3094102600621778,380f0f6026205d1dd0218a4d8d035261c4c83486358a89c5776717ecd973218f,"[0.9857991869794205, 0.9897891170112416, 0.9874904989264905]","[5488010.0, 5488010.0, 5488010.0]",,ok,1007797.0,1.2718696589581668,1.267701676930301,1.27596642205026,4553027.0,81.87684055456529,2cfc7b43a44a04f29afdcd9e8eb2fad82a8bcfb799789b04870124abd145850e,"[1.27596642205026, 1.2718696589581668, 1.267701676930301]","[479802.0, 684623.0, 1007797.0]",,ok,5337644.0,0.4671995369717479,0.4669500080635771,0.49185681401286274,223180.0,4.013433980287814,0af484f535f60175a1b36336a892f6236379da1773209eee4f38991864c0c277,"[0.49185681401286274, 0.4671995369717479, 0.4669500080635771]","[5337644.0, 5337644.0, 5337644.0]",,5488010.0,SBM,TRF,SBM,ok
ising3.0-250_5555,ising,250,31125,7823791,4,10000,1,cuda:7,ok,7727787.0,0.9796109199523926,0.9795370290521532,0.9911504510091618,96004.0,1.2270777683095062,d094f8299a912128cad8ca6432ae4f4609b1c5a24bcafa8ae31cd7c77478bb37,"[0.9796109199523926, 0.9795370290521532, 0.9911504510091618]","[7727787.0, 7727787.0, 7727787.0]",,ok,1720660.0,1.2734163419809192,1.27134041802492,1.2734397700987756,6103131.0,78.00733685242871,1299126fd316adfca9f3c8227cb5416bc0c2fcae9e9bca2dd2a36406b98d084c,"[1.2734397700987756, 1.2734163419809192, 1.27134041802492]","[1720660.0, 1452357.0, 1213762.0]",,ok,7388992.0,0.5088611430255696,0.5073140510357916,0.5242832960793748,434799.0,5.557395385433992,401363cd7e0d3c38d63a1b1d67559aa1739e26bbeafe30b96b099fdd512f3872,"[0.5242832960793748, 0.5073140510357916, 0.5088611430255696]","[7388992.0, 7388992.0, 7388992.0]",,7727787.0,SBM,TRF,SBM,ok
ising3.0-250_6666,ising,250,31125,6903351,4,10000,1,cuda:1,ok,6808348.0,0.9681476509431377,0.9663818390108645,0.9691707380115986,95003.0,1.3761867243893582,77d2b37cbbfec9ff988d0a4ac6327d2beb853319d44e8124446106419f700a61,"[0.9663818390108645, 0.9681476509431377, 0.9691707380115986]","[6808348.0, 6808348.0, 6808348.0]",,ok,730218.0,1.247108264011331,1.2463592700660229,1.2474350379779935,6173133.0,89.42226753355001,99d448544253c3a8b6b253d97629026298fa51d6031d44291cd2c2adc9df78be,"[1.247108264011331, 1.2474350379779935, 1.2463592700660229]","[148497.0, 278575.0, 730218.0]",,ok,6465426.0,0.5125324530526996,0.5111963860690594,0.5127138500101864,437925.0,6.343658318981608,013ed1d234250e2159a16b02ebbc4496e13e93fec32b3477a5f82961a7a73c11,"[0.5111963860690594, 0.5125324530526996, 0.5127138500101864]","[6465426.0, 6465426.0, 6465426.0]",,6808348.0,SBM,TRF,SBM,ok
ising3.0-250_7777,ising,250,31125,6418276,4,10000,1,cuda:2,ok,6258012.0,0.9852637209696695,0.9820887009846047,0.9878141760127619,160264.0,2.4969945200237573,78e44b857bf9a795116b2c6789b3abca33a765ccfd7cdd527d77b06d4709decd,"[0.9852637209696695, 0.9878141760127619, 0.9820887009846047]","[6258012.0, 6258012.0, 6258012.0]",,ok,327446.0,1.2741023360285908,1.2712115809554234,1.2782639589859173,6090830.0,94.89822500621662,ffb108082cb26a5de9cfe5f670190796c7451729c27fcd4223179f22721a6900,"[1.2712115809554234, 1.2741023360285908, 1.2782639589859173]","[-93895.0, 327446.0, 150675.0]",,ok,6083730.0,0.5049493339611217,0.5040727169252932,0.5479293169919401,334546.0,5.212396599959241,642b79ded0ffe0f4fea1cb14f9ec099282ac015737f6d11daf47d82eb1e54a34,"[0.5479293169919401, 0.5049493339611217, 0.5040727169252932]","[6083730.0, 6083730.0, 6083730.0]",,6258012.0,SBM,TRF,SBM,ok
ising3.0-300_5555,ising,300,44850,8493173,4,10000,1,cuda:0,ok,8375142.0,0.9853594090091065,0.9811353150289506,0.9856472549727187,118031.0,1.389716187342469,d18e777e31c9a49c97816bbe34f68d8827910d0c8f4ccf32fbe458c77e6d7db2,"[0.9811353150289506, 0.9856472549727187, 0.9853594090091065]","[8375142.0, 8375142.0, 8375142.0]",,ok,838934.0,1.274639941053465,1.2707300339825451,1.2763308099238202,7654239.0,90.1222546626567,c6ee7f74c722f46cc46ab2f0ce3fb6b6f138ef0971cef1ea6754bc549447ba91,"[1.274639941053465, 1.2763308099238202, 1.2707300339825451]","[134903.0, 112774.0, 838934.0]",,ok,8079755.0,0.5084462590748444,0.5074533259030432,0.5387013850267977,413418.0,4.8676507590272795,26fb08c1df1c033c4a8eab6a5234e5eb495e0be0c488e17e33db3deb239bff1c,"[0.5387013850267977, 0.5074533259030432, 0.5084462590748444]","[8079755.0, 8079755.0, 8079755.0]",,8375142.0,SBM,TRF,SBM,ok
ising3.0-300_6666,ising,300,44850,8915110,4,10000,1,cuda:4,ok,8780509.0,0.9746965109370649,0.9724979210877791,0.9759551959577948,134601.0,1.5098075065815229,f9eac831514a3861b14537870d4d782a16868893d11c7d308b418bbd68fded9d,"[0.9759551959577948, 0.9724979210877791, 0.9746965109370649]","[8780509.0, 8780509.0, 8780509.0]",,ok,1229369.0,1.2589446649653837,1.256401953054592,1.2605980309890583,7685741.0,86.21027670999011,7c776466c2b27ac140b6722c4cdb42a53f970ae7810cd02c905bbea2de58a8a0,"[1.256401953054592, 1.2605980309890583, 1.2589446649653837]","[1229369.0, 361071.0, 1057063.0]",,ok,8426987.0,0.4897636470850557,0.489648410002701,0.4907365629915148,488123.0,5.475232498533389,728fc7dce3fcfd3c48e983cd3712f2440015860f3c1c5c7db6e13bd7a230c91c,"[0.4907365629915148, 0.4897636470850557, 0.489648410002701]","[8426987.0, 8426987.0, 8426987.0]",,8780509.0,SBM,TRF,SBM,ok
ising3.0-300_7777,ising,300,44850,8242904,4,10000,1,cuda:7,ok,8141555.0,0.9858831469900906,0.983151225023903,0.9904664630303159,101349.0,1.229530272340913,7a72c4e0ee2fb882b3dc563deb0abc87b5f98a0a3cfe653bb35453cc8f2a4e4d,"[0.9858831469900906, 0.9904664630303159, 0.983151225023903]","[8141555.0, 8141555.0, 8141555.0]",,ok,953676.0,1.2783519799122587,1.2765063400147483,1.2823464430402964,7289228.0,88.43033959876277,792476a57d6b6e6733c804f68816bf7b56ded7ef5c56bcd88a09c98b4ae38e57,"[1.2765063400147483, 1.2823464430402964, 1.2783519799122587]","[406856.0, 403719.0, 953676.0]",,ok,7867680.0,0.5069858509814367,0.5067725949920714,0.5296238049631938,375224.0,4.5520850418735925,39090f39043cb5ac412d0d487c1194aa2d3d56085597ef8e0421463d32d8c116,"[0.5296238049631938, 0.5069858509814367, 0.5067725949920714]","[7867680.0, 7867680.0, 7867680.0]",,8141555.0,SBM,TRF,SBM,ok
pm1d_100.0,rudy,100,4901,340,4,10000,1,cuda:2,ok,340.0,0.9761824409943074,0.9728220929391682,0.9864699349272996,0.0,0.0,b2cc742667ee32e89857db86733275a4c66479f5b2e8f9d4b88268092741e536,"[0.9761824409943074, 0.9728220929391682, 0.9864699349272996]","[340.0, 340.0, 340.0]",,ok,338.0,1.2712732799118385,1.2677066270262003,1.275074147968553,2.0,0.5882352941176471,96c96fc431fcae00c820a6e7172c22998b676572ca3d3b95e0086c795ea07d8c,"[1.275074147968553, 1.2712732799118385, 1.2677066270262003]","[338.0, 338.0, 338.0]",,ok,254.0,0.4303392900619656,0.4298038879642263,0.4410696210106835,86.0,25.294117647058822,2dd32bcaf08be640e108a38cd573ff70c367a458cfb6f40e024f800a488786d2,"[0.4298038879642263, 0.4303392900619656, 0.4410696210106835]","[254.0, 254.0, 254.0]",,340.0,SBM,TRF,SBM,ok
pm1d_100.1,rudy,100,4901,324,4,10000,1,cuda:1,ok,324.0,0.9669996409211308,0.9668339539784938,0.9670390209648758,0.0,0.0,bb8d1db78626eec2e29db945e79f85f07966a1cd74b77d7228a4aa733a081bbe,"[0.9670390209648758, 0.9668339539784938, 0.9669996409211308]","[324.0, 324.0, 324.0]",,ok,321.0,1.2446399619802833,1.243330708006397,1.2451520999893546,3.0,0.9259259259259259,7384043b72ff3dee28020cc36b701b3587466fa96c9c97d34745c5b208293beb,"[1.2451520999893546, 1.243330708006397, 1.2446399619802833]","[321.0, 321.0, 321.0]",,ok,288.0,0.44735335605219007,0.4471274329116568,0.47132617398165166,36.0,11.11111111111111,3501a6f9ff13ab386bc8298e6c669513412287025828909de74890a24e1162ac,"[0.47132617398165166, 0.44735335605219007, 0.4471274329116568]","[288.0, 288.0, 288.0]",,324.0,SBM,TRF,SBM,ok
pm1d_100.2,rudy,100,4901,389,4,10000,1,cuda:6,ok,388.0,0.901232335017994,0.9010391629999503,0.9067666679620743,1.0,0.2570694087403599,6207a9f153fea92536552e19c541438c812735f43bec967ac4ca65e693bfa305,"[0.9067666679620743, 0.9010391629999503, 0.901232335017994]","[388.0, 388.0, 388.0]",,ok,387.0,1.173334653954953,1.1725313100032508,1.1750407280633226,2.0,0.5141388174807198,df4c366846ab7226cfafbc9a3e102d81897779ed105624e5e733447428494d90,"[1.1725313100032508, 1.1750407280633226, 1.173334653954953]","[387.0, 387.0, 387.0]",,ok,328.0,0.42912156705278903,0.4286582600325346,0.4647033140063286,61.0,15.681233933161954,9727397073b9178a57229ec020bf83b8c73c669cb8b14bf113667bdb09f37625,"[0.4647033140063286, 0.42912156705278903, 0.4286582600325346]","[328.0, 328.0, 328.0]",,388.0,SBM,TRF,SBM,ok
pm1d_100.3,rudy,100,4901,400,4,10000,1,cuda:3,ok,400.0,0.9626103760674596,0.9600445630494505,0.9637450139271095,0.0,0.0,72e2b2c06511e99c689afd28e857b52779d7f570b0756615c91b47211cedd0ca,"[0.9626103760674596, 0.9600445630494505, 0.9637450139271095]","[400.0, 400.0, 400.0]",,ok,400.0,1.2425536200171337,1.2425224699545652,1.2442774939117953,0.0,0.0,72e2b2c06511e99c689afd28e857b52779d7f570b0756615c91b47211cedd0ca,"[1.2425536200171337, 1.2425224699545652, 1.2442774939117953]","[400.0, 400.0, 400.0]",,ok,347.0,0.43202826904598624,0.4318566109286621,0.4407346029765904,53.0,13.25,81e21cd5e37b4d5ecc30fb40ffc2c9ccb8d4a8fe377f9ca6e9e8cbbd86d55c55,"[0.4407346029765904, 0.43202826904598624, 0.4318566109286621]","[347.0, 347.0, 347.0]",,400.0,SBM|SVL,TRF,SBM,ok
pm1d_100.4,rudy,100,4901,363,4,10000,1,cuda:5,ok,363.0,0.9739035009406507,0.9733417379902676,0.9750005750684068,0.0,0.0,06a5eea33b95407dcade3cd5cea1eb56dc5be7e2593f6b7c942eb058b3cd43e9,"[0.9750005750684068, 0.9733417379902676, 0.9739035009406507]","[363.0, 363.0, 363.0]",,ok,355.0,1.2569437929196283,1.2514668160583824,1.261035014060326,8.0,2.203856749311295,a796d501124d97c2ef199f2bd0a61f0053a923443f44b008b10a68f003ccdfcd,"[1.2514668160583824, 1.2569437929196283, 1.261035014060326]","[355.0, 355.0, 355.0]",,ok,307.0,0.43315769301261753,0.4322483059950173,0.481375455041416,56.0,15.426997245179063,42259a34aa8e082dce7de3b322fbe54be828f5b7f98c00dc18f6db57326efc04,"[0.481375455041416, 0.43315769301261753, 0.4322483059950173]","[307.0, 307.0, 307.0]",,363.0,SBM,TRF,SBM,ok
pm1d_100.5,rudy,100,4901,441,4,10000,1,cuda:0,ok,441.0,0.9851714860415086,0.9793692479142919,0.9880729530705139,0.0,0.0,3fbca4dfd1985d0608984a936a88cc5cf338d0feb61e07f3ffdec50b74ed8fbc,"[0.9851714860415086, 0.9793692479142919, 0.9880729530705139]","[441.0, 441.0, 441.0]",,ok,438.0,1.26528737496119,1.2649644860066473,1.2674855320947245,3.0,0.6802721088435374,3aee5d92e80559b00fc0dd32d0f7211579c30d28bf60562f75526b247b6b02b3,"[1.2674855320947245, 1.2649644860066473, 1.26528737496119]","[438.0, 438.0, 438.0]",,ok,387.0,0.43213806895073503,0.4309261640300974,0.45761395001318306,54.0,12.244897959183673,453007246dc044d4c350584ae4364b805f87a25b762766ff9bda0aafd4976f57,"[0.45761395001318306, 0.4309261640300974, 0.43213806895073503]","[387.0, 387.0, 387.0]",,441.0,SBM,TRF,SBM,ok
pm1d_100.6,rudy,100,4901,367,4,10000,1,cuda:7,ok,366.0,0.9797781539382413,0.9782444860320538,0.9853351260535419,1.0,0.2724795640326976,07801829ad54ea7e3ac5e1547a6926991bb6e0e313a2c3dc70174a65cca219ab,"[0.9782444860320538, 0.9797781539382413, 0.9853351260535419]","[366.0, 366.0, 366.0]",,ok,366.0,1.2714806640287861,1.2691790669923648,1.2753693669801578,1.0,0.2724795640326976,2f21ef6deab85859ecfd99e67b459a50dc9bdd3739d613fed0d80dde1eeac354,"[1.2753693669801578, 1.2714806640287861, 1.2691790669923648]","[366.0, 366.0, 366.0]",,ok,311.0,0.431191188050434,0.43103139800950885,0.431304145953618,56.0,15.258855585831062,933f3d661e56d1e2fd4f912d0e9476e8b221344a137be0a17736c25f207ace96,"[0.43103139800950885, 0.431304145953618, 0.431191188050434]","[311.0, 311.0, 311.0]",,366.0,SBM|SVL,TRF,SBM,ok
pm1d_100.7,rudy,100,4901,361,4,10000,1,cuda:4,ok,361.0,0.9736588799860328,0.9732158130500466,0.9737758110277355,0.0,0.0,5b1edd69950231c99688c7f3605f9c112786b26cac71e378e9efd70b6724e0ab,"[0.9732158130500466, 0.9737758110277355, 0.9736588799860328]","[361.0, 361.0, 361.0]",,ok,361.0,1.2574973419541493,1.2564853000221774,1.257961704977788,0.0,0.0,26b981586056fcf14e5a6d2b12dae6eef456c3c6afe017c3161c7f6e94854d87,"[1.2564853000221774, 1.2574973419541493, 1.257961704977788]","[361.0, 361.0, 361.0]",,ok,314.0,0.42832675797399133,0.4191079440061003,0.4568792679347098,47.0,13.01939058171745,e9376a4d13b8ca526ab36f7d8117de4e3c837542f51f07b0518fa2cb6fc07b67,"[0.4568792679347098, 0.4191079440061003, 0.42832675797399133]","[314.0, 314.0, 314.0]",,361.0,SBM|SVL,TRF,SBM,ok
pm1d_100.8,rudy,100,4901,385,4,10000,1,cuda:2,ok,385.0,0.9838079399196431,0.9749731249175966,1.0041333939880133,0.0,0.0,6f5944a9983b5e7be9b8625b4fbece5dd8e205e217a2253968e68db18b2aa7d8,"[0.9749731249175966, 1.0041333939880133, 0.9838079399196431]","[385.0, 385.0, 385.0]",,ok,385.0,1.2717722119996324,1.2707597919506952,1.2751564231002703,0.0,0.0,30deb48c70ac10c5942f0d9ece76ad922b29e35a121fe21cf23ff8e976581fea,"[1.2707597919506952, 1.2717722119996324, 1.2751564231002703]","[385.0, 385.0, 385.0]",,ok,313.0,0.43040744005702436,0.4300935829523951,0.46618758304975927,72.0,18.7012987012987,486246f872794e0a2275736a85b8cf550119ecf2ff7b6af278fb8a5bad260f26,"[0.46618758304975927, 0.43040744005702436, 0.4300935829523951]","[313.0, 313.0, 313.0]",,385.0,SBM|SVL,TRF,SBM,ok
pm1d_100.9,rudy,100,4901,405,4,10000,1,cuda:1,ok,405.0,0.9613138679414988,0.9612395609728992,0.9682573829777539,0.0,0.0,35f25831cb3b4236173f0b6ea726f73f73cc3e8cb188c640afcb253d5042b12a,"[0.9612395609728992, 0.9613138679414988, 0.9682573829777539]","[405.0, 405.0, 405.0]",,ok,405.0,1.2449906420661137,1.243888846016489,1.2456631080713123,0.0,0.0,35f25831cb3b4236173f0b6ea726f73f73cc3e8cb188c640afcb253d5042b12a,"[1.2456631080713123, 1.2449906420661137, 1.243888846016489]","[405.0, 405.0, 405.0]",,ok,353.0,0.4351119049824774,0.4350742819951847,0.43519028392620385,52.0,12.839506172839506,e7c5440f38d3b602ffca9eba15908ff1b23cc73b99e8abfd054749f5f7b25cc3,"[0.4350742819951847, 0.43519028392620385, 0.4351119049824774]","[353.0, 353.0, 353.0]",,405.0,SBM|SVL,TRF,SBM,ok
pm1d_80.0,rudy,80,3128,227,4,10000,1,cuda:1,ok,227.0,0.963141645072028,0.9616182489553466,0.9700201050145552,0.0,0.0,881bb36434b798f307bcaade9eff5d3cd47b7c4bcb41d258b38ec6d2ff922733,"[0.963141645072028, 0.9616182489553466, 0.9700201050145552]","[227.0, 227.0, 227.0]",,ok,225.0,1.2438054180238396,1.2425671740202233,1.2439157579792663,2.0,0.8810572687224669,df137338e3b81c728d8be8e31fb175fbcf9f4c98354ca2d6cd77bf4f34677541,"[1.2439157579792663, 1.2425671740202233, 1.2438054180238396]","[225.0, 225.0, 225.0]",,ok,152.0,0.4128632469801232,0.41247053106781095,0.4131861140485853,75.0,33.03964757709251,6a7c999ba0f607528623e18ef5492d115e9ee3adfe708b69d7e71a0b7eeb4511,"[0.4131861140485853, 0.4128632469801232, 0.41247053106781095]","[152.0, 152.0, 152.0]",,227.0,SBM,TRF,SBM,ok
pm1d_80.1,rudy,80,3128,245,4,10000,1,cuda:3,ok,245.0,0.9667912849690765,0.9659560869913548,0.967114269034937,0.0,0.0,33cec87bc4ff7d8b51a28766dd83fb2591ae8d655509cf4746c7f1376495b6ec,"[0.9667912849690765, 0.967114269034937, 0.9659560869913548]","[245.0, 245.0, 245.0]",,ok,243.0,1.2427017180016264,1.242127899080515,1.2461433439748362,2.0,0.8163265306122449,c9932bf0c4d2c3b13459584d7491de86244a8de7e9525e8657c316750887ac47,"[1.2461433439748362, 1.2427017180016264, 1.242127899080515]","[243.0, 243.0, 243.0]",,ok,209.0,0.41375927499029785,0.41375742899253964,0.44706855702679604,36.0,14.693877551020408,673029dfc78b0708855e0d7c425ed300d4590bf1d85a4f8119644daa75e54b76,"[0.44706855702679604, 0.41375742899253964, 0.41375927499029785]","[209.0, 209.0, 209.0]",,245.0,SBM,TRF,SBM,ok
pm1d_80.2,rudy,80,3128,284,4,10000,1,cuda:6,ok,284.0,0.9055841719964519,0.904318896937184,0.9064222680171952,0.0,0.0,38582d326251e58f073a09c7901c9d8978e7b9978681307192ba59e94fff916b,"[0.904318896937184, 0.9064222680171952, 0.9055841719964519]","[284.0, 284.0, 284.0]",,ok,284.0,1.1717238189885393,1.1702773290453479,1.1782095530070364,0.0,0.0,6fa15e9a26c97998ce1eb24477519b65c0f31b3651b9e306499006f3f912c29e,"[1.1782095530070364, 1.1702773290453479, 1.1717238189885393]","[284.0, 284.0, 284.0]",,ok,242.0,0.40862750995438546,0.4082751419628039,0.4404821170028299,42.0,14.788732394366198,68d0e599731ef486cf3e98cc9da43d09e0d985ad85f447a1a8a8a2f6193f100a,"[0.4404821170028299, 0.40862750995438546, 0.4082751419628039]","[242.0, 242.0, 242.0]",,284.0,SBM|SVL,TRF,SBM,ok
pm1d_80.3,rudy,80,3128,291,4,10000,1,cuda:5,ok,291.0,0.9698783939238638,0.9693527419585735,0.9719418319873512,0.0,0.0,9a5e8b5e218ad19e650631410f2700f2a4108adcdaf0d5cb029bbed5ed15805f,"[0.9698783939238638, 0.9719418319873512, 0.9693527419585735]","[291.0, 291.0, 291.0]",,ok,291.0,1.253695411956869,1.2529188770567998,1.2574825310148299,0.0,0.0,9a5e8b5e218ad19e650631410f2700f2a4108adcdaf0d5cb029bbed5ed15805f,"[1.2574825310148299, 1.2529188770567998, 1.253695411956869]","[291.0, 291.0, 291.0]",,ok,230.0,0.4119635949609801,0.4106998060597107,0.43109476496465504,61.0,20.962199312714777,6e9ce6f061e6fd82ed2d973d94946f54d2a2b69f500bf4db38b8fcc29ee53520,"[0.43109476496465504, 0.4119635949609801, 0.4106998060597107]","[230.0, 230.0, 230.0]",,291.0,SBM|SVL,TRF,SBM,ok
pm1d_80.4,rudy,80,3128,251,4,10000,1,cuda:0,ok,251.0,0.9889503549784422,0.9857955659972504,0.9889763880055398,0.0,0.0,92453bad21b9522e5470be7811c38924a51aca6e928a110328c0e74278204b12,"[0.9889763880055398, 0.9889503549784422, 0.9857955659972504]","[251.0, 251.0, 251.0]",,ok,251.0,1.2640526249306276,1.261578659992665,1.2643293290166184,0.0,0.0,92453bad21b9522e5470be7811c38924a51aca6e928a110328c0e74278204b12,"[1.2640526249306276, 1.261578659992665, 1.2643293290166184]","[251.0, 251.0, 251.0]",,ok,199.0,0.4158464999636635,0.4089653320843354,0.46666976204141974,52.0,20.717131474103585,0465897025db0d4c6393db04660c81950d0f5eb4ace3ffb3a659975055ab33a4,"[0.46666976204141974, 0.4089653320843354, 0.4158464999636635]","[199.0, 199.0, 199.0]",,251.0,SBM|SVL,TRF,SBM,ok
pm1d_80.5,rudy,80,3128,242,4,10000,1,cuda:7,ok,242.0,0.9797304599778727,0.9787109550088644,0.9808594110654667,0.0,0.0,a51834baac32bede7bd91dc80cf58e8dbfecbe0f0f35c0fe31a82a86e1afb7a3,"[0.9797304599778727, 0.9808594110654667, 0.9787109550088644]","[242.0, 242.0, 242.0]",,ok,242.0,1.2698178960708901,1.269148577004671,1.2737214909866452,0.0,0.0,a51834baac32bede7bd91dc80cf58e8dbfecbe0f0f35c0fe31a82a86e1afb7a3,"[1.2737214909866452, 1.269148577004671, 1.2698178960708901]","[242.0, 242.0, 242.0]",,ok,202.0,0.41095864796079695,0.41054791305214167,0.46444393589627,40.0,16.52892561983471,b3ddd19cec51d8380da54256bdcb13b2897e23971a311a4d21795aaf2bbf7430,"[0.46444393589627, 0.41095864796079695, 0.41054791305214167]","[202.0, 202.0, 202.0]",,242.0,SBM|SVL,TRF,SBM,ok
pm1d_80.6,rudy,80,3128,205,4,10000,1,cuda:4,ok,205.0,0.9711239919997752,0.9706830830546096,0.971972857019864,0.0,0.0,b39429cc69995717582aa53b5fb661d3c791d714f3d2c00332893ace8323f734,"[0.971972857019864, 0.9706830830546096, 0.9711239919997752]","[205.0, 205.0, 205.0]",,ok,204.0,1.2550253629451618,1.2522727529285476,1.2568058650940657,1.0,0.4878048780487805,00efeac7e76bc0d709bf27f420504bb93777b9db7d849bd81ab8755014df81a7,"[1.2522727529285476, 1.2550253629451618, 1.2568058650940657]","[204.0, 204.0, 204.0]",,ok,154.0,0.3991676460718736,0.3990775910206139,0.40696454199496657,51.0,24.878048780487806,d04966a40279cf0e4be0ba12b3093db1fa3ac88ba03f4339ddb8e8937c91c87d,"[0.40696454199496657, 0.3991676460718736, 0.3990775910206139]","[154.0, 154.0, 154.0]",,205.0,SBM,TRF,SBM,ok
pm1d_80.7,rudy,80,3128,249,4,10000,1,cuda:2,ok,249.0,0.9808182279812172,0.9802471860311925,0.9879392370348796,0.0,0.0,6df14b39a64126801b6986d7f52602160ff5b08e77a92b4009cf0fc82b65f545,"[0.9808182279812172, 0.9879392370348796, 0.9802471860311925]","[249.0, 249.0, 249.0]",,ok,249.0,1.2696731489850208,1.2673301320755854,1.271755128982477,0.0,0.0,aac89ce7bc364ea549d62a894b421f0e9930d3320ebcbee567d2334cd519ff4a,"[1.2696731489850208, 1.271755128982477, 1.2673301320755854]","[249.0, 249.0, 249.0]",,ok,210.0,0.4088569419691339,0.4087092559784651,0.4460080020362511,39.0,15.662650602409638,5611e89c2efe72eee6e1f64d49d1f06273380b5c19105af1c083bff7284e8a9f,"[0.4460080020362511, 0.4087092559784651, 0.4088569419691339]","[210.0, 210.0, 210.0]",,249.0,SBM|SVL,TRF,SBM,ok
pm1d_80.8,rudy,80,3128,293,4,10000,1,cuda:1,ok,293.0,0.9630212809424847,0.9620881389128044,0.9673350079683587,0.0,0.0,3a1457e93f819683bcded41f7b567e3460ddae14f294448aa6ecaf26e613c669,"[0.9620881389128044, 0.9630212809424847, 0.9673350079683587]","[293.0, 293.0, 293.0]",,ok,293.0,1.2436487529193982,1.2418060950003564,1.2442130910931155,0.0,0.0,3a1457e93f819683bcded41f7b567e3460ddae14f294448aa6ecaf26e613c669,"[1.2442130910931155, 1.2436487529193982, 1.2418060950003564]","[293.0, 293.0, 293.0]",,ok,241.0,0.4176964520011097,0.4176743000280112,0.4599536960013211,52.0,17.747440273037544,8b70fc4d393f33d88f8ad28eb458521666da47335cf3c106c1c52e7ec2357ba9,"[0.4599536960013211, 0.4176743000280112, 0.4176964520011097]","[241.0, 241.0, 241.0]",,293.0,SBM|SVL,TRF,SBM,ok
pm1d_80.9,rudy,80,3128,258,4,10000,1,cuda:6,ok,258.0,0.9038912070682272,0.9019108290085569,0.9039311850210652,0.0,0.0,be8882bb93d3be7981feb53018ba711af21e6269bd0c9e262669788b7fd50b8e,"[0.9039311850210652, 0.9019108290085569, 0.9038912070682272]","[258.0, 258.0, 258.0]",,ok,252.0,1.1736325330566615,1.171745398081839,1.175900514004752,6.0,2.3255813953488373,e53c3739980221b1022e26421d2025a9a5f67a776c15c605e234727f4801759d,"[1.175900514004752, 1.171745398081839, 1.1736325330566615]","[252.0, 252.0, 252.0]",,ok,222.0,0.40806854504626244,0.4073643160518259,0.43256223399657756,36.0,13.953488372093023,cc2a789b49ec11a0c13895d0fcf379252010abc78fff2aeb923bfc5525997ff3,"[0.43256223399657756, 0.40806854504626244, 0.4073643160518259]","[222.0, 222.0, 222.0]",,258.0,SBM,TRF,SBM,ok
pm1s_100.0,rudy,100,495,127,4,10000,1,cuda:6,ok,127.0,0.8994358170311898,0.8973029520129785,0.8997751020360738,0.0,0.0,fb2259981dc34451d9256af57d7f820e6a2a5e0ab9109614b1c8fbfb8c3733d7,"[0.8973029520129785, 0.8997751020360738, 0.8994358170311898]","[127.0, 127.0, 127.0]",,ok,125.0,1.173596418928355,1.17097949096933,1.1744456029264256,2.0,1.5748031496062993,f7e0e8acd279a0afc1749fc72a3ee888a66ae106a942d7eda0a109b73d18d064,"[1.173596418928355, 1.17097949096933, 1.1744456029264256]","[125.0, 125.0, 125.0]",,ok,107.0,0.4116895659826696,0.41144891001749784,0.4432653329567984,20.0,15.748031496062993,6c6857ee82b8cda9b4b687ae8a31cfb64df5407ebd601ae16adf57c70fc8ac16,"[0.4432653329567984, 0.4116895659826696, 0.41144891001749784]","[107.0, 107.0, 107.0]",,127.0,SBM,TRF,SBM,ok
pm1s_100.1,rudy,100,495,126,4,10000,1,cuda:3,ok,126.0,0.9611855699913576,0.9592934219399467,0.9641245249658823,0.0,0.0,0687c59fbe7b32bafea0d80a0c7a6cb70b1d86b8f1f5dfcca8edd7a90dea7af7,"[0.9611855699913576, 0.9592934219399467, 0.9641245249658823]","[126.0, 126.0, 126.0]",,ok,124.0,1.2431503999978304,1.2416729789692909,1.2447846899740398,2.0,1.5873015873015872,9d0cb933e80003c06004bff0b56a97a2a73609929989b2584cdd0f974912cf5c,"[1.2416729789692909, 1.2431503999978304, 1.2447846899740398]","[124.0, 124.0, 124.0]",,ok,115.0,0.4174893209710717,0.4173333749640733,0.4459965090500191,11.0,8.73015873015873,5b6c38eb56e8a8830472bb46d2b630be9a9d4d75a6c0a954e023e05032224785,"[0.4459965090500191, 0.4174893209710717, 0.4173333749640733]","[115.0, 115.0, 115.0]",,126.0,SBM,TRF,SBM,ok
pm1s_100.2,rudy,100,495,125,4,10000,1,cuda:5,ok,125.0,0.9720044750720263,0.9698292399989441,0.9987387150758877,0.0,0.0,73e45916300e375c1bbe29a77c3e03c90621a2face069eb40a50ea49f3aaa6bf,"[0.9698292399989441, 0.9987387150758877, 0.9720044750720263]","[125.0, 125.0, 125.0]",,ok,125.0,1.2548946650931612,1.2529588990146294,1.256905009970069,0.0,0.0,745ff61c707fabc499a1552cd5c0aa478217a7cb32e7b1cb66f59afc3ded126f,"[1.2548946650931612, 1.2529588990146294, 1.256905009970069]","[125.0, 125.0, 125.0]",,ok,113.0,0.41710862796753645,0.4168574899667874,0.41720852500293404,12.0,9.6,3cd866938f171fd7629defbafd076017816db107588b98563d58efbf32fc18a4,"[0.41720852500293404, 0.41710862796753645, 0.4168574899667874]","[113.0, 113.0, 113.0]",,125.0,SBM|SVL,TRF,SBM,ok
pm1s_100.3,rudy,100,495,111,4,10000,1,cuda:0,ok,111.0,0.9872534030582756,0.9858912660274655,1.013537985039875,0.0,0.0,3085caed4de93784d23f5bccd6f91b2d2f7697a25b405f46e1f1b575bd098b30,"[0.9858912660274655, 1.013537985039875, 0.9872534030582756]","[111.0, 111.0, 111.0]",,ok,110.0,1.2643682199995965,1.261415924062021,1.266983191948384,1.0,0.9009009009009009,3dac4cc5bb9494deacc294c1ce0b5451c4465899895e913a9b2f4efba00aa5c7,"[1.2643682199995965, 1.261415924062021, 1.266983191948384]","[110.0, 110.0, 110.0]",,ok,102.0,0.4346667759818956,0.4160719310166314,0.4382322640158236,9.0,8.108108108108109,ec4ca47bf6553d2be46cf45e5451871f4457ffa8d2d46e831e1d30f5215baf9a,"[0.4382322640158236, 0.4346667759818956, 0.4160719310166314]","[102.0, 102.0, 102.0]",,111.0,SBM,TRF,SBM,ok
pm1s_100.4,rudy,100,495,128,4,10000,1,cuda:7,ok,128.0,0.9931315650464967,0.9772866709390655,1.0431616139831021,0.0,0.0,1d3cecdd70e81f394b88fc333dc235e20c1829b1fa05bac19c7297b6ecb3d26b,"[0.9772866709390655, 1.0431616139831021, 0.9931315650464967]","[128.0, 128.0, 128.0]",,ok,128.0,1.271957796998322,1.2678305050358176,1.2899844099301845,0.0,0.0,fe235c730cf7a6366e5a9b78b7bd41fd8a0ca1a1e8c9f3d4608bd48c2433aee5,"[1.2899844099301845, 1.271957796998322, 1.2678305050358176]","[128.0, 128.0, 128.0]",,ok,117.0,0.41711330600082874,0.4168339390307665,0.43426743894815445,11.0,8.59375,fcb25e819b8f5861525a1bb0b8c61b9b710944999fd68ac1b76961050ca449a9,"[0.43426743894815445, 0.41711330600082874, 0.4168339390307665]","[117.0, 117.0, 117.0]",,128.0,SBM|SVL,TRF,SBM,ok
pm1s_100.5,rudy,100,495,128,4,10000,1,cuda:4,ok,128.0,0.969883385929279,0.9687456890242174,0.9721931311069056,0.0,0.0,da5971fc17d79ee28dd9a5447f5ae228a73263ef32a7516825ee2505e868651c,"[0.9687456890242174, 0.9721931311069056, 0.969883385929279]","[128.0, 128.0, 128.0]",,ok,125.0,1.258468708023429,1.2550159100210294,1.2652423710096627,3.0,2.34375,2f0010488d8c1f3654b46bfb5b5e261b3b3b968b3709b0d8564551fd5a3610e7,"[1.258468708023429, 1.2652423710096627, 1.2550159100210294]","[125.0, 125.0, 125.0]",,ok,115.0,0.4043754179729149,0.40417108905967325,0.4047448559431359,13.0,10.15625,3311690ecff344c6b120d50a838139f41ae733a46db51dbc6a3dceb7e9512ac8,"[0.4047448559431359, 0.4043754179729149, 0.40417108905967325]","[115.0, 115.0, 115.0]",,128.0,SBM,TRF,SBM,ok
pm1s_100.6,rudy,100,495,122,4,10000,1,cuda:2,ok,122.0,0.9828414809890091,0.9823346131015569,0.9840357400244102,0.0,0.0,1268df4bb827b5bec279aa246f923b3c2e21afe658f1c9a314feca18c9223ff3,"[0.9823346131015569, 0.9828414809890091, 0.9840357400244102]","[122.0, 122.0, 122.0]",,ok,118.0,1.3009168909629807,1.2650726549327374,1.3009377470007166,4.0,3.278688524590164,5324b1972c88b65246c54a541ee3f8df704d0d39a304473c4bf798f1965ccc71,"[1.3009377470007166, 1.3009168909629807, 1.2650726549327374]","[118.0, 118.0, 118.0]",,ok,110.0,0.4129126719199121,0.41289575304836035,0.43135779502335936,12.0,9.836065573770492,ed657dce1c81f782fffd3938b148b41a6a151c9762dced148a35486afe305794,"[0.43135779502335936, 0.4129126719199121, 0.41289575304836035]","[110.0, 110.0, 110.0]",,122.0,SBM,TRF,SBM,ok
pm1s_100.7,rudy,100,495,112,4,10000,1,cuda:6,ok,112.0,0.8996758239809424,0.897174273035489,0.9038126689847559,0.0,0.0,d687bcc9ee331d073db0e6c6ddd085a98cbd5f256dd2bf36f1603d704631af26,"[0.9038126689847559, 0.8996758239809424, 0.897174273035489]","[112.0, 112.0, 112.0]",,ok,112.0,1.173964804969728,1.1736920489929616,1.19130302593112,0.0,0.0,43571ee675b5046bb07f482228f3ac2f2b4871db7a205037b2ca5c5ee540f5a2,"[1.19130302593112, 1.1736920489929616, 1.173964804969728]","[112.0, 112.0, 112.0]",,ok,92.0,0.4170871319947764,0.4144664340419695,0.445132999913767,20.0,17.857142857142858,ee4a914e5f49417d69cd6574071d8de3b4345f4e7f443c1ae6a6416351a6701f,"[0.445132999913767, 0.4144664340419695, 0.4170871319947764]","[92.0, 92.0, 92.0]",,112.0,SBM|SVL,TRF,SBM,ok
pm1s_100.8,rudy,100,495,120,4,10000,1,cuda:1,ok,120.0,0.9654558489564806,0.9611654820619151,0.9789243389386684,0.0,0.0,fa9e44533dfade90fe1824d0dd31f8a49ceec63d5d10073f85f36043ca5f47bb,"[0.9611654820619151, 0.9654558489564806, 0.9789243389386684]","[120.0, 120.0, 120.0]",,ok,119.0,1.2426021250430495,1.2409915019525215,1.2459265169454738,1.0,0.8333333333333334,c3f876a3202220afdcb3e41257ac2d2615f5a886cae2dfebbd6e9eecb8c3e419,"[1.2459265169454738, 1.2426021250430495, 1.2409915019525215]","[119.0, 119.0, 119.0]",,ok,106.0,0.41929765103850514,0.4173589119454846,0.4431849271059036,14.0,11.666666666666666,598ca250079ce1fbcb6c2d1e821ef44bf7db8a4e45ab22505c5ee4e2caeb266a,"[0.4431849271059036, 0.41929765103850514, 0.4173589119454846]","[106.0, 106.0, 106.0]",,120.0,SBM,TRF,SBM,ok
pm1s_100.9,rudy,100,495,127,4,10000,1,cuda:3,ok,127.0,0.9679574050242081,0.9639008669182658,0.9838506960077211,0.0,0.0,b5300ad7df74b9c580b9c7c9ab4f5b891079de2d164348eb25beb573d62b611e,"[0.9639008669182658, 0.9838506960077211, 0.9679574050242081]","[127.0, 127.0, 127.0]",,ok,127.0,1.242482205037959,1.2397861731005833,1.2432343879481778,0.0,0.0,e32b27f0bbc13c184e7c638376618d3b96a5b5f9d8b4ee48ae2f83541354b9aa,"[1.2397861731005833, 1.242482205037959, 1.2432343879481778]","[127.0, 127.0, 127.0]",,ok,112.0,0.4170644299592823,0.4168882790254429,0.43185826705303043,15.0,11.811023622047244,e56bf24ea1eca8d91077125860854218f46a4d0d924591a16b49744ba23170c7,"[0.43185826705303043, 0.4168882790254429, 0.4170644299592823]","[112.0, 112.0, 112.0]",,127.0,SBM|SVL,TRF,SBM,ok
pm1s_80.0,rudy,80,316,79,4,10000,1,cuda:3,ok,79.0,0.9575375629356131,0.9562261659884825,0.9626072470564395,0.0,0.0,47adb27975cbe616206e5d66d3c53f4174a1927fda6a5cf86badcf3d906de181,"[0.9575375629356131, 0.9562261659884825, 0.9626072470564395]","[79.0, 79.0, 79.0]",,ok,79.0,1.2424033260904253,1.2401821409584954,1.246068858075887,0.0,0.0,47adb27975cbe616206e5d66d3c53f4174a1927fda6a5cf86badcf3d906de181,"[1.2401821409584954, 1.246068858075887, 1.2424033260904253]","[79.0, 79.0, 79.0]",,ok,71.0,0.40127480402588844,0.4010335219791159,0.4203855390660465,8.0,10.126582278481013,fcc83c50d9440dcfe86a3ec7460e7b5c9dbdb2ea27671ab8ac3b8898a2684f16,"[0.4203855390660465, 0.40127480402588844, 0.4010335219791159]","[71.0, 71.0, 71.0]",,79.0,SBM|SVL,TRF,SBM,ok
pm1s_80.1,rudy,80,316,85,4,10000,1,cuda:5,ok,85.0,0.9670363808982074,0.9658178699901327,0.9713200349360704,0.0,0.0,ab8042b4031533609ed31b5aed9c5e6cbb46f6fbe893273764c9a8f4cc580fa6,"[0.9658178699901327, 0.9670363808982074, 0.9713200349360704]","[85.0, 85.0, 85.0]",,ok,85.0,1.2539333489257842,1.2504910209681839,1.2550255679525435,0.0,0.0,1da247e926e457b68b6075eefe115eb1835caa076c6d58294f9f5e414a0b5db7,"[1.2539333489257842, 1.2504910209681839, 1.2550255679525435]","[85.0, 85.0, 85.0]",,ok,76.0,0.39995834103319794,0.39945093099959195,0.45040782098658383,9.0,10.588235294117647,218c895679eae7d3ee1210e83462ea853aee6090ecf0cafbc7669060384a3079,"[0.45040782098658383, 0.39995834103319794, 0.39945093099959195]","[76.0, 76.0, 76.0]",,85.0,SBM|SVL,TRF,SBM,ok
pm1s_80.2,rudy,80,316,82,4,10000,1,cuda:0,ok,82.0,0.9862684520194307,0.9750063969986513,0.9872401629108936,0.0,0.0,15aab1b5a87f2221d5bcbabc8aa6ea4155ca5f98bc01451fd6d0bc6fc22847bb,"[0.9750063969986513, 0.9872401629108936, 0.9862684520194307]","[82.0, 82.0, 82.0]",,ok,82.0,1.2659395310329273,1.26164649205748,1.274225665954873,0.0,0.0,0ea343d5ff94f904aa7b06e87d604c84fde67f7d75741f8105c896aa9430b44c,"[1.274225665954873, 1.2659395310329273, 1.26164649205748]","[82.0, 82.0, 82.0]",,ok,72.0,0.40450258599594235,0.4043762369547039,0.4046731350244954,10.0,12.195121951219512,06647e614f0ced4b3aa521650f4497ba1f9b1f7c75db71cb86b2d79f7fc14a63,"[0.4043762369547039, 0.4046731350244954, 0.40450258599594235]","[72.0, 72.0, 72.0]",,82.0,SBM|SVL,TRF,SBM,ok
pm1s_80.3,rudy,80,316,81,4,10000,1,cuda:7,ok,81.0,0.9790844150120392,0.979025003965944,0.9864493400091305,0.0,0.0,a10a05135a3a527089030d0732e1c5ab8bc5c0f56d617eb5cf8a31b5c5c1cb3c,"[0.9790844150120392, 0.979025003965944, 0.9864493400091305]","[81.0, 81.0, 81.0]",,ok,81.0,1.2684617269551381,1.264979641069658,1.2722369570983574,0.0,0.0,121c2992695eb9a887660355cb650639e1c78bf8db73252fd65a430c9077b908,"[1.264979641069658, 1.2684617269551381, 1.2722369570983574]","[81.0, 81.0, 81.0]",,ok,78.0,0.3995428109774366,0.3978381579509005,0.4207091749412939,3.0,3.7037037037037037,e01af715bb028f7369426242e3db8431df617dc1b9a7a69a978966731394b15f,"[0.4207091749412939, 0.3978381579509005, 0.3995428109774366]","[78.0, 78.0, 78.0]",,81.0,SBM|SVL,TRF,SBM,ok
pm1s_80.4,rudy,80,316,70,4,10000,1,cuda:4,ok,70.0,0.975552643998526,0.974334561964497,0.9870793579611927,0.0,0.0,73df076e3f86948a634465755ed3a3cd3803e782dd739c6ba73349949bef371b,"[0.974334561964497, 0.975552643998526, 0.9870793579611927]","[70.0, 70.0, 70.0]",,ok,70.0,1.2560284169157967,1.2544547549914569,1.2561654479941353,0.0,0.0,f1efbad2387e8e65e366c2895dd10cb9730eef7146ce72ffcf864ab7f2e7f74d,"[1.2544547549914569, 1.2561654479941353, 1.2560284169157967]","[70.0, 70.0, 70.0]",,ok,61.0,0.38405936397612095,0.38402800203766674,0.43008239194750786,9.0,12.857142857142858,94aac65d14ea2363db465a96df98bd6fbccf266f723cd61ad79d50bbd373e37f,"[0.43008239194750786, 0.38402800203766674, 0.38405936397612095]","[61.0, 61.0, 61.0]",,70.0,SBM|SVL,TRF,SBM,ok
pm1s_80.5,rudy,80,316,87,4,10000,1,cuda:2,ok,87.0,0.9727671790169552,0.9724576439475641,0.9827143460279331,0.0,0.0,afc127b7d12fc7bf229c27f0b394c9f1c792843c96a6268c4821ee472138be4e,"[0.9727671790169552, 0.9724576439475641, 0.9827143460279331]","[87.0, 87.0, 87.0]",,ok,85.0,1.2695803759852424,1.268663109978661,1.3085274799959734,2.0,2.2988505747126435,af3cc5e681e7cdeaa321ff36e3915cfcb0ad04d7a287e345d33c6edeb1688bd5,"[1.2695803759852424, 1.3085274799959734, 1.268663109978661]","[85.0, 85.0, 85.0]",,ok,83.0,0.3955607330426574,0.39545596193056554,0.39610997994896024,4.0,4.597701149425287,2f867470ccf1ac76254d0059fe63ca715acef1dd897d760d96c83302b3ffc306,"[0.39610997994896024, 0.3955607330426574, 0.39545596193056554]","[83.0, 83.0, 83.0]",,87.0,SBM,TRF,SBM,ok
pm1s_80.6,rudy,80,316,73,4,10000,1,cuda:1,ok,73.0,0.964831400080584,0.961634089006111,0.9653138819849119,0.0,0.0,0ffa0a2aedafd795c52a32b158b4582e64326fe9617c6e9dfaa3de1ecbd7b011,"[0.964831400080584, 0.9653138819849119, 0.961634089006111]","[73.0, 73.0, 73.0]",,ok,72.0,1.2481433069333434,1.244411876075901,1.2594472810160369,1.0,1.36986301369863,52c9e3f486ab52511616bca06e6239c3784fefdda975019c8235f7a8d7c04e46,"[1.244411876075901, 1.2481433069333434, 1.2594472810160369]","[72.0, 72.0, 72.0]",,ok,68.0,0.40033510606735945,0.4001575580332428,0.44291575194802135,5.0,6.8493150684931505,2649b6308d5580672a343d7ccb65f79840ba36f6d360d61e7145c80f6474edc7,"[0.44291575194802135, 0.40033510606735945, 0.4001575580332428]","[68.0, 68.0, 68.0]",,73.0,SBM,TRF,SBM,ok
pm1s_80.7,rudy,80,316,83,4,10000,1,cuda:6,ok,83.0,0.9009605059400201,0.8982438470702618,0.9035182980587706,0.0,0.0,bd895aa4eb08596c5be4cc6f4cefb182b1ac08df689b60b56f22917f5c485d12,"[0.9035182980587706, 0.9009605059400201, 0.8982438470702618]","[83.0, 83.0, 83.0]",,ok,82.0,1.1748086579609662,1.1737796830711886,1.1758427150780335,1.0,1.2048192771084338,31384c53b0aae04a92800e5406c95ccf69a0cdad1e22a257fcd717b6cebdb7a2,"[1.1737796830711886, 1.1758427150780335, 1.1748086579609662]","[82.0, 82.0, 82.0]",,ok,78.0,0.3955847880570218,0.3948310959385708,0.44567252101842314,5.0,6.024096385542169,8ae2944393e1bcb792456e70e208171152a1c3aab6809c2ef8aa1e886068893a,"[0.44567252101842314, 0.3955847880570218, 0.3948310959385708]","[78.0, 78.0, 78.0]",,83.0,SBM,TRF,SBM,ok
pm1s_80.8,rudy,80,316,81,4,10000,1,cuda:3,ok,81.0,0.96850902994629,0.9622421800158918,0.9711964289890602,0.0,0.0,624a9382c4352b9ccc61695acc84119c646eb45ef5c3e20191e4e8f741f4a82a,"[0.9622421800158918, 0.96850902994629, 0.9711964289890602]","[81.0, 81.0, 81.0]",,ok,81.0,1.2431914060143754,1.2417440400458872,1.2441164989722893,0.0,0.0,5b14c99ed178c1c0512f049a12d66198d4bd294846c4e0340971698a7cc161a4,"[1.2441164989722893, 1.2417440400458872, 1.2431914060143754]","[81.0, 81.0, 81.0]",,ok,75.0,0.4082246799953282,0.40815865306649357,0.4082997610094026,6.0,7.407407407407407,9b389ecb2cf68f4411c6c86ca0a1a03971f59994409834b66e4c09d40b64f6a8,"[0.40815865306649357, 0.4082997610094026, 0.4082246799953282]","[75.0, 75.0, 75.0]",,81.0,SBM|SVL,TRF,SBM,ok
pm1s_80.9,rudy,80,316,70,4,10000,1,cuda:5,ok,70.0,0.989806356956251,0.9727051670197397,0.994375154026784,0.0,0.0,18491b566729c4266fb65fc3fc8509d903ff9cc0cdc0ae7ec5be7f58e07ee573,"[0.9727051670197397, 0.989806356956251, 0.994375154026784]","[70.0, 70.0, 70.0]",,ok,70.0,1.2612455349881202,1.2551793020684272,1.2640382590470836,0.0,0.0,fc99d4a87d97b41bed639ecfeeb57724bb1fb8e364e98d22efee79efe4e6bb39,"[1.2551793020684272, 1.2640382590470836, 1.2612455349881202]","[70.0, 70.0, 70.0]",,ok,69.0,0.3972066070418805,0.39631406706757843,0.4396610150579363,1.0,1.4285714285714286,062b3ed1ace3323cf2ff65da3a550bd9f5060d0c930e1ebd1df95c8ca829f4f9,"[0.4396610150579363, 0.3972066070418805, 0.39631406706757843]","[69.0, 69.0, 69.0]",,70.0,SBM|SVL,TRF,SBM,ok
pw01_100.0,rudy,100,495,2019,4,10000,1,cuda:5,ok,2019.0,0.970427701016888,0.9701411200221628,0.9731631820322946,0.0,0.0,9715b653a196eb5aee4f8d26fb32ef5f450191d467a2c0af7c710255ea39b5ea,"[0.9731631820322946, 0.9701411200221628, 0.970427701016888]","[2019.0, 2019.0, 2019.0]",,ok,1948.0,1.257085546036251,1.2544690850190818,1.3171427270863205,71.0,3.5165923724616146,50a71a065e29a1dbb3f53c35db7fac4f603a5a3dc7f94f681fd49a52ea0fee97,"[1.3171427270863205, 1.257085546036251, 1.2544690850190818]","[1948.0, 1948.0, 1948.0]",,ok,1978.0,0.41582839901093394,0.4157715738983825,0.44106424204073846,41.0,2.0307082714214957,4cff29f115ed795d6b0e9af9c318f6f36dba04d73c3cfad67af14ced09ff100f,"[0.44106424204073846, 0.4157715738983825, 0.41582839901093394]","[1978.0, 1978.0, 1978.0]",,2019.0,SBM,TRF,SBM,ok
pw01_100.1,rudy,100,495,2060,4,10000,1,cuda:0,ok,2059.0,0.9789916881127283,0.9762088279239833,0.9947860750835389,1.0,0.04854368932038835,08f10766737d215527980055eed89fec7c75890f9448447e38702539332c8dc6,"[0.9762088279239833, 0.9789916881127283, 0.9947860750835389]","[2059.0, 2059.0, 2059.0]",,ok,1967.0,1.2640172080136836,1.2612372320145369,1.2693039079895243,93.0,4.514563106796117,327cb0d32063ace287914967e955a7391029c74797317c95356b6e7ffb5b208a,"[1.2612372320145369, 1.2640172080136836, 1.2693039079895243]","[1967.0, 1967.0, 1967.0]",,ok,2020.0,0.4164515699958429,0.4161952689755708,0.4166187800001353,40.0,1.941747572815534,cb2f805bd70f627d1eeffc7bbdfac442bf6353cf1c1136222c6a0951f619fa40,"[0.4166187800001353, 0.4161952689755708, 0.4164515699958429]","[2020.0, 2020.0, 2020.0]",,2059.0,SBM,TRF,SBM,ok
pw01_100.2,rudy,100,495,2032,4,10000,1,cuda:7,ok,2032.0,0.9789371580118313,0.9775711660040542,0.981602793908678,0.0,0.0,b8b2a4a2e6c087c75df3b9a78a5ed35cc41ad4d50866de86d1b2f51fc3f7c05f,"[0.9775711660040542, 0.9789371580118313, 0.981602793908678]","[2032.0, 2032.0, 2032.0]",,ok,1928.0,1.2719333579298109,1.261954869958572,1.2750200770096853,104.0,5.118110236220472,3088ff98c5517c6b82dd04932f431d8cb4e50e6c145fa8d880c1cd127b96078f,"[1.2750200770096853, 1.261954869958572, 1.2719333579298109]","[1928.0, 1928.0, 1928.0]",,ok,1977.0,0.41547867306508124,0.41524634906090796,0.4339873919961974,55.0,2.706692913385827,b7225fc50ac8a6dd6f57f7977e56366e468cdfcc5835307986be3367d883ff26,"[0.4339873919961974, 0.41547867306508124, 0.41524634906090796]","[1977.0, 1977.0, 1977.0]",,2032.0,SBM,TRF,SBM,ok
pw01_100.3,rudy,100,495,2067,4,10000,1,cuda:4,ok,2060.0,0.9712862309534103,0.9695453399326652,0.971892517991364,7.0,0.3386550556361877,2aa96287551f6c7f7d5d3c9e1f92a70532d95db98240e529b021a14e1702847a,"[0.9695453399326652, 0.971892517991364, 0.9712862309534103]","[2060.0, 2060.0, 2060.0]",,ok,2044.0,1.2569570529740304,1.2560122379800305,1.2586167119443417,23.0,1.1127237542331883,51277a4d50bbe67b30cc435fce3dd40abdf33d460ba39dffd1ea73a04139b8ae,"[1.2560122379800305, 1.2569570529740304, 1.2586167119443417]","[2044.0, 2044.0, 2044.0]",,ok,2011.0,0.40441567404195666,0.4043360509676859,0.46065805305261165,56.0,2.7092404450895016,7cdd9a0dea4c67155db0cbefad01d9c25ba9fcfa2c8223a36bc9b05a014442d0,"[0.46065805305261165, 0.40441567404195666, 0.4043360509676859]","[2011.0, 2011.0, 2011.0]",,2060.0,SBM,TRF,SBM,ok
pw01_100.4,rudy,100,495,2039,4,10000,1,cuda:6,ok,2039.0,0.9015641999430954,0.9007947179488838,0.9036436630412936,0.0,0.0,384f538cbeb1734f18cf196749e78d2b17b135087f559d3399659a90afef0800,"[0.9015641999430954, 0.9036436630412936, 0.9007947179488838]","[2039.0, 2039.0, 2039.0]",,ok,1959.0,1.173404781962745,1.172142960014753,1.1745964180445299,80.0,3.92349190779794,33b99c48b35b02e2b85bafaf990a2827f68469b94c1bfabf63506b7da6761edc,"[1.173404781962745, 1.172142960014753, 1.1745964180445299]","[1959.0, 1959.0, 1959.0]",,ok,1960.0,0.41417943697888404,0.4133550099795684,0.4343998599797487,79.0,3.874448258950466,b19a1cbeef7a8376b398243d3eedfaca62e725d48a32ab42c97297af19af6f30,"[0.4343998599797487, 0.41417943697888404, 0.4133550099795684]","[1960.0, 1960.0, 1960.0]",,2039.0,SBM,TRF,SBM,ok
pw01_100.5,rudy,100,495,2108,4,10000,1,cuda:2,ok,2108.0,0.9779329280136153,0.9731582020176575,0.9859552490524948,0.0,0.0,12d5b2fe83291c894c734ca65354bb44920c55cf8c8079dab6cbd3f6359a2fcd,"[0.9859552490524948, 0.9731582020176575, 0.9779329280136153]","[2108.0, 2108.0, 2108.0]",,ok,2105.0,1.2671253168955445,1.2642954159528017,1.2683524660533294,3.0,0.14231499051233396,e68fc67a995660081fd09be656544b1e22255186e90fcc359f156a72c0078467,"[1.2683524660533294, 1.2642954159528017, 1.2671253168955445]","[2105.0, 2105.0, 2105.0]",,ok,1982.0,0.41322436195332557,0.41291038307826966,0.43624103197362274,126.0,5.977229601518027,607433f5c233a26f5d4eec6c9f1bce914945251367cdf04468d5ffccfa3024c4,"[0.43624103197362274, 0.41322436195332557, 0.41291038307826966]","[1982.0, 1982.0, 1982.0]",,2108.0,SBM,TRF,SBM,ok
pw01_100.6,rudy,100,495,2032,4,10000,1,cuda:1,ok,2028.0,0.9606050690636039,0.9573313751025125,0.9643441019579768,4.0,0.1968503937007874,74469f737dcf87c9b7f60efeb883e55fd26a05dc9d075cce4d3b614a421ddfc6,"[0.9606050690636039, 0.9573313751025125, 0.9643441019579768]","[2028.0, 2028.0, 2028.0]",,ok,1957.0,1.2435255369637161,1.2431834830204025,1.2462795400060713,75.0,3.690944881889764,088432a64632c64e2c686f7b6b14d493311d1cc042393048a60a9b9dd8b686d3,"[1.2435255369637161, 1.2462795400060713, 1.2431834830204025]","[1957.0, 1957.0, 1957.0]",,ok,1972.0,0.4224628120427951,0.418129432015121,0.4504187449347228,60.0,2.952755905511811,ab8ded3a46d47cb11f5255caaefd258b6c5124dc3a1e3fbc84e56b5ad823b201,"[0.4504187449347228, 0.418129432015121, 0.4224628120427951]","[1972.0, 1972.0, 1972.0]",,2028.0,SBM,TRF,SBM,ok
pw01_100.7,rudy,100,495,2074,4,10000,1,cuda:3,ok,2074.0,0.9629845699528232,0.9601448230678216,0.963166311965324,0.0,0.0,3d4f59aa83e3ac03c7540395fa648145f74849ccee80ab07d07ba2151166774b,"[0.9629845699528232, 0.9601448230678216, 0.963166311965324]","[2074.0, 2074.0, 2074.0]",,ok,1997.0,1.2408890209626406,1.2398687730310485,1.2448965549701825,77.0,3.712632594021215,f58e74ea1a042f251911a1656f5a2d49492e7bda2d1e2a500f9d018e983e118c,"[1.2398687730310485, 1.2448965549701825, 1.2408890209626406]","[1997.0, 1997.0, 1997.0]",,ok,2021.0,0.41753959201741964,0.4173487559892237,0.4177552320761606,53.0,2.5554484088717455,260a5c471ae3fd53d9a5478a0709ea6f295de80243e08810852d4cc038bfe31e,"[0.4173487559892237, 0.4177552320761606, 0.41753959201741964]","[2021.0, 2021.0, 2021.0]",,2074.0,SBM,TRF,SBM,ok
pw01_100.8,rudy,100,495,2022,4,10000,1,cuda:5,ok,2022.0,0.9725363079924136,0.9687296650372446,0.9786137090995908,0.0,0.0,ad5a9b0c0c4d4f790715b538eb5125924d791da577441353d04e0b6e0dbf3595,"[0.9786137090995908, 0.9725363079924136, 0.9687296650372446]","[2022.0, 2022.0, 2022.0]",,ok,1944.0,1.2496222910704091,1.2495524700498208,1.2617477460298687,78.0,3.857566765578635,484f28fb3c9094e685068c0e7982cf2d4eb83eb427af2d0585050be98c0f3e59,"[1.2495524700498208, 1.2617477460298687, 1.2496222910704091]","[1944.0, 1944.0, 1944.0]",,ok,1911.0,0.41595209401566535,0.41569724096916616,0.43164205306675285,111.0,5.489614243323442,b4fc860408caf12811d860675163f71621f5706f7c638502b24407cc5567ab46,"[0.43164205306675285, 0.41595209401566535, 0.41569724096916616]","[1911.0, 1911.0, 1911.0]",,2022.0,SBM,TRF,SBM,ok
pw01_100.9,rudy,100,495,2005,4,10000,1,cuda:0,ok,2005.0,0.9857242960715666,0.9832458270248026,0.990695173968561,0.0,0.0,241307607978156785a1cf7bbdcfa9cd76fb987e9ef35167260ee4f117f8b83b,"[0.9832458270248026, 0.9857242960715666, 0.990695173968561]","[2005.0, 2005.0, 2005.0]",,ok,1985.0,1.263762285001576,1.2616410170448944,1.2701124709565192,20.0,0.9975062344139651,d9499ff95d082756fc2c821c637d322772ba63f5aee81e63b819ca200e28ed6a,"[1.263762285001576, 1.2616410170448944, 1.2701124709565192]","[1985.0, 1985.0, 1985.0]",,ok,1950.0,0.4214292399119586,0.41411863802932203,0.44249049003701657,55.0,2.743142144638404,08734280b56e73704d493a5192064534df034b61f2e13262a65ef4cebe2c94bf,"[0.44249049003701657, 0.4214292399119586, 0.41411863802932203]","[1950.0, 1950.0, 1950.0]",,2005.0,SBM,TRF,SBM,ok
pw05_100.0,rudy,100,2475,8190,4,10000,1,cuda:7,ok,0.0,0.9826219349633902,0.9791678320616484,0.984309446066618,8190.0,100.0,cd00e292c5970d3c5e2f0ffa5171e555bc46bfc4faddfb4a418b6840b86e79a3,"[0.9791678320616484, 0.984309446066618, 0.9826219349633902]","[0.0, 0.0, 0.0]",,ok,7729.0,1.267454789020121,1.2646326120011508,1.2838300390867516,461.0,5.628815628815629,31a347048c956b9047aa08fee452f2568be32de070a0adde126549d331bfd434,"[1.267454789020121, 1.2838300390867516, 1.2646326120011508]","[7673.0, 7729.0, 7602.0]",,ok,7942.0,0.42298443091567606,0.42256092303432524,0.4231774249346927,248.0,3.028083028083028,d1f8ea97168f420b3ea71fe85f7c84879626b04986f686a1075dc32f8f130d99,"[0.4231774249346927, 0.42298443091567606, 0.42256092303432524]","[7942.0, 7942.0, 7942.0]",,7942.0,TRF,TRF,TRF,ok
pw05_100.1,rudy,100,2475,8045,4,10000,1,cuda:4,ok,0.0,0.9729533210629597,0.9722279149573296,0.9747933329781517,8045.0,100.0,cd00e292c5970d3c5e2f0ffa5171e555bc46bfc4faddfb4a418b6840b86e79a3,"[0.9722279149573296, 0.9747933329781517, 0.9729533210629597]","[0.0, 0.0, 0.0]",,ok,7610.0,1.2567760390229523,1.2496084369486198,1.2573152169352397,435.0,5.40708514605345,7b9a2b081eca9ebd000bda09dc6ac532d1b708db3c4ff17bb73cb4f9854f282a,"[1.2496084369486198, 1.2573152169352397, 1.2567760390229523]","[7566.0, 7610.0, 7431.0]",,ok,7837.0,0.41367966099642217,0.41364154999610037,0.45825329795479774,208.0,2.5854568054692355,d4fb186b3b5aa6ef6e12b29d7190eb0504790cee7c218c3a4b08165bd76617ce,"[0.45825329795479774, 0.41364154999610037, 0.41367966099642217]","[7837.0, 7837.0, 7837.0]",,7837.0,TRF,TRF,TRF,ok
pw05_100.2,rudy,100,2475,8039,4,10000,1,cuda:6,ok,0.0,0.905471621081233,0.9044198259944096,0.9082752889953554,8039.0,100.0,80f93e8c7d0e1e083e6aab0b073011d858d092951eb4bb2d595cd43173e04704,"[0.9082752889953554, 0.9044198259944096, 0.905471621081233]","[0.0, 0.0, 0.0]",,ok,7469.0,1.16869573504664,1.1684693649876863,1.173688285984099,570.0,7.0904341335987064,ba5a8118f13b3bb6060dbaaf2b805cf34fb0a95187f3bcd60610ad9dfb486136,"[1.1684693649876863, 1.173688285984099, 1.16869573504664]","[7469.0, 7432.0, 7404.0]",,ok,7798.0,0.42147755599580705,0.42079758003819734,0.4312000370118767,241.0,2.9978853091180495,62b354a89768f19af336d97bd52cee90aea7f692bd9d7537d4508c910cff5de8,"[0.4312000370118767, 0.42147755599580705, 0.42079758003819734]","[7798.0, 7798.0, 7798.0]",,7798.0,TRF,TRF,TRF,ok
pw05_100.3,rudy,100,2475,8139,4,10000,1,cuda:1,ok,0.0,0.9651578080374748,0.9622343119699508,0.9659379239892587,8139.0,100.0,80f93e8c7d0e1e083e6aab0b073011d858d092951eb4bb2d595cd43173e04704,"[0.9622343119699508, 0.9651578080374748, 0.9659379239892587]","[0.0, 0.0, 0.0]",,ok,7659.0,1.2388374339789152,1.2376035390188918,1.2412787079811096,480.0,5.897530409141172,0d931aa1d445c87810f8fc792a730d097354b2d675e303d897c5c1a0fa465242,"[1.2412787079811096, 1.2388374339789152, 1.2376035390188918]","[7638.0, 7506.0, 7659.0]",,ok,7855.0,0.4268576370086521,0.42677228699903935,0.43673154700081795,284.0,3.48937215874186,02439d702a07dd72a338408dadaba4fe258450cfc9f10f071e345a8cfa95e9cd,"[0.43673154700081795, 0.42677228699903935, 0.4268576370086521]","[7855.0, 7855.0, 7855.0]",,7855.0,TRF,TRF,TRF,ok
pw05_100.4,rudy,100,2475,8125,4,10000,1,cuda:2,ok,0.0,0.9846553360112011,0.9739987700013444,0.9883071599761024,8125.0,100.0,cd00e292c5970d3c5e2f0ffa5171e555bc46bfc4faddfb4a418b6840b86e79a3,"[0.9846553360112011, 0.9739987700013444, 0.9883071599761024]","[0.0, 0.0, 0.0]",,ok,7602.0,1.2703475190792233,1.2690087830414996,1.284336767042987,523.0,6.436923076923077,007fff95697b161154f87f683c65647672f8731fb0bfbee8cd3a94eec66b2d16,"[1.284336767042987, 1.2690087830414996, 1.2703475190792233]","[7553.0, 7602.0, 7575.0]",,ok,7924.0,0.4237578159663826,0.4236215370474383,0.44408821302931756,201.0,2.473846153846154,3d41acee39104a8be8238f2a01f5b01fbb6ca4f08f6592e6fb34dce6e64a5e0f,"[0.44408821302931756, 0.4237578159663826, 0.4236215370474383]","[7924.0, 7924.0, 7924.0]",,7924.0,TRF,TRF,TRF,ok
pw05_100.5,rudy,100,2475,8169,4,10000,1,cuda:3,ok,0.0,0.9612655430100858,0.9609819200122729,0.9616428900044411,8169.0,100.0,80f93e8c7d0e1e083e6aab0b073011d858d092951eb4bb2d595cd43173e04704,"[0.9609819200122729, 0.9612655430100858, 0.9616428900044411]","[0.0, 0.0, 0.0]",,ok,7717.0,1.2426137239672244,1.236196462996304,1.243338869069703,452.0,5.533112988125842,a2769253f97b26da5edb5da64c32e9b01afa8da721b5d7b3866cf16ff2eadb39,"[1.243338869069703, 1.2426137239672244, 1.236196462996304]","[7576.0, 7619.0, 7717.0]",,ok,7875.0,0.4266439729835838,0.4265690780011937,0.44391341193113476,294.0,3.5989717223650386,8d5f3761142a51b9b36716c05365994cee9199b66f36c968379f8a987b6ce27a,"[0.44391341193113476, 0.4265690780011937, 0.4266439729835838]","[7875.0, 7875.0, 7875.0]",,7875.0,TRF,TRF,TRF,ok
pw05_100.6,rudy,100,2475,8217,4,10000,1,cuda:5,ok,0.0,0.9717726800590754,0.9712732878979295,0.973358234972693,8217.0,100.0,cd00e292c5970d3c5e2f0ffa5171e555bc46bfc4faddfb4a418b6840b86e79a3,"[0.9712732878979295, 0.9717726800590754, 0.973358234972693]","[0.0, 0.0, 0.0]",,ok,7732.0,1.2577153450110927,1.2545705059310421,1.258851327933371,485.0,5.902397468662529,4bf9ee58cf8add621a04df1397acafd30648162232783fee8930a9bc3ab00664,"[1.2545705059310421, 1.2577153450110927, 1.258851327933371]","[7697.0, 7721.0, 7732.0]",,ok,7921.0,0.4269067560089752,0.42654815199784935,0.4270966009935364,296.0,3.6022879396373373,a2da5d213dc0de2f9b8a38208c852ba2314d66c42c6e52cceb6a5cdf181c21ff,"[0.4270966009935364, 0.4269067560089752, 0.42654815199784935]","[7921.0, 7921.0, 7921.0]",,7921.0,TRF,TRF,TRF,ok
pw05_100.7,rudy,100,2475,8249,4,10000,1,cuda:0,ok,0.0,0.9899214809993282,0.9866044619120657,0.9900358449667692,8249.0,100.0,cd00e292c5970d3c5e2f0ffa5171e555bc46bfc4faddfb4a418b6840b86e79a3,"[0.9866044619120657, 0.9900358449667692, 0.9899214809993282]","[0.0, 0.0, 0.0]",,ok,7800.0,1.2718405220657587,1.2662550129462034,1.2774156529922038,449.0,5.443084010183052,d1c38b472c3d99025c667176cfd4a77f3b43582633f30937714a25d8d193ff67,"[1.2662550129462034, 1.2718405220657587, 1.2774156529922038]","[7800.0, 7671.0, 7584.0]",,ok,8029.0,0.42508586996700615,0.42469206207897514,0.4524339030031115,220.0,2.666989938174324,3adb706ae884af362e29031cbfe46f5679992a8368a4141f1209af011e6e7c4b,"[0.4524339030031115, 0.42508586996700615, 0.42469206207897514]","[8029.0, 8029.0, 8029.0]",,8029.0,TRF,TRF,TRF,ok
pw05_100.8,rudy,100,2475,8199,4,10000,1,cuda:7,ok,0.0,0.9917480669682845,0.9849035500083119,0.9941858249949291,8199.0,100.0,cd00e292c5970d3c5e2f0ffa5171e555bc46bfc4faddfb4a418b6840b86e79a3,"[0.9849035500083119, 0.9941858249949291, 0.9917480669682845]","[0.0, 0.0, 0.0]",,ok,7719.0,1.26482721301727,1.2634686919627711,1.2682942770188674,480.0,5.854372484449323,a585541fd6d0077497bbfe89d5d3074ed908fd49d273bf9e1dfd16a7bbeac259,"[1.26482721301727, 1.2682942770188674, 1.2634686919627711]","[7719.0, 7616.0, 7623.0]",,ok,7999.0,0.4272417799802497,0.42717234208248556,0.4772107299650088,200.0,2.439321868520551,f197d2af0052a6bb148568c9714bd7bc4bcb561dce527f9e715e7b9e41059bc0,"[0.4772107299650088, 0.42717234208248556, 0.4272417799802497]","[7999.0, 7999.0, 7999.0]",,7999.0,TRF,TRF,TRF,ok
pw05_100.9,rudy,100,2475,8099,4,10000,1,cuda:6,ok,0.0,0.9032761399867013,0.9020212308969349,0.9076244890457019,8099.0,100.0,cd00e292c5970d3c5e2f0ffa5171e555bc46bfc4faddfb4a418b6840b86e79a3,"[0.9076244890457019, 0.9020212308969349, 0.9032761399867013]","[0.0, 0.0, 0.0]",,ok,7543.0,1.1722759790718555,1.170430139056407,1.1758194380672649,556.0,6.865045067292258,1de2b6f48c0f08ac43eba0b8dad0c5bb4feb4e9f79fb9c564a5dbf66fa8138de,"[1.170430139056407, 1.1758194380672649, 1.1722759790718555]","[7508.0, 7543.0, 7536.0]",,ok,7805.0,0.4219556760508567,0.4216795649845153,0.4286208850098774,294.0,3.630077787381158,c5bc29715ebb6eb033b8297572261ee3262791d1e5f2b7f560729d87921e703f,"[0.4286208850098774, 0.4219556760508567, 0.4216795649845153]","[7805.0, 7805.0, 7805.0]",,7805.0,TRF,TRF,TRF,ok
pw09_100.0,rudy,100,4455,13585,4,10000,1,cuda:4,ok,0.0,0.9730832750210539,0.972322067944333,0.9735927969450131,13585.0,100.0,cd00e292c5970d3c5e2f0ffa5171e555bc46bfc4faddfb4a418b6840b86e79a3,"[0.972322067944333, 0.9730832750210539, 0.9735927969450131]","[0.0, 0.0, 0.0]",,ok,13135.0,1.2552875470137224,1.2545656950678676,1.261247212998569,450.0,3.312476996687523,0d5c5809bea37c1e04373b7a730844877619b7b23d4977f91857335a79222b01,"[1.2552875470137224, 1.2545656950678676, 1.261247212998569]","[12991.0, 13135.0, 12938.0]",,ok,13322.0,0.41998553602024913,0.4197376170195639,0.45945129601750523,263.0,1.9359587780640413,af5cadfd310d14b3ee296902c47b2301d2d04aea5ecc1ee878733261582cfbce,"[0.45945129601750523, 0.41998553602024913, 0.4197376170195639]","[13322.0, 13322.0, 13322.0]",,13322.0,TRF,TRF,TRF,ok
pw09_100.1,rudy,100,4455,13417,4,10000,1,cuda:1,ok,0.0,0.9630983789684251,0.9621306679910049,0.9683383170049638,13417.0,100.0,cd00e292c5970d3c5e2f0ffa5171e555bc46bfc4faddfb4a418b6840b86e79a3,"[0.9621306679910049, 0.9630983789684251, 0.9683383170049638]","[0.0, 0.0, 0.0]",,ok,12958.0,1.2417533909901977,1.241382296080701,1.2454003209713846,459.0,3.421033017813222,25ec7bdefc546dc04f03588328dae0eb3d911c3fb0d5a9411258bd716fffb504,"[1.2454003209713846, 1.2417533909901977, 1.241382296080701]","[12958.0, 12791.0, 12784.0]",,ok,13066.0,0.43460668297484517,0.4344763270346448,0.44892983697354794,351.0,2.616084072445405,bcc25a5e435884b9f928e5421b01864f79399ebd0ab60a74a7c5b6fbc6c22cea,"[0.44892983697354794, 0.4344763270346448, 0.43460668297484517]","[13066.0, 13066.0, 13066.0]",,13066.0,TRF,TRF,TRF,ok
pw09_100.2,rudy,100,4455,13461,4,10000,1,cuda:2,ok,0.0,0.9808486450929195,0.9791513090021908,0.9959073290228844,13461.0,100.0,cd00e292c5970d3c5e2f0ffa5171e555bc46bfc4faddfb4a418b6840b86e79a3,"[0.9808486450929195, 0.9791513090021908, 0.9959073290228844]","[0.0, 0.0, 0.0]",,ok,13015.0,1.2751103719929233,1.2688561560353264,1.2838136949576437,446.0,3.3132753881583836,fb5660bdcfe2eee77c0be5e37f86b76592aa7712c4a3d796ac4be6d64ffda5db,"[1.2838136949576437, 1.2751103719929233, 1.2688561560353264]","[13015.0, 12884.0, 12819.0]",,ok,13153.0,0.42987447197083384,0.4294314979342744,0.42988902097567916,308.0,2.2880915236609463,18eafec0e4c7f79c882f50d45a3e928c01e58b01c245d013906f72e74f2a8eae,"[0.4294314979342744, 0.42988902097567916, 0.42987447197083384]","[13153.0, 13153.0, 13153.0]",,13153.0,TRF,TRF,TRF,ok
pw09_100.3,rudy,100,4455,13656,4,10000,1,cuda:3,ok,0.0,0.9691565820248798,0.9651226879796013,0.972829224076122,13656.0,100.0,cd00e292c5970d3c5e2f0ffa5171e555bc46bfc4faddfb4a418b6840b86e79a3,"[0.9651226879796013, 0.9691565820248798, 0.972829224076122]","[0.0, 0.0, 0.0]",,ok,13163.0,1.24313257005997,1.241666364017874,1.247339511057362,493.0,3.610134739308729,be301a381af939ad60f2c315bdc2e8568097b39fa1670dc4161279f982fa0d04,"[1.247339511057362, 1.24313257005997, 1.241666364017874]","[13163.0, 13026.0, 12985.0]",,ok,13406.0,0.433771371957846,0.43334562599193305,0.45016748108901083,250.0,1.830697129466901,69004fd911df59f5f117a2a9923c4c0af8f8c263750386a8f97f1fb981b0381b,"[0.45016748108901083, 0.43334562599193305, 0.433771371957846]","[13406.0, 13406.0, 13406.0]",,13406.0,TRF,TRF,TRF,ok
pw09_100.4,rudy,100,4455,13514,4,10000,1,cuda:5,ok,0.0,0.9730091409292072,0.9709491659887135,0.9740666239522398,13514.0,100.0,cd00e292c5970d3c5e2f0ffa5171e555bc46bfc4faddfb4a418b6840b86e79a3,"[0.9740666239522398, 0.9730091409292072, 0.9709491659887135]","[0.0, 0.0, 0.0]",,ok,13063.0,1.2704416840570047,1.2558026370825246,1.2705610630800948,451.0,3.3372798579251146,3f2183d9945ec23997f4c0ad2e2f9762953d7abd42eebed033a2a91d725caf30,"[1.2704416840570047, 1.2705610630800948, 1.2558026370825246]","[12871.0, 13063.0, 12769.0]",,ok,13221.0,0.43222301604691893,0.4320186929544434,0.45031692599877715,293.0,2.168121947609886,37bd665ec53c1e27683b090b52b82ab3f92bb0c6ec4ead6230a86db25161ef3b,"[0.45031692599877715, 0.43222301604691893, 0.4320186929544434]","[13221.0, 13221.0, 13221.0]",,13221.0,TRF,TRF,TRF,ok
pw09_100.5,rudy,100,4455,13574,4,10000,1,cuda:0,ok,0.0,0.9814809600356966,0.9810913190012798,0.9901508910115808,13574.0,100.0,cd00e292c5970d3c5e2f0ffa5171e555bc46bfc4faddfb4a418b6840b86e79a3,"[0.9814809600356966, 0.9810913190012798, 0.9901508910115808]","[0.0, 0.0, 0.0]",,ok,13106.0,1.2633557259105146,1.2623019729508087,1.2659033039817587,468.0,3.4477677913658464,3dfb05a5dca98bf29dbe69cd291757ac698218a13a48994bb97f0833f61c35fd,"[1.2659033039817587, 1.2623019729508087, 1.2633557259105146]","[13091.0, 13106.0, 12995.0]",,ok,13356.0,0.43024976702872664,0.4291220490122214,0.4307642609346658,218.0,1.6060114925593045,55d34fd514735d61288c703617664456d498d052891af6ae475962b1afb53ca8,"[0.43024976702872664, 0.4307642609346658, 0.4291220490122214]","[13356.0, 13356.0, 13356.0]",,13356.0,TRF,TRF,TRF,ok
pw09_100.6,rudy,100,4455,13640,4,10000,1,cuda:7,ok,0.0,0.9817542069358751,0.977361305966042,0.9859584430232644,13640.0,100.0,cd00e292c5970d3c5e2f0ffa5171e555bc46bfc4faddfb4a418b6840b86e79a3,"[0.9859584430232644, 0.977361305966042, 0.9817542069358751]","[0.0, 0.0, 0.0]",,ok,13086.0,1.2671472609508783,1.266307224985212,1.2696952880360186,554.0,4.06158357771261,1b9b3ed278b1bc60036efd771b916df3a17bd9bbac54f6162c942146063806a1,"[1.2696952880360186, 1.266307224985212, 1.2671472609508783]","[13027.0, 13086.0, 13055.0]",,ok,13303.0,0.4312291130190715,0.43100443203002214,0.473848890978843,337.0,2.470674486803519,0c65a98e5c1f600e289f4a923a149b014023efc69dbe9f35c3809ec83e7684fb,"[0.473848890978843, 0.4312291130190715, 0.43100443203002214]","[13303.0, 13303.0, 13303.0]",,13303.0,TRF,TRF,TRF,ok
pw09_100.7,rudy,100,4455,13501,4,10000,1,cuda:6,ok,0.0,0.9043385429540649,0.9030544239794835,0.9049873870098963,13501.0,100.0,cd00e292c5970d3c5e2f0ffa5171e555bc46bfc4faddfb4a418b6840b86e79a3,"[0.9043385429540649, 0.9030544239794835, 0.9049873870098963]","[0.0, 0.0, 0.0]",,ok,13151.0,1.1722205269616097,1.1709966659545898,1.17259930097498,350.0,2.592400562921265,8c0c85446ea8a10c7269b0336910e69a30e2a3fcf2ca5aba80b806dbec98d39f,"[1.1722205269616097, 1.17259930097498, 1.1709966659545898]","[12917.0, 13034.0, 13151.0]",,ok,13245.0,0.43701054400298744,0.4280290249735117,0.4405911290086806,256.0,1.8961558403081253,1594dee329e0beb0b31e0e3d9f8b1c93be4f7f86f5beaa9995088fb5f2245736,"[0.4405911290086806, 0.43701054400298744, 0.4280290249735117]","[13245.0, 13245.0, 13245.0]",,13245.0,TRF,TRF,TRF,ok
pw09_100.8,rudy,100,4455,13593,4,10000,1,cuda:4,ok,0.0,0.9741193900117651,0.9705821980023757,0.9752247070427984,13593.0,100.0,cd00e292c5970d3c5e2f0ffa5171e555bc46bfc4faddfb4a418b6840b86e79a3,"[0.9741193900117651, 0.9705821980023757, 0.9752247070427984]","[0.0, 0.0, 0.0]",,ok,13047.0,1.260044538998045,1.2553130580345169,1.2611483481014147,546.0,4.016773339218716,ce80c9b2b10c3c5f5aa07e4c12ed193c30b31df5904e600f54579bda4b623afe,"[1.2553130580345169, 1.260044538998045, 1.2611483481014147]","[13047.0, 12976.0, 13019.0]",,ok,13391.0,0.41825530701316893,0.4181352109881118,0.4182681100210175,202.0,1.4860590009563746,2d247b9d27d85965d5f2399246724dc596692316b71cd1ab9bd445c49101931a,"[0.4181352109881118, 0.41825530701316893, 0.4182681100210175]","[13391.0, 13391.0, 13391.0]",,13391.0,TRF,TRF,TRF,ok
pw09_100.9,rudy,100,4455,13658,4,10000,1,cuda:1,ok,0.0,0.9687192710116506,0.9664026870159432,0.9688252240885049,13658.0,100.0,cd00e292c5970d3c5e2f0ffa5171e555bc46bfc4faddfb4a418b6840b86e79a3,"[0.9664026870159432, 0.9688252240885049, 0.9687192710116506]","[0.0, 0.0, 0.0]",,ok,13274.0,1.2448881949530914,1.2443740939488634,1.2469086810015142,384.0,2.811539024747401,8e0e34cee800cc931a77ee7e30d9cec4177981b775dd5313595ec21305135e3c,"[1.2448881949530914, 1.2443740939488634, 1.2469086810015142]","[13147.0, 13274.0, 13177.0]",,ok,13386.0,0.43430203606840223,0.4340728910174221,0.4677288569509983,272.0,1.9915068091960755,42bd7d8844865311a65618ac9a44a8d1370a2fdb675a1afbb6c5adc4f3159c89,"[0.4677288569509983, 0.4340728910174221, 0.43430203606840223]","[13386.0, 13386.0, 13386.0]",,13386.0,TRF,TRF,TRF,ok
t2g10_5555,ising,100,200,6049461,4,10000,1,cuda:3,ok,5929512.0,0.959001216921024,0.9589580170577392,0.9615778130246326,119949.0,1.9828047490511964,692f6b771d76a5d3b047777533e988ffffa8792e3757d9058dddae90cab84270,"[0.959001216921024, 0.9589580170577392, 0.9615778130246326]","[5929512.0, 5929512.0, 5929512.0]",,ok,-35793.0,1.2425375579623505,1.2419518410461023,1.2441831440664828,6085254.0,100.59167254735587,7e913b580804b920072f856dd8aac82e1a0ae5e475c305233b6097a192e40c39,"[1.2441831440664828, 1.2425375579623505, 1.2419518410461023]","[-35793.0, -35793.0, -35793.0]",,ok,5444631.0,0.41251036897301674,0.41236503794789314,0.43876609299331903,604830.0,9.998080820754113,9be1122f9a749234d76f9ed4bfe2f25153d83bb53ba4f9547e9040716b6944e5,"[0.43876609299331903, 0.41251036897301674, 0.41236503794789314]","[5444631.0, 5444631.0, 5444631.0]",,5929512.0,SBM,TRF,SBM,ok
t2g10_6666,ising,100,200,5757868,4,10000,1,cuda:5,ok,5734657.0,0.9696204609936103,0.9692432990996167,0.9721655700122938,23211.0,0.40311795963367,88a35f3ade9678c253dde65c747339fa4bef1237f88df340b69c6b5f36eb623a,"[0.9721655700122938, 0.9696204609936103, 0.9692432990996167]","[5734657.0, 5734657.0, 5734657.0]",,ok,651079.0,1.2533043739385903,1.2525933819124475,1.2557638300349936,5106789.0,88.69235974148765,265e7543f6f945321c34a4b942a48e0be614fe268364064c663f8d2d28d4a44d,"[1.2533043739385903, 1.2525933819124475, 1.2557638300349936]","[651079.0, 651079.0, 651079.0]",,ok,5193791.0,0.4118602299131453,0.411482801893726,0.4118926719529554,564077.0,9.79662958581197,53347865339e87ea57a0b6b41d3c5b2b725fcd72e7dd99f030191ee6c70a9540,"[0.4118926719529554, 0.4118602299131453, 0.411482801893726]","[5193791.0, 5193791.0, 5193791.0]",,5734657.0,SBM,TRF,SBM,ok
t2g10_7777,ising,100,200,6509837,4,10000,1,cuda:0,ok,6486260.0,0.9860585379647091,0.9857175940414891,0.9875649160239846,23577.0,0.3621749669000929,0c47f6a6c375c1c6a7e0b9dc21a52122534efd9ee8b2ed95af5f6567c40af644,"[0.9875649160239846, 0.9860585379647091, 0.9857175940414891]","[6486260.0, 6486260.0, 6486260.0]",,ok,1135369.0,1.2620481919730082,1.2601975990692154,1.2630751659162343,5374468.0,82.55917928513418,42726f35efa5c05bb25764f07a6072aa52b79619c0da7eb2da5327f3e1fc0e1f,"[1.2630751659162343, 1.2601975990692154, 1.2620481919730082]","[1135369.0, 1135369.0, 1135369.0]",,ok,5980672.0,0.4092011780012399,0.4088243549922481,0.4457086289767176,529165.0,8.128698153271733,062952a5c9a417a722d2977a312f9981124493a0dc607ef6b3b74281f6eb9fe9,"[0.4457086289767176, 0.4092011780012399, 0.4088243549922481]","[5980672.0, 5980672.0, 5980672.0]",,6486260.0,SBM,TRF,SBM,ok
t2g15_5555,ising,225,450,15051133,4,10000,1,cuda:2,ok,14781627.0,0.9770611679414287,0.9758551480481401,0.9804703459376469,269506.0,1.790602740670752,1a54d0a649ad68a089e0ff0ce0ab56467941ad79d17f3ed393c5dac9375a4d45,"[0.9804703459376469, 0.9758551480481401, 0.9770611679414287]","[14781627.0, 14781627.0, 14781627.0]",,ok,1193941.0,1.2688162500271574,1.2639408730901778,1.277985136024654,13857192.0,92.06743439181622,96e3ea0e353acc34b5e9b9044f2dfebc6412711260ebb4392447fd706e61437c,"[1.277985136024654, 1.2688162500271574, 1.2639408730901778]","[1193941.0, 1193941.0, 1193941.0]",,ok,13534087.0,0.4377592600649223,0.43746742291841656,0.452396568027325,1517046.0,10.079281074720422,4eb2708fed63fc50cabf9790b76424212ea3082cc583439c50366781f69e8792,"[0.452396568027325, 0.4377592600649223, 0.43746742291841656]","[13534087.0, 13534087.0, 13534087.0]",,14781627.0,SBM,TRF,SBM,ok
t2g15_6666,ising,225,450,15763716,4,10000,1,cuda:3,ok,15623128.0,0.9630548330023885,0.9610773209715262,0.9631602419540286,140588.0,0.8918455521528046,5bfc50878e2e58d9339c6a3a3dddb671f9f0d87ca912285f3ef2283ae66b6823,"[0.9610773209715262, 0.9631602419540286, 0.9630548330023885]","[15623128.0, 15623128.0, 15623128.0]",,ok,3557835.0,1.2421135270269588,1.240334379952401,1.2421721790451556,12205881.0,77.43022647705655,ae6356133053f075b1cefea5e0bb4279785e12c15f691ea82287083b33af6c24,"[1.2421135270269588, 1.2421721790451556, 1.240334379952401]","[3557835.0, 3557835.0, 3557835.0]",,ok,15170455.0,0.4380084079457447,0.4379296189872548,0.43895581003744155,593261.0,3.763459072721178,3bfd41fa39fc4e97595c2723d5eac0e31aae337d9734421da94e41a3e7f382aa,"[0.43895581003744155, 0.4380084079457447, 0.4379296189872548]","[15170455.0, 15170455.0, 15170455.0]",,15623128.0,SBM,TRF,SBM,ok
t2g15_7777,ising,225,450,15269399,4,10000,1,cuda:6,ok,15128376.0,0.9047629850683734,0.8988171650562435,0.905843309010379,141023.0,0.9235661469059784,63c7aacdf6de152f19ba5dbd9308b9405fe907f702be450720a5f5707c55bcba,"[0.8988171650562435, 0.9047629850683734, 0.905843309010379]","[15128376.0, 15128376.0, 15128376.0]",,ok,518713.0,1.1739878620719537,1.1717013400048018,1.174085380975157,14750686.0,96.60292458138005,2e18e235ba0ce3474a129d24224ec8205d56b9d04b73b797c77bfeb362d2a996,"[1.1717013400048018, 1.1739878620719537, 1.174085380975157]","[518713.0, 518713.0, 518713.0]",,ok,14299983.0,0.43658780108671635,0.43631828506477177,0.44498436397407204,969416.0,6.34875020293857,3beea56f4817265b29390fa0d836cfe42c2df0a47c0e431206e5c52352f354ac,"[0.44498436397407204, 0.43631828506477177, 0.43658780108671635]","[14299983.0, 14299983.0, 14299983.0]",,15128376.0,SBM,TRF,SBM,ok
t2g20_5555,ising,400,800,24838942,4,10000,1,cuda:6,ok,24619627.0,0.9027009009150788,0.9015409040730447,0.9054098279448226,219315.0,0.8829482350737805,a7f64f208bd79239c628cc34cd0a797128a2b010ac01b916d031371e63f45fdf,"[0.9015409040730447, 0.9054098279448226, 0.9027009009150788]","[24619627.0, 24619627.0, 24619627.0]",,ok,-734980.0,1.1753933890722692,1.1732886029640213,1.176715173991397,25573922.0,102.95898271351493,32122ebd8d213e246b97ae05cbfae51251a583e9dae81f438b7968cd9f2c60ee,"[1.1753933890722692, 1.176715173991397, 1.1732886029640213]","[-734980.0, -734980.0, -734980.0]",,ok,22670773.0,0.43024114496074617,0.43013529793825,0.45213494496420026,2168169.0,8.728910434268899,e427562bd0cda2568465616d7f9d00e3f3533bb805a0e0dd776bc822f3fa9968,"[0.45213494496420026, 0.43024114496074617, 0.43013529793825]","[22670773.0, 22670773.0, 22670773.0]",,24619627.0,SBM,TRF,SBM,ok
t2g20_6666,ising,400,800,29290570,4,10000,1,cuda:5,ok,29160665.0,0.9731797309359536,0.969736639992334,0.9732898499350995,129905.0,0.44350451356870146,ce2198a02e1dd243aff3e5bfae72ff4391f2c7f573ae6eda736a9e2000db655d,"[0.9731797309359536, 0.9732898499350995, 0.969736639992334]","[29160665.0, 29160665.0, 29160665.0]",,ok,3755583.0,1.2565146039705724,1.252189886989072,1.2600467760348693,25534987.0,87.17818396842397,2878430646127fa1c99b43e76491dff24859efe458d4744b13418a2b1336288e,"[1.2565146039705724, 1.2600467760348693, 1.252189886989072]","[3755583.0, 3755583.0, 3755583.0]",,ok,26992436.0,0.4368563119787723,0.4367246290203184,0.43815061706118286,2298134.0,7.845985926528572,cd8361c766f578d858f6b9af69a558b093ecb183b4a46d5ad1b26e03cfbf9a46,"[0.43815061706118286, 0.4368563119787723, 0.4367246290203184]","[26992436.0, 26992436.0, 26992436.0]",,29160665.0,SBM,TRF,SBM,ok
t2g20_7777,ising,400,800,28349398,4,10000,1,cuda:0,ok,27961447.0,0.9858207219513133,0.9842960389796644,0.9900266319746152,387951.0,1.368462921152682,c80a7c8a5df706d7e40bad8d7b1c0aba747db4939e4737d81a3039cf5bb47f5e,"[0.9858207219513133, 0.9842960389796644, 0.9900266319746152]","[27961447.0, 27961447.0, 27961447.0]",,ok,2212003.0,1.2644539460306987,1.2592047520447522,1.2695395729970187,26137395.0,92.19735459638332,0ba9b08f7bb6bc79dda4effd1fcdcfb2059277dbf1a869659d7f64991e0b9071,"[1.2592047520447522, 1.2695395729970187, 1.2644539460306987]","[2212003.0, 2212003.0, 2212003.0]",,ok,25999122.0,0.4316487689502537,0.43058064905926585,0.46039187302812934,2350276.0,8.290391210423586,3e328a1c1c47a242b1bb2187fa2f0c989895306162eea203e34f0c52d9550c90,"[0.46039187302812934, 0.43058064905926585, 0.4316487689502537]","[25999122.0, 25999122.0, 25999122.0]",,27961447.0,SBM,TRF,SBM,ok
t3g5_5555,ising,125,375,10933215,4,10000,1,cuda:4,ok,10906193.0,0.9724177119787782,0.9683948369929567,0.9728017549496144,27022.0,0.24715511402638657,cd92f29cc89a1444b3ba32e3ab1bf20c63feeab73316680d71dc5ec643aea447,"[0.9683948369929567, 0.9728017549496144, 0.9724177119787782]","[10906193.0, 10906193.0, 10906193.0]",,ok,532762.0,1.255412528058514,1.2505781659856439,1.2575572930509225,10400453.0,95.12712408930035,3ac701e8d10afad8576909575bc9c13361224015e5796067684c2b51e9f443db,"[1.2505781659856439, 1.255412528058514, 1.2575572930509225]","[532762.0, 532762.0, 532762.0]",,ok,9936349.0,0.4026838780846447,0.40254406502936035,0.43489310098811984,996866.0,9.117775512509358,244f07ebd3cec323c52a9cd1461c7d0222ce1777d403ce6748972e90c57b1455,"[0.43489310098811984, 0.4026838780846447, 0.40254406502936035]","[9936349.0, 9936349.0, 9936349.0]",,10906193.0,SBM,TRF,SBM,ok
t3g5_6666,ising,125,375,11582216,4,10000,1,cuda:1,ok,11521007.0,0.9616796710761264,0.9613897850504145,0.9658090299926698,61209.0,0.528473998412739,9be921413a900ece090be33eb89c2bfeda6e4fb18efa2ada3a46387ef084a52c,"[0.9613897850504145, 0.9616796710761264, 0.9658090299926698]","[11521007.0, 11521007.0, 11521007.0]",,ok,1834271.0,1.242696829023771,1.2410911810584366,1.243340883986093,9747945.0,84.16303926640636,f676f2369cadf82a8e2f6b9c0eb2b9ad8ea073decab9dcefeaa8db341b9ad855,"[1.242696829023771, 1.243340883986093, 1.2410911810584366]","[1834271.0, 1834271.0, 1834271.0]",,ok,10804105.0,0.41754887788556516,0.41742618300486356,0.4177712600212544,778111.0,6.718153071916462,cc8220779182a7cb68ff29b11684ed8c361e6ab9bf1f1c0e2eecaadcc159ba09,"[0.4177712600212544, 0.41754887788556516, 0.41742618300486356]","[10804105.0, 10804105.0, 10804105.0]",,11521007.0,SBM,TRF,SBM,ok
t3g5_7777,ising,125,375,11552046,4,10000,1,cuda:2,ok,11540749.0,0.9836417820770293,0.9834381750551984,0.9850477629806846,11297.0,0.09779220061969975,dc3894a34a46dd327be9fdb6dac597a445754b81b65b30361352bd92ae90619e,"[0.9834381750551984, 0.9836417820770293, 0.9850477629806846]","[11540749.0, 11540749.0, 11540749.0]",,ok,2085445.0,1.2662407020106912,1.261373802088201,1.274271018919535,9466601.0,81.94739702386919,c173c264dba24a0899498d719c08e02fb0717e852e7ef4801e265ac4b96a679a,"[1.261373802088201, 1.274271018919535, 1.2662407020106912]","[2085445.0, 2085445.0, 2085445.0]",,ok,10552162.0,0.41277543595060706,0.412304030964151,0.44348614290356636,999884.0,8.655471074128341,c7e56b05bfd084b0d7173df0f228f7cfdf0bbf8e6f6b04015770dbd392c33838,"[0.44348614290356636, 0.41277543595060706, 0.412304030964151]","[10552162.0, 10552162.0, 10552162.0]",,11540749.0,SBM,TRF,SBM,ok
t3g6_5555,ising,216,648,17434469,4,10000,1,cuda:7,ok,17385454.0,0.981556162936613,0.978036449989304,0.9889560450101271,49015.0,0.28113847344590764,72e6edea3009c4d4affcd7a4a47940eec85da6b027cd389ed0e6733ea32468cd,"[0.978036449989304, 0.9889560450101271, 0.981556162936613]","[17385454.0, 17385454.0, 17385454.0]",,ok,239599.0,1.268884091055952,1.2657084219390526,1.2750222629401833,17194870.0,98.62571667654461,6cf30dfb827c8e8c680de5c9cf58ea6128c5efd94caccc23ef80a7ed809f4959,"[1.2657084219390526, 1.268884091055952, 1.2750222629401833]","[239599.0, 239599.0, 239599.0]",,ok,15908032.0,0.428508109995164,0.4282474620267749,0.47812688595149666,1526437.0,8.755282423571375,ac1ee1ec0ecc75d11a4bc0396d1af774a2553a9e6e44f4f903dc3b24a4f73f0f,"[0.47812688595149666, 0.428508109995164, 0.4282474620267749]","[15908032.0, 15908032.0, 15908032.0]",,17385454.0,SBM,TRF,SBM,ok
t3g6_6666,ising,216,648,20217380,4,10000,1,cuda:4,ok,20128689.0,0.9742901739664376,0.9697367339394987,0.9762085289694369,88691.0,0.4386869119539723,294c0081827dead6caf8beaee8add243db81484fefd687cdabdaa3f82399e362,"[0.9697367339394987, 0.9742901739664376, 0.9762085289694369]","[20128689.0, 20128689.0, 20128689.0]",,ok,4104445.0,1.254935306031257,1.2547664600424469,1.2580855439882725,16112935.0,79.69843273460755,b6f62136ceed5df99c44911cb3d7deee6edd40476eb4fd19a5988d74af7b319b,"[1.254935306031257, 1.2580855439882725, 1.2547664600424469]","[4104445.0, 4104445.0, 4104445.0]",,ok,18450958.0,0.416899656993337,0.41661054105497897,0.4170104400254786,1766422.0,8.73714596055473,9f1adc33aab04ab408fd4d9a8d73def1703dc58a8edb6c69b42734b273c1b7e9,"[0.4170104400254786, 0.41661054105497897, 0.416899656993337]","[18450958.0, 18450958.0, 18450958.0]",,20128689.0,SBM,TRF,SBM,ok
t3g6_7777,ising,216,648,19475011,4,10000,1,cuda:1,ok,19285290.0,0.9682350790826604,0.9642115430906415,0.9684185399673879,189721.0,0.9741765999515996,118baf8fa29311834ddaa78f9247c20272202fd849e785cf95090cd3d800c0bd,"[0.9642115430906415, 0.9682350790826604, 0.9684185399673879]","[19285290.0, 19285290.0, 19285290.0]",,ok,3027405.0,1.2398711100686342,1.2387561049545184,1.2422098190290853,16447606.0,84.45492533996514,727e1f1f0a14e7e6a57e8dfd3e533d369b665bc7acb418e83e26b6e3677ad725,"[1.2387561049545184, 1.2422098190290853, 1.2398711100686342]","[3027405.0, 3027405.0, 3027405.0]",,ok,17734266.0,0.431827983004041,0.43168349005281925,0.47000032500363886,1740745.0,8.938351819159434,c994cebca8f18d10f3eaff1d40741ced9cdfd35fe4944c21e26c4ef4f25ad782,"[0.47000032500363886, 0.431827983004041, 0.43168349005281925]","[17734266.0, 17734266.0, 17734266.0]",,19285290.0,SBM,TRF,SBM,ok
t3g7_5555,ising,343,1029,28302918,4,10000,1,cuda:1,ok,28263046.0,0.9653933600056916,0.9639689929317683,0.9671296270098537,39872.0,0.14087593371114596,47b8d6266ea13b636554689eca551f5cb75fb82a6d7a361306ffe74e9c9bf394,"[0.9653933600056916, 0.9639689929317683, 0.9671296270098537]","[28263046.0, 28263046.0, 28263046.0]",,ok,1438327.0,1.2433474709978327,1.2413730439729989,1.2476336850086227,26864591.0,94.91809643090511,4de9ca44c8751b91f49905ee60022b94fa74cd1ef67d009ef16795e71ef18fda,"[1.2476336850086227, 1.2413730439729989, 1.2433474709978327]","[1438327.0, 1438327.0, 1438327.0]",,ok,24617340.0,0.4316838710801676,0.43142376805189997,0.4607658719178289,3685578.0,13.021901134010282,bcab65ec28fa0ba866028e590df6b3d5feb5977e5895fe914d8f52801c631cc0,"[0.4607658719178289, 0.4316838710801676, 0.43142376805189997]","[24617340.0, 24617340.0, 24617340.0]",,28263046.0,SBM,TRF,SBM,ok
t3g7_6666,ising,343,1029,33611981,4,10000,1,cuda:2,ok,33464563.0,0.9814686969621107,0.9770702869864181,0.9849270289996639,147418.0,0.438587657180932,d16e1290df3f3437d46fb3a38ca7aabfdf7a7c612c76f79493c0d49ab76cac8a,"[0.9814686969621107, 0.9770702869864181, 0.9849270289996639]","[33464563.0, 33464563.0, 33464563.0]",,ok,6832064.0,1.263558954000473,1.2632101769559085,1.2713540899567306,26779917.0,79.67372408070801,a36f486825faf85d1e431142ff47a202f006dcbc844b67e294461e070023ed5b,"[1.2632101769559085, 1.2713540899567306, 1.263558954000473]","[6832064.0, 6832064.0, 6832064.0]",,ok,32422924.0,0.4274049549130723,0.4272147899027914,0.428064659005031,1189057.0,3.537598691371389,d8c8cb6bc43167c327637cac77828241be1a21903c9fbd2a264d206fc69077d7,"[0.428064659005031, 0.4274049549130723, 0.4272147899027914]","[32422924.0, 32422924.0, 32422924.0]",,33464563.0,SBM,TRF,SBM,ok
t3g7_7777,ising,343,1029,29118445,4,10000,1,cuda:3,ok,29014977.0,0.9653728220146149,0.9644100619480014,0.9655063019599766,103468.0,0.3553349088524473,ef925f70f450e05c7ebf50187ab0e4f0f16c01a07911d2993c5cff736d9760e5,"[0.9653728220146149, 0.9644100619480014, 0.9655063019599766]","[29014977.0, 29014977.0, 29014977.0]",,ok,1207836.0,1.2427931940183043,1.2406466800021008,1.2430254799546674,27910609.0,95.85199003586902,b19e951c64f93e2c19a183ac5d65c901e76abdc658b342cb3ba8e1ad66692aec,"[1.2406466800021008, 1.2430254799546674, 1.2427931940183043]","[1207836.0, 1207836.0, 1207836.0]",,ok,26920465.0,0.42453298601321876,0.42425048199947923,0.4511365359649062,2197980.0,7.5484113248492495,bcc0b956e633c0bfe8b1422cc41468a2b84268b633d34c5d5de69a1131fc6e96,"[0.4511365359649062, 0.42453298601321876, 0.42425048199947923]","[26920465.0, 26920465.0, 26920465.0]",,29014977.0,SBM,TRF,SBM,ok
w01_100.0,rudy,100,495,651,4,10000,1,cuda:2,ok,651.0,0.9783977110637352,0.9722113960888237,0.9829652829794213,0.0,0.0,a8f29e855b5b64bcef08fc521f658289ea76c220a30e9131a90376fca6ebe911,"[0.9722113960888237, 0.9829652829794213, 0.9783977110637352]","[651.0, 651.0, 651.0]",,ok,581.0,1.2651532900054008,1.2641259389929473,1.2671408689348027,70.0,10.75268817204301,4f72170b134322781d258ba4ae68df61b0767fa99d751d8298b43ab414d89dfc,"[1.2651532900054008, 1.2671408689348027, 1.2641259389929473]","[581.0, 581.0, 581.0]",,ok,554.0,0.4142459789291024,0.4142033439129591,0.45334685302805156,97.0,14.90015360983103,1fd885bdcb8f280bd9c958db3e0d154b1375746d763146584487732f784fc30f,"[0.45334685302805156, 0.4142033439129591, 0.4142459789291024]","[554.0, 554.0, 554.0]",,651.0,SBM,TRF,SBM,ok
w01_100.1,rudy,100,495,719,4,10000,1,cuda:3,ok,719.0,0.961497951997444,0.9599034090060741,0.9628347679972649,0.0,0.0,2c9e971c8f6e1a745f58ed137395f872943bb7a83f653f36a35464b7da5b3bc2,"[0.961497951997444, 0.9599034090060741, 0.9628347679972649]","[719.0, 719.0, 719.0]",,ok,638.0,1.2449530540034175,1.241336839972064,1.2450617030262947,81.0,11.265646731571627,0a30dd72c35fa4cce6e267e02976ffd87b5c7e86b090297507357c1598caaf59,"[1.241336839972064, 1.2449530540034175, 1.2450617030262947]","[638.0, 638.0, 638.0]",,ok,645.0,0.4184011049801484,0.4180385189829394,0.4277951610274613,74.0,10.292072322670375,806ee6e2e5ddc974445fb43f53b31f482f52b1765441b7f726e4fa6d0bc59bc6,"[0.4184011049801484, 0.4180385189829394, 0.4277951610274613]","[645.0, 645.0, 645.0]",,719.0,SBM,TRF,SBM,ok
w01_100.2,rudy,100,495,676,4,10000,1,cuda:5,ok,676.0,0.9683795559685677,0.96781609300524,0.9685889210086316,0.0,0.0,95946699ebbe43ab2939a600ade59ba1e107e0715c50c4d251ef7e94874fb98a,"[0.9683795559685677, 0.9685889210086316, 0.96781609300524]","[676.0, 676.0, 676.0]",,ok,583.0,1.2589263459667563,1.2545830919407308,1.2614266680320725,93.0,13.757396449704142,22b7ea09e556b8c5280f0955d81157146ee19011192362fc3641422001ef504e,"[1.2589263459667563, 1.2545830919407308, 1.2614266680320725]","[583.0, 583.0, 583.0]",,ok,565.0,0.4173917480511591,0.4171789250103757,0.46109689900185913,111.0,16.420118343195266,a189a91b7e57e052906377b3e3c843ec84bd2bef2bb61069b43f8f1d458617d4,"[0.46109689900185913, 0.4173917480511591, 0.4171789250103757]","[565.0, 565.0, 565.0]",,676.0,SBM,TRF,SBM,ok
w01_100.3,rudy,100,495,813,4,10000,1,cuda:0,ok,807.0,0.9790903999237344,0.9755464009940624,0.9961996650090441,6.0,0.7380073800738007,a7cd91dfac9d10a4eb43a9a293866639564e3ec0f1f29ca9beefe9efb78880ce,"[0.9755464009940624, 0.9790903999237344, 0.9961996650090441]","[807.0, 807.0, 807.0]",,ok,719.0,1.265922146034427,1.2654400169849396,1.2701545400777832,94.0,11.562115621156211,e8b9aaf6212ab7dff172cbf603dc24b8fd182f1e2fddcd73d832c51a11345044,"[1.265922146034427, 1.2701545400777832, 1.2654400169849396]","[719.0, 719.0, 719.0]",,ok,794.0,0.4162596130045131,0.41573486500419676,0.4498548669507727,19.0,2.337023370233702,cbb07fd1d0f8915c26ed01894510420133ce313e913f7488ea4e225fc0fbed8e,"[0.4498548669507727, 0.41573486500419676, 0.4162596130045131]","[794.0, 794.0, 794.0]",,807.0,SBM,TRF,SBM,ok
w01_100.4,rudy,100,495,668,4,10000,1,cuda:6,ok,668.0,0.9007727430434898,0.900106888031587,0.903622027952224,0.0,0.0,a9421780515d2294310a2fab7035c197540229e8a6e734f9d7985da130e9c4e4,"[0.9007727430434898, 0.900106888031587, 0.903622027952224]","[668.0, 668.0, 668.0]",,ok,542.0,1.1736749099800363,1.1722560030175373,1.1744825390633196,126.0,18.862275449101798,b6b40dce266550d05c70c6c76f4cb6015977d0a5fc8a3a98d409a5eb9b64b635,"[1.1722560030175373, 1.1736749099800363, 1.1744825390633196]","[542.0, 542.0, 542.0]",,ok,558.0,0.41356946201995015,0.4133728339802474,0.4200531010283157,110.0,16.46706586826347,5bfd97e9f9c60a0e283285bb21a0340f85f781999837e4602ad994738d3d436a,"[0.4200531010283157, 0.41356946201995015, 0.4133728339802474]","[558.0, 558.0, 558.0]",,668.0,SBM,TRF,SBM,ok
w01_100.5,rudy,100,495,643,4,10000,1,cuda:7,ok,636.0,0.9796506320126355,0.9795745339943096,0.9825344119453803,7.0,1.088646967340591,f91bf443aeb0048cce4cbb6bf314ab0ff637293311172f0292ae84c2930dff68,"[0.9796506320126355, 0.9825344119453803, 0.9795745339943096]","[636.0, 636.0, 636.0]",,ok,600.0,1.273090689908713,1.266726572997868,1.275535585009493,43.0,6.687402799377916,0140799f52d8a818637b7d932b0d13e1e2495d4e7dbafc1629ad36045f45ecfe,"[1.273090689908713, 1.266726572997868, 1.275535585009493]","[600.0, 600.0, 600.0]",,ok,560.0,0.415553122991696,0.41550333402119577,0.44273428607266396,83.0,12.908242612752721,d05da13a990ab4d326388f864826b11376a71b66670a392ad4c4ea0bafb9a6b3,"[0.44273428607266396, 0.41550333402119577, 0.415553122991696]","[560.0, 560.0, 560.0]",,636.0,SBM,TRF,SBM,ok
w01_100.6,rudy,100,495,654,4,10000,1,cuda:4,ok,653.0,0.9715472440002486,0.9706185499671847,0.9746604150859639,1.0,0.1529051987767584,617d2363cde06ee8826b015b403910abbadef21ef87fccb5dd1982b63e0211bb,"[0.9715472440002486, 0.9706185499671847, 0.9746604150859639]","[653.0, 653.0, 653.0]",,ok,446.0,1.256045125075616,1.2549603729275987,1.2591486290330067,208.0,31.804281345565748,7fc3a3c31ce4620c3661caaa2236c592933beb1d2cead36b4303eaa8d6f7fa09,"[1.256045125075616, 1.2549603729275987, 1.2591486290330067]","[446.0, 446.0, 446.0]",,ok,589.0,0.4040562369627878,0.40402935806196183,0.43488413898739964,65.0,9.938837920489297,ef3a25f26f9232bc71ad67dc8a1f445b19629c890e442d587de1b8932740d06d,"[0.43488413898739964, 0.4040562369627878, 0.40402935806196183]","[589.0, 589.0, 589.0]",,653.0,SBM,TRF,SBM,ok
w01_100.7,rudy,100,495,725,4,10000,1,cuda:1,ok,718.0,0.9646001179935411,0.9597120969556272,0.966003691079095,7.0,0.9655172413793104,2091df6adc5b276d9176fa1a999ea7b4a11c0201f664f57a0541babd113f8145,"[0.9646001179935411, 0.9597120969556272, 0.966003691079095]","[718.0, 718.0, 718.0]",,ok,622.0,1.239769745967351,1.2392434000503272,1.2442177060293034,103.0,14.206896551724139,b0a03e3d1b8fb39d4fe1f848d429c259befd9b5ef47fb5d57f760e94f2985259,"[1.2392434000503272, 1.2442177060293034, 1.239769745967351]","[622.0, 622.0, 622.0]",,ok,666.0,0.4159031909657642,0.41562199394684285,0.42555272695608437,59.0,8.137931034482758,fb6b38114f380dc1aa991e79f68a99229f3aa6a201dce15fce1f53fefeb21a35,"[0.4159031909657642, 0.42555272695608437, 0.41562199394684285]","[666.0, 666.0, 666.0]",,718.0,SBM,TRF,SBM,ok
w01_100.8,rudy,100,495,721,4,10000,1,cuda:2,ok,721.0,0.9832781839650124,0.9819703799439594,0.9873726940713823,0.0,0.0,b7124145fd4966b13ccc811b84e8a07d9a86c37708aa552d1f9f576e8a951cf9,"[0.9832781839650124, 0.9873726940713823, 0.9819703799439594]","[721.0, 721.0, 721.0]",,ok,601.0,1.270976242958568,1.266989537049085,1.2760622770292684,120.0,16.643550624133148,94b70b5f8f7060ddb477fe16e0f7e8711f8d2b116611d866a3bc72c3b4cbbea9,"[1.2760622770292684, 1.270976242958568, 1.266989537049085]","[601.0, 601.0, 601.0]",,ok,669.0,0.4138106449972838,0.41369554901029915,0.46626540599390864,52.0,7.212205270457698,c66df5be869c4f79c0a0626503adeb43d33212aed8bc23f25dbd8bd9b158ed3b,"[0.46626540599390864, 0.4138106449972838, 0.41369554901029915]","[669.0, 669.0, 669.0]",,721.0,SBM,TRF,SBM,ok
w01_100.9,rudy,100,495,729,4,10000,1,cuda:3,ok,718.0,0.9624218349345028,0.9597813780419528,0.9624550910666585,11.0,1.5089163237311385,ffc15ad4ed6954415bd46409a4f14128bcc08045bd661cc1ac71a104ff030505,"[0.9624218349345028, 0.9597813780419528, 0.9624550910666585]","[718.0, 718.0, 718.0]",,ok,716.0,1.2442586909746751,1.2425846530823037,1.2446131840115413,13.0,1.7832647462277091,775b0da503500220620ceaee6526340d0d764ede95b138da0ad590c04784d14d,"[1.2425846530823037, 1.2442586909746751, 1.2446131840115413]","[716.0, 716.0, 716.0]",,ok,639.0,0.4151450180215761,0.4146470999112353,0.45219636196270585,90.0,12.345679012345679,5dabdbd944d7cf954989689b0c816717b857f7c21884058ce0ce1a6299ec39bf,"[0.45219636196270585, 0.4151450180215761, 0.4146470999112353]","[639.0, 639.0, 639.0]",,718.0,SBM,TRF,SBM,ok
w05_100.0,rudy,100,2475,1646,4,10000,1,cuda:5,ok,1646.0,0.9754548389464617,0.9741167860338464,0.9791394560597837,0.0,0.0,c70177791628bfb91cea9f927e1988bf897fee37e885e51876e822750fc11892,"[0.9791394560597837, 0.9754548389464617, 0.9741167860338464]","[1646.0, 1646.0, 1646.0]",,ok,1049.0,1.2552555269794539,1.2504891030257568,1.2629586330149323,597.0,36.26974483596598,6cee2eaba6b593f254bc6b3da8087e553f7238484324389e8327f4530492549e,"[1.2552555269794539, 1.2504891030257568, 1.2629586330149323]","[870.0, 1049.0, 954.0]",,ok,1394.0,0.4255282300291583,0.42412679095286876,0.4255786230787635,252.0,15.309842041312272,44f11760198ea90daf723f246ae52285831bc1bc296106a76ef4a5711c54dcc8,"[0.42412679095286876, 0.4255282300291583, 0.4255786230787635]","[1394.0, 1394.0, 1394.0]",,1646.0,SBM,TRF,SBM,ok
w05_100.1,rudy,100,2475,1606,4,10000,1,cuda:6,ok,1603.0,0.9026480219326913,0.9025799300288782,0.9033231170615181,3.0,0.18679950186799502,65bec1185afd1e3101b8ee531020536162cc41d5fcab6b1f7c19f79464fae164,"[0.9026480219326913, 0.9025799300288782, 0.9033231170615181]","[1603.0, 1603.0, 1603.0]",,ok,857.0,1.1702051989268512,1.169355203048326,1.1702557009411976,749.0,46.63760896637609,b233c5303a8b59139bec58cffefced0312b3e93711af57dcb568e671cb0d948b,"[1.1702051989268512, 1.1702557009411976, 1.169355203048326]","[719.0, 857.0, 713.0]",,ok,1317.0,0.4200101690366864,0.41998380597215146,0.4590395159320906,289.0,17.99501867995019,ccfb197dfe4d4ec029b16a56329e4b216780d9a20da143258372b2673caaca54,"[0.4590395159320906, 0.4200101690366864, 0.41998380597215146]","[1317.0, 1317.0, 1317.0]",,1603.0,SBM,TRF,SBM,ok
w05_100.2,rudy,100,2475,1902,4,10000,1,cuda:0,ok,1902.0,0.9860816840082407,0.9797587719513103,0.9866807929938659,0.0,0.0,19ffd8048e533df866d19162921302eba8641e33b942f2902f032a16fc997375,"[0.9866807929938659, 0.9797587719513103, 0.9860816840082407]","[1902.0, 1902.0, 1902.0]",,ok,1089.0,1.2636331269750372,1.262389845913276,1.26364124706015,813.0,42.74447949526814,9416e6bed035ee66b5842f254c3d5ddc4bcffdbb1c68ae4db077220552ae725e,"[1.2636331269750372, 1.262389845913276, 1.26364124706015]","[988.0, 1089.0, 1035.0]",,ok,1670.0,0.42301755701191723,0.4226895779138431,0.45474894798826426,232.0,12.197686645636173,7cf408dee75c5fc5853813a0721d47af9385d8c2b10ed88e9b63a5ebec62023d,"[0.45474894798826426, 0.42301755701191723, 0.4226895779138431]","[1670.0, 1670.0, 1670.0]",,1902.0,SBM,TRF,SBM,ok
w05_100.3,rudy,100,2475,1627,4,10000,1,cuda:7,ok,1621.0,0.9780854959972203,0.9774893659632653,0.9817434350261465,6.0,0.36877688998156116,e5ec1e89b91312ec7b9afaee9622495ded21d00eefc3d6eb4586d5501d65050b,"[0.9817434350261465, 0.9774893659632653, 0.9780854959972203]","[1621.0, 1621.0, 1621.0]",,ok,1022.0,1.2694055299507454,1.2639092149911448,1.275246486067772,605.0,37.18500307314075,c1f97648060a445c8693d362c566cdad6c728def6ccf0e6543405034d4c72373,"[1.275246486067772, 1.2639092149911448, 1.2694055299507454]","[889.0, 948.0, 1022.0]",,ok,1337.0,0.4247160489903763,0.4242909839376807,0.4249480370199308,290.0,17.824216349108788,015d38768839a0f914776bf908f5ec70bb65be9bbd39c1aeb6d3885fa22ae1d0,"[0.4247160489903763, 0.4249480370199308, 0.4242909839376807]","[1337.0, 1337.0, 1337.0]",,1621.0,SBM,TRF,SBM,ok
w05_100.4,rudy,100,2475,1546,4,10000,1,cuda:4,ok,1546.0,0.9718649019487202,0.9705696189776063,0.9765162490075454,0.0,0.0,b03c4dcb92dfe424ab5b7918643ac4dec0ccbdd22575351af6c07ae795138c9b,"[0.9705696189776063, 0.9765162490075454, 0.9718649019487202]","[1546.0, 1546.0, 1546.0]",,ok,1044.0,1.2525142409140244,1.2524689759593457,1.2577843790641055,502.0,32.470892626131956,dabab898a5e1dd2a5c8af44638a96eead36cd66080db9a34cc63940d3ff2d3f9,"[1.2524689759593457, 1.2525142409140244, 1.2577843790641055]","[780.0, 814.0, 1044.0]",,ok,1396.0,0.4122824870282784,0.41211257700342685,0.44750552403274924,150.0,9.702457956015524,a789ea429c1e74faf121e31fe73390860aca7d2bf858cf46a4063c2de16efe06,"[0.44750552403274924, 0.41211257700342685, 0.4122824870282784]","[1396.0, 1396.0, 1396.0]",,1546.0,SBM,TRF,SBM,ok
w05_100.5,rudy,100,2475,1581,4,10000,1,cuda:1,ok,1578.0,0.9689555800287053,0.9622811389854178,0.9700331289786845,3.0,0.18975332068311196,43892f034694fe5039d40dbef1a6d692decdb258fa2c2538a50246f522f7d12f,"[0.9689555800287053, 0.9622811389854178, 0.9700331289786845]","[1578.0, 1578.0, 1578.0]",,ok,943.0,1.2400844870135188,1.2396972890710458,1.2420134590938687,638.0,40.35420619860847,e25dd9c13b8b4a64527755b48f08bdec1d3f93237e8ee8b97029a9fca7b64e77,"[1.2420134590938687, 1.2400844870135188, 1.2396972890710458]","[921.0, 849.0, 943.0]",,ok,1331.0,0.4256510609993711,0.42563549894839525,0.4400210010353476,250.0,15.812776723592663,0c267960083eee65c61c9ff1d0879e1091760fb7b4d4730be4d5ff0b21d7687c,"[0.4400210010353476, 0.4256510609993711, 0.42563549894839525]","[1331.0, 1331.0, 1331.0]",,1578.0,SBM,TRF,SBM,ok
w05_100.6,rudy,100,2475,1479,4,10000,1,cuda:2,ok,1479.0,0.9790354990400374,0.976827722042799,0.984178329934366,0.0,0.0,7436b034630e5965f5d3391f9918915f53dcb90a4cc89edd8fba1ec6398ef39c,"[0.9790354990400374, 0.976827722042799, 0.984178329934366]","[1479.0, 1479.0, 1479.0]",,ok,757.0,1.2709582610987127,1.2683955169050023,1.2745247330749407,722.0,48.81676808654496,8c950c23515cad2b8748ab3c4720e220dece6212f9183d32b345f880e819989f,"[1.2683955169050023, 1.2709582610987127, 1.2745247330749407]","[680.0, 757.0, 717.0]",,ok,1231.0,0.42245112697128206,0.4224200809840113,0.4282730349805206,248.0,16.768086544962813,88a092bafe11123165106dbaac290be17a0f1f2573a9a9243bad52cceb6c7217,"[0.4224200809840113, 0.4282730349805206, 0.42245112697128206]","[1231.0, 1231.0, 1231.0]",,1479.0,SBM,TRF,SBM,ok
w05_100.7,rudy,100,2475,1987,4,10000,1,cuda:3,ok,1987.0,0.9657946950756013,0.9639483490027487,0.9666663400130346,0.0,0.0,0f3cf22556c0ea1b5a3bc5733dec1844e1d2c7f77d5fd7517db6450679060315,"[0.9666663400130346, 0.9639483490027487, 0.9657946950756013]","[1987.0, 1987.0, 1987.0]",,ok,1270.0,1.2409684109734371,1.2394677340053022,1.2470495708985254,717.0,36.08454957221942,f1d74dbd34569b2218c2f22895ca39de374072e645982035b5d560430ef5ba41,"[1.2470495708985254, 1.2394677340053022, 1.2409684109734371]","[1197.0, 1193.0, 1270.0]",,ok,1758.0,0.43750094808638096,0.4250282439170405,0.4668630260275677,229.0,11.524911927528938,e47f8649a1d30101ac358df5bfa2b45dfee93d9ff617e67a3714aec12d4c403c,"[0.4668630260275677, 0.43750094808638096, 0.4250282439170405]","[1758.0, 1758.0, 1758.0]",,1987.0,SBM,TRF,SBM,ok
w05_100.8,rudy,100,2475,1311,4,10000,1,cuda:5,ok,1311.0,0.9698405819945037,0.9694725510198623,0.9746372640365735,0.0,0.0,76f8dbcaf4f836001dbc5f6bb71d39e120a7f2df1890bac62891052762ab1ee8,"[0.9698405819945037, 0.9746372640365735, 0.9694725510198623]","[1311.0, 1311.0, 1311.0]",,ok,533.0,1.2522501959465444,1.2517484099371359,1.252989297034219,778.0,59.344012204424104,4d151ebf24f491179949bf847a5efca2049cf4963fd6f4d45e7380e4945ad79d,"[1.2517484099371359, 1.252989297034219, 1.2522501959465444]","[505.0, 529.0, 533.0]",,ok,1071.0,0.42425195407122374,0.4236560510471463,0.4717982930596918,240.0,18.30663615560641,0db83aff9098e2675b19fa13a5bc4fce69f74f3e3819c217feda04ebd0da8b0f,"[0.4717982930596918, 0.42425195407122374, 0.4236560510471463]","[1071.0, 1071.0, 1071.0]",,1311.0,SBM,TRF,SBM,ok
w05_100.9,rudy,100,2475,1752,4,10000,1,cuda:6,ok,1752.0,0.9026776329847053,0.9024800580227748,0.9046290360856801,0.0,0.0,4e9ff01bf90db3820141f683bc8daf81e2dea99790d137fb9ab271670603c22f,"[0.9026776329847053, 0.9046290360856801, 0.9024800580227748]","[1752.0, 1752.0, 1752.0]",,ok,1069.0,1.17030511808116,1.1685487510403618,1.172767329029739,683.0,38.98401826484018,ed77239448d013f5c80de22ccc7564e0b81a761c486cc1734e602bb0f402ca87,"[1.172767329029739, 1.1685487510403618, 1.17030511808116]","[732.0, 1069.0, 890.0]",,ok,1470.0,0.4203796259826049,0.4202347280224785,0.4204060740303248,282.0,16.095890410958905,b9cb81ed99e1c11488c654d0e9f16e13d778fc9f009d878a53dc548257736f18,"[0.4204060740303248, 0.4202347280224785, 0.4203796259826049]","[1470.0, 1470.0, 1470.0]",,1752.0,SBM,TRF,SBM,ok
w09_100.0,rudy,100,4455,2121,4,10000,1,cuda:0,ok,2121.0,0.9907419469673187,0.9892509470228106,0.9929190250113606,0.0,0.0,1274fb223a8b55101211dca45de66798045365c6b4c3a8b6a9e8de3f076ba9e7,"[0.9892509470228106, 0.9907419469673187, 0.9929190250113606]","[2121.0, 2121.0, 2121.0]",,ok,936.0,1.2650330039905384,1.2641081110341474,1.2658363709924743,1185.0,55.86987270155587,4ada3b74fb03ae61dbcffad54557a4ac65a0f89d9cc2fdb6806fbecdbde5ad0a,"[1.2658363709924743, 1.2650330039905384, 1.2641081110341474]","[823.0, 633.0, 936.0]",,ok,1800.0,0.4295473899692297,0.42907036503311247,0.463252832996659,321.0,15.134370579915135,02da4f2dd62e019f58e4378ef67eec9e896b19890269913331fe3d0e0c66bb47,"[0.463252832996659, 0.42907036503311247, 0.4295473899692297]","[1800.0, 1800.0, 1800.0]",,2121.0,SBM,TRF,SBM,ok
w09_100.1,rudy,100,4455,2096,4,10000,1,cuda:7,ok,2096.0,0.9777157809585333,0.9758610640419647,0.9851458810735494,0.0,0.0,4ba3dca1b2dd8107615f29664cb25f9db7b875ce014f4b4aa66b0af689742c3e,"[0.9758610640419647, 0.9777157809585333, 0.9851458810735494]","[2096.0, 2096.0, 2096.0]",,ok,871.0,1.268921348033473,1.2686542819719762,1.2800355720100924,1225.0,58.44465648854962,5af6adc5259cd8ffd08afa33cd20e013ab0be6b52fe047a54d8ada035ce3b2aa,"[1.268921348033473, 1.2800355720100924, 1.2686542819719762]","[871.0, 803.0, 854.0]",,ok,1700.0,0.4403340850258246,0.43004928599111736,0.4679726300528273,396.0,18.893129770992367,73e424d796cb24713eb75f037b1cc2d3876f708ad542525ce0aeb3830555cbdf,"[0.4679726300528273, 0.4403340850258246, 0.43004928599111736]","[1700.0, 1700.0, 1700.0]",,2096.0,SBM,TRF,SBM,ok
w09_100.2,rudy,100,4455,2738,4,10000,1,cuda:4,ok,2738.0,0.9709320410620421,0.9700187609996647,0.9713828410021961,0.0,0.0,0d27e0f60f27e1c2705806a567f27c8e3a40346b1ea66c8a9f294d06370baff8,"[0.9713828410021961, 0.9709320410620421, 0.9700187609996647]","[2738.0, 2738.0, 2738.0]",,ok,1732.0,1.2537946179509163,1.2531203619437292,1.25593709689565,1006.0,36.742147552958365,240f5363514c1aa5c665e84d897588ead37e5f5280bf87808db466653ccbe0a4,"[1.2531203619437292, 1.2537946179509163, 1.25593709689565]","[1518.0, 1360.0, 1732.0]",,ok,2456.0,0.4171061679953709,0.4168580579571426,0.4175334869651124,282.0,10.299488677867057,53fbdafe4206dbd2772630346e39788a53c2302b97cf2eb627239729f5a9e66d,"[0.4171061679953709, 0.4175334869651124, 0.4168580579571426]","[2456.0, 2456.0, 2456.0]",,2738.0,SBM,TRF,SBM,ok
w09_100.3,rudy,100,4455,1990,4,10000,1,cuda:1,ok,1979.0,0.9647395940264687,0.9631675420096144,0.9677282699849457,11.0,0.5527638190954773,7fb7329c392e8477b7052ebdc378e7c9a65369015fe9ed84a118bd2e23baa20d,"[0.9677282699849457, 0.9647395940264687, 0.9631675420096144]","[1979.0, 1979.0, 1979.0]",,ok,700.0,1.2422894929768518,1.2399357670219615,1.2426921519218013,1290.0,64.82412060301507,876d6c332c7eb21bb699c67f0a9d16e7747a164453862cbbf1c3caaa27ad9edf,"[1.2399357670219615, 1.2426921519218013, 1.2422894929768518]","[663.0, 661.0, 700.0]",,ok,1645.0,0.43211726809386164,0.4312723409384489,0.44995698996353894,345.0,17.33668341708543,e0a05e098c9fabc4bf6cc094dd41f3f043136d44f6ebe1082a1a172534729b13,"[0.44995698996353894, 0.4312723409384489, 0.43211726809386164]","[1645.0, 1645.0, 1645.0]",,1979.0,SBM,TRF,SBM,ok
w09_100.4,rudy,100,4455,2033,4,10000,1,cuda:2,ok,2033.0,0.9839070559246466,0.9750840290216729,0.9849224910140038,0.0,0.0,9f4196624f950ff8f039cf6f6434bddefc4bd968c5b065c9f973ac6d3e70d7d6,"[0.9839070559246466, 0.9750840290216729, 0.9849224910140038]","[2033.0, 2033.0, 2033.0]",,ok,772.0,1.2663523351075128,1.2645247400505468,1.2676873409654945,1261.0,62.026561731431386,10007c59c88308dc45ebba799d5ffeefb0a30af1c108aae15061255a3be22cbe,"[1.2663523351075128, 1.2676873409654945, 1.2645247400505468]","[772.0, 673.0, 756.0]",,ok,1733.0,0.4332977159647271,0.4287697810214013,0.45524716505315155,300.0,14.756517461878996,35e93be41351387d03a5fb6ee47aa83e6f364828d5a2b7a300a961e665bd719c,"[0.45524716505315155, 0.4287697810214013, 0.4332977159647271]","[1733.0, 1733.0, 1733.0]",,2033.0,SBM,TRF,SBM,ok
w09_100.5,rudy,100,4455,2433,4,10000,1,cuda:3,ok,2433.0,0.961312253959477,0.960452995961532,0.965204844949767,0.0,0.0,64ec2043b3af31893ad801368b55228eca9b8e15731d256a8c09454ba4f3528e,"[0.961312253959477, 0.960452995961532, 0.965204844949767]","[2433.0, 2433.0, 2433.0]",,ok,1198.0,1.2418307720217854,1.240028996951878,1.2472070748917758,1235.0,50.760378133990955,0e00c6844141d907f96e44ddf1ddd27cf7938596597c47637ea3c702dd608f71,"[1.2418307720217854, 1.2472070748917758, 1.240028996951878]","[931.0, 1198.0, 848.0]",,ok,1981.0,0.4294676029821858,0.42925771709997207,0.43279279000125825,452.0,18.57788738183313,534a37c60a999726e4cff507bac152d513c52b4bb84cd043d8634e957c5274a6,"[0.43279279000125825, 0.42925771709997207, 0.4294676029821858]","[1981.0, 1981.0, 1981.0]",,2433.0,SBM,TRF,SBM,ok
w09_100.6,rudy,100,4455,2220,4,10000,1,cuda:5,ok,2220.0,0.9730790019966662,0.9719916130416095,0.9798273589694872,0.0,0.0,e2e9134142947dfe2d8fb735706eca577402867ea9e27e11243a4a5f52110ede,"[0.9730790019966662, 0.9719916130416095, 0.9798273589694872]","[2220.0, 2220.0, 2220.0]",,ok,871.0,1.2547157340450212,1.251161962049082,1.257738312939182,1349.0,60.765765765765764,e76f7c8a786ebf06d3d2f83fe0e79795e5e459b000f6a6deaf2386a1857075e6,"[1.251161962049082, 1.257738312939182, 1.2547157340450212]","[798.0, 871.0, 809.0]",,ok,1662.0,0.4316719399066642,0.43120925908442587,0.4542574069928378,558.0,25.135135135135137,ee0e8ba3a225ee7e465e8a617b352c166eae50e982529135ae2d43de72f269d8,"[0.4542574069928378, 0.4316719399066642, 0.43120925908442587]","[1662.0, 1662.0, 1662.0]",,2220.0,SBM,TRF,SBM,ok
w09_100.7,rudy,100,4455,2252,4,10000,1,cuda:6,ok,2252.0,0.9021556749939919,0.9008718060795218,0.9058249549707398,0.0,0.0,ae394fcf1c9bfb253e6dbef3f713df488e99f3f21ac9caee1030277a6ab3fb7b,"[0.9008718060795218, 0.9058249549707398, 0.9021556749939919]","[2252.0, 2252.0, 2252.0]",,ok,1184.0,1.1732277470873669,1.1728138350881636,1.173269066028297,1068.0,47.42451154529307,9011dbd73b3eadc2f0851c8579638307c1b50b30e1877ee3fdff6261930008ec,"[1.1728138350881636, 1.173269066028297, 1.1732277470873669]","[1090.0, 1080.0, 1184.0]",,ok,1901.0,0.4293681230628863,0.42878627497702837,0.45780337194446474,351.0,15.58614564831261,b7e12e61533d837d01dc5bbe87bfa60cb94efe6e6640121150c694dddcc24d28,"[0.45780337194446474, 0.42878627497702837, 0.4293681230628863]","[1901.0, 1901.0, 1901.0]",,2252.0,SBM,TRF,SBM,ok
w09_100.8,rudy,100,4455,1843,4,10000,1,cuda:0,ok,1836.0,0.983547295909375,0.9744089209707454,0.9847926259972155,7.0,0.3798155181768855,40dc01543f4d41b3a0d1f47bcaa07479ae703f45a19c37596119448d4b77e872,"[0.9744089209707454, 0.983547295909375, 0.9847926259972155]","[1836.0, 1836.0, 1836.0]",,ok,541.0,1.2637095709796995,1.2633165050065145,1.266342265997082,1302.0,70.6456863809007,78d7dab29afb3ecb340a5fb4c15feb76030804f80afccff1a9c043d99e842b63,"[1.2637095709796995, 1.2633165050065145, 1.266342265997082]","[401.0, 263.0, 541.0]",,ok,1510.0,0.4284315019613132,0.4277011229423806,0.42876389902085066,333.0,18.06836679327184,6861038810d36f43f57dd3b066884a82966bbc5c174e94a66405b432df3d614d,"[0.4277011229423806, 0.42876389902085066, 0.4284315019613132]","[1510.0, 1510.0, 1510.0]",,1836.0,SBM,TRF,SBM,ok
w09_100.9,rudy,100,4455,2043,4,10000,1,cuda:7,ok,2041.0,0.9821256829891354,0.9801429070066661,0.9835352899972349,2.0,0.09789525208027411,4a143cd4cd65ac3ccf64ebee1343adb4d12636c3d50e208d3f3895fc34eb513e,"[0.9821256829891354, 0.9801429070066661, 0.9835352899972349]","[2041.0, 2041.0, 2041.0]",,ok,917.0,1.2687231530435383,1.266194868949242,1.274083707947284,1126.0,55.11502692119432,3b53890fa83a3378e8ba2aac72e331e3cd3dd1f0f2662a3f2976a7004eeeb58e,"[1.274083707947284, 1.2687231530435383, 1.266194868949242]","[553.0, 917.0, 782.0]",,ok,1666.0,0.4296762601006776,0.42848953406792134,0.468776085996069,377.0,18.45325501713167,e73fcbb756c53dac53f334b5c28a61a0b8e93d44195aa7b30149d05fb33059cc,"[0.468776085996069, 0.4296762601006776, 0.42848953406792134]","[1666.0, 1666.0, 1666.0]",,2041.0,SBM,TRF,SBM,ok
