instance,family,vertices,edges,reference_cut,runs,steps,seed,device,sbm_status,sbm_best_cut,sbm_median_seconds,sbm_min_seconds,sbm_max_seconds,sbm_gap_to_reference,sbm_gap_percent,sbm_sample_sha256,sbm_trial_seconds,sbm_trial_cuts,sbm_error,svl_status,svl_best_cut,svl_median_seconds,svl_min_seconds,svl_max_seconds,svl_gap_to_reference,svl_gap_percent,svl_sample_sha256,svl_trial_seconds,svl_trial_cuts,svl_error,trf_status,trf_best_cut,trf_median_seconds,trf_min_seconds,trf_max_seconds,trf_gap_to_reference,trf_gap_percent,trf_sample_sha256,trf_trial_seconds,trf_trial_cuts,trf_error,best_cut,quality_winners,fastest_solver,winner,status
g05_100.0,rudy,100,2475,1430,4,20000,1,cuda:4,ok,0.0,1.9432816749904305,1.9420446939766407,1.944203071994707,1430.0,100.0,cd00e292c5970d3c5e2f0ffa5171e555bc46bfc4faddfb4a418b6840b86e79a3,"[1.9432816749904305, 1.944203071994707, 1.9420446939766407]","[0.0, 0.0, 0.0]",,ok,1430.0,2.503675724961795,2.494657462928444,2.5051886349683627,0.0,0.0,27a291ce7b8423a27d7c3e93f3d14b813684498b888e08570966a335e5d278eb,"[2.494657462928444, 2.5051886349683627, 2.503675724961795]","[1430.0, 1430.0, 1430.0]",,ok,1390.0,0.8192237499170005,0.8190901019843295,0.8196954900631681,40.0,2.797202797202797,285cf6f387b21142c52f351f663285e7738889f451f0224de7dbab0c66487bb1,"[0.8196954900631681, 0.8192237499170005, 0.8190901019843295]","[1390.0, 1390.0, 1390.0]",,1430.0,SVL,TRF,SVL,ok
g05_100.1,rudy,100,2475,1425,4,20000,1,cuda:1,ok,0.0,1.9301796200452372,1.9280707800062373,1.9329885490005836,1425.0,100.0,cd00e292c5970d3c5e2f0ffa5171e555bc46bfc4faddfb4a418b6840b86e79a3,"[1.9301796200452372, 1.9329885490005836, 1.9280707800062373]","[0.0, 0.0, 0.0]",,ok,1425.0,2.4735762790078297,2.469687686068937,2.4752320490079,0.0,0.0,83ff4e41b329963442aaab3e0cb4589f51cf905a9c59711650af13b803449161,"[2.4752320490079, 2.469687686068937, 2.4735762790078297]","[1425.0, 1425.0, 1425.0]",,ok,1399.0,0.8525406660046428,0.8523494149558246,0.8953489860286936,26.0,1.8245614035087718,8d54702a00bda45ab09dc9a954055510bf46b706ec1ac2f828827fd6528b504d,"[0.8953489860286936, 0.8525406660046428, 0.8523494149558246]","[1399.0, 1399.0, 1399.0]",,1425.0,SVL,TRF,SVL,ok
g05_100.2,rudy,100,2475,1432,4,20000,1,cuda:7,ok,0.0,1.9582214609254152,1.9481732489075512,1.9597166419262066,1432.0,100.0,cd00e292c5970d3c5e2f0ffa5171e555bc46bfc4faddfb4a418b6840b86e79a3,"[1.9582214609254152, 1.9481732489075512, 1.9597166419262066]","[0.0, 0.0, 0.0]",,ok,1432.0,2.5244334160815924,2.5143479789840057,2.526485686074011,0.0,0.0,0116ce01928899b6ccbe6990cf354e90d38520e5f1ef14e5cda3291027bb17aa,"[2.5244334160815924, 2.5143479789840057, 2.526485686074011]","[1432.0, 1432.0, 1432.0]",,ok,1384.0,0.8534402720397338,0.8533171591116115,0.9012672459939495,48.0,3.35195530726257,eeebb83ee7b3aca12c7336214483e377166cfc44ab9bef8e0efa09c9f3d5d7ba,"[0.9012672459939495, 0.8534402720397338, 0.8533171591116115]","[1384.0, 1384.0, 1384.0]",,1432.0,SVL,TRF,SVL,ok
g05_100.3,rudy,100,2475,1424,4,20000,1,cuda:3,ok,0.0,1.9244994740001857,1.9190062219277024,1.925957884057425,1424.0,100.0,cd00e292c5970d3c5e2f0ffa5171e555bc46bfc4faddfb4a418b6840b86e79a3,"[1.9190062219277024, 1.925957884057425, 1.9244994740001857]","[0.0, 0.0, 0.0]",,ok,1423.0,2.4767994419671595,2.4747840609634295,2.4825537560973316,1.0,0.0702247191011236,a015f2df97ee2751b00b843b5d2bb6ec9fc835b659a53e6cd3fbc3902c12bc4c,"[2.4747840609634295, 2.4767994419671595, 2.4825537560973316]","[1423.0, 1423.0, 1423.0]",,ok,1390.0,0.844758644932881,0.8446577349677682,0.8793818160193041,34.0,2.3876404494382024,5a6248e47c73a7ecba1025c3a7c4ee396abcac2cb0c5849bf0f2a0d6ebb886f5,"[0.8793818160193041, 0.8446577349677682, 0.844758644932881]","[1390.0, 1390.0, 1390.0]",,1423.0,SVL,TRF,SVL,ok
g05_100.4,rudy,100,2475,1440,4,20000,1,cuda:2,ok,0.0,1.9566904910607263,1.9464946950320154,1.9612890850985423,1440.0,100.0,cd00e292c5970d3c5e2f0ffa5171e555bc46bfc4faddfb4a418b6840b86e79a3,"[1.9464946950320154, 1.9566904910607263, 1.9612890850985423]","[0.0, 0.0, 0.0]",,ok,1440.0,2.5277081610402092,2.5250165190082043,2.528337631956674,0.0,0.0,b3b11984dc87f15c564afb049335cc177d8df6e006518993086f10fa4071dabc,"[2.5277081610402092, 2.528337631956674, 2.5250165190082043]","[1440.0, 1440.0, 1440.0]",,ok,1396.0,0.861005136044696,0.8609429959906265,0.8926800939952955,44.0,3.0555555555555554,573433cb4ba13e05ab2c0d0ab67349680a03637d16e22cc46206332c0f414b3a,"[0.8926800939952955, 0.861005136044696, 0.8609429959906265]","[1396.0, 1396.0, 1396.0]",,1440.0,SVL,TRF,SVL,ok
g05_100.5,rudy,100,2475,1436,4,20000,1,cuda:5,ok,0.0,1.9430850620847195,1.9395631679799408,1.9524580920115113,1436.0,100.0,cd00e292c5970d3c5e2f0ffa5171e555bc46bfc4faddfb4a418b6840b86e79a3,"[1.9395631679799408, 1.9430850620847195, 1.9524580920115113]","[0.0, 0.0, 0.0]",,ok,1435.0,2.4977017110213637,2.490975202061236,2.5080898969899863,1.0,0.06963788300835655,c14c7c89a4fbe57a53f9f0e20743aa0e8e034d397b985024c74b9244b3701594,"[2.490975202061236, 2.4977017110213637, 2.5080898969899863]","[1435.0, 1435.0, 1435.0]",,ok,1391.0,0.8527516530593857,0.8521425480721518,0.8780255790334195,45.0,3.1337047353760448,59474c755c76cf6095fbfda0167612cfac3091f15831c68cca999b1ccc295e2f,"[0.8780255790334195, 0.8521425480721518, 0.8527516530593857]","[1391.0, 1391.0, 1391.0]",,1435.0,SVL,TRF,SVL,ok
g05_100.6,rudy,100,2475,1434,4,20000,1,cuda:0,ok,0.0,1.965619980939664,1.9594155200757086,1.9698517830111086,1434.0,100.0,cd00e292c5970d3c5e2f0ffa5171e555bc46bfc4faddfb4a418b6840b86e79a3,"[1.9594155200757086, 1.965619980939664, 1.9698517830111086]","[0.0, 0.0, 0.0]",,ok,1434.0,2.525874834973365,2.5202928869985044,2.5277864950476214,0.0,0.0,50a7d98fcacfa425d7306d76019531d8efc68f6147dd9174308829f5f08655d2,"[2.5277864950476214, 2.5202928869985044, 2.525874834973365]","[1434.0, 1434.0, 1434.0]",,ok,1396.0,0.8379877319093794,0.8376409040065482,0.8393755800789222,38.0,2.6499302649930265,65726b73fb7bbcfcbdc384580f708bdb723c5317ba51c7aa41a787197ff9b89c,"[0.8379877319093794, 0.8393755800789222, 0.8376409040065482]","[1396.0, 1396.0, 1396.0]",,1434.0,SVL,TRF,SVL,ok
g05_100.7,rudy,100,2475,1431,4,20000,1,cuda:6,ok,0.0,1.801350011024624,1.799447327037342,1.801906366017647,1431.0,100.0,cd00e292c5970d3c5e2f0ffa5171e555bc46bfc4faddfb4a418b6840b86e79a3,"[1.801350011024624, 1.801906366017647, 1.799447327037342]","[0.0, 0.0, 0.0]",,ok,1429.0,2.3346627521095797,2.3326559939887375,2.335334924980998,2.0,0.13976240391334732,42065ee02be852c23944ff82547309389b093a32b2cd1b4e1cc3c1e2a2ff3ec0,"[2.3326559939887375, 2.335334924980998, 2.3346627521095797]","[1429.0, 1429.0, 1429.0]",,ok,1405.0,0.8401925439247862,0.8397965839831159,0.8624740570085123,26.0,1.816911250873515,2babf7ef593f5e7c2a5f1af07e8edd7d0fbfe1a001534206fca2173eaf6998e7,"[0.8624740570085123, 0.8397965839831159, 0.8401925439247862]","[1405.0, 1405.0, 1405.0]",,1429.0,SVL,TRF,SVL,ok
g05_100.8,rudy,100,2475,1432,4,20000,1,cuda:4,ok,0.0,1.9378689579898492,1.934824494062923,1.9431688629556447,1432.0,100.0,cd00e292c5970d3c5e2f0ffa5171e555bc46bfc4faddfb4a418b6840b86e79a3,"[1.9431688629556447, 1.934824494062923, 1.9378689579898492]","[0.0, 0.0, 0.0]",,ok,1431.0,2.502605055924505,2.5025293820071965,2.5039251160342246,1.0,0.06983240223463687,1c4314c0a01bc5b98f87b1cbadefac5d856f716add74e9904215be97194e966d,"[2.502605055924505, 2.5025293820071965, 2.5039251160342246]","[1431.0, 1431.0, 1431.0]",,ok,1393.0,0.8225264870561659,0.8220415749819949,0.860242111957632,39.0,2.723463687150838,c81a07e4474d2ddd9b905d49b828a73ce18c45eeb4bd7d812458aa74ddba4d60,"[0.860242111957632, 0.8225264870561659, 0.8220415749819949]","[1393.0, 1393.0, 1393.0]",,1431.0,SVL,TRF,SVL,ok
g05_100.9,rudy,100,2475,1430,4,20000,1,cuda:1,ok,0.0,1.927965017966926,1.9251547310268506,1.9354462689952925,1430.0,100.0,cd00e292c5970d3c5e2f0ffa5171e555bc46bfc4faddfb4a418b6840b86e79a3,"[1.9251547310268506, 1.927965017966926, 1.9354462689952925]","[0.0, 0.0, 0.0]",,ok,1430.0,2.474405530025251,2.472759576048702,2.476364541100338,0.0,0.0,6bd6f78ca846758a4e755238ca4f5b9b7557edbf62392ddc420e2caa76e44b0d,"[2.474405530025251, 2.472759576048702, 2.476364541100338]","[1430.0, 1430.0, 1430.0]",,ok,1415.0,0.8489953139796853,0.8484106760006398,0.8490889359964058,15.0,1.048951048951049,4d5d411ec008d1ec0d117b29fd794851000b75d4fbd6aa37271c9511d57ecb44,"[0.8490889359964058, 0.8484106760006398, 0.8489953139796853]","[1415.0, 1415.0, 1415.0]",,1430.0,SVL,TRF,SVL,ok
g05_60.0,rudy,60,885,536,4,20000,1,cuda:4,ok,22.0,1.9368658220628276,1.9340595389949158,1.9386180219007656,514.0,95.8955223880597,5380ec26ac3df837dac3c9e10fee9f83647e8de91c9bc680acb156b252514642,"[1.9368658220628276, 1.9386180219007656, 1.9340595389949158]","[22.0, 22.0, 22.0]",,ok,536.0,2.500879906001501,2.4981175679713488,2.5077312289504334,0.0,0.0,848347aaa131f2850e899150c983e75b18df4f1e73b44a706f1db143231dd13a,"[2.4981175679713488, 2.5077312289504334, 2.500879906001501]","[536.0, 536.0, 536.0]",,ok,523.0,0.7729693679139018,0.7729629570385441,0.7951061109779403,13.0,2.425373134328358,c37fa12899d54c425223dea0779bd7dbc165ffb99060c34360a73562c6d42e8c,"[0.7951061109779403, 0.7729629570385441, 0.7729693679139018]","[523.0, 523.0, 523.0]",,536.0,SVL,TRF,SVL,ok
g05_60.1,rudy,60,885,532,4,20000,1,cuda:7,ok,0.0,1.9589301829691976,1.9567980129504576,1.9606999050593004,532.0,100.0,5dcc1b5872dd9ff1c234501f1fefda01f664164e1583c3e1bb3dbea47588ab31,"[1.9589301829691976, 1.9606999050593004, 1.9567980129504576]","[0.0, 0.0, 0.0]",,ok,532.0,2.527338034939021,2.525106878951192,2.533147420035675,0.0,0.0,a1ceff933143a57a7cc66b32dbf5651145719bdc4b90f473ff5f984b4824a34f,"[2.525106878951192, 2.527338034939021, 2.533147420035675]","[532.0, 532.0, 532.0]",,ok,525.0,0.7930586360162124,0.792666028952226,0.7939952140441164,7.0,1.3157894736842106,ba9bbbdef6c7cc7bb68b231b58a7ea2c4a9604c23080a48f04bafb7a35d1b053,"[0.7939952140441164, 0.7930586360162124, 0.792666028952226]","[525.0, 525.0, 525.0]",,532.0,SVL,TRF,SVL,ok
g05_60.2,rudy,60,885,529,4,20000,1,cuda:1,ok,38.0,1.9301205279771239,1.9235728449421003,1.9304560469463468,491.0,92.81663516068053,7b2da079bcc2db9bc17e0716b58edf856794d87506a5be1708ff50a7a2a38af2,"[1.9301205279771239, 1.9235728449421003, 1.9304560469463468]","[38.0, 38.0, 38.0]",,ok,529.0,2.4732906800927594,2.4708264969522133,2.476374374004081,0.0,0.0,561ed41560b2cb2a88a7cc91a058da6f96bd549b6b4f4e082b0d4d99910f1de3,"[2.476374374004081, 2.4732906800927594, 2.4708264969522133]","[529.0, 529.0, 529.0]",,ok,514.0,0.8025692249648273,0.8020742770750076,0.8386240459512919,15.0,2.835538752362949,97db5a247401f5e53426f8b80294b8634958f13cfa82faec4e879a5be2f42f8d,"[0.8386240459512919, 0.8025692249648273, 0.8020742770750076]","[514.0, 514.0, 514.0]",,529.0,SVL,TRF,SVL,ok
g05_60.3,rudy,60,885,538,4,20000,1,cuda:2,ok,0.0,1.967491594958119,1.940850825048983,1.975824146065861,538.0,100.0,5dcc1b5872dd9ff1c234501f1fefda01f664164e1583c3e1bb3dbea47588ab31,"[1.940850825048983, 1.975824146065861, 1.967491594958119]","[0.0, 0.0, 0.0]",,ok,538.0,2.5278548860223964,2.527753234957345,2.5331467100186273,0.0,0.0,3ace2fdd6231ea75cf75f14dccc8d4edfa38adc59fb15509bf2ef543181bcbd9,"[2.5331467100186273, 2.527753234957345, 2.5278548860223964]","[538.0, 538.0, 538.0]",,ok,530.0,0.794645307934843,0.7936172490008175,0.8189084430923685,8.0,1.486988847583643,ad495b50b124039e0789de7da3e74e6f37769bdc9dfd20228fe161151ffd867c,"[0.8189084430923685, 0.7936172490008175, 0.794645307934843]","[530.0, 530.0, 530.0]",,538.0,SVL,TRF,SVL,ok
g05_60.4,rudy,60,885,527,4,20000,1,cuda:6,ok,25.0,1.803753626998514,1.8016032349551097,1.804488664958626,502.0,95.2561669829222,3c9156dc33ab24a955d1a52b0e349f0a6ef8eb568c46e94a6df1b3c8901c595b,"[1.803753626998514, 1.8016032349551097, 1.804488664958626]","[25.0, 25.0, 25.0]",,ok,527.0,2.3381544140866026,2.337467576027848,2.340184082975611,0.0,0.0,c46958de53dadf79cc208e628302ae87ff28ed4159d83c85fb02a1d5975f7797,"[2.337467576027848, 2.340184082975611, 2.3381544140866026]","[527.0, 527.0, 527.0]",,ok,518.0,0.7912789529655129,0.7910819100216031,0.8041677840519696,9.0,1.7077798861480076,f83ae0a93edb81f4ca4e7a50d6545827161f81c8ff2df1c99b9c893e28f6dde0,"[0.8041677840519696, 0.7912789529655129, 0.7910819100216031]","[518.0, 518.0, 518.0]",,527.0,SVL,TRF,SVL,ok
g05_60.5,rudy,60,885,533,4,20000,1,cuda:3,ok,18.0,1.9244077539769933,1.9179261339595541,1.9263200699351728,515.0,96.62288930581613,8fba6f4fcdc2993a3f32d2814de1c98beaef27a4ad6c434468e48b15785a4ddc,"[1.9179261339595541, 1.9244077539769933, 1.9263200699351728]","[18.0, 18.0, 18.0]",,ok,533.0,2.478171895025298,2.477315549971536,2.484168889001012,0.0,0.0,30890ff38c4b09b5785e3ef3257619ae3ca630453cda39922adb8304a6be36df,"[2.477315549971536, 2.478171895025298, 2.484168889001012]","[533.0, 533.0, 533.0]",,ok,515.0,0.8061905399663374,0.8057856590021402,0.8292915739584714,18.0,3.377110694183865,750c1d3d62c5da6385e31289c1efa3e27b9a84234cbf03be420fd6d2c12f2b85,"[0.8292915739584714, 0.8061905399663374, 0.8057856590021402]","[515.0, 515.0, 515.0]",,533.0,SVL,TRF,SVL,ok
g05_60.6,rudy,60,885,531,4,20000,1,cuda:5,ok,20.0,1.9401650439249352,1.9385473580332473,1.9582084490684792,511.0,96.23352165725048,3c9156dc33ab24a955d1a52b0e349f0a6ef8eb568c46e94a6df1b3c8901c595b,"[1.9582084490684792, 1.9385473580332473, 1.9401650439249352]","[20.0, 20.0, 20.0]",,ok,531.0,2.4963492850074545,2.495897663058713,2.5012084980262443,0.0,0.0,5a3bb98a0805d21a7ddc636d96325ae8808e999d1ab26c9bce7c3313cc96cd9d,"[2.5012084980262443, 2.495897663058713, 2.4963492850074545]","[531.0, 531.0, 531.0]",,ok,521.0,0.8026019559474662,0.8005904059391469,0.853501491015777,10.0,1.8832391713747645,9576e0feb7e4d9c15dd89816523e29b5f7ec42d3189d21d1333e8f661f021342,"[0.853501491015777, 0.8005904059391469, 0.8026019559474662]","[521.0, 521.0, 521.0]",,531.0,SVL,TRF,SVL,ok
g05_60.7,rudy,60,885,535,4,20000,1,cuda:0,ok,0.0,1.963608499034308,1.9450500659877434,1.9840516099939123,535.0,100.0,5dcc1b5872dd9ff1c234501f1fefda01f664164e1583c3e1bb3dbea47588ab31,"[1.9450500659877434, 1.963608499034308, 1.9840516099939123]","[0.0, 0.0, 0.0]",,ok,535.0,2.514269987004809,2.5102481259964406,2.5306649799458683,0.0,0.0,f1974b8d6a5556ac29f1fb79fb3b988440ab77013a077baf62c8a79be81e04be,"[2.5306649799458683, 2.5102481259964406, 2.514269987004809]","[535.0, 535.0, 535.0]",,ok,525.0,0.7934558929409832,0.7934556609252468,0.7936892830766737,10.0,1.8691588785046729,b15926d609f745c72ca227a84d1f2546693dd085c516d706ae22741d4956c83d,"[0.7934556609252468, 0.7936892830766737, 0.7934558929409832]","[525.0, 525.0, 525.0]",,535.0,SVL,TRF,SVL,ok
g05_60.8,rudy,60,885,530,4,20000,1,cuda:4,ok,0.0,1.939683391014114,1.937481179018505,1.9467082839692011,530.0,100.0,5dcc1b5872dd9ff1c234501f1fefda01f664164e1583c3e1bb3dbea47588ab31,"[1.9467082839692011, 1.939683391014114, 1.937481179018505]","[0.0, 0.0, 0.0]",,ok,530.0,2.4997984340880066,2.4974137019598857,2.501458363025449,0.0,0.0,0d4a11ad782999c59a61675156c581dce6b6207656e0abe47957d839d7c2efaa,"[2.4974137019598857, 2.4997984340880066, 2.501458363025449]","[530.0, 530.0, 530.0]",,ok,524.0,0.7736971490085125,0.7729310130234808,0.8074582780245692,6.0,1.1320754716981132,d94adda6cd84027cc5dad2561fca4181ecd91baf3ee684ef4ec9a5ead9301b37,"[0.8074582780245692, 0.7736971490085125, 0.7729310130234808]","[524.0, 524.0, 524.0]",,530.0,SVL,TRF,SVL,ok
g05_60.9,rudy,60,885,533,4,20000,1,cuda:7,ok,20.0,1.9513681220123544,1.9494596070144325,1.9569087639683858,513.0,96.24765478424015,f4ea2cfdfd7bc277e6c71a924e5c762b1a6309efe41f6d76c0ad28561d5375d4,"[1.9569087639683858, 1.9494596070144325, 1.9513681220123544]","[20.0, 20.0, 20.0]",,ok,532.0,2.52097951003816,2.5157531789736822,2.536954249953851,1.0,0.18761726078799248,86072cdb6f5d611fe38bd08a1069d68e665cc276766cc955a1f54d57caa3aa48,"[2.536954249953851, 2.5157531789736822, 2.52097951003816]","[532.0, 532.0, 532.0]",,ok,525.0,0.7956644369987771,0.7951627860311419,0.849816067959182,8.0,1.5009380863039399,094f3287525951ba1b9ff9fa57c9e40f82be0a7e1c096b54c53578784be597b9,"[0.849816067959182, 0.7956644369987771, 0.7951627860311419]","[525.0, 525.0, 525.0]",,532.0,SVL,TRF,SVL,ok
g05_80.0,rudy,80,1580,929,4,20000,1,cuda:1,ok,0.0,1.9251036749919876,1.9112348250346258,1.9321112600155175,929.0,100.0,5b6fb58e61fa475939767d68a446f97f1bff02c0e5935a3ea8bb51e6515783d8,"[1.9112348250346258, 1.9321112600155175, 1.9251036749919876]","[0.0, 0.0, 0.0]",,ok,929.0,2.4787508310982957,2.478583259973675,2.4796326470095664,0.0,0.0,de7aa7658f69e1016f2e3245029fb585171ce826181ec0948f0b7ac816da791b,"[2.478583259973675, 2.4796326470095664, 2.4787508310982957]","[929.0, 929.0, 929.0]",,ok,906.0,0.8051214809529483,0.8050813700538129,0.8051490759244189,23.0,2.4757804090419806,4b89cf81a071d215715247c61e237c1db5d85e0c104dc39925d79f31c347e054,"[0.8051490759244189, 0.8051214809529483, 0.8050813700538129]","[906.0, 906.0, 906.0]",,929.0,SVL,TRF,SVL,ok
g05_80.1,rudy,80,1580,941,4,20000,1,cuda:6,ok,0.0,1.8025700509315357,1.7982536581112072,1.8031627821037546,941.0,100.0,5b6fb58e61fa475939767d68a446f97f1bff02c0e5935a3ea8bb51e6515783d8,"[1.7982536581112072, 1.8031627821037546, 1.8025700509315357]","[0.0, 0.0, 0.0]",,ok,941.0,2.3347233519889414,2.33116451499518,2.33546840690542,0.0,0.0,c2b015d10fc5be36e2480380181a8c8bf953d389248499cb05373ee84882d302,"[2.33546840690542, 2.33116451499518, 2.3347233519889414]","[941.0, 941.0, 941.0]",,ok,912.0,0.7949024640256539,0.7949021140811965,0.8327227979898453,29.0,3.08182784272051,69173810e03045c5416ea667ea636abad689f3ac68919e9e59e0c7f49eae863f,"[0.8327227979898453, 0.7949024640256539, 0.7949021140811965]","[912.0, 912.0, 912.0]",,941.0,SVL,TRF,SVL,ok
g05_80.2,rudy,80,1580,934,4,20000,1,cuda:2,ok,0.0,1.9605314610525966,1.9464019569568336,1.9658478229539469,934.0,100.0,5b6fb58e61fa475939767d68a446f97f1bff02c0e5935a3ea8bb51e6515783d8,"[1.9464019569568336, 1.9605314610525966, 1.9658478229539469]","[0.0, 0.0, 0.0]",,ok,934.0,2.5287639300804585,2.523817386943847,2.533026641001925,0.0,0.0,a93d3803a82bf9f4a3d0a6bdfe794fb535e0c3565321bcea7f77e6d39812d29b,"[2.533026641001925, 2.523817386943847, 2.5287639300804585]","[934.0, 934.0, 934.0]",,ok,917.0,0.7971963949967176,0.7969381770817563,0.8180299559608102,17.0,1.8201284796573876,807c60f29a285b6590d4c59a638f12715f4b2156dad341c86161ee544e204769,"[0.8180299559608102, 0.7969381770817563, 0.7971963949967176]","[917.0, 917.0, 917.0]",,934.0,SVL,TRF,SVL,ok
g05_80.3,rudy,80,1580,923,4,20000,1,cuda:3,ok,0.0,1.9169245850061998,1.9117420950205997,1.9252206110395491,923.0,100.0,5b6fb58e61fa475939767d68a446f97f1bff02c0e5935a3ea8bb51e6515783d8,"[1.9117420950205997, 1.9169245850061998, 1.9252206110395491]","[0.0, 0.0, 0.0]",,ok,922.0,2.475618391064927,2.4751901529962197,2.476787192048505,1.0,0.10834236186348863,4341820cf2979caa9cdc286efbac78d76b079ce0229021abc554a75bcc37e854,"[2.4751901529962197, 2.475618391064927, 2.476787192048505]","[922.0, 922.0, 922.0]",,ok,904.0,0.8207834709901363,0.8206794980214909,0.8211501060286537,19.0,2.058504875406284,4df738516b582adc53437832498176e900384332bce443a31728ef36ca44571c,"[0.8206794980214909, 0.8211501060286537, 0.8207834709901363]","[904.0, 904.0, 904.0]",,922.0,SVL,TRF,SVL,ok
g05_80.4,rudy,80,1580,932,4,20000,1,cuda:5,ok,0.0,1.9417471149936318,1.9345566889969632,1.9518684840295464,932.0,100.0,5b6fb58e61fa475939767d68a446f97f1bff02c0e5935a3ea8bb51e6515783d8,"[1.9417471149936318, 1.9345566889969632, 1.9518684840295464]","[0.0, 0.0, 0.0]",,ok,932.0,2.5003985399380326,2.4928294899873435,2.5046218360075727,0.0,0.0,62e2de51e57342d9b1a087fc19b276e91950d490d348413d8d662f43bcb50e84,"[2.4928294899873435, 2.5003985399380326, 2.5046218360075727]","[932.0, 932.0, 932.0]",,ok,908.0,0.8077892649453133,0.807614159071818,0.8329222159227356,24.0,2.575107296137339,3c70fa7dff3b2560e4625d46210cc9e77448994e51253e12f86392877c0245d2,"[0.8329222159227356, 0.8077892649453133, 0.807614159071818]","[908.0, 908.0, 908.0]",,932.0,SVL,TRF,SVL,ok
g05_80.5,rudy,80,1580,926,4,20000,1,cuda:0,ok,0.0,1.9706792969955131,1.9579754039878026,1.9757281399797648,926.0,100.0,5b6fb58e61fa475939767d68a446f97f1bff02c0e5935a3ea8bb51e6515783d8,"[1.9579754039878026, 1.9706792969955131, 1.9757281399797648]","[0.0, 0.0, 0.0]",,ok,925.0,2.5142657220130786,2.5115053029730916,2.525858705979772,1.0,0.1079913606911447,bb8fbbf9e8faba874fd506e016b05f74215d3c83c3bf5b6c6f86aa633f5477ee,"[2.5142657220130786, 2.525858705979772, 2.5115053029730916]","[925.0, 925.0, 925.0]",,ok,906.0,0.7993583700153977,0.7992267369991168,0.8236159789375961,20.0,2.159827213822894,89fa2d729dd0170055fd70fed8d54480c6da6da655fbd3a49df7b6a43125ec30,"[0.8236159789375961, 0.7993583700153977, 0.7992267369991168]","[906.0, 906.0, 906.0]",,925.0,SVL,TRF,SVL,ok
g05_80.6,rudy,80,1580,929,4,20000,1,cuda:4,ok,0.0,1.9411514099920169,1.9356867789756507,1.949727113940753,929.0,100.0,5b6fb58e61fa475939767d68a446f97f1bff02c0e5935a3ea8bb51e6515783d8,"[1.949727113940753, 1.9356867789756507, 1.9411514099920169]","[0.0, 0.0, 0.0]",,ok,929.0,2.498572841985151,2.4983058780198917,2.5016061400528997,0.0,0.0,b77c0c2b90955329837dd32347a078f4e05c8c5f1b2a99cbb9ef19ac01a2710a,"[2.498572841985151, 2.4983058780198917, 2.5016061400528997]","[929.0, 929.0, 929.0]",,ok,915.0,0.7767206430435181,0.7765433030435815,0.7767228790326044,14.0,1.5069967707212055,13744703fad554c12bf7d7883488a035e40ad88a5150f0b59a7540ab4ebc3223,"[0.7765433030435815, 0.7767228790326044, 0.7767206430435181]","[915.0, 915.0, 915.0]",,929.0,SVL,TRF,SVL,ok
g05_80.7,rudy,80,1580,929,4,20000,1,cuda:7,ok,0.0,1.9560816279845312,1.9548717479920015,1.9678910019574687,929.0,100.0,5b6fb58e61fa475939767d68a446f97f1bff02c0e5935a3ea8bb51e6515783d8,"[1.9678910019574687, 1.9548717479920015, 1.9560816279845312]","[0.0, 0.0, 0.0]",,ok,929.0,2.537342805066146,2.524152770987712,2.5400019220542163,0.0,0.0,877006ee93b9b5e1589ab8c1c6bbac65a717c0c6ce98b63630aa11600e1f4327,"[2.537342805066146, 2.5400019220542163, 2.524152770987712]","[929.0, 929.0, 929.0]",,ok,895.0,0.8001503420528024,0.7998669449007139,0.8262987870257348,34.0,3.6598493003229278,2762b4656688d040fddae0832d06b1b589c0f9640e40e43e2f7219a80028155c,"[0.8262987870257348, 0.7998669449007139, 0.8001503420528024]","[895.0, 895.0, 895.0]",,929.0,SVL,TRF,SVL,ok
g05_80.8,rudy,80,1580,925,4,20000,1,cuda:1,ok,0.0,1.9291826649568975,1.9220332489348948,1.931133461999707,925.0,100.0,5b6fb58e61fa475939767d68a446f97f1bff02c0e5935a3ea8bb51e6515783d8,"[1.9220332489348948, 1.931133461999707, 1.9291826649568975]","[0.0, 0.0, 0.0]",,ok,924.0,2.478789312997833,2.4722217980306596,2.4793773510027677,1.0,0.10810810810810811,0e162eba1bc35392db6bdc2eadafdb4f13fe7b4ada87212fe797ad9b840423d8,"[2.478789312997833, 2.4722217980306596, 2.4793773510027677]","[924.0, 924.0, 924.0]",,ok,902.0,0.8070967110106722,0.8067238490330055,0.8413672050228342,23.0,2.4864864864864864,415a4c62c4721b22c95fcb6cf55ac30139b2850c87e3fb654f85614b869de4a9,"[0.8413672050228342, 0.8067238490330055, 0.8070967110106722]","[902.0, 902.0, 902.0]",,924.0,SVL,TRF,SVL,ok
g05_80.9,rudy,80,1580,923,4,20000,1,cuda:6,ok,0.0,1.8072678610915318,1.8066088820341974,1.8089105879189447,923.0,100.0,5b6fb58e61fa475939767d68a446f97f1bff02c0e5935a3ea8bb51e6515783d8,"[1.8066088820341974, 1.8089105879189447, 1.8072678610915318]","[0.0, 0.0, 0.0]",,ok,923.0,2.338606960955076,2.335070798988454,2.3393632719526067,0.0,0.0,50bba14d9f6966465edc84383a55727b9acc301068c73edeef5b9e6d8d02ee9a,"[2.3393632719526067, 2.335070798988454, 2.338606960955076]","[923.0, 923.0, 923.0]",,ok,899.0,0.7971613539848477,0.7970325220376253,0.7972330349730328,24.0,2.600216684723727,60a1e8f44466067c367a107233029cc0f1768c011d16f0a8aa75cdf7ad235270,"[0.7972330349730328, 0.7971613539848477, 0.7970325220376253]","[899.0, 899.0, 899.0]",,923.0,SVL,TRF,SVL,ok
ising2.5-100_5555,ising,100,4950,2460049,4,20000,1,cuda:6,ok,2422069.0,1.800091762910597,1.798659116961062,1.80576897400897,37980.0,1.5438716871086715,847bf25cccfe65c09a9bfc3f9bca5edf9f29d07ec2f100ae6a9bb182ce8ec809,"[1.80576897400897, 1.800091762910597, 1.798659116961062]","[2422069.0, 2422069.0, 2422069.0]",,ok,369736.0,2.3458066759631038,2.34280005202163,2.3467762330546975,2090313.0,84.97038067127932,46aa245bfd9d77e1f14ce74f26ad867145f74c9a717ab0f23ffb5819dd29f58c,"[2.3458066759631038, 2.3467762330546975, 2.34280005202163]","[369736.0, 117141.0, -143524.0]",,ok,2393622.0,0.8424410029547289,0.8410276429494843,0.8429456939920783,66427.0,2.70023076776113,92c22cb5fa6fa65e672dd04b9da27b5fe9b835cf989f590bb69faf6ed70555ab,"[0.8410276429494843, 0.8424410029547289, 0.8429456939920783]","[2393622.0, 2393622.0, 2393622.0]",,2422069.0,SBM,TRF,SBM,ok
ising2.5-100_6666,ising,100,4950,2031217,4,20000,1,cuda:4,ok,1966781.0,1.9434409809764475,1.9392384289531037,1.944888591999188,64436.0,3.172285383590232,de828e3e46f7c64c40cef72c908cb1ba35bc713e7d4e3546f03451fc8ec462dc,"[1.9392384289531037, 1.9434409809764475, 1.944888591999188]","[1966781.0, 1966781.0, 1966781.0]",,ok,57112.0,2.509957540896721,2.5065414279233664,2.5129319509724155,1974105.0,97.18828662816429,c5156d32b696cf7e7d36c3b054f205c67d746662134509b5711faa21b6977ef0,"[2.5065414279233664, 2.509957540896721, 2.5129319509724155]","[57112.0, -237584.0, -281045.0]",,ok,1873028.0,0.8240730880061164,0.8240200720028952,0.8723181720124558,158189.0,7.787892677148724,b64b8283aa4ca532ae3b3be039f5e2353a9a02ab28a13c0c9acb6bcbf94d3ca2,"[0.8723181720124558, 0.8240200720028952, 0.8240730880061164]","[1873028.0, 1873028.0, 1873028.0]",,1966781.0,SBM,TRF,SBM,ok
ising2.5-100_7777,ising,100,4950,3363230,4,20000,1,cuda:1,ok,3320027.0,1.9235149020096287,1.9162073419429362,1.9257164429873228,43203.0,1.2845687033001014,2a08867422c980894861c36583cb1f69277f9657a31a3574750b345466138769,"[1.9162073419429362, 1.9257164429873228, 1.9235149020096287]","[3320027.0, 3320027.0, 3320027.0]",,ok,881069.0,2.480278834933415,2.4783114939928055,2.4847677900688723,2482161.0,73.80289186288181,ff15f82e9224b78485a7ad457f23d7c424ab2107f57d5337a942c321abd479b4,"[2.480278834933415, 2.4783114939928055, 2.4847677900688723]","[860290.0, 733651.0, 881069.0]",,ok,3327452.0,0.8554915450513363,0.8548082949128002,0.8788932579336688,35778.0,1.0637987886644684,eb7b5d9ea366092eed9ac37a649c7e127c04902194421200b82d5b0dd28d35de,"[0.8788932579336688, 0.8548082949128002, 0.8554915450513363]","[3327452.0, 3327452.0, 3327452.0]",,3327452.0,TRF,TRF,TRF,ok
ising2.5-150_5555,ising,150,11175,4363532,4,20000,1,cuda:2,ok,4335761.0,1.9580407199682668,1.9542180970311165,1.9608685130951926,27771.0,0.6364339713791488,ff509f01b763b18c6c8e543c38616024cd85fb5be8b83cca2af6b36b8fa34743,"[1.9542180970311165, 1.9580407199682668, 1.9608685130951926]","[4335761.0, 4335761.0, 4335761.0]",,ok,1589500.0,2.531953139929101,2.5290431369794533,2.547603318002075,2774032.0,63.573087123000356,7aa2fc0a1ac641caccb6c1aac60e159d4dd7ca1ab3e5a8d55934d0da2cae9857,"[2.5290431369794533, 2.531953139929101, 2.547603318002075]","[1589500.0, 1171987.0, 1182133.0]",,ok,4152029.0,0.887940063024871,0.8867807080969214,0.8902944771107286,211503.0,4.847059675510573,0b7656984d8c1a194982ecebc4556f5087ca6608931c792a44097e8c7de2871f,"[0.8867807080969214, 0.8902944771107286, 0.887940063024871]","[4152029.0, 4152029.0, 4152029.0]",,4335761.0,SBM,TRF,SBM,ok
ising2.5-150_6666,ising,150,11175,4057153,4,20000,1,cuda:5,ok,3975051.0,1.9389622990274802,1.9382921080105007,1.9547064270591363,82102.0,2.0236357859809577,7f92311bfcfe96d4be860186356d84365f6e864860c09a994544bce64b0a267e,"[1.9547064270591363, 1.9389622990274802, 1.9382921080105007]","[3975051.0, 3975051.0, 3975051.0]",,ok,812855.0,2.5035201269201934,2.4989979070378467,2.5117648360319436,3244298.0,79.96489163706669,d5254a02b0d56ee9daaa8df33bd8c5b8066567d92a7a23b71870312ce07da1d9,"[2.4989979070378467, 2.5035201269201934, 2.5117648360319436]","[467179.0, 812855.0, 498840.0]",,ok,3893704.0,0.9037050029728562,0.9015980469994247,0.9348830829840153,163449.0,4.028662463555109,689ebc68b4d2882408f0b10d8ce3721e685c396c0a7cd0a3f9925ff6cef9e4c1,"[0.9348830829840153, 0.9015980469994247, 0.9037050029728562]","[3893704.0, 3893704.0, 3893704.0]",,3975051.0,SBM,TRF,SBM,ok
ising2.5-150_7777,ising,150,11175,4243269,4,20000,1,cuda:0,ok,4195676.0,1.9688284879084677,1.9609019089257345,1.9737704859580845,47593.0,1.1216116630833444,8d3dfefc96238e45ebbca1b1fe64b9f8f068ad2d6a1f3fbae898502a2387c862,"[1.9609019089257345, 1.9737704859580845, 1.9688284879084677]","[4195676.0, 4195676.0, 4195676.0]",,ok,50929.0,2.525767063954845,2.5238650030223653,2.5278844599379227,4192340.0,98.7997697058565,efe9db86e33366195104823318eb4a87bd300e72eea70bfd2372027076e615dc,"[2.525767063954845, 2.5278844599379227, 2.5238650030223653]","[-102640.0, -122295.0, 50929.0]",,ok,4111806.0,0.8905217049177736,0.8865554999792948,0.9046397090423852,131463.0,3.098153805474034,161ff1409c12ad0ef3db09bb09eb5c3ee82340dbfc4e720e24ec658bb84fb1b7,"[0.9046397090423852, 0.8905217049177736, 0.8865554999792948]","[4111806.0, 4111806.0, 4111806.0]",,4195676.0,SBM,TRF,SBM,ok
ising2.5-200_5555,ising,200,19900,6294701,4,20000,1,cuda:3,ok,6246808.0,1.9247828120132908,1.9223124620039016,1.9257288509979844,47893.0,0.7608463054877428,56f500057e5f8a2cf1ca0561d573afae974c3ccf67e1ebcf841793bf1967328b,"[1.9223124620039016, 1.9247828120132908, 1.9257288509979844]","[6246808.0, 6246808.0, 6246808.0]",,ok,984967.0,2.4839119520038366,2.4795301751000807,2.486006302991882,5309734.0,84.35244183957268,661828c436b2812453c87fca96c8ed8b369de53bd893f6b4b75c1e18ad8affa4,"[2.4795301751000807, 2.4839119520038366, 2.486006302991882]","[984967.0, 913715.0, 769562.0]",,ok,5972062.0,0.9636254949728027,0.9623919998994097,1.0259317980380729,322639.0,5.125565138042299,92febd457fa50ac2235c34addc45c709f500b2465e73864c80c0bb990caaef2a,"[1.0259317980380729, 0.9623919998994097, 0.9636254949728027]","[5972062.0, 5972062.0, 5972062.0]",,6246808.0,SBM,TRF,SBM,ok
ising2.5-200_6666,ising,200,19900,6795365,4,20000,1,cuda:7,ok,6749134.0,1.9719596880022436,1.9607442759443074,1.975587208988145,46231.0,0.6803313729284594,df01ddc3ea31562ee47a1488ef3fd58fa8797c1fd5148a12ee9cd64968657aeb,"[1.975587208988145, 1.9719596880022436, 1.9607442759443074]","[6749134.0, 6749134.0, 6749134.0]",,ok,2126065.0,2.534893110045232,2.5310897970339283,2.544831570936367,4669300.0,68.71301247247204,fd2a7a3427fcc27a1ac3643ae4ec8e50940b6cb84a5cc63dcdebc74afc10a4f4,"[2.534893110045232, 2.5310897970339283, 2.544831570936367]","[1956133.0, 1546927.0, 2126065.0]",,ok,6662952.0,0.9606001389911398,0.9604828230803832,0.9786459089955315,132413.0,1.9485781852777593,8fd857d0f836056cd8e068c718c6bf631077722c3695593ebcae88d9f1585655,"[0.9786459089955315, 0.9606001389911398, 0.9604828230803832]","[6662952.0, 6662952.0, 6662952.0]",,6749134.0,SBM,TRF,SBM,ok
ising2.5-200_7777,ising,200,19900,5568272,4,20000,1,cuda:2,ok,5516937.0,1.958528981078416,1.9493193360976875,1.9675330520840362,51335.0,0.9219197625403357,fee01d263c9471920a0fbffc6436f70bb0e4feac43546b57047d88f9e612f556,"[1.9493193360976875, 1.9675330520840362, 1.958528981078416]","[5516937.0, 5516937.0, 5516937.0]",,ok,1186664.0,2.535186755936593,2.5284113769885153,2.5496543690096587,4381608.0,78.68882841930136,7c137cb373d0157b4f5c8bb66399a2c55da0a9c51b6b5c0d24a27c6a1224004d,"[2.5496543690096587, 2.5284113769885153, 2.535186755936593]","[430897.0, 1186664.0, 505749.0]",,ok,5315036.0,0.9549736679764464,0.9525089890230447,0.9865485240006819,253236.0,4.547838180318777,41c40e87c802d1f860c3281200f6654b56a731d0bf6344178feba74fd4134abd,"[0.9865485240006819, 0.9525089890230447, 0.9549736679764464]","[5315036.0, 5315036.0, 5315036.0]",,5516937.0,SBM,TRF,SBM,ok
ising2.5-250_5555,ising,250,31125,7919449,4,20000,1,cuda:0,ok,7850252.0,1.962785848067142,1.9606663140002638,1.9641132518881932,69197.0,0.8737602830701985,f2a733885d88e79532c6fec0a7f25c75ab1a0140ea1bbf0610c3e71e13e258fc,"[1.9606663140002638, 1.9641132518881932, 1.962785848067142]","[7850252.0, 7850252.0, 7850252.0]",,ok,1513214.0,2.5178686599247158,2.5166527869878337,2.5259552330244333,6406235.0,80.89243329933686,d7dd5c050bbae7bf84917ceaacb1110f5e01f3bde635d2faa28db3badb7febd9,"[2.5259552330244333, 2.5166527869878337, 2.5178686599247158]","[594159.0, 1297132.0, 1513214.0]",,ok,7604532.0,1.07089715404436,1.067810813896358,1.0720879170112312,314917.0,3.976501395488499,b47c0587e1098377afc5a81ffd846a0aa4f7f28a75ecb8105652ad56380ee85a,"[1.0720879170112312, 1.07089715404436, 1.067810813896358]","[7604532.0, 7604532.0, 7604532.0]",,7850252.0,SBM,TRF,SBM,ok
ising2.5-250_6666,ising,250,31125,6925717,4,20000,1,cuda:4,ok,6855492.0,1.9403385720215738,1.9381263210671023,1.941392966080457,70225.0,1.0139744375925266,9b664d70495a98475f351e8d74ac59d219c42e67390da15f7eca5266bc8aada3,"[1.9403385720215738, 1.9381263210671023, 1.941392966080457]","[6855492.0, 6855492.0, 6855492.0]",,ok,473178.0,2.510117808007635,2.508375553996302,2.511329910950735,6452539.0,93.167812083572,767bd2b2834a10e2319cc7baac424e554bce75c602f24cb9ca2d3b721454a1ef,"[2.508375553996302, 2.511329910950735, 2.510117808007635]","[473178.0, 101110.0, 253107.0]",,ok,6456698.0,1.0424242210574448,1.0386610799469054,1.0538974509108812,469019.0,6.7721363723062895,ebf9c430bd40cdff1afa35ebdef1138318e4488bb92b8c820548e92d51950119,"[1.0538974509108812, 1.0424242210574448, 1.0386610799469054]","[6456698.0, 6456698.0, 6456698.0]",,6855492.0,SBM,TRF,SBM,ok
ising2.5-250_7777,ising,250,31125,6596797,4,20000,1,cuda:1,ok,6505610.0,1.9382442069472745,1.9259501609485596,1.938600562978536,91187.0,1.3822920426382683,d810720c8a454e93aabab6976e8717cdf25fd360b3b254ee6d867937f952f3c9,"[1.9259501609485596, 1.938600562978536, 1.9382442069472745]","[6505610.0, 6505610.0, 6505610.0]",,ok,389913.0,2.487903621047735,2.484063806012273,2.4924322799779475,6206884.0,94.0893588206519,8446ff6b98e4c8d5862eb48f4e7bf95196eef0a2d3bd6851fb4dd592c487d6c5,"[2.484063806012273, 2.4924322799779475, 2.487903621047735]","[317924.0, 389913.0, 286638.0]",,ok,6280311.0,1.0733453389257193,1.0729227910051122,1.076649161055684,316486.0,4.79757069984115,123150455468c9efd24cdd146e86cc016f0a4eeb059486a2f36b7f925aabd0b5,"[1.076649161055684, 1.0733453389257193, 1.0729227910051122]","[6280311.0, 6280311.0, 6280311.0]",,6505610.0,SBM,TRF,SBM,ok
ising2.5-300_5555,ising,300,44850,8579363,4,20000,1,cuda:2,ok,8458037.0,1.9526443070499226,1.9482298999791965,1.9549270769348368,121326.0,1.4141609347920119,80c47189a24b17ea28a5e28ac510e3fcc63f6942c497d8cf294cc8ffbf61f7cb,"[1.9482298999791965, 1.9549270769348368, 1.9526443070499226]","[8458037.0, 8458037.0, 8458037.0]",,ok,-46882.0,2.533531403983943,2.5320371360285208,2.534061840036884,8626245.0,100.54645082624432,f33401f06a33666e0ca1a44d112498e800fd7517a27bd55eb24884d0574bbeed,"[2.5320371360285208, 2.533531403983943, 2.534061840036884]","[-114121.0, -46882.0, -194440.0]",,ok,8164523.0,1.1105744190281257,1.1103893319377676,1.1144358539022505,414840.0,4.8353240211423625,8ba72d1a9eb88bff6cf6567ed7876d5d7610365b9f4dbd4af31029f9bd57ec8d,"[1.1144358539022505, 1.1103893319377676, 1.1105744190281257]","[8164523.0, 8164523.0, 8164523.0]",,8458037.0,SBM,TRF,SBM,ok
ising2.5-300_6666,ising,300,44850,9102033,4,20000,1,cuda:5,ok,9022379.0,1.9458856250857934,1.9456683360040188,1.949955087970011,79654.0,0.8751231730317831,2a4d22bada51058f3652fbe6be79598f327f58cf540cf9f8001c10eaa1cc9569,"[1.949955087970011, 1.9458856250857934, 1.9456683360040188]","[9022379.0, 9022379.0, 9022379.0]",,ok,734496.0,2.5147341419942677,2.5116965629858896,2.517624926986173,8367537.0,91.93041818239946,70b953acc549f5b301a249a8ad6b1a7978bb4fe2b4ab651dbf91180102307143,"[2.5147341419942677, 2.517624926986173, 2.5116965629858896]","[300768.0, 734496.0, 538938.0]",,ok,8678185.0,1.1106219489593059,1.1100711589679122,1.134738573920913,423848.0,4.6566300078235265,059d0b1add62677b5c131d21559d2a6028a4995a21a297239920aad6ebcab772,"[1.134738573920913, 1.1106219489593059, 1.1100711589679122]","[8678185.0, 8678185.0, 8678185.0]",,9022379.0,SBM,TRF,SBM,ok
ising2.5-300_7777,ising,300,44850,8323804,4,20000,1,cuda:0,ok,8210492.0,1.9568404970923439,1.9510922089684755,1.967715042992495,113312.0,1.3613006745473584,54bdef1a352911f453705f29b68eee3017a5f695b254dfacd06821916f43e1c7,"[1.967715042992495, 1.9568404970923439, 1.9510922089684755]","[8210492.0, 8210492.0, 8210492.0]",,ok,186882.0,2.5244516560342163,2.522472837008536,2.5263186160009354,8136922.0,97.75484862449909,8af5d2b295811db8069a4ab8018df2ab3fcbf762a3590db0e45a7574212dc1aa,"[2.522472837008536, 2.5263186160009354, 2.5244516560342163]","[-37200.0, 186882.0, 93853.0]",,ok,7976828.0,1.1040008519776165,1.1005439930595458,1.1113663379801437,346976.0,4.168478738807401,0f6d6d8b303c6b785ba8524be96b3d668ab49a1698c46a53c02509dc154165e0,"[1.1113663379801437, 1.1040008519776165, 1.1005439930595458]","[7976828.0, 7976828.0, 7976828.0]",,8210492.0,SBM,TRF,SBM,ok
ising3.0-100_5555,ising,100,4950,2448189,4,20000,1,cuda:7,ok,2418587.0,1.9590986920520663,1.956992062041536,1.9616814139299095,29602.0,1.2091386735256142,6fc668970d418ed7a6ccf831c2b29198540e6e056cdda06cb8ac797e5ce7eddc,"[1.9616814139299095, 1.956992062041536, 1.9590986920520663]","[2418587.0, 2418587.0, 2418587.0]",,ok,820581.0,2.5348729320103303,2.5251154330326244,2.5442165200365707,1627608.0,66.48212209106404,4427f7f886c123b8303a8a2de90eb105b7510f3ea85c6b6d28da8223411d716b,"[2.5251154330326244, 2.5348729320103303, 2.5442165200365707]","[176817.0, 820581.0, 98509.0]",,ok,2408512.0,0.8457635400118306,0.8447348000481725,0.8468585830414668,39677.0,1.6206673586067089,22c05255538aeeae49c1fe02669802c66c28f62728c007add505816e2dd9e629,"[0.8447348000481725, 0.8457635400118306, 0.8468585830414668]","[2408512.0, 2408512.0, 2408512.0]",,2418587.0,SBM,TRF,SBM,ok
ising3.0-100_6666,ising,100,4950,1984099,4,20000,1,cuda:2,ok,1947872.0,1.9598025029990822,1.959663357003592,1.9778004130348563,36227.0,1.8258665520218498,c7637f7e5c41400018df170fa743cd435dc33cd4bf37c1b40022bf0438218b3e,"[1.959663357003592, 1.9778004130348563, 1.9598025029990822]","[1947872.0, 1947872.0, 1947872.0]",,ok,-48964.0,2.5328438780270517,2.532653469941579,2.532899201964028,2033063.0,102.46782040613901,304b37a8a0d8cbd75d3bba168fb2e89e23dd6d295d30e91b617cfe896173e3d0,"[2.532653469941579, 2.5328438780270517, 2.532899201964028]","[-416867.0, -48964.0, -566366.0]",,ok,1866458.0,0.8444109089905396,0.8439730529207736,0.8632785200607032,117641.0,5.9291900252961165,428b03b836543a844692b704a96350f2518ae4eaf84a0e4e49355ee41df03fb2,"[0.8632785200607032, 0.8444109089905396, 0.8439730529207736]","[1866458.0, 1866458.0, 1866458.0]",,1947872.0,SBM,TRF,SBM,ok
ising3.0-100_7777,ising,100,4950,3335814,4,20000,1,cuda:3,ok,3293890.0,1.9251245870254934,1.9170164390234277,1.9265868399525061,41924.0,1.2567847008256456,6eeeb5afee2fe13ae4d37c4c6a6e3670b5378b5a16d61a8bd914c8f2b6ebca03,"[1.9170164390234277, 1.9251245870254934, 1.9265868399525061]","[3293890.0, 3293890.0, 3293890.0]",,ok,961548.0,2.4754887350136414,2.473818292026408,2.4821916500804946,2374266.0,71.17501155639972,61398913326bf11d799d92a6753c82152773caf1326579456debe97f9e91c572,"[2.473818292026408, 2.4821916500804946, 2.4754887350136414]","[961548.0, 704094.0, 587038.0]",,ok,3258517.0,0.8471906579798087,0.8469952839659527,0.8736801219638437,77297.0,2.317185550513308,e5b496b412dc6258cb5b8e56f734c82b669532b6c73782fe42a726cc69cbc9e1,"[0.8736801219638437, 0.8471906579798087, 0.8469952839659527]","[3258517.0, 3258517.0, 3258517.0]",,3293890.0,SBM,TRF,SBM,ok
ising3.0-150_5555,ising,150,11175,4279261,4,20000,1,cuda:4,ok,4235614.0,1.9364699200959876,1.9357061479240656,1.939397279988043,43647.0,1.0199658305487793,804bb37f872f61e25d9a1bf61a7b995360a9e182e1a41d16c132933f39970c82,"[1.939397279988043, 1.9357061479240656, 1.9364699200959876]","[4235614.0, 4235614.0, 4235614.0]",,ok,1226245.0,2.508418918005191,2.506932883989066,2.5093802630435675,3053016.0,71.34446812194909,0cec795629ecc1135f8d5452cfd3440f869653533c9553a7ef6121a9f736e34a,"[2.5093802630435675, 2.506932883989066, 2.508418918005191]","[400067.0, 1173674.0, 1226245.0]",,ok,4103520.0,0.8693933080649003,0.8680989519925788,0.8698228360153735,175741.0,4.106807226761817,ce3b4ade59d68a44d292dd96ec37da9a1e9a316abf4f2089b23f4763543aaab2,"[0.8680989519925788, 0.8698228360153735, 0.8693933080649003]","[4103520.0, 4103520.0, 4103520.0]",,4235614.0,SBM,TRF,SBM,ok
ising3.0-150_6666,ising,150,11175,3949317,4,20000,1,cuda:1,ok,3846881.0,1.935111708007753,1.9333626209991053,1.9399677080800757,102436.0,2.5937649472047952,5de87d567e72d6a39defb7cc2fb25b275225e85f4233aa643b48d310973aca14,"[1.935111708007753, 1.9399677080800757, 1.9333626209991053]","[3846881.0, 3846881.0, 3846881.0]",,ok,507870.0,2.482964344089851,2.481460926006548,2.487591420998797,3441447.0,87.14030805833009,fabb20e134fab28b867733050a341dbc2e2d283b86afbfd383ada0813be6a4e4,"[2.481460926006548, 2.487591420998797, 2.482964344089851]","[240394.0, 507870.0, 309445.0]",,ok,3739008.0,0.8985015220241621,0.898361601983197,0.9270021559204906,210309.0,5.325199268633032,675d677b0b4fee9b50b257766d34fcfb910c7d599effb79737352fb97fc80086,"[0.9270021559204906, 0.8985015220241621, 0.898361601983197]","[3739008.0, 3739008.0, 3739008.0]",,3846881.0,SBM,TRF,SBM,ok
ising3.0-150_7777,ising,150,11175,4211158,4,20000,1,cuda:6,ok,4201590.0,1.8067602349910885,1.805386359919794,1.8082538800081238,9568.0,0.22720591343283725,52ef5196c77441a98561ad0ff91a9b3bbf94725d365cc10e42eedea10a41cd2c,"[1.8082538800081238, 1.8067602349910885, 1.805386359919794]","[4201590.0, 4201590.0, 4201590.0]",,ok,782570.0,2.340477979974821,2.3391236340394244,2.3432009080424905,3428588.0,81.41675045201343,cb5a6ac3c9a9131830c595ae693faa75dc08db00f73540e61dcb7bd1abc7797c,"[2.3432009080424905, 2.340477979974821, 2.3391236340394244]","[347923.0, 782570.0, 349274.0]",,ok,4106683.0,0.8880447610281408,0.8867009269306436,0.9010207280516624,104475.0,2.480909051619531,84ec116d559b377d8d0088b428c9458a1bdfc2d555a97c582baacae94a9a3322,"[0.9010207280516624, 0.8867009269306436, 0.8880447610281408]","[4106683.0, 4106683.0, 4106683.0]",,4201590.0,SBM,TRF,SBM,ok
ising3.0-200_5555,ising,200,19900,6215531,4,20000,1,cuda:5,ok,6156179.0,1.9520340720191598,1.9421527630183846,1.9581175310304388,59352.0,0.9548983023333002,26f676b0787e79abf40ea8c65d83685809427e63e3dfffff30f5e65755d92a33,"[1.9421527630183846, 1.9520340720191598, 1.9581175310304388]","[6156179.0, 6156179.0, 6156179.0]",,ok,1178625.0,2.5023762290365994,2.498776471009478,2.517455811961554,5036906.0,81.03742061619513,9cefb37b7cdae21947e6b35967ddee00f51fd3213901bd70a156728691812fc7,"[2.517455811961554, 2.498776471009478, 2.5023762290365994]","[650996.0, 1178625.0, 347517.0]",,ok,5884865.0,0.9419673770898953,0.9413870569551364,0.9437644539866596,330666.0,5.319995990688486,ea68a553dbfd818642045d6046c3906113c4c50e063ea48f99e5d040f0aad141,"[0.9419673770898953, 0.9413870569551364, 0.9437644539866596]","[5884865.0, 5884865.0, 5884865.0]",,6156179.0,SBM,TRF,SBM,ok
ising3.0-200_6666,ising,200,19900,6756263,4,20000,1,cuda:0,ok,6704466.0,1.9724344679852948,1.968789811944589,1.9809010300086811,51797.0,0.7666516238340633,575dbdd7872b048653cec21a2388e3cc9be342fd82f88bb725d2e7b5d6cfa98d,"[1.968789811944589, 1.9724344679852948, 1.9809010300086811]","[6704466.0, 6704466.0, 6704466.0]",,ok,1621104.0,2.5256006049457937,2.521582394023426,2.5312601369805634,5135159.0,76.00590740768972,cb57d0553e4c025184534b970176364543705042e37adf9293682059d6aa04be,"[2.5312601369805634, 2.5256006049457937, 2.521582394023426]","[1621104.0, 1075921.0, 1239457.0]",,ok,6565420.0,0.9357027449877933,0.9355556890368462,0.9664518790086731,190843.0,2.8246828165215003,83938abc7395c0b2023147fde4f633751ef301bcf48b944138347426c8ac7c9b,"[0.9664518790086731, 0.9357027449877933, 0.9355556890368462]","[6565420.0, 6565420.0, 6565420.0]",,6704466.0,SBM,TRF,SBM,ok
ising3.0-200_7777,ising,200,19900,5560824,4,20000,1,cuda:4,ok,5517190.0,1.9360282650450245,1.9344280989607796,1.9362747069681063,43634.0,0.7846678837524799,bd859b74425cbf01bf3d60a29eab5796ef90aa0a6ab0737a7fc54b1d5c092bb0,"[1.9344280989607796, 1.9362747069681063, 1.9360282650450245]","[5517190.0, 5517190.0, 5517190.0]",,ok,483319.0,2.505234766053036,2.5044223619624972,2.511531246942468,5077505.0,91.30850032297371,cc2676d4635226f251c8b9f483747ede4f136f60cd4e678e3184668ac1405c63,"[2.511531246942468, 2.505234766053036, 2.5044223619624972]","[483319.0, -190194.0, 384952.0]",,ok,5317678.0,0.9064560289261863,0.9061501029646024,0.9439656849717721,243146.0,4.372481488354963,5dea3b7481a6d4110c21650fce5ed119bf8e4df4b963897195e12994245ffe3a,"[0.9439656849717721, 0.9064560289261863, 0.9061501029646024]","[5317678.0, 5317678.0, 5317678.0]",,5517190.0,SBM,TRF,SBM,ok
ising3.0-250_5555,ising,250,31125,7823791,4,20000,1,cuda:6,ok,7724910.0,1.8044018120272085,1.8014992279931903,1.8062652400694788,98881.0,1.2638502229929198,9674a293ee9496a1fc8e1e7ac60a334e71e98ca501e9560ca7538233fab1634d,"[1.8062652400694788, 1.8044018120272085, 1.8014992279931903]","[7724910.0, 7724910.0, 7724910.0]",,ok,1768889.0,2.346012589056045,2.3387016240740195,2.3482091049663723,6054902.0,77.39089656152625,d34f6504d3924acf2555789a345ceda49e79c4c64e88d04fda3052ab1e613dac,"[2.346012589056045, 2.3387016240740195, 2.3482091049663723]","[1768889.0, 1256801.0, 1480302.0]",,ok,7562845.0,1.0049035259289667,1.0048739450285211,1.0051009140443057,260946.0,3.3352884809934213,0f478cbdb631b1436fc38838ae63edbb47767c663f83390338eab18de2eada0f,"[1.0051009140443057, 1.0048739450285211, 1.0049035259289667]","[7562845.0, 7562845.0, 7562845.0]",,7724910.0,SBM,TRF,SBM,ok
ising3.0-250_6666,ising,250,31125,6903351,4,20000,1,cuda:3,ok,6787166.0,1.9269471659790725,1.9267407269217074,1.9269936019554734,116185.0,1.6830232158266325,49e3399c64171fda945d33e05c799c173da5d742f71ca0f9bc8b11398045c2d6,"[1.9269471659790725, 1.9267407269217074, 1.9269936019554734]","[6787166.0, 6787166.0, 6787166.0]",,ok,304505.0,2.479224650072865,2.4772205819608644,2.4819565849611536,6598846.0,95.58902625695839,5c2afcbcb588b7a5562f95d11534bfca44d05f5ce63ac46dd0f553554b8eeb00,"[2.479224650072865, 2.4772205819608644, 2.4819565849611536]","[93350.0, 304505.0, 111692.0]",,ok,6677581.0,1.011977705056779,1.0111919100163504,1.0385275069857016,225770.0,3.2704406888770396,adaa4e96244a198e52a6f97c7670b07f2743a70cf9be87b113d78c96e97a6b6b,"[1.0385275069857016, 1.011977705056779, 1.0111919100163504]","[6677581.0, 6677581.0, 6677581.0]",,6787166.0,SBM,TRF,SBM,ok
ising3.0-250_7777,ising,250,31125,6418276,4,20000,1,cuda:7,ok,6330554.0,1.9589448230108246,1.954977435991168,1.9669713119510561,87722.0,1.3667533150646685,9edd92ffca53d941338e522a87ab78dd13ebe14f93a42afd1383434d53943ce5,"[1.9589448230108246, 1.9669713119510561, 1.954977435991168]","[6330554.0, 6330554.0, 6330554.0]",,ok,1116860.0,2.5331138259498402,2.528644678997807,2.5467492460738868,5301416.0,82.59875393329922,d5dab6baa76503fd26f104aaf3a349a92b52a5d854162c3b5835e33d910d6a07,"[2.5467492460738868, 2.528644678997807, 2.5331138259498402]","[643375.0, 1116860.0, 618931.0]",,ok,6063562.0,1.0093604909488931,1.0070580759784207,1.0193892900133505,354714.0,5.526624283530344,4b3c3222c60abbc6dbab44c8448d51ef6552efbb6c287cdeb5ab7e0867169173,"[1.0193892900133505, 1.0070580759784207, 1.0093604909488931]","[6063562.0, 6063562.0, 6063562.0]",,6330554.0,SBM,TRF,SBM,ok
ising3.0-300_5555,ising,300,44850,8493173,4,20000,1,cuda:6,ok,8405252.0,1.804974350030534,1.8015436100540683,1.8058777990518138,87921.0,1.0351961510733385,432b0b07a5b2fd046892d0e5da8c5e96740c3894f670203879ce1e9cc141f76a,"[1.804974350030534, 1.8058777990518138, 1.8015436100540683]","[8405252.0, 8405252.0, 8405252.0]",,ok,871870.0,2.3473590440116823,2.3444165949476883,2.3484940639464185,7621303.0,89.73446084284402,a98149c19749bd96626a8d5f83970116ae557aae306de846e8cdc5f31120f6fe,"[2.3484940639464185, 2.3444165949476883, 2.3473590440116823]","[260729.0, -387127.0, 871870.0]",,ok,8118825.0,1.0109893470071256,1.0100600499426946,1.0350736860418692,374348.0,4.407634225748139,a006ef8341a7cfd4e1941449587b162f31e7635acd74cf3abac86baded91013b,"[1.0350736860418692, 1.0109893470071256, 1.0100600499426946]","[8118825.0, 8118825.0, 8118825.0]",,8405252.0,SBM,TRF,SBM,ok
ising3.0-300_6666,ising,300,44850,8915110,4,20000,1,cuda:4,ok,8807212.0,1.9386729859979823,1.9383826120756567,1.9462903899839148,107898.0,1.2102823184458744,700d8d9c0640659b398dc14ced322da732d9e827838da22bdec91d746e93c41f,"[1.9462903899839148, 1.9386729859979823, 1.9383826120756567]","[8807212.0, 8807212.0, 8807212.0]",,ok,710774.0,2.517907359986566,2.511343646910973,2.5185109690064564,8204336.0,92.02731093615222,69e41f30ed1594f2015085f22c5955217762d95ffad1c8ad6fb0dc7782deddb5,"[2.511343646910973, 2.517907359986566, 2.5185109690064564]","[710774.0, 134875.0, 692708.0]",,ok,8661709.0,0.9827683159383014,0.9826040329644457,1.024893348920159,253401.0,2.84237659434376,bb1700272cf8ef925dd58fd4deab23a650ea480e9309614f402e747ade8df2b2,"[1.024893348920159, 0.9826040329644457, 0.9827683159383014]","[8661709.0, 8661709.0, 8661709.0]",,8807212.0,SBM,TRF,SBM,ok
ising3.0-300_7777,ising,300,44850,8242904,4,20000,1,cuda:1,ok,8151565.0,1.9332527769729495,1.9293994300533086,1.9356531989760697,91339.0,1.108092487793137,8e37ce69803d58bb4b4c41e0f9644e5f0eda54bf470455c3d5c19bcdf7543a27,"[1.9293994300533086, 1.9332527769729495, 1.9356531989760697]","[8151565.0, 8151565.0, 8151565.0]",,ok,474800.0,2.486488266964443,2.486058420035988,2.4887584319803864,7768104.0,94.23989409557602,21472496b9c6be1c1fed292cfbfd7078adb7afd023a16cc4ea13f645f362f9ac,"[2.4887584319803864, 2.486058420035988, 2.486488266964443]","[474800.0, 373870.0, 302937.0]",,ok,7948255.0,1.010015630046837,1.0099791799439117,1.0412752650445327,294649.0,3.5745776003214402,2fbe960050708801e2973223c08be088e30b26e0b8b5d3b384d5c00c743a651d,"[1.0412752650445327, 1.0099791799439117, 1.010015630046837]","[7948255.0, 7948255.0, 7948255.0]",,8151565.0,SBM,TRF,SBM,ok
pm1d_100.0,rudy,100,4901,340,4,20000,1,cuda:7,ok,340.0,1.9564344139071181,1.9518044599099085,1.9569252030923963,0.0,0.0,b2cc742667ee32e89857db86733275a4c66479f5b2e8f9d4b88268092741e536,"[1.9518044599099085, 1.9569252030923963, 1.9564344139071181]","[340.0, 340.0, 340.0]",,ok,340.0,2.531407176051289,2.5266216319287196,2.546858538989909,0.0,0.0,b2cc742667ee32e89857db86733275a4c66479f5b2e8f9d4b88268092741e536,"[2.546858538989909, 2.531407176051289, 2.5266216319287196]","[340.0, 340.0, 340.0]",,ok,271.0,0.856736793066375,0.8558914279565215,0.8873386619379744,69.0,20.294117647058822,880bc023f5cef42b4a5b934cf44c1d4734608d66714a19b5c08689ce0e20e166,"[0.8873386619379744, 0.8558914279565215, 0.856736793066375]","[271.0, 271.0, 271.0]",,340.0,SBM|SVL,TRF,SBM,ok
pm1d_100.1,rudy,100,4901,324,4,20000,1,cuda:3,ok,324.0,1.919298390042968,1.915621169959195,1.9245195370167494,0.0,0.0,a3e79c709b53652ce21b0a6ee175d49ebe579d4a8eabb6836fbf11352f4141f2,"[1.915621169959195, 1.9245195370167494, 1.919298390042968]","[324.0, 324.0, 324.0]",,ok,324.0,2.4796961629763246,2.479480803012848,2.484767396003008,0.0,0.0,bb8d1db78626eec2e29db945e79f85f07966a1cd74b77d7228a4aa733a081bbe,"[2.4796961629763246, 2.484767396003008, 2.479480803012848]","[324.0, 324.0, 324.0]",,ok,288.0,0.8846426079981029,0.8839330790797248,0.904908923082985,36.0,11.11111111111111,3501a6f9ff13ab386bc8298e6c669513412287025828909de74890a24e1162ac,"[0.904908923082985, 0.8839330790797248, 0.8846426079981029]","[288.0, 288.0, 288.0]",,324.0,SBM|SVL,TRF,SBM,ok
pm1d_100.2,rudy,100,4901,389,4,20000,1,cuda:2,ok,388.0,1.9629974820418283,1.9571109300013632,1.9658265579491854,1.0,0.2570694087403599,6207a9f153fea92536552e19c541438c812735f43bec967ac4ca65e693bfa305,"[1.9571109300013632, 1.9658265579491854, 1.9629974820418283]","[388.0, 388.0, 388.0]",,ok,387.0,2.5261894500581548,2.526174706988968,2.5452008489519358,2.0,0.5141388174807198,feb7ea19b77ee7360fcb7de811db47c03bbd6b042e6ba1082c4829c12b0654ac,"[2.526174706988968, 2.5261894500581548, 2.5452008489519358]","[387.0, 387.0, 387.0]",,ok,328.0,0.8554213619790971,0.8548460530582815,0.8559503640281036,61.0,15.681233933161954,9727397073b9178a57229ec020bf83b8c73c669cb8b14bf113667bdb09f37625,"[0.8554213619790971, 0.8548460530582815, 0.8559503640281036]","[328.0, 328.0, 328.0]",,388.0,SBM,TRF,SBM,ok
pm1d_100.3,rudy,100,4901,400,4,20000,1,cuda:5,ok,400.0,1.9499472370371222,1.9437966669211164,1.9516668169526383,0.0,0.0,72e2b2c06511e99c689afd28e857b52779d7f570b0756615c91b47211cedd0ca,"[1.9516668169526383, 1.9499472370371222, 1.9437966669211164]","[400.0, 400.0, 400.0]",,ok,400.0,2.4996162159368396,2.496368117048405,2.5135338250547647,0.0,0.0,72e2b2c06511e99c689afd28e857b52779d7f570b0756615c91b47211cedd0ca,"[2.496368117048405, 2.4996162159368396, 2.5135338250547647]","[400.0, 400.0, 400.0]",,ok,347.0,0.8660364740062505,0.8657386670820415,0.9115108799887821,53.0,13.25,81e21cd5e37b4d5ecc30fb40ffc2c9ccb8d4a8fe377f9ca6e9e8cbbd86d55c55,"[0.9115108799887821, 0.8660364740062505, 0.8657386670820415]","[347.0, 347.0, 347.0]",,400.0,SBM|SVL,TRF,SBM,ok
pm1d_100.4,rudy,100,4901,363,4,20000,1,cuda:0,ok,363.0,1.9675866389879957,1.95816120703239,1.972449197084643,0.0,0.0,4ba34eac4147f638856711f18b60dc60d56ba5c8bced51aeb8b247c46ec53051,"[1.95816120703239, 1.972449197084643, 1.9675866389879957]","[363.0, 363.0, 363.0]",,ok,358.0,2.5237535779597238,2.5186436269432306,2.5238059930270538,5.0,1.3774104683195592,1ffd1a06e154720382d7d9ab0da9bef7b350b8ce017168da48481713b3ef7493,"[2.5237535779597238, 2.5186436269432306, 2.5238059930270538]","[358.0, 358.0, 358.0]",,ok,313.0,0.856431037071161,0.8562056809896603,0.9054071280406788,50.0,13.774104683195592,678ee55e933cc7f7f35a0121cd45a520d38169fdbe526843e8a1a2f5c85491f2,"[0.9054071280406788, 0.8562056809896603, 0.856431037071161]","[313.0, 313.0, 313.0]",,363.0,SBM,TRF,SBM,ok
pm1d_100.5,rudy,100,4901,441,4,20000,1,cuda:6,ok,441.0,1.8015512499259785,1.7994158799992874,1.8063903140136972,0.0,0.0,3fbca4dfd1985d0608984a936a88cc5cf338d0feb61e07f3ffdec50b74ed8fbc,"[1.8063903140136972, 1.8015512499259785, 1.7994158799992874]","[441.0, 441.0, 441.0]",,ok,438.0,2.3475557680940256,2.3388285079272464,2.3525747179519385,3.0,0.6802721088435374,f5aaa6f9083e8cc74eff06609d0aad9ab16e6206295a0e4614c5c15882cfbf53,"[2.3388285079272464, 2.3475557680940256, 2.3525747179519385]","[438.0, 438.0, 438.0]",,ok,403.0,0.8524282569997013,0.8518547719577327,0.8540276549756527,38.0,8.616780045351474,f7b4d946b740cc53e84f4b0d9bee4511375064ae42e6df59eab86344053546fe,"[0.8540276549756527, 0.8524282569997013, 0.8518547719577327]","[403.0, 403.0, 403.0]",,441.0,SBM,TRF,SBM,ok
pm1d_100.6,rudy,100,4901,367,4,20000,1,cuda:4,ok,367.0,1.9422570980386809,1.9410271790111437,1.9443864219356328,0.0,0.0,8a2d67b8a50703a02b5712b0557398c2fb4fa27b087bd78db8800d98634f5d40,"[1.9422570980386809, 1.9443864219356328, 1.9410271790111437]","[367.0, 367.0, 367.0]",,ok,366.0,2.5099588569719344,2.5097336230101064,2.5164527730084956,1.0,0.2724795640326976,2f21ef6deab85859ecfd99e67b459a50dc9bdd3739d613fed0d80dde1eeac354,"[2.5099588569719344, 2.5097336230101064, 2.5164527730084956]","[366.0, 366.0, 366.0]",,ok,318.0,0.8352329719346017,0.8345321050146595,0.8708586900029331,49.0,13.35149863760218,42b32c8b8c1c47bf1022336726794f092c485c7136ab6730b3f2ef0727846a54,"[0.8708586900029331, 0.8352329719346017, 0.8345321050146595]","[318.0, 318.0, 318.0]",,367.0,SBM,TRF,SBM,ok
pm1d_100.7,rudy,100,4901,361,4,20000,1,cuda:1,ok,361.0,1.9276447290321812,1.925111019052565,1.9342966809635982,0.0,0.0,26b981586056fcf14e5a6d2b12dae6eef456c3c6afe017c3161c7f6e94854d87,"[1.925111019052565, 1.9276447290321812, 1.9342966809635982]","[361.0, 361.0, 361.0]",,ok,361.0,2.4795204299734905,2.4773595560109243,2.481462940108031,0.0,0.0,7f4f19d89f977538340a30011cd9334a0785681d84e04d9de47fdddfdcbaf5f9,"[2.4795204299734905, 2.4773595560109243, 2.481462940108031]","[361.0, 361.0, 361.0]",,ok,310.0,0.8755048109451309,0.8651376379420981,0.8824303690344095,51.0,14.12742382271468,894246b7ec2c2a8f2c102b2f69d88845b201e83f9c49e344721aec6d2adae413,"[0.8824303690344095, 0.8755048109451309, 0.8651376379420981]","[310.0, 310.0, 310.0]",,361.0,SBM|SVL,TRF,SBM,ok
pm1d_100.8,rudy,100,4901,385,4,20000,1,cuda:7,ok,385.0,1.9513415180845186,1.9480864969082177,1.9684358629165217,0.0,0.0,dfa422af8f7ec7ce38dcd16c73c90f9680995474ec549bf9135fcf5f38fdec6f,"[1.9480864969082177, 1.9684358629165217, 1.9513415180845186]","[385.0, 385.0, 385.0]",,ok,385.0,2.5386057040886953,2.530851443996653,2.5437410860322416,0.0,0.0,30deb48c70ac10c5942f0d9ece76ad922b29e35a121fe21cf23ff8e976581fea,"[2.530851443996653, 2.5437410860322416, 2.5386057040886953]","[385.0, 385.0, 385.0]",,ok,313.0,0.859791281982325,0.8594701050315052,0.8599115299293771,72.0,18.7012987012987,2d84904253ad28f7fe863a726ce162415cc1f85fcf309f2e0edcce58e4557a63,"[0.8594701050315052, 0.859791281982325, 0.8599115299293771]","[313.0, 313.0, 313.0]",,385.0,SBM|SVL,TRF,SBM,ok
pm1d_100.9,rudy,100,4901,405,4,20000,1,cuda:3,ok,405.0,1.9187891869805753,1.9170989940175787,1.9230750639690086,0.0,0.0,35f25831cb3b4236173f0b6ea726f73f73cc3e8cb188c640afcb253d5042b12a,"[1.9187891869805753, 1.9170989940175787, 1.9230750639690086]","[405.0, 405.0, 405.0]",,ok,404.0,2.4815363850211725,2.4747410159325227,2.485567111056298,1.0,0.24691358024691357,82c0f9d24d58804d892e44ea01024d525a2332df2a4f490f7e39d8ae99f71c38,"[2.4815363850211725, 2.4747410159325227, 2.485567111056298]","[404.0, 404.0, 404.0]",,ok,352.0,0.8595420329365879,0.8584717710036784,0.8780472630169243,53.0,13.08641975308642,fa184ac68076861db322324c05d8ba8c402a741be1c47022348f8bf329f45779,"[0.8780472630169243, 0.8595420329365879, 0.8584717710036784]","[352.0, 352.0, 352.0]",,405.0,SBM,TRF,SBM,ok
pm1d_80.0,rudy,80,3128,227,4,20000,1,cuda:2,ok,227.0,1.9678231299621984,1.9650680830236524,1.9695488469442353,0.0,0.0,881bb36434b798f307bcaade9eff5d3cd47b7c4bcb41d258b38ec6d2ff922733,"[1.9650680830236524, 1.9678231299621984, 1.9695488469442353]","[227.0, 227.0, 227.0]",,ok,225.0,2.529744622996077,2.528462679940276,2.5471663150237873,2.0,0.8810572687224669,df137338e3b81c728d8be8e31fb175fbcf9f4c98354ca2d6cd77bf4f34677541,"[2.5471663150237873, 2.528462679940276, 2.529744622996077]","[225.0, 225.0, 225.0]",,ok,165.0,0.8115361970849335,0.8109415299259126,0.8470625510672107,62.0,27.312775330396477,b1a047430c54a44159277897a415e2381cbdae91517c9acb5b0663f318894c47,"[0.8470625510672107, 0.8115361970849335, 0.8109415299259126]","[165.0, 165.0, 165.0]",,227.0,SBM,TRF,SBM,ok
pm1d_80.1,rudy,80,3128,245,4,20000,1,cuda:3,ok,245.0,1.9215579780284315,1.9188712849281728,1.9276907400926575,0.0,0.0,25aad4aa377b9d7f1c208749f687b6489a415e7f7688d301d3fbc5fb1108fb07,"[1.9188712849281728, 1.9215579780284315, 1.9276907400926575]","[245.0, 245.0, 245.0]",,ok,243.0,2.4780947719700634,2.4771178549854085,2.488957165973261,2.0,0.8163265306122449,9093e231ab2818000a8177f82441f1cedc55239c05cf2ec94e41b71a96417d97,"[2.4780947719700634, 2.488957165973261, 2.4771178549854085]","[243.0, 243.0, 243.0]",,ok,211.0,0.8218747680075467,0.8208115249872208,0.8720106050604954,34.0,13.877551020408163,fcbd856f6cb5071c47dbc5be5ad8dd7cbec49907cc77b496b51cd0c5abb23bb5,"[0.8720106050604954, 0.8218747680075467, 0.8208115249872208]","[211.0, 211.0, 211.0]",,245.0,SBM,TRF,SBM,ok
pm1d_80.2,rudy,80,3128,284,4,20000,1,cuda:5,ok,284.0,1.9508117779623717,1.942815312067978,1.9524785400135443,0.0,0.0,85aec1862e6f38e2988f18db89dcb4bd6bdbe523ad4c43d99f3de3265399951e,"[1.9524785400135443, 1.9508117779623717, 1.942815312067978]","[284.0, 284.0, 284.0]",,ok,284.0,2.504247957956977,2.49645406100899,2.5072729609673843,0.0,0.0,955ca48786f05b77f3179bc89965832373a700e0b79d1a72ef98667958637f60,"[2.504247957956977, 2.5072729609673843, 2.49645406100899]","[284.0, 284.0, 284.0]",,ok,246.0,0.8234692270634696,0.8233446170343086,0.8240447780117393,38.0,13.380281690140846,8ad18403db2da0ee9ba89abe038bf3b0d062a104de6e44550559d71d75b97ae4,"[0.8233446170343086, 0.8234692270634696, 0.8240447780117393]","[246.0, 246.0, 246.0]",,284.0,SBM|SVL,TRF,SBM,ok
pm1d_80.3,rudy,80,3128,291,4,20000,1,cuda:0,ok,291.0,1.9791986210038885,1.9688490299740806,1.990118351066485,0.0,0.0,9a5e8b5e218ad19e650631410f2700f2a4108adcdaf0d5cb029bbed5ed15805f,"[1.990118351066485, 1.9791986210038885, 1.9688490299740806]","[291.0, 291.0, 291.0]",,ok,291.0,2.52182653802447,2.5191199069377035,2.521989263012074,0.0,0.0,9a5e8b5e218ad19e650631410f2700f2a4108adcdaf0d5cb029bbed5ed15805f,"[2.521989263012074, 2.52182653802447, 2.5191199069377035]","[291.0, 291.0, 291.0]",,ok,247.0,0.8108912120806053,0.8104152199812233,0.8429745549801737,44.0,15.120274914089347,a6f3467a0d1d303bf44e75883e2dc5d1a7eea4d28c5f04cd0e32d0af52e2dca6,"[0.8429745549801737, 0.8108912120806053, 0.8104152199812233]","[247.0, 247.0, 247.0]",,291.0,SBM|SVL,TRF,SBM,ok
pm1d_80.4,rudy,80,3128,251,4,20000,1,cuda:4,ok,251.0,1.9381831550272182,1.937176818959415,1.9421543539501727,0.0,0.0,92453bad21b9522e5470be7811c38924a51aca6e928a110328c0e74278204b12,"[1.937176818959415, 1.9381831550272182, 1.9421543539501727]","[251.0, 251.0, 251.0]",,ok,247.0,2.509015696006827,2.5067805090220645,2.515987968072295,4.0,1.593625498007968,b044329942674ab6632622f723f71b6eb47cf9c6d0ad688fea1a23fc1a32a32d,"[2.5067805090220645, 2.515987968072295, 2.509015696006827]","[247.0, 247.0, 247.0]",,ok,203.0,0.7938473899848759,0.7929597559850663,0.8438691979972646,48.0,19.12350597609562,c09becf83a166517bc065984dfbdc1b3d2acff2ed56f617240fe656d51a4b310,"[0.8438691979972646, 0.7938473899848759, 0.7929597559850663]","[203.0, 203.0, 203.0]",,251.0,SBM,TRF,SBM,ok
pm1d_80.5,rudy,80,3128,242,4,20000,1,cuda:6,ok,242.0,1.7991557189961895,1.7981746640289202,1.803832996985875,0.0,0.0,a51834baac32bede7bd91dc80cf58e8dbfecbe0f0f35c0fe31a82a86e1afb7a3,"[1.803832996985875, 1.7991557189961895, 1.7981746640289202]","[242.0, 242.0, 242.0]",,ok,242.0,2.3450172970769927,2.3402362369233742,2.3453509549144655,0.0,0.0,a51834baac32bede7bd91dc80cf58e8dbfecbe0f0f35c0fe31a82a86e1afb7a3,"[2.3450172970769927, 2.3402362369233742, 2.3453509549144655]","[242.0, 242.0, 242.0]",,ok,208.0,0.810524795902893,0.809746885090135,0.846537476987578,34.0,14.049586776859504,c5921b39da687d1439198eed45c7ffa2213eb048b8d6af09a0e3549f9cd513cd,"[0.846537476987578, 0.809746885090135, 0.810524795902893]","[208.0, 208.0, 208.0]",,242.0,SBM|SVL,TRF,SBM,ok
pm1d_80.6,rudy,80,3128,205,4,20000,1,cuda:7,ok,205.0,1.9588808509288356,1.946368487086147,1.9637768618995324,0.0,0.0,b39429cc69995717582aa53b5fb661d3c791d714f3d2c00332893ace8323f734,"[1.946368487086147, 1.9637768618995324, 1.9588808509288356]","[205.0, 205.0, 205.0]",,ok,205.0,2.531504294020124,2.5310829469235614,2.5361700769281015,0.0,0.0,f6611223ea86160c7dfd62fc5a10db1c06a4c262baaec57378d9b5294c78cb2a,"[2.5361700769281015, 2.531504294020124, 2.5310829469235614]","[205.0, 205.0, 205.0]",,ok,160.0,0.8176918410463259,0.8169751529349014,0.8516472510527819,45.0,21.951219512195124,c98806b5d032199fcb510247cfc36e0bf4bfdb9683405da7ab4e314295e3c4a6,"[0.8516472510527819, 0.8169751529349014, 0.8176918410463259]","[160.0, 160.0, 160.0]",,205.0,SBM|SVL,TRF,SBM,ok
pm1d_80.7,rudy,80,3128,249,4,20000,1,cuda:1,ok,249.0,1.9257680550217628,1.9169503099983558,1.9287894880399108,0.0,0.0,6df14b39a64126801b6986d7f52602160ff5b08e77a92b4009cf0fc82b65f545,"[1.9169503099983558, 1.9287894880399108, 1.9257680550217628]","[249.0, 249.0, 249.0]",,ok,249.0,2.4830223029712215,2.480543615994975,2.486588678904809,0.0,0.0,95f2b68dedc0a4a8ad5638e33ef74aa6b63de0b65f2095a0455e906be39ff374,"[2.486588678904809, 2.480543615994975, 2.4830223029712215]","[249.0, 249.0, 249.0]",,ok,210.0,0.8199669760651886,0.8195288350107148,0.8438597299391404,39.0,15.662650602409638,7938d22815d2b3149bc66753ce3afa7f1403cdd7020d8791d1eec4f1b626c130,"[0.8438597299391404, 0.8199669760651886, 0.8195288350107148]","[210.0, 210.0, 210.0]",,249.0,SBM|SVL,TRF,SBM,ok
pm1d_80.8,rudy,80,3128,293,4,20000,1,cuda:2,ok,293.0,1.962663553073071,1.9423453659983352,1.9645070630358532,0.0,0.0,6043a2a49829ac99679278d873176960e77ae641dfaee1c267fc3de82f3d67f9,"[1.9423453659983352, 1.962663553073071, 1.9645070630358532]","[293.0, 293.0, 293.0]",,ok,293.0,2.531684599001892,2.5281170269008726,2.5390149960294366,0.0,0.0,3a1457e93f819683bcded41f7b567e3460ddae14f294448aa6ecaf26e613c669,"[2.531684599001892, 2.5390149960294366, 2.5281170269008726]","[293.0, 293.0, 293.0]",,ok,249.0,0.8216430429602042,0.8213859139941633,0.8228641980094835,44.0,15.017064846416382,7b72909ddd295a40db971c95442a2abe85f157788ac9309bb0d16be50256aa99,"[0.8228641980094835, 0.8216430429602042, 0.8213859139941633]","[249.0, 249.0, 249.0]",,293.0,SBM|SVL,TRF,SBM,ok
pm1d_80.9,rudy,80,3128,258,4,20000,1,cuda:3,ok,258.0,1.9227250340627506,1.9222068809904158,1.9246300499653444,0.0,0.0,be8882bb93d3be7981feb53018ba711af21e6269bd0c9e262669788b7fd50b8e,"[1.9227250340627506, 1.9222068809904158, 1.9246300499653444]","[258.0, 258.0, 258.0]",,ok,258.0,2.4816098629962653,2.476135615957901,2.486724390066229,0.0,0.0,b757da5effa9d767ab46417a23e732fa20e7ca6867b3be13a0c08b590645cd86,"[2.4816098629962653, 2.476135615957901, 2.486724390066229]","[258.0, 258.0, 258.0]",,ok,222.0,0.8227133239852265,0.8219634060515091,0.8625062389764935,36.0,13.953488372093023,cc2a789b49ec11a0c13895d0fcf379252010abc78fff2aeb923bfc5525997ff3,"[0.8625062389764935, 0.8219634060515091, 0.8227133239852265]","[222.0, 222.0, 222.0]",,258.0,SBM|SVL,TRF,SBM,ok
pm1s_100.0,rudy,100,495,127,4,20000,1,cuda:2,ok,127.0,1.9594981910195202,1.9589399859542027,1.9676092950394377,0.0,0.0,2fa3d7280d4ee1588cd7e5ed5ac46ad9f25deb5000784567e94e11d4003ea476,"[1.9676092950394377, 1.9594981910195202, 1.9589399859542027]","[127.0, 127.0, 127.0]",,ok,127.0,2.5277777729788795,2.5259696639841422,2.5390018119942397,0.0,0.0,ac71fb7ee4c37eb8516d1ea0ae8d24f140aa08f04d5445794887a50ce9f25a69,"[2.5277777729788795, 2.5390018119942397, 2.5259696639841422]","[127.0, 127.0, 127.0]",,ok,109.0,0.8216596558922902,0.8186191250570118,0.8378892178880051,18.0,14.173228346456693,081f29264c0917a8f0430b55aaf103c29e055d036603dade313af1e89d3a72ce,"[0.8378892178880051, 0.8186191250570118, 0.8216596558922902]","[109.0, 109.0, 109.0]",,127.0,SBM|SVL,TRF,SBM,ok
pm1s_100.1,rudy,100,495,126,4,20000,1,cuda:5,ok,126.0,1.93586145399604,1.9348429510137066,1.939978291047737,0.0,0.0,1666965a099e331f6fa9859d97231eb1b6a7042ede55ee383ca0a9f10830a2e1,"[1.93586145399604, 1.939978291047737, 1.9348429510137066]","[126.0, 126.0, 126.0]",,ok,126.0,2.498520451015793,2.4941592040704563,2.517697053961456,0.0,0.0,b32d1b233dad078a2b574d8113aa55c5e4a19a0e96575d5d23561e3baf0b54da,"[2.517697053961456, 2.498520451015793, 2.4941592040704563]","[126.0, 126.0, 126.0]",,ok,117.0,0.8384925950085744,0.8377952938899398,0.8413844549795613,9.0,7.142857142857143,4dc6689ad41b7a54153e244f4cd509816120f7cacb071b1218e9bdea92d6e491,"[0.8384925950085744, 0.8413844549795613, 0.8377952938899398]","[117.0, 117.0, 117.0]",,126.0,SBM|SVL,TRF,SBM,ok
pm1s_100.2,rudy,100,495,125,4,20000,1,cuda:0,ok,125.0,1.9728102559456602,1.9697756340028718,1.977297705016099,0.0,0.0,17ef59cc05359235ae659f7f65aba6445c86a65a9b6036bf13ccb4bbfdc8f2aa,"[1.977297705016099, 1.9697756340028718, 1.9728102559456602]","[125.0, 125.0, 125.0]",,ok,125.0,2.5204203210305423,2.513964141951874,2.5317914090119302,0.0,0.0,40a80d00dc536bc144b670a6d497955a1c73c5aba53d89dd0ac103bebab99d07,"[2.5317914090119302, 2.5204203210305423, 2.513964141951874]","[125.0, 125.0, 125.0]",,ok,116.0,0.8455575429834425,0.8375289539108053,0.8527876570587978,9.0,7.2,9974dfe8721e823c4f1617b5dc16bfc1d1ebc3eab3c1a12f02d3102708d7b94a,"[0.8527876570587978, 0.8455575429834425, 0.8375289539108053]","[116.0, 116.0, 116.0]",,125.0,SBM|SVL,TRF,SBM,ok
pm1s_100.3,rudy,100,495,111,4,20000,1,cuda:6,ok,111.0,1.7991926340619102,1.7984667100245133,1.8021692490438,0.0,0.0,e5edc1c7d54a368f8e0e87da33d0258db9c6f88481323f9e84ee4217520686cf,"[1.7984667100245133, 1.8021692490438, 1.7991926340619102]","[111.0, 111.0, 111.0]",,ok,111.0,2.3444774609524757,2.3417066279798746,2.3452903190627694,0.0,0.0,dea07c74d3c8cee109277c7d292715953096983ad54878d9686374341c92fbae,"[2.3452903190627694, 2.3417066279798746, 2.3444774609524757]","[111.0, 111.0, 111.0]",,ok,103.0,0.8205534270964563,0.8202755560632795,0.8455352790188044,8.0,7.207207207207207,6825b1c818ba11db5e3d7f78926a46cf6d6a1c84bbecb64ba9f8aa086327fe14,"[0.8455352790188044, 0.8202755560632795, 0.8205534270964563]","[103.0, 103.0, 103.0]",,111.0,SBM|SVL,TRF,SBM,ok
pm1s_100.4,rudy,100,495,128,4,20000,1,cuda:4,ok,128.0,1.9381842029979452,1.9371302289655432,1.9399821570841596,0.0,0.0,1d3cecdd70e81f394b88fc333dc235e20c1829b1fa05bac19c7297b6ecb3d26b,"[1.9399821570841596, 1.9381842029979452, 1.9371302289655432]","[128.0, 128.0, 128.0]",,ok,128.0,2.5064677849877626,2.5029063168913126,2.5074112999718636,0.0,0.0,a9f17119d77b5ad4e754b68a9d1c85d356c448111942ce20611aefaa77916ee6,"[2.5029063168913126, 2.5064677849877626, 2.5074112999718636]","[128.0, 128.0, 128.0]",,ok,121.0,0.8033144669607282,0.8032669350504875,0.8037803410552442,7.0,5.46875,3b6dd2ab13205b371e38d4766aacc8fa3643d8cb0d093173040ad48837fbe9ac,"[0.8037803410552442, 0.8033144669607282, 0.8032669350504875]","[121.0, 121.0, 121.0]",,128.0,SBM|SVL,TRF,SBM,ok
pm1s_100.5,rudy,100,495,128,4,20000,1,cuda:1,ok,128.0,1.9287147769937292,1.9268800930585712,1.9306629630737007,0.0,0.0,da5971fc17d79ee28dd9a5447f5ae228a73263ef32a7516825ee2505e868651c,"[1.9287147769937292, 1.9306629630737007, 1.9268800930585712]","[128.0, 128.0, 128.0]",,ok,125.0,2.4816309629241005,2.477789480937645,2.4820711700012907,3.0,2.34375,21ef5dc92143ee93a78e0b94509505a1069deca43a12facdfe97b82f00f6a6c9,"[2.4820711700012907, 2.4816309629241005, 2.477789480937645]","[125.0, 125.0, 125.0]",,ok,117.0,0.8321250679437071,0.8320627110078931,0.8551997561007738,11.0,8.59375,0a61caefc8b4c8ded8dfe1002c1b03d276841f43320be630b0a5e36cf210a65a,"[0.8551997561007738, 0.8321250679437071, 0.8320627110078931]","[117.0, 117.0, 117.0]",,128.0,SBM,TRF,SBM,ok
pm1s_100.6,rudy,100,495,122,4,20000,1,cuda:7,ok,122.0,1.9481876000063494,1.9472145769977942,1.9541124309180304,0.0,0.0,45d9f5b6951f1bad484f64193e8f5c243d3f343dc3d2c9f899d4951c0da36a4f,"[1.9472145769977942, 1.9541124309180304, 1.9481876000063494]","[122.0, 122.0, 122.0]",,ok,120.0,2.524995435960591,2.5201857109786943,2.5316963570658118,2.0,1.639344262295082,a3ba48e94975641069cdccbd377ac88ea9d863d6b063479435ee7d79301ec922,"[2.524995435960591, 2.5316963570658118, 2.5201857109786943]","[120.0, 120.0, 120.0]",,ok,112.0,0.8239761500153691,0.8237479340750724,0.8660942380083725,10.0,8.19672131147541,a398bc9c3376171de208f50fdd24e4a2888739fa7bdc747cfed2146114619807,"[0.8660942380083725, 0.8239761500153691, 0.8237479340750724]","[112.0, 112.0, 112.0]",,122.0,SBM,TRF,SBM,ok
pm1s_100.7,rudy,100,495,112,4,20000,1,cuda:3,ok,112.0,1.9250548039563,1.913104653940536,1.9268646179698408,0.0,0.0,43571ee675b5046bb07f482228f3ac2f2b4871db7a205037b2ca5c5ee540f5a2,"[1.913104653940536, 1.9268646179698408, 1.9250548039563]","[112.0, 112.0, 112.0]",,ok,112.0,2.478767946944572,2.4779097329592332,2.483216774999164,0.0,0.0,3d04485f75972e84b352bcf51517c48f017c9c1325552d23a413b2ce68cf092f,"[2.478767946944572, 2.483216774999164, 2.4779097329592332]","[112.0, 112.0, 112.0]",,ok,102.0,0.8281214800663292,0.8280075358925387,0.8284554339479655,10.0,8.928571428571429,dc60f79c9a45d83943aa5fe23fa1c1452cc3aae0d9cee30116f61e5b0bb706e9,"[0.8281214800663292, 0.8280075358925387, 0.8284554339479655]","[102.0, 102.0, 102.0]",,112.0,SBM|SVL,TRF,SBM,ok
pm1s_100.8,rudy,100,495,120,4,20000,1,cuda:2,ok,120.0,1.9563469759887084,1.9540304130641744,1.958419427042827,0.0,0.0,d450f1152b732470409cec359f169cced6764f601e06d9b59e25c0f161219a3f,"[1.958419427042827, 1.9540304130641744, 1.9563469759887084]","[120.0, 120.0, 120.0]",,ok,119.0,2.5273959900951013,2.519645649008453,2.5382281478960067,1.0,0.8333333333333334,d5fe9a37ddd49cd54d48fef908e53952d0359f502d8e13db372d39e68f8a1807,"[2.5382281478960067, 2.519645649008453, 2.5273959900951013]","[119.0, 119.0, 119.0]",,ok,109.0,0.8216554140672088,0.8212403409415856,0.8446576130809262,11.0,9.166666666666666,8fdacd74da697676a5ba471704769d539784a5385f7433e2fbb2ddd442af95c8,"[0.8446576130809262, 0.8216554140672088, 0.8212403409415856]","[109.0, 109.0, 109.0]",,120.0,SBM,TRF,SBM,ok
pm1s_100.9,rudy,100,495,127,4,20000,1,cuda:5,ok,127.0,1.9383006891002879,1.9364896119805053,1.9855086909374222,0.0,0.0,fa8f934a6d27e7239b32f07359c4ba47f3e28554af9160362605818e5cbb06c6,"[1.9364896119805053, 1.9383006891002879, 1.9855086909374222]","[127.0, 127.0, 127.0]",,ok,127.0,2.504079041071236,2.496003689011559,2.5065790690714493,0.0,0.0,b1d88c5e6cb664758bb0f909692cb0ad5156bd52041344cfebb5fdc6b1144152,"[2.496003689011559, 2.5065790690714493, 2.504079041071236]","[127.0, 127.0, 127.0]",,ok,116.0,0.8326500509865582,0.8324526499491185,0.8520847469335422,11.0,8.661417322834646,7d9c5927c324d9f3f03b1282f11ccbe389521a002b6d617cd5b6d72e2a480da6,"[0.8520847469335422, 0.8324526499491185, 0.8326500509865582]","[116.0, 116.0, 116.0]",,127.0,SBM|SVL,TRF,SBM,ok
pm1s_80.0,rudy,80,316,79,4,20000,1,cuda:5,ok,79.0,1.9441041420213878,1.9352255079429597,1.9675443990854546,0.0,0.0,47adb27975cbe616206e5d66d3c53f4174a1927fda6a5cf86badcf3d906de181,"[1.9352255079429597, 1.9441041420213878, 1.9675443990854546]","[79.0, 79.0, 79.0]",,ok,79.0,2.5066669770749286,2.500510915997438,2.506966134067625,0.0,0.0,47adb27975cbe616206e5d66d3c53f4174a1927fda6a5cf86badcf3d906de181,"[2.5066669770749286, 2.506966134067625, 2.500510915997438]","[79.0, 79.0, 79.0]",,ok,71.0,0.8062737160362303,0.8055661099497229,0.8430893899640068,8.0,10.126582278481013,0832d1c0eed416dcfa4370a3cf914350e58616f3b4c31a3c1e2dfccc7d747a9b,"[0.8430893899640068, 0.8062737160362303, 0.8055661099497229]","[71.0, 71.0, 71.0]",,79.0,SBM|SVL,TRF,SBM,ok
pm1s_80.1,rudy,80,316,85,4,20000,1,cuda:0,ok,85.0,1.9721130430698395,1.9485634439624846,1.9937895609764382,0.0,0.0,1da247e926e457b68b6075eefe115eb1835caa076c6d58294f9f5e414a0b5db7,"[1.9485634439624846, 1.9721130430698395, 1.9937895609764382]","[85.0, 85.0, 85.0]",,ok,85.0,2.5362237569643185,2.521002002991736,2.539624918019399,0.0,0.0,84a3ce0309783592e7c3a492c20f68db3177c036a6cfdc3edfabbf1e11da488b,"[2.521002002991736, 2.5362237569643185, 2.539624918019399]","[85.0, 85.0, 85.0]",,ok,77.0,0.8010265619959682,0.8008809139719233,0.8024807129986584,8.0,9.411764705882353,5dadf1e5a339ce95044518e21cd1b23599a7d01949b0e512f78dd736e29900c7,"[0.8024807129986584, 0.8010265619959682, 0.8008809139719233]","[77.0, 77.0, 77.0]",,85.0,SBM|SVL,TRF,SBM,ok
pm1s_80.2,rudy,80,316,82,4,20000,1,cuda:6,ok,82.0,1.7955088230082765,1.7944751889444888,1.7971399369416758,0.0,0.0,1be97efe77ef2ddf608e924ebaf44a46a88b49701aa5628f0669aac4915dbad2,"[1.7955088230082765, 1.7971399369416758, 1.7944751889444888]","[82.0, 82.0, 82.0]",,ok,82.0,2.343175448011607,2.337780778063461,2.343432795954868,0.0,0.0,c2adecb5828f40039af8702ab0c38c6a977b25c261f9f850927c5d6972987252,"[2.337780778063461, 2.343175448011607, 2.343432795954868]","[82.0, 82.0, 82.0]",,ok,80.0,0.7895374429645017,0.7831279831007123,0.816284817061387,2.0,2.4390243902439024,92e644d83df604b8ce1a43626c77413b150bf9c126c5e47d849a6be37a062267,"[0.816284817061387, 0.7895374429645017, 0.7831279831007123]","[80.0, 80.0, 80.0]",,82.0,SBM|SVL,TRF,SBM,ok
pm1s_80.3,rudy,80,316,81,4,20000,1,cuda:4,ok,81.0,1.9388167940778658,1.933163589099422,1.9598639080068097,0.0,0.0,f369d27ad1091ce5410b961cfd25b15c743aeda96980ce12c94bbb2d215c24f9,"[1.933163589099422, 1.9388167940778658, 1.9598639080068097]","[81.0, 81.0, 81.0]",,ok,81.0,2.509640933945775,2.504420478013344,2.5114020250039175,0.0,0.0,f9c879d3dfb9555959cfffea963c02f2db8d5b207668ae337b004a253f5cc8e2,"[2.504420478013344, 2.5114020250039175, 2.509640933945775]","[81.0, 81.0, 81.0]",,ok,81.0,0.7638174069579691,0.7638170539867133,0.7992862459504977,0.0,0.0,d3a5ab5ae3fc969083045fc6e5e6b85b65415bff24abb9e4e08e7b4567fc6ecb,"[0.7992862459504977, 0.7638170539867133, 0.7638174069579691]","[81.0, 81.0, 81.0]",,81.0,SBM|SVL|TRF,TRF,TRF,ok
pm1s_80.4,rudy,80,316,70,4,20000,1,cuda:1,ok,70.0,1.9250206680735573,1.9160264040110633,1.925862689036876,0.0,0.0,73df076e3f86948a634465755ed3a3cd3803e782dd739c6ba73349949bef371b,"[1.9160264040110633, 1.9250206680735573, 1.925862689036876]","[70.0, 70.0, 70.0]",,ok,70.0,2.4752747080055997,2.4741042209789157,2.4851785079808906,0.0,0.0,4155ef573fdb081f7ec73032784ad1d5f21a2e50865c8d2621f720269b5b5457,"[2.4851785079808906, 2.4741042209789157, 2.4752747080055997]","[70.0, 70.0, 70.0]",,ok,64.0,0.7897530550835654,0.7896516040200368,0.8005571420071647,6.0,8.571428571428571,f9df2dc81bab02f0edd374494687609f1ffe7f6945cb2455d8f2b037f4c177ec,"[0.8005571420071647, 0.7896516040200368, 0.7897530550835654]","[64.0, 64.0, 64.0]",,70.0,SBM|SVL,TRF,SBM,ok
pm1s_80.5,rudy,80,316,87,4,20000,1,cuda:7,ok,87.0,1.9623767450684682,1.9467895140405744,1.9827345239464194,0.0,0.0,58276487965c6336062608eb268f8f795edf3bd8d6e3736d9bfffd02243864b4,"[1.9467895140405744, 1.9623767450684682, 1.9827345239464194]","[87.0, 87.0, 87.0]",,ok,86.0,2.5278505940223113,2.5249118090141565,2.5333858219673857,1.0,1.1494252873563218,03606059fb3a627ee8c19fdbecbfc9b99a614697eb5ce03ae8cc3b4487e19959,"[2.5278505940223113, 2.5333858219673857, 2.5249118090141565]","[86.0, 86.0, 86.0]",,ok,81.0,0.7871579530183226,0.7870007989695296,0.8228562619769946,6.0,6.896551724137931,88597cd2c375b618b76b6fbf0522243592c77e315e640e39cf24ea5405f0ee97,"[0.8228562619769946, 0.7871579530183226, 0.7870007989695296]","[81.0, 81.0, 81.0]",,87.0,SBM,TRF,SBM,ok
pm1s_80.6,rudy,80,316,73,4,20000,1,cuda:2,ok,73.0,1.9557383030187339,1.9414786079432815,1.9592430479824543,0.0,0.0,f1cc0f1157f0e2af6cfadd457f82a467ed697cf251ada9c827c672a3f2eb1011,"[1.9414786079432815, 1.9557383030187339, 1.9592430479824543]","[73.0, 73.0, 73.0]",,ok,73.0,2.5325748350005597,2.530210025026463,2.5540114849573,0.0,0.0,6b6c0afc02202e84a7899298f11f6a92686e734a3ca076ecf79903495b62dda4,"[2.5325748350005597, 2.5540114849573, 2.530210025026463]","[73.0, 73.0, 73.0]",,ok,68.0,0.7842813009629026,0.7841649890178815,0.8334676710655913,5.0,6.8493150684931505,ae668855f7497326b51ae1dfaeba7d46ab6e340ded98529d291a3965c02e4bbb,"[0.8334676710655913, 0.7842813009629026, 0.7841649890178815]","[68.0, 68.0, 68.0]",,73.0,SBM|SVL,TRF,SBM,ok
pm1s_80.7,rudy,80,316,83,4,20000,1,cuda:3,ok,83.0,1.9193888760637492,1.9185355649096891,1.9218626369256526,0.0,0.0,2c67bd522854b6cd7d4cadd5e5b4c81be0397df2824f0d4dabbb111e96bd58e0,"[1.9185355649096891, 1.9193888760637492, 1.9218626369256526]","[83.0, 83.0, 83.0]",,ok,82.0,2.4765548079740256,2.474940711981617,2.4812185199698433,1.0,1.2048192771084338,c10a4722d18bc6ae789b0f6047298f0db3f5c942772029068b2104902ac06b0b,"[2.474940711981617, 2.4812185199698433, 2.4765548079740256]","[82.0, 82.0, 82.0]",,ok,80.0,0.7922423089621589,0.7921396989841014,0.7923501520417631,3.0,3.6144578313253013,329601da232a4364ca4ef138644547cbc7f8c8dded15fd619f52f0f40b6d9a42,"[0.7922423089621589, 0.7921396989841014, 0.7923501520417631]","[80.0, 80.0, 80.0]",,83.0,SBM,TRF,SBM,ok
pm1s_80.8,rudy,80,316,81,4,20000,1,cuda:5,ok,81.0,1.9444852970773354,1.939357555937022,1.9485583609202877,0.0,0.0,029ab3199a787f06665aec77e9aa2d899852591cdf4056b84abb7250757c01b2,"[1.9485583609202877, 1.9444852970773354, 1.939357555937022]","[81.0, 81.0, 81.0]",,ok,81.0,2.500300334999338,2.497942660935223,2.5053758450085297,0.0,0.0,5b14c99ed178c1c0512f049a12d66198d4bd294846c4e0340971698a7cc161a4,"[2.497942660935223, 2.500300334999338, 2.5053758450085297]","[81.0, 81.0, 81.0]",,ok,80.0,0.7949019469087943,0.7946363909868523,0.8365295380353928,1.0,1.2345679012345678,3e54fa726cc62e87a53e32b4bbcc9d57e37449bb1c516a5623db942f254280af,"[0.8365295380353928, 0.7946363909868523, 0.7949019469087943]","[80.0, 80.0, 80.0]",,81.0,SBM|SVL,TRF,SBM,ok
pm1s_80.9,rudy,80,316,70,4,20000,1,cuda:0,ok,70.0,1.9711583070456982,1.9558973290259019,1.9826541839865968,0.0,0.0,1cd3ad72f09a0c423191ff2eeaf966a7206fd989bbbaa1486a306031f3cd2360,"[1.9558973290259019, 1.9826541839865968, 1.9711583070456982]","[70.0, 70.0, 70.0]",,ok,70.0,2.5234177029924467,2.5155695370631292,2.5278132829116657,0.0,0.0,106ead65659d30ca1fa55d3cdb5cb291d4625e9caca518cd7e5ee7d930a00b8a,"[2.5278132829116657, 2.5234177029924467, 2.5155695370631292]","[70.0, 70.0, 70.0]",,ok,69.0,0.7801006260560825,0.7798269029008225,0.8125202100491151,1.0,1.4285714285714286,062b3ed1ace3323cf2ff65da3a550bd9f5060d0c930e1ebd1df95c8ca829f4f9,"[0.8125202100491151, 0.7798269029008225, 0.7801006260560825]","[69.0, 69.0, 69.0]",,70.0,SBM|SVL,TRF,SBM,ok
pw01_100.0,rudy,100,495,2019,4,20000,1,cuda:0,ok,2012.0,1.963062161928974,1.9505566119914874,1.9635341669199988,7.0,0.3467062902426944,e392b78e638f684cec6393a7fedf351c7fd4a1fab47877227451566d4192faf7,"[1.9505566119914874, 1.9635341669199988, 1.963062161928974]","[2012.0, 2012.0, 2012.0]",,ok,1915.0,2.550409212941304,2.5269340539816767,2.571096771978773,104.0,5.151064883605746,982698a1eb8834e2a8e87cefd6e179b58e3e6ade1d30efb263d5d35ce9ad0c03,"[2.550409212941304, 2.571096771978773, 2.5269340539816767]","[1915.0, 1915.0, 1915.0]",,ok,1984.0,0.8194514099741355,0.818800937035121,0.8195748990401626,35.0,1.733531451213472,5dc980dacd760f9164c2c7e6805ef2abdc8261afc1f93d256848e52cb844528d,"[0.818800937035121, 0.8195748990401626, 0.8194514099741355]","[1984.0, 1984.0, 1984.0]",,2012.0,SBM,TRF,SBM,ok
pw01_100.1,rudy,100,495,2060,4,20000,1,cuda:6,ok,2059.0,1.8060329449363053,1.8042101160390303,1.8069741560611874,1.0,0.04854368932038835,08f10766737d215527980055eed89fec7c75890f9448447e38702539332c8dc6,"[1.8060329449363053, 1.8069741560611874, 1.8042101160390303]","[2059.0, 2059.0, 2059.0]",,ok,1936.0,2.3395682009868324,2.336111683980562,2.3477950169472024,124.0,6.019417475728155,8506c8acce67d9914d82ca3f2a9d8d4a91b9fd4183db80b8e488daf2ffe7e8e1,"[2.336111683980562, 2.3395682009868324, 2.3477950169472024]","[1936.0, 1936.0, 1936.0]",,ok,2032.0,0.8227826490765437,0.822169299935922,0.8340828630607575,28.0,1.3592233009708738,3fc0b056e2b796041f443fa2a47d64725cf1d5bcafb80ac21ffb19b90d202a5c,"[0.8340828630607575, 0.8227826490765437, 0.822169299935922]","[2032.0, 2032.0, 2032.0]",,2059.0,SBM,TRF,SBM,ok
pw01_100.2,rudy,100,495,2032,4,20000,1,cuda:4,ok,2032.0,1.933687963988632,1.9315901990048587,1.940674026031047,0.0,0.0,386a535faefb56fc44286710e69bdeda4ff9cab9a03424735e1f494cb46100a8,"[1.9315901990048587, 1.940674026031047, 1.933687963988632]","[2032.0, 2032.0, 2032.0]",,ok,1919.0,2.5085410909960046,2.5085167550714687,2.5086013049585745,113.0,5.561023622047244,bfc3cb66f41b2721ab36c21adac3049c814cd6b94b364284cce4d266103f0ab9,"[2.5085410909960046, 2.5085167550714687, 2.5086013049585745]","[1919.0, 1919.0, 1919.0]",,ok,1985.0,0.8009829319780692,0.800720303086564,0.8506632769713178,47.0,2.312992125984252,4b29bfc5509cf41ca90980bafd11abb1344518e32bf92debf32286af94f5afcf,"[0.8506632769713178, 0.8009829319780692, 0.800720303086564]","[1985.0, 1985.0, 1985.0]",,2032.0,SBM,TRF,SBM,ok
pw01_100.3,rudy,100,495,2067,4,20000,1,cuda:1,ok,2061.0,1.9301695380127057,1.929074628977105,1.9305254690116271,6.0,0.29027576197387517,6881eeac3c7e7b5d280119407b974590e2265515e58e857bdbe5d01bdf5330e5,"[1.929074628977105, 1.9305254690116271, 1.9301695380127057]","[2061.0, 2061.0, 2061.0]",,ok,1909.0,2.4842968019656837,2.480016543995589,2.486439474974759,158.0,7.64392839864538,ff57f8b926439b4fa9ea3b7d0eff80f562c4d78cb2ed360ee0b6989e7373745d,"[2.480016543995589, 2.486439474974759, 2.4842968019656837]","[1909.0, 1909.0, 1909.0]",,ok,2036.0,0.8317577660782263,0.831568863010034,0.831962484982796,31.0,1.4997581035316885,f4ed44e761ae365bec40cf18b3714ccaa17be764874da3f1476254f85b4209f7,"[0.831568863010034, 0.831962484982796, 0.8317577660782263]","[2036.0, 2036.0, 2036.0]",,2061.0,SBM,TRF,SBM,ok
pw01_100.4,rudy,100,495,2039,4,20000,1,cuda:7,ok,2039.0,1.9644000449916348,1.9524022350087762,1.9943531430326402,0.0,0.0,18255768502e66b677b6111953b5718fb10984fd1bce547363ddae207e1d9aab,"[1.9524022350087762, 1.9943531430326402, 1.9644000449916348]","[2039.0, 2039.0, 2039.0]",,ok,1896.0,2.52814215910621,2.5228540980024263,2.544730977038853,143.0,7.013241785188818,6de2e4a6f602cc042659c503bbb05c701aed5a16ddc3361655165c14a6345e48,"[2.544730977038853, 2.5228540980024263, 2.52814215910621]","[1896.0, 1896.0, 1896.0]",,ok,1946.0,0.825112355989404,0.8250793990446255,0.864376905024983,93.0,4.561059342815105,9dac50c2ead619cc86e76505085dd1883956d4a24770b63db1ec0dc921ef3500,"[0.864376905024983, 0.825112355989404, 0.8250793990446255]","[1946.0, 1946.0, 1946.0]",,2039.0,SBM,TRF,SBM,ok
pw01_100.5,rudy,100,495,2108,4,20000,1,cuda:3,ok,2108.0,1.9197205579839647,1.9156396320322528,1.9231380330165848,0.0,0.0,12d5b2fe83291c894c734ca65354bb44920c55cf8c8079dab6cbd3f6359a2fcd,"[1.9156396320322528, 1.9197205579839647, 1.9231380330165848]","[2108.0, 2108.0, 2108.0]",,ok,1988.0,2.478890109923668,2.478220804943703,2.5135106520028785,120.0,5.692599620493358,c6245279bc7c23e187e60fef8375501932968ca7b0408bdbd2f43d75240b2dbb,"[2.5135106520028785, 2.478890109923668, 2.478220804943703]","[1988.0, 1988.0, 1988.0]",,ok,1981.0,0.8260360260028392,0.825960376067087,0.8685866049490869,127.0,6.024667931688804,4397ce14a18209244279a02363050fe3a8a48fdc826d626940bac7fafd307416,"[0.8685866049490869, 0.825960376067087, 0.8260360260028392]","[1981.0, 1981.0, 1981.0]",,2108.0,SBM,TRF,SBM,ok
pw01_100.6,rudy,100,495,2032,4,20000,1,cuda:2,ok,2032.0,1.9577707319986075,1.9498541030334309,1.97285987297073,0.0,0.0,17f5ebe2e804a8325c75fda625df8afdaeee9fdf9838392eee7cd62cc915858d,"[1.9498541030334309, 1.97285987297073, 1.9577707319986075]","[2032.0, 2032.0, 2032.0]",,ok,2012.0,2.537997692008503,2.533960993983783,2.539221393992193,20.0,0.984251968503937,fa5792d0b7c4dc185cda71e7368e70d22ed4ddb8492fb1b971a8ca6b06a6b5ba,"[2.539221393992193, 2.537997692008503, 2.533960993983783]","[2012.0, 2012.0, 2012.0]",,ok,1974.0,0.8224315809784457,0.8221784780034795,0.8249496249482036,58.0,2.854330708661417,3d5217515ecf31a5b1bca8e2c4699d110b9da71e52765209e1fec1e6fd352a72,"[0.8221784780034795, 0.8224315809784457, 0.8249496249482036]","[1974.0, 1974.0, 1974.0]",,2032.0,SBM,TRF,SBM,ok
pw01_100.7,rudy,100,495,2074,4,20000,1,cuda:5,ok,2074.0,1.9355122230481356,1.9337386869592592,1.950045167002827,0.0,0.0,62aa27d886cb73676f662bd6d4c74bfbe0abcaf28314e0e02fe0fe1c5c2f20ba,"[1.9355122230481356, 1.950045167002827, 1.9337386869592592]","[2074.0, 2074.0, 2074.0]",,ok,1881.0,2.505446374998428,2.4994828280759975,2.507643310003914,193.0,9.305689488910318,95c6a35b00b1db93b216e6d6c42caaa102bb1844d6b84645d4fdb028afe9d459,"[2.507643310003914, 2.4994828280759975, 2.505446374998428]","[1881.0, 1881.0, 1881.0]",,ok,2025.0,0.8318988720420748,0.8309704329585657,0.8632730570388958,49.0,2.3625843780135005,7297b51f533d573c61296d7f2c447316d92b230e5765756774806bd8289bc80f,"[0.8632730570388958, 0.8318988720420748, 0.8309704329585657]","[2025.0, 2025.0, 2025.0]",,2074.0,SBM,TRF,SBM,ok
pw01_100.8,rudy,100,495,2022,4,20000,1,cuda:6,ok,2004.0,1.7976636330131441,1.7944322080584243,1.8007795530138537,18.0,0.8902077151335311,2bc44681da08513893afd26419850a2442af6ae8f890b3e5b3d756ccfe5ddb3d,"[1.8007795530138537, 1.7976636330131441, 1.7944322080584243]","[2004.0, 2004.0, 2004.0]",,ok,1840.0,2.3413480849703774,2.333500346983783,2.3449474551016465,182.0,9.000989119683481,dc2ce8e405296ec7b79f8accb58c791f9d1329ffd3b0d438f39b8e31c35b2b26,"[2.333500346983783, 2.3449474551016465, 2.3413480849703774]","[1840.0, 1840.0, 1840.0]",,ok,1933.0,0.8203998010139912,0.8202132199658081,0.855441550957039,89.0,4.401582591493571,3b104f2e357ce9c5b8e4b659ba7cdad5be2c2c82a4c97a7b9798a8eef8532d5a,"[0.855441550957039, 0.8202132199658081, 0.8203998010139912]","[1933.0, 1933.0, 1933.0]",,2004.0,SBM,TRF,SBM,ok
pw01_100.9,rudy,100,495,2005,4,20000,1,cuda:0,ok,2005.0,1.9675634419545531,1.9559764930745587,1.9715006588958204,0.0,0.0,241307607978156785a1cf7bbdcfa9cd76fb987e9ef35167260ee4f117f8b83b,"[1.9559764930745587, 1.9675634419545531, 1.9715006588958204]","[2005.0, 2005.0, 2005.0]",,ok,1919.0,2.5202655729372054,2.5154881270136684,2.525508792954497,86.0,4.28927680798005,9808aa84bf26ab3b1b16b56ea22ee4cd75b7b684d9188eb7f6a75d629de0a3e2,"[2.525508792954497, 2.5154881270136684, 2.5202655729372054]","[1919.0, 1919.0, 1919.0]",,ok,1950.0,0.8224786859937012,0.821765247033909,0.8704429039498791,55.0,2.743142144638404,08734280b56e73704d493a5192064534df034b61f2e13262a65ef4cebe2c94bf,"[0.8704429039498791, 0.8224786859937012, 0.821765247033909]","[1950.0, 1950.0, 1950.0]",,2005.0,SBM,TRF,SBM,ok
pw05_100.0,rudy,100,2475,8190,4,20000,1,cuda:4,ok,0.0,1.9406333309598267,1.938930448028259,1.944477823912166,8190.0,100.0,cd00e292c5970d3c5e2f0ffa5171e555bc46bfc4faddfb4a418b6840b86e79a3,"[1.944477823912166, 1.9406333309598267, 1.938930448028259]","[0.0, 0.0, 0.0]",,ok,7718.0,2.50273214711342,2.4972641200292856,2.5082095690304413,472.0,5.763125763125763,f63d99d788e73be4b8675993e6cc7f69a6d2fa1af51fce1f849d697bfb405b7f,"[2.4972641200292856, 2.50273214711342, 2.5082095690304413]","[7718.0, 7680.0, 7548.0]",,ok,8001.0,0.8462606840766966,0.837165849050507,0.8561348749790341,189.0,2.3076923076923075,bbf60a54278859a44a9fd040b79ef16d8e4bd6cba06cadaf67d29b654e5b667f,"[0.8561348749790341, 0.837165849050507, 0.8462606840766966]","[8001.0, 8001.0, 8001.0]",,8001.0,TRF,TRF,TRF,ok
pw05_100.1,rudy,100,2475,8045,4,20000,1,cuda:1,ok,0.0,1.9274685479467735,1.9228348950855434,1.930729308980517,8045.0,100.0,cd00e292c5970d3c5e2f0ffa5171e555bc46bfc4faddfb4a418b6840b86e79a3,"[1.9228348950855434, 1.9274685479467735, 1.930729308980517]","[0.0, 0.0, 0.0]",,ok,7641.0,2.4763630679808557,2.472610534983687,2.4767134609865025,404.0,5.021752641392169,5a54d3cb9ffc2defaef11a426b60412b82bde0c932a11fd7af63887907585a5c,"[2.4763630679808557, 2.4767134609865025, 2.472610534983687]","[7551.0, 7526.0, 7641.0]",,ok,7839.0,0.851591257029213,0.8508954220451415,0.8716818729881197,206.0,2.5605966438781853,1061444475ebfd4f28396d83c1915abc40b2a5651dbd578aabef55608666ba02,"[0.8716818729881197, 0.851591257029213, 0.8508954220451415]","[7839.0, 7839.0, 7839.0]",,7839.0,TRF,TRF,TRF,ok
pw05_100.2,rudy,100,2475,8039,4,20000,1,cuda:7,ok,0.0,1.949469562037848,1.946685269009322,1.9496719349408522,8039.0,100.0,80f93e8c7d0e1e083e6aab0b073011d858d092951eb4bb2d595cd43173e04704,"[1.9496719349408522, 1.949469562037848, 1.946685269009322]","[0.0, 0.0, 0.0]",,ok,7473.0,2.5298246670281515,2.5251880650175735,2.5330557539127767,566.0,7.040676701082224,c3c53dcf6e0891633cbb2a4eb6d8cfb7e856d72f0320abc6e5ceeb4e51354558,"[2.5330557539127767, 2.5251880650175735, 2.5298246670281515]","[7335.0, 7473.0, 7444.0]",,ok,7794.0,0.8423587789293379,0.8420665099984035,0.8461429050657898,245.0,3.0476427416345317,62cf82490d0eab252dda8af978115e9cc590a77d5d92590fcdd97f20d1f8013e,"[0.8461429050657898, 0.8423587789293379, 0.8420665099984035]","[7794.0, 7794.0, 7794.0]",,7794.0,TRF,TRF,TRF,ok
pw05_100.3,rudy,100,2475,8139,4,20000,1,cuda:3,ok,0.0,1.922954360023141,1.9215790500165895,1.9247795110568404,8139.0,100.0,80f93e8c7d0e1e083e6aab0b073011d858d092951eb4bb2d595cd43173e04704,"[1.922954360023141, 1.9215790500165895, 1.9247795110568404]","[0.0, 0.0, 0.0]",,ok,7562.0,2.4758407790213823,2.4708165760384873,2.476536281988956,577.0,7.089323012655117,d22b773ab03a2903ab17d430e74da835035db424f78b8b0b198f4b988db774f1,"[2.4708165760384873, 2.4758407790213823, 2.476536281988956]","[7556.0, 7562.0, 7507.0]",,ok,7893.0,0.8450414870167151,0.8443878339603543,0.884258997044526,246.0,3.022484334684851,99e4237fa816797ace2eebe34228707b6300d2e6a9e3d928a1ae43d3ff0b65cd,"[0.884258997044526, 0.8450414870167151, 0.8443878339603543]","[7893.0, 7893.0, 7893.0]",,7893.0,TRF,TRF,TRF,ok
pw05_100.4,rudy,100,2475,8125,4,20000,1,cuda:2,ok,0.0,1.9629378831014037,1.949604075984098,1.9640277969883755,8125.0,100.0,cd00e292c5970d3c5e2f0ffa5171e555bc46bfc4faddfb4a418b6840b86e79a3,"[1.949604075984098, 1.9640277969883755, 1.9629378831014037]","[0.0, 0.0, 0.0]",,ok,7731.0,2.527424118015915,2.521954323980026,2.5274696960113943,394.0,4.849230769230769,3bda6beca7739b48e2dcf2c7a1b42bf93830a4cefd1bcc18b36035bbca52b05f,"[2.527424118015915, 2.5274696960113943, 2.521954323980026]","[7557.0, 7731.0, 7616.0]",,ok,7924.0,0.8449317619670182,0.8416324199642986,0.8740751330042258,201.0,2.473846153846154,3d41acee39104a8be8238f2a01f5b01fbb6ca4f08f6592e6fb34dce6e64a5e0f,"[0.8740751330042258, 0.8449317619670182, 0.8416324199642986]","[7924.0, 7924.0, 7924.0]",,7924.0,TRF,TRF,TRF,ok
pw05_100.5,rudy,100,2475,8169,4,20000,1,cuda:5,ok,0.0,1.9448845039587468,1.9401482179528102,1.945931649999693,8169.0,100.0,80f93e8c7d0e1e083e6aab0b073011d858d092951eb4bb2d595cd43173e04704,"[1.9448845039587468, 1.945931649999693, 1.9401482179528102]","[0.0, 0.0, 0.0]",,ok,7653.0,2.5002024029381573,2.4975882349535823,2.508468997082673,516.0,6.316562614763129,32764d1cce9a1fb7d1b03f6f55ac6a7dd4177af7f8d1f589074f556c547596e2,"[2.4975882349535823, 2.508468997082673, 2.5002024029381573]","[7393.0, 7646.0, 7653.0]",,ok,7906.0,0.8506791209802032,0.8506305330665782,0.8516073069768026,263.0,3.2194883094626023,8be978c5c21bda1a9d590bf0834813c2e32b426c43ab5ce7b42a1bcd1c65e4fd,"[0.8506305330665782, 0.8516073069768026, 0.8506791209802032]","[7906.0, 7906.0, 7906.0]",,7906.0,TRF,TRF,TRF,ok
pw05_100.6,rudy,100,2475,8217,4,20000,1,cuda:6,ok,0.0,1.7941995330620557,1.7932053749682382,1.7942986659472808,8217.0,100.0,cd00e292c5970d3c5e2f0ffa5171e555bc46bfc4faddfb4a418b6840b86e79a3,"[1.7932053749682382, 1.7941995330620557, 1.7942986659472808]","[0.0, 0.0, 0.0]",,ok,7708.0,2.3383246819721535,2.3332202970050275,2.3433625189354643,509.0,6.194474869173664,daedfdb21bfe0a0259ec1e5aba56d20b614c5b625ad72f090f47d0b0883e6842,"[2.3332202970050275, 2.3433625189354643, 2.3383246819721535]","[7600.0, 7708.0, 7548.0]",,ok,7921.0,0.8365377830341458,0.8361568580148742,0.8681928339647129,296.0,3.6022879396373373,a2da5d213dc0de2f9b8a38208c852ba2314d66c42c6e52cceb6a5cdf181c21ff,"[0.8681928339647129, 0.8365377830341458, 0.8361568580148742]","[7921.0, 7921.0, 7921.0]",,7921.0,TRF,TRF,TRF,ok
pw05_100.7,rudy,100,2475,8249,4,20000,1,cuda:0,ok,0.0,1.9616910270415246,1.9477615499636158,1.9685789719223976,8249.0,100.0,cd00e292c5970d3c5e2f0ffa5171e555bc46bfc4faddfb4a418b6840b86e79a3,"[1.9477615499636158, 1.9616910270415246, 1.9685789719223976]","[0.0, 0.0, 0.0]",,ok,7738.0,2.5228072110330686,2.5175682980334386,2.5255216769874096,511.0,6.1946902654867255,4d87949009060dde7bbd16c300fea7de87412c1cf2f8bee7a6532f2807aeb5ee,"[2.5175682980334386, 2.5255216769874096, 2.5228072110330686]","[7642.0, 7555.0, 7738.0]",,ok,8066.0,0.8414982740068808,0.8412534210365266,0.872248895931989,183.0,2.2184507212995515,189918f2b5d045ea946d9008ce42e784c0361a4c673810b7dca4bc820bb6752e,"[0.872248895931989, 0.8412534210365266, 0.8414982740068808]","[8066.0, 8066.0, 8066.0]",,8066.0,TRF,TRF,TRF,ok
pw05_100.8,rudy,100,2475,8199,4,20000,1,cuda:4,ok,0.0,1.9346695400308818,1.9330509619321674,1.9446707480819896,8199.0,100.0,cd00e292c5970d3c5e2f0ffa5171e555bc46bfc4faddfb4a418b6840b86e79a3,"[1.9446707480819896, 1.9330509619321674, 1.9346695400308818]","[0.0, 0.0, 0.0]",,ok,7632.0,2.4973425280768424,2.4945758510148153,2.5023439520737156,567.0,6.915477497255763,c2b5174548d7820854383192287dbca8bb757b3cde2197fed3051c9c42de0ab4,"[2.4973425280768424, 2.4945758510148153, 2.5023439520737156]","[7518.0, 7632.0, 7617.0]",,ok,8019.0,0.8219293730799109,0.821541999001056,0.8220188239356503,180.0,2.1953896816684964,8dc2a4241888b1af6c682ca0a7089caa42706e1f10cab178968a4c55dfe42c8f,"[0.8219293730799109, 0.8220188239356503, 0.821541999001056]","[8019.0, 8019.0, 8019.0]",,8019.0,TRF,TRF,TRF,ok
pw05_100.9,rudy,100,2475,8099,4,20000,1,cuda:1,ok,0.0,1.928926904918626,1.9268224500119686,1.9341983350459486,8099.0,100.0,cd00e292c5970d3c5e2f0ffa5171e555bc46bfc4faddfb4a418b6840b86e79a3,"[1.9341983350459486, 1.928926904918626, 1.9268224500119686]","[0.0, 0.0, 0.0]",,ok,7648.0,2.481944880913943,2.478967473958619,2.4823457379825413,451.0,5.568588714656131,c29b05f82843ce178841145d1c149c0cf20b58e682156d1091e14e988a142d95,"[2.4823457379825413, 2.478967473958619, 2.481944880913943]","[7648.0, 7524.0, 7514.0]",,ok,7792.0,0.8491757239680737,0.8491621620487422,0.884159799083136,307.0,3.7905914310408693,8a6ff0eb6afce07d12ba99dce9bfac20c8766a1f9b435914984a7adb99ca1d9a,"[0.884159799083136, 0.8491757239680737, 0.8491621620487422]","[7792.0, 7792.0, 7792.0]",,7792.0,TRF,TRF,TRF,ok
pw09_100.0,rudy,100,4455,13585,4,20000,1,cuda:7,ok,0.0,1.9569014650769532,1.955605457071215,1.957886908086948,13585.0,100.0,cd00e292c5970d3c5e2f0ffa5171e555bc46bfc4faddfb4a418b6840b86e79a3,"[1.955605457071215, 1.957886908086948, 1.9569014650769532]","[0.0, 0.0, 0.0]",,ok,13034.0,2.5340135289588943,2.5327418770175427,2.5396748489001766,551.0,4.055944055944056,174af54988bbb2983149742fcf5b542e607c437494e0ac3564b6af7cef155418,"[2.5340135289588943, 2.5327418770175427, 2.5396748489001766]","[12963.0, 12912.0, 13034.0]",,ok,13363.0,0.856319512007758,0.8554362449795008,0.8903068089857697,222.0,1.6341553183658446,4d088ecc2d89845d5045d8830646983ff0e8c36ee16cf42630a09ef6527c08dd,"[0.8903068089857697, 0.8554362449795008, 0.856319512007758]","[13363.0, 13363.0, 13363.0]",,13363.0,TRF,TRF,TRF,ok
pw09_100.1,rudy,100,4455,13417,4,20000,1,cuda:3,ok,0.0,1.9251479770755395,1.91345235100016,1.9294304039794952,13417.0,100.0,cd00e292c5970d3c5e2f0ffa5171e555bc46bfc4faddfb4a418b6840b86e79a3,"[1.91345235100016, 1.9294304039794952, 1.9251479770755395]","[0.0, 0.0, 0.0]",,ok,12885.0,2.4792017249856144,2.478772970964201,2.4821473229676485,532.0,3.9651188790340615,a152f75def14a0ff6733e1a985696f581dc5397339b016a476f570d2c1915801,"[2.4821473229676485, 2.4792017249856144, 2.478772970964201]","[12799.0, 12750.0, 12885.0]",,ok,13074.0,0.8573765789624304,0.857103100977838,0.8574656719574705,343.0,2.5564582246403815,0d82ca471f69bfbf8ae772a0fba99d4ab7cfc146e60f81f2e2bcc77afcfef37a,"[0.8574656719574705, 0.857103100977838, 0.8573765789624304]","[13074.0, 13074.0, 13074.0]",,13074.0,TRF,TRF,TRF,ok
pw09_100.2,rudy,100,4455,13461,4,20000,1,cuda:2,ok,0.0,1.9573655739659443,1.9559526880038902,1.9652066180715337,13461.0,100.0,cd00e292c5970d3c5e2f0ffa5171e555bc46bfc4faddfb4a418b6840b86e79a3,"[1.9559526880038902, 1.9573655739659443, 1.9652066180715337]","[0.0, 0.0, 0.0]",,ok,12893.0,2.526287934044376,2.5260186170926318,2.532506808056496,568.0,4.219597355322784,7737a5051a0da361f7790c3b1919ae3825c460169e50d3e47afd9279d898a047,"[2.526287934044376, 2.5260186170926318, 2.532506808056496]","[12893.0, 12829.0, 12818.0]",,ok,13120.0,0.8537449470022693,0.8525697869481519,0.8780919630080462,341.0,2.5332441869103337,7e481e74268c2926ab575bab8b9e30a98b84ba074b74eb3c3d91cb5e71f3cc7b,"[0.8780919630080462, 0.8525697869481519, 0.8537449470022693]","[13120.0, 13120.0, 13120.0]",,13120.0,TRF,TRF,TRF,ok
pw09_100.3,rudy,100,4455,13656,4,20000,1,cuda:5,ok,0.0,1.959802133962512,1.937482079025358,1.960421361029148,13656.0,100.0,cd00e292c5970d3c5e2f0ffa5171e555bc46bfc4faddfb4a418b6840b86e79a3,"[1.937482079025358, 1.960421361029148, 1.959802133962512]","[0.0, 0.0, 0.0]",,ok,13051.0,2.505010267952457,2.4977849120041355,2.5084903419483453,605.0,4.4302870533099,0555382bca82a0437f5ecf562a3a683e0168914328f41b6515053a0ff8fcce94,"[2.5084903419483453, 2.4977849120041355, 2.505010267952457]","[12969.0, 13051.0, 12931.0]",,ok,13406.0,0.863976999069564,0.8630550990346819,0.9026782320579514,250.0,1.830697129466901,69004fd911df59f5f117a2a9923c4c0af8f8c263750386a8f97f1fb981b0381b,"[0.9026782320579514, 0.8630550990346819, 0.863976999069564]","[13406.0, 13406.0, 13406.0]",,13406.0,TRF,TRF,TRF,ok
pw09_100.4,rudy,100,4455,13514,4,20000,1,cuda:6,ok,0.0,1.8007574819494039,1.7986386779230088,1.8015103549696505,13514.0,100.0,cd00e292c5970d3c5e2f0ffa5171e555bc46bfc4faddfb4a418b6840b86e79a3,"[1.8007574819494039, 1.8015103549696505, 1.7986386779230088]","[0.0, 0.0, 0.0]",,ok,13031.0,2.345088472007774,2.344938562018797,2.347676684963517,483.0,3.5740713334319962,27e28189d1f0490baa693842b8b38d816f413254a0855f8056e6430b40753f83,"[2.347676684963517, 2.345088472007774, 2.344938562018797]","[13031.0, 12882.0, 12928.0]",,ok,13226.0,0.8512313350802287,0.8505023369798437,0.8546583149582148,288.0,2.131123279561936,b7d9d0908646e3a7b54ce73a48778ee48bc9193095828c29f30d4768a80e5723,"[0.8505023369798437, 0.8512313350802287, 0.8546583149582148]","[13226.0, 13226.0, 13226.0]",,13226.0,TRF,TRF,TRF,ok
pw09_100.5,rudy,100,4455,13574,4,20000,1,cuda:0,ok,0.0,1.9699702450307086,1.9695189249468967,1.9701096769422293,13574.0,100.0,cd00e292c5970d3c5e2f0ffa5171e555bc46bfc4faddfb4a418b6840b86e79a3,"[1.9699702450307086, 1.9695189249468967, 1.9701096769422293]","[0.0, 0.0, 0.0]",,ok,13000.0,2.534132819972001,2.522586631006561,2.5373346459819004,574.0,4.22867246205982,7e27d1ce2b9f748934494be96cae91ac01a32657e0f757e544568ff1bc7069c1,"[2.522586631006561, 2.5373346459819004, 2.534132819972001]","[12952.0, 12903.0, 13000.0]",,ok,13338.0,0.8560845110332593,0.8536564169917256,0.8759161090711132,236.0,1.7386179460733755,16c95cf7c9e7c1813d05d3575113a72d54fad454cd20f37e4cd40c29db8dcc4b,"[0.8759161090711132, 0.8560845110332593, 0.8536564169917256]","[13338.0, 13338.0, 13338.0]",,13338.0,TRF,TRF,TRF,ok
pw09_100.6,rudy,100,4455,13640,4,20000,1,cuda:4,ok,0.0,1.9424386150203645,1.9360484019853175,1.9425543660763651,13640.0,100.0,cd00e292c5970d3c5e2f0ffa5171e555bc46bfc4faddfb4a418b6840b86e79a3,"[1.9424386150203645, 1.9360484019853175, 1.9425543660763651]","[0.0, 0.0, 0.0]",,ok,13110.0,2.513211961952038,2.5121149859623984,2.524480163003318,530.0,3.8856304985337244,d788744d0be4d09e56470a26d9f6f8d99b513e802d8ee6570f7f9092fe250c38,"[2.524480163003318, 2.5121149859623984, 2.513211961952038]","[13088.0, 13089.0, 13110.0]",,ok,13325.0,0.8288613579934463,0.8284302100073546,0.8647911599837244,315.0,2.309384164222874,178e6c3b2d0342f83382d749aa0bfb62a874b212b30d5e189a0fa69b66d19d70,"[0.8647911599837244, 0.8288613579934463, 0.8284302100073546]","[13325.0, 13325.0, 13325.0]",,13325.0,TRF,TRF,TRF,ok
pw09_100.7,rudy,100,4455,13501,4,20000,1,cuda:1,ok,0.0,1.93104041100014,1.9266426039393991,1.931235735071823,13501.0,100.0,cd00e292c5970d3c5e2f0ffa5171e555bc46bfc4faddfb4a418b6840b86e79a3,"[1.9266426039393991, 1.93104041100014, 1.931235735071823]","[0.0, 0.0, 0.0]",,ok,12986.0,2.486984692979604,2.4805142970290035,2.4871123449411243,515.0,3.8145322568698616,464ea979fa2e7b95f7fa78a211627c2101988a28d30ccde75623c904b27acceb,"[2.486984692979604, 2.4805142970290035, 2.4871123449411243]","[12986.0, 12906.0, 12965.0]",,ok,13262.0,0.8627993080299348,0.8620912530459464,0.862999432021752,239.0,1.7702392415376638,3bd01f1074b353156d7a23e380eeef671b05870e554b44e4804e64d0cca5f7f4,"[0.8620912530459464, 0.862999432021752, 0.8627993080299348]","[13262.0, 13262.0, 13262.0]",,13262.0,TRF,TRF,TRF,ok
pw09_100.8,rudy,100,4455,13593,4,20000,1,cuda:7,ok,0.0,1.9670142320683226,1.9595056250691414,1.9702444039285183,13593.0,100.0,cd00e292c5970d3c5e2f0ffa5171e555bc46bfc4faddfb4a418b6840b86e79a3,"[1.9702444039285183, 1.9670142320683226, 1.9595056250691414]","[0.0, 0.0, 0.0]",,ok,13005.0,2.5383922300534323,2.5341116540366784,2.53876438701991,588.0,4.325755903774001,665b2167838064c03aea4bdd922a5eb6fe5a037e0bbc6916e3a93bba35d33421,"[2.5383922300534323, 2.5341116540366784, 2.53876438701991]","[13005.0, 12823.0, 12852.0]",,ok,13328.0,0.8559351890580729,0.8557824959279969,0.9049977799877524,265.0,1.9495328477893032,e60cef8a30a70ead2c94686a0e2301d911e3df1fb4e9028268e388cd908b4539,"[0.9049977799877524, 0.8559351890580729, 0.8557824959279969]","[13328.0, 13328.0, 13328.0]",,13328.0,TRF,TRF,TRF,ok
pw09_100.9,rudy,100,4455,13658,4,20000,1,cuda:3,ok,0.0,1.919264063006267,1.9185396831016988,1.9217356599401683,13658.0,100.0,cd00e292c5970d3c5e2f0ffa5171e555bc46bfc4faddfb4a418b6840b86e79a3,"[1.919264063006267, 1.9217356599401683, 1.9185396831016988]","[0.0, 0.0, 0.0]",,ok,13005.0,2.478418852086179,2.4774488010443747,2.482954942039214,653.0,4.781080685312637,6e0e4ab5c69090ece3946df2803608726d9f43db71ea345980037b627a04b04c,"[2.482954942039214, 2.478418852086179, 2.4774488010443747]","[12985.0, 12993.0, 13005.0]",,ok,13404.0,0.8563329440075904,0.854170175967738,0.8778734930092469,254.0,1.8597159174110411,dada382146c9ff43679658f0547c5453baa499be2a90240a6054296ad021c85a,"[0.8778734930092469, 0.8563329440075904, 0.854170175967738]","[13404.0, 13404.0, 13404.0]",,13404.0,TRF,TRF,TRF,ok
t2g10_5555,ising,100,200,6049461,4,20000,1,cuda:5,ok,5966177.0,1.9384343210840598,1.9383580180583522,1.9484843300888315,83284.0,1.3767176943532655,62c8f3a68adc9446de28332fc02960690a1947f4ce34d1dfa5968b01f375973f,"[1.9384343210840598, 1.9383580180583522, 1.9484843300888315]","[5966177.0, 5966177.0, 5966177.0]",,ok,2015283.0,2.502816059975885,2.4971871989546344,2.5040629589930177,4034178.0,66.68656926625364,b53b2759d636600d6c016d51004fe31a8786206d7e2bb69e407c26170b6abe7c,"[2.5040629589930177, 2.502816059975885, 2.4971871989546344]","[2015283.0, 2015283.0, 2015283.0]",,ok,5631712.0,0.8215337740257382,0.8214030659291893,0.82904334703926,417749.0,6.9055573711443055,25c881ee4b2917f1265844e020fe5aee2b0832e2ed910f89f25c863a106ff93c,"[0.8214030659291893, 0.8215337740257382, 0.82904334703926]","[5631712.0, 5631712.0, 5631712.0]",,5966177.0,SBM,TRF,SBM,ok
t2g10_6666,ising,100,200,5757868,4,20000,1,cuda:0,ok,5734657.0,1.9692993490025401,1.9650437579257414,1.9746868759393692,23211.0,0.40311795963367,88a35f3ade9678c253dde65c747339fa4bef1237f88df340b69c6b5f36eb623a,"[1.9692993490025401, 1.9650437579257414, 1.9746868759393692]","[5734657.0, 5734657.0, 5734657.0]",,ok,700818.0,2.522705461946316,2.511768175056204,2.5298741889419034,5057050.0,87.82851569365606,e9398bff25205f3e0939df410b92cae8b737e20ba0835c4d045206ef300a33d3,"[2.5298741889419034, 2.522705461946316, 2.511768175056204]","[700818.0, 700818.0, 700818.0]",,ok,5326757.0,0.8098643680568784,0.8094226559624076,0.8484838340664282,431111.0,7.4873373269411525,6eb25aef0e3b353f78f7482179b4ccbf7ca71c875d388f08c68764111baba600,"[0.8484838340664282, 0.8098643680568784, 0.8094226559624076]","[5326757.0, 5326757.0, 5326757.0]",,5734657.0,SBM,TRF,SBM,ok
t2g10_7777,ising,100,200,6509837,4,20000,1,cuda:6,ok,6462874.0,1.7980012689949945,1.7972351959906518,1.798659716034308,46963.0,0.7214159125643238,14b3d13df5f62c37e249658f51bf6ed0f86dd9efc82456d9307c6ea8fd9b94b6,"[1.7980012689949945, 1.798659716034308, 1.7972351959906518]","[6462874.0, 6462874.0, 6462874.0]",,ok,86162.0,2.3431406780146062,2.340411185985431,2.350775228929706,6423675.0,98.67643383390399,03111fa4e8b8b01ce65b18731a9f7f690f70e14ace079ee975c6cd0e4bc8acb5,"[2.340411185985431, 2.3431406780146062, 2.350775228929706]","[86162.0, 86162.0, 86162.0]",,ok,6202600.0,0.8080103991087526,0.8079873339738697,0.8387398059712723,307237.0,4.719580536348299,dda2064281d1a9b067efdd2ad9ce1e7abe7bf7e1c81a81f5554ef16b25bf1614,"[0.8387398059712723, 0.8080103991087526, 0.8079873339738697]","[6202600.0, 6202600.0, 6202600.0]",,6462874.0,SBM,TRF,SBM,ok
t2g15_5555,ising,225,450,15051133,4,20000,1,cuda:7,ok,14879914.0,1.9541896369773895,1.9501794719835743,1.9606154459761456,171219.0,1.1375821341821908,9a7fd5f63488df8d0249bda68a003c926d1ef29300f9ce8da7903b66e065dbc2,"[1.9541896369773895, 1.9501794719835743, 1.9606154459761456]","[14879914.0, 14879914.0, 14879914.0]",,ok,1233512.0,2.532796179992147,2.5281323009403422,2.5389668609714136,13817621.0,91.80452395178489,577d5b17ab1abac4a88fe7b07d176c683c0d1183c584d096802ad12711a68a96,"[2.5281323009403422, 2.5389668609714136, 2.532796179992147]","[1233512.0, 1233512.0, 1233512.0]",,ok,13610808.0,0.8689466350479051,0.868911472032778,0.8700598749564961,1440325.0,9.569545362465403,8c3cf7c00b2eb06dec352e584fd5565f87d57d3da5df8d4e8f384c362047ce3e,"[0.8700598749564961, 0.8689466350479051, 0.868911472032778]","[13610808.0, 13610808.0, 13610808.0]",,14879914.0,SBM,TRF,SBM,ok
t2g15_6666,ising,225,450,15763716,4,20000,1,cuda:2,ok,15576796.0,1.9609476239420474,1.9589832859346643,1.968765301979147,186920.0,1.1857610223376265,b16ef72a2ffc9bcf63ef72cde447107ee4ccf597339e52f5e2c08519c7c5f3a7,"[1.9589832859346643, 1.9609476239420474, 1.968765301979147]","[15576796.0, 15576796.0, 15576796.0]",,ok,4040387.0,2.538095645024441,2.5272503320593387,2.540164972888306,11723329.0,74.36907008474398,ded6a8404902e30614dcb645c5666ec45ce49935a96bac7b99618b9b7e3706e3,"[2.5272503320593387, 2.538095645024441, 2.540164972888306]","[4040387.0, 4040387.0, 4040387.0]",,ok,15207664.0,0.8661491019884124,0.8651794800534844,0.9050768760498613,556052.0,3.527417012587641,ce5c48a7c9ca7589b46bea3d77d0274aa5c8221c46a2df28e05be769cc3aa96d,"[0.9050768760498613, 0.8661491019884124, 0.8651794800534844]","[15207664.0, 15207664.0, 15207664.0]",,15576796.0,SBM,TRF,SBM,ok
t2g15_7777,ising,225,450,15269399,4,20000,1,cuda:5,ok,15098056.0,1.9456188461044803,1.9420013580238447,1.9470388740301132,171343.0,1.1221332286883066,fb0739b35a80b1979a79994b8a324a8edb771075c52d421976cccdf9c2ce4ba7,"[1.9456188461044803, 1.9420013580238447, 1.9470388740301132]","[15098056.0, 15098056.0, 15098056.0]",,ok,1431862.0,2.499128335970454,2.499052328057587,2.5068085119128227,13837537.0,90.62266956282956,0d96fc22bd9bc00460711af023fc6bb7476d1015c2bedb55c536bb38042fce11,"[2.499128335970454, 2.5068085119128227, 2.499052328057587]","[1431862.0, 1431862.0, 1431862.0]",,ok,14249440.0,0.8783778940560296,0.8781442509498447,0.8976955349789932,1019959.0,6.679758646689368,026b64a2ee320367b1b249576d265462f86c3e53649bf4ae1e2b97cbfb9270f3,"[0.8976955349789932, 0.8783778940560296, 0.8781442509498447]","[14249440.0, 14249440.0, 14249440.0]",,15098056.0,SBM,TRF,SBM,ok
t2g20_5555,ising,400,800,24838942,4,20000,1,cuda:5,ok,24481489.0,1.9606887800619006,1.9371390709420666,1.961643335991539,357453.0,1.4390830334077835,4260950e4ea15f2deebef758caecf1f758513c90ef2157dd5a8f0a7d9fff14f4,"[1.9371390709420666, 1.961643335991539, 1.9606887800619006]","[24481489.0, 24481489.0, 24481489.0]",,ok,572660.0,2.5035730809904635,2.502506871940568,2.5146709930850193,24266282.0,97.69450727812803,27e409d14d582476e133cca9164204d44301273bb494e007a59914f021599402,"[2.5146709930850193, 2.502506871940568, 2.5035730809904635]","[572660.0, 572660.0, 572660.0]",,ok,23027518.0,0.8675892750034109,0.8670341910328716,0.8696661579888314,1811424.0,7.292677763811358,6f8cec1b9096711e9efeeb9b61a387e531f8fa23482007eb925e33c87852c042,"[0.8696661579888314, 0.8675892750034109, 0.8670341910328716]","[23027518.0, 23027518.0, 23027518.0]",,24481489.0,SBM,TRF,SBM,ok
t2g20_6666,ising,400,800,29290570,4,20000,1,cuda:0,ok,28909862.0,1.9715688150608912,1.9667706129839644,1.980801888043061,380708.0,1.2997630295347615,afd72bb48e4fb6bdda7087f763a4661c37a1818af0abcadef14b193e974a4c07,"[1.9667706129839644, 1.980801888043061, 1.9715688150608912]","[28909862.0, 28909862.0, 28909862.0]",,ok,5461516.0,2.524332985980436,2.521560973022133,2.5338586430298164,23829054.0,81.35401257128147,24cf5de9c76eb79d378dad5e87ab6143b6f648b7a6a725d1c09658fc30346bf2,"[2.524332985980436, 2.521560973022133, 2.5338586430298164]","[5461516.0, 5461516.0, 5461516.0]",,ok,26749403.0,0.8557604909874499,0.8556730709969997,0.8717820590827614,2541167.0,8.675717133534786,63f36a0aa83a6529cb6eb00b8c06265aec7345359584629d869e011e9899a693,"[0.8717820590827614, 0.8557604909874499, 0.8556730709969997]","[26749403.0, 26749403.0, 26749403.0]",,28909862.0,SBM,TRF,SBM,ok
t2g20_7777,ising,400,800,28349398,4,20000,1,cuda:6,ok,27888421.0,1.8002430219203234,1.7979422670323402,1.8076262479880825,460977.0,1.62605569261118,db0e1637244f266d520c2192ce1a50065a5bb111b48ea7718649628326e25c25,"[1.8076262479880825, 1.8002430219203234, 1.7979422670323402]","[27888421.0, 27888421.0, 27888421.0]",,ok,3477365.0,2.3374501419020817,2.332272402010858,2.3429110539145768,24872033.0,87.73390179220031,e762503a4cd252939f4235a50fabc8a646c8ef4b48b1ae002201baba288bf9b8,"[2.3429110539145768, 2.3374501419020817, 2.332272402010858]","[3477365.0, 3477365.0, 3477365.0]",,ok,26486822.0,0.8524835509015247,0.8524080099305138,0.8841392080066726,1862576.0,6.570072493250121,47a571fbb1afb3c96d4d7cb6e110a606f5126858c62fb06aa7d9b6aa0c7ad224,"[0.8841392080066726, 0.8524835509015247, 0.8524080099305138]","[26486822.0, 26486822.0, 26486822.0]",,27888421.0,SBM,TRF,SBM,ok
t3g5_5555,ising,125,375,10933215,4,20000,1,cuda:3,ok,10849163.0,1.9205805480014533,1.9166856430238113,1.9256353379460052,84052.0,0.7687766132834669,49b99fc61c3484d31a7bf912f1b76bb192177ad70139520ad58f94e9b8720b9c,"[1.9166856430238113, 1.9256353379460052, 1.9205805480014533]","[10849163.0, 10849163.0, 10849163.0]",,ok,303431.0,2.4741782369092107,2.4715221140068024,2.476601590984501,10629784.0,97.22468642572198,56d927600673e11c3d5a7bad039ff963f7fb19fb2057f70b80389e8f1d72b248,"[2.4741782369092107, 2.4715221140068024, 2.476601590984501]","[303431.0, 303431.0, 303431.0]",,ok,9904891.0,0.8213552529923618,0.8211795890238136,0.8231411469168961,1028324.0,9.405504236402559,c84cbd6729026f15bcb1e788ea09793cd296756ba4284ead7503fb507fe115df,"[0.8231411469168961, 0.8213552529923618, 0.8211795890238136]","[9904891.0, 9904891.0, 9904891.0]",,10849163.0,SBM,TRF,SBM,ok
t3g5_6666,ising,125,375,11582216,4,20000,1,cuda:6,ok,11392940.0,1.7986153090605512,1.790326989023015,1.7986180579755455,189276.0,1.6341950452314133,e42caf492edfbb16fb57e769cbbfc8483008fb12594c2307a387a62c12f3a9bb,"[1.790326989023015, 1.7986153090605512, 1.7986180579755455]","[11392940.0, 11392940.0, 11392940.0]",,ok,1608152.0,2.3371621209662408,2.3360494769876823,2.3375324869994074,9974064.0,86.11533406042506,a3c5919c3910466aed4519bbae8c2cad9fe4a24e1ab3cda572f6e981d4a1351a,"[2.3375324869994074, 2.3360494769876823, 2.3371621209662408]","[1608152.0, 1608152.0, 1608152.0]",,ok,10804105.0,0.817457293975167,0.8174072200199589,0.8525638879509643,778111.0,6.718153071916462,cc8220779182a7cb68ff29b11684ed8c361e6ab9bf1f1c0e2eecaadcc159ba09,"[0.8525638879509643, 0.817457293975167, 0.8174072200199589]","[10804105.0, 10804105.0, 10804105.0]",,11392940.0,SBM,TRF,SBM,ok
t3g5_7777,ising,125,375,11552046,4,20000,1,cuda:7,ok,11543850.0,1.955951321986504,1.9411028819158673,1.9567428869195282,8196.0,0.07094847094618564,cc3e39b05fb3303356b3523bd1a0d23c40f06dae3226a0ee49efc2a7a1608d30,"[1.9411028819158673, 1.9567428869195282, 1.955951321986504]","[11543850.0, 11543850.0, 11543850.0]",,ok,1976875.0,2.5387587130535394,2.532393925008364,2.5633824430406094,9575171.0,82.88723053907506,ca5b675f2345fa344e374b1507e489a3dbf1f1874a138f1aa20d8cf4989177a8,"[2.5633824430406094, 2.532393925008364, 2.5387587130535394]","[1976875.0, 1976875.0, 1976875.0]",,ok,10748245.0,0.8210070349741727,0.8208422160241753,0.850472597987391,803801.0,6.958083442534768,d0e142bd5629d923fb178235e687ab2957f2afa8d966637bc956361071b04fcb,"[0.850472597987391, 0.8208422160241753, 0.8210070349741727]","[10748245.0, 10748245.0, 10748245.0]",,11543850.0,SBM,TRF,SBM,ok
t3g6_5555,ising,216,648,17434469,4,20000,1,cuda:1,ok,17279926.0,1.9283380639972165,1.9217353470157832,1.9284384760539979,154543.0,0.8864221789605408,70e2616517be09bb25722aed913ae9c98ebe73b295565e3aac95761027d8f0a6,"[1.9217353470157832, 1.9283380639972165, 1.9284384760539979]","[17279926.0, 17279926.0, 17279926.0]",,ok,-594642.0,2.479895767988637,2.4765384750207886,2.4873631530208513,18029111.0,103.41072618844888,d989d1ae18dbb1491a52a649d04ddf288d4b4efcfb2e84ffa7c3937651303106,"[2.4873631530208513, 2.479895767988637, 2.4765384750207886]","[-594642.0, -594642.0, -594642.0]",,ok,16116909.0,0.8548186710104346,0.8547201749170199,0.8653750460362062,1317560.0,7.557213242341938,11f9e5dc39e2ba5d6f10f1fec32c9a2a3dffd46a3ee8ed26a470064cb3d1ee7c,"[0.8653750460362062, 0.8547201749170199, 0.8548186710104346]","[16116909.0, 16116909.0, 16116909.0]",,17279926.0,SBM,TRF,SBM,ok
t3g6_6666,ising,216,648,20217380,4,20000,1,cuda:6,ok,20023039.0,1.7990978410234675,1.7927950809244066,1.8039432080695406,194341.0,0.9612570966168712,4bdb29670507bd8d553fb38bdad82cdf8bb4f2617f0b1d6db488b90dc16b1127,"[1.8039432080695406, 1.7927950809244066, 1.7990978410234675]","[20023039.0, 20023039.0, 20023039.0]",,ok,3155652.0,2.3415692700073123,2.3379339900566265,2.343331263982691,17061728.0,84.39138998228258,f2fc4fb2bb527716d50bdc1aedc8c0d6f6e345607bd79d1b5dd2752a704d8783,"[2.3415692700073123, 2.3379339900566265, 2.343331263982691]","[3155652.0, 3155652.0, 3155652.0]",,ok,18662603.0,0.8434295490151271,0.84320810995996,0.8694334429455921,1554777.0,7.690299138661884,535a7a0b930e8c38fc42d24e1283aa0d6c5ec372e373e3f21e5b998f41bdbb61,"[0.8694334429455921, 0.84320810995996, 0.8434295490151271]","[18662603.0, 18662603.0, 18662603.0]",,20023039.0,SBM,TRF,SBM,ok
t3g6_7777,ising,216,648,19475011,4,20000,1,cuda:3,ok,19397574.0,1.9186392250703648,1.9168775290017948,1.9259790260111913,77437.0,0.39762236848030535,b112b917bc360a75dd93df2408ccb71d9b428a8a3cd38fcca20bdda51cc168d8,"[1.9168775290017948, 1.9259790260111913, 1.9186392250703648]","[19397574.0, 19397574.0, 19397574.0]",,ok,2467013.0,2.473727441043593,2.4666836680844426,2.4793590180343017,17007998.0,87.33241793804379,7ab84755da1a78475f82d64140475d7ec919e3058720600781c048e69227bfda,"[2.4793590180343017, 2.4666836680844426, 2.473727441043593]","[2467013.0, 2467013.0, 2467013.0]",,ok,17733610.0,0.8505341170821339,0.8500284380279481,0.8877859560307115,1741401.0,8.941720238309493,9b4fac05f9c931919c403867aa48461a3d2f6b12eeb42a39772e97da1a299c31,"[0.8877859560307115, 0.8505341170821339, 0.8500284380279481]","[17733610.0, 17733610.0, 17733610.0]",,19397574.0,SBM,TRF,SBM,ok
t3g7_5555,ising,343,1029,28302918,4,20000,1,cuda:3,ok,28148291.0,1.925946112954989,1.918141751899384,1.9294563479488716,154627.0,0.5463288272961819,48f37e9259a7e30244d9f271f548b0ee50dc3866e5030fc5d84d767ce88a31db,"[1.918141751899384, 1.925946112954989, 1.9294563479488716]","[28148291.0, 28148291.0, 28148291.0]",,ok,527570.0,2.482029978069477,2.4813475229311734,2.48691052000504,27775348.0,98.13598725050187,c69f4565b93fe669463a1e1e520530d3256762c9db84f651a9cd4045f719833a,"[2.4813475229311734, 2.48691052000504, 2.482029978069477]","[527570.0, 527570.0, 527570.0]",,ok,24199339.0,0.8398446589708328,0.839669521083124,0.840762736974284,4103579.0,14.498784188965958,10e6b1fe6c1d025666963f06ed1836b804f393694324be262e186a0809bf929a,"[0.840762736974284, 0.8398446589708328, 0.839669521083124]","[24199339.0, 24199339.0, 24199339.0]",,28148291.0,SBM,TRF,SBM,ok
t3g7_6666,ising,343,1029,33611981,4,20000,1,cuda:7,ok,33543912.0,1.955895093968138,1.9516878210706636,1.9658666360192,68069.0,0.20251409757728947,7f1da9bcf9f360a93d2aa34faf8302685ff6be4a7bc99e9cbf98842a00243233,"[1.955895093968138, 1.9516878210706636, 1.9658666360192]","[33543912.0, 33543912.0, 33543912.0]",,ok,5325125.0,2.543360225041397,2.526074956986122,2.550884413998574,28286856.0,84.15706292348553,bcfbc7545f7708ce178668464c08d812059c7a761b68eef5a03f7b02d3e036ac,"[2.526074956986122, 2.550884413998574, 2.543360225041397]","[5325125.0, 5325125.0, 5325125.0]",,ok,32608535.0,0.8530738260596991,0.8522639520233497,0.8835930849891156,1003446.0,2.9853819089092073,e6028dc51a80f933628d1e8103bb5bf273877598d7b603eaedc231ea81392f5b,"[0.8835930849891156, 0.8530738260596991, 0.8522639520233497]","[32608535.0, 32608535.0, 32608535.0]",,33543912.0,SBM,TRF,SBM,ok
t3g7_7777,ising,343,1029,29118445,4,20000,1,cuda:2,ok,28780755.0,1.955464974977076,1.9495055599836633,1.9608109900727868,337690.0,1.159711653558423,fde53e1116d93d5cf1080cf710761516de294bfbb7864838a05a2fc8a50437d0,"[1.9495055599836633, 1.955464974977076, 1.9608109900727868]","[28780755.0, 28780755.0, 28780755.0]",,ok,2469448.0,2.5398048229981214,2.528488876996562,2.543468457995914,26648997.0,91.51929988019621,6f0d142cb69edb3fb919c96e579b785d66d1ee1d45fb7c983f3bdb2a41737788,"[2.5398048229981214, 2.528488876996562, 2.543468457995914]","[2469448.0, 2469448.0, 2469448.0]",,ok,26737862.0,0.849209064966999,0.8484374940162525,0.8951292579295114,2380583.0,8.175515553801036,387b938e7d37cc47ecd491d428054c9ea60301c49f8ad55a35ee3bbbe1dae57e,"[0.8951292579295114, 0.849209064966999, 0.8484374940162525]","[26737862.0, 26737862.0, 26737862.0]",,28780755.0,SBM,TRF,SBM,ok
w01_100.0,rudy,100,495,651,4,20000,1,cuda:2,ok,651.0,1.9665794399334118,1.9469992800150067,1.968327617039904,0.0,0.0,a8f29e855b5b64bcef08fc521f658289ea76c220a30e9131a90376fca6ebe911,"[1.9469992800150067, 1.968327617039904, 1.9665794399334118]","[651.0, 651.0, 651.0]",,ok,450.0,2.5294044020120054,2.525915105943568,2.5353698470862582,201.0,30.87557603686636,9717003f5717f99de2bae3bba892803bf1c45937803050fc575177f480491c28,"[2.5353698470862582, 2.5294044020120054, 2.525915105943568]","[450.0, 450.0, 450.0]",,ok,554.0,0.8246309700189158,0.8231362990336493,0.8410599320195615,97.0,14.90015360983103,1fd885bdcb8f280bd9c958db3e0d154b1375746d763146584487732f784fc30f,"[0.8246309700189158, 0.8410599320195615, 0.8231362990336493]","[554.0, 554.0, 554.0]",,651.0,SBM,TRF,SBM,ok
w01_100.1,rudy,100,495,719,4,20000,1,cuda:6,ok,719.0,1.7941372100031003,1.7908260780386627,1.7993353650672361,0.0,0.0,de77e963b7fd21e01fd5be0524f72e794de5d44d2139ea1802b314f2fa0898fa,"[1.7993353650672361, 1.7941372100031003, 1.7908260780386627]","[719.0, 719.0, 719.0]",,ok,476.0,2.339137129019946,2.3386630180757493,2.3417925080284476,243.0,33.796940194714885,2a05b4ad0cad915aa2067a66202dbdc58e9dd7036253c6757d7134793c41e00f,"[2.3386630180757493, 2.339137129019946, 2.3417925080284476]","[476.0, 476.0, 476.0]",,ok,696.0,0.8296339469961822,0.8198048319900408,0.8407777650281787,23.0,3.198887343532684,32cc67dcaf6dffa69d5d2e0ee7085b525f535ed7bd0a08689619756107da6edd,"[0.8407777650281787, 0.8296339469961822, 0.8198048319900408]","[696.0, 696.0, 696.0]",,719.0,SBM,TRF,SBM,ok
w01_100.2,rudy,100,495,676,4,20000,1,cuda:5,ok,676.0,1.9402411109767854,1.9366048249648884,1.9424882179591805,0.0,0.0,95946699ebbe43ab2939a600ade59ba1e107e0715c50c4d251ef7e94874fb98a,"[1.9402411109767854, 1.9424882179591805, 1.9366048249648884]","[676.0, 676.0, 676.0]",,ok,515.0,2.4986599599942565,2.496444492950104,2.513900259975344,161.0,23.816568047337277,a38bd1dbd44f8527f682671f43607c86a0de97c1bd386f8779e45aff424cf39c,"[2.4986599599942565, 2.513900259975344, 2.496444492950104]","[515.0, 515.0, 515.0]",,ok,587.0,0.8362343800254166,0.8358902860200033,0.8800887409597635,89.0,13.165680473372781,f612cf172f1f1c55eae6a43690ea7e6a1ef555200207e3b9af23cefb88196107,"[0.8800887409597635, 0.8362343800254166, 0.8358902860200033]","[587.0, 587.0, 587.0]",,676.0,SBM,TRF,SBM,ok
w01_100.3,rudy,100,495,813,4,20000,1,cuda:0,ok,813.0,1.9648461219621822,1.9432440709788352,1.9703106390079483,0.0,0.0,1a2390de6d5326c7b844198b587cf29530ba980a75b9de97df4a7703c013d682,"[1.9432440709788352, 1.9703106390079483, 1.9648461219621822]","[813.0, 813.0, 813.0]",,ok,665.0,2.514518502051942,2.5133379941107705,2.5212376600829884,148.0,18.204182041820417,ffa6585fc55e40a37b61586266d6cde092202c27ad24c65f3d279fa0965b60e9,"[2.5212376600829884, 2.5133379941107705, 2.514518502051942]","[665.0, 665.0, 665.0]",,ok,774.0,0.8260826640762389,0.8257891469402239,0.8262770000146702,39.0,4.797047970479705,46a59cb58b1e29251ce83d4931d98c3019a7eb8ba02afb0105dd920f86b5516c,"[0.8262770000146702, 0.8260826640762389, 0.8257891469402239]","[774.0, 774.0, 774.0]",,813.0,SBM,TRF,SBM,ok
w01_100.4,rudy,100,495,668,4,20000,1,cuda:4,ok,668.0,1.9406606910051778,1.940355302998796,1.9409957199823111,0.0,0.0,a9421780515d2294310a2fab7035c197540229e8a6e734f9d7985da130e9c4e4,"[1.940355302998796, 1.9409957199823111, 1.9406606910051778]","[668.0, 668.0, 668.0]",,ok,589.0,2.505206939065829,2.5042280800407752,2.506775043089874,79.0,11.826347305389222,493f291c1f49eeff91be2cf14bb9b36e13583b823a99db7a5226f2eceff23a8b,"[2.5042280800407752, 2.506775043089874, 2.505206939065829]","[589.0, 589.0, 589.0]",,ok,591.0,0.8034428840037435,0.80326969595626,0.8310819420730695,77.0,11.52694610778443,6ae8b103225917608157aa3cf88829b9a1cbf289b47e0f48e3a9f4dce0fa7243,"[0.8310819420730695, 0.80326969595626, 0.8034428840037435]","[591.0, 591.0, 591.0]",,668.0,SBM,TRF,SBM,ok
w01_100.5,rudy,100,495,643,4,20000,1,cuda:1,ok,642.0,1.9239692779956385,1.9202136819949374,1.9279691739939153,1.0,0.15552099533437014,14d77767c040fde0f0c94b0950efecc56dd80d5d3f25f9f319969395e9f1867d,"[1.9202136819949374, 1.9279691739939153, 1.9239692779956385]","[642.0, 642.0, 642.0]",,ok,504.0,2.485604375950061,2.4822693689493462,2.5162303999532014,139.0,21.61741835147745,8273668b282d27ed680fc0d3a34945b69c399c871fd539dcc2c47c3c17c86c80,"[2.5162303999532014, 2.485604375950061, 2.4822693689493462]","[504.0, 504.0, 504.0]",,ok,548.0,0.8320531690260395,0.8314727910328656,0.8614962740102783,95.0,14.774494556765163,0ffcc00ad918d04b379fc131f7d98b06fc9764643e428700e0a7d2bf8c8862cc,"[0.8614962740102783, 0.8320531690260395, 0.8314727910328656]","[548.0, 548.0, 548.0]",,642.0,SBM,TRF,SBM,ok
w01_100.6,rudy,100,495,654,4,20000,1,cuda:3,ok,654.0,1.9173964519286528,1.9164908459642902,1.9207226970465854,0.0,0.0,71d51e32bad08ddeec4ec1f034f474bd641889959150884905a9fb35fb9e4073,"[1.9164908459642902, 1.9207226970465854, 1.9173964519286528]","[654.0, 654.0, 654.0]",,ok,390.0,2.478207631036639,2.476781037985347,2.4789195290068164,264.0,40.36697247706422,4f2ae9318fcda788bf1a4af6a6bb9cc4ba25a60aa341c4c9b5e295f02d60183d,"[2.476781037985347, 2.478207631036639, 2.4789195290068164]","[390.0, 390.0, 390.0]",,ok,591.0,0.8277342930668965,0.8275652730371803,0.8476711509283632,63.0,9.63302752293578,fca1104a09a565126a2c5d752700cf86f767950ca9d8345783b3c7469bd36147,"[0.8476711509283632, 0.8277342930668965, 0.8275652730371803]","[591.0, 591.0, 591.0]",,654.0,SBM,TRF,SBM,ok
w01_100.7,rudy,100,495,725,4,20000,1,cuda:7,ok,725.0,1.9500194630818442,1.9465210690395907,1.9506568619981408,0.0,0.0,be58f4cd5777e64bd798b65afe6b1706aa72c54acf2e7f502a1be53b88c31992,"[1.9465210690395907, 1.9500194630818442, 1.9506568619981408]","[725.0, 725.0, 725.0]",,ok,587.0,2.5271198899718,2.5189319050405174,2.53800640697591,138.0,19.03448275862069,86a5bf702aed66da601abc06d53e7f350fa33a5efcfbdb580cf3a0986874b477,"[2.53800640697591, 2.5189319050405174, 2.5271198899718]","[587.0, 587.0, 587.0]",,ok,698.0,0.8209606189047918,0.8207436369266361,0.8684679330326617,27.0,3.7241379310344827,1d4b3aec9e8ce9a27fb9c0e524972fca1e171656c2130c827c43d9d006689469,"[0.8684679330326617, 0.8209606189047918, 0.8207436369266361]","[698.0, 698.0, 698.0]",,725.0,SBM,TRF,SBM,ok
w01_100.8,rudy,100,495,721,4,20000,1,cuda:2,ok,714.0,1.9578101149527356,1.9412945520598441,1.9744154619984329,7.0,0.970873786407767,f1d8342497350342529c720f3c5e5cff993b05feae84c9f5f0ee67b8444ef715,"[1.9412945520598441, 1.9578101149527356, 1.9744154619984329]","[714.0, 714.0, 714.0]",,ok,563.0,2.5288093299604952,2.523198625072837,2.53289044694975,158.0,21.914008321775313,acd660efc2eab2688f9adae08507a1a5b67d1b9d4d66a1abee32db88d8c9d1b1,"[2.53289044694975, 2.523198625072837, 2.5288093299604952]","[563.0, 563.0, 563.0]",,ok,671.0,0.8211115889716893,0.8210250500123948,0.8457025099778548,50.0,6.934812760055478,1ee210741870900a01a571f55ee286887e07830a40b87a8473d19928d6901bd1,"[0.8457025099778548, 0.8211115889716893, 0.8210250500123948]","[671.0, 671.0, 671.0]",,714.0,SBM,TRF,SBM,ok
w01_100.9,rudy,100,495,729,4,20000,1,cuda:6,ok,718.0,1.7929747879970819,1.7917856210842729,1.8035593080567196,11.0,1.5089163237311385,ffc15ad4ed6954415bd46409a4f14128bcc08045bd661cc1ac71a104ff030505,"[1.8035593080567196, 1.7917856210842729, 1.7929747879970819]","[718.0, 718.0, 718.0]",,ok,513.0,2.3421600720612332,2.340184969943948,2.343394315917976,216.0,29.62962962962963,07c64e3121e35b488b3d5aa5e8a790125b4d5fa4a6d0f441d84b0c97cfcf74da,"[2.3421600720612332, 2.340184969943948, 2.343394315917976]","[513.0, 513.0, 513.0]",,ok,678.0,0.8175690199714154,0.8173586910124868,0.8176305940141901,51.0,6.995884773662551,b66a26c972a41751aa4fdbc2e5b8ebd082e416a0a442119bb621b54ebb50c0d0,"[0.8176305940141901, 0.8175690199714154, 0.8173586910124868]","[678.0, 678.0, 678.0]",,718.0,SBM,TRF,SBM,ok
w05_100.0,rudy,100,2475,1646,4,20000,1,cuda:5,ok,1625.0,1.9448473550146446,1.9395420980872586,1.947262110072188,21.0,1.275820170109356,feea882fb476573ce19a65b57d5b9a921eb108bc1587534dd9c8f744eca4ed83,"[1.9448473550146446, 1.947262110072188, 1.9395420980872586]","[1625.0, 1625.0, 1625.0]",,ok,905.0,2.4930651449831203,2.491095955017954,2.4990309750428423,741.0,45.01822600243013,d5a21ca5e94096cce9108fe7274a595ac89f34283160b3a045880999fe81f209,"[2.491095955017954, 2.4990309750428423, 2.4930651449831203]","[894.0, 727.0, 905.0]",,ok,1391.0,0.8538392210612074,0.8520430990029126,0.8974365559406579,255.0,15.492102065613608,7372d7340e2cab660495c377889c54805a125194c095297cc573c1a4fde58ffe,"[0.8974365559406579, 0.8538392210612074, 0.8520430990029126]","[1391.0, 1391.0, 1391.0]",,1625.0,SBM,TRF,SBM,ok
w05_100.1,rudy,100,2475,1606,4,20000,1,cuda:0,ok,1606.0,1.9753901679068804,1.959372490993701,1.9928844349924475,0.0,0.0,3e21d77326e323c89cb779d45ec624e85fa86942798e7fed6f40f2c178414df7,"[1.9928844349924475, 1.959372490993701, 1.9753901679068804]","[1606.0, 1606.0, 1606.0]",,ok,841.0,2.517957988078706,2.5151645770529285,2.5208810579497367,765.0,47.63387297633873,6a6b27f3225193344631be9c52f5de57138f3068f7c24d1049ef23fd26d33333,"[2.5208810579497367, 2.5151645770529285, 2.517957988078706]","[820.0, 753.0, 841.0]",,ok,1333.0,0.8375180150615051,0.8370512180263177,0.8598237739643082,273.0,16.998754669987548,8fa0994d08562a80bc68a25c5edb8d6ae45437801b1987ff2b2e979fd3267653,"[0.8598237739643082, 0.8370512180263177, 0.8375180150615051]","[1333.0, 1333.0, 1333.0]",,1606.0,SBM,TRF,SBM,ok
w05_100.2,rudy,100,2475,1902,4,20000,1,cuda:4,ok,1902.0,1.9411563059547916,1.938298607012257,1.942731055081822,0.0,0.0,19ffd8048e533df866d19162921302eba8641e33b942f2902f032a16fc997375,"[1.942731055081822, 1.938298607012257, 1.9411563059547916]","[1902.0, 1902.0, 1902.0]",,ok,1272.0,2.5015629500849172,2.5001913090236485,2.504531600046903,630.0,33.12302839116719,e621195b17eeea699d8eb3b0fa99c53b64a7cce670f5c9705f19f98584e01b0d,"[2.5015629500849172, 2.5001913090236485, 2.504531600046903]","[1167.0, 876.0, 1272.0]",,ok,1738.0,0.8195736550260335,0.8193115600151941,0.8303080240730196,164.0,8.622502628811777,419f6e63898e45f49b8e118bafd61e4afdc8e06a0887b8909461dbadcd4186f6,"[0.8303080240730196, 0.8195736550260335, 0.8193115600151941]","[1738.0, 1738.0, 1738.0]",,1902.0,SBM,TRF,SBM,ok
w05_100.3,rudy,100,2475,1627,4,20000,1,cuda:1,ok,1627.0,1.933101719012484,1.9295451090438291,1.9359161230968311,0.0,0.0,9c485f5de1e78972fc63d460f586f41e53c90bca3d7a45666a749d338719ea09,"[1.9295451090438291, 1.933101719012484, 1.9359161230968311]","[1627.0, 1627.0, 1627.0]",,ok,992.0,2.476614639046602,2.473527553025633,2.4799010650021955,635.0,39.02888752304855,bd9f521cbb15e34efb13c44b6ab2988caae4476e1ab168f8422133d257eeafcf,"[2.4799010650021955, 2.476614639046602, 2.473527553025633]","[884.0, 992.0, 937.0]",,ok,1296.0,0.8497321750037372,0.8491232759552076,0.8727339759934694,331.0,20.344191763982792,67e8c0a34a4a5a8ab5d7fc8883b5f4907a9c04a986cf1335869bbca146c40f47,"[0.8727339759934694, 0.8497321750037372, 0.8491232759552076]","[1296.0, 1296.0, 1296.0]",,1627.0,SBM,TRF,SBM,ok
w05_100.4,rudy,100,2475,1546,4,20000,1,cuda:3,ok,1546.0,1.9244123749667779,1.9164553119335324,1.9244571869494393,0.0,0.0,b03c4dcb92dfe424ab5b7918643ac4dec0ccbdd22575351af6c07ae795138c9b,"[1.9164553119335324, 1.9244571869494393, 1.9244123749667779]","[1546.0, 1546.0, 1546.0]",,ok,823.0,2.477554176002741,2.472158332937397,2.4830353829311207,723.0,46.76584734799483,53b8dae164ac1b8f47739da1b05d843a5c89c27925af8946fdde938125a7051d,"[2.477554176002741, 2.4830353829311207, 2.472158332937397]","[687.0, 823.0, 626.0]",,ok,1396.0,0.8444898129673675,0.8437684109667316,0.8593323579989374,150.0,9.702457956015524,a789ea429c1e74faf121e31fe73390860aca7d2bf858cf46a4063c2de16efe06,"[0.8593323579989374, 0.8444898129673675, 0.8437684109667316]","[1396.0, 1396.0, 1396.0]",,1546.0,SBM,TRF,SBM,ok
w05_100.5,rudy,100,2475,1581,4,20000,1,cuda:7,ok,1581.0,1.954510303097777,1.9543702560476959,1.9667490310966969,0.0,0.0,2afd8589cfc95da9b6b4e286969a7804c6f615bfa6b4c91f6d795c248f11e797,"[1.9667490310966969, 1.9543702560476959, 1.954510303097777]","[1581.0, 1581.0, 1581.0]",,ok,838.0,2.5280655110254884,2.513416392961517,2.5324411829933524,743.0,46.99557242251739,c68f22f2b6a24e00b010e276eb9aa4122755a3ce87918838c913926afceaacfc,"[2.513416392961517, 2.5280655110254884, 2.5324411829933524]","[783.0, 809.0, 838.0]",,ok,1284.0,0.8433190600480884,0.8407123299548402,0.844719243934378,297.0,18.785578747628083,59f509ae0152401a68608afa145dd0e230e2724c5283e999c930d4290c624134,"[0.8407123299548402, 0.8433190600480884, 0.844719243934378]","[1284.0, 1284.0, 1284.0]",,1581.0,SBM,TRF,SBM,ok
w05_100.6,rudy,100,2475,1479,4,20000,1,cuda:6,ok,1479.0,1.7967846390092745,1.7911078740144148,1.7986008749576285,0.0,0.0,7436b034630e5965f5d3391f9918915f53dcb90a4cc89edd8fba1ec6398ef39c,"[1.7986008749576285, 1.7911078740144148, 1.7967846390092745]","[1479.0, 1479.0, 1479.0]",,ok,661.0,2.338123479974456,2.33593792503234,2.33889779006131,818.0,55.30764029749831,19d555700fddb6805c873af276e895f8300028266dd4416f962cd1483baa9565,"[2.338123479974456, 2.33889779006131, 2.33593792503234]","[642.0, 661.0, 656.0]",,ok,1230.0,0.8385573799023405,0.8383360210573301,0.8629725310020149,249.0,16.835699797160242,9fde39ae31c2f6446cfb5bbeee10601604c624cf317c7d67a6de2ee3938342c4,"[0.8629725310020149, 0.8385573799023405, 0.8383360210573301]","[1230.0, 1230.0, 1230.0]",,1479.0,SBM,TRF,SBM,ok
w05_100.7,rudy,100,2475,1987,4,20000,1,cuda:2,ok,1968.0,1.9579763860674575,1.9531339020468295,1.96769767801743,19.0,0.9562154001006542,031ceba5aee453f97788fc2078836ea7832b641c8ee746321d5bc9a4edf555a7,"[1.9531339020468295, 1.96769767801743, 1.9579763860674575]","[1968.0, 1968.0, 1968.0]",,ok,1266.0,2.5203195789363235,2.519449842046015,2.56517715100199,721.0,36.285858077503775,7666248e8ff9c34a500d41235a0d439936d57cb4aebbd3ca203b88c8cf27b9a4,"[2.56517715100199, 2.5203195789363235, 2.519449842046015]","[1266.0, 970.0, 1244.0]",,ok,1805.0,0.8460088899591938,0.8370850189821795,0.8685174189740792,182.0,9.159536990437847,f76b646770d1953b14130c450cf0f5edb7697ccbfcbafd9ee0d28a242fac5e22,"[0.8685174189740792, 0.8460088899591938, 0.8370850189821795]","[1805.0, 1805.0, 1805.0]",,1968.0,SBM,TRF,SBM,ok
w05_100.8,rudy,100,2475,1311,4,20000,1,cuda:5,ok,1311.0,1.9439821080304682,1.9419697729172185,1.9472140240250155,0.0,0.0,f0b6585b87308c4bdeca268ea8169812afe5e45ae42f3d9a2325ed8d85430e93,"[1.9419697729172185, 1.9472140240250155, 1.9439821080304682]","[1311.0, 1311.0, 1311.0]",,ok,664.0,2.4982201480306685,2.497439556987956,2.505489571020007,647.0,49.35163996948894,5e65385b81ea5e6b832c9f2cdccc6cce480c7dbb38cf63139adb5eeaf67bb3bd,"[2.505489571020007, 2.497439556987956, 2.4982201480306685]","[543.0, 664.0, 380.0]",,ok,1104.0,0.8469991479068995,0.8469821140170097,0.8471530079841614,207.0,15.789473684210526,0735476fd31aaa24516e61c0a6616cf75285045ee75e94ab5ca3101f7118d437,"[0.8471530079841614, 0.8469821140170097, 0.8469991479068995]","[1104.0, 1104.0, 1104.0]",,1311.0,SBM,TRF,SBM,ok
w05_100.9,rudy,100,2475,1752,4,20000,1,cuda:0,ok,1752.0,1.9702053230721503,1.9682745670434088,1.9721711919410154,0.0,0.0,b6dbade38b9b47f860c8cae585e13d25a11ac1f2030198a567673c9899daf68d,"[1.9721711919410154, 1.9682745670434088, 1.9702053230721503]","[1752.0, 1752.0, 1752.0]",,ok,876.0,2.522393587976694,2.521064721979201,2.5297631380381063,876.0,50.0,be0dc62d18c171e69a417e57a86be7613655deb139d4aaea27807a91856bbf28,"[2.5297631380381063, 2.521064721979201, 2.522393587976694]","[876.0, 798.0, 848.0]",,ok,1534.0,0.8372968869516626,0.8372360620414838,0.8859014679910615,218.0,12.442922374429223,52a408371a25192f84a44cf7b415d21e89a63964fcea7f2c2087ea1c803e212d,"[0.8859014679910615, 0.8372968869516626, 0.8372360620414838]","[1534.0, 1534.0, 1534.0]",,1752.0,SBM,TRF,SBM,ok
w09_100.0,rudy,100,4455,2121,4,20000,1,cuda:4,ok,2121.0,1.9350647800602019,1.9299727320903912,1.9381120488978922,0.0,0.0,1274fb223a8b55101211dca45de66798045365c6b4c3a8b6a9e8de3f076ba9e7,"[1.9381120488978922, 1.9299727320903912, 1.9350647800602019]","[2121.0, 2121.0, 2121.0]",,ok,977.0,2.511585431988351,2.5108820690074936,2.5125463580479845,1144.0,53.936822253653936,89d9520d714776a080d277d8d0519113d3af0675ba6c27609d9543219d622286,"[2.5108820690074936, 2.511585431988351, 2.5125463580479845]","[977.0, 762.0, 948.0]",,ok,1859.0,0.8300268590683118,0.8297626139828935,0.868155431933701,262.0,12.352663837812353,4cc36dd754897adcf0917ea28a8d7b6b5e0f84ac6a51bba7f61a8fa3d3356813,"[0.868155431933701, 0.8297626139828935, 0.8300268590683118]","[1859.0, 1859.0, 1859.0]",,2121.0,SBM,TRF,SBM,ok
w09_100.1,rudy,100,4455,2096,4,20000,1,cuda:1,ok,2096.0,1.933461895911023,1.9274340100819245,1.933893435052596,0.0,0.0,4ba3dca1b2dd8107615f29664cb25f9db7b875ce014f4b4aa66b0af689742c3e,"[1.9274340100819245, 1.933461895911023, 1.933893435052596]","[2096.0, 2096.0, 2096.0]",,ok,839.0,2.4849158111028373,2.480647855089046,2.48762881802395,1257.0,59.971374045801525,5492e3f1f3b0015e7db13f81f5ff5d9c43cd4a0c7f1e029d4d1a35fcad61b9be,"[2.48762881802395, 2.480647855089046, 2.4849158111028373]","[839.0, 707.0, 785.0]",,ok,1723.0,0.8865073210326955,0.8863503240281716,0.8868254300905392,373.0,17.795801526717558,5beb73872d9be91434fe5d255763ec785bdd480e319cdeea4b17590f9e4a104f,"[0.8863503240281716, 0.8865073210326955, 0.8868254300905392]","[1723.0, 1723.0, 1723.0]",,2096.0,SBM,TRF,SBM,ok
w09_100.2,rudy,100,4455,2738,4,20000,1,cuda:3,ok,2738.0,1.922568446956575,1.9203785839490592,1.924756543012336,0.0,0.0,b6a9993d9cab3a356248ad63d44eb8c7741b66e7d5a0b9da8b03f59dc9f58e36,"[1.9203785839490592, 1.924756543012336, 1.922568446956575]","[2738.0, 2738.0, 2738.0]",,ok,1476.0,2.4871118859155104,2.4781554139917716,2.487866588984616,1262.0,46.09203798392988,1fd8c3b1cc4b331b52d7157aec75d7007721c0dd3af2b758a1c1be37be1aa384,"[2.487866588984616, 2.4781554139917716, 2.4871118859155104]","[1410.0, 1392.0, 1476.0]",,ok,2434.0,0.8528804770903662,0.8502157770562917,0.8959961229702458,304.0,11.10299488677867,880ca7ec5bb576b98480749c94c391e3e8f947fdc1f88ed7872416dc734099af,"[0.8959961229702458, 0.8528804770903662, 0.8502157770562917]","[2434.0, 2434.0, 2434.0]",,2738.0,SBM,TRF,SBM,ok
w09_100.3,rudy,100,4455,1990,4,20000,1,cuda:7,ok,1983.0,1.9620671079028398,1.9615808400558308,1.9625550149939954,7.0,0.35175879396984927,c09a59a3f12964353e6fef8e4b9b39b6488cbec031d0445482e269f2c242ee58,"[1.9625550149939954, 1.9620671079028398, 1.9615808400558308]","[1983.0, 1983.0, 1983.0]",,ok,992.0,2.533515375922434,2.5302352169528604,2.535175597993657,998.0,50.15075376884422,97cc7ba3b254cf7ec1e8f2993722a5e49cf4e84db3d242def0c16bb848747dd0,"[2.533515375922434, 2.535175597993657, 2.5302352169528604]","[952.0, 773.0, 992.0]",,ok,1645.0,0.8546479109209031,0.8535798650700599,0.9014692060882226,345.0,17.33668341708543,e0a05e098c9fabc4bf6cc094dd41f3f043136d44f6ebe1082a1a172534729b13,"[0.9014692060882226, 0.8546479109209031, 0.8535798650700599]","[1645.0, 1645.0, 1645.0]",,1983.0,SBM,TRF,SBM,ok
w09_100.4,rudy,100,4455,2033,4,20000,1,cuda:6,ok,2033.0,1.801901034079492,1.796958553022705,1.804022665019147,0.0,0.0,9f4196624f950ff8f039cf6f6434bddefc4bd968c5b065c9f973ac6d3e70d7d6,"[1.796958553022705, 1.801901034079492, 1.804022665019147]","[2033.0, 2033.0, 2033.0]",,ok,801.0,2.3476081340340897,2.3465194719610736,2.348296344978735,1232.0,60.60009837678308,6eeee95e360474638637f0878e5a4186f06d79cf2657f96ae1f727b3f9f5e941,"[2.3476081340340897, 2.348296344978735, 2.3465194719610736]","[668.0, 553.0, 801.0]",,ok,1778.0,0.8506055129691958,0.8497975500067696,0.8599537770496681,255.0,12.543039842597148,eb828963b82d376e9b075cb1c627dced22d637994109883466f1bb069123e8d9,"[0.8599537770496681, 0.8506055129691958, 0.8497975500067696]","[1778.0, 1778.0, 1778.0]",,2033.0,SBM,TRF,SBM,ok
w09_100.5,rudy,100,4455,2433,4,20000,1,cuda:2,ok,2433.0,1.9622403519460931,1.9611982359783724,1.9707228550687432,0.0,0.0,64ec2043b3af31893ad801368b55228eca9b8e15731d256a8c09454ba4f3528e,"[1.9707228550687432, 1.9611982359783724, 1.9622403519460931]","[2433.0, 2433.0, 2433.0]",,ok,1189.0,2.531551518011838,2.5224606479750946,2.5478294369531795,1244.0,51.13029182079737,57ccdd1ab7aaf93930cdc0edb4eca1dc9f345b5059f41ee01ab6ee22caf5ef60,"[2.531551518011838, 2.5478294369531795, 2.5224606479750946]","[897.0, 1189.0, 1143.0]",,ok,1981.0,0.8505429339129478,0.8473374190507457,0.8620089929318056,452.0,18.57788738183313,534a37c60a999726e4cff507bac152d513c52b4bb84cd043d8634e957c5274a6,"[0.8620089929318056, 0.8473374190507457, 0.8505429339129478]","[1981.0, 1981.0, 1981.0]",,2433.0,SBM,TRF,SBM,ok
w09_100.6,rudy,100,4455,2220,4,20000,1,cuda:5,ok,2220.0,1.9433357400121167,1.9342620830284432,1.9475653020199388,0.0,0.0,e2e9134142947dfe2d8fb735706eca577402867ea9e27e11243a4a5f52110ede,"[1.9342620830284432, 1.9475653020199388, 1.9433357400121167]","[2220.0, 2220.0, 2220.0]",,ok,1026.0,2.499305406003259,2.497665324015543,2.517063980922103,1194.0,53.78378378378378,6a62f84a1ea9568bca78d2c1d259874b49cb4c87d0089984b0f3073f9b85ebef,"[2.499305406003259, 2.497665324015543, 2.517063980922103]","[1026.0, 714.0, 960.0]",,ok,1662.0,0.8659441720228642,0.8636036070529372,0.8814654799643904,558.0,25.135135135135137,ee0e8ba3a225ee7e465e8a617b352c166eae50e982529135ae2d43de72f269d8,"[0.8814654799643904, 0.8659441720228642, 0.8636036070529372]","[1662.0, 1662.0, 1662.0]",,2220.0,SBM,TRF,SBM,ok
w09_100.7,rudy,100,4455,2252,4,20000,1,cuda:0,ok,2252.0,1.9717458609957248,1.9643432480515912,1.9742451600031927,0.0,0.0,ae394fcf1c9bfb253e6dbef3f713df488e99f3f21ac9caee1030277a6ab3fb7b,"[1.9643432480515912, 1.9717458609957248, 1.9742451600031927]","[2252.0, 2252.0, 2252.0]",,ok,996.0,2.524596757022664,2.521472302963957,2.526274986099452,1256.0,55.772646536412076,8d3ac443b99f1e8d7e51e6312a022646c412f2f6e375023b028b017d8888bab8,"[2.524596757022664, 2.521472302963957, 2.526274986099452]","[912.0, 996.0, 909.0]",,ok,1901.0,0.8504673360148445,0.8499137940816581,0.8548705340363085,351.0,15.58614564831261,b7e12e61533d837d01dc5bbe87bfa60cb94efe6e6640121150c694dddcc24d28,"[0.8499137940816581, 0.8504673360148445, 0.8548705340363085]","[1901.0, 1901.0, 1901.0]",,2252.0,SBM,TRF,SBM,ok
w09_100.8,rudy,100,4455,1843,4,20000,1,cuda:4,ok,1836.0,1.9434292470104992,1.940721136983484,1.9497040450805798,7.0,0.3798155181768855,40dc01543f4d41b3a0d1f47bcaa07479ae703f45a19c37596119448d4b77e872,"[1.9497040450805798, 1.940721136983484, 1.9434292470104992]","[1836.0, 1836.0, 1836.0]",,ok,697.0,2.5120494560105726,2.508059518993832,2.5135336339008063,1146.0,62.181226261530114,4eb17e64bbb54784f6eb3c0ea7fc50e55dbcc08b41ef268a50e17604349b1ef3,"[2.508059518993832, 2.5135336339008063, 2.5120494560105726]","[438.0, 697.0, 381.0]",,ok,1576.0,0.8294460870092735,0.8290446230676025,0.8597002939786762,267.0,14.487249050461205,a005d81ea5ff00397a428370ff05517dd968d69803ef1c956cb25d60270796eb,"[0.8597002939786762, 0.8290446230676025, 0.8294460870092735]","[1576.0, 1576.0, 1576.0]",,1836.0,SBM,TRF,SBM,ok
w09_100.9,rudy,100,4455,2043,4,20000,1,cuda:1,ok,2043.0,1.9249751958996058,1.92201161198318,1.9280445019248873,0.0,0.0,5cfb0ad244f997f948e1d8b09a0c0d1bd7fbd59b49a8e12413d4b662d74f1e5b,"[1.92201161198318, 1.9280445019248873, 1.9249751958996058]","[2043.0, 2043.0, 2043.0]",,ok,1009.0,2.4868679989594966,2.481445597950369,2.4868776550283656,1034.0,50.61184532550171,6553fc6bd6dfcf93e8ebdd42ab741451b135859be360f61e516a7f3a9aa204a0,"[2.4868679989594966, 2.4868776550283656, 2.481445597950369]","[581.0, 1009.0, 578.0]",,ok,1679.0,0.8590948689961806,0.8590714080492035,0.8863611340057105,364.0,17.816935878609886,30afa76240feaeca0f2f380720cdc1b3a214f7a9080cb32901c36a89a10649d7,"[0.8863611340057105, 0.8590948689961806, 0.8590714080492035]","[1679.0, 1679.0, 1679.0]",,2043.0,SBM,TRF,SBM,ok
