date,method,margin,realized_pnl,realized_loss,breach,breach_excess,winner,winner_solver,winner_repeat,candidates,calibration_start,calibration_end,penalty_selection_date,reference_margin,reference_gap,summed_candidate_repair_seconds,summed_amortized_solve_seconds
2025-07-08,torch_sbm,0.012812708414300482,0.017504897950814242,-0.017504897950814242,False,0.0,d000_b8_p00_r0_torch_sbm,torch_sbm,0,3,2025-01-03,2025-07-07,False,0.012843936287441063,3.122787314058066e-05,0.004327532136812806,0.10624167347123148
2025-07-08,torch_svl,0.01281809054075161,0.017504897950814242,-0.017504897950814242,False,0.0,d000_b8_p00_r1_torch_svl,torch_svl,1,3,2025-01-03,2025-07-07,False,0.012843936287441063,2.5845746689453358e-05,0.002635281067341566,1.5874269948690198
2025-07-08,torch_transverse_route,0.012812708414300482,0.017504897950814242,-0.017504897950814242,False,0.0,d000_b8_p00_r0_torch_transverse_route,torch_transverse_route,0,3,2025-01-03,2025-07-07,False,0.012843936287441063,3.122787314058066e-05,0.004258728004060686,0.18708151761529734
2025-07-08,combined,0.01281809054075161,0.017504897950814242,-0.017504897950814242,False,0.0,d000_b8_p00_r1_torch_svl,torch_svl,1,9,2025-01-03,2025-07-07,False,0.012843936287441063,2.5845746689453358e-05,0.011221541208215058,1.8807501859555487
2025-07-09,torch_sbm,0.012487340006601103,0.08442829965315857,-0.08442829965315857,False,0.0,d001_b8_p00_r0_torch_sbm,torch_sbm,0,3,2025-01-06,2025-07-08,False,0.012495100317590206,7.760310989103278e-06,0.0062976350309327245,0.10624167347123148
2025-07-09,torch_svl,0.012487340006601103,0.08442829965315857,-0.08442829965315857,False,0.0,d001_b8_p00_r2_torch_svl,torch_svl,2,3,2025-01-06,2025-07-08,False,0.012495100317590206,7.760310989103278e-06,0.005269192042760551,1.5874269948690198
2025-07-09,torch_transverse_route,0.012487340006601103,0.08442829965315857,-0.08442829965315857,False,0.0,d001_b8_p00_r0_torch_transverse_route,torch_transverse_route,0,3,2025-01-06,2025-07-08,False,0.012495100317590206,7.760310989103278e-06,0.006255513988435268,0.18708151761529734
2025-07-09,combined,0.012487340006601103,0.08442829965315857,-0.08442829965315857,False,0.0,d001_b8_p00_r0_torch_sbm,torch_sbm,0,9,2025-01-06,2025-07-08,False,0.012495100317590206,7.760310989103278e-06,0.017822341062128544,1.8807501859555487
2025-07-10,torch_sbm,0.012273113387702513,0.02041144333685718,-0.02041144333685718,False,0.0,d002_b8_p00_r0_torch_sbm,torch_sbm,0,3,2025-01-07,2025-07-09,False,0.012349474583258748,7.636119555623488e-05,0.003546613152138889,0.10624167347123148
2025-07-10,torch_svl,0.012286631171766564,0.02041144333685718,-0.02041144333685718,False,0.0,d002_b8_p00_r0_torch_svl,torch_svl,0,3,2025-01-07,2025-07-09,False,0.012349474583258748,6.2843411492184e-05,0.0034985970705747604,1.5874269948690198
2025-07-10,torch_transverse_route,0.012273113387702513,0.02041144333685718,-0.02041144333685718,False,0.0,d002_b8_p00_r0_torch_transverse_route,torch_transverse_route,0,3,2025-01-07,2025-07-09,False,0.012349474583258748,7.636119555623488e-05,0.0036054420052096248,0.18708151761529734
2025-07-10,combined,0.012286631171766564,0.02041144333685718,-0.02041144333685718,False,0.0,d002_b8_p00_r0_torch_svl,torch_svl,0,9,2025-01-07,2025-07-09,False,0.012349474583258748,6.2843411492184e-05,0.010650652227923274,1.8807501859555487
2025-07-11,torch_sbm,0.012008031688868248,0.03263934933027928,-0.03263934933027928,False,0.0,d003_b8_p00_r0_torch_sbm,torch_sbm,0,3,2025-01-08,2025-07-10,False,0.012069628800316149,6.15971114479013e-05,0.005235332879237831,0.10624167347123148
2025-07-11,torch_svl,0.012016684691844014,0.03263934933027928,-0.03263934933027928,False,0.0,d003_b8_p00_r2_torch_svl,torch_svl,2,3,2025-01-08,2025-07-10,False,0.012069628800316149,5.2944108472135e-05,0.005114994011819363,1.5874269948690198
2025-07-11,torch_transverse_route,0.012008031688868248,0.03263934933027928,-0.03263934933027928,False,0.0,d003_b8_p00_r0_torch_transverse_route,torch_transverse_route,0,3,2025-01-08,2025-07-10,False,0.012069628800316149,6.15971114479013e-05,0.005196149926632643,0.18708151761529734
2025-07-11,combined,0.012016684691844014,0.03263934933027928,-0.03263934933027928,False,0.0,d003_b8_p00_r2_torch_svl,torch_svl,2,9,2025-01-08,2025-07-10,False,0.012069628800316149,5.2944108472135e-05,0.015546476817689836,1.8807501859555487
2025-07-14,torch_sbm,0.011688172314044109,0.03895125511920666,-0.03895125511920666,False,0.0,d004_b8_p00_r0_torch_sbm,torch_sbm,0,3,2025-01-10,2025-07-11,False,0.011711704548536444,2.353223449233499e-05,0.005282595870085061,0.10624167347123148
2025-07-14,torch_svl,0.011688172314044109,0.03895125511920666,-0.03895125511920666,False,0.0,d004_b8_p00_r0_torch_svl,torch_svl,0,3,2025-01-10,2025-07-11,False,0.011711704548536444,2.353223449233499e-05,0.005600003059953451,1.5874269948690198
2025-07-14,torch_transverse_route,0.011688172314044109,0.03895125511920666,-0.03895125511920666,False,0.0,d004_b8_p00_r0_torch_transverse_route,torch_transverse_route,0,3,2025-01-10,2025-07-11,False,0.011711704548536444,2.353223449233499e-05,0.005234478856436908,0.18708151761529734
2025-07-14,combined,0.011688172314044109,0.03895125511920666,-0.03895125511920666,False,0.0,d004_b8_p00_r0_torch_sbm,torch_sbm,0,9,2025-01-10,2025-07-11,False,0.011711704548536444,2.353223449233499e-05,0.01611707778647542,1.8807501859555487
2025-07-15,torch_sbm,0.011155748785594211,0.008693050887560345,-0.008693050887560345,False,0.0,d005_b8_p00_r0_torch_sbm,torch_sbm,0,3,2025-01-13,2025-07-14,False,0.011185888941738024,3.0140156143812838e-05,0.005134973907843232,0.10624167347123148
2025-07-15,torch_svl,0.011180662228149577,0.008693050887560345,-0.008693050887560345,False,0.0,d005_b8_p00_r1_torch_svl,torch_svl,1,3,2025-01-13,2025-07-14,False,0.011185888941738024,5.2267135884475485e-06,0.00436137686483562,1.5874269948690198
2025-07-15,torch_transverse_route,0.011155748785594211,0.008693050887560345,-0.008693050887560345,False,0.0,d005_b8_p00_r0_torch_transverse_route,torch_transverse_route,0,3,2025-01-13,2025-07-14,False,0.011185888941738024,3.0140156143812838e-05,0.005361862014979124,0.18708151761529734
2025-07-15,combined,0.011180662228149577,0.008693050887560345,-0.008693050887560345,False,0.0,d005_b8_p00_r1_torch_svl,torch_svl,1,9,2025-01-13,2025-07-14,False,0.011185888941738024,5.2267135884475485e-06,0.014858212787657976,1.8807501859555487
2025-07-16,torch_sbm,0.011211298580047992,0.09259300068708569,-0.09259300068708569,False,0.0,d006_b8_p00_r0_torch_sbm,torch_sbm,0,3,2025-01-14,2025-07-15,False,0.011248898929597559,3.7600349549566855e-05,0.004192576161585748,0.10624167347123148
2025-07-16,torch_svl,0.011235968418769865,0.09259300068708569,-0.09259300068708569,False,0.0,d006_b8_p00_r1_torch_svl,torch_svl,1,3,2025-01-14,2025-07-15,False,0.011248898929597559,1.293051082769392e-05,0.004336192039772868,1.5874269948690198
2025-07-16,torch_transverse_route,0.011211298580047992,0.09259300068708569,-0.09259300068708569,False,0.0,d006_b8_p00_r0_torch_transverse_route,torch_transverse_route,0,3,2025-01-14,2025-07-15,False,0.011248898929597559,3.7600349549566855e-05,0.004113281960599124,0.18708151761529734
2025-07-16,combined,0.011235968418769865,0.09259300068708569,-0.09259300068708569,False,0.0,d006_b8_p00_r1_torch_svl,torch_svl,1,9,2025-01-14,2025-07-15,False,0.011248898929597559,1.293051082769392e-05,0.01264205016195774,1.8807501859555487
2025-07-17,torch_sbm,0.011180066877901696,0.014967672090414554,-0.014967672090414554,False,0.0,d007_b8_p00_r0_torch_sbm,torch_sbm,0,3,2025-01-15,2025-07-16,False,0.011233601143300942,5.353426539924516e-05,0.005236824043095112,0.10624167347123148
2025-07-17,torch_svl,0.011180066877901696,0.014967672090414554,-0.014967672090414554,False,0.0,d007_b8_p00_r0_torch_svl,torch_svl,0,3,2025-01-15,2025-07-16,False,0.011233601143300942,5.353426539924516e-05,0.0039982040179893374,1.5874269948690198
2025-07-17,torch_transverse_route,0.011180066877901696,0.014967672090414554,-0.014967672090414554,False,0.0,d007_b8_p00_r0_torch_transverse_route,torch_transverse_route,0,3,2025-01-15,2025-07-16,False,0.011233601143300942,5.353426539924516e-05,0.00518202199600637,0.18708151761529734
2025-07-17,combined,0.011180066877901696,0.014967672090414554,-0.014967672090414554,False,0.0,d007_b8_p00_r0_torch_sbm,torch_sbm,0,9,2025-01-15,2025-07-16,False,0.011233601143300942,5.353426539924516e-05,0.014417050057090819,1.8807501859555487
2025-07-18,torch_sbm,0.010823207316112714,0.006702614765462119,-0.006702614765462119,False,0.0,d008_b8_p00_r0_torch_sbm,torch_sbm,0,3,2025-01-16,2025-07-17,False,0.010887534633203707,6.432731709099353e-05,0.006202102988027036,0.10624167347123148
2025-07-18,torch_svl,0.010838526975555868,0.006702614765462119,-0.006702614765462119,False,0.0,d008_b8_p00_r2_torch_svl,torch_svl,2,3,2025-01-16,2025-07-17,False,0.010887534633203707,4.900765764783918e-05,0.005926451995037496,1.5874269948690198
2025-07-18,torch_transverse_route,0.010823207316112714,0.006702614765462119,-0.006702614765462119,False,0.0,d008_b8_p00_r0_torch_transverse_route,torch_transverse_route,0,3,2025-01-16,2025-07-17,False,0.010887534633203707,6.432731709099353e-05,0.0062275410164147615,0.18708151761529734
2025-07-18,combined,0.010838526975555868,0.006702614765462119,-0.006702614765462119,False,0.0,d008_b8_p00_r2_torch_svl,torch_svl,2,9,2025-01-16,2025-07-17,False,0.010887534633203707,4.900765764783918e-05,0.018356095999479294,1.8807501859555487
2025-07-21,torch_sbm,0.0106636901621521,0.011707219342732158,-0.011707219342732158,False,0.0,d009_b8_p00_r0_torch_sbm,torch_sbm,0,3,2025-01-17,2025-07-18,False,0.010701832557456608,3.814239530450757e-05,0.006687992950901389,0.10624167347123148
2025-07-21,torch_svl,0.0106636901621521,0.011707219342732158,-0.011707219342732158,False,0.0,d009_b8_p00_r0_torch_svl,torch_svl,0,3,2025-01-17,2025-07-18,False,0.010701832557456608,3.814239530450757e-05,0.006579330074600875,1.5874269948690198
2025-07-21,torch_transverse_route,0.0106636901621521,0.011707219342732158,-0.011707219342732158,False,0.0,d009_b8_p00_r0_torch_transverse_route,torch_transverse_route,0,3,2025-01-17,2025-07-18,False,0.010701832557456608,3.814239530450757e-05,0.0066966949962079525,0.18708151761529734
2025-07-21,combined,0.0106636901621521,0.011707219342732158,-0.011707219342732158,False,0.0,d009_b8_p00_r0_torch_sbm,torch_sbm,0,9,2025-01-17,2025-07-18,False,0.010701832557456608,3.814239530450757e-05,0.019964018021710217,1.8807501859555487
2025-07-22,torch_sbm,0.01062662817003977,0.017219896732174823,-0.017219896732174823,False,0.0,d010_b8_p00_r0_torch_sbm,torch_sbm,0,3,2025-01-21,2025-07-21,False,0.010654677955684613,2.804978564484306e-05,0.006671514944173396,0.10646004416048527
2025-07-22,torch_svl,0.01062662817003977,0.017219896732174823,-0.017219896732174823,False,0.0,d010_b8_p00_r0_torch_svl,torch_svl,0,3,2025-01-21,2025-07-21,False,0.010654677955684613,2.804978564484306e-05,0.006504868972115219,1.5872604524010967
2025-07-22,torch_transverse_route,0.01062662817003977,0.017219896732174823,-0.017219896732174823,False,0.0,d010_b8_p00_r0_torch_transverse_route,torch_transverse_route,0,3,2025-01-21,2025-07-21,False,0.010654677955684613,2.804978564484306e-05,0.006951558985747397,0.18982096593026654
2025-07-22,combined,0.01062662817003977,0.017219896732174823,-0.017219896732174823,False,0.0,d010_b8_p00_r0_torch_sbm,torch_sbm,0,9,2025-01-21,2025-07-21,False,0.010654677955684613,2.804978564484306e-05,0.02012794290203601,1.8835414624918485
2025-07-23,torch_sbm,0.01031153545446809,0.016928230843317717,-0.016928230843317717,False,0.0,d011_b8_p00_r0_torch_sbm,torch_sbm,0,3,2025-01-22,2025-07-22,False,0.01032077321761507,9.237763146980119e-06,0.006140634999610484,0.10689678553899284
2025-07-23,torch_svl,0.010315170019402206,0.016928230843317717,-0.016928230843317717,False,0.0,d011_b8_p00_r1_torch_svl,torch_svl,1,3,2025-01-22,2025-07-22,False,0.01032077321761507,5.603198212864383e-06,0.0069285150384530425,1.5869273674652504
2025-07-23,torch_transverse_route,0.01031153545446809,0.016928230843317717,-0.016928230843317717,False,0.0,d011_b8_p00_r0_torch_transverse_route,torch_transverse_route,0,3,2025-01-22,2025-07-22,False,0.01032077321761507,9.237763146980119e-06,0.006205855985172093,0.19529986256020493
2025-07-23,combined,0.010315170019402206,0.016928230843317717,-0.016928230843317717,False,0.0,d011_b8_p00_r1_torch_svl,torch_svl,1,9,2025-01-22,2025-07-22,False,0.01032077321761507,5.603198212864383e-06,0.01927500602323562,1.8891240155644482
2025-07-24,torch_sbm,0.009871292336946577,0.004746382659760786,-0.004746382659760786,False,0.0,d012_b8_p00_r0_torch_sbm,torch_sbm,0,3,2025-01-23,2025-07-23,False,0.00987929985364669,8.007516700112363e-06,0.006165100960060954,0.10689678553899284
2025-07-24,torch_svl,0.009876787477565709,0.004746382659760786,-0.004746382659760786,False,0.0,d012_b8_p00_r1_torch_svl,torch_svl,1,3,2025-01-23,2025-07-23,False,0.00987929985364669,2.512376080980247e-06,0.00535466882865876,1.5869273674652504
2025-07-24,torch_transverse_route,0.009871292336946577,0.004746382659760786,-0.004746382659760786,False,0.0,d012_b8_p00_r0_torch_transverse_route,torch_transverse_route,0,3,2025-01-23,2025-07-23,False,0.00987929985364669,8.007516700112363e-06,0.0063375181052833796,0.19529986256020493
2025-07-24,combined,0.009876787477565709,0.004746382659760786,-0.004746382659760786,False,0.0,d012_b8_p00_r1_torch_svl,torch_svl,1,9,2025-01-23,2025-07-23,False,0.00987929985364669,2.512376080980247e-06,0.017857287894003093,1.8891240155644482
2025-07-25,torch_sbm,0.010263662524548153,0.00800047547617226,-0.00800047547617226,False,0.0,d013_b8_p00_r0_torch_sbm,torch_sbm,0,3,2025-01-24,2025-07-24,False,0.010268301647707227,4.6391231590739435e-06,0.006038853898644447,0.10689678553899284
2025-07-25,torch_svl,0.010263934431677389,0.00800047547617226,-0.00800047547617226,False,0.0,d013_b8_p00_r0_torch_svl,torch_svl,0,3,2025-01-24,2025-07-24,False,0.010268301647707227,4.367216029838028e-06,0.00579356006346643,1.5869273674652504
2025-07-25,torch_transverse_route,0.010263662524548153,0.00800047547617226,-0.00800047547617226,False,0.0,d013_b8_p00_r0_torch_transverse_route,torch_transverse_route,0,3,2025-01-24,2025-07-24,False,0.010268301647707227,4.6391231590739435e-06,0.006227019941434264,0.19529986256020493
2025-07-25,combined,0.010263934431677389,0.00800047547617226,-0.00800047547617226,False,0.0,d013_b8_p00_r0_torch_svl,torch_svl,0,9,2025-01-24,2025-07-24,False,0.010268301647707227,4.367216029838028e-06,0.01805943390354514,1.8891240155644482
2025-07-28,torch_sbm,0.010053875303143186,0.01673282044334221,-0.01673282044334221,False,0.0,d014_b8_p00_r0_torch_sbm,torch_sbm,0,3,2025-01-27,2025-07-25,False,0.01006056517954173,6.689876398542974e-06,0.006108480854891241,0.10689678553899284
2025-07-28,torch_svl,0.0100510117466338,0.01673282044334221,-0.01673282044334221,False,0.0,d014_b8_p00_r0_torch_svl,torch_svl,0,3,2025-01-27,2025-07-25,False,0.01006056517954173,9.553432907928941e-06,0.005415581981651485,1.5869273674652504
2025-07-28,torch_transverse_route,0.010053875303143186,0.01673282044334221,-0.01673282044334221,False,0.0,d014_b8_p00_r0_torch_transverse_route,torch_transverse_route,0,3,2025-01-27,2025-07-25,False,0.01006056517954173,6.689876398542974e-06,0.006203813944011927,0.19529986256020493
2025-07-28,combined,0.010053875303143186,0.01673282044334221,-0.01673282044334221,False,0.0,d014_b8_p00_r0_torch_sbm,torch_sbm,0,9,2025-01-27,2025-07-25,False,0.01006056517954173,6.689876398542974e-06,0.017727876780554652,1.8891240155644482
2025-07-29,torch_sbm,0.009676530658647006,0.01933014068138644,-0.01933014068138644,False,0.0,d015_b8_p00_r0_torch_sbm,torch_sbm,0,3,2025-01-28,2025-07-28,False,0.009692066218801856,1.5535560154850137e-05,0.006702436949126422,0.10689678553899284
2025-07-29,torch_svl,0.009676530658647006,0.01933014068138644,-0.01933014068138644,False,0.0,d015_b8_p00_r0_torch_svl,torch_svl,0,3,2025-01-28,2025-07-28,False,0.009692066218801856,1.5535560154850137e-05,0.0057437639916315675,1.5869273674652504
2025-07-29,torch_transverse_route,0.009676530658647006,0.01933014068138644,-0.01933014068138644,False,0.0,d015_b8_p00_r0_torch_transverse_route,torch_transverse_route,0,3,2025-01-28,2025-07-28,False,0.009692066218801856,1.5535560154850137e-05,0.006932622054591775,0.19529986256020493
2025-07-29,combined,0.009676530658647006,0.01933014068138644,-0.01933014068138644,False,0.0,d015_b8_p00_r0_torch_sbm,torch_sbm,0,9,2025-01-28,2025-07-28,False,0.009692066218801856,1.5535560154850137e-05,0.019378822995349765,1.8891240155644482
2025-07-30,torch_sbm,0.009320202189305715,0.0033250185553517463,-0.0033250185553517463,False,0.0,d016_b8_p00_r0_torch_sbm,torch_sbm,0,3,2025-01-29,2025-07-29,False,0.009344388887031601,2.418669772588644e-05,0.004219734109938145,0.10689678553899284
2025-07-30,torch_svl,0.009343501012129052,0.0033250185553517463,-0.0033250185553517463,False,0.0,d016_b8_p00_r1_torch_svl,torch_svl,1,3,2025-01-29,2025-07-29,False,0.009344388887031601,8.878749025494764e-07,0.003895835019648075,1.5869273674652504
2025-07-30,torch_transverse_route,0.009320202189305715,0.0033250185553517463,-0.0033250185553517463,False,0.0,d016_b8_p00_r0_torch_transverse_route,torch_transverse_route,0,3,2025-01-29,2025-07-29,False,0.009344388887031601,2.418669772588644e-05,0.004241212736815214,0.19529986256020493
2025-07-30,combined,0.009343501012129052,0.0033250185553517463,-0.0033250185553517463,False,0.0,d016_b8_p00_r1_torch_svl,torch_svl,1,9,2025-01-29,2025-07-29,False,0.009344388887031601,8.878749025494764e-07,0.012356781866401434,1.8891240155644482
2025-07-31,torch_sbm,0.009494335256747394,0.026011248284097305,-0.026011248284097305,False,0.0,d017_b8_p00_r0_torch_sbm,torch_sbm,0,3,2025-01-30,2025-07-30,False,0.009575626795589149,8.12915388417549e-05,0.0030849790200591087,0.10689678553899284
2025-07-31,torch_svl,0.009563296941006988,0.026011248284097305,-0.026011248284097305,False,0.0,d017_b8_p00_r1_torch_svl,torch_svl,1,3,2025-01-30,2025-07-30,False,0.009575626795589149,1.2329854582160404e-05,0.004552466096356511,1.5869273674652504
2025-07-31,torch_transverse_route,0.009494335256747394,0.026011248284097305,-0.026011248284097305,False,0.0,d017_b8_p00_r0_torch_transverse_route,torch_transverse_route,0,3,2025-01-30,2025-07-30,False,0.009575626795589149,8.12915388417549e-05,0.0030972250970080495,0.19529986256020493
2025-07-31,combined,0.009563296941006988,0.026011248284097305,-0.026011248284097305,False,0.0,d017_b8_p00_r1_torch_svl,torch_svl,1,9,2025-01-30,2025-07-30,False,0.009575626795589149,1.2329854582160404e-05,0.01073467021342367,1.8891240155644482
2025-08-01,torch_sbm,0.009044627889125965,0.01891513404675883,-0.01891513404675883,False,0.0,d018_b8_p00_r0_torch_sbm,torch_sbm,0,3,2025-01-31,2025-07-31,False,0.00906611283035788,2.1484941231915758e-05,0.005047990940511227,0.10689678553899284
2025-08-01,torch_svl,0.009050938474737627,0.01891513404675883,-0.01891513404675883,False,0.0,d018_b8_p00_r1_torch_svl,torch_svl,1,3,2025-01-31,2025-07-31,False,0.00906611283035788,1.5174355620253474e-05,0.004558203974738717,1.5869273674652504
2025-08-01,torch_transverse_route,0.009044627889125965,0.01891513404675883,-0.01891513404675883,False,0.0,d018_b8_p00_r0_torch_transverse_route,torch_transverse_route,0,3,2025-01-31,2025-07-31,False,0.00906611283035788,2.1484941231915758e-05,0.004802252049557865,0.19529986256020493
2025-08-01,combined,0.009050938474737627,0.01891513404675883,-0.01891513404675883,False,0.0,d018_b8_p00_r1_torch_svl,torch_svl,1,9,2025-01-31,2025-07-31,False,0.00906611283035788,1.5174355620253474e-05,0.014408446964807808,1.8891240155644482
2025-08-04,torch_sbm,0.009126305770155914,0.00702586443434026,-0.00702586443434026,False,0.0,d019_b8_p00_r0_torch_sbm,torch_sbm,0,3,2025-02-03,2025-08-01,False,0.009132023417341754,5.717647185840211e-06,0.005542632075957954,0.10689678553899284
2025-08-04,torch_svl,0.00911976208341347,0.00702586443434026,-0.00702586443434026,False,0.0,d019_b8_p00_r2_torch_svl,torch_svl,2,3,2025-02-03,2025-08-01,False,0.009132023417341754,1.2261333928283852e-05,0.004513974068686366,1.5869273674652504
2025-08-04,torch_transverse_route,0.009126305770155914,0.00702586443434026,-0.00702586443434026,False,0.0,d019_b8_p00_r0_torch_transverse_route,torch_transverse_route,0,3,2025-02-03,2025-08-01,False,0.009132023417341754,5.717647185840211e-06,0.005719481967389584,0.19529986256020493
2025-08-04,combined,0.009126305770155914,0.00702586443434026,-0.00702586443434026,False,0.0,d019_b8_p00_r0_torch_sbm,torch_sbm,0,9,2025-02-03,2025-08-01,False,0.009132023417341754,5.717647185840211e-06,0.015776088112033904,1.8891240155644482
2025-08-05,torch_sbm,0.009049316344193247,0.13838292103832223,-0.13838292103832223,False,0.0,d020_b8_p00_r0_torch_sbm,torch_sbm,0,3,2025-02-04,2025-08-04,False,0.009097381240488348,4.806489629510108e-05,0.00459177209995687,0.10689678553899284
2025-08-05,torch_svl,0.009090296417086226,0.13838292103832223,-0.13838292103832223,False,0.0,d020_b8_p00_r0_torch_svl,torch_svl,0,3,2025-02-04,2025-08-04,False,0.009097381240488348,7.084823402121743e-06,0.002594001009128988,1.5869273674652504
2025-08-05,torch_transverse_route,0.009049316344193247,0.13838292103832223,-0.13838292103832223,False,0.0,d020_b8_p00_r0_torch_transverse_route,torch_transverse_route,0,3,2025-02-04,2025-08-04,False,0.009097381240488348,4.806489629510108e-05,0.00463394180405885,0.19529986256020493
2025-08-05,combined,0.009090296417086226,0.13838292103832223,-0.13838292103832223,False,0.0,d020_b8_p00_r0_torch_svl,torch_svl,0,9,2025-02-04,2025-08-04,False,0.009097381240488348,7.084823402121743e-06,0.011819714913144708,1.8891240155644482
2025-08-06,torch_sbm,0.008799912924346683,0.00987111146327993,-0.00987111146327993,False,0.0,d021_b8_p00_r0_torch_sbm,torch_sbm,0,3,2025-02-05,2025-08-05,False,0.008847738537094094,4.782561274741144e-05,0.0045336129842326045,0.10778588284301804
2025-08-06,torch_svl,0.008845515350043222,0.00987111146327993,-0.00987111146327993,False,0.0,d021_b8_p00_r1_torch_svl,torch_svl,1,3,2025-02-05,2025-08-05,False,0.008847738537094094,2.223187050872169e-06,0.004812930012121797,1.577207125035784
2025-08-06,torch_transverse_route,0.008799912924346683,0.00987111146327993,-0.00987111146327993,False,0.0,d021_b8_p00_r0_torch_transverse_route,torch_transverse_route,0,3,2025-02-05,2025-08-05,False,0.008847738537094094,4.782561274741144e-05,0.0049437000416219234,0.1745147801229905
2025-08-06,combined,0.008845515350043222,0.00987111146327993,-0.00987111146327993,False,0.0,d021_b8_p00_r1_torch_svl,torch_svl,1,9,2025-02-05,2025-08-05,False,0.008847738537094094,2.223187050872169e-06,0.014290243037976325,1.8595077880017925
2025-08-07,torch_sbm,0.00879710540191485,0.002271298632681459,-0.002271298632681459,False,0.0,d022_b8_p00_r0_torch_sbm,torch_sbm,0,3,2025-02-06,2025-08-06,False,0.00881337510322264,1.6269701307790665e-05,0.005132003920152783,0.10823043149503064
2025-08-07,torch_svl,0.008809293617337517,0.002271298632681459,-0.002271298632681459,False,0.0,d022_b8_p00_r1_torch_svl,torch_svl,1,3,2025-02-06,2025-08-06,False,0.00881337510322264,4.0814858851233315e-06,0.0048652380937710404,1.5723470038210507
2025-08-07,torch_transverse_route,0.00879710540191485,0.002271298632681459,-0.002271298632681459,False,0.0,d022_b8_p00_r0_torch_transverse_route,torch_transverse_route,0,3,2025-02-06,2025-08-06,False,0.00881337510322264,1.6269701307790665e-05,0.005306218983605504,0.16412223890438327
2025-08-07,combined,0.008809293617337517,0.002271298632681459,-0.002271298632681459,False,0.0,d022_b8_p00_r1_torch_svl,torch_svl,1,9,2025-02-06,2025-08-06,False,0.00881337510322264,4.0814858851233315e-06,0.015303460997529328,1.8446996742204647
2025-08-08,torch_sbm,0.009490407522723102,0.008152053759241802,-0.008152053759241802,False,0.0,d023_b8_p00_r0_torch_sbm,torch_sbm,0,3,2025-02-07,2025-08-07,False,0.00950722990440374,1.6822381680638154e-05,0.003518443088978529,0.10823043149503064
2025-08-08,torch_svl,0.009472414028547932,0.008152053759241802,-0.008152053759241802,False,0.0,d023_b8_p00_r0_torch_svl,torch_svl,0,3,2025-02-07,2025-08-07,False,0.00950722990440374,3.481587585580856e-05,0.0036209500394761562,1.5723470038210507
2025-08-08,torch_transverse_route,0.009490407522723102,0.008152053759241802,-0.008152053759241802,False,0.0,d023_b8_p00_r0_torch_transverse_route,torch_transverse_route,0,3,2025-02-07,2025-08-07,False,0.00950722990440374,1.6822381680638154e-05,0.003140111919492483,0.16412223890438327
2025-08-08,combined,0.009490407522723102,0.008152053759241802,-0.008152053759241802,False,0.0,d023_b8_p00_r0_torch_sbm,torch_sbm,0,9,2025-02-07,2025-08-07,False,0.00950722990440374,1.6822381680638154e-05,0.010279505047947168,1.8446996742204647
2025-08-11,torch_sbm,0.009180223150546155,0.011920230413338041,-0.011920230413338041,False,0.0,d024_b8_p00_r1_torch_sbm,torch_sbm,1,3,2025-02-10,2025-08-08,False,0.009195302554196552,1.5079403650397269e-05,0.002634578966535628,0.10823043149503064
2025-08-11,torch_svl,0.009165537802075826,0.011920230413338041,-0.011920230413338041,False,0.0,d024_b8_p00_r0_torch_svl,torch_svl,0,3,2025-02-10,2025-08-08,False,0.009195302554196552,2.9764752120726642e-05,0.0028199340449646115,1.5723470038210507
2025-08-11,torch_transverse_route,0.009164280345512936,0.011920230413338041,-0.011920230413338041,False,0.0,d024_b8_p00_r0_torch_transverse_route,torch_transverse_route,0,3,2025-02-10,2025-08-08,False,0.009195302554196552,3.102220868361587e-05,0.00315333204343915,0.16412223890438327
2025-08-11,combined,0.009180223150546155,0.011920230413338041,-0.011920230413338041,False,0.0,d024_b8_p00_r1_torch_sbm,torch_sbm,1,9,2025-02-10,2025-08-08,False,0.009195302554196552,1.5079403650397269e-05,0.00860784505493939,1.8446996742204647
2025-08-12,torch_sbm,0.008902583593496511,0.0106888445947732,-0.0106888445947732,False,0.0,d025_b8_p00_r0_torch_sbm,torch_sbm,0,3,2025-02-11,2025-08-11,False,0.008950288470323219,4.770487682670757e-05,0.0030084430472925305,0.10823043149503064
2025-08-12,torch_svl,0.008937295983940646,0.0106888445947732,-0.0106888445947732,False,0.0,d025_b8_p00_r0_torch_svl,torch_svl,0,3,2025-02-11,2025-08-11,False,0.008950288470323219,1.299248638257297e-05,0.004400579840876162,1.5723470038210507
2025-08-12,torch_transverse_route,0.008902583593496511,0.0106888445947732,-0.0106888445947732,False,0.0,d025_b8_p00_r0_torch_transverse_route,torch_transverse_route,0,3,2025-02-11,2025-08-11,False,0.008950288470323219,4.770487682670757e-05,0.0031697868835181,0.16412223890438327
2025-08-12,combined,0.008937295983940646,0.0106888445947732,-0.0106888445947732,False,0.0,d025_b8_p00_r0_torch_svl,torch_svl,0,9,2025-02-11,2025-08-11,False,0.008950288470323219,1.299248638257297e-05,0.010578809771686792,1.8446996742204647
2025-08-13,torch_sbm,0.009765690635822081,0.23503113780594687,-0.23503113780594687,False,0.0,d026_b8_p00_r0_torch_sbm,torch_sbm,0,3,2025-02-12,2025-08-12,False,0.009864817323694007,9.912668787192581e-05,0.005192362004891038,0.10823043149503064
2025-08-13,torch_svl,0.009792606489572583,0.23503113780594687,-0.23503113780594687,False,0.0,d026_b8_p00_r1_torch_svl,torch_svl,1,3,2025-02-12,2025-08-12,False,0.009864817323694007,7.221083412142434e-05,0.004282297100871801,1.5723470038210507
2025-08-13,torch_transverse_route,0.009779900976536098,0.23503113780594687,-0.23503113780594687,False,0.0,d026_b8_p00_r0_torch_transverse_route,torch_transverse_route,0,3,2025-02-12,2025-08-12,False,0.009864817323694007,8.491634715790917e-05,0.005904690129682422,0.16412223890438327
2025-08-13,combined,0.009792606489572583,0.23503113780594687,-0.23503113780594687,False,0.0,d026_b8_p00_r1_torch_svl,torch_svl,1,9,2025-02-12,2025-08-12,False,0.009864817323694007,7.221083412142434e-05,0.015379349235445261,1.8446996742204647
2025-08-14,torch_sbm,0.009239686970177543,0.058126616102179056,-0.058126616102179056,False,0.0,d027_b8_p00_r0_torch_sbm,torch_sbm,0,3,2025-02-13,2025-08-13,False,0.009256186369138586,1.6499398961042702e-05,0.011714881053194404,0.10823043149503064
2025-08-14,torch_svl,0.009239686970177543,0.058126616102179056,-0.058126616102179056,False,0.0,d027_b8_p00_r0_torch_svl,torch_svl,0,3,2025-02-13,2025-08-13,False,0.009256186369138586,1.6499398961042702e-05,0.012193826027214527,1.5723470038210507
2025-08-14,torch_transverse_route,0.009239686970177543,0.058126616102179056,-0.058126616102179056,False,0.0,d027_b8_p00_r0_torch_transverse_route,torch_transverse_route,0,3,2025-02-13,2025-08-13,False,0.009256186369138586,1.6499398961042702e-05,0.012125597102567554,0.16412223890438327
2025-08-14,combined,0.009239686970177543,0.058126616102179056,-0.058126616102179056,False,0.0,d027_b8_p00_r0_torch_sbm,torch_sbm,0,9,2025-02-13,2025-08-13,False,0.009256186369138586,1.6499398961042702e-05,0.036034304182976484,1.8446996742204647
2025-08-15,torch_sbm,0.00937543513674587,0.023671438987963433,-0.023671438987963433,False,0.0,d028_b8_p00_r0_torch_sbm,torch_sbm,0,3,2025-02-14,2025-08-14,False,0.009429294990820177,5.3859854074307656e-05,0.00774468993768096,0.10823043149503064
2025-08-15,torch_svl,0.00937543513674587,0.023671438987963433,-0.023671438987963433,False,0.0,d028_b8_p00_r1_torch_svl,torch_svl,1,3,2025-02-14,2025-08-14,False,0.009429294990820177,5.3859854074307656e-05,0.00919399899430573,1.5723470038210507
2025-08-15,torch_transverse_route,0.00936318221562459,0.023671438987963433,-0.023671438987963433,False,0.0,d028_b8_p00_r0_torch_transverse_route,torch_transverse_route,0,3,2025-02-14,2025-08-14,False,0.009429294990820177,6.611277519558666e-05,0.007436685962602496,0.16412223890438327
2025-08-15,combined,0.00937543513674587,0.023671438987963433,-0.023671438987963433,False,0.0,d028_b8_p00_r0_torch_sbm,torch_sbm,0,9,2025-02-14,2025-08-14,False,0.009429294990820177,5.3859854074307656e-05,0.024375374894589186,1.8446996742204647
2025-08-18,torch_sbm,0.008923892387719328,0.03984693990341701,-0.03984693990341701,False,0.0,d029_b8_p00_r0_torch_sbm,torch_sbm,0,3,2025-02-18,2025-08-15,False,0.008959308091795681,3.541570407635322e-05,0.009454295155592263,0.10823043149503064
2025-08-18,torch_svl,0.008923892387719328,0.03984693990341701,-0.03984693990341701,False,0.0,d029_b8_p00_r0_torch_svl,torch_svl,0,3,2025-02-18,2025-08-15,False,0.008959308091795681,3.541570407635322e-05,0.005016250070184469,1.5723470038210507
2025-08-18,torch_transverse_route,0.008923892387719328,0.03984693990341701,-0.03984693990341701,False,0.0,d029_b8_p00_r0_torch_transverse_route,torch_transverse_route,0,3,2025-02-18,2025-08-15,False,0.008959308091795681,3.541570407635322e-05,0.009953811997547746,0.16412223890438327
2025-08-18,combined,0.008923892387719328,0.03984693990341701,-0.03984693990341701,False,0.0,d029_b8_p00_r0_torch_sbm,torch_sbm,0,9,2025-02-18,2025-08-15,False,0.008959308091795681,3.541570407635322e-05,0.024424357223324478,1.8446996742204647
2025-08-19,torch_sbm,0.008497030987168513,-0.0017679731392286134,0.0017679731392286134,False,0.0,d030_b8_p00_r0_torch_sbm,torch_sbm,0,3,2025-02-19,2025-08-18,False,0.008551223475342888,5.4192488174375705e-05,0.008467582985758781,0.10823043149503064
2025-08-19,torch_svl,0.008540376193514177,-0.0017679731392286134,0.0017679731392286134,False,0.0,d030_b8_p00_r0_torch_svl,torch_svl,0,3,2025-02-19,2025-08-18,False,0.008551223475342888,1.0847281828711003e-05,0.012005197815597057,1.5723470038210507
2025-08-19,torch_transverse_route,0.008497030987168513,-0.0017679731392286134,0.0017679731392286134,False,0.0,d030_b8_p00_r0_torch_transverse_route,torch_transverse_route,0,3,2025-02-19,2025-08-18,False,0.008551223475342888,5.4192488174375705e-05,0.008361524902284145,0.16412223890438327
2025-08-19,combined,0.008540376193514177,-0.0017679731392286134,0.0017679731392286134,False,0.0,d030_b8_p00_r0_torch_svl,torch_svl,0,9,2025-02-19,2025-08-18,False,0.008551223475342888,1.0847281828711003e-05,0.028834305703639984,1.8446996742204647
2025-08-20,torch_sbm,0.009920315001728611,0.011601872870707271,-0.011601872870707271,False,0.0,d031_b8_p00_r0_torch_sbm,torch_sbm,0,3,2025-02-20,2025-08-19,False,0.010055125785718894,0.00013481078399028325,0.007372987922281027,0.10823043149503064
2025-08-20,torch_svl,0.010015906769500505,0.011601872870707271,-0.011601872870707271,False,0.0,d031_b8_p00_r1_torch_svl,torch_svl,1,3,2025-02-20,2025-08-19,False,0.010055125785718894,3.921901621838954e-05,0.006011108984239399,1.5723470038210507
2025-08-20,torch_transverse_route,0.009920315001728611,0.011601872870707271,-0.011601872870707271,False,0.0,d031_b8_p00_r0_torch_transverse_route,torch_transverse_route,0,3,2025-02-20,2025-08-19,False,0.010055125785718894,0.00013481078399028325,0.008688542060554028,0.16412223890438327
2025-08-20,combined,0.010015906769500505,0.011601872870707271,-0.011601872870707271,False,0.0,d031_b8_p00_r1_torch_svl,torch_svl,1,9,2025-02-20,2025-08-19,False,0.010055125785718894,3.921901621838954e-05,0.022072638967074454,1.8446996742204647
2025-08-21,torch_sbm,0.009686074614314326,0.012065292027106175,-0.012065292027106175,False,0.0,d032_b8_p00_r0_torch_sbm,torch_sbm,0,3,2025-02-21,2025-08-20,False,0.009803089597389276,0.00011701498307494992,0.007448665797710419,0.10225217071274528
2025-08-21,torch_svl,0.009734211929176659,0.012065292027106175,-0.012065292027106175,False,0.0,d032_b8_p00_r0_torch_svl,torch_svl,0,3,2025-02-21,2025-08-20,False,0.009803089597389276,6.887766821261736e-05,0.007078398950397968,1.5815816622198327
2025-08-21,torch_transverse_route,0.009686074614314326,0.012065292027106175,-0.012065292027106175,False,0.0,d032_b8_p00_r0_torch_transverse_route,torch_transverse_route,0,3,2025-02-21,2025-08-20,False,0.009803089597389276,0.00011701498307494992,0.008009321056306362,0.16780453022147412
2025-08-21,combined,0.009734211929176659,0.012065292027106175,-0.012065292027106175,False,0.0,d032_b8_p00_r0_torch_svl,torch_svl,0,9,2025-02-21,2025-08-20,False,0.009803089597389276,6.887766821261736e-05,0.02253638580441475,1.851638363154052
2025-08-22,torch_sbm,0.009392081483539793,0.06788050589850662,-0.06788050589850662,False,0.0,d033_b8_p00_r0_torch_sbm,torch_sbm,0,3,2025-02-24,2025-08-21,False,0.009558016361185681,0.00016593487764588778,0.00586995598860085,0.10225217071274528
2025-08-22,torch_svl,0.009467957844573362,0.06788050589850662,-0.06788050589850662,False,0.0,d033_b8_p00_r2_torch_svl,torch_svl,2,3,2025-02-24,2025-08-21,False,0.009558016361185681,9.00585166123194e-05,0.0073998389998450875,1.5815816622198327
2025-08-22,torch_transverse_route,0.009392081483539793,0.06788050589850662,-0.06788050589850662,False,0.0,d033_b8_p00_r0_torch_transverse_route,torch_transverse_route,0,3,2025-02-24,2025-08-21,False,0.009558016361185681,0.00016593487764588778,0.005982144037261605,0.16780453022147412
2025-08-22,combined,0.009467957844573362,0.06788050589850662,-0.06788050589850662,False,0.0,d033_b8_p00_r2_torch_svl,torch_svl,2,9,2025-02-24,2025-08-21,False,0.009558016361185681,9.00585166123194e-05,0.019251939025707543,1.851638363154052
2025-08-25,torch_sbm,0.012712173537293476,-0.0008780198866565372,0.0008780198866565372,False,0.0,d034_b8_p00_r0_torch_sbm,torch_sbm,0,3,2025-02-25,2025-08-22,False,0.012793264752688592,8.109121539511682e-05,0.014407096896320581,0.10225217071274528
2025-08-25,torch_svl,0.012712173537293476,-0.0008780198866565372,0.0008780198866565372,False,0.0,d034_b8_p00_r0_torch_svl,torch_svl,0,3,2025-02-25,2025-08-22,False,0.012793264752688592,8.109121539511682e-05,0.00821873010136187,1.5815816622198327
2025-08-25,torch_transverse_route,0.012712173537293476,-0.0008780198866565372,0.0008780198866565372,False,0.0,d034_b8_p00_r0_torch_transverse_route,torch_transverse_route,0,3,2025-02-25,2025-08-22,False,0.012793264752688592,8.109121539511682e-05,0.01445562590379268,0.16780453022147412
2025-08-25,combined,0.012712173537293476,-0.0008780198866565372,0.0008780198866565372,False,0.0,d034_b8_p00_r0_torch_sbm,torch_sbm,0,9,2025-02-25,2025-08-22,False,0.012793264752688592,8.109121539511682e-05,0.03708145290147513,1.851638363154052
2025-08-26,torch_sbm,0.013896683137995698,0.02639272680367625,-0.02639272680367625,False,0.0,d035_b8_p00_r0_torch_sbm,torch_sbm,0,3,2025-02-26,2025-08-25,False,0.014134910334313303,0.0002382271963176051,0.003554738825187087,0.10225217071274528
2025-08-26,torch_svl,0.014032536757674179,0.02639272680367625,-0.02639272680367625,False,0.0,d035_b8_p00_r0_torch_svl,torch_svl,0,3,2025-02-26,2025-08-25,False,0.014134910334313303,0.00010237357663912469,0.004706272040493786,1.5815816622198327
2025-08-26,torch_transverse_route,0.013905236844087438,0.02639272680367625,-0.02639272680367625,False,0.0,d035_b8_p00_r0_torch_transverse_route,torch_transverse_route,0,3,2025-02-26,2025-08-25,False,0.014134910334313303,0.0002296734902258648,0.0036999121075496078,0.16780453022147412
2025-08-26,combined,0.014032536757674179,0.02639272680367625,-0.02639272680367625,False,0.0,d035_b8_p00_r0_torch_svl,torch_svl,0,9,2025-02-26,2025-08-25,False,0.014134910334313303,0.00010237357663912469,0.011960922973230481,1.851638363154052
2025-08-27,torch_sbm,0.013494480452968919,0.04618337186833713,-0.04618337186833713,False,0.0,d036_b8_p00_r0_torch_sbm,torch_sbm,0,3,2025-02-27,2025-08-26,False,0.013688800822675639,0.00019432036970671966,0.0030192009871825576,0.10225217071274528
2025-08-27,torch_svl,0.01355500193148932,0.04618337186833713,-0.04618337186833713,False,0.0,d036_b8_p00_r2_torch_svl,torch_svl,2,3,2025-02-27,2025-08-26,False,0.013688800822675639,0.0001337988911863184,0.003073581960052252,1.5815816622198327
2025-08-27,torch_transverse_route,0.013494480452968919,0.04618337186833713,-0.04618337186833713,False,0.0,d036_b8_p00_r0_torch_transverse_route,torch_transverse_route,0,3,2025-02-27,2025-08-26,False,0.013688800822675639,0.00019432036970671966,0.003129604854620993,0.16780453022147412
2025-08-27,combined,0.01355500193148932,0.04618337186833713,-0.04618337186833713,False,0.0,d036_b8_p00_r2_torch_svl,torch_svl,2,9,2025-02-27,2025-08-26,False,0.013688800822675639,0.0001337988911863184,0.009222387801855803,1.851638363154052
2025-08-28,torch_sbm,0.0131202996837561,0.048059781826646816,-0.048059781826646816,False,0.0,d037_b8_p00_r0_torch_sbm,torch_sbm,0,3,2025-02-28,2025-08-27,False,0.013262452450447335,0.00014215276669123436,0.0030550940427929163,0.10225217071274528
2025-08-28,torch_svl,0.01317159884548609,0.048059781826646816,-0.048059781826646816,False,0.0,d037_b8_p00_r0_torch_svl,torch_svl,0,3,2025-02-28,2025-08-27,False,0.013262452450447335,9.085360496124441e-05,0.0037638478679582477,1.5815816622198327
2025-08-28,torch_transverse_route,0.0131202996837561,0.048059781826646816,-0.048059781826646816,False,0.0,d037_b8_p00_r0_torch_transverse_route,torch_transverse_route,0,3,2025-02-28,2025-08-27,False,0.013262452450447335,0.00014215276669123436,0.0031270127510651946,0.16780453022147412
2025-08-28,combined,0.01317159884548609,0.048059781826646816,-0.048059781826646816,False,0.0,d037_b8_p00_r0_torch_svl,torch_svl,0,9,2025-02-28,2025-08-27,False,0.013262452450447335,9.085360496124441e-05,0.009945954661816359,1.851638363154052
2025-08-29,torch_sbm,0.012723360207230444,0.002955247260298837,-0.002955247260298837,False,0.0,d038_b8_p00_r0_torch_sbm,torch_sbm,0,3,2025-03-03,2025-08-28,False,0.01290145310270335,0.00017809289547290538,0.003726992988958955,0.10225217071274528
2025-08-29,torch_svl,0.012790099793577205,0.002955247260298837,-0.002955247260298837,False,0.0,d038_b8_p00_r2_torch_svl,torch_svl,2,3,2025-03-03,2025-08-28,False,0.01290145310270335,0.00011135330912614462,0.004680214915424585,1.5815816622198327
2025-08-29,torch_transverse_route,0.012723360207230444,0.002955247260298837,-0.002955247260298837,False,0.0,d038_b8_p00_r0_torch_transverse_route,torch_transverse_route,0,3,2025-03-03,2025-08-28,False,0.01290145310270335,0.00017809289547290538,0.003701827838085592,0.16780453022147412
2025-08-29,combined,0.012790099793577205,0.002955247260298837,-0.002955247260298837,False,0.0,d038_b8_p00_r2_torch_svl,torch_svl,2,9,2025-03-03,2025-08-28,False,0.01290145310270335,0.00011135330912614462,0.012109035742469132,1.851638363154052
2025-09-02,torch_sbm,0.012948489382907548,0.005633563659436266,-0.005633563659436266,False,0.0,d039_b8_p00_r0_torch_sbm,torch_sbm,0,3,2025-03-04,2025-08-29,False,0.013086266581508754,0.0001377771986012053,0.003569392953068018,0.10225217071274528
2025-09-02,torch_svl,0.012976831965513615,0.005633563659436266,-0.005633563659436266,False,0.0,d039_b8_p00_r1_torch_svl,torch_svl,1,3,2025-03-04,2025-08-29,False,0.013086266581508754,0.00010943461599513885,0.004301470005884767,1.5815816622198327
2025-09-02,torch_transverse_route,0.012948489382907548,0.005633563659436266,-0.005633563659436266,False,0.0,d039_b8_p00_r0_torch_transverse_route,torch_transverse_route,0,3,2025-03-04,2025-08-29,False,0.013086266581508754,0.0001377771986012053,0.003655679989606142,0.16780453022147412
2025-09-02,combined,0.012976831965513615,0.005633563659436266,-0.005633563659436266,False,0.0,d039_b8_p00_r1_torch_svl,torch_svl,1,9,2025-03-04,2025-08-29,False,0.013086266581508754,0.00010943461599513885,0.011526542948558927,1.851638363154052
2025-09-03,torch_sbm,0.012996798648201024,0.009104106801111362,-0.009104106801111362,False,0.0,d040_b8_p00_r0_torch_sbm,torch_sbm,0,3,2025-03-05,2025-09-02,False,0.013082269029924633,8.547038172360827e-05,0.0043424719478935,0.10225217071274528
2025-09-03,torch_svl,0.013011896880454732,0.009104106801111362,-0.009104106801111362,False,0.0,d040_b8_p00_r2_torch_svl,torch_svl,2,3,2025-03-05,2025-09-02,False,0.013082269029924633,7.037214946990084e-05,0.004640416009351611,1.5815816622198327
2025-09-03,torch_transverse_route,0.012996798648201024,0.009104106801111362,-0.009104106801111362,False,0.0,d040_b8_p00_r0_torch_transverse_route,torch_transverse_route,0,3,2025-03-05,2025-09-02,False,0.013082269029924633,8.547038172360827e-05,0.004445911035872996,0.16780453022147412
2025-09-03,combined,0.013011896880454732,0.009104106801111362,-0.009104106801111362,False,0.0,d040_b8_p00_r2_torch_svl,torch_svl,2,9,2025-03-05,2025-09-02,False,0.013082269029924633,7.037214946990084e-05,0.013428798993118107,1.851638363154052
2025-09-04,torch_sbm,0.01253017435875039,0.034176864656236046,-0.034176864656236046,False,0.0,d041_b8_p00_r0_torch_sbm,torch_sbm,0,3,2025-03-06,2025-09-03,False,0.012632712510342453,0.0001025381515920628,0.004672921961173415,0.10225217071274528
2025-09-04,torch_svl,0.01255644825439185,0.034176864656236046,-0.034176864656236046,False,0.0,d041_b8_p00_r1_torch_svl,torch_svl,1,3,2025-03-06,2025-09-03,False,0.012632712510342453,7.626425595060396e-05,0.004078888101503253,1.5815816622198327
2025-09-04,torch_transverse_route,0.01254427195881802,0.034176864656236046,-0.034176864656236046,False,0.0,d041_b8_p00_r0_torch_transverse_route,torch_transverse_route,0,3,2025-03-06,2025-09-03,False,0.012632712510342453,8.844055152443242e-05,0.005106206052005291,0.16780453022147412
2025-09-04,combined,0.01255644825439185,0.034176864656236046,-0.034176864656236046,False,0.0,d041_b8_p00_r1_torch_svl,torch_svl,1,9,2025-03-06,2025-09-03,False,0.012632712510342453,7.626425595060396e-05,0.01385801611468196,1.851638363154052
2025-09-05,torch_sbm,0.01220115988692438,0.008429219357505485,-0.008429219357505485,False,0.0,d042_b8_p00_r0_torch_sbm,torch_sbm,0,3,2025-03-07,2025-09-04,False,0.012244021635770144,4.286174884576312e-05,0.0062844769563525915,0.1023356831210549
2025-09-05,torch_svl,0.01220115988692438,0.008429219357505485,-0.008429219357505485,False,0.0,d042_b8_p00_r0_torch_svl,torch_svl,0,3,2025-03-07,2025-09-04,False,0.012244021635770144,4.286174884576312e-05,0.005347260972484946,1.586757958313683
2025-09-05,torch_transverse_route,0.01220115988692438,0.008429219357505485,-0.008429219357505485,False,0.0,d042_b8_p00_r0_torch_transverse_route,torch_transverse_route,0,3,2025-03-07,2025-09-04,False,0.012244021635770144,4.286174884576312e-05,0.006487867096439004,0.18122376878454816
2025-09-05,combined,0.01220115988692438,0.008429219357505485,-0.008429219357505485,False,0.0,d042_b8_p00_r0_torch_sbm,torch_sbm,0,9,2025-03-07,2025-09-04,False,0.012244021635770144,4.286174884576312e-05,0.01811960502527654,1.870317410219286
2025-09-08,torch_sbm,0.01173413697700826,0.007453146836945709,-0.007453146836945709,False,0.0,d043_b8_p00_r0_torch_sbm,torch_sbm,0,3,2025-03-10,2025-09-05,False,0.011811475237416633,7.73382604083734e-05,0.006362186977639794,0.10250270793767413
2025-09-08,torch_svl,0.011753501123155333,0.007453146836945709,-0.007453146836945709,False,0.0,d043_b8_p00_r2_torch_svl,torch_svl,2,3,2025-03-10,2025-09-05,False,0.011811475237416633,5.797411426130064e-05,0.006614249083213508,1.5971105505013838
2025-09-08,torch_transverse_route,0.01173413697700826,0.007453146836945709,-0.007453146836945709,False,0.0,d043_b8_p00_r0_torch_transverse_route,torch_transverse_route,0,3,2025-03-10,2025-09-05,False,0.011811475237416633,7.73382604083734e-05,0.006276392028667033,0.20806224591069622
2025-09-08,combined,0.011753501123155333,0.007453146836945709,-0.007453146836945709,False,0.0,d043_b8_p00_r2_torch_svl,torch_svl,2,9,2025-03-10,2025-09-05,False,0.011811475237416633,5.797411426130064e-05,0.019252828089520335,1.9076755043497542
2025-09-09,torch_sbm,0.011690389323397025,0.015622954174546769,-0.015622954174546769,False,0.0,d044_b8_p00_r0_torch_sbm,torch_sbm,0,3,2025-03-11,2025-09-08,False,0.011745967691698143,5.5578368301117606e-05,0.0068125498946756124,0.10250270793767413
2025-09-09,torch_svl,0.011690389323397025,0.015622954174546769,-0.015622954174546769,False,0.0,d044_b8_p00_r0_torch_svl,torch_svl,0,3,2025-03-11,2025-09-08,False,0.011745967691698143,5.5578368301117606e-05,0.006126446882262826,1.5971105505013838
2025-09-09,torch_transverse_route,0.011690389323397025,0.015622954174546769,-0.015622954174546769,False,0.0,d044_b8_p00_r0_torch_transverse_route,torch_transverse_route,0,3,2025-03-11,2025-09-08,False,0.011745967691698143,5.5578368301117606e-05,0.006877504871226847,0.20806224591069622
2025-09-09,combined,0.011690389323397025,0.015622954174546769,-0.015622954174546769,False,0.0,d044_b8_p00_r0_torch_sbm,torch_sbm,0,9,2025-03-11,2025-09-08,False,0.011745967691698143,5.5578368301117606e-05,0.019816501648165286,1.9076755043497542
2025-09-10,torch_sbm,0.011379367130751057,0.019384056133293463,-0.019384056133293463,False,0.0,d045_b8_p00_r0_torch_sbm,torch_sbm,0,3,2025-03-12,2025-09-09,False,0.011386305596122123,6.9384653710660715e-06,0.006266698939725757,0.10250270793767413
2025-09-10,torch_svl,0.011379367130751057,0.019384056133293463,-0.019384056133293463,False,0.0,d045_b8_p00_r2_torch_svl,torch_svl,2,3,2025-03-12,2025-09-09,False,0.011386305596122123,6.9384653710660715e-06,0.006829621968790889,1.5971105505013838
2025-09-10,torch_transverse_route,0.011379367130751057,0.019384056133293463,-0.019384056133293463,False,0.0,d045_b8_p00_r0_torch_transverse_route,torch_transverse_route,0,3,2025-03-12,2025-09-09,False,0.011386305596122123,6.9384653710660715e-06,0.0062951259315013885,0.20806224591069622
2025-09-10,combined,0.011379367130751057,0.019384056133293463,-0.019384056133293463,False,0.0,d045_b8_p00_r0_torch_sbm,torch_sbm,0,9,2025-03-12,2025-09-09,False,0.011386305596122123,6.9384653710660715e-06,0.019391446840018034,1.9076755043497542
2025-09-11,torch_sbm,0.010982175806412194,0.014596593287614121,-0.014596593287614121,False,0.0,d046_b8_p00_r0_torch_sbm,torch_sbm,0,3,2025-03-13,2025-09-10,False,0.010993017493269789,1.0841686857594388e-05,0.006309340940788388,0.10250270793767413
2025-09-11,torch_svl,0.010982175806412194,0.014596593287614121,-0.014596593287614121,False,0.0,d046_b8_p00_r1_torch_svl,torch_svl,1,3,2025-03-13,2025-09-10,False,0.010993017493269789,1.0841686857594388e-05,0.005480392021127045,1.5971105505013838
2025-09-11,torch_transverse_route,0.010982175806412194,0.014596593287614121,-0.014596593287614121,False,0.0,d046_b8_p00_r0_torch_transverse_route,torch_transverse_route,0,3,2025-03-13,2025-09-10,False,0.010993017493269789,1.0841686857594388e-05,0.006315401988103986,0.20806224591069622
2025-09-11,combined,0.010982175806412194,0.014596593287614121,-0.014596593287614121,False,0.0,d046_b8_p00_r0_torch_sbm,torch_sbm,0,9,2025-03-13,2025-09-10,False,0.010993017493269789,1.0841686857594388e-05,0.01810513495001942,1.9076755043497542
2025-09-12,torch_sbm,0.010940184158987688,0.0024025754308775837,-0.0024025754308775837,False,0.0,d047_b8_p00_r0_torch_sbm,torch_sbm,0,3,2025-03-14,2025-09-11,False,0.01095322489639338,1.3040737405692684e-05,0.006362677086144686,0.10250270793767413
2025-09-12,torch_svl,0.010940184158987688,0.0024025754308775837,-0.0024025754308775837,False,0.0,d047_b8_p00_r0_torch_svl,torch_svl,0,3,2025-03-14,2025-09-11,False,0.01095322489639338,1.3040737405692684e-05,0.006002039066515863,1.5971105505013838
2025-09-12,torch_transverse_route,0.010940184158987688,0.0024025754308775837,-0.0024025754308775837,False,0.0,d047_b8_p00_r0_torch_transverse_route,torch_transverse_route,0,3,2025-03-14,2025-09-11,False,0.01095322489639338,1.3040737405692684e-05,0.006283203954808414,0.20806224591069622
2025-09-12,combined,0.010940184158987688,0.0024025754308775837,-0.0024025754308775837,False,0.0,d047_b8_p00_r0_torch_sbm,torch_sbm,0,9,2025-03-14,2025-09-11,False,0.01095322489639338,1.3040737405692684e-05,0.018647920107468963,1.9076755043497542
2025-09-15,torch_sbm,0.010960168320376242,0.08917681965282362,-0.08917681965282362,False,0.0,d048_b8_p00_r0_torch_sbm,torch_sbm,0,3,2025-03-17,2025-09-12,False,0.010980351415899831,2.0183095523589045e-05,0.006533844047226012,0.10250270793767413
2025-09-15,torch_svl,0.010960168320376242,0.08917681965282362,-0.08917681965282362,False,0.0,d048_b8_p00_r0_torch_svl,torch_svl,0,3,2025-03-17,2025-09-12,False,0.010980351415899831,2.0183095523589045e-05,0.006890272023156285,1.5971105505013838
2025-09-15,torch_transverse_route,0.010960168320376242,0.08917681965282362,-0.08917681965282362,False,0.0,d048_b8_p00_r0_torch_transverse_route,torch_transverse_route,0,3,2025-03-17,2025-09-12,False,0.010980351415899831,2.0183095523589045e-05,0.006438400014303625,0.20806224591069622
2025-09-15,combined,0.010960168320376242,0.08917681965282362,-0.08917681965282362,False,0.0,d048_b8_p00_r0_torch_sbm,torch_sbm,0,9,2025-03-17,2025-09-12,False,0.010980351415899831,2.0183095523589045e-05,0.01986251608468592,1.9076755043497542
2025-09-16,torch_sbm,0.0104996908679714,0.0074271190618581,-0.0074271190618581,False,0.0,d049_b8_p00_r0_torch_sbm,torch_sbm,0,3,2025-03-18,2025-09-15,False,0.010509266041734702,9.575173763301872e-06,0.006095345946960151,0.10250270793767413
2025-09-16,torch_svl,0.010500571167209151,0.0074271190618581,-0.0074271190618581,False,0.0,d049_b8_p00_r1_torch_svl,torch_svl,1,3,2025-03-18,2025-09-15,False,0.010509266041734702,8.694874525550997e-06,0.006249774130992591,1.5971105505013838
2025-09-16,torch_transverse_route,0.0104996908679714,0.0074271190618581,-0.0074271190618581,False,0.0,d049_b8_p00_r0_torch_transverse_route,torch_transverse_route,0,3,2025-03-18,2025-09-15,False,0.010509266041734702,9.575173763301872e-06,0.006280769943259656,0.20806224591069622
2025-09-16,combined,0.010500571167209151,0.0074271190618581,-0.0074271190618581,False,0.0,d049_b8_p00_r1_torch_svl,torch_svl,1,9,2025-03-18,2025-09-15,False,0.010509266041734702,8.694874525550997e-06,0.0186258900212124,1.9076755043497542
2025-09-17,torch_sbm,0.010479168625097025,0.004210903789088697,-0.004210903789088697,False,0.0,d050_b8_p00_r0_torch_sbm,torch_sbm,0,3,2025-03-19,2025-09-16,False,0.010488351850789564,9.183225692538724e-06,0.006289880955591798,0.10250270793767413
2025-09-17,torch_svl,0.010482377295636414,0.004210903789088697,-0.004210903789088697,False,0.0,d050_b8_p00_r2_torch_svl,torch_svl,2,3,2025-03-19,2025-09-16,False,0.010488351850789564,5.974555153149749e-06,0.006191180204041302,1.5971105505013838
2025-09-17,torch_transverse_route,0.010479168625097025,0.004210903789088697,-0.004210903789088697,False,0.0,d050_b8_p00_r0_torch_transverse_route,torch_transverse_route,0,3,2025-03-19,2025-09-16,False,0.010488351850789564,9.183225692538724e-06,0.006302349967882037,0.20806224591069622
2025-09-17,combined,0.010482377295636414,0.004210903789088697,-0.004210903789088697,False,0.0,d050_b8_p00_r2_torch_svl,torch_svl,2,9,2025-03-19,2025-09-16,False,0.010488351850789564,5.974555153149749e-06,0.018783411127515137,1.9076755043497542
2025-09-18,torch_sbm,0.011149374435970503,0.1489857201952764,-0.1489857201952764,False,0.0,d051_b8_p00_r0_torch_sbm,torch_sbm,0,3,2025-03-20,2025-09-17,False,0.011185959680401083,3.658524443058038e-05,0.005223834072239697,0.10250270793767413
2025-09-18,torch_svl,0.011149374435970503,0.1489857201952764,-0.1489857201952764,False,0.0,d051_b8_p00_r0_torch_svl,torch_svl,0,3,2025-03-20,2025-09-17,False,0.011185959680401083,3.658524443058038e-05,0.005303055979311466,1.5971105505013838
2025-09-18,torch_transverse_route,0.011149374435970503,0.1489857201952764,-0.1489857201952764,False,0.0,d051_b8_p00_r0_torch_transverse_route,torch_transverse_route,0,3,2025-03-20,2025-09-17,False,0.011185959680401083,3.658524443058038e-05,0.005222264095209539,0.20806224591069622
2025-09-18,combined,0.011149374435970503,0.1489857201952764,-0.1489857201952764,False,0.0,d051_b8_p00_r0_torch_sbm,torch_sbm,0,9,2025-03-20,2025-09-17,False,0.011185959680401083,3.658524443058038e-05,0.015749154146760702,1.9076755043497542
2025-09-19,torch_sbm,0.010728826375451299,0.013794175932451422,-0.013794175932451422,False,0.0,d052_b8_p00_r0_torch_sbm,torch_sbm,0,3,2025-03-21,2025-09-18,False,0.010736101589185896,7.275213734597025e-06,0.0030193900456652045,0.10250270793767413
2025-09-19,torch_svl,0.010728826375451299,0.013794175932451422,-0.013794175932451422,False,0.0,d052_b8_p00_r0_torch_svl,torch_svl,0,3,2025-03-21,2025-09-18,False,0.010736101589185896,7.275213734597025e-06,0.004893983015790582,1.5971105505013838
2025-09-19,torch_transverse_route,0.010728826375451299,0.013794175932451422,-0.013794175932451422,False,0.0,d052_b8_p00_r0_torch_transverse_route,torch_transverse_route,0,3,2025-03-21,2025-09-18,False,0.010736101589185896,7.275213734597025e-06,0.0031976669561117887,0.20806224591069622
2025-09-19,combined,0.010728826375451299,0.013794175932451422,-0.013794175932451422,False,0.0,d052_b8_p00_r0_torch_sbm,torch_sbm,0,9,2025-03-21,2025-09-18,False,0.010736101589185896,7.275213734597025e-06,0.011111040017567575,1.9076755043497542
2025-09-22,torch_sbm,0.010297083155784823,0.056178858914998187,-0.056178858914998187,False,0.0,d053_b8_p00_r0_torch_sbm,torch_sbm,0,3,2025-03-24,2025-09-19,False,0.010308569455465415,1.148629968059263e-05,0.004644244094379246,0.10242003505845787
2025-09-22,torch_svl,0.010300082935481462,0.056178858914998187,-0.056178858914998187,False,0.0,d053_b8_p00_r2_torch_svl,torch_svl,2,3,2025-03-24,2025-09-19,False,0.010308569455465415,8.486519983953722e-06,0.005190127994865179,1.5760850021251827
2025-09-22,torch_transverse_route,0.010297083155784823,0.056178858914998187,-0.056178858914998187,False,0.0,d053_b8_p00_r0_torch_transverse_route,torch_transverse_route,0,3,2025-03-24,2025-09-19,False,0.010308569455465415,1.148629968059263e-05,0.005073466105386615,0.1820056389697129
2025-09-22,combined,0.010300082935481462,0.056178858914998187,-0.056178858914998187,False,0.0,d053_b8_p00_r2_torch_svl,torch_svl,2,9,2025-03-24,2025-09-19,False,0.010308569455465415,8.486519983953722e-06,0.01490783819463104,1.8605106761533534
2025-09-23,torch_sbm,0.00984869482136621,0.020406296474338507,-0.020406296474338507,False,0.0,d054_b8_p00_r0_torch_sbm,torch_sbm,0,3,2025-03-25,2025-09-22,False,0.009854853401655227,6.15858028901739e-06,0.003975176019594073,0.10237869861884974
2025-09-23,torch_svl,0.00984869482136621,0.020406296474338507,-0.020406296474338507,False,0.0,d054_b8_p00_r1_torch_svl,torch_svl,1,3,2025-03-25,2025-09-22,False,0.009854853401655227,6.15858028901739e-06,0.004479038179852068,1.565572227937082
2025-09-23,torch_transverse_route,0.00984869482136621,0.020406296474338507,-0.020406296474338507,False,0.0,d054_b8_p00_r0_torch_transverse_route,torch_transverse_route,0,3,2025-03-25,2025-09-22,False,0.009854853401655227,6.15858028901739e-06,0.004243655945174396,0.16897733549922123
2025-09-23,combined,0.00984869482136621,0.020406296474338507,-0.020406296474338507,False,0.0,d054_b8_p00_r0_torch_sbm,torch_sbm,0,9,2025-03-25,2025-09-22,False,0.009854853401655227,6.15858028901739e-06,0.012697870144620538,1.836928262055153
2025-09-24,torch_sbm,0.009648647633906757,0.01396950581572818,-0.01396950581572818,False,0.0,d055_b8_p00_r0_torch_sbm,torch_sbm,0,3,2025-03-26,2025-09-23,False,0.009653596054752122,4.948420845364912e-06,0.0034923061029985547,0.10237869861884974
2025-09-24,torch_svl,0.009648647633906757,0.01396950581572818,-0.01396950581572818,False,0.0,d055_b8_p00_r0_torch_svl,torch_svl,0,3,2025-03-26,2025-09-23,False,0.009653596054752122,4.948420845364912e-06,0.0037312180502340198,1.565572227937082
2025-09-24,torch_transverse_route,0.009648647633906757,0.01396950581572818,-0.01396950581572818,False,0.0,d055_b8_p00_r0_torch_transverse_route,torch_transverse_route,0,3,2025-03-26,2025-09-23,False,0.009653596054752122,4.948420845364912e-06,0.0038269769866019487,0.16897733549922123
2025-09-24,combined,0.009648647633906757,0.01396950581572818,-0.01396950581572818,False,0.0,d055_b8_p00_r0_torch_sbm,torch_sbm,0,9,2025-03-26,2025-09-23,False,0.009653596054752122,4.948420845364912e-06,0.011050501139834523,1.836928262055153
2025-09-25,torch_sbm,0.009512082276015429,0.5439018272851659,-0.5439018272851659,False,0.0,d056_b8_p00_r0_torch_sbm,torch_sbm,0,3,2025-03-27,2025-09-24,False,0.009533836874904599,2.1754598889169724e-05,0.005090891965664923,0.10237869861884974
2025-09-25,torch_svl,0.009512082276015429,0.5439018272851659,-0.5439018272851659,False,0.0,d056_b8_p00_r0_torch_svl,torch_svl,0,3,2025-03-27,2025-09-24,False,0.009533836874904599,2.1754598889169724e-05,0.006471176049672067,1.565572227937082
2025-09-25,torch_transverse_route,0.009512082276015429,0.5439018272851659,-0.5439018272851659,False,0.0,d056_b8_p00_r0_torch_transverse_route,torch_transverse_route,0,3,2025-03-27,2025-09-24,False,0.009533836874904599,2.1754598889169724e-05,0.006323829060420394,0.16897733549922123
2025-09-25,combined,0.009512082276015429,0.5439018272851659,-0.5439018272851659,False,0.0,d056_b8_p00_r0_torch_sbm,torch_sbm,0,9,2025-03-27,2025-09-24,False,0.009533836874904599,2.1754598889169724e-05,0.017885897075757384,1.836928262055153
2025-09-26,torch_sbm,0.009232376669811106,0.02669410234256986,-0.02669410234256986,False,0.0,d057_b8_p00_r0_torch_sbm,torch_sbm,0,3,2025-03-28,2025-09-25,False,0.009261346155390763,2.8969485579656562e-05,0.0029871209990233183,0.10237869861884974
2025-09-26,torch_svl,0.009232376669811106,0.02669410234256986,-0.02669410234256986,False,0.0,d057_b8_p00_r0_torch_svl,torch_svl,0,3,2025-03-28,2025-09-25,False,0.009261346155390763,2.8969485579656562e-05,0.00780118303373456,1.565572227937082
2025-09-26,torch_transverse_route,0.009232376669811106,0.02669410234256986,-0.02669410234256986,False,0.0,d057_b8_p00_r0_torch_transverse_route,torch_transverse_route,0,3,2025-03-28,2025-09-25,False,0.009261346155390763,2.8969485579656562e-05,0.0033283429220318794,0.16897733549922123
2025-09-26,combined,0.009232376669811106,0.02669410234256986,-0.02669410234256986,False,0.0,d057_b8_p00_r0_torch_sbm,torch_sbm,0,9,2025-03-28,2025-09-25,False,0.009261346155390763,2.8969485579656562e-05,0.014116646954789758,1.836928262055153
2025-09-29,torch_sbm,0.00888117993003928,0.04469309404720858,-0.04469309404720858,False,0.0,d058_b8_p00_r0_torch_sbm,torch_sbm,0,3,2025-03-31,2025-09-26,False,0.008885723188202832,4.5432581635522495e-06,0.003032637992873788,0.10237869861884974
2025-09-29,torch_svl,0.00888117993003928,0.04469309404720858,-0.04469309404720858,False,0.0,d058_b8_p00_r1_torch_svl,torch_svl,1,3,2025-03-31,2025-09-26,False,0.008885723188202832,4.5432581635522495e-06,0.0033534109825268388,1.565572227937082
2025-09-29,torch_transverse_route,0.00888117993003928,0.04469309404720858,-0.04469309404720858,False,0.0,d058_b8_p00_r0_torch_transverse_route,torch_transverse_route,0,3,2025-03-31,2025-09-26,False,0.008885723188202832,4.5432581635522495e-06,0.003266677842475474,0.16897733549922123
2025-09-29,combined,0.00888117993003928,0.04469309404720858,-0.04469309404720858,False,0.0,d058_b8_p00_r0_torch_sbm,torch_sbm,0,9,2025-03-31,2025-09-26,False,0.008885723188202832,4.5432581635522495e-06,0.0096527268178761,1.836928262055153
2025-09-30,torch_sbm,0.008763312333669882,0.04887767183094111,-0.04887767183094111,False,0.0,d059_b8_p00_r0_torch_sbm,torch_sbm,0,3,2025-04-01,2025-09-29,False,0.008770477561197228,7.1652275273458715e-06,0.003863002057187259,0.10237869861884974
2025-09-30,torch_svl,0.008766101770824559,0.04887767183094111,-0.04887767183094111,False,0.0,d059_b8_p00_r0_torch_svl,torch_svl,0,3,2025-04-01,2025-09-29,False,0.008770477561197228,4.375790372669261e-06,0.0033312829909846187,1.565572227937082
2025-09-30,torch_transverse_route,0.008763312333669882,0.04887767183094111,-0.04887767183094111,False,0.0,d059_b8_p00_r0_torch_transverse_route,torch_transverse_route,0,3,2025-04-01,2025-09-29,False,0.008770477561197228,7.1652275273458715e-06,0.002921427134424448,0.16897733549922123
2025-09-30,combined,0.008766101770824559,0.04887767183094111,-0.04887767183094111,False,0.0,d059_b8_p00_r0_torch_svl,torch_svl,0,9,2025-04-01,2025-09-29,False,0.008770477561197228,4.375790372669261e-06,0.010115712182596326,1.836928262055153
2025-10-01,torch_sbm,0.00879968199457588,0.02029309663121499,-0.02029309663121499,False,0.0,d060_b8_p00_r0_torch_sbm,torch_sbm,0,3,2025-04-02,2025-09-30,False,0.008805134328347149,5.452333771268844e-06,0.003919027047231793,0.10237869861884974
2025-10-01,torch_svl,0.008780528754273298,0.02029309663121499,-0.02029309663121499,False,0.0,d060_b8_p00_r1_torch_svl,torch_svl,1,3,2025-04-02,2025-09-30,False,0.008805134328347149,2.4605574073851416e-05,0.004444445017725229,1.565572227937082
2025-10-01,torch_transverse_route,0.00879968199457588,0.02029309663121499,-0.02029309663121499,False,0.0,d060_b8_p00_r0_torch_transverse_route,torch_transverse_route,0,3,2025-04-02,2025-09-30,False,0.008805134328347149,5.452333771268844e-06,0.0030973320826888084,0.16897733549922123
2025-10-01,combined,0.00879968199457588,0.02029309663121499,-0.02029309663121499,False,0.0,d060_b8_p00_r0_torch_sbm,torch_sbm,0,9,2025-04-02,2025-09-30,False,0.008805134328347149,5.452333771268844e-06,0.011460804147645831,1.836928262055153
2025-10-02,torch_sbm,0.008726717463691306,0.017535640788129653,-0.017535640788129653,False,0.0,d061_b8_p00_r0_torch_sbm,torch_sbm,0,3,2025-04-03,2025-10-01,False,0.008732680183615013,5.962719923707435e-06,0.0034364020684733987,0.10237869861884974
2025-10-02,torch_svl,0.008726717463691306,0.017535640788129653,-0.017535640788129653,False,0.0,d061_b8_p00_r0_torch_svl,torch_svl,0,3,2025-04-03,2025-10-01,False,0.008732680183615013,5.962719923707435e-06,0.004400468897074461,1.565572227937082
2025-10-02,torch_transverse_route,0.008726717463691306,0.017535640788129653,-0.017535640788129653,False,0.0,d061_b8_p00_r0_torch_transverse_route,torch_transverse_route,0,3,2025-04-03,2025-10-01,False,0.008732680183615013,5.962719923707435e-06,0.0036431618500500917,0.16897733549922123
2025-10-02,combined,0.008726717463691306,0.017535640788129653,-0.017535640788129653,False,0.0,d061_b8_p00_r0_torch_sbm,torch_sbm,0,9,2025-04-03,2025-10-01,False,0.008732680183615013,5.962719923707435e-06,0.011480032815597951,1.836928262055153
2025-10-03,torch_sbm,0.008569170335319565,0.04313929400381505,-0.04313929400381505,False,0.0,d062_b8_p00_r0_torch_sbm,torch_sbm,0,3,2025-04-04,2025-10-02,False,0.008574460067471791,5.289732152226334e-06,0.003499350044876337,0.10237869861884974
2025-10-03,torch_svl,0.008569170335319565,0.04313929400381505,-0.04313929400381505,False,0.0,d062_b8_p00_r0_torch_svl,torch_svl,0,3,2025-04-04,2025-10-02,False,0.008574460067471791,5.289732152226334e-06,0.004737247945740819,1.565572227937082
2025-10-03,torch_transverse_route,0.008569170335319565,0.04313929400381505,-0.04313929400381505,False,0.0,d062_b8_p00_r0_torch_transverse_route,torch_transverse_route,0,3,2025-04-04,2025-10-02,False,0.008574460067471791,5.289732152226334e-06,0.0036275790771469474,0.16897733549922123
2025-10-03,combined,0.008569170335319565,0.04313929400381505,-0.04313929400381505,False,0.0,d062_b8_p00_r0_torch_sbm,torch_sbm,0,9,2025-04-04,2025-10-02,False,0.008574460067471791,5.289732152226334e-06,0.011864177067764103,1.836928262055153
2025-10-06,torch_sbm,0.008081029052536225,0.018003629679585766,-0.018003629679585766,False,0.0,d063_b8_p00_r0_torch_sbm,torch_sbm,0,3,2025-04-07,2025-10-03,False,0.008105922205617525,2.4893153081299163e-05,0.006060626939870417,0.10237869861884974
2025-10-06,torch_svl,0.008097981773319886,0.018003629679585766,-0.018003629679585766,False,0.0,d063_b8_p00_r2_torch_svl,torch_svl,2,3,2025-04-07,2025-10-03,False,0.008105922205617525,7.940432297638342e-06,0.007685508928261697,1.565572227937082
2025-10-06,torch_transverse_route,0.00810284771363048,0.018003629679585766,-0.018003629679585766,False,0.0,d063_b8_p00_r1_torch_transverse_route,torch_transverse_route,1,3,2025-04-07,2025-10-03,False,0.008105922205617525,3.074491987045333e-06,0.0055831060744822025,0.16897733549922123
2025-10-06,combined,0.00810284771363048,0.018003629679585766,-0.018003629679585766,False,0.0,d063_b8_p00_r1_torch_transverse_route,torch_transverse_route,1,9,2025-04-07,2025-10-03,False,0.008105922205617525,3.074491987045333e-06,0.019329241942614317,1.836928262055153
2025-10-07,torch_sbm,0.008070962321845563,0.048134981752340066,-0.048134981752340066,False,0.0,d064_b8_p00_r0_torch_sbm,torch_sbm,0,3,2025-04-08,2025-10-06,False,0.008085901261116735,1.4938939271172055e-05,0.005829279078170657,0.10256003896574839
2025-10-07,torch_svl,0.008070962321845563,0.048134981752340066,-0.048134981752340066,False,0.0,d064_b8_p00_r1_torch_svl,torch_svl,1,3,2025-04-08,2025-10-06,False,0.008085901261116735,1.4938939271172055e-05,0.004285595961846411,1.5377171502186684
2025-10-07,torch_transverse_route,0.008070962321845563,0.048134981752340066,-0.048134981752340066,False,0.0,d064_b8_p00_r0_torch_transverse_route,torch_transverse_route,0,3,2025-04-08,2025-10-06,False,0.008085901261116735,1.4938939271172055e-05,0.006630791001953185,0.1621638751894352
2025-10-07,combined,0.008070962321845563,0.048134981752340066,-0.048134981752340066,False,0.0,d064_b8_p00_r0_torch_sbm,torch_sbm,0,9,2025-04-08,2025-10-06,False,0.008085901261116735,1.4938939271172055e-05,0.016745666041970253,1.802441064373852
2025-10-08,torch_sbm,0.00791040343289163,0.07683227000480368,-0.07683227000480368,False,0.0,d065_b8_p00_r0_torch_sbm,torch_sbm,0,3,2025-04-09,2025-10-07,False,0.007912525836979522,2.122404087891855e-06,0.0024721570080146194,0.10256003896574839
2025-10-08,torch_svl,0.007893463120462373,0.07683227000480368,-0.07683227000480368,False,0.0,d065_b8_p00_r1_torch_svl,torch_svl,1,3,2025-04-09,2025-10-07,False,0.007912525836979522,1.9062716517149678e-05,0.005616792826913297,1.5377171502186684
2025-10-08,torch_transverse_route,0.00791040343289163,0.07683227000480368,-0.07683227000480368,False,0.0,d065_b8_p00_r0_torch_transverse_route,torch_transverse_route,0,3,2025-04-09,2025-10-07,False,0.007912525836979522,2.122404087891855e-06,0.0029108779272064567,0.1621638751894352
2025-10-08,combined,0.00791040343289163,0.07683227000480368,-0.07683227000480368,False,0.0,d065_b8_p00_r0_torch_sbm,torch_sbm,0,9,2025-04-09,2025-10-07,False,0.007912525836979522,2.122404087891855e-06,0.010999827762134373,1.802441064373852
2025-10-09,torch_sbm,0.008345417005394946,0.010167334484179114,-0.010167334484179114,False,0.0,d066_b8_p00_r0_torch_sbm,torch_sbm,0,3,2025-04-10,2025-10-08,False,0.00836940472943264,2.3987724037694003e-05,0.0028687368612736464,0.10256003896574839
2025-10-09,torch_svl,0.008363456363183227,0.010167334484179114,-0.010167334484179114,False,0.0,d066_b8_p00_r1_torch_svl,torch_svl,1,3,2025-04-10,2025-10-08,False,0.00836940472943264,5.948366249413153e-06,0.0035319210728630424,1.5377171502186684
2025-10-09,torch_transverse_route,0.00836384712480817,0.010167334484179114,-0.010167334484179114,False,0.0,d066_b8_p00_r0_torch_transverse_route,torch_transverse_route,0,3,2025-04-10,2025-10-08,False,0.00836940472943264,5.557604624470067e-06,0.0040846740594133735,0.1621638751894352
2025-10-09,combined,0.00836384712480817,0.010167334484179114,-0.010167334484179114,False,0.0,d066_b8_p00_r0_torch_transverse_route,torch_transverse_route,0,9,2025-04-10,2025-10-08,False,0.00836940472943264,5.557604624470067e-06,0.010485331993550062,1.802441064373852
2025-10-10,torch_sbm,0.008109264678358909,0.004612048481786752,-0.004612048481786752,False,0.0,d067_b8_p00_r0_torch_sbm,torch_sbm,0,3,2025-04-11,2025-10-09,False,0.008126703466442606,1.7438788083697088e-05,0.0036244840594008565,0.10256003896574839
2025-10-10,torch_svl,0.0081199970727913,0.004612048481786752,-0.004612048481786752,False,0.0,d067_b8_p00_r0_torch_svl,torch_svl,0,3,2025-04-11,2025-10-09,False,0.008126703466442606,6.7063936513064165e-06,0.005653319996781647,1.5377171502186684
2025-10-10,torch_transverse_route,0.0081199970727913,0.004612048481786752,-0.004612048481786752,False,0.0,d067_b8_p00_r0_torch_transverse_route,torch_transverse_route,0,3,2025-04-11,2025-10-09,False,0.008126703466442606,6.7063936513064165e-06,0.003747595939785242,0.1621638751894352
2025-10-10,combined,0.0081199970727913,0.004612048481786752,-0.004612048481786752,False,0.0,d067_b8_p00_r0_torch_svl,torch_svl,0,9,2025-04-11,2025-10-09,False,0.008126703466442606,6.7063936513064165e-06,0.013025399995967746,1.802441064373852
2025-10-13,torch_sbm,0.009691592017747396,0.012037895098333508,-0.012037895098333508,False,0.0,d068_b8_p00_r0_torch_sbm,torch_sbm,0,3,2025-04-14,2025-10-10,False,0.009751766945870842,6.01749281234458e-05,0.007656464935280383,0.10256003896574839
2025-10-13,torch_svl,0.009691592017747396,0.012037895098333508,-0.012037895098333508,False,0.0,d068_b8_p00_r0_torch_svl,torch_svl,0,3,2025-04-14,2025-10-10,False,0.009751766945870842,6.01749281234458e-05,0.008799706003628671,1.5377171502186684
2025-10-13,torch_transverse_route,0.009691592017747396,0.012037895098333508,-0.012037895098333508,False,0.0,d068_b8_p00_r0_torch_transverse_route,torch_transverse_route,0,3,2025-04-14,2025-10-10,False,0.009751766945870842,6.01749281234458e-05,0.007854887167923152,0.1621638751894352
2025-10-13,combined,0.009691592017747396,0.012037895098333508,-0.012037895098333508,False,0.0,d068_b8_p00_r0_torch_sbm,torch_sbm,0,9,2025-04-14,2025-10-10,False,0.009751766945870842,6.01749281234458e-05,0.024311058106832206,1.802441064373852
2025-10-14,torch_sbm,0.00971449383437668,0.1189530878289146,-0.1189530878289146,False,0.0,d069_b8_p00_r0_torch_sbm,torch_sbm,0,3,2025-04-15,2025-10-13,False,0.009715803051526143,1.3092171494630267e-06,0.015801132074557245,0.10256003896574839
2025-10-14,torch_svl,0.00971449383437668,0.1189530878289146,-0.1189530878289146,False,0.0,d069_b8_p00_r0_torch_svl,torch_svl,0,3,2025-04-15,2025-10-13,False,0.009715803051526143,1.3092171494630267e-06,0.01219626993406564,1.5377171502186684
2025-10-14,torch_transverse_route,0.00971449383437668,0.1189530878289146,-0.1189530878289146,False,0.0,d069_b8_p00_r0_torch_transverse_route,torch_transverse_route,0,3,2025-04-15,2025-10-13,False,0.009715803051526143,1.3092171494630267e-06,0.01677408895920962,0.1621638751894352
2025-10-14,combined,0.00971449383437668,0.1189530878289146,-0.1189530878289146,False,0.0,d069_b8_p00_r0_torch_sbm,torch_sbm,0,9,2025-04-15,2025-10-13,False,0.009715803051526143,1.3092171494630267e-06,0.044771490967832506,1.802441064373852
2025-10-15,torch_sbm,0.00929224894901684,0.09556203053224592,-0.09556203053224592,False,0.0,d070_b8_p00_r0_torch_sbm,torch_sbm,0,3,2025-04-16,2025-10-14,False,0.0093369103648246,4.466141580775941e-05,0.01652986090630293,0.10256003896574839
2025-10-15,torch_svl,0.00929224894901684,0.09556203053224592,-0.09556203053224592,False,0.0,d070_b8_p00_r0_torch_svl,torch_svl,0,3,2025-04-16,2025-10-14,False,0.0093369103648246,4.466141580775941e-05,0.010336017119698226,1.5377171502186684
2025-10-15,torch_transverse_route,0.00929224894901684,0.09556203053224592,-0.09556203053224592,False,0.0,d070_b8_p00_r0_torch_transverse_route,torch_transverse_route,0,3,2025-04-16,2025-10-14,False,0.0093369103648246,4.466141580775941e-05,0.012634080019779503,0.1621638751894352
2025-10-15,combined,0.00929224894901684,0.09556203053224592,-0.09556203053224592,False,0.0,d070_b8_p00_r0_torch_sbm,torch_sbm,0,9,2025-04-16,2025-10-14,False,0.0093369103648246,4.466141580775941e-05,0.03949995804578066,1.802441064373852
2025-10-16,torch_sbm,0.009057101496173135,0.00045173292309646807,-0.00045173292309646807,False,0.0,d071_b8_p00_r0_torch_sbm,torch_sbm,0,3,2025-04-17,2025-10-15,False,0.009105829511698063,4.8728015524928184e-05,0.006587295909412205,0.10256003896574839
2025-10-16,torch_svl,0.0090391226797563,0.00045173292309646807,-0.00045173292309646807,False,0.0,d071_b8_p00_r1_torch_svl,torch_svl,1,3,2025-04-17,2025-10-15,False,0.009105829511698063,6.670683194176345e-05,0.005532611976377666,1.5377171502186684
2025-10-16,torch_transverse_route,0.009057101496173135,0.00045173292309646807,-0.00045173292309646807,False,0.0,d071_b8_p00_r0_torch_transverse_route,torch_transverse_route,0,3,2025-04-17,2025-10-15,False,0.009105829511698063,4.8728015524928184e-05,0.005980642978101969,0.1621638751894352
2025-10-16,combined,0.009057101496173135,0.00045173292309646807,-0.00045173292309646807,False,0.0,d071_b8_p00_r0_torch_sbm,torch_sbm,0,9,2025-04-17,2025-10-15,False,0.009105829511698063,4.8728015524928184e-05,0.01810055086389184,1.802441064373852
2025-10-17,torch_sbm,0.011893824863251619,0.058048593846896736,-0.058048593846896736,False,0.0,d072_b8_p00_r1_torch_sbm,torch_sbm,1,3,2025-04-21,2025-10-16,False,0.011949340112484224,5.551524923260581e-05,0.0034749668557196856,0.10256003896574839
2025-10-17,torch_svl,0.011914368436506721,0.058048593846896736,-0.058048593846896736,False,0.0,d072_b8_p00_r2_torch_svl,torch_svl,2,3,2025-04-21,2025-10-16,False,0.011949340112484224,3.49716759775031e-05,0.0034431569511070848,1.5377171502186684
2025-10-17,torch_transverse_route,0.011882741246539671,0.058048593846896736,-0.058048593846896736,False,0.0,d072_b8_p00_r0_torch_transverse_route,torch_transverse_route,0,3,2025-04-21,2025-10-16,False,0.011949340112484224,6.659886594455322e-05,0.0035873788874596357,0.1621638751894352
2025-10-17,combined,0.011914368436506721,0.058048593846896736,-0.058048593846896736,False,0.0,d072_b8_p00_r2_torch_svl,torch_svl,2,9,2025-04-21,2025-10-16,False,0.011949340112484224,3.49716759775031e-05,0.010505502694286406,1.802441064373852
2025-10-20,torch_sbm,0.012945951649873166,0.019139931429162746,-0.019139931429162746,False,0.0,d073_b8_p00_r0_torch_sbm,torch_sbm,0,3,2025-04-22,2025-10-17,False,0.013046796100249518,0.00010084445037635177,0.003985054092481732,0.10256003896574839
2025-10-20,torch_svl,0.013009863855428435,0.019139931429162746,-0.019139931429162746,False,0.0,d073_b8_p00_r2_torch_svl,torch_svl,2,3,2025-04-22,2025-10-17,False,0.013046796100249518,3.693224482108348e-05,0.0038133361376821995,1.5377171502186684
2025-10-20,torch_transverse_route,0.012945951649873166,0.019139931429162746,-0.019139931429162746,False,0.0,d073_b8_p00_r0_torch_transverse_route,torch_transverse_route,0,3,2025-04-22,2025-10-17,False,0.013046796100249518,0.00010084445037635177,0.004055044963024557,0.1621638751894352
2025-10-20,combined,0.013009863855428435,0.019139931429162746,-0.019139931429162746,False,0.0,d073_b8_p00_r2_torch_svl,torch_svl,2,9,2025-04-22,2025-10-17,False,0.013046796100249518,3.693224482108348e-05,0.011853435193188488,1.802441064373852
2025-10-21,torch_sbm,0.012512143144649915,0.020757209675943637,-0.020757209675943637,False,0.0,d074_b8_p00_r0_torch_sbm,torch_sbm,0,3,2025-04-23,2025-10-20,False,0.012519423029223826,7.279884573911308e-06,0.004320334061048925,0.10250410124717746
2025-10-21,torch_svl,0.012512143144649915,0.020757209675943637,-0.020757209675943637,False,0.0,d074_b8_p00_r0_torch_svl,torch_svl,0,3,2025-04-23,2025-10-20,False,0.012519423029223826,7.279884573911308e-06,0.005468151997774839,1.5537367953111243
2025-10-21,torch_transverse_route,0.012512143144649915,0.020757209675943637,-0.020757209675943637,False,0.0,d074_b8_p00_r0_torch_transverse_route,torch_transverse_route,0,3,2025-04-23,2025-10-20,False,0.012519423029223826,7.279884573911308e-06,0.004285765113309026,0.16756018146770657
2025-10-21,combined,0.012512143144649915,0.020757209675943637,-0.020757209675943637,False,0.0,d074_b8_p00_r0_torch_sbm,torch_sbm,0,9,2025-04-23,2025-10-20,False,0.012519423029223826,7.279884573911308e-06,0.01407425117213279,1.8238010780260083
2025-10-22,torch_sbm,0.012218192275550115,0.02366991583171684,-0.02366991583171684,False,0.0,d075_b8_p00_r0_torch_sbm,torch_sbm,0,3,2025-04-24,2025-10-21,False,0.012223545954797731,5.353679247616094e-06,0.006355547928251326,0.1023922258100356
2025-10-22,torch_svl,0.012218192275550115,0.02366991583171684,-0.02366991583171684,False,0.0,d075_b8_p00_r0_torch_svl,torch_svl,0,3,2025-04-24,2025-10-21,False,0.012223545954797731,5.353679247616094e-06,0.006043042056262493,1.585776085496036
2025-10-22,torch_transverse_route,0.012218192275550115,0.02366991583171684,-0.02366991583171684,False,0.0,d075_b8_p00_r0_torch_transverse_route,torch_transverse_route,0,3,2025-04-24,2025-10-21,False,0.012223545954797731,5.353679247616094e-06,0.006823607021942735,0.1783527940242493
2025-10-22,combined,0.012218192275550115,0.02366991583171684,-0.02366991583171684,False,0.0,d075_b8_p00_r0_torch_sbm,torch_sbm,0,9,2025-04-24,2025-10-21,False,0.012223545954797731,5.353679247616094e-06,0.019222197006456554,1.866521105330321
2025-10-23,torch_sbm,0.012106869249378455,0.020174961248134542,-0.020174961248134542,False,0.0,d076_b8_p00_r0_torch_sbm,torch_sbm,0,3,2025-04-25,2025-10-22,False,0.012109224815944673,2.3555665662183117e-06,0.005528865964151919,0.1023922258100356
2025-10-23,torch_svl,0.012106869249378455,0.020174961248134542,-0.020174961248134542,False,0.0,d076_b8_p00_r1_torch_svl,torch_svl,1,3,2025-04-25,2025-10-22,False,0.012109224815944673,2.3555665662183117e-06,0.00635781604796648,1.585776085496036
2025-10-23,torch_transverse_route,0.012106869249378455,0.020174961248134542,-0.020174961248134542,False,0.0,d076_b8_p00_r0_torch_transverse_route,torch_transverse_route,0,3,2025-04-25,2025-10-22,False,0.012109224815944673,2.3555665662183117e-06,0.0054811929585412145,0.1783527940242493
2025-10-23,combined,0.012106869249378455,0.020174961248134542,-0.020174961248134542,False,0.0,d076_b8_p00_r0_torch_sbm,torch_sbm,0,9,2025-04-25,2025-10-22,False,0.012109224815944673,2.3555665662183117e-06,0.017367874970659614,1.866521105330321
2025-10-24,torch_sbm,0.012167730350185502,0.03495658328166898,-0.03495658328166898,False,0.0,d077_b8_p00_r0_torch_sbm,torch_sbm,0,3,2025-04-28,2025-10-23,False,0.012191347989028784,2.3617638843282177e-05,0.004027916002087295,0.1023922258100356
2025-10-24,torch_svl,0.012157349774026254,0.03495658328166898,-0.03495658328166898,False,0.0,d077_b8_p00_r2_torch_svl,torch_svl,2,3,2025-04-28,2025-10-23,False,0.012191347989028784,3.399821500253003e-05,0.004353794967755675,1.585776085496036
2025-10-24,torch_transverse_route,0.012167730350185502,0.03495658328166898,-0.03495658328166898,False,0.0,d077_b8_p00_r2_torch_transverse_route,torch_transverse_route,2,3,2025-04-28,2025-10-23,False,0.012191347989028784,2.3617638843282177e-05,0.004284929949790239,0.1783527940242493
2025-10-24,combined,0.012167730350185502,0.03495658328166898,-0.03495658328166898,False,0.0,d077_b8_p00_r0_torch_sbm,torch_sbm,0,9,2025-04-28,2025-10-23,False,0.012191347989028784,2.3617638843282177e-05,0.01266664091963321,1.866521105330321
2025-10-27,torch_sbm,0.011790578869518665,0.020478666491946355,-0.020478666491946355,False,0.0,d078_b8_p00_r0_torch_sbm,torch_sbm,0,3,2025-04-29,2025-10-24,False,0.011894910156006445,0.00010433128648778059,0.002983593032695353,0.1023922258100356
2025-10-27,torch_svl,0.01181326302090236,0.020478666491946355,-0.020478666491946355,False,0.0,d078_b8_p00_r2_torch_svl,torch_svl,2,3,2025-04-29,2025-10-24,False,0.011894910156006445,8.164713510408483e-05,0.0034845529589802027,1.585776085496036
2025-10-27,torch_transverse_route,0.011790578869518665,0.020478666491946355,-0.020478666491946355,False,0.0,d078_b8_p00_r0_torch_transverse_route,torch_transverse_route,0,3,2025-04-29,2025-10-24,False,0.011894910156006445,0.00010433128648778059,0.003082837094552815,0.1783527940242493
2025-10-27,combined,0.01181326302090236,0.020478666491946355,-0.020478666491946355,False,0.0,d078_b8_p00_r2_torch_svl,torch_svl,2,9,2025-04-29,2025-10-24,False,0.011894910156006445,8.164713510408483e-05,0.00955098308622837,1.866521105330321
2025-10-28,torch_sbm,0.011399093274037283,0.001173747835279708,-0.001173747835279708,False,0.0,d079_b8_p00_r0_torch_sbm,torch_sbm,0,3,2025-04-30,2025-10-27,False,0.01153991483074803,0.00014082155671074625,0.0029255379922688007,0.1023922258100356
2025-10-28,torch_svl,0.01144722028192685,0.001173747835279708,-0.001173747835279708,False,0.0,d079_b8_p00_r0_torch_svl,torch_svl,0,3,2025-04-30,2025-10-27,False,0.01153991483074803,9.269454882118028e-05,0.0034724680008366704,1.585776085496036
2025-10-28,torch_transverse_route,0.011399093274037283,0.001173747835279708,-0.001173747835279708,False,0.0,d079_b8_p00_r0_torch_transverse_route,torch_transverse_route,0,3,2025-04-30,2025-10-27,False,0.01153991483074803,0.00014082155671074625,0.003096780041232705,0.1783527940242493
2025-10-28,combined,0.01144722028192685,0.001173747835279708,-0.001173747835279708,False,0.0,d079_b8_p00_r0_torch_svl,torch_svl,0,9,2025-04-30,2025-10-27,False,0.01153991483074803,9.269454882118028e-05,0.009494786034338176,1.866521105330321
2025-10-29,torch_sbm,0.012044809722462897,0.025848979910552187,-0.025848979910552187,False,0.0,d080_b8_p00_r0_torch_sbm,torch_sbm,0,3,2025-05-01,2025-10-28,False,0.012160674178725413,0.00011586445626251586,0.00302849302534014,0.1023922258100356
2025-10-29,torch_svl,0.01209843856032741,0.025848979910552187,-0.025848979910552187,False,0.0,d080_b8_p00_r2_torch_svl,torch_svl,2,3,2025-05-01,2025-10-28,False,0.012160674178725413,6.223561839800197e-05,0.0038595300866290927,1.585776085496036
2025-10-29,torch_transverse_route,0.012044809722462897,0.025848979910552187,-0.025848979910552187,False,0.0,d080_b8_p00_r0_torch_transverse_route,torch_transverse_route,0,3,2025-05-01,2025-10-28,False,0.012160674178725413,0.00011586445626251586,0.003104371950030327,0.1783527940242493
2025-10-29,combined,0.01209843856032741,0.025848979910552187,-0.025848979910552187,False,0.0,d080_b8_p00_r2_torch_svl,torch_svl,2,9,2025-05-01,2025-10-28,False,0.012160674178725413,6.223561839800197e-05,0.00999239506199956,1.866521105330321
2025-10-30,torch_sbm,0.012114361448694586,0.0833867401614038,-0.0833867401614038,False,0.0,d081_b8_p00_r0_torch_sbm,torch_sbm,0,3,2025-05-02,2025-10-29,False,0.01217681442205086,6.245297335627509e-05,0.002995107905007899,0.1023922258100356
2025-10-30,torch_svl,0.012123273034285623,0.0833867401614038,-0.0833867401614038,False,0.0,d081_b8_p00_r1_torch_svl,torch_svl,1,3,2025-05-02,2025-10-29,False,0.01217681442205086,5.3541387765237286e-05,0.003356443950906396,1.585776085496036
2025-10-30,torch_transverse_route,0.012114361448694586,0.0833867401614038,-0.0833867401614038,False,0.0,d081_b8_p00_r0_torch_transverse_route,torch_transverse_route,0,3,2025-05-02,2025-10-29,False,0.01217681442205086,6.245297335627509e-05,0.003069736994802952,0.1783527940242493
2025-10-30,combined,0.012123273034285623,0.0833867401614038,-0.0833867401614038,False,0.0,d081_b8_p00_r1_torch_svl,torch_svl,1,9,2025-05-02,2025-10-29,False,0.01217681442205086,5.3541387765237286e-05,0.009421288850717247,1.866521105330321
2025-10-31,torch_sbm,0.011884778458335724,0.6952580110529398,-0.6952580110529398,False,0.0,d082_b8_p00_r0_torch_sbm,torch_sbm,0,3,2025-05-05,2025-10-30,False,0.011957656409364047,7.287795102832277e-05,0.00611596810631454,0.1023922258100356
2025-10-31,torch_svl,0.011884778458335724,0.6952580110529398,-0.6952580110529398,False,0.0,d082_b8_p00_r0_torch_svl,torch_svl,0,3,2025-05-05,2025-10-30,False,0.011957656409364047,7.287795102832277e-05,0.006590319913811982,1.585776085496036
2025-10-31,torch_transverse_route,0.011884778458335724,0.6952580110529398,-0.6952580110529398,False,0.0,d082_b8_p00_r0_torch_transverse_route,torch_transverse_route,0,3,2025-05-05,2025-10-30,False,0.011957656409364047,7.287795102832277e-05,0.006324827903881669,0.1783527940242493
2025-10-31,combined,0.011884778458335724,0.6952580110529398,-0.6952580110529398,False,0.0,d082_b8_p00_r0_torch_sbm,torch_sbm,0,9,2025-05-05,2025-10-30,False,0.011957656409364047,7.287795102832277e-05,0.01903111592400819,1.866521105330321
2025-11-03,torch_sbm,0.010827324537009889,2.260012043441661,-2.260012043441661,False,0.0,d083_b8_p00_r0_torch_sbm,torch_sbm,0,3,2025-05-06,2025-10-31,False,0.010868393271812674,4.10687348027846e-05,0.0026290930109098554,0.1023922258100356
2025-11-03,torch_svl,0.010859964698510154,2.260012043441661,-2.260012043441661,False,0.0,d083_b8_p00_r0_torch_svl,torch_svl,0,3,2025-05-06,2025-10-31,False,0.010868393271812674,8.428573302519601e-06,0.003950400976464152,1.585776085496036
2025-11-03,torch_transverse_route,0.010827324537009889,2.260012043441661,-2.260012043441661,False,0.0,d083_b8_p00_r0_torch_transverse_route,torch_transverse_route,0,3,2025-05-06,2025-10-31,False,0.010868393271812674,4.10687348027846e-05,0.0035926360869780183,0.1783527940242493
2025-11-03,combined,0.010859964698510154,2.260012043441661,-2.260012043441661,False,0.0,d083_b8_p00_r0_torch_svl,torch_svl,0,9,2025-05-06,2025-10-31,False,0.010868393271812674,8.428573302519601e-06,0.010172130074352026,1.866521105330321
2025-11-04,torch_sbm,0.010704743806446154,0.008093931153838047,-0.008093931153838047,False,0.0,d084_b8_p00_r0_torch_sbm,torch_sbm,0,3,2025-05-07,2025-11-03,False,0.010732945951308895,2.8202144862741335e-05,0.005347399041056633,0.1023922258100356
2025-11-04,torch_svl,0.010721952290830986,0.008093931153838047,-0.008093931153838047,False,0.0,d084_b8_p00_r2_torch_svl,torch_svl,2,3,2025-05-07,2025-11-03,False,0.010732945951308895,1.0993660477909284e-05,0.004973407136276364,1.585776085496036
2025-11-04,torch_transverse_route,0.01071456483028271,0.008093931153838047,-0.008093931153838047,False,0.0,d084_b8_p00_r0_torch_transverse_route,torch_transverse_route,0,3,2025-05-07,2025-11-03,False,0.010732945951308895,1.8381121026185207e-05,0.006137382937595248,0.1783527940242493
2025-11-04,combined,0.010721952290830986,0.008093931153838047,-0.008093931153838047,False,0.0,d084_b8_p00_r2_torch_svl,torch_svl,2,9,2025-05-07,2025-11-03,False,0.010732945951308895,1.0993660477909284e-05,0.016458189114928246,1.866521105330321
2025-11-05,torch_sbm,0.011472659159738469,0.03705880150545922,-0.03705880150545922,False,0.0,d085_b8_p00_r0_torch_sbm,torch_sbm,0,3,2025-05-08,2025-11-04,False,0.011502503286871506,2.984412713303783e-05,0.009895114926621318,0.10514676337334095
2025-11-05,torch_svl,0.01148316635523988,0.03705880150545922,-0.03705880150545922,False,0.0,d085_b8_p00_r2_torch_svl,torch_svl,2,3,2025-05-08,2025-11-04,False,0.011502503286871506,1.9336931631626017e-05,0.008337428909726441,1.5753581262506486
2025-11-05,torch_transverse_route,0.01148316635523988,0.03705880150545922,-0.03705880150545922,False,0.0,d085_b8_p00_r0_torch_transverse_route,torch_transverse_route,0,3,2025-05-08,2025-11-04,False,0.011502503286871506,1.9336931631626017e-05,0.009998380090110004,0.17378507002649712
2025-11-05,combined,0.01148316635523988,0.03705880150545922,-0.03705880150545922,False,0.0,d085_b8_p00_r0_torch_transverse_route,torch_transverse_route,0,9,2025-05-08,2025-11-04,False,0.011502503286871506,1.9336931631626017e-05,0.028230923926457763,1.8542899596504867
2025-11-06,torch_sbm,0.011241526941020165,0.0007766509425703124,-0.0007766509425703124,False,0.0,d086_b8_p00_r0_torch_sbm,torch_sbm,0,3,2025-05-09,2025-11-05,False,0.011271752526056812,3.0225585036647643e-05,0.007124255993403494,0.10652403215499362
2025-11-06,torch_svl,0.011255480194974864,0.0007766509425703124,-0.0007766509425703124,False,0.0,d086_b8_p00_r0_torch_svl,torch_svl,0,3,2025-05-09,2025-11-05,False,0.011271752526056812,1.6272331081947783e-05,0.007870722096413374,1.570149146627955
2025-11-06,torch_transverse_route,0.011241526941020165,0.0007766509425703124,-0.0007766509425703124,False,0.0,d086_b8_p00_r0_torch_transverse_route,torch_transverse_route,0,3,2025-05-09,2025-11-05,False,0.011271752526056812,3.0225585036647643e-05,0.007087290985509753,0.17150120802762103
2025-11-06,combined,0.011255480194974864,0.0007766509425703124,-0.0007766509425703124,False,0.0,d086_b8_p00_r0_torch_svl,torch_svl,0,9,2025-05-09,2025-11-05,False,0.011271752526056812,1.6272331081947783e-05,0.02208226907532662,1.8481743868105696
2025-11-07,torch_sbm,0.013215416022088713,0.01025552075050926,-0.01025552075050926,False,0.0,d087_b8_p00_r0_torch_sbm,torch_sbm,0,3,2025-05-12,2025-11-06,False,0.013300602239074083,8.518621698536989e-05,0.006992914946749806,0.10652403215499362
2025-11-07,torch_svl,0.013234356722403128,0.01025552075050926,-0.01025552075050926,False,0.0,d087_b8_p00_r0_torch_svl,torch_svl,0,3,2025-05-12,2025-11-06,False,0.013300602239074083,6.624551667095552e-05,0.0059110712027177215,1.570149146627955
2025-11-07,torch_transverse_route,0.013215416022088713,0.01025552075050926,-0.01025552075050926,False,0.0,d087_b8_p00_r0_torch_transverse_route,torch_transverse_route,0,3,2025-05-12,2025-11-06,False,0.013300602239074083,8.518621698536989e-05,0.006769102998077869,0.17150120802762103
2025-11-07,combined,0.013234356722403128,0.01025552075050926,-0.01025552075050926,False,0.0,d087_b8_p00_r0_torch_svl,torch_svl,0,9,2025-05-12,2025-11-06,False,0.013300602239074083,6.624551667095552e-05,0.019673089147545397,1.8481743868105696
2025-11-10,torch_sbm,0.013051640317599504,0.013459736852277086,-0.013459736852277086,False,0.0,d088_b8_p00_r0_torch_sbm,torch_sbm,0,3,2025-05-13,2025-11-07,False,0.013087410402085721,3.5770084486217574e-05,0.00940725498367101,0.10652403215499362
2025-11-10,torch_svl,0.013067495943584672,0.013459736852277086,-0.013459736852277086,False,0.0,d088_b8_p00_r1_torch_svl,torch_svl,1,3,2025-05-13,2025-11-07,False,0.013087410402085721,1.9914458501048976e-05,0.007180861080996692,1.570149146627955
2025-11-10,torch_transverse_route,0.01306279319958752,0.013459736852277086,-0.013459736852277086,False,0.0,d088_b8_p00_r2_torch_transverse_route,torch_transverse_route,2,3,2025-05-13,2025-11-07,False,0.013087410402085721,2.4617202498201582e-05,0.00931632611900568,0.17150120802762103
2025-11-10,combined,0.013067495943584672,0.013459736852277086,-0.013459736852277086,False,0.0,d088_b8_p00_r1_torch_svl,torch_svl,1,9,2025-05-13,2025-11-07,False,0.013087410402085721,1.9914458501048976e-05,0.025904442183673382,1.8481743868105696
2025-11-11,torch_sbm,0.012753148226374836,0.010160474773720481,-0.010160474773720481,False,0.0,d089_b8_p00_r0_torch_sbm,torch_sbm,0,3,2025-05-14,2025-11-10,False,0.012765736830829481,1.25886044546452e-05,0.012138267047703266,0.10652403215499362
2025-11-11,torch_svl,0.012762224585537529,0.010160474773720481,-0.010160474773720481,False,0.0,d089_b8_p00_r2_torch_svl,torch_svl,2,3,2025-05-14,2025-11-10,False,0.012765736830829481,3.5122452919523345e-06,0.008384317043237388,1.570149146627955
2025-11-11,torch_transverse_route,0.012753148226374836,0.010160474773720481,-0.010160474773720481,False,0.0,d089_b8_p00_r0_torch_transverse_route,torch_transverse_route,0,3,2025-05-14,2025-11-10,False,0.012765736830829481,1.25886044546452e-05,0.01220998598728329,0.17150120802762103
2025-11-11,combined,0.012762224585537529,0.010160474773720481,-0.010160474773720481,False,0.0,d089_b8_p00_r2_torch_svl,torch_svl,2,9,2025-05-14,2025-11-10,False,0.012765736830829481,3.5122452919523345e-06,0.032732570078223944,1.8481743868105696
2025-11-12,torch_sbm,0.012465631485192525,0.9324483897486547,-0.9324483897486547,False,0.0,d090_b8_p00_r0_torch_sbm,torch_sbm,0,3,2025-05-15,2025-11-11,False,0.012468785892177472,3.154406984947483e-06,0.011872338014654815,0.10652403215499362
2025-11-12,torch_svl,0.012465631485192525,0.9324483897486547,-0.9324483897486547,False,0.0,d090_b8_p00_r2_torch_svl,torch_svl,2,3,2025-05-15,2025-11-11,False,0.012468785892177472,3.154406984947483e-06,0.013607085915282369,1.570149146627955
2025-11-12,torch_transverse_route,0.012465631485192525,0.9324483897486547,-0.9324483897486547,False,0.0,d090_b8_p00_r0_torch_transverse_route,torch_transverse_route,0,3,2025-05-15,2025-11-11,False,0.012468785892177472,3.154406984947483e-06,0.012054186197929084,0.17150120802762103
2025-11-12,combined,0.012465631485192525,0.9324483897486547,-0.9324483897486547,False,0.0,d090_b8_p00_r0_torch_sbm,torch_sbm,0,9,2025-05-15,2025-11-11,False,0.012468785892177472,3.154406984947483e-06,0.03753361012786627,1.8481743868105696
2025-11-13,torch_sbm,0.01200469962037472,0.00412021278672579,-0.00412021278672579,False,0.0,d091_b8_p00_r0_torch_sbm,torch_sbm,0,3,2025-05-16,2025-11-12,False,0.012009754936918493,5.055316543774169e-06,0.010081956977955997,0.10652403215499362
2025-11-13,torch_svl,0.01200469962037472,0.00412021278672579,-0.00412021278672579,False,0.0,d091_b8_p00_r0_torch_svl,torch_svl,0,3,2025-05-16,2025-11-12,False,0.012009754936918493,5.055316543774169e-06,0.007893492933362722,1.570149146627955
2025-11-13,torch_transverse_route,0.01200469962037472,0.00412021278672579,-0.00412021278672579,False,0.0,d091_b8_p00_r0_torch_transverse_route,torch_transverse_route,0,3,2025-05-16,2025-11-12,False,0.012009754936918493,5.055316543774169e-06,0.009829383925534785,0.17150120802762103
2025-11-13,combined,0.01200469962037472,0.00412021278672579,-0.00412021278672579,False,0.0,d091_b8_p00_r0_torch_sbm,torch_sbm,0,9,2025-05-16,2025-11-12,False,0.012009754936918493,5.055316543774169e-06,0.027804833836853504,1.8481743868105696
2025-11-14,torch_sbm,0.014954027497772823,0.017396052005750093,-0.017396052005750093,False,0.0,d092_b8_p00_r0_torch_sbm,torch_sbm,0,3,2025-05-19,2025-11-13,False,0.014991758014374253,3.7730516601429745e-05,0.011401134077459574,0.10652403215499362
2025-11-14,torch_svl,0.014954027497772823,0.017396052005750093,-0.017396052005750093,False,0.0,d092_b8_p00_r0_torch_svl,torch_svl,0,3,2025-05-19,2025-11-13,False,0.014991758014374253,3.7730516601429745e-05,0.012058038031682372,1.570149146627955
2025-11-14,torch_transverse_route,0.014954027497772823,0.017396052005750093,-0.017396052005750093,False,0.0,d092_b8_p00_r0_torch_transverse_route,torch_transverse_route,0,3,2025-05-19,2025-11-13,False,0.014991758014374253,3.7730516601429745e-05,0.01212055899668485,0.17150120802762103
2025-11-14,combined,0.014954027497772823,0.017396052005750093,-0.017396052005750093,False,0.0,d092_b8_p00_r0_torch_sbm,torch_sbm,0,9,2025-05-19,2025-11-13,False,0.014991758014374253,3.7730516601429745e-05,0.035579731105826795,1.8481743868105696
2025-11-17,torch_sbm,0.014977265330092158,0.01355152887728807,-0.01355152887728807,False,0.0,d093_b8_p00_r0_torch_sbm,torch_sbm,0,3,2025-05-20,2025-11-14,False,0.015012065552151538,3.4800222059379327e-05,0.013169622048735619,0.10652403215499362
2025-11-17,torch_svl,0.014977265330092158,0.01355152887728807,-0.01355152887728807,False,0.0,d093_b8_p00_r0_torch_svl,torch_svl,0,3,2025-05-20,2025-11-14,False,0.015012065552151538,3.4800222059379327e-05,0.013195825973525643,1.570149146627955
2025-11-17,torch_transverse_route,0.014977265330092158,0.01355152887728807,-0.01355152887728807,False,0.0,d093_b8_p00_r0_torch_transverse_route,torch_transverse_route,0,3,2025-05-20,2025-11-14,False,0.015012065552151538,3.4800222059379327e-05,0.013189016026444733,0.17150120802762103
2025-11-17,combined,0.014977265330092158,0.01355152887728807,-0.01355152887728807,False,0.0,d093_b8_p00_r0_torch_sbm,torch_sbm,0,9,2025-05-20,2025-11-14,False,0.015012065552151538,3.4800222059379327e-05,0.039554464048705995,1.8481743868105696
2025-11-18,torch_sbm,0.014875923332207676,0.008893253719588165,-0.008893253719588165,False,0.0,d094_b8_p00_r0_torch_sbm,torch_sbm,0,3,2025-05-21,2025-11-17,False,0.014915177326627291,3.9253994419615607e-05,0.010571648017503321,0.10652403215499362
2025-11-18,torch_svl,0.014875923332207676,0.008893253719588165,-0.008893253719588165,False,0.0,d094_b8_p00_r0_torch_svl,torch_svl,0,3,2025-05-21,2025-11-17,False,0.014915177326627291,3.9253994419615607e-05,0.007278564153239131,1.570149146627955
2025-11-18,torch_transverse_route,0.014875923332207676,0.008893253719588165,-0.008893253719588165,False,0.0,d094_b8_p00_r0_torch_transverse_route,torch_transverse_route,0,3,2025-05-21,2025-11-17,False,0.014915177326627291,3.9253994419615607e-05,0.010616193059831858,0.17150120802762103
2025-11-18,combined,0.014875923332207676,0.008893253719588165,-0.008893253719588165,False,0.0,d094_b8_p00_r0_torch_sbm,torch_sbm,0,9,2025-05-21,2025-11-17,False,0.014915177326627291,3.9253994419615607e-05,0.02846640523057431,1.8481743868105696
2025-11-19,torch_sbm,0.014485151359762295,0.00040149821304837676,-0.00040149821304837676,False,0.0,d095_b8_p00_r0_torch_sbm,torch_sbm,0,3,2025-05-22,2025-11-18,False,0.014557078244780874,7.192688501857919e-05,0.008746630977839231,0.10652403215499362
2025-11-19,torch_svl,0.014458435242596466,0.00040149821304837676,-0.00040149821304837676,False,0.0,d095_b8_p00_r1_torch_svl,torch_svl,1,3,2025-05-22,2025-11-18,False,0.014557078244780874,9.864300218440786e-05,0.005145480972714722,1.570149146627955
2025-11-19,torch_transverse_route,0.014485151359762295,0.00040149821304837676,-0.00040149821304837676,False,0.0,d095_b8_p00_r0_torch_transverse_route,torch_transverse_route,0,3,2025-05-22,2025-11-18,False,0.014557078244780874,7.192688501857919e-05,0.008883614907972515,0.17150120802762103
2025-11-19,combined,0.014485151359762295,0.00040149821304837676,-0.00040149821304837676,False,0.0,d095_b8_p00_r0_torch_sbm,torch_sbm,0,9,2025-05-22,2025-11-18,False,0.014557078244780874,7.192688501857919e-05,0.02277572685852647,1.8481743868105696
2025-11-20,torch_sbm,0.014596376244762753,0.06141823586260865,-0.06141823586260865,False,0.0,d096_b8_p00_r0_torch_sbm,torch_sbm,0,3,2025-05-23,2025-11-19,False,0.01468528361118633,8.890736642357643e-05,0.006249300902709365,0.10594296899580513
2025-11-20,torch_svl,0.014607419896722571,0.06141823586260865,-0.06141823586260865,False,0.0,d096_b8_p00_r0_torch_svl,torch_svl,0,3,2025-05-23,2025-11-19,False,0.01468528361118633,7.786371446375819e-05,0.006122099002823234,1.5795407253754092
2025-11-20,torch_transverse_route,0.014596376244762753,0.06141823586260865,-0.06141823586260865,False,0.0,d096_b8_p00_r0_torch_transverse_route,torch_transverse_route,0,3,2025-05-23,2025-11-19,False,0.01468528361118633,8.890736642357643e-05,0.0065131031442433596,0.17164309266081546
2025-11-20,combined,0.014607419896722571,0.06141823586260865,-0.06141823586260865,False,0.0,d096_b8_p00_r0_torch_svl,torch_svl,0,9,2025-05-23,2025-11-19,False,0.01468528361118633,7.786371446375819e-05,0.018884503049775958,1.8571267870320298
2025-11-21,torch_sbm,0.01489799869181376,0.017959625461021984,-0.017959625461021984,False,0.0,d097_b8_p00_r0_torch_sbm,torch_sbm,0,3,2025-05-27,2025-11-20,False,0.01490173865806409,3.7399662503306147e-06,0.012093674973584712,0.10594296899580513
2025-11-21,torch_svl,0.014891058290512179,0.017959625461021984,-0.017959625461021984,False,0.0,d097_b8_p00_r1_torch_svl,torch_svl,1,3,2025-05-27,2025-11-20,False,0.01490173865806409,1.068036755191154e-05,0.009521045023575425,1.5795407253754092
2025-11-21,torch_transverse_route,0.01489799869181376,0.017959625461021984,-0.017959625461021984,False,0.0,d097_b8_p00_r0_torch_transverse_route,torch_transverse_route,0,3,2025-05-27,2025-11-20,False,0.01490173865806409,3.7399662503306147e-06,0.012323054019361734,0.17164309266081546
2025-11-21,combined,0.01489799869181376,0.017959625461021984,-0.017959625461021984,False,0.0,d097_b8_p00_r0_torch_sbm,torch_sbm,0,9,2025-05-27,2025-11-20,False,0.01490173865806409,3.7399662503306147e-06,0.03393777401652187,1.8571267870320298
2025-11-24,torch_sbm,0.01457652360497865,0.047925963593855585,-0.047925963593855585,False,0.0,d098_b8_p00_r0_torch_sbm,torch_sbm,0,3,2025-05-28,2025-11-21,False,0.014778685237733924,0.00020216163275527457,0.004602924105711281,0.10594296899580513
2025-11-24,torch_svl,0.014716606613784936,0.047925963593855585,-0.047925963593855585,False,0.0,d098_b8_p00_r2_torch_svl,torch_svl,2,3,2025-05-28,2025-11-21,False,0.014778685237733924,6.20786239489881e-05,0.004522504983469844,1.5795407253754092
2025-11-24,torch_transverse_route,0.014638686823590834,0.047925963593855585,-0.047925963593855585,False,0.0,d098_b8_p00_r0_torch_transverse_route,torch_transverse_route,0,3,2025-05-28,2025-11-21,False,0.014778685237733924,0.00013999841414309017,0.00439201295375824,0.17164309266081546
2025-11-24,combined,0.014716606613784936,0.047925963593855585,-0.047925963593855585,False,0.0,d098_b8_p00_r2_torch_svl,torch_svl,2,9,2025-05-28,2025-11-21,False,0.014778685237733924,6.20786239489881e-05,0.013517442042939365,1.8571267870320298
2025-11-25,torch_sbm,0.014721187566941322,0.04211426803371103,-0.04211426803371103,False,0.0,d099_b8_p00_r0_torch_sbm,torch_sbm,0,3,2025-05-29,2025-11-24,False,0.014749426099036156,2.8238532094833346e-05,0.011700514005497098,0.10594296899580513
2025-11-25,torch_svl,0.014721187566941322,0.04211426803371103,-0.04211426803371103,False,0.0,d099_b8_p00_r0_torch_svl,torch_svl,0,3,2025-05-29,2025-11-24,False,0.014749426099036156,2.8238532094833346e-05,0.011908345040865242,1.5795407253754092
2025-11-25,torch_transverse_route,0.014721187566941322,0.04211426803371103,-0.04211426803371103,False,0.0,d099_b8_p00_r0_torch_transverse_route,torch_transverse_route,0,3,2025-05-29,2025-11-24,False,0.014749426099036156,2.8238532094833346e-05,0.011487754061818123,0.17164309266081546
2025-11-25,combined,0.014721187566941322,0.04211426803371103,-0.04211426803371103,False,0.0,d099_b8_p00_r0_torch_sbm,torch_sbm,0,9,2025-05-29,2025-11-24,False,0.014749426099036156,2.8238532094833346e-05,0.03509661310818046,1.8571267870320298
2025-11-26,torch_sbm,0.014893940383812252,0.015159075950504211,-0.015159075950504211,False,0.0,d100_b8_p00_r0_torch_sbm,torch_sbm,0,3,2025-05-30,2025-11-25,False,0.014976552124929153,8.261174111690028e-05,0.012240028125233948,0.10594296899580513
2025-11-26,torch_svl,0.014943264065970364,0.015159075950504211,-0.015159075950504211,False,0.0,d100_b8_p00_r1_torch_svl,torch_svl,1,3,2025-05-30,2025-11-25,False,0.014976552124929153,3.328805895878861e-05,0.011266453191637993,1.5795407253754092
2025-11-26,torch_transverse_route,0.014893940383812252,0.015159075950504211,-0.015159075950504211,False,0.0,d100_b8_p00_r0_torch_transverse_route,torch_transverse_route,0,3,2025-05-30,2025-11-25,False,0.014976552124929153,8.261174111690028e-05,0.012278849026188254,0.17164309266081546
2025-11-26,combined,0.014943264065970364,0.015159075950504211,-0.015159075950504211,False,0.0,d100_b8_p00_r1_torch_svl,torch_svl,1,9,2025-05-30,2025-11-25,False,0.014976552124929153,3.328805895878861e-05,0.035785330343060195,1.8571267870320298
2025-11-28,torch_sbm,0.014395501805116326,0.05797476708968992,-0.05797476708968992,False,0.0,d101_b8_p00_r0_torch_sbm,torch_sbm,0,3,2025-06-02,2025-11-26,False,0.014590915049595012,0.00019541324447868574,0.006085347034968436,0.10594296899580513
2025-11-28,torch_svl,0.014443044342741664,0.05797476708968992,-0.05797476708968992,False,0.0,d101_b8_p00_r0_torch_svl,torch_svl,0,3,2025-06-02,2025-11-26,False,0.014590915049595012,0.00014787070685334802,0.005716153071261942,1.5795407253754092
2025-11-28,torch_transverse_route,0.014395501805116326,0.05797476708968992,-0.05797476708968992,False,0.0,d101_b8_p00_r0_torch_transverse_route,torch_transverse_route,0,3,2025-06-02,2025-11-26,False,0.014590915049595012,0.00019541324447868574,0.007058096001856029,0.17164309266081546
2025-11-28,combined,0.014443044342741664,0.05797476708968992,-0.05797476708968992,False,0.0,d101_b8_p00_r0_torch_svl,torch_svl,0,9,2025-06-02,2025-11-26,False,0.014590915049595012,0.00014787070685334802,0.018859596108086407,1.8571267870320298
2025-12-01,torch_sbm,0.01404868839548565,0.0418315157033869,-0.0418315157033869,False,0.0,d102_b8_p00_r0_torch_sbm,torch_sbm,0,3,2025-06-03,2025-11-28,False,0.014315091760567038,0.00026640336508138886,0.005867791827768087,0.10594296899580513
2025-12-01,torch_svl,0.014175530906623887,0.0418315157033869,-0.0418315157033869,False,0.0,d102_b8_p00_r2_torch_svl,torch_svl,2,3,2025-06-03,2025-11-28,False,0.014315091760567038,0.00013956085394315094,0.006573879974894226,1.5795407253754092
2025-12-01,torch_transverse_route,0.01404868839548565,0.0418315157033869,-0.0418315157033869,False,0.0,d102_b8_p00_r0_torch_transverse_route,torch_transverse_route,0,3,2025-06-03,2025-11-28,False,0.014315091760567038,0.00026640336508138886,0.0071008739760145545,0.17164309266081546
2025-12-01,combined,0.014175530906623887,0.0418315157033869,-0.0418315157033869,False,0.0,d102_b8_p00_r2_torch_svl,torch_svl,2,9,2025-06-03,2025-11-28,False,0.014315091760567038,0.00013956085394315094,0.019542545778676867,1.8571267870320298
2025-12-02,torch_sbm,0.013753051637438217,0.006887316891741463,-0.006887316891741463,False,0.0,d103_b8_p00_r0_torch_sbm,torch_sbm,0,3,2025-06-04,2025-12-01,False,0.013828631018234009,7.55793807957917e-05,0.004607611917890608,0.10594296899580513
2025-12-02,torch_svl,0.013807817041527571,0.006887316891741463,-0.006887316891741463,False,0.0,d103_b8_p00_r2_torch_svl,torch_svl,2,3,2025-06-04,2025-12-01,False,0.013828631018234009,2.0813976706437684e-05,0.0061294190818443894,1.5795407253754092
2025-12-02,torch_transverse_route,0.0137727281379785,0.006887316891741463,-0.006887316891741463,False,0.0,d103_b8_p00_r0_torch_transverse_route,torch_transverse_route,0,3,2025-06-04,2025-12-01,False,0.013828631018234009,5.5902880255509144e-05,0.005341001087799668,0.17164309266081546
2025-12-02,combined,0.013807817041527571,0.006887316891741463,-0.006887316891741463,False,0.0,d103_b8_p00_r2_torch_svl,torch_svl,2,9,2025-06-04,2025-12-01,False,0.013828631018234009,2.0813976706437684e-05,0.016078032087534666,1.8571267870320298
2025-12-03,torch_sbm,0.013611314266569311,0.009416614831435285,-0.009416614831435285,False,0.0,d104_b8_p00_r0_torch_sbm,torch_sbm,0,3,2025-06-05,2025-12-02,False,0.013646586778284266,3.527251171495452e-05,0.00677408289629966,0.10594296899580513
2025-12-03,torch_svl,0.01356757901191082,0.009416614831435285,-0.009416614831435285,False,0.0,d104_b8_p00_r1_torch_svl,torch_svl,1,3,2025-06-05,2025-12-02,False,0.013646586778284266,7.900776637344634e-05,0.004536194959655404,1.5795407253754092
2025-12-03,torch_transverse_route,0.013614603790117117,0.009416614831435285,-0.009416614831435285,False,0.0,d104_b8_p00_r0_torch_transverse_route,torch_transverse_route,0,3,2025-06-05,2025-12-02,False,0.013646586778284266,3.1982988167148646e-05,0.005957202985882759,0.17164309266081546
2025-12-03,combined,0.013614603790117117,0.009416614831435285,-0.009416614831435285,False,0.0,d104_b8_p00_r0_torch_transverse_route,torch_transverse_route,0,9,2025-06-05,2025-12-02,False,0.013646586778284266,3.1982988167148646e-05,0.017267480841837823,1.8571267870320298
2025-12-04,torch_sbm,0.013143862605585152,0.08471496652461445,-0.08471496652461445,False,0.0,d105_b8_p00_r0_torch_sbm,torch_sbm,0,3,2025-06-06,2025-12-03,False,0.013168679769486904,2.481716390175144e-05,0.004684999934397638,0.10594296899580513
2025-12-04,torch_svl,0.013155285823640523,0.08471496652461445,-0.08471496652461445,False,0.0,d105_b8_p00_r2_torch_svl,torch_svl,2,3,2025-06-06,2025-12-03,False,0.013168679769486904,1.3393945846380817e-05,0.004355099052190781,1.5795407253754092
2025-12-04,torch_transverse_route,0.013163384808463437,0.08471496652461445,-0.08471496652461445,False,0.0,d105_b8_p00_r0_torch_transverse_route,torch_transverse_route,0,3,2025-06-06,2025-12-03,False,0.013168679769486904,5.29496102346684e-06,0.005258727120235562,0.17164309266081546
2025-12-04,combined,0.013163384808463437,0.08471496652461445,-0.08471496652461445,False,0.0,d105_b8_p00_r0_torch_transverse_route,torch_transverse_route,0,9,2025-06-06,2025-12-03,False,0.013168679769486904,5.29496102346684e-06,0.01429882610682398,1.8571267870320298
2025-12-05,torch_sbm,0.012766681468430522,0.01571325787442862,-0.01571325787442862,False,0.0,d106_b8_p00_r0_torch_sbm,torch_sbm,0,3,2025-06-09,2025-12-04,False,0.012791700664357326,2.5019195926803683e-05,0.0052857790142297745,0.10468967355700443
2025-12-05,torch_svl,0.012770125703440858,0.01571325787442862,-0.01571325787442862,False,0.0,d106_b8_p00_r0_torch_svl,torch_svl,0,3,2025-06-09,2025-12-04,False,0.012791700664357326,2.1574960916467822e-05,0.006204711040481925,1.5801842370019585
2025-12-05,torch_transverse_route,0.012780824392315364,0.01571325787442862,-0.01571325787442862,False,0.0,d106_b8_p00_r0_torch_transverse_route,torch_transverse_route,0,3,2025-06-09,2025-12-04,False,0.012791700664357326,1.0876272041961815e-05,0.007219539838843048,0.17313863669187413
2025-12-05,combined,0.012780824392315364,0.01571325787442862,-0.01571325787442862,False,0.0,d106_b8_p00_r0_torch_transverse_route,torch_transverse_route,0,9,2025-06-09,2025-12-04,False,0.012791700664357326,1.0876272041961815e-05,0.018710029893554747,1.858012547250837
2025-12-08,torch_sbm,0.012448108510529224,0.003738711109351495,-0.003738711109351495,False,0.0,d107_b8_p00_r0_torch_sbm,torch_sbm,0,3,2025-06-10,2025-12-05,False,0.012471627389214729,2.3518878685504715e-05,0.005214477074332535,0.10218308267940301
2025-12-08,torch_svl,0.012461475495578377,0.003738711109351495,-0.003738711109351495,False,0.0,d107_b8_p00_r2_torch_svl,torch_svl,2,3,2025-06-10,2025-12-05,False,0.012471627389214729,1.0151893636352327e-05,0.005946185905486345,1.5814712602550571
2025-12-08,torch_transverse_route,0.012461475495578377,0.003738711109351495,-0.003738711109351495,False,0.0,d107_b8_p00_r1_torch_transverse_route,torch_transverse_route,1,3,2025-06-10,2025-12-05,False,0.012471627389214729,1.0151893636352327e-05,0.00711681495886296,0.17612972475399147
2025-12-08,combined,0.012461475495578377,0.003738711109351495,-0.003738711109351495,False,0.0,d107_b8_p00_r1_torch_transverse_route,torch_transverse_route,1,9,2025-06-10,2025-12-05,False,0.012471627389214729,1.0151893636352327e-05,0.01827747793868184,1.8597840676884516
2025-12-09,torch_sbm,0.012613958926509846,0.018070262916264422,-0.018070262916264422,False,0.0,d108_b8_p00_r0_torch_sbm,torch_sbm,0,3,2025-06-11,2025-12-08,False,0.01265280536363474,3.884643712489394e-05,0.005809375899843872,0.10218308267940301
2025-12-09,torch_svl,0.012640753104190184,0.018070262916264422,-0.018070262916264422,False,0.0,d108_b8_p00_r0_torch_svl,torch_svl,0,3,2025-06-11,2025-12-08,False,0.01265280536363474,1.205225944455636e-05,0.007147388998419046,1.5814712602550571
2025-12-09,torch_transverse_route,0.012613958926509846,0.018070262916264422,-0.018070262916264422,False,0.0,d108_b8_p00_r0_torch_transverse_route,torch_transverse_route,0,3,2025-06-11,2025-12-08,False,0.01265280536363474,3.884643712489394e-05,0.005960881011560559,0.17612972475399147
2025-12-09,combined,0.012640753104190184,0.018070262916264422,-0.018070262916264422,False,0.0,d108_b8_p00_r0_torch_svl,torch_svl,0,9,2025-06-11,2025-12-08,False,0.01265280536363474,1.205225944455636e-05,0.018917645909823477,1.8597840676884516
2025-12-10,torch_sbm,0.012177764296185705,0.07807900728605444,-0.07807900728605444,False,0.0,d109_b8_p00_r0_torch_sbm,torch_sbm,0,3,2025-06-12,2025-12-09,False,0.012256907235913326,7.914293972762117e-05,0.005716645042411983,0.10218308267940301
2025-12-10,torch_svl,0.012244043612773113,0.07807900728605444,-0.07807900728605444,False,0.0,d109_b8_p00_r2_torch_svl,torch_svl,2,3,2025-06-12,2025-12-09,False,0.012256907235913326,1.2863623140213151e-05,0.008445566985756159,1.5814712602550571
2025-12-10,torch_transverse_route,0.012177764296185705,0.07807900728605444,-0.07807900728605444,False,0.0,d109_b8_p00_r0_torch_transverse_route,torch_transverse_route,0,3,2025-06-12,2025-12-09,False,0.012256907235913326,7.914293972762117e-05,0.006216882029548287,0.17612972475399147
2025-12-10,combined,0.012244043612773113,0.07807900728605444,-0.07807900728605444,False,0.0,d109_b8_p00_r2_torch_svl,torch_svl,2,9,2025-06-12,2025-12-09,False,0.012256907235913326,1.2863623140213151e-05,0.02037909405771643,1.8597840676884516
2025-12-11,torch_sbm,0.011843789437707796,0.019793980115644247,-0.019793980115644247,False,0.0,d110_b8_p00_r0_torch_sbm,torch_sbm,0,3,2025-06-13,2025-12-10,False,0.011894063416135097,5.027397842730097e-05,0.0046194110764190555,0.10218308267940301
2025-12-11,torch_svl,0.011856151887187048,0.019793980115644247,-0.019793980115644247,False,0.0,d110_b8_p00_r0_torch_svl,torch_svl,0,3,2025-06-13,2025-12-10,False,0.011894063416135097,3.7911528948048404e-05,0.005242318962700665,1.5814712602550571
2025-12-11,torch_transverse_route,0.011876229604798514,0.019793980115644247,-0.019793980115644247,False,0.0,d110_b8_p00_r0_torch_transverse_route,torch_transverse_route,0,3,2025-06-13,2025-12-10,False,0.011894063416135097,1.7833811336583072e-05,0.0056290250504389405,0.17612972475399147
2025-12-11,combined,0.011876229604798514,0.019793980115644247,-0.019793980115644247,False,0.0,d110_b8_p00_r0_torch_transverse_route,torch_transverse_route,0,9,2025-06-13,2025-12-10,False,0.011894063416135097,1.7833811336583072e-05,0.015490755089558661,1.8597840676884516
2025-12-12,torch_sbm,0.011458455026597647,0.01351915812619801,-0.01351915812619801,False,0.0,d111_b8_p00_r0_torch_sbm,torch_sbm,0,3,2025-06-16,2025-12-11,False,0.011472128344761948,1.3673318164300965e-05,0.005711501929908991,0.10218308267940301
2025-12-12,torch_svl,0.011458455026597647,0.01351915812619801,-0.01351915812619801,False,0.0,d111_b8_p00_r0_torch_svl,torch_svl,0,3,2025-06-16,2025-12-11,False,0.011472128344761948,1.3673318164300965e-05,0.00552917888853699,1.5814712602550571
2025-12-12,torch_transverse_route,0.011458455026597647,0.01351915812619801,-0.01351915812619801,False,0.0,d111_b8_p00_r0_torch_transverse_route,torch_transverse_route,0,3,2025-06-16,2025-12-11,False,0.011472128344761948,1.3673318164300965e-05,0.006027655093930662,0.17612972475399147
2025-12-12,combined,0.011458455026597647,0.01351915812619801,-0.01351915812619801,False,0.0,d111_b8_p00_r0_torch_sbm,torch_sbm,0,9,2025-06-16,2025-12-11,False,0.011472128344761948,1.3673318164300965e-05,0.017268335912376642,1.8597840676884516
2025-12-15,torch_sbm,0.01235787789592657,-0.0006600085224965463,0.0006600085224965463,False,0.0,d112_b8_p00_r0_torch_sbm,torch_sbm,0,3,2025-06-17,2025-12-12,False,0.012433600417035952,7.572252110938163e-05,0.006322240107692778,0.10218308267940301
2025-12-15,torch_svl,0.012403096095643745,-0.0006600085224965463,0.0006600085224965463,False,0.0,d112_b8_p00_r2_torch_svl,torch_svl,2,3,2025-06-17,2025-12-12,False,0.012433600417035952,3.0504321392206893e-05,0.005899890908040106,1.5814712602550571
2025-12-15,torch_transverse_route,0.01235787789592657,-0.0006600085224965463,0.0006600085224965463,False,0.0,d112_b8_p00_r0_torch_transverse_route,torch_transverse_route,0,3,2025-06-17,2025-12-12,False,0.012433600417035952,7.572252110938163e-05,0.006601793924346566,0.17612972475399147
2025-12-15,combined,0.012403096095643745,-0.0006600085224965463,0.0006600085224965463,False,0.0,d112_b8_p00_r2_torch_svl,torch_svl,2,9,2025-06-17,2025-12-12,False,0.012433600417035952,3.0504321392206893e-05,0.01882392494007945,1.8597840676884516
2025-12-16,torch_sbm,0.013470147290215886,0.008709833320450819,-0.008709833320450819,False,0.0,d113_b8_p00_r0_torch_sbm,torch_sbm,0,3,2025-06-18,2025-12-15,False,0.013504778385720999,3.4631095505112744e-05,0.008920226013287902,0.10218308267940301
2025-12-16,torch_svl,0.013480043485499726,0.008709833320450819,-0.008709833320450819,False,0.0,d113_b8_p00_r2_torch_svl,torch_svl,2,3,2025-06-18,2025-12-15,False,0.013504778385720999,2.473490022127274e-05,0.009150907048024237,1.5814712602550571
2025-12-16,torch_transverse_route,0.013470147290215886,0.008709833320450819,-0.008709833320450819,False,0.0,d113_b8_p00_r0_torch_transverse_route,torch_transverse_route,0,3,2025-06-18,2025-12-15,False,0.013504778385720999,3.4631095505112744e-05,0.009131284896284342,0.17612972475399147
2025-12-16,combined,0.013480043485499726,0.008709833320450819,-0.008709833320450819,False,0.0,d113_b8_p00_r2_torch_svl,torch_svl,2,9,2025-06-18,2025-12-15,False,0.013504778385720999,2.473490022127274e-05,0.02720241795759648,1.8597840676884516
2025-12-17,torch_sbm,0.013223984709037585,0.13262890582486964,-0.13262890582486964,False,0.0,d114_b8_p00_r0_torch_sbm,torch_sbm,0,3,2025-06-20,2025-12-16,False,0.013257101524632846,3.311681559526117e-05,0.008436793927103281,0.10218308267940301
2025-12-17,torch_svl,0.013047026427559937,0.13262890582486964,-0.13262890582486964,False,0.0,d114_b8_p00_r0_torch_svl,torch_svl,0,3,2025-06-20,2025-12-16,False,0.013257101524632846,0.00021007509707290928,0.004383423016406596,1.5814712602550571
2025-12-17,torch_transverse_route,0.013223984709037585,0.13262890582486964,-0.13262890582486964,False,0.0,d114_b8_p00_r0_torch_transverse_route,torch_transverse_route,0,3,2025-06-20,2025-12-16,False,0.013257101524632846,3.311681559526117e-05,0.008316977065987885,0.17612972475399147
2025-12-17,combined,0.013223984709037585,0.13262890582486964,-0.13262890582486964,False,0.0,d114_b8_p00_r0_torch_sbm,torch_sbm,0,9,2025-06-20,2025-12-16,False,0.013257101524632846,3.311681559526117e-05,0.02113719400949776,1.8597840676884516
2025-12-18,torch_sbm,0.012935529384280798,0.006339526700065483,-0.006339526700065483,False,0.0,d115_b8_p00_r0_torch_sbm,torch_sbm,0,3,2025-06-23,2025-12-17,False,0.012986591861613939,5.106247733314105e-05,0.006500631105154753,0.10218308267940301
2025-12-18,torch_svl,0.012935529384280798,0.006339526700065483,-0.006339526700065483,False,0.0,d115_b8_p00_r0_torch_svl,torch_svl,0,3,2025-06-23,2025-12-17,False,0.012986591861613939,5.106247733314105e-05,0.0062474560691043735,1.5814712602550571
2025-12-18,torch_transverse_route,0.012935529384280798,0.006339526700065483,-0.006339526700065483,False,0.0,d115_b8_p00_r0_torch_transverse_route,torch_transverse_route,0,3,2025-06-23,2025-12-17,False,0.012986591861613939,5.106247733314105e-05,0.006544228992424905,0.17612972475399147
2025-12-18,combined,0.012935529384280798,0.006339526700065483,-0.006339526700065483,False,0.0,d115_b8_p00_r0_torch_sbm,torch_sbm,0,9,2025-06-23,2025-12-17,False,0.012986591861613939,5.106247733314105e-05,0.01929231616668403,1.8597840676884516
2025-12-19,torch_sbm,0.012618658268693515,0.25499887523290227,-0.25499887523290227,False,0.0,d116_b8_p00_r0_torch_sbm,torch_sbm,0,3,2025-06-24,2025-12-18,False,0.012659745829997175,4.108756130366022e-05,0.004078095080330968,0.10218308267940301
2025-12-19,torch_svl,0.012618658268693515,0.25499887523290227,-0.25499887523290227,False,0.0,d116_b8_p00_r0_torch_svl,torch_svl,0,3,2025-06-24,2025-12-18,False,0.012659745829997175,4.108756130366022e-05,0.0038471120642498136,1.5814712602550571
2025-12-19,torch_transverse_route,0.012619403340451267,0.25499887523290227,-0.25499887523290227,False,0.0,d116_b8_p00_r0_torch_transverse_route,torch_transverse_route,0,3,2025-06-24,2025-12-18,False,0.012659745829997175,4.0342489545907786e-05,0.004166859085671604,0.17612972475399147
2025-12-19,combined,0.012619403340451267,0.25499887523290227,-0.25499887523290227,False,0.0,d116_b8_p00_r0_torch_transverse_route,torch_transverse_route,0,9,2025-06-24,2025-12-18,False,0.012659745829997175,4.0342489545907786e-05,0.012092066230252385,1.8597840676884516
2025-12-22,torch_sbm,0.01137360037375946,0.05853956299174312,-0.05853956299174312,False,0.0,d117_b8_p00_r0_torch_sbm,torch_sbm,0,3,2025-06-25,2025-12-19,False,0.011401231114650665,2.7630740891205e-05,0.006265999982133508,0.10378769318776904
2025-12-22,torch_svl,0.01137692043217289,0.05853956299174312,-0.05853956299174312,False,0.0,d117_b8_p00_r1_torch_svl,torch_svl,1,3,2025-06-25,2025-12-19,False,0.011401231114650665,2.431068247777529e-05,0.005897775990888476,1.5911935663789336
2025-12-22,torch_transverse_route,0.011393576372210355,0.05853956299174312,-0.05853956299174312,False,0.0,d117_b8_p00_r2_torch_transverse_route,torch_transverse_route,2,3,2025-06-25,2025-12-19,False,0.011401231114650665,7.65474244030992e-06,0.005227815825492144,0.1703022980618698
2025-12-22,combined,0.011393576372210355,0.05853956299174312,-0.05853956299174312,False,0.0,d117_b8_p00_r2_torch_transverse_route,torch_transverse_route,2,9,2025-06-25,2025-12-19,False,0.011401231114650665,7.65474244030992e-06,0.017391591798514128,1.8652835576285725
2025-12-23,torch_sbm,0.011672582571409268,0.016602237735558367,-0.016602237735558367,False,0.0,d118_b8_p00_r0_torch_sbm,torch_sbm,0,3,2025-06-26,2025-12-22,False,0.011679901251936674,7.31868052740621e-06,0.006092113093473017,0.10458999844195205
2025-12-23,torch_svl,0.011677443912052936,0.016602237735558367,-0.016602237735558367,False,0.0,d118_b8_p00_r0_torch_svl,torch_svl,0,3,2025-06-26,2025-12-22,False,0.011679901251936674,2.4573398837383215e-06,0.006638295017182827,1.5960547194408718
2025-12-23,torch_transverse_route,0.011672582571409268,0.016602237735558367,-0.016602237735558367,False,0.0,d118_b8_p00_r0_torch_transverse_route,torch_transverse_route,0,3,2025-06-26,2025-12-22,False,0.011679901251936674,7.31868052740621e-06,0.0052925749914720654,0.16738858471580897
2025-12-23,combined,0.011677443912052936,0.016602237735558367,-0.016602237735558367,False,0.0,d118_b8_p00_r0_torch_svl,torch_svl,0,9,2025-06-26,2025-12-22,False,0.011679901251936674,2.4573398837383215e-06,0.01802298310212791,1.8680333025986329
2025-12-24,torch_sbm,0.011570481652265966,0.04846849217174401,-0.04846849217174401,False,0.0,d119_b8_p00_r0_torch_sbm,torch_sbm,0,3,2025-06-27,2025-12-23,False,0.011591533641753075,2.1051989487109665e-05,0.0029981720726937056,0.10458999844195205
2025-12-24,torch_svl,0.011576439703416694,0.04846849217174401,-0.04846849217174401,False,0.0,d119_b8_p00_r1_torch_svl,torch_svl,1,3,2025-06-27,2025-12-23,False,0.011591533641753075,1.5093938336381563e-05,0.003467493923380971,1.5960547194408718
2025-12-24,torch_transverse_route,0.011578860075551624,0.04846849217174401,-0.04846849217174401,False,0.0,d119_b8_p00_r0_torch_transverse_route,torch_transverse_route,0,3,2025-06-27,2025-12-23,False,0.011591533641753075,1.2673566201451547e-05,0.003648741985671222,0.16738858471580897
2025-12-24,combined,0.011578860075551624,0.04846849217174401,-0.04846849217174401,False,0.0,d119_b8_p00_r0_torch_transverse_route,torch_transverse_route,0,9,2025-06-27,2025-12-23,False,0.011591533641753075,1.2673566201451547e-05,0.010114407981745899,1.8680333025986329
2025-12-26,torch_sbm,0.011073146693256087,0.049171220335851994,-0.049171220335851994,False,0.0,d120_b8_p00_r0_torch_sbm,torch_sbm,0,3,2025-06-30,2025-12-24,False,0.011078162770901314,5.016077645227102e-06,0.004038440994918346,0.10458999844195205
2025-12-26,torch_svl,0.011069359238402942,0.049171220335851994,-0.049171220335851994,False,0.0,d120_b8_p00_r1_torch_svl,torch_svl,1,3,2025-06-30,2025-12-24,False,0.011078162770901314,8.803532498371722e-06,0.004202257143333554,1.5960547194408718
2025-12-26,torch_transverse_route,0.011069854838307643,0.049171220335851994,-0.049171220335851994,False,0.0,d120_b8_p00_r1_torch_transverse_route,torch_transverse_route,1,3,2025-06-30,2025-12-24,False,0.011078162770901314,8.307932593671491e-06,0.005660104099661112,0.16738858471580897
2025-12-26,combined,0.011073146693256087,0.049171220335851994,-0.049171220335851994,False,0.0,d120_b8_p00_r0_torch_sbm,torch_sbm,0,9,2025-06-30,2025-12-24,False,0.011078162770901314,5.016077645227102e-06,0.013900802237913013,1.8680333025986329
2025-12-29,torch_sbm,0.010660268510354917,0.04630705115224055,-0.04630705115224055,False,0.0,d121_b8_p00_r1_torch_sbm,torch_sbm,1,3,2025-07-01,2025-12-26,False,0.01067236469479358,1.2096184438663629e-05,0.0033248489489778876,0.10458999844195205
2025-12-29,torch_svl,0.010662123317412153,0.04630705115224055,-0.04630705115224055,False,0.0,d121_b8_p00_r2_torch_svl,torch_svl,2,3,2025-07-01,2025-12-26,False,0.01067236469479358,1.0241377381427566e-05,0.0046664399560540915,1.5960547194408718
2025-12-29,torch_transverse_route,0.010652997160126963,0.04630705115224055,-0.04630705115224055,False,0.0,d121_b8_p00_r0_torch_transverse_route,torch_transverse_route,0,3,2025-07-01,2025-12-26,False,0.01067236469479358,1.9367534666617572e-05,0.006211273022927344,0.16738858471580897
2025-12-29,combined,0.010662123317412153,0.04630705115224055,-0.04630705115224055,False,0.0,d121_b8_p00_r2_torch_svl,torch_svl,2,9,2025-07-01,2025-12-26,False,0.01067236469479358,1.0241377381427566e-05,0.014202561927959323,1.8680333025986329
2025-12-30,torch_sbm,0.009505302690147504,0.022824075095432085,-0.022824075095432085,False,0.0,d122_b8_p00_r0_torch_sbm,torch_sbm,0,3,2025-07-02,2025-12-29,False,0.009506945449483821,1.6427593363173981e-06,0.0035410987911745906,0.10458999844195205
2025-12-30,torch_svl,0.009504132740334481,0.022824075095432085,-0.022824075095432085,False,0.0,d122_b8_p00_r0_torch_svl,torch_svl,0,3,2025-07-02,2025-12-29,False,0.009506945449483821,2.812709149339551e-06,0.00786973803769797,1.5960547194408718
2025-12-30,torch_transverse_route,0.009505302690147504,0.022824075095432085,-0.022824075095432085,False,0.0,d122_b8_p00_r0_torch_transverse_route,torch_transverse_route,0,3,2025-07-02,2025-12-29,False,0.009506945449483821,1.6427593363173981e-06,0.004578232066705823,0.16738858471580897
2025-12-30,combined,0.009505302690147504,0.022824075095432085,-0.022824075095432085,False,0.0,d122_b8_p00_r0_torch_sbm,torch_sbm,0,9,2025-07-02,2025-12-29,False,0.009506945449483821,1.6427593363173981e-06,0.015989068895578384,1.8680333025986329
2025-12-31,torch_sbm,0.009482282016425325,0.1504106567967296,-0.1504106567967296,False,0.0,d123_b8_p00_r0_torch_sbm,torch_sbm,0,3,2025-07-03,2025-12-30,False,0.009486075271967553,3.793255542228202e-06,0.0032942519756034017,0.10458999844195205
2025-12-31,torch_svl,0.009482282016425325,0.1504106567967296,-0.1504106567967296,False,0.0,d123_b8_p00_r1_torch_svl,torch_svl,1,3,2025-07-03,2025-12-30,False,0.009486075271967553,3.793255542228202e-06,0.010543366079218686,1.5960547194408718
2025-12-31,torch_transverse_route,0.009481375941889468,0.1504106567967296,-0.1504106567967296,False,0.0,d123_b8_p00_r0_torch_transverse_route,torch_transverse_route,0,3,2025-07-03,2025-12-30,False,0.009486075271967553,4.699330078085026e-06,0.0029593699146062136,0.16738858471580897
2025-12-31,combined,0.009482282016425325,0.1504106567967296,-0.1504106567967296,False,0.0,d123_b8_p00_r0_torch_sbm,torch_sbm,0,9,2025-07-03,2025-12-30,False,0.009486075271967553,3.793255542228202e-06,0.0167969879694283,1.8680333025986329
2026-01-02,torch_sbm,0.009486409420675886,0.0169842640623505,-0.0169842640623505,False,0.0,d124_b8_p00_r2_torch_sbm,torch_sbm,2,3,2025-07-07,2025-12-31,False,0.00948968198202963,3.2725613537433473e-06,0.0037744450382888317,0.10458999844195205
2026-01-02,torch_svl,0.009486409420675886,0.0169842640623505,-0.0169842640623505,False,0.0,d124_b8_p00_r0_torch_svl,torch_svl,0,3,2025-07-07,2025-12-31,False,0.00948968198202963,3.2725613537433473e-06,0.007535846903920174,1.5960547194408718
2026-01-02,torch_transverse_route,0.009478739060859265,0.0169842640623505,-0.0169842640623505,False,0.0,d124_b8_p00_r0_torch_transverse_route,torch_transverse_route,0,3,2025-07-07,2025-12-31,False,0.00948968198202963,1.0942921170363842e-05,0.0031306190649047494,0.16738858471580897
2026-01-02,combined,0.009486409420675886,0.0169842640623505,-0.0169842640623505,False,0.0,d124_b8_p00_r0_torch_svl,torch_svl,0,9,2025-07-07,2025-12-31,False,0.00948968198202963,3.2725613537433473e-06,0.014440911007113755,1.8680333025986329
2026-01-05,torch_sbm,0.011515721315034031,0.019221056963405897,-0.019221056963405897,False,0.0,d125_b8_p00_r0_torch_sbm,torch_sbm,0,3,2025-07-08,2026-01-02,False,0.01154368650319591,2.7965188161878027e-05,0.006643483066000044,0.10458999844195205
2026-01-05,torch_svl,0.011533092303824571,0.019221056963405897,-0.019221056963405897,False,0.0,d125_b8_p00_r0_torch_svl,torch_svl,0,3,2025-07-08,2026-01-02,False,0.01154368650319591,1.059419937133807e-05,0.007418452994897962,1.5960547194408718
2026-01-05,torch_transverse_route,0.011515721315034031,0.019221056963405897,-0.019221056963405897,False,0.0,d125_b8_p00_r0_torch_transverse_route,torch_transverse_route,0,3,2025-07-08,2026-01-02,False,0.01154368650319591,2.7965188161878027e-05,0.007061616983264685,0.16738858471580897
2026-01-05,combined,0.011533092303824571,0.019221056963405897,-0.019221056963405897,False,0.0,d125_b8_p00_r0_torch_svl,torch_svl,0,9,2025-07-08,2026-01-02,False,0.01154368650319591,1.059419937133807e-05,0.02112355304416269,1.8680333025986329
2026-01-06,torch_sbm,0.012282195736572035,0.005572441285339165,-0.005572441285339165,False,0.0,d126_b8_p00_r0_torch_sbm,torch_sbm,0,3,2025-07-09,2026-01-05,False,0.012303039973465907,2.0844236893871604e-05,0.00982396095059812,0.10458999844195205
2026-01-06,torch_svl,0.012282195736572035,0.005572441285339165,-0.005572441285339165,False,0.0,d126_b8_p00_r0_torch_svl,torch_svl,0,3,2025-07-09,2026-01-05,False,0.012303039973465907,2.0844236893871604e-05,0.011081861797720194,1.5960547194408718
2026-01-06,torch_transverse_route,0.012282195736572035,0.005572441285339165,-0.005572441285339165,False,0.0,d126_b8_p00_r0_torch_transverse_route,torch_transverse_route,0,3,2025-07-09,2026-01-05,False,0.012303039973465907,2.0844236893871604e-05,0.010361181921325624,0.16738858471580897
2026-01-06,combined,0.012282195736572035,0.005572441285339165,-0.005572441285339165,False,0.0,d126_b8_p00_r0_torch_sbm,torch_sbm,0,9,2025-07-09,2026-01-05,False,0.012303039973465907,2.0844236893871604e-05,0.03126700466964394,1.8680333025986329
2026-01-07,torch_sbm,0.011858837311322595,0.006647143203343899,-0.006647143203343899,False,0.0,d127_b8_p00_r0_torch_sbm,torch_sbm,0,3,2025-07-10,2026-01-06,False,0.011868597797589633,9.760486267038071e-06,0.009053176851011813,0.10458999844195205
2026-01-07,torch_svl,0.011858837311322595,0.006647143203343899,-0.006647143203343899,False,0.0,d127_b8_p00_r0_torch_svl,torch_svl,0,3,2025-07-10,2026-01-06,False,0.011868597797589633,9.760486267038071e-06,0.009514082921668887,1.5960547194408718
2026-01-07,torch_transverse_route,0.011858837311322595,0.006647143203343899,-0.006647143203343899,False,0.0,d127_b8_p00_r0_torch_transverse_route,torch_transverse_route,0,3,2025-07-10,2026-01-06,False,0.011868597797589633,9.760486267038071e-06,0.008626618888229132,0.16738858471580897
2026-01-07,combined,0.011858837311322595,0.006647143203343899,-0.006647143203343899,False,0.0,d127_b8_p00_r0_torch_sbm,torch_sbm,0,9,2025-07-10,2026-01-06,False,0.011868597797589633,9.760486267038071e-06,0.02719387866090983,1.8680333025986329
2026-01-08,torch_sbm,0.011550824148654562,0.010751737223978052,-0.010751737223978052,False,0.0,d128_b8_p00_r0_torch_sbm,torch_sbm,0,3,2025-07-11,2026-01-07,False,0.011581011600396533,3.0187451741971183e-05,0.009104897966608405,0.10373932210131898
2026-01-08,torch_svl,0.011550824148654562,0.010751737223978052,-0.010751737223978052,False,0.0,d128_b8_p00_r0_torch_svl,torch_svl,0,3,2025-07-11,2026-01-07,False,0.011581011600396533,3.0187451741971183e-05,0.011207625037059188,1.5776216961530736
2026-01-08,torch_transverse_route,0.011550824148654562,0.010751737223978052,-0.010751737223978052,False,0.0,d128_b8_p00_r0_torch_transverse_route,torch_transverse_route,0,3,2025-07-11,2026-01-07,False,0.011581011600396533,3.0187451741971183e-05,0.009402266005054116,0.18813058433806873
2026-01-08,combined,0.011550824148654562,0.010751737223978052,-0.010751737223978052,False,0.0,d128_b8_p00_r0_torch_sbm,torch_sbm,0,9,2025-07-11,2026-01-07,False,0.011581011600396533,3.0187451741971183e-05,0.02971478900872171,1.8694916025924613
2026-01-09,torch_sbm,0.011533631773689641,0.012395264371848,-0.012395264371848,False,0.0,d129_b8_p00_r0_torch_sbm,torch_sbm,0,3,2025-07-14,2026-01-08,False,0.0115385923842862,4.960610596559459e-06,0.005489384173415601,0.10373932210131898
2026-01-09,torch_svl,0.011533631773689641,0.012395264371848,-0.012395264371848,False,0.0,d129_b8_p00_r0_torch_svl,torch_svl,0,3,2025-07-14,2026-01-08,False,0.0115385923842862,4.960610596559459e-06,0.006518185953609645,1.5776216961530736
2026-01-09,torch_transverse_route,0.011533631773689641,0.012395264371848,-0.012395264371848,False,0.0,d129_b8_p00_r0_torch_transverse_route,torch_transverse_route,0,3,2025-07-14,2026-01-08,False,0.0115385923842862,4.960610596559459e-06,0.006515025161206722,0.18813058433806873
2026-01-09,combined,0.011533631773689641,0.012395264371848,-0.012395264371848,False,0.0,d129_b8_p00_r0_torch_sbm,torch_sbm,0,9,2025-07-14,2026-01-08,False,0.0115385923842862,4.960610596559459e-06,0.01852259528823197,1.8694916025924613
2026-01-12,torch_sbm,0.011536065115493531,0.008062722203328047,-0.008062722203328047,False,0.0,d130_b8_p00_r0_torch_sbm,torch_sbm,0,3,2025-07-15,2026-01-09,False,0.011540259039780837,4.193924287305972e-06,0.005925998906604946,0.10373932210131898
2026-01-12,torch_svl,0.011536065115493531,0.008062722203328047,-0.008062722203328047,False,0.0,d130_b8_p00_r0_torch_svl,torch_svl,0,3,2025-07-15,2026-01-09,False,0.011540259039780837,4.193924287305972e-06,0.006729372078552842,1.5776216961530736
2026-01-12,torch_transverse_route,0.011536065115493531,0.008062722203328047,-0.008062722203328047,False,0.0,d130_b8_p00_r0_torch_transverse_route,torch_transverse_route,0,3,2025-07-15,2026-01-09,False,0.011540259039780837,4.193924287305972e-06,0.006302258116193116,0.18813058433806873
2026-01-12,combined,0.011536065115493531,0.008062722203328047,-0.008062722203328047,False,0.0,d130_b8_p00_r0_torch_sbm,torch_sbm,0,9,2025-07-15,2026-01-09,False,0.011540259039780837,4.193924287305972e-06,0.018957629101350904,1.8694916025924613
2026-01-13,torch_sbm,0.011126823808845167,0.018624135385976574,-0.018624135385976574,False,0.0,d131_b8_p00_r0_torch_sbm,torch_sbm,0,3,2025-07-16,2026-01-12,False,0.011165250258104378,3.842644925921082e-05,0.0030729641439393163,0.10373932210131898
2026-01-13,torch_svl,0.011126823808845167,0.018624135385976574,-0.018624135385976574,False,0.0,d131_b8_p00_r0_torch_svl,torch_svl,0,3,2025-07-16,2026-01-12,False,0.011165250258104378,3.842644925921082e-05,0.004639253951609135,1.5776216961530736
2026-01-13,torch_transverse_route,0.011126823808845167,0.018624135385976574,-0.018624135385976574,False,0.0,d131_b8_p00_r0_torch_transverse_route,torch_transverse_route,0,3,2025-07-16,2026-01-12,False,0.011165250258104378,3.842644925921082e-05,0.003092232975177467,0.18813058433806873
2026-01-13,combined,0.011126823808845167,0.018624135385976574,-0.018624135385976574,False,0.0,d131_b8_p00_r0_torch_sbm,torch_sbm,0,9,2025-07-16,2026-01-12,False,0.011165250258104378,3.842644925921082e-05,0.010804451070725918,1.8694916025924613
2026-01-14,torch_sbm,0.010826328241965619,0.020272056241325005,-0.020272056241325005,False,0.0,d132_b8_p00_r0_torch_sbm,torch_sbm,0,3,2025-07-17,2026-01-13,False,0.01084933955330459,2.3011311338970095e-05,0.006227333098649979,0.10373932210131898
2026-01-14,torch_svl,0.010826328241965619,0.020272056241325005,-0.020272056241325005,False,0.0,d132_b8_p00_r0_torch_svl,torch_svl,0,3,2025-07-17,2026-01-13,False,0.01084933955330459,2.3011311338970095e-05,0.005865643033757806,1.5776216961530736
2026-01-14,torch_transverse_route,0.010826328241965619,0.020272056241325005,-0.020272056241325005,False,0.0,d132_b8_p00_r0_torch_transverse_route,torch_transverse_route,0,3,2025-07-17,2026-01-13,False,0.01084933955330459,2.3011311338970095e-05,0.006252880906686187,0.18813058433806873
2026-01-14,combined,0.010826328241965619,0.020272056241325005,-0.020272056241325005,False,0.0,d132_b8_p00_r0_torch_sbm,torch_sbm,0,9,2025-07-17,2026-01-13,False,0.01084933955330459,2.3011311338970095e-05,0.01834585703909397,1.8694916025924613
2026-01-15,torch_sbm,0.010626309201621527,0.011201385594488,-0.011201385594488,False,0.0,d133_b8_p00_r0_torch_sbm,torch_sbm,0,3,2025-07-18,2026-01-14,False,0.010642324887099767,1.6015685478239575e-05,0.006684429128654301,0.10373932210131898
2026-01-15,torch_svl,0.010626309201621527,0.011201385594488,-0.011201385594488,False,0.0,d133_b8_p00_r0_torch_svl,torch_svl,0,3,2025-07-18,2026-01-14,False,0.010642324887099767,1.6015685478239575e-05,0.00680944905616343,1.5776216961530736
2026-01-15,torch_transverse_route,0.010626309201621527,0.011201385594488,-0.011201385594488,False,0.0,d133_b8_p00_r0_torch_transverse_route,torch_transverse_route,0,3,2025-07-18,2026-01-14,False,0.010642324887099767,1.6015685478239575e-05,0.006853110971860588,0.18813058433806873
2026-01-15,combined,0.010626309201621527,0.011201385594488,-0.011201385594488,False,0.0,d133_b8_p00_r0_torch_sbm,torch_sbm,0,9,2025-07-18,2026-01-14,False,0.010642324887099767,1.6015685478239575e-05,0.02034698915667832,1.8694916025924613
2026-01-16,torch_sbm,0.010339083158141433,0.008701471755496924,-0.008701471755496924,False,0.0,d134_b8_p00_r0_torch_sbm,torch_sbm,0,3,2025-07-21,2026-01-15,False,0.010344005562072529,4.922403931096123e-06,0.006055621895939112,0.10373932210131898
2026-01-16,torch_svl,0.010339083158141433,0.008701471755496924,-0.008701471755496924,False,0.0,d134_b8_p00_r2_torch_svl,torch_svl,2,3,2025-07-21,2026-01-15,False,0.010344005562072529,4.922403931096123e-06,0.005538164055906236,1.5776216961530736
2026-01-16,torch_transverse_route,0.010339083158141433,0.008701471755496924,-0.008701471755496924,False,0.0,d134_b8_p00_r0_torch_transverse_route,torch_transverse_route,0,3,2025-07-21,2026-01-15,False,0.010344005562072529,4.922403931096123e-06,0.006313984049484134,0.18813058433806873
2026-01-16,combined,0.010339083158141433,0.008701471755496924,-0.008701471755496924,False,0.0,d134_b8_p00_r0_torch_sbm,torch_sbm,0,9,2025-07-21,2026-01-15,False,0.010344005562072529,4.922403931096123e-06,0.01790777000132948,1.8694916025924613
2026-01-20,torch_sbm,0.009929962072880225,0.0035462205732129477,-0.0035462205732129477,False,0.0,d135_b8_p00_r0_torch_sbm,torch_sbm,0,3,2025-07-22,2026-01-16,False,0.00994582605884364,1.586398596341472e-05,0.006085879052989185,0.10373932210131898
2026-01-20,torch_svl,0.009929962072880225,0.0035462205732129477,-0.0035462205732129477,False,0.0,d135_b8_p00_r1_torch_svl,torch_svl,1,3,2025-07-22,2026-01-16,False,0.00994582605884364,1.586398596341472e-05,0.007248525973409414,1.5776216961530736
2026-01-20,torch_transverse_route,0.009929962072880225,0.0035462205732129477,-0.0035462205732129477,False,0.0,d135_b8_p00_r0_torch_transverse_route,torch_transverse_route,0,3,2025-07-22,2026-01-16,False,0.00994582605884364,1.586398596341472e-05,0.006307251984253526,0.18813058433806873
2026-01-20,combined,0.009929962072880225,0.0035462205732129477,-0.0035462205732129477,False,0.0,d135_b8_p00_r0_torch_sbm,torch_sbm,0,9,2025-07-22,2026-01-16,False,0.00994582605884364,1.586398596341472e-05,0.019641657010652125,1.8694916025924613
2026-01-21,torch_sbm,0.011399642296090891,0.003254170131415756,-0.003254170131415756,False,0.0,d136_b8_p00_r0_torch_sbm,torch_sbm,0,3,2025-07-23,2026-01-20,False,0.01150777131700927,0.00010812902091837835,0.0040844600880518556,0.10373932210131898
2026-01-21,torch_svl,0.011399642296090891,0.003254170131415756,-0.003254170131415756,False,0.0,d136_b8_p00_r0_torch_svl,torch_svl,0,3,2025-07-23,2026-01-20,False,0.01150777131700927,0.00010812902091837835,0.005997721920721233,1.5776216961530736
2026-01-21,torch_transverse_route,0.011399642296090891,0.003254170131415756,-0.003254170131415756,False,0.0,d136_b8_p00_r0_torch_transverse_route,torch_transverse_route,0,3,2025-07-23,2026-01-20,False,0.01150777131700927,0.00010812902091837835,0.004181388881988823,0.18813058433806873
2026-01-21,combined,0.011399642296090891,0.003254170131415756,-0.003254170131415756,False,0.0,d136_b8_p00_r0_torch_sbm,torch_sbm,0,9,2025-07-23,2026-01-20,False,0.01150777131700927,0.00010812902091837835,0.014263570890761912,1.8694916025924613
2026-01-22,torch_sbm,0.01145322120533182,0.1841271729964607,-0.1841271729964607,False,0.0,d137_b8_p00_r1_torch_sbm,torch_sbm,1,3,2025-07-24,2026-01-21,False,0.011499207449384822,4.598624405300136e-05,0.003976147971116006,0.10373932210131898
2026-01-22,torch_svl,0.011487697192167584,0.1841271729964607,-0.1841271729964607,False,0.0,d137_b8_p00_r1_torch_svl,torch_svl,1,3,2025-07-24,2026-01-21,False,0.011499207449384822,1.1510257217238126e-05,0.0034799230052158237,1.5776216961530736
2026-01-22,torch_transverse_route,0.011419993087102244,0.1841271729964607,-0.1841271729964607,False,0.0,d137_b8_p00_r0_torch_transverse_route,torch_transverse_route,0,3,2025-07-24,2026-01-21,False,0.011499207449384822,7.921436228257826e-05,0.004162083030678332,0.18813058433806873
2026-01-22,combined,0.011487697192167584,0.1841271729964607,-0.1841271729964607,False,0.0,d137_b8_p00_r1_torch_svl,torch_svl,1,9,2025-07-24,2026-01-21,False,0.011499207449384822,1.1510257217238126e-05,0.011618154007010162,1.8694916025924613
2026-01-23,torch_sbm,0.011072291449032842,0.011089835222813602,-0.011089835222813602,False,0.0,d138_b8_p00_r0_torch_sbm,torch_sbm,0,3,2025-07-25,2026-01-22,False,0.011110892704335608,3.8601255302765994e-05,0.003703839029185474,0.10326881491346285
2026-01-23,torch_svl,0.011096106392747043,0.011089835222813602,-0.011089835222813602,False,0.0,d138_b8_p00_r1_torch_svl,torch_svl,1,3,2025-07-25,2026-01-22,False,0.011110892704335608,1.4786311588564985e-05,0.004069188958965242,1.5743781581550138
2026-01-23,torch_transverse_route,0.011072291449032842,0.011089835222813602,-0.011089835222813602,False,0.0,d138_b8_p00_r0_torch_transverse_route,torch_transverse_route,0,3,2025-07-25,2026-01-22,False,0.011110892704335608,3.8601255302765994e-05,0.004222919000312686,0.1850442195282085
2026-01-23,combined,0.011096106392747043,0.011089835222813602,-0.011089835222813602,False,0.0,d138_b8_p00_r1_torch_svl,torch_svl,1,9,2025-07-25,2026-01-22,False,0.011110892704335608,1.4786311588564985e-05,0.011995946988463402,1.8626911925966851
2026-01-26,torch_sbm,0.010729617595291088,0.031254387147475776,-0.031254387147475776,False,0.0,d139_b8_p00_r0_torch_sbm,torch_sbm,0,3,2025-07-28,2026-01-23,False,0.010764388580839244,3.477098554815691e-05,0.008757306961342692,0.10232780053775059
2026-01-26,torch_svl,0.010746493663538002,0.031254387147475776,-0.031254387147475776,False,0.0,d139_b8_p00_r1_torch_svl,torch_svl,1,3,2025-07-28,2026-01-23,False,0.010764388580839244,1.7894917301242846e-05,0.006187888910062611,1.5678910821588943
2026-01-26,torch_transverse_route,0.010729617595291088,0.031254387147475776,-0.031254387147475776,False,0.0,d139_b8_p00_r0_torch_transverse_route,torch_transverse_route,0,3,2025-07-28,2026-01-23,False,0.010764388580839244,3.477098554815691e-05,0.008971621980890632,0.178871489908488
2026-01-26,combined,0.010746493663538002,0.031254387147475776,-0.031254387147475776,False,0.0,d139_b8_p00_r1_torch_svl,torch_svl,1,9,2025-07-28,2026-01-23,False,0.010764388580839244,1.7894917301242846e-05,0.023916817852295935,1.8490903726051329
2026-01-27,torch_sbm,0.011498622195499908,9.90982221763837,-9.90982221763837,False,0.0,d140_b8_p00_r0_torch_sbm,torch_sbm,0,3,2025-07-29,2026-01-26,False,0.011532460325726829,3.383813022692084e-05,0.007565810112282634,0.10232780053775059
2026-01-27,torch_svl,0.011498622195499908,9.90982221763837,-9.90982221763837,False,0.0,d140_b8_p00_r1_torch_svl,torch_svl,1,3,2025-07-29,2026-01-26,False,0.011532460325726829,3.383813022692084e-05,0.007207107846625149,1.5678910821588943
2026-01-27,torch_transverse_route,0.011498622195499908,9.90982221763837,-9.90982221763837,False,0.0,d140_b8_p00_r0_torch_transverse_route,torch_transverse_route,0,3,2025-07-29,2026-01-26,False,0.011532460325726829,3.383813022692084e-05,0.00756503501906991,0.178871489908488
2026-01-27,combined,0.011498622195499908,9.90982221763837,-9.90982221763837,False,0.0,d140_b8_p00_r0_torch_sbm,torch_sbm,0,9,2025-07-29,2026-01-26,False,0.011532460325726829,3.383813022692084e-05,0.022337952977977693,1.8490903726051329
2026-01-28,torch_sbm,0.010953958828394133,0.0036792560497174603,-0.0036792560497174603,False,0.0,d141_b8_p00_r0_torch_sbm,torch_sbm,0,3,2025-07-30,2026-01-27,False,0.010967575290222138,1.3616461828005674e-05,0.007456969935446978,0.10232780053775059
2026-01-28,torch_svl,0.010921086448138575,0.0036792560497174603,-0.0036792560497174603,False,0.0,d141_b8_p00_r1_torch_svl,torch_svl,1,3,2025-07-30,2026-01-27,False,0.010967575290222138,4.648884208356338e-05,0.007610230008140206,1.5678910821588943
2026-01-28,torch_transverse_route,0.010945470632123325,0.0036792560497174603,-0.0036792560497174603,False,0.0,d141_b8_p00_r0_torch_transverse_route,torch_transverse_route,0,3,2025-07-30,2026-01-27,False,0.010967575290222138,2.2104658098813512e-05,0.007051486172713339,0.178871489908488
2026-01-28,combined,0.010953958828394133,0.0036792560497174603,-0.0036792560497174603,False,0.0,d141_b8_p00_r0_torch_sbm,torch_sbm,0,9,2025-07-30,2026-01-27,False,0.010967575290222138,1.3616461828005674e-05,0.022118686116300523,1.8490903726051329
2026-01-29,torch_sbm,0.012581952484190667,0.03716243659294736,-0.03716243659294736,False,0.0,d142_b8_p00_r0_torch_sbm,torch_sbm,0,3,2025-07-31,2026-01-28,False,0.012606688275972402,2.473579178173535e-05,0.0025375819532200694,0.10232780053775059
2026-01-29,torch_svl,0.012573187594345862,0.03716243659294736,-0.03716243659294736,False,0.0,d142_b8_p00_r0_torch_svl,torch_svl,0,3,2025-07-31,2026-01-28,False,0.012606688275972402,3.350068162654048e-05,0.004051786963827908,1.5678910821588943
2026-01-29,torch_transverse_route,0.012581952484190667,0.03716243659294736,-0.03716243659294736,False,0.0,d142_b8_p00_r0_torch_transverse_route,torch_transverse_route,0,3,2025-07-31,2026-01-28,False,0.012606688275972402,2.473579178173535e-05,0.0026015699841082096,0.178871489908488
2026-01-29,combined,0.012581952484190667,0.03716243659294736,-0.03716243659294736,False,0.0,d142_b8_p00_r0_torch_sbm,torch_sbm,0,9,2025-07-31,2026-01-28,False,0.012606688275972402,2.473579178173535e-05,0.009190938901156187,1.8490903726051329
2026-01-30,torch_sbm,0.012718162240198927,0.010630751599465475,-0.010630751599465475,False,0.0,d143_b8_p00_r0_torch_sbm,torch_sbm,0,3,2025-08-01,2026-01-29,False,0.012840605892619003,0.00012244365242007615,0.005203393055126071,0.10232780053775059
2026-01-30,torch_svl,0.012751959692766518,0.010630751599465475,-0.010630751599465475,False,0.0,d143_b8_p00_r2_torch_svl,torch_svl,2,3,2025-08-01,2026-01-29,False,0.012840605892619003,8.864619985248477e-05,0.00299254700075835,1.5678910821588943
2026-01-30,torch_transverse_route,0.012718162240198927,0.010630751599465475,-0.010630751599465475,False,0.0,d143_b8_p00_r0_torch_transverse_route,torch_transverse_route,0,3,2025-08-01,2026-01-29,False,0.012840605892619003,0.00012244365242007615,0.005346393911167979,0.178871489908488
2026-01-30,combined,0.012751959692766518,0.010630751599465475,-0.010630751599465475,False,0.0,d143_b8_p00_r2_torch_svl,torch_svl,2,9,2025-08-01,2026-01-29,False,0.012840605892619003,8.864619985248477e-05,0.0135423339670524,1.8490903726051329
2026-02-02,torch_sbm,0.013039066101506392,0.007574785831069592,-0.007574785831069592,False,0.0,d144_b8_p00_r0_torch_sbm,torch_sbm,0,3,2025-08-04,2026-01-30,False,0.013065455963789415,2.638986228302269e-05,0.006808098056353629,0.10232780053775059
2026-02-02,torch_svl,0.013039066101506392,0.007574785831069592,-0.007574785831069592,False,0.0,d144_b8_p00_r0_torch_svl,torch_svl,0,3,2025-08-04,2026-01-30,False,0.013065455963789415,2.638986228302269e-05,0.0073820160469040275,1.5678910821588943
2026-02-02,torch_transverse_route,0.013039066101506392,0.007574785831069592,-0.007574785831069592,False,0.0,d144_b8_p00_r0_torch_transverse_route,torch_transverse_route,0,3,2025-08-04,2026-01-30,False,0.013065455963789415,2.638986228302269e-05,0.006810004008002579,0.178871489908488
2026-02-02,combined,0.013039066101506392,0.007574785831069592,-0.007574785831069592,False,0.0,d144_b8_p00_r0_torch_sbm,torch_sbm,0,9,2025-08-04,2026-01-30,False,0.013065455963789415,2.638986228302269e-05,0.021000118111260235,1.8490903726051329
2026-02-03,torch_sbm,0.012597379896626827,0.025857447039833805,-0.025857447039833805,False,0.0,d145_b8_p00_r0_torch_sbm,torch_sbm,0,3,2025-08-05,2026-02-02,False,0.01269597879252045,9.859889589362326e-05,0.006332912016659975,0.10232780053775059
2026-02-03,torch_svl,0.01265023435513086,0.025857447039833805,-0.025857447039833805,False,0.0,d145_b8_p00_r2_torch_svl,torch_svl,2,3,2025-08-05,2026-02-02,False,0.01269597879252045,4.5744437389590165e-05,0.0052579420153051615,1.5678910821588943
2026-02-03,torch_transverse_route,0.012597379896626827,0.025857447039833805,-0.025857447039833805,False,0.0,d145_b8_p00_r0_torch_transverse_route,torch_transverse_route,0,3,2025-08-05,2026-02-02,False,0.01269597879252045,9.859889589362326e-05,0.006501272902823985,0.178871489908488
2026-02-03,combined,0.01265023435513086,0.025857447039833805,-0.025857447039833805,False,0.0,d145_b8_p00_r2_torch_svl,torch_svl,2,9,2025-08-05,2026-02-02,False,0.01269597879252045,4.5744437389590165e-05,0.01809212693478912,1.8490903726051329
2026-02-04,torch_sbm,0.012123315993446824,1.9443233957100627,-1.9443233957100627,False,0.0,d146_b8_p00_r0_torch_sbm,torch_sbm,0,3,2025-08-06,2026-02-03,False,0.012292056273222366,0.00016874027977554183,0.006728135165758431,0.10232780053775059
2026-02-04,torch_svl,0.012123315993446824,1.9443233957100627,-1.9443233957100627,False,0.0,d146_b8_p00_r1_torch_svl,torch_svl,1,3,2025-08-06,2026-02-03,False,0.012292056273222366,0.00016874027977554183,0.005268455017358065,1.5678910821588943
2026-02-04,torch_transverse_route,0.011978534377036488,1.9443233957100627,-1.9443233957100627,False,0.0,d146_b8_p00_r0_torch_transverse_route,torch_transverse_route,0,3,2025-08-06,2026-02-03,False,0.012292056273222366,0.0003135218961858779,0.005214444128796458,0.178871489908488
2026-02-04,combined,0.012123315993446824,1.9443233957100627,-1.9443233957100627,False,0.0,d146_b8_p00_r0_torch_sbm,torch_sbm,0,9,2025-08-06,2026-02-03,False,0.012292056273222366,0.00016874027977554183,0.017211034311912954,1.8490903726051329
2026-02-05,torch_sbm,0.011578302795162471,-0.00969072879340434,0.00969072879340434,False,0.0,d147_b8_p00_r0_torch_sbm,torch_sbm,0,3,2025-08-07,2026-02-04,False,0.011803041337365951,0.0002247385422034804,0.005150808021426201,0.10232780053775059
2026-02-05,torch_svl,0.011783005651065333,-0.00969072879340434,0.00969072879340434,False,0.0,d147_b8_p00_r0_torch_svl,torch_svl,0,3,2025-08-07,2026-02-04,False,0.011803041337365951,2.003568630061861e-05,0.011059431941248477,1.5678910821588943
2026-02-05,torch_transverse_route,0.011757096448636402,-0.00969072879340434,0.00969072879340434,False,0.0,d147_b8_p00_r0_torch_transverse_route,torch_transverse_route,0,3,2025-08-07,2026-02-04,False,0.011803041337365951,4.5944888729549174e-05,0.009116828092373908,0.178871489908488
2026-02-05,combined,0.011783005651065333,-0.00969072879340434,0.00969072879340434,False,0.0,d147_b8_p00_r0_torch_svl,torch_svl,0,9,2025-08-07,2026-02-04,False,0.011803041337365951,2.003568630061861e-05,0.025327068055048585,1.8490903726051329
2026-02-06,torch_sbm,0.015406246087199281,0.049903662570988314,-0.049903662570988314,False,0.0,d148_b8_p00_r0_torch_sbm,torch_sbm,0,3,2025-08-08,2026-02-05,False,0.015492414045933928,8.616795873464707e-05,0.011801292072050273,0.10232780053775059
2026-02-06,torch_svl,0.015406246087199281,0.049903662570988314,-0.049903662570988314,False,0.0,d148_b8_p00_r0_torch_svl,torch_svl,0,3,2025-08-08,2026-02-05,False,0.015492414045933928,8.616795873464707e-05,0.010797010967507958,1.5678910821588943
2026-02-06,torch_transverse_route,0.015406246087199281,0.049903662570988314,-0.049903662570988314,False,0.0,d148_b8_p00_r0_torch_transverse_route,torch_transverse_route,0,3,2025-08-08,2026-02-05,False,0.015492414045933928,8.616795873464707e-05,0.012562513933517039,0.178871489908488
2026-02-06,combined,0.015406246087199281,0.049903662570988314,-0.049903662570988314,False,0.0,d148_b8_p00_r0_torch_sbm,torch_sbm,0,9,2025-08-08,2026-02-05,False,0.015492414045933928,8.616795873464707e-05,0.03516081697307527,1.8490903726051329
2026-02-09,torch_sbm,0.01643460441639902,0.011806869736031799,-0.011806869736031799,False,0.0,d149_b8_p00_r0_torch_sbm,torch_sbm,0,3,2025-08-11,2026-02-06,False,0.016527898814676888,9.329439827786626e-05,0.01229803601745516,0.1042703405910288
2026-02-09,torch_svl,0.01643460441639902,0.011806869736031799,-0.011806869736031799,False,0.0,d149_b8_p00_r1_torch_svl,torch_svl,1,3,2025-08-11,2026-02-06,False,0.016527898814676888,9.329439827786626e-05,0.010192952933721244,1.5823453743432765
2026-02-09,torch_transverse_route,0.01643460441639902,0.011806869736031799,-0.011806869736031799,False,0.0,d149_b8_p00_r0_torch_transverse_route,torch_transverse_route,0,3,2025-08-11,2026-02-06,False,0.016527898814676888,9.329439827786626e-05,0.012654985999688506,0.17179754078097176
2026-02-09,combined,0.01643460441639902,0.011806869736031799,-0.011806869736031799,False,0.0,d149_b8_p00_r0_torch_sbm,torch_sbm,0,9,2025-08-11,2026-02-06,False,0.016527898814676888,9.329439827786626e-05,0.03514597495086491,1.858413255715277
2026-02-10,torch_sbm,0.01597342425770547,0.05786258345126493,-0.05786258345126493,False,0.0,d150_b8_p00_r0_torch_sbm,torch_sbm,0,3,2025-08-12,2026-02-09,False,0.01599050470828461,1.708045057913915e-05,0.01637614902574569,0.1052416106176679
2026-02-10,torch_svl,0.0159552355418068,0.05786258345126493,-0.05786258345126493,False,0.0,d150_b8_p00_r0_torch_svl,torch_svl,0,3,2025-08-12,2026-02-09,False,0.01599050470828461,3.526916647781167e-05,0.014714529970660806,1.5895725204354676
2026-02-10,torch_transverse_route,0.01597342425770547,0.05786258345126493,-0.05786258345126493,False,0.0,d150_b8_p00_r2_torch_transverse_route,torch_transverse_route,2,3,2025-08-12,2026-02-09,False,0.01599050470828461,1.708045057913915e-05,0.015983999939635396,0.16826056621721364
2026-02-10,combined,0.01597342425770547,0.05786258345126493,-0.05786258345126493,False,0.0,d150_b8_p00_r0_torch_sbm,torch_sbm,0,9,2025-08-12,2026-02-09,False,0.01599050470828461,1.708045057913915e-05,0.04707467893604189,1.8630746972703491
2026-02-11,torch_sbm,0.015541953531643924,0.03473504844382261,-0.03473504844382261,False,0.0,d151_b8_p00_r0_torch_sbm,torch_sbm,0,3,2025-08-13,2026-02-10,False,0.015555426874292629,1.3473342648704506e-05,0.014801403041929007,0.1052416106176679
2026-02-11,torch_svl,0.015542866492003822,0.03473504844382261,-0.03473504844382261,False,0.0,d151_b8_p00_r0_torch_svl,torch_svl,0,3,2025-08-13,2026-02-10,False,0.015555426874292629,1.2560382288806515e-05,0.016920514870435,1.5895725204354676
2026-02-11,torch_transverse_route,0.015541953531643924,0.03473504844382261,-0.03473504844382261,False,0.0,d151_b8_p00_r0_torch_transverse_route,torch_transverse_route,0,3,2025-08-13,2026-02-10,False,0.015555426874292629,1.3473342648704506e-05,0.014753386029042304,0.16826056621721364
2026-02-11,combined,0.015542866492003822,0.03473504844382261,-0.03473504844382261,False,0.0,d151_b8_p00_r0_torch_svl,torch_svl,0,9,2025-08-13,2026-02-10,False,0.015555426874292629,1.2560382288806515e-05,0.04647530394140631,1.8630746972703491
2026-02-12,torch_sbm,0.015331778652075153,-0.0024910037087278684,0.0024910037087278684,False,0.0,d152_b8_p00_r0_torch_sbm,torch_sbm,0,3,2025-08-14,2026-02-11,False,0.015361687763254014,2.9909111178861095e-05,0.016819430165924132,0.1052416106176679
2026-02-12,torch_svl,0.015347764813619892,-0.0024910037087278684,0.0024910037087278684,False,0.0,d152_b8_p00_r1_torch_svl,torch_svl,1,3,2025-08-14,2026-02-11,False,0.015361687763254014,1.392294963412262e-05,0.016195304109714925,1.5895725204354676
2026-02-12,torch_transverse_route,0.015347764813619892,-0.0024910037087278684,0.0024910037087278684,False,0.0,d152_b8_p00_r2_torch_transverse_route,torch_transverse_route,2,3,2025-08-14,2026-02-11,False,0.015361687763254014,1.392294963412262e-05,0.016708225943148136,0.16826056621721364
2026-02-12,combined,0.015347764813619892,-0.0024910037087278684,0.0024910037087278684,False,0.0,d152_b8_p00_r1_torch_svl,torch_svl,1,9,2025-08-14,2026-02-11,False,0.015361687763254014,1.392294963412262e-05,0.04972296021878719,1.8630746972703491
2026-02-13,torch_sbm,0.016432847640548028,0.04851213872523695,-0.04851213872523695,False,0.0,d153_b8_p00_r2_torch_sbm,torch_sbm,2,3,2025-08-15,2026-02-12,False,0.01647273064745069,3.988300690266344e-05,0.013591697090305388,0.1052416106176679
2026-02-13,torch_svl,0.01641756278567951,0.04851213872523695,-0.04851213872523695,False,0.0,d153_b8_p00_r1_torch_svl,torch_svl,1,3,2025-08-15,2026-02-12,False,0.01647273064745069,5.516786177118052e-05,0.015586722060106695,1.5895725204354676
2026-02-13,torch_transverse_route,0.016432847640548028,0.04851213872523695,-0.04851213872523695,False,0.0,d153_b8_p00_r0_torch_transverse_route,torch_transverse_route,0,3,2025-08-15,2026-02-12,False,0.01647273064745069,3.988300690266344e-05,0.01465410296805203,0.16826056621721364
2026-02-13,combined,0.016432847640548028,0.04851213872523695,-0.04851213872523695,False,0.0,d153_b8_p00_r0_torch_transverse_route,torch_transverse_route,0,9,2025-08-15,2026-02-12,False,0.01647273064745069,3.988300690266344e-05,0.04383252211846411,1.8630746972703491
2026-02-17,torch_sbm,0.015961816996793745,0.005574981763983788,-0.005574981763983788,False,0.0,d154_b8_p00_r0_torch_sbm,torch_sbm,0,3,2025-08-18,2026-02-13,False,0.015985442307246026,2.362531045228128e-05,0.016053188126534224,0.1052416106176679
2026-02-17,torch_svl,0.015961816996793745,0.005574981763983788,-0.005574981763983788,False,0.0,d154_b8_p00_r0_torch_svl,torch_svl,0,3,2025-08-18,2026-02-13,False,0.015985442307246026,2.362531045228128e-05,0.01407580403611064,1.5895725204354676
2026-02-17,torch_transverse_route,0.015961816996793745,0.005574981763983788,-0.005574981763983788,False,0.0,d154_b8_p00_r0_torch_transverse_route,torch_transverse_route,0,3,2025-08-18,2026-02-13,False,0.015985442307246026,2.362531045228128e-05,0.01646625390276313,0.16826056621721364
2026-02-17,combined,0.015961816996793745,0.005574981763983788,-0.005574981763983788,False,0.0,d154_b8_p00_r0_torch_sbm,torch_sbm,0,9,2025-08-18,2026-02-13,False,0.015985442307246026,2.362531045228128e-05,0.04659524606540799,1.8630746972703491
2026-02-18,torch_sbm,0.015772044832882175,0.01005200424476857,-0.01005200424476857,False,0.0,d155_b8_p00_r0_torch_sbm,torch_sbm,0,3,2025-08-19,2026-02-17,False,0.015825334235186485,5.3289402304309424e-05,0.016469442984089255,0.1052416106176679
2026-02-18,torch_svl,0.015772044832882175,0.01005200424476857,-0.01005200424476857,False,0.0,d155_b8_p00_r1_torch_svl,torch_svl,1,3,2025-08-19,2026-02-17,False,0.015825334235186485,5.3289402304309424e-05,0.013527217088267207,1.5895725204354676
2026-02-18,torch_transverse_route,0.015772044832882175,0.01005200424476857,-0.01005200424476857,False,0.0,d155_b8_p00_r0_torch_transverse_route,torch_transverse_route,0,3,2025-08-19,2026-02-17,False,0.015825334235186485,5.3289402304309424e-05,0.022445111069828272,0.16826056621721364
2026-02-18,combined,0.015772044832882175,0.01005200424476857,-0.01005200424476857,False,0.0,d155_b8_p00_r0_torch_sbm,torch_sbm,0,9,2025-08-19,2026-02-17,False,0.015825334235186485,5.3289402304309424e-05,0.052441771142184734,1.8630746972703491
2026-02-19,torch_sbm,0.015493343556592445,0.04413879720485675,-0.04413879720485675,False,0.0,d156_b8_p00_r0_torch_sbm,torch_sbm,0,3,2025-08-20,2026-02-18,False,0.015548092871591132,5.474931499868663e-05,0.01692056900355965,0.1052416106176679
2026-02-19,torch_svl,0.015493343556592445,0.04413879720485675,-0.04413879720485675,False,0.0,d156_b8_p00_r1_torch_svl,torch_svl,1,3,2025-08-20,2026-02-18,False,0.015548092871591132,5.474931499868663e-05,0.014457724057137966,1.5895725204354676
2026-02-19,torch_transverse_route,0.015493343556592445,0.04413879720485675,-0.04413879720485675,False,0.0,d156_b8_p00_r0_torch_transverse_route,torch_transverse_route,0,3,2025-08-20,2026-02-18,False,0.015548092871591132,5.474931499868663e-05,0.016592129948548973,0.16826056621721364
2026-02-19,combined,0.015493343556592445,0.04413879720485675,-0.04413879720485675,False,0.0,d156_b8_p00_r0_torch_sbm,torch_sbm,0,9,2025-08-20,2026-02-18,False,0.015548092871591132,5.474931499868663e-05,0.04797042300924659,1.8630746972703491
2026-02-20,torch_sbm,0.015257554937110658,0.24403110096400682,-0.24403110096400682,False,0.0,d157_b8_p00_r2_torch_sbm,torch_sbm,2,3,2025-08-21,2026-02-19,False,0.015264428613406615,6.873676295957726e-06,0.017718790099024773,0.1052416106176679
2026-02-20,torch_svl,0.015257554937110658,0.24403110096400682,-0.24403110096400682,False,0.0,d157_b8_p00_r1_torch_svl,torch_svl,1,3,2025-08-21,2026-02-19,False,0.015264428613406615,6.873676295957726e-06,0.016776156844571233,1.5895725204354676
2026-02-20,torch_transverse_route,0.015226561222004947,0.24403110096400682,-0.24403110096400682,False,0.0,d157_b8_p00_r2_torch_transverse_route,torch_transverse_route,2,3,2025-08-21,2026-02-19,False,0.015264428613406615,3.7867391401668477e-05,0.0160193860065192,0.16826056621721364
2026-02-20,combined,0.015257554937110658,0.24403110096400682,-0.24403110096400682,False,0.0,d157_b8_p00_r1_torch_svl,torch_svl,1,9,2025-08-21,2026-02-19,False,0.015264428613406615,6.873676295957726e-06,0.050514332950115204,1.8630746972703491
2026-02-23,torch_sbm,0.014843605642075642,0.09571559530852054,-0.09571559530852054,False,0.0,d158_b8_p00_r0_torch_sbm,torch_sbm,0,3,2025-08-22,2026-02-20,False,0.014859686979160007,1.6081337084365016e-05,0.020660466863773763,0.1052416106176679
2026-02-23,torch_svl,0.014843605642075642,0.09571559530852054,-0.09571559530852054,False,0.0,d158_b8_p00_r0_torch_svl,torch_svl,0,3,2025-08-22,2026-02-20,False,0.014859686979160007,1.6081337084365016e-05,0.017469019046984613,1.5895725204354676
2026-02-23,torch_transverse_route,0.014843605642075642,0.09571559530852054,-0.09571559530852054,False,0.0,d158_b8_p00_r0_torch_transverse_route,torch_transverse_route,0,3,2025-08-22,2026-02-20,False,0.014859686979160007,1.6081337084365016e-05,0.020362253999337554,0.16826056621721364
2026-02-23,combined,0.014843605642075642,0.09571559530852054,-0.09571559530852054,False,0.0,d158_b8_p00_r0_torch_sbm,torch_sbm,0,9,2025-08-22,2026-02-20,False,0.014859686979160007,1.6081337084365016e-05,0.05849173991009593,1.8630746972703491
2026-02-24,torch_sbm,0.014892387360654964,0.01928967317310589,-0.01928967317310589,False,0.0,d159_b8_p00_r0_torch_sbm,torch_sbm,0,3,2025-08-25,2026-02-23,False,0.015094834172922884,0.00020244681226791982,0.006169557920657098,0.1052416106176679
2026-02-24,torch_svl,0.014965993324860826,0.01928967317310589,-0.01928967317310589,False,0.0,d159_b8_p00_r0_torch_svl,torch_svl,0,3,2025-08-25,2026-02-23,False,0.015094834172922884,0.00012884084806205794,0.004999116063117981,1.5895725204354676
2026-02-24,torch_transverse_route,0.014892387360654964,0.01928967317310589,-0.01928967317310589,False,0.0,d159_b8_p00_r0_torch_transverse_route,torch_transverse_route,0,3,2025-08-25,2026-02-23,False,0.015094834172922884,0.00020244681226791982,0.006115350988693535,0.16826056621721364
2026-02-24,combined,0.014965993324860826,0.01928967317310589,-0.01928967317310589,False,0.0,d159_b8_p00_r0_torch_svl,torch_svl,0,9,2025-08-25,2026-02-23,False,0.015094834172922884,0.00012884084806205794,0.017284024972468615,1.8630746972703491
2026-02-25,torch_sbm,0.014732870731247502,0.05766473140681807,-0.05766473140681807,False,0.0,d160_b8_p00_r0_torch_sbm,torch_sbm,0,3,2025-08-26,2026-02-24,False,0.014904895408495284,0.00017202467724778195,0.006000875146128237,0.10241622449757415
2026-02-25,torch_svl,0.014751028515325285,0.05766473140681807,-0.05766473140681807,False,0.0,d160_b8_p00_r1_torch_svl,torch_svl,1,3,2025-08-26,2026-02-24,False,0.014904895408495284,0.0001538668931699988,0.005575339077040553,1.535103696754959
2026-02-25,torch_transverse_route,0.014732870731247502,0.05766473140681807,-0.05766473140681807,False,0.0,d160_b8_p00_r0_torch_transverse_route,torch_transverse_route,0,3,2025-08-26,2026-02-24,False,0.014904895408495284,0.00017202467724778195,0.006441064877435565,0.18604308215799392
2026-02-25,combined,0.014751028515325285,0.05766473140681807,-0.05766473140681807,False,0.0,d160_b8_p00_r1_torch_svl,torch_svl,1,9,2025-08-26,2026-02-24,False,0.014904895408495284,0.0001538668931699988,0.018017279100604355,1.823563003410527
2026-02-26,torch_sbm,0.01397239336379143,0.030634408350330048,-0.030634408350330048,False,0.0,d161_b8_p00_r0_torch_sbm,torch_sbm,0,3,2025-08-27,2026-02-25,False,0.014171503054765121,0.00019910969097369086,0.006145839113742113,0.10241622449757415
2026-02-26,torch_svl,0.013995852342646862,0.030634408350330048,-0.030634408350330048,False,0.0,d161_b8_p00_r0_torch_svl,torch_svl,0,3,2025-08-27,2026-02-25,False,0.014171503054765121,0.0001756507121182596,0.005633564083836973,1.535103696754959
2026-02-26,torch_transverse_route,0.01397239336379143,0.030634408350330048,-0.030634408350330048,False,0.0,d161_b8_p00_r0_torch_transverse_route,torch_transverse_route,0,3,2025-08-27,2026-02-25,False,0.014171503054765121,0.00019910969097369086,0.006377069046720862,0.18604308215799392
2026-02-26,combined,0.013995852342646862,0.030634408350330048,-0.030634408350330048,False,0.0,d161_b8_p00_r0_torch_svl,torch_svl,0,9,2025-08-27,2026-02-25,False,0.014171503054765121,0.0001756507121182596,0.018156472244299948,1.823563003410527
2026-02-27,torch_sbm,0.013511411285294725,0.002786205959892433,-0.002786205959892433,False,0.0,d162_b8_p00_r0_torch_sbm,torch_sbm,0,3,2025-08-28,2026-02-26,False,0.01376754608144068,0.0002561347961459546,0.00632067397236824,0.10241622449757415
2026-02-27,torch_svl,0.013573232218341781,0.002786205959892433,-0.002786205959892433,False,0.0,d162_b8_p00_r2_torch_svl,torch_svl,2,3,2025-08-28,2026-02-26,False,0.01376754608144068,0.00019431386309889769,0.005041263182647526,1.535103696754959
2026-02-27,torch_transverse_route,0.013511411285294725,0.002786205959892433,-0.002786205959892433,False,0.0,d162_b8_p00_r0_torch_transverse_route,torch_transverse_route,0,3,2025-08-28,2026-02-26,False,0.01376754608144068,0.0002561347961459546,0.006367071182467043,0.18604308215799392
2026-02-27,combined,0.013573232218341781,0.002786205959892433,-0.002786205959892433,False,0.0,d162_b8_p00_r2_torch_svl,torch_svl,2,9,2025-08-28,2026-02-26,False,0.01376754608144068,0.00019431386309889769,0.01772900833748281,1.823563003410527
2026-03-02,torch_sbm,0.013588234962254784,0.0613620797340736,-0.0613620797340736,False,0.0,d163_b8_p00_r0_torch_sbm,torch_sbm,0,3,2025-08-29,2026-02-27,False,0.013744978222513584,0.00015674326025879974,0.006207111058756709,0.10241622449757415
2026-03-02,torch_svl,0.013608962015018907,0.0613620797340736,-0.0613620797340736,False,0.0,d163_b8_p00_r0_torch_svl,torch_svl,0,3,2025-08-29,2026-02-27,False,0.013744978222513584,0.0001360162074946769,0.007029759115539491,1.535103696754959
2026-03-02,torch_transverse_route,0.013588234962254784,0.0613620797340736,-0.0613620797340736,False,0.0,d163_b8_p00_r0_torch_transverse_route,torch_transverse_route,0,3,2025-08-29,2026-02-27,False,0.013744978222513584,0.00015674326025879974,0.006406670087017119,0.18604308215799392
2026-03-02,combined,0.013608962015018907,0.0613620797340736,-0.0613620797340736,False,0.0,d163_b8_p00_r0_torch_svl,torch_svl,0,9,2025-08-29,2026-02-27,False,0.013744978222513584,0.0001360162074946769,0.01964354026131332,1.823563003410527
2026-03-03,torch_sbm,0.013339913510805412,0.0074971924041014925,-0.0074971924041014925,False,0.0,d164_b8_p00_r0_torch_sbm,torch_sbm,0,3,2025-09-02,2026-03-02,False,0.013429606653478938,8.969314267352584e-05,0.004088268848136067,0.10241622449757415
2026-03-03,torch_svl,0.013339913510805412,0.0074971924041014925,-0.0074971924041014925,False,0.0,d164_b8_p00_r0_torch_svl,torch_svl,0,3,2025-09-02,2026-03-02,False,0.013429606653478938,8.969314267352584e-05,0.005470511852763593,1.535103696754959
2026-03-03,torch_transverse_route,0.013339913510805412,0.0074971924041014925,-0.0074971924041014925,False,0.0,d164_b8_p00_r0_torch_transverse_route,torch_transverse_route,0,3,2025-09-02,2026-03-02,False,0.013429606653478938,8.969314267352584e-05,0.004221262875944376,0.18604308215799392
2026-03-03,combined,0.013339913510805412,0.0074971924041014925,-0.0074971924041014925,False,0.0,d164_b8_p00_r0_torch_sbm,torch_sbm,0,9,2025-09-02,2026-03-02,False,0.013429606653478938,8.969314267352584e-05,0.013780043576844037,1.823563003410527
2026-03-04,torch_sbm,0.013032850969317627,0.019662248049239474,-0.019662248049239474,False,0.0,d165_b8_p00_r0_torch_sbm,torch_sbm,0,3,2025-09-03,2026-03-03,False,0.013183993112124764,0.00015114214280713759,0.004125232924707234,0.10241622449757415
2026-03-04,torch_svl,0.013112659742077216,0.019662248049239474,-0.019662248049239474,False,0.0,d165_b8_p00_r0_torch_svl,torch_svl,0,3,2025-09-03,2026-03-03,False,0.013183993112124764,7.133337004754797e-05,0.00466215901542455,1.535103696754959
2026-03-04,torch_transverse_route,0.013083616090765466,0.019662248049239474,-0.019662248049239474,False,0.0,d165_b8_p00_r2_torch_transverse_route,torch_transverse_route,2,3,2025-09-03,2026-03-03,False,0.013183993112124764,0.00010037702135929846,0.005302011035382748,0.18604308215799392
2026-03-04,combined,0.013112659742077216,0.019662248049239474,-0.019662248049239474,False,0.0,d165_b8_p00_r0_torch_svl,torch_svl,0,9,2025-09-03,2026-03-03,False,0.013183993112124764,7.133337004754797e-05,0.014089402975514531,1.823563003410527
2026-03-05,torch_sbm,0.012835340645947385,0.0020099254922101716,-0.0020099254922101716,False,0.0,d166_b8_p00_r0_torch_sbm,torch_sbm,0,3,2025-09-04,2026-03-04,False,0.013034149500203245,0.00019880885425586046,0.0031122330110520124,0.10241622449757415
2026-03-05,torch_svl,0.012835340645947385,0.0020099254922101716,-0.0020099254922101716,False,0.0,d166_b8_p00_r2_torch_svl,torch_svl,2,3,2025-09-04,2026-03-04,False,0.013034149500203245,0.00019880885425586046,0.004972586990334094,1.535103696754959
2026-03-05,torch_transverse_route,0.012835340645947385,0.0020099254922101716,-0.0020099254922101716,False,0.0,d166_b8_p00_r0_torch_transverse_route,torch_transverse_route,0,3,2025-09-04,2026-03-04,False,0.013034149500203245,0.00019880885425586046,0.003176877973601222,0.18604308215799392
2026-03-05,combined,0.012835340645947385,0.0020099254922101716,-0.0020099254922101716,False,0.0,d166_b8_p00_r0_torch_sbm,torch_sbm,0,9,2025-09-04,2026-03-04,False,0.013034149500203245,0.00019880885425586046,0.011261697974987328,1.823563003410527
2026-03-06,torch_sbm,0.013644363955229177,0.01598275360925289,-0.01598275360925289,False,0.0,d167_b8_p00_r0_torch_sbm,torch_sbm,0,3,2025-09-05,2026-03-05,False,0.01380198524983158,0.00015762129460240339,0.0035325101343914866,0.10241622449757415
2026-03-06,torch_svl,0.013644363955229177,0.01598275360925289,-0.01598275360925289,False,0.0,d167_b8_p00_r1_torch_svl,torch_svl,1,3,2025-09-05,2026-03-05,False,0.01380198524983158,0.00015762129460240339,0.0056937410263344646,1.535103696754959
2026-03-06,torch_transverse_route,0.013563082967215697,0.01598275360925289,-0.01598275360925289,False,0.0,d167_b8_p00_r0_torch_transverse_route,torch_transverse_route,0,3,2025-09-05,2026-03-05,False,0.01380198524983158,0.000238902282615883,0.0036717759212478995,0.18604308215799392
2026-03-06,combined,0.013644363955229177,0.01598275360925289,-0.01598275360925289,False,0.0,d167_b8_p00_r0_torch_sbm,torch_sbm,0,9,2025-09-05,2026-03-05,False,0.01380198524983158,0.00015762129460240339,0.01289802708197385,1.823563003410527
2026-03-09,torch_sbm,0.01348360071156331,0.0130877954422409,-0.0130877954422409,False,0.0,d168_b8_p00_r0_torch_sbm,torch_sbm,0,3,2025-09-08,2026-03-06,False,0.0137373741083962,0.00025377339683289,0.0035716191632673144,0.10241622449757415
2026-03-09,torch_svl,0.013724525016488172,0.0130877954422409,-0.0130877954422409,False,0.0,d168_b8_p00_r0_torch_svl,torch_svl,0,3,2025-09-08,2026-03-06,False,0.0137373741083962,1.2849091908028604e-05,0.004830240970477462,1.535103696754959
2026-03-09,torch_transverse_route,0.013572075900929126,0.0130877954422409,-0.0130877954422409,False,0.0,d168_b8_p00_r0_torch_transverse_route,torch_transverse_route,0,3,2025-09-08,2026-03-06,False,0.0137373741083962,0.00016529820746707426,0.0036765621043741703,0.18604308215799392
2026-03-09,combined,0.013724525016488172,0.0130877954422409,-0.0130877954422409,False,0.0,d168_b8_p00_r0_torch_svl,torch_svl,0,9,2025-09-08,2026-03-06,False,0.0137373741083962,1.2849091908028604e-05,0.012078422238118947,1.823563003410527
2026-03-10,torch_sbm,0.013253125781063238,0.1476106366482421,-0.1476106366482421,False,0.0,d169_b8_p00_r1_torch_sbm,torch_sbm,1,3,2025-09-09,2026-03-09,False,0.013416076443264738,0.00016295066220150048,0.003585175843909383,0.10241622449757415
2026-03-10,torch_svl,0.013365658964853708,0.1476106366482421,-0.1476106366482421,False,0.0,d169_b8_p00_r2_torch_svl,torch_svl,2,3,2025-09-09,2026-03-09,False,0.013416076443264738,5.041747841103006e-05,0.003964895033277571,1.535103696754959
2026-03-10,torch_transverse_route,0.013253125781063238,0.1476106366482421,-0.1476106366482421,False,0.0,d169_b8_p00_r0_torch_transverse_route,torch_transverse_route,0,3,2025-09-09,2026-03-09,False,0.013416076443264738,0.00016295066220150048,0.0036642698105424643,0.18604308215799392
2026-03-10,combined,0.013365658964853708,0.1476106366482421,-0.1476106366482421,False,0.0,d169_b8_p00_r2_torch_svl,torch_svl,2,9,2025-09-09,2026-03-09,False,0.013416076443264738,5.041747841103006e-05,0.011214340687729418,1.823563003410527
2026-03-11,torch_sbm,0.012853232237052805,0.03022365831723286,-0.03022365831723286,False,0.0,d170_b8_p00_r0_torch_sbm,torch_sbm,0,3,2025-09-10,2026-03-10,False,0.013104286785412096,0.0002510545483592908,0.003094225190579891,0.10372799106335151
2026-03-11,torch_svl,0.013077333208815097,0.03022365831723286,-0.03022365831723286,False,0.0,d170_b8_p00_r0_torch_svl,torch_svl,0,3,2025-09-10,2026-03-10,False,0.013104286785412096,2.6953576596999013e-05,0.0041610319167375565,1.5487013232559548
2026-03-11,torch_transverse_route,0.012853232237052805,0.03022365831723286,-0.03022365831723286,False,0.0,d170_b8_p00_r0_torch_transverse_route,torch_transverse_route,0,3,2025-09-10,2026-03-10,False,0.013104286785412096,0.0002510545483592908,0.0033094161190092564,0.18530952322180383
2026-03-11,combined,0.013077333208815097,0.03022365831723286,-0.03022365831723286,False,0.0,d170_b8_p00_r0_torch_svl,torch_svl,0,9,2025-09-10,2026-03-10,False,0.013104286785412096,2.6953576596999013e-05,0.010564673226326704,1.8377388375411101
2026-03-12,torch_sbm,0.012532260115858061,0.013540768495931818,-0.013540768495931818,False,0.0,d171_b8_p00_r0_torch_sbm,torch_sbm,0,3,2025-09-11,2026-03-11,False,0.012773695157088396,0.00024143504123033503,0.003062073024921119,0.10635152419490623
2026-03-12,torch_svl,0.012532260115858061,0.013540768495931818,-0.013540768495931818,False,0.0,d171_b8_p00_r2_torch_svl,torch_svl,2,3,2025-09-11,2026-03-11,False,0.012773695157088396,0.00024143504123033503,0.0041096690110862255,1.5758965762579464
2026-03-12,torch_transverse_route,0.012532260115858061,0.013540768495931818,-0.013540768495931818,False,0.0,d171_b8_p00_r0_torch_transverse_route,torch_transverse_route,0,3,2025-09-11,2026-03-11,False,0.012773695157088396,0.00024143504123033503,0.003169697942212224,0.18384240534942364
2026-03-12,combined,0.012532260115858061,0.013540768495931818,-0.013540768495931818,False,0.0,d171_b8_p00_r0_torch_sbm,torch_sbm,0,9,2025-09-11,2026-03-11,False,0.012773695157088396,0.00024143504123033503,0.010341439978219569,1.8660905058022763
2026-03-13,torch_sbm,0.012313242679998358,0.009072814697427553,-0.009072814697427553,False,0.0,d172_b8_p00_r0_torch_sbm,torch_sbm,0,3,2025-09-12,2026-03-12,False,0.012468915956162991,0.0001556732761646331,0.003559448989108205,0.10635152419490623
2026-03-13,torch_svl,0.012389776591070259,0.009072814697427553,-0.009072814697427553,False,0.0,d172_b8_p00_r1_torch_svl,torch_svl,1,3,2025-09-12,2026-03-12,False,0.012468915956162991,7.913936509273273e-05,0.004553122096695006,1.5758965762579464
2026-03-13,torch_transverse_route,0.012313242679998358,0.009072814697427553,-0.009072814697427553,False,0.0,d172_b8_p00_r0_torch_transverse_route,torch_transverse_route,0,3,2025-09-12,2026-03-12,False,0.012468915956162991,0.0001556732761646331,0.0037154931342229247,0.18384240534942364
2026-03-13,combined,0.012389776591070259,0.009072814697427553,-0.009072814697427553,False,0.0,d172_b8_p00_r1_torch_svl,torch_svl,1,9,2025-09-12,2026-03-12,False,0.012468915956162991,7.913936509273273e-05,0.011828064220026135,1.8660905058022763
2026-03-16,torch_sbm,0.012388346341456984,0.02969830546823406,-0.02969830546823406,False,0.0,d173_b8_p00_r0_torch_sbm,torch_sbm,0,3,2025-09-15,2026-03-13,False,0.012571841356869406,0.00018349501541242187,0.005698984954506159,0.10635152419490623
2026-03-16,torch_svl,0.012540012355655415,0.02969830546823406,-0.02969830546823406,False,0.0,d173_b8_p00_r2_torch_svl,torch_svl,2,3,2025-09-15,2026-03-13,False,0.012571841356869406,3.182900121399129e-05,0.003088702098466456,1.5758965762579464
2026-03-16,torch_transverse_route,0.012388346341456984,0.02969830546823406,-0.02969830546823406,False,0.0,d173_b8_p00_r0_torch_transverse_route,torch_transverse_route,0,3,2025-09-15,2026-03-13,False,0.012571841356869406,0.00018349501541242187,0.005833829054608941,0.18384240534942364
2026-03-16,combined,0.012540012355655415,0.02969830546823406,-0.02969830546823406,False,0.0,d173_b8_p00_r2_torch_svl,torch_svl,2,9,2025-09-15,2026-03-13,False,0.012571841356869406,3.182900121399129e-05,0.014621516107581556,1.8660905058022763
2026-03-17,torch_sbm,0.01206703512040549,0.006363053752645373,-0.006363053752645373,False,0.0,d174_b8_p00_r2_torch_sbm,torch_sbm,2,3,2025-09-16,2026-03-16,False,0.012163299269254031,9.626414884854155e-05,0.0029344980139285326,0.10635152419490623
2026-03-17,torch_svl,0.012115063013242439,0.006363053752645373,-0.006363053752645373,False,0.0,d174_b8_p00_r0_torch_svl,torch_svl,0,3,2025-09-16,2026-03-16,False,0.012163299269254031,4.8236256011592246e-05,0.003383469069376588,1.5758965762579464
2026-03-17,torch_transverse_route,0.01206703512040549,0.006363053752645373,-0.006363053752645373,False,0.0,d174_b8_p00_r1_torch_transverse_route,torch_transverse_route,1,3,2025-09-16,2026-03-16,False,0.012163299269254031,9.626414884854155e-05,0.0031485218787565827,0.18384240534942364
2026-03-17,combined,0.012115063013242439,0.006363053752645373,-0.006363053752645373,False,0.0,d174_b8_p00_r0_torch_svl,torch_svl,0,9,2025-09-16,2026-03-16,False,0.012163299269254031,4.8236256011592246e-05,0.009466488962061703,1.8660905058022763
2026-03-18,torch_sbm,0.011764228330709078,0.010886810073351638,-0.010886810073351638,False,0.0,d175_b8_p00_r0_torch_sbm,torch_sbm,0,3,2025-09-17,2026-03-17,False,0.011893194626698756,0.0001289662959896784,0.0030785290291532874,0.10635152419490623
2026-03-18,torch_svl,0.011863441445068582,0.010886810073351638,-0.010886810073351638,False,0.0,d175_b8_p00_r1_torch_svl,torch_svl,1,3,2025-09-17,2026-03-17,False,0.011893194626698756,2.975318163017486e-05,0.003754802863113582,1.5758965762579464
2026-03-18,torch_transverse_route,0.011764228330709078,0.010886810073351638,-0.010886810073351638,False,0.0,d175_b8_p00_r0_torch_transverse_route,torch_transverse_route,0,3,2025-09-17,2026-03-17,False,0.011893194626698756,0.0001289662959896784,0.003190331975929439,0.18384240534942364
2026-03-18,combined,0.011863441445068582,0.010886810073351638,-0.010886810073351638,False,0.0,d175_b8_p00_r1_torch_svl,torch_svl,1,9,2025-09-17,2026-03-17,False,0.011893194626698756,2.975318163017486e-05,0.010023663868196309,1.8660905058022763
2026-03-19,torch_sbm,0.01270745639138875,0.037494924576456895,-0.037494924576456895,False,0.0,d176_b8_p00_r0_torch_sbm,torch_sbm,0,3,2025-09-18,2026-03-18,False,0.012895106849894394,0.00018765045850564419,0.0030206339433789253,0.10635152419490623
2026-03-19,torch_svl,0.01287521695222383,0.037494924576456895,-0.037494924576456895,False,0.0,d176_b8_p00_r1_torch_svl,torch_svl,1,3,2025-09-18,2026-03-18,False,0.012895106849894394,1.9889897670564982e-05,0.004632825031876564,1.5758965762579464
2026-03-19,torch_transverse_route,0.01270745639138875,0.037494924576456895,-0.037494924576456895,False,0.0,d176_b8_p00_r0_torch_transverse_route,torch_transverse_route,0,3,2025-09-18,2026-03-18,False,0.012895106849894394,0.00018765045850564419,0.003126208786852658,0.18384240534942364
2026-03-19,combined,0.01287521695222383,0.037494924576456895,-0.037494924576456895,False,0.0,d176_b8_p00_r1_torch_svl,torch_svl,1,9,2025-09-18,2026-03-18,False,0.012895106849894394,1.9889897670564982e-05,0.010779667762108147,1.8660905058022763
2026-03-20,torch_sbm,0.01259602951153552,-0.007871239082213348,0.007871239082213348,False,0.0,d177_b8_p00_r0_torch_sbm,torch_sbm,0,3,2025-09-19,2026-03-19,False,0.01282498084041452,0.00022895132887900023,0.003046593046747148,0.10635152419490623
2026-03-20,torch_svl,0.012804658155542544,-0.007871239082213348,0.007871239082213348,False,0.0,d177_b8_p00_r1_torch_svl,torch_svl,1,3,2025-09-19,2026-03-19,False,0.01282498084041452,2.032268487197654e-05,0.004442642908543348,1.5758965762579464
2026-03-20,torch_transverse_route,0.01259602951153552,-0.007871239082213348,0.007871239082213348,False,0.0,d177_b8_p00_r0_torch_transverse_route,torch_transverse_route,0,3,2025-09-19,2026-03-19,False,0.01282498084041452,0.00022895132887900023,0.003187481896020472,0.18384240534942364
2026-03-20,combined,0.012804658155542544,-0.007871239082213348,0.007871239082213348,False,0.0,d177_b8_p00_r1_torch_svl,torch_svl,1,9,2025-09-19,2026-03-19,False,0.01282498084041452,2.032268487197654e-05,0.010676717851310968,1.8660905058022763
2026-03-23,torch_sbm,0.016303229913613125,0.0062609371573727765,-0.0062609371573727765,False,0.0,d178_b8_p00_r0_torch_sbm,torch_sbm,0,3,2025-09-22,2026-03-20,False,0.016394513224677672,9.128331106454668e-05,0.006241883966140449,0.10635152419490623
2026-03-23,torch_svl,0.016324238475637486,0.0062609371573727765,-0.0062609371573727765,False,0.0,d178_b8_p00_r2_torch_svl,torch_svl,2,3,2025-09-22,2026-03-20,False,0.016394513224677672,7.027474904018616e-05,0.006654626107774675,1.5758965762579464
2026-03-23,torch_transverse_route,0.016303229913613125,0.0062609371573727765,-0.0062609371573727765,False,0.0,d178_b8_p00_r0_torch_transverse_route,torch_transverse_route,0,3,2025-09-22,2026-03-20,False,0.016394513224677672,9.128331106454668e-05,0.006420886958949268,0.18384240534942364
2026-03-23,combined,0.016324238475637486,0.0062609371573727765,-0.0062609371573727765,False,0.0,d178_b8_p00_r2_torch_svl,torch_svl,2,9,2025-09-22,2026-03-20,False,0.016394513224677672,7.027474904018616e-05,0.019317397032864392,1.8660905058022763
2026-03-24,torch_sbm,0.015890530670439357,0.004626723626074432,-0.004626723626074432,False,0.0,d179_b8_p00_r0_torch_sbm,torch_sbm,0,3,2025-09-23,2026-03-23,False,0.015919051979626557,2.852130918720025e-05,0.006247777142561972,0.10635152419490623
2026-03-24,torch_svl,0.01589330311611345,0.004626723626074432,-0.004626723626074432,False,0.0,d179_b8_p00_r1_torch_svl,torch_svl,1,3,2025-09-23,2026-03-23,False,0.015919051979626557,2.574886351310729e-05,0.005490193841978908,1.5758965762579464
2026-03-24,torch_transverse_route,0.015890530670439357,0.004626723626074432,-0.004626723626074432,False,0.0,d179_b8_p00_r0_torch_transverse_route,torch_transverse_route,0,3,2025-09-23,2026-03-23,False,0.015919051979626557,2.852130918720025e-05,0.006329964031465352,0.18384240534942364
2026-03-24,combined,0.01589330311611345,0.004626723626074432,-0.004626723626074432,False,0.0,d179_b8_p00_r1_torch_svl,torch_svl,1,9,2025-09-23,2026-03-23,False,0.015919051979626557,2.574886351310729e-05,0.01806793501600623,1.8660905058022763
2026-03-25,torch_sbm,0.01592862157575533,0.007483633110206651,-0.007483633110206651,False,0.0,d180_b8_p00_r0_torch_sbm,torch_sbm,0,3,2025-09-24,2026-03-24,False,0.015944001072555856,1.5379496800527193e-05,0.006275326129980385,0.10635152419490623
2026-03-25,torch_svl,0.015931637533263626,0.007483633110206651,-0.007483633110206651,False,0.0,d180_b8_p00_r1_torch_svl,torch_svl,1,3,2025-09-24,2026-03-24,False,0.015944001072555856,1.2363539292230274e-05,0.0065945860696956515,1.5758965762579464
2026-03-25,torch_transverse_route,0.01592862157575533,0.007483633110206651,-0.007483633110206651,False,0.0,d180_b8_p00_r0_torch_transverse_route,torch_transverse_route,0,3,2025-09-24,2026-03-24,False,0.015944001072555856,1.5379496800527193e-05,0.006423269980587065,0.18384240534942364
2026-03-25,combined,0.015931637533263626,0.007483633110206651,-0.007483633110206651,False,0.0,d180_b8_p00_r1_torch_svl,torch_svl,1,9,2025-09-24,2026-03-24,False,0.015944001072555856,1.2363539292230274e-05,0.019293182180263102,1.8660905058022763
2026-03-26,torch_sbm,0.015455025536984413,0.019716707139072594,-0.019716707139072594,False,0.0,d181_b8_p00_r0_torch_sbm,torch_sbm,0,3,2025-09-25,2026-03-25,False,0.015537977769476482,8.295223249206972e-05,0.006362010026350617,0.10699710281551233
2026-03-26,torch_svl,0.015455025536984413,0.019716707139072594,-0.019716707139072594,False,0.0,d181_b8_p00_r0_torch_svl,torch_svl,0,3,2025-09-25,2026-03-25,False,0.015537977769476482,8.295223249206972e-05,0.006396002951078117,1.582084101253713
2026-03-26,torch_transverse_route,0.015455025536984413,0.019716707139072594,-0.019716707139072594,False,0.0,d181_b8_p00_r0_torch_transverse_route,torch_transverse_route,0,3,2025-09-25,2026-03-25,False,0.015537977769476482,8.295223249206972e-05,0.006585428141988814,0.18539997734478675
2026-03-26,combined,0.015455025536984413,0.019716707139072594,-0.019716707139072594,False,0.0,d181_b8_p00_r0_torch_sbm,torch_sbm,0,9,2025-09-25,2026-03-25,False,0.015537977769476482,8.295223249206972e-05,0.019343441119417548,1.874481181414012
2026-03-27,torch_sbm,0.015382573624403614,0.0011826811268465499,-0.0011826811268465499,False,0.0,d182_b8_p00_r0_torch_sbm,torch_sbm,0,3,2025-09-26,2026-03-26,False,0.015544958387023683,0.00016238476262006932,0.006305985967628658,0.10731989212581539
2026-03-27,torch_svl,0.015381203500769694,0.0011826811268465499,-0.0011826811268465499,False,0.0,d182_b8_p00_r0_torch_svl,torch_svl,0,3,2025-09-26,2026-03-26,False,0.015544958387023683,0.00016375488625398893,0.004856507061049342,1.5851778637515963
2026-03-27,torch_transverse_route,0.015382573624403614,0.0011826811268465499,-0.0011826811268465499,False,0.0,d182_b8_p00_r0_torch_transverse_route,torch_transverse_route,0,3,2025-09-26,2026-03-26,False,0.015544958387023683,0.00016238476262006932,0.006479369010776281,0.1861787633424683
2026-03-27,combined,0.015382573624403614,0.0011826811268465499,-0.0011826811268465499,False,0.0,d182_b8_p00_r0_torch_sbm,torch_sbm,0,9,2025-09-26,2026-03-26,False,0.015544958387023683,0.00016238476262006932,0.01764186203945428,1.87867651921988
2026-03-30,torch_sbm,0.015191685814971724,0.002650459843681837,-0.002650459843681837,False,0.0,d183_b8_p00_r0_torch_sbm,torch_sbm,0,3,2025-09-29,2026-03-27,False,0.015562454235328437,0.00037076842035671347,0.006350761046633124,0.10731989212581539
2026-03-30,torch_svl,0.01531105021757651,0.002650459843681837,-0.002650459843681837,False,0.0,d183_b8_p00_r2_torch_svl,torch_svl,2,3,2025-09-29,2026-03-27,False,0.015562454235328437,0.0002514040177519269,0.005088125122711062,1.5851778637515963
2026-03-30,torch_transverse_route,0.015191685814971724,0.002650459843681837,-0.002650459843681837,False,0.0,d183_b8_p00_r0_torch_transverse_route,torch_transverse_route,0,3,2025-09-29,2026-03-27,False,0.015562454235328437,0.00037076842035671347,0.006390236900188029,0.1861787633424683
2026-03-30,combined,0.01531105021757651,0.002650459843681837,-0.002650459843681837,False,0.0,d183_b8_p00_r2_torch_svl,torch_svl,2,9,2025-09-29,2026-03-27,False,0.015562454235328437,0.0002514040177519269,0.017829123069532216,1.87867651921988
2026-03-31,torch_sbm,0.014859498261841813,0.016695623837359303,-0.016695623837359303,False,0.0,d184_b8_p00_r0_torch_sbm,torch_sbm,0,3,2025-09-30,2026-03-30,False,0.01523285586994288,0.0003733576081010673,0.006245453958399594,0.10731989212581539
2026-03-31,torch_svl,0.015054755955670915,0.016695623837359303,-0.016695623837359303,False,0.0,d184_b8_p00_r1_torch_svl,torch_svl,1,3,2025-09-30,2026-03-30,False,0.01523285586994288,0.0001780999142719647,0.00529229617677629,1.5851778637515963
2026-03-31,torch_transverse_route,0.014859498261841813,0.016695623837359303,-0.016695623837359303,False,0.0,d184_b8_p00_r0_torch_transverse_route,torch_transverse_route,0,3,2025-09-30,2026-03-30,False,0.01523285586994288,0.0003733576081010673,0.00642650097142905,0.1861787633424683
2026-03-31,combined,0.015054755955670915,0.016695623837359303,-0.016695623837359303,False,0.0,d184_b8_p00_r1_torch_svl,torch_svl,1,9,2025-09-30,2026-03-30,False,0.01523285586994288,0.0001780999142719647,0.017964251106604934,1.87867651921988
2026-04-01,torch_sbm,0.015650836022475245,0.009837039904325552,-0.009837039904325552,False,0.0,d185_b8_p00_r0_torch_sbm,torch_sbm,0,3,2025-10-01,2026-03-31,False,0.015860227559712153,0.00020939153723690748,0.00633974012453109,0.10731989212581539
2026-04-01,torch_svl,0.015642981448682626,0.009837039904325552,-0.009837039904325552,False,0.0,d185_b8_p00_r0_torch_svl,torch_svl,0,3,2025-10-01,2026-03-31,False,0.015860227559712153,0.00021724611102952665,0.004997128969989717,1.5851778637515963
2026-04-01,torch_transverse_route,0.015650836022475245,0.009837039904325552,-0.009837039904325552,False,0.0,d185_b8_p00_r0_torch_transverse_route,torch_transverse_route,0,3,2025-10-01,2026-03-31,False,0.015860227559712153,0.00020939153723690748,0.00645860203076154,0.1861787633424683
2026-04-01,combined,0.015650836022475245,0.009837039904325552,-0.009837039904325552,False,0.0,d185_b8_p00_r0_torch_sbm,torch_sbm,0,9,2025-10-01,2026-03-31,False,0.015860227559712153,0.00020939153723690748,0.017795471125282347,1.87867651921988
2026-04-02,torch_sbm,0.015357863873419303,0.020444692656317934,-0.020444692656317934,False,0.0,d186_b8_p00_r0_torch_sbm,torch_sbm,0,3,2025-10-02,2026-04-01,False,0.015405063990150207,4.7200116730903435e-05,0.011438161018304527,0.10731989212581539
2026-04-02,torch_svl,0.015357863873419303,0.020444692656317934,-0.020444692656317934,False,0.0,d186_b8_p00_r0_torch_svl,torch_svl,0,3,2025-10-02,2026-04-01,False,0.015405063990150207,4.7200116730903435e-05,0.012879999005235732,1.5851778637515963
2026-04-02,torch_transverse_route,0.015357863873419303,0.020444692656317934,-0.020444692656317934,False,0.0,d186_b8_p00_r0_torch_transverse_route,torch_transverse_route,0,3,2025-10-02,2026-04-01,False,0.015405063990150207,4.7200116730903435e-05,0.01139100594446063,0.1861787633424683
2026-04-02,combined,0.015357863873419303,0.020444692656317934,-0.020444692656317934,False,0.0,d186_b8_p00_r0_torch_sbm,torch_sbm,0,9,2025-10-02,2026-04-01,False,0.015405063990150207,4.7200116730903435e-05,0.03570916596800089,1.87867651921988
2026-04-06,torch_sbm,0.014898110080938083,0.011796630031978773,-0.011796630031978773,False,0.0,d187_b8_p00_r0_torch_sbm,torch_sbm,0,3,2025-10-03,2026-04-02,False,0.014965127343212488,6.70172622744044e-05,0.011036098934710026,0.10731989212581539
2026-04-06,torch_svl,0.014956980858006341,0.011796630031978773,-0.011796630031978773,False,0.0,d187_b8_p00_r0_torch_svl,torch_svl,0,3,2025-10-03,2026-04-02,False,0.014965127343212488,8.146485206146636e-06,0.007212634198367596,1.5851778637515963
2026-04-06,torch_transverse_route,0.014898110080938083,0.011796630031978773,-0.011796630031978773,False,0.0,d187_b8_p00_r0_torch_transverse_route,torch_transverse_route,0,3,2025-10-03,2026-04-02,False,0.014965127343212488,6.70172622744044e-05,0.011525619076564908,0.1861787633424683
2026-04-06,combined,0.014956980858006341,0.011796630031978773,-0.011796630031978773,False,0.0,d187_b8_p00_r0_torch_svl,torch_svl,0,9,2025-10-03,2026-04-02,False,0.014965127343212488,8.146485206146636e-06,0.02977435220964253,1.87867651921988
2026-04-07,torch_sbm,0.014468368508504886,0.007295479402227276,-0.007295479402227276,False,0.0,d188_b8_p00_r0_torch_sbm,torch_sbm,0,3,2025-10-06,2026-04-06,False,0.014486311435587955,1.7942927083068258e-05,0.013271461124531925,0.10731989212581539
2026-04-07,torch_svl,0.014480484750433153,0.007295479402227276,-0.007295479402227276,False,0.0,d188_b8_p00_r1_torch_svl,torch_svl,1,3,2025-10-06,2026-04-06,False,0.014486311435587955,5.826685154801392e-06,0.012394638964906335,1.5851778637515963
2026-04-07,torch_transverse_route,0.014468368508504886,0.007295479402227276,-0.007295479402227276,False,0.0,d188_b8_p00_r0_torch_transverse_route,torch_transverse_route,0,3,2025-10-06,2026-04-06,False,0.014486311435587955,1.7942927083068258e-05,0.013666100101545453,0.1861787633424683
2026-04-07,combined,0.014480484750433153,0.007295479402227276,-0.007295479402227276,False,0.0,d188_b8_p00_r1_torch_svl,torch_svl,1,9,2025-10-06,2026-04-06,False,0.014486311435587955,5.826685154801392e-06,0.03933220019098371,1.87867651921988
2026-04-08,torch_sbm,0.014393024041488608,0.0058794772030889945,-0.0058794772030889945,False,0.0,d189_b8_p00_r0_torch_sbm,torch_sbm,0,3,2025-10-07,2026-04-07,False,0.014425898113266717,3.287407177810821e-05,0.013216194813139737,0.10731989212581539
2026-04-08,torch_svl,0.014393024041488608,0.0058794772030889945,-0.0058794772030889945,False,0.0,d189_b8_p00_r0_torch_svl,torch_svl,0,3,2025-10-07,2026-04-07,False,0.014425898113266717,3.287407177810821e-05,0.014529482112266123,1.5851778637515963
2026-04-08,torch_transverse_route,0.014393024041488608,0.0058794772030889945,-0.0058794772030889945,False,0.0,d189_b8_p00_r0_torch_transverse_route,torch_transverse_route,0,3,2025-10-07,2026-04-07,False,0.014425898113266717,3.287407177810821e-05,0.013519777916371822,0.1861787633424683
2026-04-08,combined,0.014393024041488608,0.0058794772030889945,-0.0058794772030889945,False,0.0,d189_b8_p00_r0_torch_sbm,torch_sbm,0,9,2025-10-07,2026-04-07,False,0.014425898113266717,3.287407177810821e-05,0.04126545484177768,1.87867651921988
2026-04-09,torch_sbm,0.013870799800005659,0.0038603733543071247,-0.0038603733543071247,False,0.0,d190_b8_p00_r0_torch_sbm,torch_sbm,0,3,2025-10-08,2026-04-08,False,0.013966474987181893,9.567518717623451e-05,0.00572516699321568,0.10731989212581539
2026-04-09,torch_svl,0.013928850170872139,0.0038603733543071247,-0.0038603733543071247,False,0.0,d190_b8_p00_r2_torch_svl,torch_svl,2,3,2025-10-08,2026-04-08,False,0.013966474987181893,3.762481630975416e-05,0.009671758976764977,1.5851778637515963
2026-04-09,torch_transverse_route,0.013870799800005659,0.0038603733543071247,-0.0038603733543071247,False,0.0,d190_b8_p00_r0_torch_transverse_route,torch_transverse_route,0,3,2025-10-08,2026-04-08,False,0.013966474987181893,9.567518717623451e-05,0.006200691917911172,0.1861787633424683
2026-04-09,combined,0.013928850170872139,0.0038603733543071247,-0.0038603733543071247,False,0.0,d190_b8_p00_r2_torch_svl,torch_svl,2,9,2025-10-08,2026-04-08,False,0.013966474987181893,3.762481630975416e-05,0.02159761788789183,1.87867651921988
2026-04-10,torch_sbm,0.013477637908717486,0.026181290188181716,-0.026181290188181716,False,0.0,d191_b8_p00_r0_torch_sbm,torch_sbm,0,3,2025-10-09,2026-04-09,False,0.013569235336692253,9.159742797476729e-05,0.005757463979534805,0.10731989212581539
2026-04-10,torch_svl,0.013477637908717486,0.026181290188181716,-0.026181290188181716,False,0.0,d191_b8_p00_r0_torch_svl,torch_svl,0,3,2025-10-09,2026-04-09,False,0.013569235336692253,9.159742797476729e-05,0.006806893972679973,1.5851778637515963
2026-04-10,torch_transverse_route,0.013477637908717486,0.026181290188181716,-0.026181290188181716,False,0.0,d191_b8_p00_r0_torch_transverse_route,torch_transverse_route,0,3,2025-10-09,2026-04-09,False,0.013569235336692253,9.159742797476729e-05,0.006561573944054544,0.1861787633424683
2026-04-10,combined,0.013477637908717486,0.026181290188181716,-0.026181290188181716,False,0.0,d191_b8_p00_r0_torch_sbm,torch_sbm,0,9,2025-10-09,2026-04-09,False,0.013569235336692253,9.159742797476729e-05,0.01912593189626932,1.87867651921988
2026-04-13,torch_sbm,0.013472895265782712,0.02281281520973949,-0.02281281520973949,False,0.0,d192_b8_p00_r0_torch_sbm,torch_sbm,0,3,2025-10-10,2026-04-10,False,0.013612294068260157,0.00013939880247744452,0.0051894079660996795,0.10320024244356318
2026-04-13,torch_svl,0.013595748031491434,0.02281281520973949,-0.02281281520973949,False,0.0,d192_b8_p00_r2_torch_svl,torch_svl,2,3,2025-10-10,2026-04-10,False,0.013612294068260157,1.654603676872271e-05,0.012304338975809515,1.5788796806227765
2026-04-13,torch_transverse_route,0.013501308492068997,0.02281281520973949,-0.02281281520973949,False,0.0,d192_b8_p00_r0_torch_transverse_route,torch_transverse_route,0,3,2025-10-10,2026-04-10,False,0.013612294068260157,0.00011098557619115997,0.006693282979540527,0.16829343580684508
2026-04-13,combined,0.013595748031491434,0.02281281520973949,-0.02281281520973949,False,0.0,d192_b8_p00_r2_torch_svl,torch_svl,2,9,2025-10-10,2026-04-10,False,0.013612294068260157,1.654603676872271e-05,0.02418702992144972,1.8503733588731848
2026-04-14,torch_sbm,0.012882074492556041,0.010134276490479148,-0.010134276490479148,False,0.0,d193_b8_p00_r0_torch_sbm,torch_sbm,0,3,2025-10-13,2026-04-13,False,0.01329453089253745,0.0004124563999814094,0.00573716894723475,0.10320024244356318
2026-04-14,torch_svl,0.013265661172675625,0.010134276490479148,-0.010134276490479148,False,0.0,d193_b8_p00_r0_torch_svl,torch_svl,0,3,2025-10-13,2026-04-13,False,0.01329453089253745,2.8869719861825474e-05,0.018310184008441865,1.5788796806227765
2026-04-14,torch_transverse_route,0.013131627890019213,0.010134276490479148,-0.010134276490479148,False,0.0,d193_b8_p00_r0_torch_transverse_route,torch_transverse_route,0,3,2025-10-13,2026-04-13,False,0.01329453089253745,0.00016290300251823805,0.010434485040605068,0.16829343580684508
2026-04-14,combined,0.013265661172675625,0.010134276490479148,-0.010134276490479148,False,0.0,d193_b8_p00_r0_torch_svl,torch_svl,0,9,2025-10-13,2026-04-13,False,0.01329453089253745,2.8869719861825474e-05,0.03448183799628168,1.8503733588731848
2026-04-15,torch_sbm,0.01256732576597909,0.05542412891800687,-0.05542412891800687,False,0.0,d194_b8_p00_r0_torch_sbm,torch_sbm,0,3,2025-10-14,2026-04-14,False,0.01298123117273914,0.0004139054067600501,0.00509226496797055,0.10320024244356318
2026-04-15,torch_svl,0.012841063263772438,0.05542412891800687,-0.05542412891800687,False,0.0,d194_b8_p00_r0_torch_svl,torch_svl,0,3,2025-10-14,2026-04-14,False,0.01298123117273914,0.00014016790896670232,0.00797013915143907,1.5788796806227765
2026-04-15,torch_transverse_route,0.01275188449572786,0.05542412891800687,-0.05542412891800687,False,0.0,d194_b8_p00_r0_torch_transverse_route,torch_transverse_route,0,3,2025-10-14,2026-04-14,False,0.01298123117273914,0.00022934667701128043,0.0069532671477645636,0.16829343580684508
2026-04-15,combined,0.012841063263772438,0.05542412891800687,-0.05542412891800687,False,0.0,d194_b8_p00_r0_torch_svl,torch_svl,0,9,2025-10-14,2026-04-14,False,0.01298123117273914,0.00014016790896670232,0.020015671267174184,1.8503733588731848
2026-04-16,torch_sbm,0.012339876816410675,0.023919306505580586,-0.023919306505580586,False,0.0,d195_b8_p00_r0_torch_sbm,torch_sbm,0,3,2025-10-15,2026-04-15,False,0.012606281238808038,0.0002664044223973632,0.005268332082778215,0.10320024244356318
2026-04-16,torch_svl,0.012591064231202724,0.023919306505580586,-0.023919306505580586,False,0.0,d195_b8_p00_r1_torch_svl,torch_svl,1,3,2025-10-15,2026-04-15,False,0.012606281238808038,1.521700760531361e-05,0.01352536992635578,1.5788796806227765
2026-04-16,torch_transverse_route,0.012519717821878513,0.023919306505580586,-0.023919306505580586,False,0.0,d195_b8_p00_r0_torch_transverse_route,torch_transverse_route,0,3,2025-10-15,2026-04-15,False,0.012606281238808038,8.65634169295252e-05,0.009552328032441437,0.16829343580684508
2026-04-16,combined,0.012591064231202724,0.023919306505580586,-0.023919306505580586,False,0.0,d195_b8_p00_r1_torch_svl,torch_svl,1,9,2025-10-15,2026-04-15,False,0.012606281238808038,1.521700760531361e-05,0.028346030041575432,1.8503733588731848
2026-04-17,torch_sbm,0.012211416233100117,0.021621826039940673,-0.021621826039940673,False,0.0,d196_b8_p00_r0_torch_sbm,torch_sbm,0,3,2025-10-16,2026-04-16,False,0.012317982108626037,0.0001065658755259203,0.005826025037094951,0.10320024244356318
2026-04-17,torch_svl,0.012299902713183595,0.021621826039940673,-0.021621826039940673,False,0.0,d196_b8_p00_r1_torch_svl,torch_svl,1,3,2025-10-16,2026-04-16,False,0.012317982108626037,1.807939544244165e-05,0.016216418938711286,1.5788796806227765
2026-04-17,torch_transverse_route,0.01227293856811996,0.021621826039940673,-0.021621826039940673,False,0.0,d196_b8_p00_r1_torch_transverse_route,torch_transverse_route,1,3,2025-10-16,2026-04-16,False,0.012317982108626037,4.5043540506077215e-05,0.007801315980032086,0.16829343580684508
2026-04-17,combined,0.012299902713183595,0.021621826039940673,-0.021621826039940673,False,0.0,d196_b8_p00_r1_torch_svl,torch_svl,1,9,2025-10-16,2026-04-16,False,0.012317982108626037,1.807939544244165e-05,0.029843759955838323,1.8503733588731848
2026-04-20,torch_sbm,0.012035099991316583,0.06393597536475956,-0.06393597536475956,False,0.0,d197_b8_p00_r0_torch_sbm,torch_sbm,0,3,2025-10-17,2026-04-17,False,0.012058187864173413,2.3087872856829977e-05,0.005395074957050383,0.10320024244356318
2026-04-20,torch_svl,0.012035099991316583,0.06393597536475956,-0.06393597536475956,False,0.0,d197_b8_p00_r2_torch_svl,torch_svl,2,3,2025-10-17,2026-04-17,False,0.012058187864173413,2.3087872856829977e-05,0.004933697055093944,1.5788796806227765
2026-04-20,torch_transverse_route,0.012035099991316583,0.06393597536475956,-0.06393597536475956,False,0.0,d197_b8_p00_r0_torch_transverse_route,torch_transverse_route,0,3,2025-10-17,2026-04-17,False,0.012058187864173413,2.3087872856829977e-05,0.005199856124818325,0.16829343580684508
2026-04-20,combined,0.012035099991316583,0.06393597536475956,-0.06393597536475956,False,0.0,d197_b8_p00_r0_torch_sbm,torch_sbm,0,9,2025-10-17,2026-04-17,False,0.012058187864173413,2.3087872856829977e-05,0.015528628136962652,1.8503733588731848
2026-04-21,torch_sbm,0.011408981497641342,0.01024539238577218,-0.01024539238577218,False,0.0,d198_b8_p00_r0_torch_sbm,torch_sbm,0,3,2025-10-20,2026-04-20,False,0.01152070950351193,0.00011172800587058891,0.0053077429765835404,0.10320024244356318
2026-04-21,torch_svl,0.011489749520664243,0.01024539238577218,-0.01024539238577218,False,0.0,d198_b8_p00_r1_torch_svl,torch_svl,1,3,2025-10-20,2026-04-20,False,0.01152070950351193,3.095998284768746e-05,0.005412733997218311,1.5788796806227765
2026-04-21,torch_transverse_route,0.011408981497641342,0.01024539238577218,-0.01024539238577218,False,0.0,d198_b8_p00_r0_torch_transverse_route,torch_transverse_route,0,3,2025-10-20,2026-04-20,False,0.01152070950351193,0.00011172800587058891,0.005206895060837269,0.16829343580684508
2026-04-21,combined,0.011489749520664243,0.01024539238577218,-0.01024539238577218,False,0.0,d198_b8_p00_r1_torch_svl,torch_svl,1,9,2025-10-20,2026-04-20,False,0.01152070950351193,3.095998284768746e-05,0.01592737203463912,1.8503733588731848
2026-04-22,torch_sbm,0.011323311496262714,0.08643245054285709,-0.08643245054285709,False,0.0,d199_b8_p00_r0_torch_sbm,torch_sbm,0,3,2025-10-21,2026-04-21,False,0.011397653260453465,7.434176419075095e-05,0.005672077997587621,0.10320024244356318
2026-04-22,torch_svl,0.011374517590208875,0.08643245054285709,-0.08643245054285709,False,0.0,d199_b8_p00_r0_torch_svl,torch_svl,0,3,2025-10-21,2026-04-21,False,0.011397653260453465,2.3135670244589512e-05,0.007561948033981025,1.5788796806227765
2026-04-22,torch_transverse_route,0.011323311496262714,0.08643245054285709,-0.08643245054285709,False,0.0,d199_b8_p00_r0_torch_transverse_route,torch_transverse_route,0,3,2025-10-21,2026-04-21,False,0.011397653260453465,7.434176419075095e-05,0.005723227979615331,0.16829343580684508
2026-04-22,combined,0.011374517590208875,0.08643245054285709,-0.08643245054285709,False,0.0,d199_b8_p00_r0_torch_svl,torch_svl,0,9,2025-10-21,2026-04-21,False,0.011397653260453465,2.3135670244589512e-05,0.018957254011183977,1.8503733588731848
2026-04-23,torch_sbm,0.010967147870745396,0.0022834014150230402,-0.0022834014150230402,False,0.0,d200_b8_p00_r0_torch_sbm,torch_sbm,0,3,2025-10-22,2026-04-22,False,0.01107933708102153,0.0001121892102761337,0.005098892142996192,0.10320024244356318
2026-04-23,torch_svl,0.011053048969794326,0.0022834014150230402,-0.0022834014150230402,False,0.0,d200_b8_p00_r1_torch_svl,torch_svl,1,3,2025-10-22,2026-04-22,False,0.01107933708102153,2.6288111227203842e-05,0.005216108052991331,1.5788796806227765
2026-04-23,torch_transverse_route,0.010967147870745396,0.0022834014150230402,-0.0022834014150230402,False,0.0,d200_b8_p00_r0_torch_transverse_route,torch_transverse_route,0,3,2025-10-22,2026-04-22,False,0.01107933708102153,0.0001121892102761337,0.005196196027100086,0.16829343580684508
2026-04-23,combined,0.011053048969794326,0.0022834014150230402,-0.0022834014150230402,False,0.0,d200_b8_p00_r1_torch_svl,torch_svl,1,9,2025-10-22,2026-04-22,False,0.01107933708102153,2.6288111227203842e-05,0.015511196223087609,1.8503733588731848
2026-04-24,torch_sbm,0.011027278140749256,0.008257346915258021,-0.008257346915258021,False,0.0,d201_b8_p00_r0_torch_sbm,torch_sbm,0,3,2025-10-23,2026-04-23,False,0.011140143298055792,0.00011286515730653604,0.005659932037815452,0.10320024244356318
2026-04-24,torch_svl,0.01112735025418222,0.008257346915258021,-0.008257346915258021,False,0.0,d201_b8_p00_r1_torch_svl,torch_svl,1,3,2025-10-23,2026-04-23,False,0.011140143298055792,1.2793043873571969e-05,0.015142485965043306,1.5788796806227765
2026-04-24,torch_transverse_route,0.011096037937354758,0.008257346915258021,-0.008257346915258021,False,0.0,d201_b8_p00_r0_torch_transverse_route,torch_transverse_route,0,3,2025-10-23,2026-04-23,False,0.011140143298055792,4.410536070103416e-05,0.010049174772575498,0.16829343580684508
2026-04-24,combined,0.01112735025418222,0.008257346915258021,-0.008257346915258021,False,0.0,d201_b8_p00_r1_torch_svl,torch_svl,1,9,2025-10-23,2026-04-23,False,0.011140143298055792,1.2793043873571969e-05,0.030851592775434256,1.8503733588731848
2026-04-27,torch_sbm,0.010851266176334782,0.10373094085246255,-0.10373094085246255,False,0.0,d202_b8_p00_r0_torch_sbm,torch_sbm,0,3,2025-10-24,2026-04-24,False,0.011015095400674866,0.00016382922434008372,0.004692196031101048,0.10287845994025702
2026-04-27,torch_svl,0.010874787705745423,0.10373094085246255,-0.10373094085246255,False,0.0,d202_b8_p00_r0_torch_svl,torch_svl,0,3,2025-10-24,2026-04-24,False,0.011015095400674866,0.0001403076949294431,0.004830963909626007,1.5835051901231054
2026-04-27,torch_transverse_route,0.010874787705745423,0.10373094085246255,-0.10373094085246255,False,0.0,d202_b8_p00_r0_torch_transverse_route,torch_transverse_route,0,3,2025-10-24,2026-04-24,False,0.011015095400674866,0.0001403076949294431,0.005238165147602558,0.17276048452913528
2026-04-27,combined,0.010874787705745423,0.10373094085246255,-0.10373094085246255,False,0.0,d202_b8_p00_r0_torch_svl,torch_svl,0,9,2025-10-24,2026-04-24,False,0.011015095400674866,0.0001403076949294431,0.014761325088329613,1.8591441345924977
2026-04-28,torch_sbm,0.010648267550504012,0.000939504418014639,-0.000939504418014639,False,0.0,d203_b8_p00_r0_torch_sbm,torch_sbm,0,3,2025-10-27,2026-04-27,False,0.010727419008401734,7.915145789772274e-05,0.00744707603007555,0.10223489493364468
2026-04-28,torch_svl,0.010669581677202876,0.000939504418014639,-0.000939504418014639,False,0.0,d203_b8_p00_r1_torch_svl,torch_svl,1,3,2025-10-27,2026-04-27,False,0.010727419008401734,5.783733119885809e-05,0.0061622889479622245,1.5927562091237633
2026-04-28,torch_transverse_route,0.010640747197164574,0.000939504418014639,-0.000939504418014639,False,0.0,d203_b8_p00_r0_torch_transverse_route,torch_transverse_route,0,3,2025-10-27,2026-04-27,False,0.010727419008401734,8.667181123716075e-05,0.01212593400850892,0.18169458197371569
2026-04-28,combined,0.010669581677202876,0.000939504418014639,-0.000939504418014639,False,0.0,d203_b8_p00_r1_torch_svl,torch_svl,1,9,2025-10-27,2026-04-27,False,0.010727419008401734,5.783733119885809e-05,0.025735298986546695,1.8766856860311236
2026-04-29,torch_sbm,0.010976266294123668,-4.626609118803482e-05,4.626609118803482e-05,False,0.0,d204_b8_p00_r0_torch_sbm,torch_sbm,0,3,2025-10-28,2026-04-28,False,0.01106354732550182,8.728103137815163e-05,0.008355665137059987,0.10223489493364468
2026-04-29,torch_svl,0.010976266294123668,-4.626609118803482e-05,4.626609118803482e-05,False,0.0,d204_b8_p00_r1_torch_svl,torch_svl,1,3,2025-10-28,2026-04-28,False,0.01106354732550182,8.728103137815163e-05,0.005105699063278735,1.5927562091237633
2026-04-29,torch_transverse_route,0.010874173739326795,-4.626609118803482e-05,4.626609118803482e-05,False,0.0,d204_b8_p00_r0_torch_transverse_route,torch_transverse_route,0,3,2025-10-28,2026-04-28,False,0.01106354732550182,0.0001893735861750248,0.005289402906782925,0.18169458197371569
2026-04-29,combined,0.010976266294123668,-4.626609118803482e-05,4.626609118803482e-05,False,0.0,d204_b8_p00_r0_torch_sbm,torch_sbm,0,9,2025-10-28,2026-04-28,False,0.01106354732550182,8.728103137815163e-05,0.018750767107121646,1.8766856860311236
2026-04-30,torch_sbm,0.011106548379440853,0.35244827001995366,-0.35244827001995366,False,0.0,d205_b8_p00_r0_torch_sbm,torch_sbm,0,3,2025-10-29,2026-04-29,False,0.011242641947357137,0.00013609356791628377,0.006495949113741517,0.10223489493364468
2026-04-30,torch_svl,0.01117992413746217,0.35244827001995366,-0.35244827001995366,False,0.0,d205_b8_p00_r1_torch_svl,torch_svl,1,3,2025-10-29,2026-04-29,False,0.011242641947357137,6.271780989496739e-05,0.007584437029436231,1.5927562091237633
2026-04-30,torch_transverse_route,0.01117992413746217,0.35244827001995366,-0.35244827001995366,False,0.0,d205_b8_p00_r0_torch_transverse_route,torch_transverse_route,0,3,2025-10-29,2026-04-29,False,0.011242641947357137,6.271780989496739e-05,0.007483131950721145,0.18169458197371569
2026-04-30,combined,0.01117992413746217,0.35244827001995366,-0.35244827001995366,False,0.0,d205_b8_p00_r0_torch_transverse_route,torch_transverse_route,0,9,2025-10-29,2026-04-29,False,0.011242641947357137,6.271780989496739e-05,0.021563518093898892,1.8766856860311236
2026-05-01,torch_sbm,0.010779250495345517,0.032535993128496934,-0.032535993128496934,False,0.0,d206_b8_p00_r0_torch_sbm,torch_sbm,0,3,2025-10-30,2026-04-30,False,0.010831576003439876,5.232550809435889e-05,0.004754309891723096,0.10223489493364468
2026-05-01,torch_svl,0.010807506774187053,0.032535993128496934,-0.032535993128496934,False,0.0,d206_b8_p00_r1_torch_svl,torch_svl,1,3,2025-10-30,2026-04-30,False,0.010831576003439876,2.406922925282315e-05,0.005127978976815939,1.5927562091237633
2026-05-01,torch_transverse_route,0.01079437349263839,0.032535993128496934,-0.032535993128496934,False,0.0,d206_b8_p00_r2_torch_transverse_route,torch_transverse_route,2,3,2025-10-30,2026-04-30,False,0.010831576003439876,3.7202510801486247e-05,0.004894793848507106,0.18169458197371569
2026-05-01,combined,0.010807506774187053,0.032535993128496934,-0.032535993128496934,False,0.0,d206_b8_p00_r1_torch_svl,torch_svl,1,9,2025-10-30,2026-04-30,False,0.010831576003439876,2.406922925282315e-05,0.014777082717046142,1.8766856860311236
2026-05-04,torch_sbm,0.010699458645051334,0.11342448904692012,-0.11342448904692012,False,0.0,d207_b8_p00_r2_torch_sbm,torch_sbm,2,3,2025-10-31,2026-05-01,False,0.010720397460086042,2.0938815034707986e-05,0.005309756961651146,0.10223489493364468
2026-05-04,torch_svl,0.010699458645051334,0.11342448904692012,-0.11342448904692012,False,0.0,d207_b8_p00_r1_torch_svl,torch_svl,1,3,2025-10-31,2026-05-01,False,0.010720397460086042,2.0938815034707986e-05,0.005399966146796942,1.5927562091237633
2026-05-04,torch_transverse_route,0.010684836197414307,0.11342448904692012,-0.11342448904692012,False,0.0,d207_b8_p00_r2_torch_transverse_route,torch_transverse_route,2,3,2025-10-31,2026-05-01,False,0.010720397460086042,3.556126267173498e-05,0.004823202034458518,0.18169458197371569
2026-05-04,combined,0.010699458645051334,0.11342448904692012,-0.11342448904692012,False,0.0,d207_b8_p00_r1_torch_svl,torch_svl,1,9,2025-10-31,2026-05-01,False,0.010720397460086042,2.0938815034707986e-05,0.015532925142906606,1.8766856860311236
2026-05-05,torch_sbm,0.010507393554209255,0.03856828468154127,-0.03856828468154127,False,0.0,d208_b8_p00_r2_torch_sbm,torch_sbm,2,3,2025-11-03,2026-05-04,False,0.01051102213442025,3.628580210994145e-06,0.003378873923793435,0.10223489493364468
2026-05-05,torch_svl,0.010507393554209255,0.03856828468154127,-0.03856828468154127,False,0.0,d208_b8_p00_r0_torch_svl,torch_svl,0,3,2025-11-03,2026-05-04,False,0.01051102213442025,3.628580210994145e-06,0.006104784086346626,1.5927562091237633
2026-05-05,torch_transverse_route,0.010507393554209255,0.03856828468154127,-0.03856828468154127,False,0.0,d208_b8_p00_r1_torch_transverse_route,torch_transverse_route,1,3,2025-11-03,2026-05-04,False,0.01051102213442025,3.628580210994145e-06,0.0058917420683428645,0.18169458197371569
2026-05-05,combined,0.010507393554209255,0.03856828468154127,-0.03856828468154127,False,0.0,d208_b8_p00_r0_torch_svl,torch_svl,0,9,2025-11-03,2026-05-04,False,0.01051102213442025,3.628580210994145e-06,0.015375400078482926,1.8766856860311236
2026-05-06,torch_sbm,0.010337509967622597,0.01123259627929657,-0.01123259627929657,False,0.0,d209_b8_p00_r0_torch_sbm,torch_sbm,0,3,2025-11-04,2026-05-05,False,0.010364179362224779,2.6669394602182525e-05,0.0030079990392550826,0.10223489493364468
2026-05-06,torch_svl,0.010358530807336912,0.01123259627929657,-0.01123259627929657,False,0.0,d209_b8_p00_r1_torch_svl,torch_svl,1,3,2025-11-04,2026-05-05,False,0.010364179362224779,5.648554887867016e-06,0.004272902850061655,1.5927562091237633
2026-05-06,torch_transverse_route,0.010358530807336912,0.01123259627929657,-0.01123259627929657,False,0.0,d209_b8_p00_r0_torch_transverse_route,torch_transverse_route,0,3,2025-11-04,2026-05-05,False,0.010364179362224779,5.648554887867016e-06,0.00731206382624805,0.18169458197371569
2026-05-06,combined,0.010358530807336912,0.01123259627929657,-0.01123259627929657,False,0.0,d209_b8_p00_r0_torch_transverse_route,torch_transverse_route,0,9,2025-11-04,2026-05-05,False,0.010364179362224779,5.648554887867016e-06,0.014592965715564787,1.8766856860311236
2026-05-07,torch_sbm,0.009956629500565207,0.09700283897312349,-0.09700283897312349,False,0.0,d210_b8_p00_r0_torch_sbm,torch_sbm,0,3,2025-11-05,2026-05-06,False,0.00997999632686674,2.3366826301532764e-05,0.003607352846302092,0.10223489493364468
2026-05-07,torch_svl,0.009956629500565207,0.09700283897312349,-0.09700283897312349,False,0.0,d210_b8_p00_r0_torch_svl,torch_svl,0,3,2025-11-05,2026-05-06,False,0.00997999632686674,2.3366826301532764e-05,0.012047230964526534,1.5927562091237633
2026-05-07,torch_transverse_route,0.009956629500565207,0.09700283897312349,-0.09700283897312349,False,0.0,d210_b8_p00_r0_torch_transverse_route,torch_transverse_route,0,3,2025-11-05,2026-05-06,False,0.00997999632686674,2.3366826301532764e-05,0.007592484005726874,0.18169458197371569
2026-05-07,combined,0.009956629500565207,0.09700283897312349,-0.09700283897312349,False,0.0,d210_b8_p00_r0_torch_sbm,torch_sbm,0,9,2025-11-05,2026-05-06,False,0.00997999632686674,2.3366826301532764e-05,0.0232470678165555,1.8766856860311236
2026-05-08,torch_sbm,0.010203787562746466,0.00561676266431382,-0.00561676266431382,False,0.0,d211_b8_p00_r0_torch_sbm,torch_sbm,0,3,2025-11-06,2026-05-07,False,0.010205077580190413,1.2900174439466061e-06,0.0044911259319633245,0.10223489493364468
2026-05-08,torch_svl,0.010203787562746466,0.00561676266431382,-0.00561676266431382,False,0.0,d211_b8_p00_r0_torch_svl,torch_svl,0,3,2025-11-06,2026-05-07,False,0.010205077580190413,1.2900174439466061e-06,0.005390606005676091,1.5927562091237633
2026-05-08,torch_transverse_route,0.010203787562746466,0.00561676266431382,-0.00561676266431382,False,0.0,d211_b8_p00_r0_torch_transverse_route,torch_transverse_route,0,3,2025-11-06,2026-05-07,False,0.010205077580190413,1.2900174439466061e-06,0.005942776217125356,0.18169458197371569
2026-05-08,combined,0.010203787562746466,0.00561676266431382,-0.00561676266431382,False,0.0,d211_b8_p00_r0_torch_sbm,torch_sbm,0,9,2025-11-06,2026-05-07,False,0.010205077580190413,1.2900174439466061e-06,0.01582450815476477,1.8766856860311236
2026-05-11,torch_sbm,0.0099399664029569,0.11470175828896062,-0.11470175828896062,False,0.0,d212_b8_p00_r0_torch_sbm,torch_sbm,0,3,2025-11-07,2026-05-08,False,0.00994067262830214,7.06225345240355e-07,0.004348702845163643,0.10223489493364468
2026-05-11,torch_svl,0.0099399664029569,0.11470175828896062,-0.11470175828896062,False,0.0,d212_b8_p00_r0_torch_svl,torch_svl,0,3,2025-11-07,2026-05-08,False,0.00994067262830214,7.06225345240355e-07,0.00487553293351084,1.5927562091237633
2026-05-11,torch_transverse_route,0.0099399664029569,0.11470175828896062,-0.11470175828896062,False,0.0,d212_b8_p00_r0_torch_transverse_route,torch_transverse_route,0,3,2025-11-07,2026-05-08,False,0.00994067262830214,7.06225345240355e-07,0.006854784092865884,0.18169458197371569
2026-05-11,combined,0.0099399664029569,0.11470175828896062,-0.11470175828896062,False,0.0,d212_b8_p00_r0_torch_sbm,torch_sbm,0,9,2025-11-07,2026-05-08,False,0.00994067262830214,7.06225345240355e-07,0.016079019871540368,1.8766856860311236
2026-05-12,torch_sbm,0.009890228877335872,0.006290154882791934,-0.006290154882791934,False,0.0,d213_b8_p00_r0_torch_sbm,torch_sbm,0,3,2025-11-10,2026-05-11,False,0.009891249483052408,1.0206057165368376e-06,0.004101059050299227,0.10243133830954321
2026-05-12,torch_svl,0.009890228877335872,0.006290154882791934,-0.006290154882791934,False,0.0,d213_b8_p00_r0_torch_svl,torch_svl,0,3,2025-11-10,2026-05-11,False,0.009891249483052408,1.0206057165368376e-06,0.00546993687748909,1.5890566125017358
2026-05-12,torch_transverse_route,0.009890228877335872,0.006290154882791934,-0.006290154882791934,False,0.0,d213_b8_p00_r0_torch_transverse_route,torch_transverse_route,0,3,2025-11-10,2026-05-11,False,0.009891249483052408,1.0206057165368376e-06,0.006033991929143667,0.17453715259762248
2026-05-12,combined,0.009890228877335872,0.006290154882791934,-0.006290154882791934,False,0.0,d213_b8_p00_r0_torch_sbm,torch_sbm,0,9,2025-11-10,2026-05-11,False,0.009891249483052408,1.0206057165368376e-06,0.015604987856931984,1.8660251034089015
2026-05-13,torch_sbm,0.009741348834066485,0.10894873304088787,-0.10894873304088787,False,0.0,d214_b8_p00_r0_torch_sbm,torch_sbm,0,3,2025-11-11,2026-05-12,False,0.009745090991592768,3.7421575262829715e-06,0.0032851198920980096,0.10252955999749247
2026-05-13,torch_svl,0.009741348834066485,0.10894873304088787,-0.10894873304088787,False,0.0,d214_b8_p00_r1_torch_svl,torch_svl,1,3,2025-11-11,2026-05-12,False,0.009745090991592768,3.7421575262829715e-06,0.0049948698142543435,1.587206814190722
2026-05-13,torch_transverse_route,0.009741348834066485,0.10894873304088787,-0.10894873304088787,False,0.0,d214_b8_p00_r0_torch_transverse_route,torch_transverse_route,0,3,2025-11-11,2026-05-12,False,0.009745090991592768,3.7421575262829715e-06,0.007407734054140747,0.17095843790957588
2026-05-13,combined,0.009741348834066485,0.10894873304088787,-0.10894873304088787,False,0.0,d214_b8_p00_r0_torch_sbm,torch_sbm,0,9,2025-11-11,2026-05-12,False,0.009745090991592768,3.7421575262829715e-06,0.0156877237604931,1.8606948120977904
2026-05-14,torch_sbm,0.00934687032499429,0.016246464672619542,-0.016246464672619542,False,0.0,d215_b8_p00_r0_torch_sbm,torch_sbm,0,3,2025-11-12,2026-05-13,False,0.009349564441780677,2.6941167863871185e-06,0.003157815895974636,0.10252955999749247
2026-05-14,torch_svl,0.00934687032499429,0.016246464672619542,-0.016246464672619542,False,0.0,d215_b8_p00_r1_torch_svl,torch_svl,1,3,2025-11-12,2026-05-13,False,0.009349564441780677,2.6941167863871185e-06,0.005066737066954374,1.587206814190722
2026-05-14,torch_transverse_route,0.00934687032499429,0.016246464672619542,-0.016246464672619542,False,0.0,d215_b8_p00_r0_torch_transverse_route,torch_transverse_route,0,3,2025-11-12,2026-05-13,False,0.009349564441780677,2.6941167863871185e-06,0.0029337621526792645,0.17095843790957588
2026-05-14,combined,0.00934687032499429,0.016246464672619542,-0.016246464672619542,False,0.0,d215_b8_p00_r0_torch_sbm,torch_sbm,0,9,2025-11-12,2026-05-13,False,0.009349564441780677,2.6941167863871185e-06,0.011158315115608275,1.8606948120977904
2026-05-15,torch_sbm,0.008947096884367354,0.006573307411623592,-0.006573307411623592,False,0.0,d216_b8_p00_r2_torch_sbm,torch_sbm,2,3,2025-11-13,2026-05-14,False,0.008952422750647338,5.325866279983979e-06,0.0031863200711086392,0.10252955999749247
2026-05-15,torch_svl,0.008948995719108538,0.006573307411623592,-0.006573307411623592,False,0.0,d216_b8_p00_r0_torch_svl,torch_svl,0,3,2025-11-13,2026-05-14,False,0.008952422750647338,3.427031538799641e-06,0.0036996888229623437,1.587206814190722
2026-05-15,torch_transverse_route,0.008947096884367354,0.006573307411623592,-0.006573307411623592,False,0.0,d216_b8_p00_r0_torch_transverse_route,torch_transverse_route,0,3,2025-11-13,2026-05-14,False,0.008952422750647338,5.325866279983979e-06,0.003424611990340054,0.17095843790957588
2026-05-15,combined,0.008948995719108538,0.006573307411623592,-0.006573307411623592,False,0.0,d216_b8_p00_r0_torch_svl,torch_svl,0,9,2025-11-13,2026-05-14,False,0.008952422750647338,3.427031538799641e-06,0.010310620884411037,1.8606948120977904
2026-05-18,torch_sbm,0.008991195340691004,0.049444030641902934,-0.049444030641902934,False,0.0,d217_b8_p00_r0_torch_sbm,torch_sbm,0,3,2025-11-14,2026-05-15,False,0.009007801402739313,1.6606062048309805e-05,0.0029774290742352605,0.10252955999749247
2026-05-18,torch_svl,0.008991195340691004,0.049444030641902934,-0.049444030641902934,False,0.0,d217_b8_p00_r0_torch_svl,torch_svl,0,3,2025-11-14,2026-05-15,False,0.009007801402739313,1.6606062048309805e-05,0.0036824120907112956,1.587206814190722
2026-05-18,torch_transverse_route,0.008991195340691004,0.049444030641902934,-0.049444030641902934,False,0.0,d217_b8_p00_r0_torch_transverse_route,torch_transverse_route,0,3,2025-11-14,2026-05-15,False,0.009007801402739313,1.6606062048309805e-05,0.006285235984250903,0.17095843790957588
2026-05-18,combined,0.008991195340691004,0.049444030641902934,-0.049444030641902934,False,0.0,d217_b8_p00_r0_torch_sbm,torch_sbm,0,9,2025-11-14,2026-05-15,False,0.009007801402739313,1.6606062048309805e-05,0.01294507714919746,1.8606948120977904
2026-05-19,torch_sbm,0.008673579869357375,0.002374501477343012,-0.002374501477343012,False,0.0,d218_b8_p00_r0_torch_sbm,torch_sbm,0,3,2025-11-17,2026-05-18,False,0.00868745111345377,1.3871244096394508e-05,0.004635952063836157,0.10252955999749247
2026-05-19,torch_svl,0.008673579869357375,0.002374501477343012,-0.002374501477343012,False,0.0,d218_b8_p00_r0_torch_svl,torch_svl,0,3,2025-11-17,2026-05-18,False,0.00868745111345377,1.3871244096394508e-05,0.004376069875434041,1.587206814190722
2026-05-19,torch_transverse_route,0.008673579869357375,0.002374501477343012,-0.002374501477343012,False,0.0,d218_b8_p00_r0_torch_transverse_route,torch_transverse_route,0,3,2025-11-17,2026-05-18,False,0.00868745111345377,1.3871244096394508e-05,0.007578433956950903,0.17095843790957588
2026-05-19,combined,0.008673579869357375,0.002374501477343012,-0.002374501477343012,False,0.0,d218_b8_p00_r0_torch_sbm,torch_sbm,0,9,2025-11-17,2026-05-18,False,0.00868745111345377,1.3871244096394508e-05,0.0165904558962211,1.8606948120977904
2026-05-20,torch_sbm,0.008992865994930387,0.02814595762933032,-0.02814595762933032,False,0.0,d219_b8_p00_r0_torch_sbm,torch_sbm,0,3,2025-11-18,2026-05-19,False,0.009006889776849011,1.402378191862376e-05,0.0035252959933131933,0.10252955999749247
2026-05-20,torch_svl,0.008992865994930387,0.02814595762933032,-0.02814595762933032,False,0.0,d219_b8_p00_r0_torch_svl,torch_svl,0,3,2025-11-18,2026-05-19,False,0.009006889776849011,1.402378191862376e-05,0.00953314604703337,1.587206814190722
2026-05-20,torch_transverse_route,0.008992865994930387,0.02814595762933032,-0.02814595762933032,False,0.0,d219_b8_p00_r0_torch_transverse_route,torch_transverse_route,0,3,2025-11-18,2026-05-19,False,0.009006889776849011,1.402378191862376e-05,0.007868262007832527,0.17095843790957588
2026-05-20,combined,0.008992865994930387,0.02814595762933032,-0.02814595762933032,False,0.0,d219_b8_p00_r0_torch_sbm,torch_sbm,0,9,2025-11-18,2026-05-19,False,0.009006889776849011,1.402378191862376e-05,0.02092670404817909,1.8606948120977904
2026-05-21,torch_sbm,0.010076568009250927,0.006603275051778336,-0.006603275051778336,False,0.0,d220_b8_p00_r0_torch_sbm,torch_sbm,0,3,2025-11-19,2026-05-20,False,0.010157859120657914,8.129111140698676e-05,0.003009250038303435,0.10252955999749247
2026-05-21,torch_svl,0.010076915488121717,0.006603275051778336,-0.006603275051778336,False,0.0,d220_b8_p00_r1_torch_svl,torch_svl,1,3,2025-11-19,2026-05-20,False,0.010157859120657914,8.094363253619702e-05,0.004064907087013125,1.587206814190722
2026-05-21,torch_transverse_route,0.010140449261664445,0.006603275051778336,-0.006603275051778336,False,0.0,d220_b8_p00_r0_torch_transverse_route,torch_transverse_route,0,3,2025-11-19,2026-05-20,False,0.010157859120657914,1.7409858993469585e-05,0.004470716929063201,0.17095843790957588
2026-05-21,combined,0.010140449261664445,0.006603275051778336,-0.006603275051778336,False,0.0,d220_b8_p00_r0_torch_transverse_route,torch_transverse_route,0,9,2025-11-19,2026-05-20,False,0.010157859120657914,1.7409858993469585e-05,0.011544874054379761,1.8606948120977904
2026-05-22,torch_sbm,0.009883302891876935,0.003574564148530668,-0.003574564148530668,False,0.0,d221_b8_p00_r0_torch_sbm,torch_sbm,0,3,2025-11-20,2026-05-21,False,0.009954307934701893,7.100504282495784e-05,0.00424181402195245,0.10252955999749247
2026-05-22,torch_svl,0.009890487506299284,0.003574564148530668,-0.003574564148530668,False,0.0,d221_b8_p00_r1_torch_svl,torch_svl,1,3,2025-11-20,2026-05-21,False,0.009954307934701893,6.382042840260942e-05,0.004184894030913711,1.587206814190722
2026-05-22,torch_transverse_route,0.009883302891876935,0.003574564148530668,-0.003574564148530668,False,0.0,d221_b8_p00_r0_torch_transverse_route,torch_transverse_route,0,3,2025-11-20,2026-05-21,False,0.009954307934701893,7.100504282495784e-05,0.004644197877496481,0.17095843790957588
2026-05-22,combined,0.009890487506299284,0.003574564148530668,-0.003574564148530668,False,0.0,d221_b8_p00_r1_torch_svl,torch_svl,1,9,2025-11-20,2026-05-21,False,0.009954307934701893,6.382042840260942e-05,0.013070905930362642,1.8606948120977904
2026-05-26,torch_sbm,0.009712685838119187,0.015901236696036256,-0.015901236696036256,False,0.0,d222_b8_p00_r0_torch_sbm,torch_sbm,0,3,2025-11-21,2026-05-22,False,0.009776785182901732,6.409934478254428e-05,0.004545288975350559,0.10252955999749247
2026-05-26,torch_svl,0.009760268809726552,0.015901236696036256,-0.015901236696036256,False,0.0,d222_b8_p00_r2_torch_svl,torch_svl,2,3,2025-11-21,2026-05-22,False,0.009776785182901732,1.65163731751794e-05,0.004735590075142682,1.587206814190722
2026-05-26,torch_transverse_route,0.00963268045715227,0.015901236696036256,-0.015901236696036256,False,0.0,d222_b8_p00_r2_torch_transverse_route,torch_transverse_route,2,3,2025-11-21,2026-05-22,False,0.009776785182901732,0.00014410472574946133,0.004490060033276677,0.17095843790957588
2026-05-26,combined,0.009760268809726552,0.015901236696036256,-0.015901236696036256,False,0.0,d222_b8_p00_r2_torch_svl,torch_svl,2,9,2025-11-21,2026-05-22,False,0.009776785182901732,1.65163731751794e-05,0.013770939083769917,1.8606948120977904
2026-05-27,torch_sbm,0.009395514801014755,0.014848330214280954,-0.014848330214280954,False,0.0,d223_b8_p00_r0_torch_sbm,torch_sbm,0,3,2025-11-24,2026-05-26,False,0.009523270714721538,0.00012775591370678234,0.004061083192937076,0.10252955999749247
2026-05-27,torch_svl,0.009491820339104527,0.014848330214280954,-0.014848330214280954,False,0.0,d223_b8_p00_r1_torch_svl,torch_svl,1,3,2025-11-24,2026-05-26,False,0.009523270714721538,3.145037561701029e-05,0.0029297000728547573,1.587206814190722
2026-05-27,torch_transverse_route,0.009411008199952652,0.014848330214280954,-0.014848330214280954,False,0.0,d223_b8_p00_r0_torch_transverse_route,torch_transverse_route,0,3,2025-11-24,2026-05-26,False,0.009523270714721538,0.00011226251476888563,0.005146739073097706,0.17095843790957588
2026-05-27,combined,0.009491820339104527,0.014848330214280954,-0.014848330214280954,False,0.0,d223_b8_p00_r1_torch_svl,torch_svl,1,9,2025-11-24,2026-05-26,False,0.009523270714721538,3.145037561701029e-05,0.01213752233888954,1.8606948120977904
2026-05-28,torch_sbm,0.009110011457483186,0.010138652599866023,-0.010138652599866023,False,0.0,d224_b8_p00_r0_torch_sbm,torch_sbm,0,3,2025-11-25,2026-05-27,False,0.009240533110055028,0.0001305216525718418,0.004576235078275204,0.1025989395857323
2026-05-28,torch_svl,0.00919241746034668,0.010138652599866023,-0.010138652599866023,False,0.0,d224_b8_p00_r0_torch_svl,torch_svl,0,3,2025-11-25,2026-05-27,False,0.009240533110055028,4.81156497083475e-05,0.00423623900860548,1.56750262546484
2026-05-28,torch_transverse_route,0.009110011457483186,0.010138652599866023,-0.010138652599866023,False,0.0,d224_b8_p00_r0_torch_transverse_route,torch_transverse_route,0,3,2025-11-25,2026-05-27,False,0.009240533110055028,0.0001305216525718418,0.0048400250962004066,0.16892315090444754
2026-05-28,combined,0.00919241746034668,0.010138652599866023,-0.010138652599866023,False,0.0,d224_b8_p00_r0_torch_svl,torch_svl,0,9,2025-11-25,2026-05-27,False,0.009240533110055028,4.81156497083475e-05,0.01365249918308109,1.83902471595502
2026-05-29,torch_sbm,0.008675553999296492,0.1540113969558803,-0.1540113969558803,False,0.0,d225_b8_p00_r0_torch_sbm,torch_sbm,0,3,2025-11-26,2026-05-28,False,0.008753831256747427,7.827725745093543e-05,0.005299384007230401,0.1025989395857323
2026-05-29,torch_svl,0.008675553999296492,0.1540113969558803,-0.1540113969558803,False,0.0,d225_b8_p00_r0_torch_svl,torch_svl,0,3,2025-11-26,2026-05-28,False,0.008753831256747427,7.827725745093543e-05,0.004305228008888662,1.56750262546484
2026-05-29,torch_transverse_route,0.008675553999296492,0.1540113969558803,-0.1540113969558803,False,0.0,d225_b8_p00_r1_torch_transverse_route,torch_transverse_route,1,3,2025-11-26,2026-05-28,False,0.008753831256747427,7.827725745093543e-05,0.004947400884702802,0.16892315090444754
2026-05-29,combined,0.008675553999296492,0.1540113969558803,-0.1540113969558803,False,0.0,d225_b8_p00_r0_torch_sbm,torch_sbm,0,9,2025-11-26,2026-05-28,False,0.008753831256747427,7.827725745093543e-05,0.014552012900821865,1.83902471595502
2026-06-01,torch_sbm,0.008571381260373894,0.004586878007044477,-0.004586878007044477,False,0.0,d226_b8_p00_r2_torch_sbm,torch_sbm,2,3,2025-11-28,2026-05-29,False,0.00858048254985581,9.10128948191681e-06,0.00705085601657629,0.1025989395857323
2026-06-01,torch_svl,0.008481087690788642,0.004586878007044477,-0.004586878007044477,False,0.0,d226_b8_p00_r1_torch_svl,torch_svl,1,3,2025-11-28,2026-05-29,False,0.00858048254985581,9.939485906716901e-05,0.005852247006259859,1.56750262546484
2026-06-01,torch_transverse_route,0.008571381260373894,0.004586878007044477,-0.004586878007044477,False,0.0,d226_b8_p00_r0_torch_transverse_route,torch_transverse_route,0,3,2025-11-28,2026-05-29,False,0.00858048254985581,9.10128948191681e-06,0.008495692047290504,0.16892315090444754
2026-06-01,combined,0.008571381260373894,0.004586878007044477,-0.004586878007044477,False,0.0,d226_b8_p00_r0_torch_transverse_route,torch_transverse_route,0,9,2025-11-28,2026-05-29,False,0.00858048254985581,9.10128948191681e-06,0.021398795070126653,1.83902471595502
2026-06-02,torch_sbm,0.008503988928213817,0.02403681422494379,-0.02403681422494379,False,0.0,d227_b8_p00_r0_torch_sbm,torch_sbm,0,3,2025-12-01,2026-06-01,False,0.008510135688986753,6.146760772936244e-06,0.003802440012805164,0.1025989395857323
2026-06-02,torch_svl,0.008504998824175132,0.02403681422494379,-0.02403681422494379,False,0.0,d227_b8_p00_r2_torch_svl,torch_svl,2,3,2025-12-01,2026-06-01,False,0.008510135688986753,5.136864811620956e-06,0.0037520439364016056,1.56750262546484
2026-06-02,torch_transverse_route,0.008474721017327071,0.02403681422494379,-0.02403681422494379,False,0.0,d227_b8_p00_r0_torch_transverse_route,torch_transverse_route,0,3,2025-12-01,2026-06-01,False,0.008510135688986753,3.541467165968197e-05,0.006875893101096153,0.16892315090444754
2026-06-02,combined,0.008504998824175132,0.02403681422494379,-0.02403681422494379,False,0.0,d227_b8_p00_r2_torch_svl,torch_svl,2,9,2025-12-01,2026-06-01,False,0.008510135688986753,5.136864811620956e-06,0.014430377050302923,1.83902471595502
2026-06-03,torch_sbm,0.008353944880719048,0.10860777970933189,-0.10860777970933189,False,0.0,d228_b8_p00_r2_torch_sbm,torch_sbm,2,3,2025-12-02,2026-06-02,False,0.008358793441867145,4.8485611480967444e-06,0.002836321946233511,0.1025989395857323
2026-06-03,torch_svl,0.008348856797171992,0.10860777970933189,-0.10860777970933189,False,0.0,d228_b8_p00_r2_torch_svl,torch_svl,2,3,2025-12-02,2026-06-02,False,0.008358793441867145,9.936644695153485e-06,0.0037583489902317524,1.56750262546484
2026-06-03,torch_transverse_route,0.008325509314564127,0.10860777970933189,-0.10860777970933189,False,0.0,d228_b8_p00_r0_torch_transverse_route,torch_transverse_route,0,3,2025-12-02,2026-06-02,False,0.008358793441867145,3.3284127303018565e-05,0.00770211813505739,0.16892315090444754
2026-06-03,combined,0.008353944880719048,0.10860777970933189,-0.10860777970933189,False,0.0,d228_b8_p00_r2_torch_sbm,torch_sbm,2,9,2025-12-02,2026-06-02,False,0.008358793441867145,4.8485611480967444e-06,0.014296789071522653,1.83902471595502
2026-06-04,torch_sbm,0.00886498251673774,0.03446089355892422,-0.03446089355892422,False,0.0,d229_b8_p00_r0_torch_sbm,torch_sbm,0,3,2025-12-03,2026-06-03,False,0.008890334311006443,2.5351794268702738e-05,0.0047900439240038395,0.1025989395857323
2026-06-04,torch_svl,0.008815450655468893,0.03446089355892422,-0.03446089355892422,False,0.0,d229_b8_p00_r0_torch_svl,torch_svl,0,3,2025-12-03,2026-06-03,False,0.008890334311006443,7.488365553754914e-05,0.0061411961214616895,1.56750262546484
2026-06-04,torch_transverse_route,0.008815450655468893,0.03446089355892422,-0.03446089355892422,False,0.0,d229_b8_p00_r0_torch_transverse_route,torch_transverse_route,0,3,2025-12-03,2026-06-03,False,0.008890334311006443,7.488365553754914e-05,0.006880453089252114,0.16892315090444754
2026-06-04,combined,0.00886498251673774,0.03446089355892422,-0.03446089355892422,False,0.0,d229_b8_p00_r0_torch_sbm,torch_sbm,0,9,2025-12-03,2026-06-03,False,0.008890334311006443,2.5351794268702738e-05,0.017811693134717643,1.83902471595502
2026-06-05,torch_sbm,0.008715251298829958,0.0022404160076834674,-0.0022404160076834674,False,0.0,d230_b8_p00_r0_torch_sbm,torch_sbm,0,3,2025-12-04,2026-06-04,False,0.008758788487231006,4.353718840104798e-05,0.006448377040214837,0.1025989395857323
2026-06-05,torch_svl,0.008740393521169794,0.0022404160076834674,-0.0022404160076834674,False,0.0,d230_b8_p00_r0_torch_svl,torch_svl,0,3,2025-12-04,2026-06-04,False,0.008758788487231006,1.839496606121163e-05,0.004319625091738999,1.56750262546484
2026-06-05,torch_transverse_route,0.008756815549318694,0.0022404160076834674,-0.0022404160076834674,False,0.0,d230_b8_p00_r1_torch_transverse_route,torch_transverse_route,1,3,2025-12-04,2026-06-04,False,0.008758788487231006,1.9729379123114427e-06,0.00744129903614521,0.16892315090444754
2026-06-05,combined,0.008756815549318694,0.0022404160076834674,-0.0022404160076834674,False,0.0,d230_b8_p00_r1_torch_transverse_route,torch_transverse_route,1,9,2025-12-04,2026-06-04,False,0.008758788487231006,1.9729379123114427e-06,0.018209301168099046,1.83902471595502
2026-06-08,torch_sbm,0.012820921447918902,0.041618159704109814,-0.041618159704109814,False,0.0,d231_b8_p00_r0_torch_sbm,torch_sbm,0,3,2025-12-05,2026-06-05,False,0.013447096635756712,0.0006261751878378092,0.0051816931227222085,0.1025989395857323
2026-06-08,torch_svl,0.013233679807466767,0.041618159704109814,-0.041618159704109814,False,0.0,d231_b8_p00_r2_torch_svl,torch_svl,2,3,2025-12-05,2026-06-05,False,0.013447096635756712,0.00021341682828994457,0.007831647875718772,1.56750262546484
2026-06-08,torch_transverse_route,0.012977764001268348,0.041618159704109814,-0.041618159704109814,False,0.0,d231_b8_p00_r2_torch_transverse_route,torch_transverse_route,2,3,2025-12-05,2026-06-05,False,0.013447096635756712,0.000469332634488364,0.003648290876299143,0.16892315090444754
2026-06-08,combined,0.013233679807466767,0.041618159704109814,-0.041618159704109814,False,0.0,d231_b8_p00_r2_torch_svl,torch_svl,2,9,2025-12-05,2026-06-05,False,0.013447096635756712,0.00021341682828994457,0.016661631874740124,1.83902471595502
2026-06-09,torch_sbm,0.012714070568033595,0.030673042913827935,-0.030673042913827935,False,0.0,d232_b8_p00_r0_torch_sbm,torch_sbm,0,3,2025-12-08,2026-06-08,False,0.013096814411853586,0.00038274384381999094,0.005693022045306861,0.1025989395857323
2026-06-09,torch_svl,0.012992536775429187,0.030673042913827935,-0.030673042913827935,False,0.0,d232_b8_p00_r0_torch_svl,torch_svl,0,3,2025-12-08,2026-06-08,False,0.013096814411853586,0.00010427763642439913,0.002983426908031106,1.56750262546484
2026-06-09,torch_transverse_route,0.012658678238797445,0.030673042913827935,-0.030673042913827935,False,0.0,d232_b8_p00_r0_torch_transverse_route,torch_transverse_route,0,3,2025-12-08,2026-06-08,False,0.013096814411853586,0.000438136173056141,0.00512433797121048,0.16892315090444754
2026-06-09,combined,0.012992536775429187,0.030673042913827935,-0.030673042913827935,False,0.0,d232_b8_p00_r0_torch_svl,torch_svl,0,9,2025-12-08,2026-06-08,False,0.013096814411853586,0.00010427763642439913,0.013800786924548447,1.83902471595502
2026-06-10,torch_sbm,0.012390576573969254,0.1342685386792933,-0.1342685386792933,False,0.0,d233_b8_p00_r0_torch_sbm,torch_sbm,0,3,2025-12-09,2026-06-09,False,0.01277078161676604,0.000380205042796785,0.006035305908881128,0.1025989395857323
2026-06-10,torch_svl,0.012398616854586821,0.1342685386792933,-0.1342685386792933,False,0.0,d233_b8_p00_r0_torch_svl,torch_svl,0,3,2025-12-09,2026-06-09,False,0.01277078161676604,0.0003721647621792185,0.004917096928693354,1.56750262546484
2026-06-10,torch_transverse_route,0.012390576573969254,0.1342685386792933,-0.1342685386792933,False,0.0,d233_b8_p00_r2_torch_transverse_route,torch_transverse_route,2,3,2025-12-09,2026-06-09,False,0.01277078161676604,0.000380205042796785,0.005430042976513505,0.16892315090444754
2026-06-10,combined,0.012398616854586821,0.1342685386792933,-0.1342685386792933,False,0.0,d233_b8_p00_r0_torch_svl,torch_svl,0,9,2025-12-09,2026-06-09,False,0.01277078161676604,0.0003721647621792185,0.016382445814087987,1.83902471595502
2026-06-11,torch_sbm,0.012522492168631778,0.057518579044218206,-0.057518579044218206,False,0.0,d234_b8_p00_r0_torch_sbm,torch_sbm,0,3,2025-12-10,2026-06-10,False,0.01267326535394483,0.00015077318531305124,0.00895076896995306,0.10256838277564384
2026-06-11,torch_svl,0.012603357541864833,0.057518579044218206,-0.057518579044218206,False,0.0,d234_b8_p00_r2_torch_svl,torch_svl,2,3,2025-12-10,2026-06-10,False,0.01267326535394483,6.990781207999626e-05,0.005371180945076048,1.5731800903740805
2026-06-11,torch_transverse_route,0.012522492168631778,0.057518579044218206,-0.057518579044218206,False,0.0,d234_b8_p00_r0_torch_transverse_route,torch_transverse_route,0,3,2025-12-10,2026-06-10,False,0.01267326535394483,0.00015077318531305124,0.009435286046937108,0.17050393796671415
2026-06-11,combined,0.012603357541864833,0.057518579044218206,-0.057518579044218206,False,0.0,d234_b8_p00_r2_torch_svl,torch_svl,2,9,2025-12-10,2026-06-10,False,0.01267326535394483,6.990781207999626e-05,0.023757235961966217,1.8462524111164385
2026-06-12,torch_sbm,0.01249433989101053,0.031288280519990615,-0.031288280519990615,False,0.0,d235_b8_p00_r0_torch_sbm,torch_sbm,0,3,2025-12-11,2026-06-11,False,0.012523804713842228,2.946482283169849e-05,0.011115235043689609,0.10250726915546693
2026-06-12,torch_svl,0.012497176327393505,0.031288280519990615,-0.031288280519990615,False,0.0,d235_b8_p00_r0_torch_svl,torch_svl,0,3,2025-12-11,2026-06-11,False,0.012523804713842228,2.6628386448722743e-05,0.008606071933172643,1.5845350201925612
2026-06-12,torch_transverse_route,0.01249433989101053,0.031288280519990615,-0.031288280519990615,False,0.0,d235_b8_p00_r0_torch_transverse_route,torch_transverse_route,0,3,2025-12-11,2026-06-11,False,0.012523804713842228,2.946482283169849e-05,0.011210047989152372,0.17366551209124736
2026-06-12,combined,0.012497176327393505,0.031288280519990615,-0.031288280519990615,False,0.0,d235_b8_p00_r0_torch_svl,torch_svl,0,9,2025-12-11,2026-06-11,False,0.012523804713842228,2.6628386448722743e-05,0.030931354966014624,1.8607078014392755
2026-06-15,torch_sbm,0.012207711021394936,0.005909270319578165,-0.005909270319578165,False,0.0,d236_b8_p00_r0_torch_sbm,torch_sbm,0,3,2025-12-12,2026-06-12,False,0.012220623668738365,1.2912647343429201e-05,0.009710766025818884,0.10250726915546693
2026-06-15,torch_svl,0.012178915327573736,0.005909270319578165,-0.005909270319578165,False,0.0,d236_b8_p00_r0_torch_svl,torch_svl,0,3,2025-12-12,2026-06-12,False,0.012220623668738365,4.170834116462921e-05,0.006642189924605191,1.5845350201925612
2026-06-15,torch_transverse_route,0.012207711021394936,0.005909270319578165,-0.005909270319578165,False,0.0,d236_b8_p00_r1_torch_transverse_route,torch_transverse_route,1,3,2025-12-12,2026-06-12,False,0.012220623668738365,1.2912647343429201e-05,0.010058635962195694,0.17366551209124736
2026-06-15,combined,0.012207711021394936,0.005909270319578165,-0.005909270319578165,False,0.0,d236_b8_p00_r0_torch_sbm,torch_sbm,0,9,2025-12-12,2026-06-12,False,0.012220623668738365,1.2912647343429201e-05,0.02641159191261977,1.8607078014392755
2026-06-16,torch_sbm,0.011769689684492362,0.0048915220547739915,-0.0048915220547739915,False,0.0,d237_b8_p00_r0_torch_sbm,torch_sbm,0,3,2025-12-15,2026-06-15,False,0.011919949654722988,0.00015025997023062655,0.004630093928426504,0.10250726915546693
2026-06-16,torch_svl,0.011880838820065498,0.0048915220547739915,-0.0048915220547739915,False,0.0,d237_b8_p00_r1_torch_svl,torch_svl,1,3,2025-12-15,2026-06-15,False,0.011919949654722988,3.911083465749088e-05,0.004497581976465881,1.5845350201925612
2026-06-16,torch_transverse_route,0.011868498487032659,0.0048915220547739915,-0.0048915220547739915,False,0.0,d237_b8_p00_r2_torch_transverse_route,torch_transverse_route,2,3,2025-12-15,2026-06-15,False,0.011919949654722988,5.1451167690329605e-05,0.005474201985634863,0.17366551209124736
2026-06-16,combined,0.011880838820065498,0.0048915220547739915,-0.0048915220547739915,False,0.0,d237_b8_p00_r1_torch_svl,torch_svl,1,9,2025-12-15,2026-06-15,False,0.011919949654722988,3.911083465749088e-05,0.014601877890527248,1.8607078014392755
2026-06-17,torch_sbm,0.011732526288598475,0.00364511261944216,-0.00364511261944216,False,0.0,d238_b8_p00_r2_torch_sbm,torch_sbm,2,3,2025-12-16,2026-06-16,False,0.01179658235830681,6.405606970833443e-05,0.00535048998426646,0.10250726915546693
2026-06-17,torch_svl,0.0117239616146056,0.00364511261944216,-0.00364511261944216,False,0.0,d238_b8_p00_r0_torch_svl,torch_svl,0,3,2025-12-16,2026-06-16,False,0.01179658235830681,7.262074370120893e-05,0.004657491925172508,1.5845350201925612
2026-06-17,torch_transverse_route,0.01176885743969592,0.00364511261944216,-0.00364511261944216,False,0.0,d238_b8_p00_r1_torch_transverse_route,torch_transverse_route,1,3,2025-12-16,2026-06-16,False,0.01179658235830681,2.7724918610890284e-05,0.0067172019043937325,0.17366551209124736
2026-06-17,combined,0.01176885743969592,0.00364511261944216,-0.00364511261944216,False,0.0,d238_b8_p00_r1_torch_transverse_route,torch_transverse_route,1,9,2025-12-16,2026-06-16,False,0.01179658235830681,2.7724918610890284e-05,0.0167251838138327,1.8607078014392755
2026-06-18,torch_sbm,0.011809205748225733,0.01795638996934022,-0.01795638996934022,False,0.0,d239_b8_p00_r0_torch_sbm,torch_sbm,0,3,2025-12-17,2026-06-17,False,0.0118360864210261,2.688067280036746e-05,0.008439980912953615,0.10250726915546693
2026-06-18,torch_svl,0.011766616716056126,0.01795638996934022,-0.01795638996934022,False,0.0,d239_b8_p00_r1_torch_svl,torch_svl,1,3,2025-12-17,2026-06-17,False,0.0118360864210261,6.946970496997384e-05,0.003217544057406485,1.5845350201925612
2026-06-18,torch_transverse_route,0.011809205748225733,0.01795638996934022,-0.01795638996934022,False,0.0,d239_b8_p00_r0_torch_transverse_route,torch_transverse_route,0,3,2025-12-17,2026-06-17,False,0.0118360864210261,2.688067280036746e-05,0.008544726995751262,0.17366551209124736
2026-06-18,combined,0.011809205748225733,0.01795638996934022,-0.01795638996934022,False,0.0,d239_b8_p00_r0_torch_sbm,torch_sbm,0,9,2025-12-17,2026-06-17,False,0.0118360864210261,2.688067280036746e-05,0.020202251966111362,1.8607078014392755
2026-06-22,torch_sbm,0.011940078604609173,0.04772686815577427,-0.04772686815577427,False,0.0,d240_b8_p00_r0_torch_sbm,torch_sbm,0,3,2025-12-18,2026-06-18,False,0.012010549308057386,7.047070344821244e-05,0.005642812931910157,0.10250726915546693
2026-06-22,torch_svl,0.011942331674289621,0.04772686815577427,-0.04772686815577427,False,0.0,d240_b8_p00_r0_torch_svl,torch_svl,0,3,2025-12-18,2026-06-18,False,0.012010549308057386,6.821763376776459e-05,0.006859024055302143,1.5845350201925612
2026-06-22,torch_transverse_route,0.011942331674289621,0.04772686815577427,-0.04772686815577427,False,0.0,d240_b8_p00_r2_torch_transverse_route,torch_transverse_route,2,3,2025-12-18,2026-06-18,False,0.012010549308057386,6.821763376776459e-05,0.0063284969655796885,0.17366551209124736
2026-06-22,combined,0.011942331674289621,0.04772686815577427,-0.04772686815577427,False,0.0,d240_b8_p00_r0_torch_svl,torch_svl,0,9,2025-12-18,2026-06-18,False,0.012010549308057386,6.821763376776459e-05,0.01883033395279199,1.8607078014392755
2026-06-23,torch_sbm,0.0116456336904635,0.011778768271904494,-0.011778768271904494,False,0.0,d241_b8_p00_r0_torch_sbm,torch_sbm,0,3,2025-12-19,2026-06-22,False,0.011712721179983555,6.70874895200551e-05,0.003011315013282001,0.10250726915546693
2026-06-23,torch_svl,0.011683456950862522,0.011778768271904494,-0.011778768271904494,False,0.0,d241_b8_p00_r0_torch_svl,torch_svl,0,3,2025-12-19,2026-06-22,False,0.011712721179983555,2.9264229121032242e-05,0.003399659995920956,1.5845350201925612
2026-06-23,torch_transverse_route,0.0116456336904635,0.011778768271904494,-0.011778768271904494,False,0.0,d241_b8_p00_r0_torch_transverse_route,torch_transverse_route,0,3,2025-12-19,2026-06-22,False,0.011712721179983555,6.70874895200551e-05,0.0031895028660073876,0.17366551209124736
2026-06-23,combined,0.011683456950862522,0.011778768271904494,-0.011778768271904494,False,0.0,d241_b8_p00_r0_torch_svl,torch_svl,0,9,2025-12-19,2026-06-22,False,0.011712721179983555,2.9264229121032242e-05,0.009600477875210345,1.8607078014392755
2026-06-24,torch_sbm,0.011429311324361492,0.014980592702214288,-0.014980592702214288,False,0.0,d242_b8_p00_r1_torch_sbm,torch_sbm,1,3,2025-12-22,2026-06-23,False,0.011436234553783597,6.92322942210527e-06,0.003934419946745038,0.10250726915546693
2026-06-24,torch_svl,0.011431462361367535,0.014980592702214288,-0.014980592702214288,False,0.0,d242_b8_p00_r0_torch_svl,torch_svl,0,3,2025-12-22,2026-06-23,False,0.011436234553783597,4.77219241606236e-06,0.0037333169020712376,1.5845350201925612
2026-06-24,torch_transverse_route,0.011429311324361492,0.014980592702214288,-0.014980592702214288,False,0.0,d242_b8_p00_r0_torch_transverse_route,torch_transverse_route,0,3,2025-12-22,2026-06-23,False,0.011436234553783597,6.92322942210527e-06,0.004137672018259764,0.17366551209124736
2026-06-24,combined,0.011431462361367535,0.014980592702214288,-0.014980592702214288,False,0.0,d242_b8_p00_r0_torch_svl,torch_svl,0,9,2025-12-22,2026-06-23,False,0.011436234553783597,4.77219241606236e-06,0.01180540886707604,1.8607078014392755
2026-06-25,torch_sbm,0.011003963655876647,0.007796398757444937,-0.007796398757444937,False,0.0,d243_b8_p00_r0_torch_sbm,torch_sbm,0,3,2025-12-23,2026-06-24,False,0.011071204216998313,6.724056112166615e-05,0.003055456909351051,0.10250726915546693
2026-06-25,torch_svl,0.011036105039311841,0.007796398757444937,-0.007796398757444937,False,0.0,d243_b8_p00_r1_torch_svl,torch_svl,1,3,2025-12-23,2026-06-24,False,0.011071204216998313,3.509917768647168e-05,0.003924114862456918,1.5845350201925612
2026-06-25,torch_transverse_route,0.011003963655876647,0.007796398757444937,-0.007796398757444937,False,0.0,d243_b8_p00_r0_torch_transverse_route,torch_transverse_route,0,3,2025-12-23,2026-06-24,False,0.011071204216998313,6.724056112166615e-05,0.0032036268385127187,0.17366551209124736
2026-06-25,combined,0.011036105039311841,0.007796398757444937,-0.007796398757444937,False,0.0,d243_b8_p00_r1_torch_svl,torch_svl,1,9,2025-12-23,2026-06-24,False,0.011071204216998313,3.509917768647168e-05,0.010183198610320687,1.8607078014392755
2026-06-26,torch_sbm,0.010867916061929276,0.007483395756772251,-0.007483395756772251,False,0.0,d244_b8_p00_r0_torch_sbm,torch_sbm,0,3,2025-12-24,2026-06-25,False,0.010898169892619828,3.0253830690551986e-05,0.003917147871106863,0.10250726915546693
2026-06-26,torch_svl,0.010842498355338256,0.007483395756772251,-0.007483395756772251,False,0.0,d244_b8_p00_r0_torch_svl,torch_svl,0,3,2025-12-24,2026-06-25,False,0.010898169892619828,5.5671537281571856e-05,0.003527787048369646,1.5845350201925612
2026-06-26,torch_transverse_route,0.010867916061929276,0.007483395756772251,-0.007483395756772251,False,0.0,d244_b8_p00_r0_torch_transverse_route,torch_transverse_route,0,3,2025-12-24,2026-06-25,False,0.010898169892619828,3.0253830690551986e-05,0.004190173000097275,0.17366551209124736
2026-06-26,combined,0.010867916061929276,0.007483395756772251,-0.007483395756772251,False,0.0,d244_b8_p00_r0_torch_sbm,torch_sbm,0,9,2025-12-24,2026-06-25,False,0.010898169892619828,3.0253830690551986e-05,0.011635107919573784,1.8607078014392755
2026-06-29,torch_sbm,0.010528447030787267,0.01418211760883515,-0.01418211760883515,False,0.0,d245_b8_p00_r0_torch_sbm,torch_sbm,0,3,2025-12-26,2026-06-26,False,0.010555162881398227,2.6715850610960212e-05,0.005352939944714308,0.10246595928038005
2026-06-29,torch_svl,0.010528447030787267,0.01418211760883515,-0.01418211760883515,False,0.0,d245_b8_p00_r1_torch_svl,torch_svl,1,3,2025-12-26,2026-06-26,False,0.010555162881398227,2.6715850610960212e-05,0.004857847117818892,1.5502604963767226
2026-06-29,torch_transverse_route,0.010528447030787267,0.01418211760883515,-0.01418211760883515,False,0.0,d245_b8_p00_r0_torch_transverse_route,torch_transverse_route,0,3,2025-12-26,2026-06-26,False,0.010555162881398227,2.6715850610960212e-05,0.005507941939868033,0.1735373330884613
2026-06-29,combined,0.010528447030787267,0.01418211760883515,-0.01418211760883515,False,0.0,d245_b8_p00_r0_torch_sbm,torch_sbm,0,9,2025-12-26,2026-06-26,False,0.010555162881398227,2.6715850610960212e-05,0.015718729002401233,1.826263788745564
2026-06-30,torch_sbm,0.010434602463331605,0.19496688303708104,-0.19496688303708104,False,0.0,d246_b8_p00_r0_torch_sbm,torch_sbm,0,3,2025-12-29,2026-06-29,False,0.010479749879407954,4.514741607634931e-05,0.00548142590560019,0.10244530434283661
2026-06-30,torch_svl,0.0104520504195127,0.19496688303708104,-0.19496688303708104,False,0.0,d246_b8_p00_r0_torch_svl,torch_svl,0,3,2025-12-29,2026-06-29,False,0.010479749879407954,2.7699459895254644e-05,0.005603980040177703,1.5331232344688033
2026-06-30,torch_transverse_route,0.010434602463331605,0.19496688303708104,-0.19496688303708104,False,0.0,d246_b8_p00_r0_torch_transverse_route,torch_transverse_route,0,3,2025-12-29,2026-06-29,False,0.010479749879407954,4.514741607634931e-05,0.0052253808826208115,0.17347324358706828
2026-06-30,combined,0.0104520504195127,0.19496688303708104,-0.19496688303708104,False,0.0,d246_b8_p00_r0_torch_svl,torch_svl,0,9,2025-12-29,2026-06-29,False,0.010479749879407954,2.7699459895254644e-05,0.016310786828398705,1.8090417823987082
2026-07-01,torch_sbm,0.010081552037797932,0.022002164884695415,-0.022002164884695415,False,0.0,d247_b8_p00_r0_torch_sbm,torch_sbm,0,3,2025-12-30,2026-06-30,False,0.010112718472045343,3.116643424741147e-05,0.010463045910000801,0.10244530434283661
2026-07-01,torch_svl,0.010104414390574874,0.022002164884695415,-0.022002164884695415,False,0.0,d247_b8_p00_r1_torch_svl,torch_svl,1,3,2025-12-30,2026-06-30,False,0.010112718472045343,8.304081470469904e-06,0.010517373098991811,1.5331232344688033
2026-07-01,torch_transverse_route,0.010099218448510573,0.022002164884695415,-0.022002164884695415,False,0.0,d247_b8_p00_r1_torch_transverse_route,torch_transverse_route,1,3,2025-12-30,2026-06-30,False,0.010112718472045343,1.3500023534770977e-05,0.010532869026064873,0.17347324358706828
2026-07-01,combined,0.010104414390574874,0.022002164884695415,-0.022002164884695415,False,0.0,d247_b8_p00_r1_torch_svl,torch_svl,1,9,2025-12-30,2026-06-30,False,0.010112718472045343,8.304081470469904e-06,0.031513288035057485,1.8090417823987082
2026-07-02,torch_sbm,0.009428935210628337,0.022640409716368354,-0.022640409716368354,False,0.0,d248_b8_p00_r0_torch_sbm,torch_sbm,0,3,2025-12-31,2026-07-01,False,0.00988488064965501,0.00045594543902667366,0.0026582289719954133,0.10244530434283661
2026-07-02,torch_svl,0.009713642447722338,0.022640409716368354,-0.022640409716368354,False,0.0,d248_b8_p00_r2_torch_svl,torch_svl,2,3,2025-12-31,2026-07-01,False,0.00988488064965501,0.0001712382019326726,0.0044582359259948134,1.5331232344688033
2026-07-02,torch_transverse_route,0.009361445419195367,0.022640409716368354,-0.022640409716368354,False,0.0,d248_b8_p00_r0_torch_transverse_route,torch_transverse_route,0,3,2025-12-31,2026-07-01,False,0.00988488064965501,0.0005234352304596436,0.006526267039589584,0.17347324358706828
2026-07-02,combined,0.009713642447722338,0.022640409716368354,-0.022640409716368354,False,0.0,d248_b8_p00_r2_torch_svl,torch_svl,2,9,2025-12-31,2026-07-01,False,0.00988488064965501,0.0001712382019326726,0.01364273193757981,1.8090417823987082
2026-07-06,torch_sbm,0.009117638860152544,0.008674448883853771,-0.008674448883853771,False,0.0,d249_b8_p00_r0_torch_sbm,torch_sbm,0,3,2026-01-02,2026-07-02,False,0.009619009991462552,0.0005013711313100085,0.0028052080888301134,0.10244530434283661
2026-07-06,torch_svl,0.009299498641490406,0.008674448883853771,-0.008674448883853771,False,0.0,d249_b8_p00_r1_torch_svl,torch_svl,1,3,2026-01-02,2026-07-02,False,0.009619009991462552,0.0003195113499721465,0.003017129027284682,1.5331232344688033
2026-07-06,torch_transverse_route,0.0091100229356548,0.008674448883853771,-0.008674448883853771,False,0.0,d249_b8_p00_r2_torch_transverse_route,torch_transverse_route,2,3,2026-01-02,2026-07-02,False,0.009619009991462552,0.0005089870558077515,0.00544418313074857,0.17347324358706828
2026-07-06,combined,0.009299498641490406,0.008674448883853771,-0.008674448883853771,False,0.0,d249_b8_p00_r1_torch_svl,torch_svl,1,9,2026-01-02,2026-07-02,False,0.009619009991462552,0.0003195113499721465,0.011266520246863365,1.8090417823987082
2026-07-07,torch_sbm,0.009238619065530647,0.0036591400913026217,-0.0036591400913026217,False,0.0,d250_b8_p00_r0_torch_sbm,torch_sbm,0,3,2026-01-05,2026-07-06,False,0.00961111163732063,0.0003724925717899837,0.004266884061507881,0.10244530434283661
2026-07-07,torch_svl,0.009483904063530295,0.0036591400913026217,-0.0036591400913026217,False,0.0,d250_b8_p00_r0_torch_svl,torch_svl,0,3,2026-01-05,2026-07-06,False,0.00961111163732063,0.0001272075737903354,0.004416062030941248,1.5331232344688033
2026-07-07,torch_transverse_route,0.009200944514096084,0.0036591400913026217,-0.0036591400913026217,False,0.0,d250_b8_p00_r0_torch_transverse_route,torch_transverse_route,0,3,2026-01-05,2026-07-06,False,0.00961111163732063,0.00041016712322454636,0.005076867062598467,0.17347324358706828
2026-07-07,combined,0.009483904063530295,0.0036591400913026217,-0.0036591400913026217,False,0.0,d250_b8_p00_r0_torch_svl,torch_svl,0,9,2026-01-05,2026-07-06,False,0.00961111163732063,0.0001272075737903354,0.013759813155047596,1.8090417823987082
2026-07-08,torch_sbm,0.009970862479562826,0.007657707292909497,-0.007657707292909497,False,0.0,d251_b8_p00_r0_torch_sbm,torch_sbm,0,3,2026-01-06,2026-07-07,False,0.009978342019958817,7.479540395991316e-06,0.012775917071849108,0.10244530434283661
2026-07-08,torch_svl,0.009970862479562826,0.007657707292909497,-0.007657707292909497,False,0.0,d251_b8_p00_r0_torch_svl,torch_svl,0,3,2026-01-06,2026-07-07,False,0.009978342019958817,7.479540395991316e-06,0.011760149151086807,1.5331232344688033
2026-07-08,torch_transverse_route,0.009970862479562826,0.007657707292909497,-0.007657707292909497,False,0.0,d251_b8_p00_r0_torch_transverse_route,torch_transverse_route,0,3,2026-01-06,2026-07-07,False,0.009978342019958817,7.479540395991316e-06,0.013474732055328786,0.17347324358706828
2026-07-08,combined,0.009970862479562826,0.007657707292909497,-0.007657707292909497,False,0.0,d251_b8_p00_r0_torch_sbm,torch_sbm,0,9,2026-01-06,2026-07-07,False,0.009978342019958817,7.479540395991316e-06,0.0380107982782647,1.8090417823987082
2026-07-09,torch_sbm,0.010253611189557914,0.015840537860455507,-0.015840537860455507,False,0.0,d252_b8_p00_r0_torch_sbm,torch_sbm,0,3,2026-01-07,2026-07-08,False,0.010274978155406669,2.1366965848755234e-05,0.003570634056814015,0.10244530434283661
2026-07-09,torch_svl,0.01025793940168973,0.015840537860455507,-0.015840537860455507,False,0.0,d252_b8_p00_r2_torch_svl,torch_svl,2,3,2026-01-07,2026-07-08,False,0.010274978155406669,1.703875371693829e-05,0.003922839998267591,1.5331232344688033
2026-07-09,torch_transverse_route,0.010256416631243687,0.015840537860455507,-0.015840537860455507,False,0.0,d252_b8_p00_r1_torch_transverse_route,torch_transverse_route,1,3,2026-01-07,2026-07-08,False,0.010274978155406669,1.8561524162982387e-05,0.00423893507104367,0.17347324358706828
2026-07-09,combined,0.01025793940168973,0.015840537860455507,-0.015840537860455507,False,0.0,d252_b8_p00_r2_torch_svl,torch_svl,2,9,2026-01-07,2026-07-08,False,0.010274978155406669,1.703875371693829e-05,0.011732409126125276,1.8090417823987082
2026-07-10,torch_sbm,0.00991234582843386,0.057415245257680034,-0.057415245257680034,False,0.0,d253_b8_p00_r0_torch_sbm,torch_sbm,0,3,2026-01-08,2026-07-09,False,0.009938569634634575,2.6223806200716127e-05,0.0025106939719989896,0.10244530434283661
2026-07-10,torch_svl,0.00991234582843386,0.057415245257680034,-0.057415245257680034,False,0.0,d253_b8_p00_r2_torch_svl,torch_svl,2,3,2026-01-08,2026-07-09,False,0.009938569634634575,2.6223806200716127e-05,0.004061665968038142,1.5331232344688033
2026-07-10,torch_transverse_route,0.00991583416260165,0.057415245257680034,-0.057415245257680034,False,0.0,d253_b8_p00_r1_torch_transverse_route,torch_transverse_route,1,3,2026-01-08,2026-07-09,False,0.009938569634634575,2.2735472032926057e-05,0.002563530928455293,0.17347324358706828
2026-07-10,combined,0.00991583416260165,0.057415245257680034,-0.057415245257680034,False,0.0,d253_b8_p00_r1_torch_transverse_route,torch_transverse_route,1,9,2026-01-08,2026-07-09,False,0.009938569634634575,2.2735472032926057e-05,0.009135890868492424,1.8090417823987082
2026-07-13,torch_sbm,0.009619707336064756,0.024671495931718385,-0.024671495931718385,False,0.0,d254_b8_p00_r0_torch_sbm,torch_sbm,0,3,2026-01-09,2026-07-10,False,0.009651870234576828,3.2162898512072546e-05,0.0024686791002750397,0.10244530434283661
2026-07-13,torch_svl,0.009624756568147305,0.024671495931718385,-0.024671495931718385,False,0.0,d254_b8_p00_r1_torch_svl,torch_svl,1,3,2026-01-09,2026-07-10,False,0.009651870234576828,2.711366642952316e-05,0.0026671121595427394,1.5331232344688033
2026-07-13,torch_transverse_route,0.009628733343175917,0.024671495931718385,-0.024671495931718385,False,0.0,d254_b8_p00_r1_torch_transverse_route,torch_transverse_route,1,3,2026-01-09,2026-07-10,False,0.009651870234576828,2.3136891400911408e-05,0.002572369994595647,0.17347324358706828
2026-07-13,combined,0.009628733343175917,0.024671495931718385,-0.024671495931718385,False,0.0,d254_b8_p00_r1_torch_transverse_route,torch_transverse_route,1,9,2026-01-09,2026-07-10,False,0.009651870234576828,2.3136891400911408e-05,0.007708161254413426,1.8090417823987082
2026-07-14,torch_sbm,0.009609008297615046,0.016494135225643553,-0.016494135225643553,False,0.0,d255_b8_p00_r0_torch_sbm,torch_sbm,0,3,2026-01-12,2026-07-13,False,0.009651465628258067,4.245733064302086e-05,0.0035377470776438713,0.10244530434283661
2026-07-14,torch_svl,0.009609008297615046,0.016494135225643553,-0.016494135225643553,False,0.0,d255_b8_p00_r0_torch_svl,torch_svl,0,3,2026-01-12,2026-07-13,False,0.009651465628258067,4.245733064302086e-05,0.003920844057574868,1.5331232344688033
2026-07-14,torch_transverse_route,0.009629300679239077,0.016494135225643553,-0.016494135225643553,False,0.0,d255_b8_p00_r2_torch_transverse_route,torch_transverse_route,2,3,2026-01-12,2026-07-13,False,0.009651465628258067,2.2164949018989993e-05,0.0036368449218571186,0.17347324358706828
2026-07-14,combined,0.009629300679239077,0.016494135225643553,-0.016494135225643553,False,0.0,d255_b8_p00_r2_torch_transverse_route,torch_transverse_route,2,9,2026-01-12,2026-07-13,False,0.009651465628258067,2.2164949018989993e-05,0.011095436057075858,1.8090417823987082
2026-07-15,torch_sbm,0.009190946174204358,0.021037664634762532,-0.021037664634762532,False,0.0,d256_b8_p00_r0_torch_sbm,torch_sbm,0,3,2026-01-13,2026-07-14,False,0.009222539348132209,3.159317392785119e-05,0.0038017260376363993,0.10236649715443491
2026-07-15,torch_svl,0.009215922565026447,0.021037664634762532,-0.021037664634762532,False,0.0,d256_b8_p00_r2_torch_svl,torch_svl,2,3,2026-01-13,2026-07-14,False,0.009222539348132209,6.616783105761748e-06,0.0035563480341807008,1.541204926026694
2026-07-15,torch_transverse_route,0.009190946174204358,0.021037664634762532,-0.021037664634762532,False,0.0,d256_b8_p00_r0_torch_transverse_route,torch_transverse_route,0,3,2026-01-13,2026-07-14,False,0.009222539348132209,3.159317392785119e-05,0.004069836926646531,0.16536023540538736
2026-07-15,combined,0.009215922565026447,0.021037664634762532,-0.021037664634762532,False,0.0,d256_b8_p00_r2_torch_svl,torch_svl,2,9,2026-01-13,2026-07-14,False,0.009222539348132209,6.616783105761748e-06,0.01142791099846363,1.8089316585865163
2026-07-16,torch_sbm,0.009093782822873719,0.020344643962294157,-0.020344643962294157,False,0.0,d257_b8_p00_r1_torch_sbm,torch_sbm,1,3,2026-01-14,2026-07-15,False,0.009119908183717168,2.6125360843448978e-05,0.00408813392277807,0.10236649715443491
2026-07-16,torch_svl,0.009116172277029825,0.020344643962294157,-0.020344643962294157,False,0.0,d257_b8_p00_r2_torch_svl,torch_svl,2,3,2026-01-14,2026-07-15,False,0.009119908183717168,3.735906687342763e-06,0.004989817971363664,1.541204926026694
2026-07-16,torch_transverse_route,0.009093782822873719,0.020344643962294157,-0.020344643962294157,False,0.0,d257_b8_p00_r0_torch_transverse_route,torch_transverse_route,0,3,2026-01-14,2026-07-15,False,0.009119908183717168,2.6125360843448978e-05,0.004193519940599799,0.16536023540538736
2026-07-16,combined,0.009116172277029825,0.020344643962294157,-0.020344643962294157,False,0.0,d257_b8_p00_r2_torch_svl,torch_svl,2,9,2026-01-14,2026-07-15,False,0.009119908183717168,3.735906687342763e-06,0.013271471834741533,1.8089316585865163
2026-07-17,torch_sbm,0.009431315534336349,-0.001233098019526628,0.001233098019526628,False,0.0,d258_b8_p00_r0_torch_sbm,torch_sbm,0,3,2026-01-15,2026-07-16,False,0.009447569143575195,1.625360923884593e-05,0.01637712598312646,0.10236649715443491
2026-07-17,torch_svl,0.009431315534336349,-0.001233098019526628,0.001233098019526628,False,0.0,d258_b8_p00_r0_torch_svl,torch_svl,0,3,2026-01-15,2026-07-16,False,0.009447569143575195,1.625360923884593e-05,0.014364557922817767,1.541204926026694
2026-07-17,torch_transverse_route,0.009431315534336349,-0.001233098019526628,0.001233098019526628,False,0.0,d258_b8_p00_r0_torch_transverse_route,torch_transverse_route,0,3,2026-01-15,2026-07-16,False,0.009447569143575195,1.625360923884593e-05,0.017385522020049393,0.16536023540538736
2026-07-17,combined,0.009431315534336349,-0.001233098019526628,0.001233098019526628,False,0.0,d258_b8_p00_r0_torch_sbm,torch_sbm,0,9,2026-01-15,2026-07-16,False,0.009447569143575195,1.625360923884593e-05,0.04812720592599362,1.8089316585865163
2026-07-20,torch_sbm,0.00962173290193838,0.00673060515772982,-0.00673060515772982,False,0.0,d259_b8_p00_r0_torch_sbm,torch_sbm,0,3,2026-01-16,2026-07-17,False,0.009722252033214505,0.00010051913127612395,0.011763980146497488,0.10236649715443491
2026-07-20,torch_svl,0.009654740616867791,0.00673060515772982,-0.00673060515772982,False,0.0,d259_b8_p00_r1_torch_svl,torch_svl,1,3,2026-01-16,2026-07-17,False,0.009722252033214505,6.751141634671332e-05,0.013426312012597919,1.541204926026694
2026-07-20,torch_transverse_route,0.00962173290193838,0.00673060515772982,-0.00673060515772982,False,0.0,d259_b8_p00_r0_torch_transverse_route,torch_transverse_route,0,3,2026-01-16,2026-07-17,False,0.009722252033214505,0.00010051913127612395,0.012309662997722626,0.16536023540538736
2026-07-20,combined,0.009654740616867791,0.00673060515772982,-0.00673060515772982,False,0.0,d259_b8_p00_r1_torch_svl,torch_svl,1,9,2026-01-16,2026-07-17,False,0.009722252033214505,6.751141634671332e-05,0.03749995515681803,1.8089316585865163
2026-07-21,torch_sbm,0.009793698924258215,0.115612236534731,-0.115612236534731,False,0.0,d260_b8_p00_r0_torch_sbm,torch_sbm,0,3,2026-01-20,2026-07-20,False,0.009936807704069439,0.0001431087798112237,0.011237260070629418,0.10236649715443491
2026-07-21,torch_svl,0.009877552699324558,0.115612236534731,-0.115612236534731,False,0.0,d260_b8_p00_r0_torch_svl,torch_svl,0,3,2026-01-20,2026-07-20,False,0.009936807704069439,5.925500474488095e-05,0.010320948087610304,1.541204926026694
2026-07-21,torch_transverse_route,0.009796987624905279,0.115612236534731,-0.115612236534731,False,0.0,d260_b8_p00_r0_torch_transverse_route,torch_transverse_route,0,3,2026-01-20,2026-07-20,False,0.009936807704069439,0.00013982007916416017,0.011978629976511002,0.16536023540538736
2026-07-21,combined,0.009877552699324558,0.115612236534731,-0.115612236534731,False,0.0,d260_b8_p00_r0_torch_svl,torch_svl,0,9,2026-01-20,2026-07-20,False,0.009936807704069439,5.925500474488095e-05,0.033536838134750724,1.8089316585865163
2026-07-22,torch_sbm,0.009730365667310604,0.003199420484207708,-0.003199420484207708,False,0.0,d261_b8_p00_r2_torch_sbm,torch_sbm,2,3,2026-01-21,2026-07-21,False,0.009734314022148737,3.948354838132981e-06,0.019399486016482115,0.10236649715443491
2026-07-22,torch_svl,0.009719850561126887,0.003199420484207708,-0.003199420484207708,False,0.0,d261_b8_p00_r0_torch_svl,torch_svl,0,3,2026-01-21,2026-07-21,False,0.009734314022148737,1.4463461021850185e-05,0.01583816297352314,1.541204926026694
2026-07-22,torch_transverse_route,0.009730365667310604,0.003199420484207708,-0.003199420484207708,False,0.0,d261_b8_p00_r0_torch_transverse_route,torch_transverse_route,0,3,2026-01-21,2026-07-21,False,0.009734314022148737,3.948354838132981e-06,0.020181222003884614,0.16536023540538736
2026-07-22,combined,0.009730365667310604,0.003199420484207708,-0.003199420484207708,False,0.0,d261_b8_p00_r0_torch_transverse_route,torch_transverse_route,0,9,2026-01-21,2026-07-21,False,0.009734314022148737,3.948354838132981e-06,0.05541887099388987,1.8089316585865163
2026-07-23,torch_sbm,0.009531056137025101,0.0006331664813707815,-0.0006331664813707815,False,0.0,d262_b8_p00_r0_torch_sbm,torch_sbm,0,3,2026-01-22,2026-07-22,False,0.009545785755977249,1.4729618952148e-05,0.018733490025624633,0.10236649715443491
2026-07-23,torch_svl,0.009531056137025101,0.0006331664813707815,-0.0006331664813707815,False,0.0,d262_b8_p00_r0_torch_svl,torch_svl,0,3,2026-01-22,2026-07-22,False,0.009545785755977249,1.4729618952148e-05,0.016935191000811756,1.541204926026694
2026-07-23,torch_transverse_route,0.009541575478479154,0.0006331664813707815,-0.0006331664813707815,False,0.0,d262_b8_p00_r0_torch_transverse_route,torch_transverse_route,0,3,2026-01-22,2026-07-22,False,0.009545785755977249,4.2102774980949664e-06,0.020176936057396233,0.16536023540538736
2026-07-23,combined,0.009541575478479154,0.0006331664813707815,-0.0006331664813707815,False,0.0,d262_b8_p00_r0_torch_transverse_route,torch_transverse_route,0,9,2026-01-22,2026-07-22,False,0.009545785755977249,4.2102774980949664e-06,0.05584561708383262,1.8089316585865163
2026-07-24,torch_sbm,0.009918351810050314,0.0021674153661419763,-0.0021674153661419763,False,0.0,d263_b8_p00_r2_torch_sbm,torch_sbm,2,3,2026-01-23,2026-07-23,False,0.009982985798262184,6.463398821186968e-05,0.011348659871146083,0.10236649715443491
2026-07-24,torch_svl,0.009918351810050314,0.0021674153661419763,-0.0021674153661419763,False,0.0,d263_b8_p00_r1_torch_svl,torch_svl,1,3,2026-01-23,2026-07-23,False,0.009982985798262184,6.463398821186968e-05,0.010427213041111827,1.541204926026694
2026-07-24,torch_transverse_route,0.009918351810050314,0.0021674153661419763,-0.0021674153661419763,False,0.0,d263_b8_p00_r1_torch_transverse_route,torch_transverse_route,1,3,2026-01-23,2026-07-23,False,0.009982985798262184,6.463398821186968e-05,0.011722048977389932,0.16536023540538736
2026-07-24,combined,0.009918351810050314,0.0021674153661419763,-0.0021674153661419763,False,0.0,d263_b8_p00_r1_torch_svl,torch_svl,1,9,2026-01-23,2026-07-23,False,0.009982985798262184,6.463398821186968e-05,0.03349792188964784,1.8089316585865163
2026-07-27,torch_sbm,0.00979776301848626,0.005276806310068455,-0.005276806310068455,False,0.0,d264_b8_p00_r0_torch_sbm,torch_sbm,0,3,2026-01-26,2026-07-24,False,0.00979926186628986,1.4988478035989766e-06,0.019813467049971223,0.10236649715443491
2026-07-27,torch_svl,0.00979776301848626,0.005276806310068455,-0.005276806310068455,False,0.0,d264_b8_p00_r0_torch_svl,torch_svl,0,3,2026-01-26,2026-07-24,False,0.00979926186628986,1.4988478035989766e-06,0.01909866591449827,1.541204926026694
2026-07-27,torch_transverse_route,0.00979776301848626,0.005276806310068455,-0.005276806310068455,False,0.0,d264_b8_p00_r0_torch_transverse_route,torch_transverse_route,0,3,2026-01-26,2026-07-24,False,0.00979926186628986,1.4988478035989766e-06,0.01982055197004229,0.16536023540538736
2026-07-27,combined,0.00979776301848626,0.005276806310068455,-0.005276806310068455,False,0.0,d264_b8_p00_r0_torch_sbm,torch_sbm,0,9,2026-01-26,2026-07-24,False,0.00979926186628986,1.4988478035989766e-06,0.05873268493451178,1.8089316585865163
2026-07-28,torch_sbm,0.009558876946868227,0.3396756866759017,-0.3396756866759017,False,0.0,d265_b8_p00_r0_torch_sbm,torch_sbm,0,3,2026-01-27,2026-07-27,False,0.009576089374019877,1.7212427151649945e-05,0.023797581088729203,0.10236649715443491
2026-07-28,torch_svl,0.009572971797603714,0.3396756866759017,-0.3396756866759017,False,0.0,d265_b8_p00_r0_torch_svl,torch_svl,0,3,2026-01-27,2026-07-27,False,0.009576089374019877,3.1175764161634617e-06,0.0200840150937438,1.541204926026694
2026-07-28,torch_transverse_route,0.00957000212252361,0.3396756866759017,-0.3396756866759017,False,0.0,d265_b8_p00_r0_torch_transverse_route,torch_transverse_route,0,3,2026-01-27,2026-07-27,False,0.009576089374019877,6.087251496266627e-06,0.02324342296924442,0.16536023540538736
2026-07-28,combined,0.009572971797603714,0.3396756866759017,-0.3396756866759017,False,0.0,d265_b8_p00_r0_torch_svl,torch_svl,0,9,2026-01-27,2026-07-27,False,0.009576089374019877,3.1175764161634617e-06,0.06712501915171742,1.8089316585865163
2026-07-29,torch_sbm,0.008856841909284761,-0.0017737277937119053,0.0017737277937119053,False,0.0,d266_b8_p00_r2_torch_sbm,torch_sbm,2,3,2026-01-28,2026-07-28,False,0.009270967508406322,0.00041412559912156095,0.006484291981905699,0.10335411528285476
2026-07-29,torch_svl,0.009016381523271317,-0.0017737277937119053,0.0017737277937119053,False,0.0,d266_b8_p00_r2_torch_svl,torch_svl,2,3,2026-01-28,2026-07-28,False,0.009270967508406322,0.0002545859851350047,0.007891888148151338,1.5519940454978496
2026-07-29,torch_transverse_route,0.008856841909284761,-0.0017737277937119053,0.0017737277937119053,False,0.0,d266_b8_p00_r0_torch_transverse_route,torch_transverse_route,0,3,2026-01-28,2026-07-28,False,0.009270967508406322,0.00041412559912156095,0.008886081050150096,0.16564472468598979
2026-07-29,combined,0.009016381523271317,-0.0017737277937119053,0.0017737277937119053,False,0.0,d266_b8_p00_r2_torch_svl,torch_svl,2,9,2026-01-28,2026-07-28,False,0.009270967508406322,0.0002545859851350047,0.023262261180207133,1.8209928854666941
2026-07-30,torch_sbm,0.00937976747162915,0.14658807755972839,-0.14658807755972839,False,0.0,d267_b8_p00_r0_torch_sbm,torch_sbm,0,3,2026-01-29,2026-07-29,False,0.009873293568987529,0.0004935260973583794,0.00517873780336231,0.10532935153969447
2026-07-30,torch_svl,0.00937976747162915,0.14658807755972839,-0.14658807755972839,False,0.0,d267_b8_p00_r2_torch_svl,torch_svl,2,3,2026-01-29,2026-07-29,False,0.009873293568987529,0.0004935260973583794,0.003777769976295531,1.5735722844401607
2026-07-30,torch_transverse_route,0.00937976747162915,0.14658807755972839,-0.14658807755972839,False,0.0,d267_b8_p00_r0_torch_transverse_route,torch_transverse_route,0,3,2026-01-29,2026-07-29,False,0.009873293568987529,0.0004935260973583794,0.005337181966751814,0.16621370324719464
2026-07-30,combined,0.00937976747162915,0.14658807755972839,-0.14658807755972839,False,0.0,d267_b8_p00_r0_torch_sbm,torch_sbm,0,9,2026-01-29,2026-07-29,False,0.009873293568987529,0.0004935260973583794,0.014293689746409655,1.8451153392270498
2026-07-31,torch_sbm,0.009585408496100973,-0.0002388850681401512,0.0002388850681401512,False,0.0,d268_b8_p00_r0_torch_sbm,torch_sbm,0,3,2026-01-30,2026-07-30,False,0.009655773689361784,7.036519326081118e-05,0.004603506997227669,0.10532935153969447
2026-07-31,torch_svl,0.009651606321719535,-0.0002388850681401512,0.0002388850681401512,False,0.0,d268_b8_p00_r1_torch_svl,torch_svl,1,3,2026-01-30,2026-07-30,False,0.009655773689361784,4.167367642249342e-06,0.003609884879551828,1.5735722844401607
2026-07-31,torch_transverse_route,0.009638074204074424,-0.0002388850681401512,0.0002388850681401512,False,0.0,d268_b8_p00_r0_torch_transverse_route,torch_transverse_route,0,3,2026-01-30,2026-07-30,False,0.009655773689361784,1.7699485287360137e-05,0.00881713000126183,0.16621370324719464
2026-07-31,combined,0.009651606321719535,-0.0002388850681401512,0.0002388850681401512,False,0.0,d268_b8_p00_r1_torch_svl,torch_svl,1,9,2026-01-30,2026-07-30,False,0.009655773689361784,4.167367642249342e-06,0.017030521878041327,1.8451153392270498
2026-08-03,torch_sbm,0.009811200611733345,0.011159991646195796,-0.011159991646195796,False,0.0,d269_b8_p00_r0_torch_sbm,torch_sbm,0,3,2026-02-02,2026-07-31,False,0.009955395134642053,0.00014419452290870792,0.003000717959366739,0.10532935153969447
2026-08-03,torch_svl,0.009948008105660669,0.011159991646195796,-0.011159991646195796,False,0.0,d269_b8_p00_r0_torch_svl,torch_svl,0,3,2026-02-02,2026-07-31,False,0.009955395134642053,7.387028981384325e-06,0.005693651968613267,1.5735722844401607
2026-08-03,torch_transverse_route,0.009878703330008485,0.011159991646195796,-0.011159991646195796,False,0.0,d269_b8_p00_r0_torch_transverse_route,torch_transverse_route,0,3,2026-02-02,2026-07-31,False,0.009955395134642053,7.669180463356837e-05,0.0026801208732649684,0.16621370324719464
2026-08-03,combined,0.009948008105660669,0.011159991646195796,-0.011159991646195796,False,0.0,d269_b8_p00_r0_torch_svl,torch_svl,0,9,2026-02-02,2026-07-31,False,0.009955395134642053,7.387028981384325e-06,0.011374490801244974,1.8451153392270498
2026-08-04,torch_sbm,0.010338715314820139,0.0703233590074215,-0.0703233590074215,False,0.0,d270_b8_p00_r2_torch_sbm,torch_sbm,2,3,2026-02-03,2026-08-03,False,0.0104065279073092,6.781259248906171e-05,0.0055445689940825105,0.10532935153969447
2026-08-04,torch_svl,0.010335033561258327,0.0703233590074215,-0.0703233590074215,False,0.0,d270_b8_p00_r0_torch_svl,torch_svl,0,3,2026-02-03,2026-08-03,False,0.0104065279073092,7.149434605087379e-05,0.005398983019404113,1.5735722844401607
2026-08-04,torch_transverse_route,0.01033561401617588,0.0703233590074215,-0.0703233590074215,False,0.0,d270_b8_p00_r2_torch_transverse_route,torch_transverse_route,2,3,2026-02-03,2026-08-03,False,0.0104065279073092,7.091389113332049e-05,0.007629544124938548,0.16621370324719464
2026-08-04,combined,0.010338715314820139,0.0703233590074215,-0.0703233590074215,False,0.0,d270_b8_p00_r2_torch_sbm,torch_sbm,2,9,2026-02-03,2026-08-03,False,0.0104065279073092,6.781259248906171e-05,0.01857309613842517,1.8451153392270498
2026-08-05,torch_sbm,0.011755396700338476,0.0011381017539351238,-0.0011381017539351238,False,0.0,d271_b8_p00_r0_torch_sbm,torch_sbm,0,3,2026-02-04,2026-08-04,False,0.011960186330730984,0.00020478963039250765,0.0030267909169197083,0.10532935153969447
2026-08-05,torch_svl,0.011820349070652082,0.0011381017539351238,-0.0011381017539351238,False,0.0,d271_b8_p00_r1_torch_svl,torch_svl,1,3,2026-02-04,2026-08-04,False,0.011960186330730984,0.00013983726007890142,0.003349070088006556,1.5735722844401607
2026-08-05,torch_transverse_route,0.011797468913896129,0.0011381017539351238,-0.0011381017539351238,False,0.0,d271_b8_p00_r1_torch_transverse_route,torch_transverse_route,1,3,2026-02-04,2026-08-04,False,0.011960186330730984,0.00016271741683485455,0.006795235094614327,0.16621370324719464
2026-08-05,combined,0.011820349070652082,0.0011381017539351238,-0.0011381017539351238,False,0.0,d271_b8_p00_r1_torch_svl,torch_svl,1,9,2026-02-04,2026-08-04,False,0.011960186330730984,0.00013983726007890142,0.013171096099540591,1.8451153392270498
2026-08-06,torch_sbm,0.011634794100655486,0.001989318731511014,-0.001989318731511014,False,0.0,d272_b8_p00_r0_torch_sbm,torch_sbm,0,3,2026-02-05,2026-08-05,False,0.011826473497822204,0.00019167939716671807,0.0040498049929738045,0.10532935153969447
2026-08-06,torch_svl,0.011639818834820445,0.001989318731511014,-0.001989318731511014,False,0.0,d272_b8_p00_r2_torch_svl,torch_svl,2,3,2026-02-05,2026-08-05,False,0.011826473497822204,0.00018665466300175904,0.003850826993584633,1.5735722844401607
2026-08-06,torch_transverse_route,0.011624341322351744,0.001989318731511014,-0.001989318731511014,False,0.0,d272_b8_p00_r1_torch_transverse_route,torch_transverse_route,1,3,2026-02-05,2026-08-05,False,0.011826473497822204,0.00020213217547046004,0.006102561950683594,0.16621370324719464
2026-08-06,combined,0.011639818834820445,0.001989318731511014,-0.001989318731511014,False,0.0,d272_b8_p00_r2_torch_svl,torch_svl,2,9,2026-02-05,2026-08-05,False,0.011826473497822204,0.00018665466300175904,0.014003193937242031,1.8451153392270498
2026-08-07,torch_sbm,0.011363415855512886,0.43029749762326747,-0.43029749762326747,False,0.0,d273_b8_p00_r0_torch_sbm,torch_sbm,0,3,2026-02-06,2026-08-06,False,0.011482170794699544,0.00011875493918665769,0.006619035033509135,0.10532935153969447
2026-08-07,torch_svl,0.01132555062836954,0.43029749762326747,-0.43029749762326747,False,0.0,d273_b8_p00_r2_torch_svl,torch_svl,2,3,2026-02-06,2026-08-06,False,0.011482170794699544,0.00015662016633000327,0.004156474024057388,1.5735722844401607
2026-08-07,torch_transverse_route,0.011383883422956617,0.43029749762326747,-0.43029749762326747,False,0.0,d273_b8_p00_r0_torch_transverse_route,torch_transverse_route,0,3,2026-02-06,2026-08-06,False,0.011482170794699544,9.828737174292709e-05,0.006321136956103146,0.16621370324719464
2026-08-07,combined,0.011383883422956617,0.43029749762326747,-0.43029749762326747,False,0.0,d273_b8_p00_r0_torch_transverse_route,torch_transverse_route,0,9,2026-02-06,2026-08-06,False,0.011482170794699544,9.828737174292709e-05,0.01709664601366967,1.8451153392270498
2026-08-10,torch_sbm,0.011408437436105031,0.008293843557001909,-0.008293843557001909,False,0.0,d274_b8_p00_r1_torch_sbm,torch_sbm,1,3,2026-02-09,2026-08-07,True,0.011466947478293625,5.85100421885941e-05,0.0066590639762580395,0.10532935153969447
2026-08-10,torch_svl,0.011423786387879515,0.008293843557001909,-0.008293843557001909,False,0.0,d274_b8_p00_r0_torch_svl,torch_svl,0,3,2026-02-09,2026-08-07,True,0.011466947478293625,4.316109041411012e-05,0.0036069800844416022,1.5735722844401607
2026-08-10,torch_transverse_route,0.011410289834047856,0.008293843557001909,-0.008293843557001909,False,0.0,d274_b8_p00_r2_torch_transverse_route,torch_transverse_route,2,3,2026-02-09,2026-08-07,True,0.011466947478293625,5.665764424576947e-05,0.007072241045534611,0.16621370324719464
2026-08-10,combined,0.011423786387879515,0.008293843557001909,-0.008293843557001909,False,0.0,d274_b8_p00_r0_torch_svl,torch_svl,0,9,2026-02-09,2026-08-07,True,0.011466947478293625,4.316109041411012e-05,0.017338285106234252,1.8451153392270498
2026-08-11,torch_sbm,0.011120175674409595,0.018650531975392,-0.018650531975392,False,0.0,d275_b8_p00_r0_torch_sbm,torch_sbm,0,3,2026-02-10,2026-08-10,True,0.011127695114354979,7.519439945383177e-06,0.008584460010752082,0.10532935153969447
2026-08-11,torch_svl,0.011124646950926723,0.018650531975392,-0.018650531975392,False,0.0,d275_b8_p00_r0_torch_svl,torch_svl,0,3,2026-02-10,2026-08-10,True,0.011127695114354979,3.0481634282555903e-06,0.009181409841403365,1.5735722844401607
2026-08-11,torch_transverse_route,0.011120175674409595,0.018650531975392,-0.018650531975392,False,0.0,d275_b8_p00_r0_torch_transverse_route,torch_transverse_route,0,3,2026-02-10,2026-08-10,True,0.011127695114354979,7.519439945383177e-06,0.008767163031734526,0.16621370324719464
2026-08-11,combined,0.011124646950926723,0.018650531975392,-0.018650531975392,False,0.0,d275_b8_p00_r0_torch_svl,torch_svl,0,9,2026-02-10,2026-08-10,True,0.011127695114354979,3.0481634282555903e-06,0.026533032883889973,1.8451153392270498
2026-08-12,torch_sbm,0.010783896424494663,0.034941145655015785,-0.034941145655015785,False,0.0,d276_b8_p00_r0_torch_sbm,torch_sbm,0,3,2026-02-11,2026-08-11,True,0.01081066320048896,2.676677599429758e-05,0.012262167991138995,0.10532935153969447
2026-08-12,torch_svl,0.010695025439977194,0.034941145655015785,-0.034941145655015785,False,0.0,d276_b8_p00_r1_torch_svl,torch_svl,1,3,2026-02-11,2026-08-11,True,0.01081066320048896,0.00011563776051176644,0.005694450926966965,1.5735722844401607
2026-08-12,torch_transverse_route,0.010783896424494663,0.034941145655015785,-0.034941145655015785,False,0.0,d276_b8_p00_r0_torch_transverse_route,torch_transverse_route,0,3,2026-02-11,2026-08-11,True,0.01081066320048896,2.676677599429758e-05,0.012395752943120897,0.16621370324719464
2026-08-12,combined,0.010783896424494663,0.034941145655015785,-0.034941145655015785,False,0.0,d276_b8_p00_r0_torch_sbm,torch_sbm,0,9,2026-02-11,2026-08-11,True,0.01081066320048896,2.676677599429758e-05,0.030352371861226857,1.8451153392270498
2026-08-13,torch_sbm,0.01057870585807544,0.010360665578933123,-0.010360665578933123,False,0.0,d277_b8_p00_r0_torch_sbm,torch_sbm,0,3,2026-02-12,2026-08-12,True,0.010589249511652198,1.0543653576758696e-05,0.012297140900045633,0.10475865428088582
2026-08-13,torch_svl,0.01057870585807544,0.010360665578933123,-0.010360665578933123,False,0.0,d277_b8_p00_r1_torch_svl,torch_svl,1,3,2026-02-12,2026-08-12,True,0.010589249511652198,1.0543653576758696e-05,0.009435737039893866,1.523874775004515
2026-08-13,torch_transverse_route,0.01057870585807544,0.010360665578933123,-0.010360665578933123,False,0.0,d277_b8_p00_r0_torch_transverse_route,torch_transverse_route,0,3,2026-02-12,2026-08-12,True,0.010589249511652198,1.0543653576758696e-05,0.0127440569922328,0.1720965802524006
2026-08-13,combined,0.01057870585807544,0.010360665578933123,-0.010360665578933123,False,0.0,d277_b8_p00_r0_torch_sbm,torch_sbm,0,9,2026-02-12,2026-08-12,True,0.010589249511652198,1.0543653576758696e-05,0.0344769349321723,1.8007300095378014
2026-08-14,torch_sbm,0.010271944718433634,0.006668096552338709,-0.006668096552338709,False,0.0,d278_b8_p00_r0_torch_sbm,torch_sbm,0,3,2026-02-13,2026-08-13,True,0.01028064788472799,8.703166294355552e-06,0.012384725036099553,0.1044733056514815
2026-08-14,torch_svl,0.010271944718433634,0.006668096552338709,-0.006668096552338709,False,0.0,d278_b8_p00_r0_torch_svl,torch_svl,0,3,2026-02-13,2026-08-13,True,0.01028064788472799,8.703166294355552e-06,0.013651457033120096,1.499026020286692
2026-08-14,torch_transverse_route,0.010271944718433634,0.006668096552338709,-0.006668096552338709,False,0.0,d278_b8_p00_r0_torch_transverse_route,torch_transverse_route,0,3,2026-02-13,2026-08-13,True,0.01028064788472799,8.703166294355552e-06,0.012648953008465469,0.17503801875500358
2026-08-14,combined,0.010271944718433634,0.006668096552338709,-0.006668096552338709,False,0.0,d278_b8_p00_r0_torch_sbm,torch_sbm,0,9,2026-02-13,2026-08-13,True,0.01028064788472799,8.703166294355552e-06,0.03868513507768512,1.7785373446931771
2026-08-17,torch_sbm,0.009918616382708153,0.01348545485390459,-0.01348545485390459,False,0.0,d279_b8_p00_r0_torch_sbm,torch_sbm,0,3,2026-02-17,2026-08-14,True,0.009957017197782563,3.840081507440994e-05,0.0104459811700508,0.1044733056514815
2026-08-17,torch_svl,0.009918616382708153,0.01348545485390459,-0.01348545485390459,False,0.0,d279_b8_p00_r1_torch_svl,torch_svl,1,3,2026-02-17,2026-08-14,True,0.009957017197782563,3.840081507440994e-05,0.009139011963270605,1.499026020286692
2026-08-17,torch_transverse_route,0.009918616382708153,0.01348545485390459,-0.01348545485390459,False,0.0,d279_b8_p00_r0_torch_transverse_route,torch_transverse_route,0,3,2026-02-17,2026-08-14,True,0.009957017197782563,3.840081507440994e-05,0.010588421020656824,0.17503801875500358
2026-08-17,combined,0.009918616382708153,0.01348545485390459,-0.01348545485390459,False,0.0,d279_b8_p00_r0_torch_sbm,torch_sbm,0,9,2026-02-17,2026-08-14,True,0.009957017197782563,3.840081507440994e-05,0.03017341415397823,1.7785373446931771
2026-08-18,torch_sbm,0.010419902226000892,-0.0006106417307620597,0.0006106417307620597,False,0.0,d280_b8_p00_r0_torch_sbm,torch_sbm,0,3,2026-02-18,2026-08-17,True,0.010473723719501228,5.382149350033685e-05,0.007548605091869831,0.1044733056514815
2026-08-18,torch_svl,0.010427482604341164,-0.0006106417307620597,0.0006106417307620597,False,0.0,d280_b8_p00_r1_torch_svl,torch_svl,1,3,2026-02-18,2026-08-17,True,0.010473723719501228,4.624111516006446e-05,0.007167950738221407,1.499026020286692
2026-08-18,torch_transverse_route,0.010419902226000892,-0.0006106417307620597,0.0006106417307620597,False,0.0,d280_b8_p00_r0_torch_transverse_route,torch_transverse_route,0,3,2026-02-18,2026-08-17,True,0.010473723719501228,5.382149350033685e-05,0.008052079007029533,0.17503801875500358
2026-08-18,combined,0.010427482604341164,-0.0006106417307620597,0.0006106417307620597,False,0.0,d280_b8_p00_r1_torch_svl,torch_svl,1,9,2026-02-18,2026-08-17,True,0.010473723719501228,4.624111516006446e-05,0.02276863483712077,1.7785373446931771
2026-08-19,torch_sbm,0.010822437332732169,0.013094555260819978,-0.013094555260819978,False,0.0,d281_b8_p00_r0_torch_sbm,torch_sbm,0,3,2026-02-19,2026-08-18,True,0.010839688453006816,1.7251120274647258e-05,0.011754991952329874,0.1044733056514815
2026-08-19,torch_svl,0.010824939446625376,0.013094555260819978,-0.013094555260819978,False,0.0,d281_b8_p00_r2_torch_svl,torch_svl,2,3,2026-02-19,2026-08-18,True,0.010839688453006816,1.474900638144018e-05,0.011188565869815648,1.499026020286692
2026-08-19,torch_transverse_route,0.010822437332732169,0.013094555260819978,-0.013094555260819978,False,0.0,d281_b8_p00_r0_torch_transverse_route,torch_transverse_route,0,3,2026-02-19,2026-08-18,True,0.010839688453006816,1.7251120274647258e-05,0.012056560954079032,0.17503801875500358
2026-08-19,combined,0.010824939446625376,0.013094555260819978,-0.013094555260819978,False,0.0,d281_b8_p00_r2_torch_svl,torch_svl,2,9,2026-02-19,2026-08-18,True,0.010839688453006816,1.474900638144018e-05,0.035000118776224554,1.7785373446931771
2026-08-20,torch_sbm,0.010387840537532814,0.05436687941192856,-0.05436687941192856,False,0.0,d282_b8_p00_r0_torch_sbm,torch_sbm,0,3,2026-02-20,2026-08-19,True,0.01051063995987338,0.00012279942234056512,0.0034872349351644516,0.1044733056514815
2026-08-20,torch_svl,0.010496806899120779,0.05436687941192856,-0.05436687941192856,False,0.0,d282_b8_p00_r1_torch_svl,torch_svl,1,3,2026-02-20,2026-08-19,True,0.01051063995987338,1.383306075260042e-05,0.004082645173184574,1.499026020286692
2026-08-20,torch_transverse_route,0.010387840537532814,0.05436687941192856,-0.05436687941192856,False,0.0,d282_b8_p00_r0_torch_transverse_route,torch_transverse_route,0,3,2026-02-20,2026-08-19,True,0.01051063995987338,0.00012279942234056512,0.0036419330863282084,0.17503801875500358
2026-08-20,combined,0.010496806899120779,0.05436687941192856,-0.05436687941192856,False,0.0,d282_b8_p00_r1_torch_svl,torch_svl,1,9,2026-02-20,2026-08-19,True,0.01051063995987338,1.383306075260042e-05,0.011211813194677234,1.7785373446931771
2026-08-21,torch_sbm,0.010545398812654063,0.006375152155252247,-0.006375152155252247,False,0.0,d283_b8_p00_r0_torch_sbm,torch_sbm,0,3,2026-02-23,2026-08-20,True,0.010580349775239722,3.4950962585659356e-05,0.005453453166410327,0.1044733056514815
2026-08-21,torch_svl,0.01057194199896773,0.006375152155252247,-0.006375152155252247,False,0.0,d283_b8_p00_r2_torch_svl,torch_svl,2,3,2026-02-23,2026-08-20,True,0.010580349775239722,8.407776271993073e-06,0.004483860917389393,1.499026020286692
2026-08-21,torch_transverse_route,0.010545398812654063,0.006375152155252247,-0.006375152155252247,False,0.0,d283_b8_p00_r0_torch_transverse_route,torch_transverse_route,0,3,2026-02-23,2026-08-20,True,0.010580349775239722,3.4950962585659356e-05,0.005754990037530661,0.17503801875500358
2026-08-21,combined,0.01057194199896773,0.006375152155252247,-0.006375152155252247,False,0.0,d283_b8_p00_r2_torch_svl,torch_svl,2,9,2026-02-23,2026-08-20,True,0.010580349775239722,8.407776271993073e-06,0.01569230412133038,1.7785373446931771
2026-08-24,torch_sbm,0.01016966168166899,0.02311428325937944,-0.02311428325937944,False,0.0,d284_b8_p00_r0_torch_sbm,torch_sbm,0,3,2026-02-24,2026-08-21,True,0.010253926399863602,8.426471819461198e-05,0.0049819499254226685,0.1044733056514815
2026-08-24,torch_svl,0.010247199006603537,0.02311428325937944,-0.02311428325937944,False,0.0,d284_b8_p00_r0_torch_svl,torch_svl,0,3,2026-02-24,2026-08-21,True,0.010253926399863602,6.727393260064912e-06,0.0033169800881296396,1.499026020286692
2026-08-24,torch_transverse_route,0.01016966168166899,0.02311428325937944,-0.02311428325937944,False,0.0,d284_b8_p00_r0_torch_transverse_route,torch_transverse_route,0,3,2026-02-24,2026-08-21,True,0.010253926399863602,8.426471819461198e-05,0.005297522060573101,0.17503801875500358
2026-08-24,combined,0.010247199006603537,0.02311428325937944,-0.02311428325937944,False,0.0,d284_b8_p00_r0_torch_svl,torch_svl,0,9,2026-02-24,2026-08-21,True,0.010253926399863602,6.727393260064912e-06,0.013596452074125409,1.7785373446931771
2026-08-25,torch_sbm,0.009943435317570528,0.007047175735969071,-0.007047175735969071,False,0.0,d285_b8_p00_r0_torch_sbm,torch_sbm,0,3,2026-02-25,2026-08-24,True,0.010046280841548223,0.00010284552397769528,0.002434241003356874,0.1044733056514815
2026-08-25,torch_svl,0.010038646734694253,0.007047175735969071,-0.007047175735969071,False,0.0,d285_b8_p00_r2_torch_svl,torch_svl,2,3,2026-02-25,2026-08-24,True,0.010046280841548223,7.634106853969536e-06,0.003133026184514165,1.499026020286692
2026-08-25,torch_transverse_route,0.009943435317570528,0.007047175735969071,-0.007047175735969071,False,0.0,d285_b8_p00_r0_torch_transverse_route,torch_transverse_route,0,3,2026-02-25,2026-08-24,True,0.010046280841548223,0.00010284552397769528,0.0025478218449279666,0.17503801875500358
2026-08-25,combined,0.010038646734694253,0.007047175735969071,-0.007047175735969071,False,0.0,d285_b8_p00_r2_torch_svl,torch_svl,2,9,2026-02-25,2026-08-24,True,0.010046280841548223,7.634106853969536e-06,0.008115089032799006,1.7785373446931771
2026-08-26,torch_sbm,0.009779559051777988,0.42134687978328167,-0.42134687978328167,False,0.0,d286_b8_p00_r0_torch_sbm,torch_sbm,0,3,2026-02-26,2026-08-25,True,0.009833769410313838,5.4210358535849296e-05,0.004533905070275068,0.1044733056514815
2026-08-26,torch_svl,0.009779559051777988,0.42134687978328167,-0.42134687978328167,False,0.0,d286_b8_p00_r1_torch_svl,torch_svl,1,3,2026-02-26,2026-08-25,True,0.009833769410313838,5.4210358535849296e-05,0.0047310859663411975,1.499026020286692
2026-08-26,torch_transverse_route,0.009779559051777988,0.42134687978328167,-0.42134687978328167,False,0.0,d286_b8_p00_r2_torch_transverse_route,torch_transverse_route,2,3,2026-02-26,2026-08-25,True,0.009833769410313838,5.4210358535849296e-05,0.0043004280887544155,0.17503801875500358
2026-08-26,combined,0.009779559051777988,0.42134687978328167,-0.42134687978328167,False,0.0,d286_b8_p00_r0_torch_sbm,torch_sbm,0,9,2026-02-26,2026-08-25,True,0.009833769410313838,5.4210358535849296e-05,0.013565419125370681,1.7785373446931771
2026-08-27,torch_sbm,0.009424965980816947,0.008854548453544681,-0.008854548453544681,False,0.0,d287_b8_p00_r0_torch_sbm,torch_sbm,0,3,2026-02-27,2026-08-26,True,0.009482078172506934,5.711219168998659e-05,0.005097841145470738,0.1044733056514815
2026-08-27,torch_svl,0.009469185897668295,0.008854548453544681,-0.008854548453544681,False,0.0,d287_b8_p00_r1_torch_svl,torch_svl,1,3,2026-02-27,2026-08-26,True,0.009482078172506934,1.2892274838638418e-05,0.005236689001321793,1.499026020286692
2026-08-27,torch_transverse_route,0.009449713700151312,0.008854548453544681,-0.008854548453544681,False,0.0,d287_b8_p00_r0_torch_transverse_route,torch_transverse_route,0,3,2026-02-27,2026-08-26,True,0.009482078172506934,3.2364472355621635e-05,0.005137781030498445,0.17503801875500358
2026-08-27,combined,0.009469185897668295,0.008854548453544681,-0.008854548453544681,False,0.0,d287_b8_p00_r1_torch_svl,torch_svl,1,9,2026-02-27,2026-08-26,True,0.009482078172506934,1.2892274838638418e-05,0.015472311177290976,1.7785373446931771
2026-08-28,torch_sbm,0.009153719782881299,0.010203926466376216,-0.010203926466376216,False,0.0,d288_b8_p00_r0_torch_sbm,torch_sbm,0,3,2026-03-02,2026-08-27,True,0.0092134621300074,5.9742347126100215e-05,0.0036712599685415626,0.16241529783777273
2026-08-28,torch_svl,0.009195756356127377,0.010203926466376216,-0.010203926466376216,False,0.0,d288_b8_p00_r2_torch_svl,torch_svl,2,3,2026-03-02,2026-08-27,True,0.0092134621300074,1.770577388002237e-05,0.004200824070721865,1.6650573606602848
2026-08-28,torch_transverse_route,0.009173168219546135,0.010203926466376216,-0.010203926466376216,False,0.0,d288_b8_p00_r0_torch_transverse_route,torch_transverse_route,0,3,2026-03-02,2026-08-27,True,0.0092134621300074,4.0293910461263946e-05,0.004140653996728361,0.2252281193311016
2026-08-28,combined,0.009195756356127377,0.010203926466376216,-0.010203926466376216,False,0.0,d288_b8_p00_r2_torch_svl,torch_svl,2,9,2026-03-02,2026-08-27,True,0.0092134621300074,1.770577388002237e-05,0.012012738035991788,2.052700777829159
2026-08-31,torch_sbm,0.009181286835735901,0.008047104000869755,-0.008047104000869755,False,0.0,d289_b8_p00_r0_torch_sbm,torch_sbm,0,3,2026-03-03,2026-08-28,True,0.00926853155033332,8.724471459741964e-05,0.003134967992082238,0.16241529783777273
2026-08-31,torch_svl,0.009265681791203765,0.008047104000869755,-0.008047104000869755,False,0.0,d289_b8_p00_r1_torch_svl,torch_svl,1,3,2026-03-03,2026-08-28,True,0.00926853155033332,2.8497591295553043e-06,0.0032735668355599046,1.6650573606602848
2026-08-31,torch_transverse_route,0.009181286835735901,0.008047104000869755,-0.008047104000869755,False,0.0,d289_b8_p00_r0_torch_transverse_route,torch_transverse_route,0,3,2026-03-03,2026-08-28,True,0.00926853155033332,8.724471459741964e-05,0.003320740070194006,0.2252281193311016
2026-08-31,combined,0.009265681791203765,0.008047104000869755,-0.008047104000869755,False,0.0,d289_b8_p00_r1_torch_svl,torch_svl,1,9,2026-03-03,2026-08-28,True,0.00926853155033332,2.8497591295553043e-06,0.009729274897836149,2.052700777829159
2026-09-01,torch_sbm,0.008990232702439737,0.08801068364097944,-0.08801068364097944,False,0.0,d290_b8_p00_r0_torch_sbm,torch_sbm,0,3,2026-03-04,2026-08-31,True,0.009051285654572694,6.105295213295649e-05,0.0040944949723780155,0.16241529783777273
2026-09-01,torch_svl,0.008971410398024392,0.08801068364097944,-0.08801068364097944,False,0.0,d290_b8_p00_r1_torch_svl,torch_svl,1,3,2026-03-04,2026-08-31,True,0.009051285654572694,7.987525654830178e-05,0.0038149257889017463,1.6650573606602848
2026-09-01,torch_transverse_route,0.008990232702439737,0.08801068364097944,-0.08801068364097944,False,0.0,d290_b8_p00_r0_torch_transverse_route,torch_transverse_route,0,3,2026-03-04,2026-08-31,True,0.009051285654572694,6.105295213295649e-05,0.004107647924683988,0.2252281193311016
2026-09-01,combined,0.008990232702439737,0.08801068364097944,-0.08801068364097944,False,0.0,d290_b8_p00_r0_torch_sbm,torch_sbm,0,9,2026-03-04,2026-08-31,True,0.009051285654572694,6.105295213295649e-05,0.01201706868596375,2.052700777829159
2026-09-02,torch_sbm,0.009101097939052368,0.025628717315890084,-0.025628717315890084,False,0.0,d291_b8_p00_r0_torch_sbm,torch_sbm,0,3,2026-03-05,2026-09-01,True,0.009215170609411743,0.00011407267035937543,0.004108522902242839,0.16241529783777273
2026-09-02,torch_svl,0.009212729329866083,0.025628717315890084,-0.025628717315890084,False,0.0,d291_b8_p00_r0_torch_svl,torch_svl,0,3,2026-03-05,2026-09-01,True,0.009215170609411743,2.4412795456597858e-06,0.0035980489337816834,1.6650573606602848
2026-09-02,torch_transverse_route,0.009101097939052368,0.025628717315890084,-0.025628717315890084,False,0.0,d291_b8_p00_r0_torch_transverse_route,torch_transverse_route,0,3,2026-03-05,2026-09-01,True,0.009215170609411743,0.00011407267035937543,0.0041068620048463345,0.2252281193311016
2026-09-02,combined,0.009212729329866083,0.025628717315890084,-0.025628717315890084,False,0.0,d291_b8_p00_r0_torch_svl,torch_svl,0,9,2026-03-05,2026-09-01,True,0.009215170609411743,2.4412795456597858e-06,0.011813433840870857,2.052700777829159
2026-09-03,torch_sbm,0.009028694027566753,0.009391994156271451,-0.009391994156271451,False,0.0,d292_b8_p00_r0_torch_sbm,torch_sbm,0,3,2026-03-06,2026-09-02,True,0.009247810168464998,0.00021911614089824456,0.0030391409527510405,0.16241529783777273
2026-09-03,torch_svl,0.009189811562746491,0.009391994156271451,-0.009391994156271451,False,0.0,d292_b8_p00_r0_torch_svl,torch_svl,0,3,2026-03-06,2026-09-02,True,0.009247810168464998,5.799860571850668e-05,0.0034044639905914664,1.6650573606602848
2026-09-03,torch_transverse_route,0.009028694027566753,0.009391994156271451,-0.009391994156271451,False,0.0,d292_b8_p00_r0_torch_transverse_route,torch_transverse_route,0,3,2026-03-06,2026-09-02,True,0.009247810168464998,0.00021911614089824456,0.003045935998670757,0.2252281193311016
2026-09-03,combined,0.009189811562746491,0.009391994156271451,-0.009391994156271451,False,0.0,d292_b8_p00_r0_torch_svl,torch_svl,0,9,2026-03-06,2026-09-02,True,0.009247810168464998,5.799860571850668e-05,0.009489540942013264,2.052700777829159
2026-09-04,torch_sbm,0.008852423516451581,0.0013798200481624017,-0.0013798200481624017,False,0.0,d293_b8_p00_r0_torch_sbm,torch_sbm,0,3,2026-03-09,2026-09-03,True,0.008980438587154155,0.00012801507070257442,0.003578779986128211,0.16241529783777273
2026-09-04,torch_svl,0.008973375316329725,0.0013798200481624017,-0.0013798200481624017,False,0.0,d293_b8_p00_r2_torch_svl,torch_svl,2,3,2026-03-09,2026-09-03,True,0.008980438587154155,7.063270824430451e-06,0.005276411888189614,1.6650573606602848
2026-09-04,torch_transverse_route,0.00888267348607104,0.0013798200481624017,-0.0013798200481624017,False,0.0,d293_b8_p00_r0_torch_transverse_route,torch_transverse_route,0,3,2026-03-09,2026-09-03,True,0.008980438587154155,9.77651010831155e-05,0.004100200021639466,0.2252281193311016
2026-09-04,combined,0.008973375316329725,0.0013798200481624017,-0.0013798200481624017,False,0.0,d293_b8_p00_r2_torch_svl,torch_svl,2,9,2026-03-09,2026-09-03,True,0.008980438587154155,7.063270824430451e-06,0.012955391895957291,2.052700777829159
