test_continuous_references_and_convex_certificates (tests.test_factor_stress.FactorStressModelTest.test_continuous_references_and_convex_certificates) ... ok
test_pca_residual_direction_preserves_portfolio_local_variance_and_no_lookahead (tests.test_factor_stress.FactorStressModelTest.test_pca_residual_direction_preserves_portfolio_local_variance_and_no_lookahead) ... ok
test_exhaustive_qubo_matches_constraints_and_global_optimum (tests.test_factor_stress.FactorStressQUBOTest.test_exhaustive_qubo_matches_constraints_and_global_optimum) ... ok
test_feasible_encoding_and_canonical_edges (tests.test_factor_stress.FactorStressQUBOTest.test_feasible_encoding_and_canonical_edges) ... ok
test_invalid_inputs_and_immutable_coefficients (tests.test_factor_stress.FactorStressQUBOTest.test_invalid_inputs_and_immutable_coefficients) ... ok
test_lattice_reference_matches_full_enumeration_including_indefinite_case (tests.test_factor_stress.FactorStressQUBOTest.test_lattice_reference_matches_full_enumeration_including_indefinite_case) ... ok
test_penalty_sweep_scales_only_constraints (tests.test_factor_stress.FactorStressQUBOTest.test_penalty_sweep_scales_only_constraints) ... ok
test_product_and_budget_violations_are_checked_separately (tests.test_factor_stress.FactorStressQUBOTest.test_product_and_budget_violations_are_checked_separately) ... ok
test_all_small_bitstrings_repair_without_mutation (tests.test_factor_stress_repair.FactorStressRepairTest.test_all_small_bitstrings_repair_without_mutation) ... ok
test_diagonal_move_can_leave_an_axis_boundary (tests.test_factor_stress_repair.FactorStressRepairTest.test_diagonal_move_can_leave_an_axis_boundary) ... ok
test_improvement_is_deterministic_monotone_and_locally_optimal (tests.test_factor_stress_repair.FactorStressRepairTest.test_improvement_is_deterministic_monotone_and_locally_optimal) ... ok
test_integer_projection_is_feasible_idempotent_and_preserves_inside (tests.test_factor_stress_repair.FactorStressRepairTest.test_integer_projection_is_feasible_idempotent_and_preserves_inside) ... ok
test_invalid_arguments (tests.test_factor_stress_repair.FactorStressRepairTest.test_invalid_arguments) ... ok
test_step_limit_and_exact_exponential_increments (tests.test_factor_stress_repair.FactorStressRepairTest.test_step_limit_and_exact_exponential_increments) ... ok

----------------------------------------------------------------------
Ran 14 tests in 0.328s

OK
/workspace/group1-factor-sweep-20260910/src/download_unit/data_assembly.py:28: PerformanceWarning: DataFrame is highly fragmented.  This is usually the result of calling `frame.insert` many times, which has poor performance.  Consider joining all columns at once using pd.concat(axis=1) instead. To get a de-fragmented frame, use `newframe = frame.copy()`
  .reindex(columns=command.instruments).reset_index())
{"stage": "prepared_day", "date": "2025-07-08", "seconds": 2.0659115370362997}
{"stage": "prepared_day", "date": "2025-07-09", "seconds": 1.8886737549910322}
{"stage": "prepared_day", "date": "2025-07-10", "seconds": 1.9647488680202514}
{"stage": "prepared_day", "date": "2025-07-11", "seconds": 1.8619861360639334}
{"stage": "prepared_day", "date": "2025-07-14", "seconds": 1.7603316269814968}
{"stage": "prepared_day", "date": "2025-07-15", "seconds": 1.7063987859291956}
{"stage": "prepared_day", "date": "2025-07-16", "seconds": 1.6683921089861542}
{"stage": "prepared_day", "date": "2025-07-17", "seconds": 1.5859003709629178}
{"stage": "prepared_day", "date": "2025-07-18", "seconds": 1.7427439610473812}
{"stage": "prepared_day", "date": "2025-07-21", "seconds": 1.70486349996645}
{"stage": "prepared_day", "date": "2025-07-22", "seconds": 1.7855599221074954}
{"stage": "prepared_day", "date": "2025-07-23", "seconds": 1.765130473067984}
{"stage": "prepared_day", "date": "2025-07-24", "seconds": 1.730467570014298}
{"stage": "prepared_day", "date": "2025-07-25", "seconds": 1.6724055050872266}
{"stage": "prepared_day", "date": "2025-07-28", "seconds": 1.7724010270321742}
{"stage": "prepared_day", "date": "2025-07-29", "seconds": 1.7411172059364617}
{"stage": "prepared_day", "date": "2025-07-30", "seconds": 1.588587834034115}
{"stage": "prepared_day", "date": "2025-07-31", "seconds": 1.5842866969760507}
{"stage": "prepared_day", "date": "2025-08-01", "seconds": 1.5909899300895631}
{"stage": "prepared_day", "date": "2025-08-04", "seconds": 1.684604931040667}
{"stage": "prepared_day", "date": "2025-08-05", "seconds": 1.5799958910793066}
{"stage": "prepared_day", "date": "2025-08-06", "seconds": 1.590197807061486}
{"stage": "prepared_day", "date": "2025-08-07", "seconds": 1.587451013037935}
{"stage": "prepared_day", "date": "2025-08-08", "seconds": 1.5802090429933742}
{"stage": "prepared_day", "date": "2025-08-11", "seconds": 1.5822371849790215}
{"stage": "prepared_day", "date": "2025-08-12", "seconds": 1.5764021519571543}
{"stage": "prepared_day", "date": "2025-08-13", "seconds": 1.5759296308970079}
{"stage": "prepared_day", "date": "2025-08-14", "seconds": 1.8839863870525733}
{"stage": "prepared_day", "date": "2025-08-15", "seconds": 1.5794287800090387}
{"stage": "prepared_day", "date": "2025-08-18", "seconds": 2.0253007559804246}
{"stage": "prepared_day", "date": "2025-08-19", "seconds": 1.8368199189426377}
{"stage": "prepared_day", "date": "2025-08-20", "seconds": 1.86542881897185}
{"stage": "prepared_day", "date": "2025-08-21", "seconds": 1.859578312956728}
{"stage": "prepared_day", "date": "2025-08-22", "seconds": 1.8428065839689225}
{"stage": "prepared_day", "date": "2025-08-25", "seconds": 1.8284522269386798}
{"stage": "prepared_day", "date": "2025-08-26", "seconds": 1.8365683601005003}
{"stage": "prepared_day", "date": "2025-08-27", "seconds": 1.7448384299641475}
{"stage": "prepared_day", "date": "2025-08-28", "seconds": 1.6983201680704951}
{"stage": "prepared_day", "date": "2025-08-29", "seconds": 1.6472837999463081}
{"stage": "prepared_day", "date": "2025-09-02", "seconds": 1.6967530410038307}
{"stage": "prepared_day", "date": "2025-09-03", "seconds": 1.6424438229296356}
{"stage": "prepared_day", "date": "2025-09-04", "seconds": 1.5918143020244315}
{"stage": "prepared_day", "date": "2025-09-05", "seconds": 1.5979245570488274}
{"stage": "prepared_day", "date": "2025-09-08", "seconds": 1.5944613359170035}
{"stage": "prepared_day", "date": "2025-09-09", "seconds": 1.5817795380717143}
{"stage": "prepared_day", "date": "2025-09-10", "seconds": 1.592949651996605}
{"stage": "prepared_day", "date": "2025-09-11", "seconds": 1.594104596064426}
{"stage": "prepared_day", "date": "2025-09-12", "seconds": 1.644876667065546}
{"stage": "prepared_day", "date": "2025-09-15", "seconds": 1.5975873380666599}
{"stage": "prepared_day", "date": "2025-09-16", "seconds": 1.584720735088922}
{"stage": "prepared_day", "date": "2025-09-17", "seconds": 1.5812830950599164}
{"stage": "prepared_day", "date": "2025-09-18", "seconds": 1.581043252022937}
{"stage": "prepared_day", "date": "2025-09-19", "seconds": 1.5856418950716034}
{"stage": "prepared_day", "date": "2025-09-22", "seconds": 1.6438077569473535}
{"stage": "prepared_day", "date": "2025-09-23", "seconds": 1.6047510070493445}
{"stage": "prepared_day", "date": "2025-09-24", "seconds": 1.5882372671039775}
{"stage": "prepared_day", "date": "2025-09-25", "seconds": 1.5943935239920393}
{"stage": "prepared_day", "date": "2025-09-26", "seconds": 1.5774381319060922}
{"stage": "prepared_day", "date": "2025-09-29", "seconds": 1.6547422889852896}
{"stage": "prepared_day", "date": "2025-09-30", "seconds": 1.5821217669872567}
{"stage": "prepared_day", "date": "2025-10-01", "seconds": 1.6246065760497004}
{"stage": "prepared_day", "date": "2025-10-02", "seconds": 1.5811268109828234}
{"stage": "prepared_day", "date": "2025-10-03", "seconds": 1.6025570220081136}
{"stage": "prepared_day", "date": "2025-10-06", "seconds": 1.7878713310929015}
{"stage": "prepared_day", "date": "2025-10-07", "seconds": 1.5749457170022652}
{"stage": "prepared_day", "date": "2025-10-08", "seconds": 1.7540800570277497}
{"stage": "prepared_day", "date": "2025-10-09", "seconds": 1.9103077510371804}
{"stage": "prepared_day", "date": "2025-10-10", "seconds": 1.5850810050033033}
{"stage": "prepared_day", "date": "2025-10-13", "seconds": 1.784959462005645}
{"stage": "prepared_day", "date": "2025-10-14", "seconds": 1.7388321759644896}
{"stage": "prepared_day", "date": "2025-10-15", "seconds": 1.7094061259413138}
{"stage": "prepared_day", "date": "2025-10-16", "seconds": 1.8830492040142417}
{"stage": "prepared_day", "date": "2025-10-17", "seconds": 1.7786339619196951}
{"stage": "prepared_day", "date": "2025-10-20", "seconds": 1.848070100066252}
{"stage": "prepared_day", "date": "2025-10-21", "seconds": 1.6723198359832168}
{"stage": "prepared_day", "date": "2025-10-22", "seconds": 1.6087990460218862}
{"stage": "prepared_day", "date": "2025-10-23", "seconds": 1.6069180939812213}
{"stage": "prepared_day", "date": "2025-10-24", "seconds": 1.7118329859804362}
{"stage": "prepared_day", "date": "2025-10-27", "seconds": 1.8360274450387806}
{"stage": "prepared_day", "date": "2025-10-28", "seconds": 1.6052407210227102}
{"stage": "prepared_day", "date": "2025-10-29", "seconds": 1.5921060090186074}
{"stage": "prepared_day", "date": "2025-10-30", "seconds": 1.7760729850269854}
{"stage": "prepared_day", "date": "2025-10-31", "seconds": 1.9294757699826732}
{"stage": "prepared_day", "date": "2025-11-03", "seconds": 2.1461605130461976}
{"stage": "prepared_day", "date": "2025-11-04", "seconds": 1.9267044600564986}
{"stage": "prepared_day", "date": "2025-11-05", "seconds": 1.6455454420065507}
{"stage": "prepared_day", "date": "2025-11-06", "seconds": 1.822418536990881}
{"stage": "prepared_day", "date": "2025-11-07", "seconds": 1.8424014379270375}
{"stage": "prepared_day", "date": "2025-11-10", "seconds": 1.749995080055669}
{"stage": "prepared_day", "date": "2025-11-11", "seconds": 1.7065387660404667}
{"stage": "prepared_day", "date": "2025-11-12", "seconds": 1.585116531001404}
{"stage": "prepared_day", "date": "2025-11-13", "seconds": 2.2707490280736238}
{"stage": "prepared_day", "date": "2025-11-14", "seconds": 1.8739282690221444}
{"stage": "prepared_day", "date": "2025-11-17", "seconds": 1.8598857650067657}
{"stage": "prepared_day", "date": "2025-11-18", "seconds": 1.633187119034119}
{"stage": "prepared_day", "date": "2025-11-19", "seconds": 1.638848789036274}
{"stage": "prepared_day", "date": "2025-11-20", "seconds": 1.5807199900737032}
{"stage": "prepared_day", "date": "2025-11-21", "seconds": 1.576235261047259}
{"stage": "prepared_day", "date": "2025-11-24", "seconds": 1.582989407936111}
{"stage": "prepared_day", "date": "2025-11-25", "seconds": 1.7213880089111626}
{"stage": "prepared_day", "date": "2025-11-26", "seconds": 1.5800896330038086}
{"stage": "prepared_day", "date": "2025-11-28", "seconds": 1.58170862600673}
{"stage": "prepared_day", "date": "2025-12-01", "seconds": 1.637562197051011}
{"stage": "prepared_day", "date": "2025-12-02", "seconds": 1.5868055740138516}
{"stage": "prepared_day", "date": "2025-12-03", "seconds": 1.587570867035538}
{"stage": "prepared_day", "date": "2025-12-04", "seconds": 2.107700568041764}
{"stage": "prepared_day", "date": "2025-12-05", "seconds": 1.7649315800517797}
{"stage": "prepared_day", "date": "2025-12-08", "seconds": 1.8314180930610746}
{"stage": "prepared_day", "date": "2025-12-09", "seconds": 1.5910686149727553}
{"stage": "prepared_day", "date": "2025-12-10", "seconds": 1.5868257239926606}
{"stage": "prepared_day", "date": "2025-12-11", "seconds": 1.5836120690219104}
{"stage": "prepared_day", "date": "2025-12-12", "seconds": 1.581418836954981}
{"stage": "prepared_day", "date": "2025-12-15", "seconds": 1.9684869829798117}
{"stage": "prepared_day", "date": "2025-12-16", "seconds": 1.5902735899435356}
{"stage": "prepared_day", "date": "2025-12-17", "seconds": 1.5795979830436409}
{"stage": "prepared_day", "date": "2025-12-18", "seconds": 1.5859001890057698}
{"stage": "prepared_day", "date": "2025-12-19", "seconds": 1.6153455750318244}
{"stage": "prepared_day", "date": "2025-12-22", "seconds": 2.2078050860436633}
{"stage": "prepared_day", "date": "2025-12-23", "seconds": 2.212721499032341}
{"stage": "prepared_day", "date": "2025-12-24", "seconds": 2.0391667279182}
{"stage": "prepared_day", "date": "2025-12-26", "seconds": 1.987296023988165}
{"stage": "prepared_day", "date": "2025-12-29", "seconds": 1.9618364470079541}
{"stage": "prepared_day", "date": "2025-12-30", "seconds": 2.000504338997416}
{"stage": "prepared_day", "date": "2025-12-31", "seconds": 2.0013547090347856}
{"stage": "prepared_day", "date": "2026-01-02", "seconds": 2.096972450031899}
{"stage": "prepared_day", "date": "2026-01-05", "seconds": 2.127419573953375}
{"stage": "prepared_day", "date": "2026-01-06", "seconds": 2.051333527895622}
{"stage": "prepared_day", "date": "2026-01-07", "seconds": 1.9564749109558761}
{"stage": "prepared_day", "date": "2026-01-08", "seconds": 1.8282330700894818}
{"stage": "prepared_day", "date": "2026-01-09", "seconds": 1.616734344046563}
{"stage": "prepared_day", "date": "2026-01-12", "seconds": 1.9259802179876715}
{"stage": "prepared_day", "date": "2026-01-13", "seconds": 1.680342347943224}
{"stage": "prepared_day", "date": "2026-01-14", "seconds": 1.5945655519608408}
{"stage": "prepared_day", "date": "2026-01-15", "seconds": 1.702187044895254}
{"stage": "prepared_day", "date": "2026-01-16", "seconds": 1.592488870024681}
{"stage": "prepared_day", "date": "2026-01-20", "seconds": 1.5890959349926561}
{"stage": "prepared_day", "date": "2026-01-21", "seconds": 1.5787173620192334}
{"stage": "prepared_day", "date": "2026-01-22", "seconds": 1.987161529948935}
{"stage": "prepared_day", "date": "2026-01-23", "seconds": 1.7403898320626467}
{"stage": "prepared_day", "date": "2026-01-26", "seconds": 1.5777023150585592}
{"stage": "prepared_day", "date": "2026-01-27", "seconds": 1.5823224160121754}
{"stage": "prepared_day", "date": "2026-01-28", "seconds": 1.7803694839822128}
{"stage": "prepared_day", "date": "2026-01-29", "seconds": 1.6643840759061277}
{"stage": "prepared_day", "date": "2026-01-30", "seconds": 1.5715258240234107}
{"stage": "prepared_day", "date": "2026-02-02", "seconds": 1.6161323239794}
{"stage": "prepared_day", "date": "2026-02-03", "seconds": 1.7087785309413448}
{"stage": "prepared_day", "date": "2026-02-04", "seconds": 1.6498557770391926}
{"stage": "prepared_day", "date": "2026-02-05", "seconds": 1.861504122032784}
{"stage": "prepared_day", "date": "2026-02-06", "seconds": 1.8233626290457323}
{"stage": "prepared_day", "date": "2026-02-09", "seconds": 1.9316782230744138}
{"stage": "prepared_day", "date": "2026-02-10", "seconds": 1.9497161280596629}
{"stage": "prepared_day", "date": "2026-02-11", "seconds": 1.9288157280534506}
{"stage": "prepared_day", "date": "2026-02-12", "seconds": 1.8900994210271165}
{"stage": "prepared_day", "date": "2026-02-13", "seconds": 1.6305757460650057}
{"stage": "prepared_day", "date": "2026-02-17", "seconds": 1.586536772083491}
{"stage": "prepared_day", "date": "2026-02-18", "seconds": 1.588763729087077}
{"stage": "prepared_day", "date": "2026-02-19", "seconds": 1.613295724033378}
{"stage": "prepared_day", "date": "2026-02-20", "seconds": 1.7708137589506805}
{"stage": "prepared_day", "date": "2026-02-23", "seconds": 1.5971276509808376}
{"stage": "prepared_day", "date": "2026-02-24", "seconds": 1.6135723900515586}
{"stage": "prepared_day", "date": "2026-02-25", "seconds": 1.5798159120604396}
{"stage": "prepared_day", "date": "2026-02-26", "seconds": 1.5988668949576095}
{"stage": "prepared_day", "date": "2026-02-27", "seconds": 1.6094396580010653}
{"stage": "prepared_day", "date": "2026-03-02", "seconds": 1.6213490219088271}
{"stage": "prepared_day", "date": "2026-03-03", "seconds": 1.6154692660784349}
{"stage": "prepared_day", "date": "2026-03-04", "seconds": 1.5905460129724815}
{"stage": "prepared_day", "date": "2026-03-05", "seconds": 1.6116100259823725}
{"stage": "prepared_day", "date": "2026-03-06", "seconds": 1.6794303819769993}
{"stage": "prepared_day", "date": "2026-03-09", "seconds": 1.606672206078656}
{"stage": "prepared_day", "date": "2026-03-10", "seconds": 1.5963277999544516}
{"stage": "prepared_day", "date": "2026-03-11", "seconds": 1.6123772179707885}
{"stage": "prepared_day", "date": "2026-03-12", "seconds": 1.9782136150170118}
{"stage": "prepared_day", "date": "2026-03-13", "seconds": 1.6225412270287052}
{"stage": "prepared_day", "date": "2026-03-16", "seconds": 1.5989019490079954}
{"stage": "prepared_day", "date": "2026-03-17", "seconds": 1.6516125990310684}
{"stage": "prepared_day", "date": "2026-03-18", "seconds": 1.5785497289616615}
{"stage": "prepared_day", "date": "2026-03-19", "seconds": 1.6650903539266437}
{"stage": "prepared_day", "date": "2026-03-20", "seconds": 1.5936452900059521}
{"stage": "prepared_day", "date": "2026-03-23", "seconds": 1.5871483969967812}
{"stage": "prepared_day", "date": "2026-03-24", "seconds": 1.5731775490567088}
{"stage": "prepared_day", "date": "2026-03-25", "seconds": 1.5901262420229614}
{"stage": "prepared_day", "date": "2026-03-26", "seconds": 1.581847743014805}
{"stage": "prepared_day", "date": "2026-03-27", "seconds": 1.731908471090719}
{"stage": "prepared_day", "date": "2026-03-30", "seconds": 1.6155468829674646}
{"stage": "prepared_day", "date": "2026-03-31", "seconds": 1.584699277067557}
{"stage": "prepared_day", "date": "2026-04-01", "seconds": 1.5850449519930407}
{"stage": "prepared_day", "date": "2026-04-02", "seconds": 1.5838022420648485}
{"stage": "prepared_day", "date": "2026-04-06", "seconds": 1.5814392910106108}
{"stage": "prepared_day", "date": "2026-04-07", "seconds": 1.581791164004244}
{"stage": "prepared_day", "date": "2026-04-08", "seconds": 1.589535319013521}
{"stage": "prepared_day", "date": "2026-04-09", "seconds": 1.6047277679899707}
{"stage": "prepared_day", "date": "2026-04-10", "seconds": 1.5802958949934691}
{"stage": "prepared_day", "date": "2026-04-13", "seconds": 1.5809892209945247}
{"stage": "prepared_day", "date": "2026-04-14", "seconds": 1.5820015569915995}
{"stage": "prepared_day", "date": "2026-04-15", "seconds": 1.5801385040394962}
{"stage": "prepared_day", "date": "2026-04-16", "seconds": 1.5804812359856442}
{"stage": "prepared_day", "date": "2026-04-17", "seconds": 1.5914766560308635}
{"stage": "prepared_day", "date": "2026-04-20", "seconds": 1.5887533660279587}
{"stage": "prepared_day", "date": "2026-04-21", "seconds": 1.5799048559274524}
{"stage": "prepared_day", "date": "2026-04-22", "seconds": 2.2354050669819117}
{"stage": "prepared_day", "date": "2026-04-23", "seconds": 1.5856201220303774}
{"stage": "prepared_day", "date": "2026-04-24", "seconds": 1.6256784669822082}
{"stage": "prepared_day", "date": "2026-04-27", "seconds": 1.5787448969203979}
{"stage": "prepared_day", "date": "2026-04-28", "seconds": 1.5851084040477872}
{"stage": "prepared_day", "date": "2026-04-29", "seconds": 1.5778884569881484}
{"stage": "prepared_day", "date": "2026-04-30", "seconds": 1.5957644269801676}
{"stage": "prepared_day", "date": "2026-05-01", "seconds": 1.5961364200338721}
{"stage": "prepared_day", "date": "2026-05-04", "seconds": 1.601823378005065}
{"stage": "prepared_day", "date": "2026-05-05", "seconds": 2.244926010025665}
{"stage": "prepared_day", "date": "2026-05-06", "seconds": 1.6480150549905375}
{"stage": "prepared_day", "date": "2026-05-07", "seconds": 2.218760636053048}
{"stage": "prepared_day", "date": "2026-05-08", "seconds": 1.798208724008873}
{"stage": "prepared_day", "date": "2026-05-11", "seconds": 1.596898715943098}
{"stage": "prepared_day", "date": "2026-05-12", "seconds": 1.6044572750106454}
{"stage": "prepared_day", "date": "2026-05-13", "seconds": 1.6003059590002522}
{"stage": "prepared_day", "date": "2026-05-14", "seconds": 1.602107523009181}
{"stage": "prepared_day", "date": "2026-05-15", "seconds": 2.0031981540378183}
{"stage": "prepared_day", "date": "2026-05-18", "seconds": 1.9990684210788459}
{"stage": "prepared_day", "date": "2026-05-19", "seconds": 1.9720977710094303}
{"stage": "prepared_day", "date": "2026-05-20", "seconds": 1.904101733933203}
{"stage": "prepared_day", "date": "2026-05-21", "seconds": 1.9741699500009418}
{"stage": "prepared_day", "date": "2026-05-22", "seconds": 1.9270229930989444}
{"stage": "prepared_day", "date": "2026-05-26", "seconds": 1.923615420004353}
{"stage": "prepared_day", "date": "2026-05-27", "seconds": 1.8520523819606751}
{"stage": "prepared_day", "date": "2026-05-28", "seconds": 2.0528577680233866}
{"stage": "prepared_day", "date": "2026-05-29", "seconds": 1.80490299500525}
{"stage": "prepared_day", "date": "2026-06-01", "seconds": 1.8972960991086438}
{"stage": "prepared_day", "date": "2026-06-02", "seconds": 1.5989603559719399}
{"stage": "prepared_day", "date": "2026-06-03", "seconds": 1.58761483093258}
{"stage": "prepared_day", "date": "2026-06-04", "seconds": 1.6644081940175965}
{"stage": "prepared_day", "date": "2026-06-05", "seconds": 1.8001637740526348}
{"stage": "prepared_day", "date": "2026-06-08", "seconds": 1.861852087895386}
{"stage": "prepared_day", "date": "2026-06-09", "seconds": 1.8609621230280027}
{"stage": "prepared_day", "date": "2026-06-10", "seconds": 1.7759635590482503}
{"stage": "prepared_day", "date": "2026-06-11", "seconds": 1.9598372800974175}
{"stage": "prepared_day", "date": "2026-06-12", "seconds": 1.8230383390327916}
{"stage": "prepared_day", "date": "2026-06-15", "seconds": 1.8404817970003933}
{"stage": "prepared_day", "date": "2026-06-16", "seconds": 2.095971160917543}
{"stage": "prepared_day", "date": "2026-06-17", "seconds": 1.946210956084542}
{"stage": "prepared_day", "date": "2026-06-18", "seconds": 1.657390889013186}
{"stage": "prepared_day", "date": "2026-06-22", "seconds": 1.7037781620165333}
{"stage": "prepared_day", "date": "2026-06-23", "seconds": 1.6837676259456202}
{"stage": "prepared_day", "date": "2026-06-24", "seconds": 1.5911152340704575}
{"stage": "prepared_day", "date": "2026-06-25", "seconds": 1.5931937709683552}
{"stage": "prepared_day", "date": "2026-06-26", "seconds": 1.5776592250913382}
{"stage": "prepared_day", "date": "2026-06-29", "seconds": 1.57803390303161}
{"stage": "prepared_day", "date": "2026-06-30", "seconds": 1.5801730500534177}
{"stage": "prepared_day", "date": "2026-07-01", "seconds": 1.6409076310228556}
{"stage": "prepared_day", "date": "2026-07-02", "seconds": 1.6591004129732028}
{"stage": "prepared_day", "date": "2026-07-06", "seconds": 1.6502150129526854}
{"stage": "prepared_day", "date": "2026-07-07", "seconds": 1.609157126978971}
{"stage": "prepared_day", "date": "2026-07-08", "seconds": 1.6013984659221023}
{"stage": "prepared_day", "date": "2026-07-09", "seconds": 1.612144240993075}
{"stage": "prepared_day", "date": "2026-07-10", "seconds": 1.6111422160174698}
{"stage": "prepared_day", "date": "2026-07-13", "seconds": 2.23610193899367}
{"stage": "prepared_day", "date": "2026-07-14", "seconds": 1.600561778061092}
{"stage": "prepared_day", "date": "2026-07-15", "seconds": 1.601781798992306}
{"stage": "prepared_day", "date": "2026-07-16", "seconds": 1.5933114130748436}
{"stage": "prepared_day", "date": "2026-07-17", "seconds": 1.810825477936305}
{"stage": "prepared_day", "date": "2026-07-20", "seconds": 1.603661086061038}
{"stage": "prepared_day", "date": "2026-07-21", "seconds": 1.6160576180554926}
{"stage": "prepared_day", "date": "2026-07-22", "seconds": 1.7483185669407248}
{"stage": "prepared_day", "date": "2026-07-23", "seconds": 1.6694025039905682}
{"stage": "prepared_day", "date": "2026-07-24", "seconds": 1.7784967039478943}
{"stage": "prepared_day", "date": "2026-07-27", "seconds": 1.5971968290396035}
{"stage": "prepared_day", "date": "2026-07-28", "seconds": 1.5862355229910463}
{"stage": "prepared_day", "date": "2026-07-29", "seconds": 1.6680675559910014}
{"stage": "prepared_day", "date": "2026-07-30", "seconds": 1.5888676969334483}
{"stage": "prepared_day", "date": "2026-07-31", "seconds": 1.608778736088425}
{"stage": "prepared_day", "date": "2026-08-03", "seconds": 1.5859395830193534}
{"stage": "prepared_day", "date": "2026-08-04", "seconds": 1.7340256749885157}
{"stage": "prepared_day", "date": "2026-08-05", "seconds": 1.7101739160716534}
{"stage": "prepared_day", "date": "2026-08-06", "seconds": 1.698512156959623}
{"stage": "prepared_day", "date": "2026-08-07", "seconds": 1.6084985079942271}
{"stage": "prepared_day", "date": "2026-08-10", "seconds": 1.5839489368954673}
{"stage": "prepared_day", "date": "2026-08-11", "seconds": 1.6004198980517685}
{"stage": "prepared_day", "date": "2026-08-12", "seconds": 1.5924228830263019}
{"stage": "prepared_day", "date": "2026-08-13", "seconds": 1.586979310028255}
{"stage": "prepared_day", "date": "2026-08-14", "seconds": 1.5911127929575741}
{"stage": "prepared_day", "date": "2026-08-17", "seconds": 1.5909964939346537}
{"stage": "prepared_day", "date": "2026-08-18", "seconds": 1.587048682034947}
{"stage": "prepared_day", "date": "2026-08-19", "seconds": 1.5829249619273469}
{"stage": "prepared_day", "date": "2026-08-20", "seconds": 1.5886486059753224}
{"stage": "prepared_day", "date": "2026-08-21", "seconds": 1.5809989490080625}
{"stage": "prepared_day", "date": "2026-08-24", "seconds": 1.6016928550088778}
{"stage": "prepared_day", "date": "2026-08-25", "seconds": 1.5895731890341267}
{"stage": "prepared_day", "date": "2026-08-26", "seconds": 1.6026357529917732}
{"stage": "prepared_day", "date": "2026-08-27", "seconds": 1.5931037979898974}
{"stage": "prepared_day", "date": "2026-08-28", "seconds": 1.6079810810042545}
{"stage": "prepared_day", "date": "2026-08-31", "seconds": 1.613226076005958}
{"stage": "prepared_day", "date": "2026-09-01", "seconds": 1.6293017310090363}
{"stage": "prepared_day", "date": "2026-09-02", "seconds": 1.5996041080215946}
{"stage": "prepared_day", "date": "2026-09-03", "seconds": 1.6091631619492546}
{"stage": "prepared_day", "date": "2026-09-04", "seconds": 1.6006970159942284}
{"stage": "sweeping", "completed_jobs": 32, "total_jobs": 2646, "completed_batches": 1, "total_batches": 84, "active": [{"type": "started", "batch": 1, "gpu": 5, "solver": "torch_svl", "jobs": 32, "started": 1789024763.1162124}, {"type": "started", "batch": 2, "gpu": 4, "solver": "torch_transverse_route", "jobs": 32, "started": 1789024763.2277687}, {"type": "started", "batch": 3, "gpu": 3, "solver": "torch_sbm", "jobs": 32, "started": 1789024763.237939}, {"type": "started", "batch": 4, "gpu": 2, "solver": "torch_svl", "jobs": 32, "started": 1789024763.2490296}, {"type": "started", "batch": 5, "gpu": 6, "solver": "torch_transverse_route", "jobs": 32, "started": 1789024763.4006248}, {"type": "started", "batch": 6, "gpu": 1, "solver": "torch_sbm", "jobs": 32, "started": 1789024763.4079175}, {"type": "started", "batch": 7, "gpu": 7, "solver": "torch_svl", "jobs": 32, "started": 1789024763.410416}], "peak_parallel_jobs": 256, "elapsed_seconds": 5.5674063509795815}
{"stage": "sweeping", "completed_jobs": 64, "total_jobs": 2646, "completed_batches": 2, "total_batches": 84, "active": [{"type": "started", "batch": 1, "gpu": 5, "solver": "torch_svl", "jobs": 32, "started": 1789024763.1162124}, {"type": "started", "batch": 2, "gpu": 4, "solver": "torch_transverse_route", "jobs": 32, "started": 1789024763.2277687}, {"type": "started", "batch": 4, "gpu": 2, "solver": "torch_svl", "jobs": 32, "started": 1789024763.2490296}, {"type": "started", "batch": 5, "gpu": 6, "solver": "torch_transverse_route", "jobs": 32, "started": 1789024763.4006248}, {"type": "started", "batch": 6, "gpu": 1, "solver": "torch_sbm", "jobs": 32, "started": 1789024763.4079175}, {"type": "started", "batch": 7, "gpu": 7, "solver": "torch_svl", "jobs": 32, "started": 1789024763.410416}, {"type": "started", "batch": 8, "gpu": 0, "solver": "torch_transverse_route", "jobs": 32, "started": 1789024763.5528514}], "peak_parallel_jobs": 256, "elapsed_seconds": 6.275569870020263}
{"stage": "sweeping", "completed_jobs": 96, "total_jobs": 2646, "completed_batches": 3, "total_batches": 84, "active": [{"type": "started", "batch": 1, "gpu": 5, "solver": "torch_svl", "jobs": 32, "started": 1789024763.1162124}, {"type": "started", "batch": 2, "gpu": 4, "solver": "torch_transverse_route", "jobs": 32, "started": 1789024763.2277687}, {"type": "started", "batch": 4, "gpu": 2, "solver": "torch_svl", "jobs": 32, "started": 1789024763.2490296}, {"type": "started", "batch": 5, "gpu": 6, "solver": "torch_transverse_route", "jobs": 32, "started": 1789024763.4006248}, {"type": "started", "batch": 7, "gpu": 7, "solver": "torch_svl", "jobs": 32, "started": 1789024763.410416}, {"type": "started", "batch": 8, "gpu": 0, "solver": "torch_transverse_route", "jobs": 32, "started": 1789024763.5528514}, {"type": "started", "batch": 9, "gpu": 3, "solver": "torch_sbm", "jobs": 32, "started": 1789024764.4299526}], "peak_parallel_jobs": 256, "elapsed_seconds": 6.462652969988994}
{"stage": "sweeping", "completed_jobs": 128, "total_jobs": 2646, "completed_batches": 4, "total_batches": 84, "active": [{"type": "started", "batch": 1, "gpu": 5, "solver": "torch_svl", "jobs": 32, "started": 1789024763.1162124}, {"type": "started", "batch": 4, "gpu": 2, "solver": "torch_svl", "jobs": 32, "started": 1789024763.2490296}, {"type": "started", "batch": 5, "gpu": 6, "solver": "torch_transverse_route", "jobs": 32, "started": 1789024763.4006248}, {"type": "started", "batch": 7, "gpu": 7, "solver": "torch_svl", "jobs": 32, "started": 1789024763.410416}, {"type": "started", "batch": 8, "gpu": 0, "solver": "torch_transverse_route", "jobs": 32, "started": 1789024763.5528514}, {"type": "started", "batch": 9, "gpu": 3, "solver": "torch_sbm", "jobs": 32, "started": 1789024764.4299526}, {"type": "started", "batch": 10, "gpu": 1, "solver": "torch_svl", "jobs": 32, "started": 1789024764.6158855}], "peak_parallel_jobs": 256, "elapsed_seconds": 7.120771799003705}
{"stage": "sweeping", "completed_jobs": 160, "total_jobs": 2646, "completed_batches": 5, "total_batches": 84, "active": [{"type": "started", "batch": 1, "gpu": 5, "solver": "torch_svl", "jobs": 32, "started": 1789024763.1162124}, {"type": "started", "batch": 4, "gpu": 2, "solver": "torch_svl", "jobs": 32, "started": 1789024763.2490296}, {"type": "started", "batch": 5, "gpu": 6, "solver": "torch_transverse_route", "jobs": 32, "started": 1789024763.4006248}, {"type": "started", "batch": 7, "gpu": 7, "solver": "torch_svl", "jobs": 32, "started": 1789024763.410416}, {"type": "started", "batch": 9, "gpu": 3, "solver": "torch_sbm", "jobs": 32, "started": 1789024764.4299526}, {"type": "started", "batch": 10, "gpu": 1, "solver": "torch_svl", "jobs": 32, "started": 1789024764.6158855}, {"type": "started", "batch": 11, "gpu": 4, "solver": "torch_transverse_route", "jobs": 32, "started": 1789024765.2744439}], "peak_parallel_jobs": 256, "elapsed_seconds": 7.200021066935733}
{"stage": "sweeping", "completed_jobs": 192, "total_jobs": 2646, "completed_batches": 6, "total_batches": 84, "active": [{"type": "started", "batch": 1, "gpu": 5, "solver": "torch_svl", "jobs": 32, "started": 1789024763.1162124}, {"type": "started", "batch": 4, "gpu": 2, "solver": "torch_svl", "jobs": 32, "started": 1789024763.2490296}, {"type": "started", "batch": 7, "gpu": 7, "solver": "torch_svl", "jobs": 32, "started": 1789024763.410416}, {"type": "started", "batch": 9, "gpu": 3, "solver": "torch_sbm", "jobs": 32, "started": 1789024764.4299526}, {"type": "started", "batch": 10, "gpu": 1, "solver": "torch_svl", "jobs": 32, "started": 1789024764.6158855}, {"type": "started", "batch": 11, "gpu": 4, "solver": "torch_transverse_route", "jobs": 32, "started": 1789024765.2744439}, {"type": "started", "batch": 12, "gpu": 0, "solver": "torch_sbm", "jobs": 32, "started": 1789024765.3536153}], "peak_parallel_jobs": 256, "elapsed_seconds": 7.38080002903007}
{"stage": "sweeping", "completed_jobs": 224, "total_jobs": 2646, "completed_batches": 7, "total_batches": 84, "active": [{"type": "started", "batch": 1, "gpu": 5, "solver": "torch_svl", "jobs": 32, "started": 1789024763.1162124}, {"type": "started", "batch": 4, "gpu": 2, "solver": "torch_svl", "jobs": 32, "started": 1789024763.2490296}, {"type": "started", "batch": 7, "gpu": 7, "solver": "torch_svl", "jobs": 32, "started": 1789024763.410416}, {"type": "started", "batch": 10, "gpu": 1, "solver": "torch_svl", "jobs": 32, "started": 1789024764.6158855}, {"type": "started", "batch": 11, "gpu": 4, "solver": "torch_transverse_route", "jobs": 32, "started": 1789024765.2744439}, {"type": "started", "batch": 12, "gpu": 0, "solver": "torch_sbm", "jobs": 32, "started": 1789024765.3536153}, {"type": "started", "batch": 13, "gpu": 6, "solver": "torch_svl", "jobs": 32, "started": 1789024765.5345943}], "peak_parallel_jobs": 256, "elapsed_seconds": 7.416131097008474}
{"stage": "sweeping", "completed_jobs": 256, "total_jobs": 2646, "completed_batches": 8, "total_batches": 84, "active": [{"type": "started", "batch": 1, "gpu": 5, "solver": "torch_svl", "jobs": 32, "started": 1789024763.1162124}, {"type": "started", "batch": 4, "gpu": 2, "solver": "torch_svl", "jobs": 32, "started": 1789024763.2490296}, {"type": "started", "batch": 7, "gpu": 7, "solver": "torch_svl", "jobs": 32, "started": 1789024763.410416}, {"type": "started", "batch": 10, "gpu": 1, "solver": "torch_svl", "jobs": 32, "started": 1789024764.6158855}, {"type": "started", "batch": 11, "gpu": 4, "solver": "torch_transverse_route", "jobs": 32, "started": 1789024765.2744439}, {"type": "started", "batch": 13, "gpu": 6, "solver": "torch_svl", "jobs": 32, "started": 1789024765.5345943}, {"type": "started", "batch": 14, "gpu": 3, "solver": "torch_transverse_route", "jobs": 32, "started": 1789024765.5697412}], "peak_parallel_jobs": 256, "elapsed_seconds": 8.341522483038716}
{"stage": "sweeping", "completed_jobs": 288, "total_jobs": 2646, "completed_batches": 9, "total_batches": 84, "active": [{"type": "started", "batch": 1, "gpu": 5, "solver": "torch_svl", "jobs": 32, "started": 1789024763.1162124}, {"type": "started", "batch": 4, "gpu": 2, "solver": "torch_svl", "jobs": 32, "started": 1789024763.2490296}, {"type": "started", "batch": 7, "gpu": 7, "solver": "torch_svl", "jobs": 32, "started": 1789024763.410416}, {"type": "started", "batch": 10, "gpu": 1, "solver": "torch_svl", "jobs": 32, "started": 1789024764.6158855}, {"type": "started", "batch": 13, "gpu": 6, "solver": "torch_svl", "jobs": 32, "started": 1789024765.5345943}, {"type": "started", "batch": 14, "gpu": 3, "solver": "torch_transverse_route", "jobs": 32, "started": 1789024765.5697412}, {"type": "started", "batch": 15, "gpu": 0, "solver": "torch_sbm", "jobs": 32, "started": 1789024766.4951313}], "peak_parallel_jobs": 256, "elapsed_seconds": 8.960597035940737}
{"stage": "sweeping", "completed_jobs": 320, "total_jobs": 2646, "completed_batches": 10, "total_batches": 84, "active": [{"type": "started", "batch": 1, "gpu": 5, "solver": "torch_svl", "jobs": 32, "started": 1789024763.1162124}, {"type": "started", "batch": 4, "gpu": 2, "solver": "torch_svl", "jobs": 32, "started": 1789024763.2490296}, {"type": "started", "batch": 7, "gpu": 7, "solver": "torch_svl", "jobs": 32, "started": 1789024763.410416}, {"type": "started", "batch": 10, "gpu": 1, "solver": "torch_svl", "jobs": 32, "started": 1789024764.6158855}, {"type": "started", "batch": 13, "gpu": 6, "solver": "torch_svl", "jobs": 32, "started": 1789024765.5345943}, {"type": "started", "batch": 14, "gpu": 3, "solver": "torch_transverse_route", "jobs": 32, "started": 1789024765.5697412}, {"type": "started", "batch": 16, "gpu": 4, "solver": "torch_svl", "jobs": 32, "started": 1789024767.1149516}], "peak_parallel_jobs": 256, "elapsed_seconds": 9.481311501935124}
{"stage": "sweeping", "completed_jobs": 352, "total_jobs": 2646, "completed_batches": 11, "total_batches": 84, "active": [{"type": "started", "batch": 1, "gpu": 5, "solver": "torch_svl", "jobs": 32, "started": 1789024763.1162124}, {"type": "started", "batch": 4, "gpu": 2, "solver": "torch_svl", "jobs": 32, "started": 1789024763.2490296}, {"type": "started", "batch": 7, "gpu": 7, "solver": "torch_svl", "jobs": 32, "started": 1789024763.410416}, {"type": "started", "batch": 10, "gpu": 1, "solver": "torch_svl", "jobs": 32, "started": 1789024764.6158855}, {"type": "started", "batch": 13, "gpu": 6, "solver": "torch_svl", "jobs": 32, "started": 1789024765.5345943}, {"type": "started", "batch": 16, "gpu": 4, "solver": "torch_svl", "jobs": 32, "started": 1789024767.1149516}, {"type": "started", "batch": 17, "gpu": 0, "solver": "torch_transverse_route", "jobs": 32, "started": 1789024767.6348991}], "peak_parallel_jobs": 256, "elapsed_seconds": 9.684778896975331}
{"stage": "sweeping", "completed_jobs": 384, "total_jobs": 2646, "completed_batches": 12, "total_batches": 84, "active": [{"type": "started", "batch": 1, "gpu": 5, "solver": "torch_svl", "jobs": 32, "started": 1789024763.1162124}, {"type": "started", "batch": 4, "gpu": 2, "solver": "torch_svl", "jobs": 32, "started": 1789024763.2490296}, {"type": "started", "batch": 7, "gpu": 7, "solver": "torch_svl", "jobs": 32, "started": 1789024763.410416}, {"type": "started", "batch": 10, "gpu": 1, "solver": "torch_svl", "jobs": 32, "started": 1789024764.6158855}, {"type": "started", "batch": 13, "gpu": 6, "solver": "torch_svl", "jobs": 32, "started": 1789024765.5345943}, {"type": "started", "batch": 16, "gpu": 4, "solver": "torch_svl", "jobs": 32, "started": 1789024767.1149516}, {"type": "started", "batch": 17, "gpu": 0, "solver": "torch_transverse_route", "jobs": 32, "started": 1789024767.6348991}], "peak_parallel_jobs": 256, "elapsed_seconds": 10.831436548032798}
{"stage": "sweeping", "completed_jobs": 416, "total_jobs": 2646, "completed_batches": 13, "total_batches": 84, "active": [{"type": "started", "batch": 1, "gpu": 5, "solver": "torch_svl", "jobs": 32, "started": 1789024763.1162124}, {"type": "started", "batch": 4, "gpu": 2, "solver": "torch_svl", "jobs": 32, "started": 1789024763.2490296}, {"type": "started", "batch": 7, "gpu": 7, "solver": "torch_svl", "jobs": 32, "started": 1789024763.410416}, {"type": "started", "batch": 10, "gpu": 1, "solver": "torch_svl", "jobs": 32, "started": 1789024764.6158855}, {"type": "started", "batch": 13, "gpu": 6, "solver": "torch_svl", "jobs": 32, "started": 1789024765.5345943}, {"type": "started", "batch": 16, "gpu": 4, "solver": "torch_svl", "jobs": 32, "started": 1789024767.1149516}, {"type": "started", "batch": 19, "gpu": 3, "solver": "torch_svl", "jobs": 32, "started": 1789024768.9852154}], "peak_parallel_jobs": 256, "elapsed_seconds": 11.331387393991463}
{"stage": "sweeping", "completed_jobs": 448, "total_jobs": 2646, "completed_batches": 14, "total_batches": 84, "active": [{"type": "started", "batch": 1, "gpu": 5, "solver": "torch_svl", "jobs": 32, "started": 1789024763.1162124}, {"type": "started", "batch": 4, "gpu": 2, "solver": "torch_svl", "jobs": 32, "started": 1789024763.2490296}, {"type": "started", "batch": 7, "gpu": 7, "solver": "torch_svl", "jobs": 32, "started": 1789024763.410416}, {"type": "started", "batch": 10, "gpu": 1, "solver": "torch_svl", "jobs": 32, "started": 1789024764.6158855}, {"type": "started", "batch": 13, "gpu": 6, "solver": "torch_svl", "jobs": 32, "started": 1789024765.5345943}, {"type": "started", "batch": 16, "gpu": 4, "solver": "torch_svl", "jobs": 32, "started": 1789024767.1149516}, {"type": "started", "batch": 19, "gpu": 3, "solver": "torch_svl", "jobs": 32, "started": 1789024768.9852154}], "peak_parallel_jobs": 256, "elapsed_seconds": 13.108961388934404}
{"stage": "sweeping", "completed_jobs": 480, "total_jobs": 2646, "completed_batches": 15, "total_batches": 84, "active": [{"type": "started", "batch": 1, "gpu": 5, "solver": "torch_svl", "jobs": 32, "started": 1789024763.1162124}, {"type": "started", "batch": 4, "gpu": 2, "solver": "torch_svl", "jobs": 32, "started": 1789024763.2490296}, {"type": "started", "batch": 7, "gpu": 7, "solver": "torch_svl", "jobs": 32, "started": 1789024763.410416}, {"type": "started", "batch": 10, "gpu": 1, "solver": "torch_svl", "jobs": 32, "started": 1789024764.6158855}, {"type": "started", "batch": 13, "gpu": 6, "solver": "torch_svl", "jobs": 32, "started": 1789024765.5345943}, {"type": "started", "batch": 16, "gpu": 4, "solver": "torch_svl", "jobs": 32, "started": 1789024767.1149516}, {"type": "started", "batch": 19, "gpu": 3, "solver": "torch_svl", "jobs": 32, "started": 1789024768.9852154}], "peak_parallel_jobs": 256, "elapsed_seconds": 14.247804897953756}
{"stage": "sweeping", "completed_jobs": 512, "total_jobs": 2646, "completed_batches": 16, "total_batches": 84, "active": [{"type": "started", "batch": 4, "gpu": 2, "solver": "torch_svl", "jobs": 32, "started": 1789024763.2490296}, {"type": "started", "batch": 7, "gpu": 7, "solver": "torch_svl", "jobs": 32, "started": 1789024763.410416}, {"type": "started", "batch": 10, "gpu": 1, "solver": "torch_svl", "jobs": 32, "started": 1789024764.6158855}, {"type": "started", "batch": 13, "gpu": 6, "solver": "torch_svl", "jobs": 32, "started": 1789024765.5345943}, {"type": "started", "batch": 16, "gpu": 4, "solver": "torch_svl", "jobs": 32, "started": 1789024767.1149516}, {"type": "started", "batch": 19, "gpu": 3, "solver": "torch_svl", "jobs": 32, "started": 1789024768.9852154}, {"type": "started", "batch": 22, "gpu": 0, "solver": "torch_svl", "jobs": 32, "started": 1789024772.4016404}], "peak_parallel_jobs": 256, "elapsed_seconds": 21.96198215999175}
{"stage": "sweeping", "completed_jobs": 544, "total_jobs": 2646, "completed_batches": 17, "total_batches": 84, "active": [{"type": "started", "batch": 7, "gpu": 7, "solver": "torch_svl", "jobs": 32, "started": 1789024763.410416}, {"type": "started", "batch": 10, "gpu": 1, "solver": "torch_svl", "jobs": 32, "started": 1789024764.6158855}, {"type": "started", "batch": 13, "gpu": 6, "solver": "torch_svl", "jobs": 32, "started": 1789024765.5345943}, {"type": "started", "batch": 16, "gpu": 4, "solver": "torch_svl", "jobs": 32, "started": 1789024767.1149516}, {"type": "started", "batch": 19, "gpu": 3, "solver": "torch_svl", "jobs": 32, "started": 1789024768.9852154}, {"type": "started", "batch": 22, "gpu": 0, "solver": "torch_svl", "jobs": 32, "started": 1789024772.4016404}, {"type": "started", "batch": 23, "gpu": 5, "solver": "torch_transverse_route", "jobs": 32, "started": 1789024780.1161172}], "peak_parallel_jobs": 256, "elapsed_seconds": 22.07774396194145}
{"stage": "sweeping", "completed_jobs": 576, "total_jobs": 2646, "completed_batches": 18, "total_batches": 84, "active": [{"type": "started", "batch": 10, "gpu": 1, "solver": "torch_svl", "jobs": 32, "started": 1789024764.6158855}, {"type": "started", "batch": 13, "gpu": 6, "solver": "torch_svl", "jobs": 32, "started": 1789024765.5345943}, {"type": "started", "batch": 16, "gpu": 4, "solver": "torch_svl", "jobs": 32, "started": 1789024767.1149516}, {"type": "started", "batch": 19, "gpu": 3, "solver": "torch_svl", "jobs": 32, "started": 1789024768.9852154}, {"type": "started", "batch": 22, "gpu": 0, "solver": "torch_svl", "jobs": 32, "started": 1789024772.4016404}, {"type": "started", "batch": 23, "gpu": 5, "solver": "torch_transverse_route", "jobs": 32, "started": 1789024780.1161172}, {"type": "started", "batch": 24, "gpu": 2, "solver": "torch_sbm", "jobs": 32, "started": 1789024780.230801}], "peak_parallel_jobs": 256, "elapsed_seconds": 22.08177843003068}
{"stage": "sweeping", "completed_jobs": 608, "total_jobs": 2646, "completed_batches": 19, "total_batches": 84, "active": [{"type": "started", "batch": 10, "gpu": 1, "solver": "torch_svl", "jobs": 32, "started": 1789024764.6158855}, {"type": "started", "batch": 13, "gpu": 6, "solver": "torch_svl", "jobs": 32, "started": 1789024765.5345943}, {"type": "started", "batch": 16, "gpu": 4, "solver": "torch_svl", "jobs": 32, "started": 1789024767.1149516}, {"type": "started", "batch": 19, "gpu": 3, "solver": "torch_svl", "jobs": 32, "started": 1789024768.9852154}, {"type": "started", "batch": 22, "gpu": 0, "solver": "torch_svl", "jobs": 32, "started": 1789024772.4016404}, {"type": "started", "batch": 23, "gpu": 5, "solver": "torch_transverse_route", "jobs": 32, "started": 1789024780.1161172}, {"type": "started", "batch": 25, "gpu": 7, "solver": "torch_svl", "jobs": 32, "started": 1789024780.2348156}], "peak_parallel_jobs": 256, "elapsed_seconds": 23.262603932991624}
{"stage": "sweeping", "completed_jobs": 640, "total_jobs": 2646, "completed_batches": 20, "total_batches": 84, "active": [{"type": "started", "batch": 13, "gpu": 6, "solver": "torch_svl", "jobs": 32, "started": 1789024765.5345943}, {"type": "started", "batch": 16, "gpu": 4, "solver": "torch_svl", "jobs": 32, "started": 1789024767.1149516}, {"type": "started", "batch": 19, "gpu": 3, "solver": "torch_svl", "jobs": 32, "started": 1789024768.9852154}, {"type": "started", "batch": 22, "gpu": 0, "solver": "torch_svl", "jobs": 32, "started": 1789024772.4016404}, {"type": "started", "batch": 23, "gpu": 5, "solver": "torch_transverse_route", "jobs": 32, "started": 1789024780.1161172}, {"type": "started", "batch": 25, "gpu": 7, "solver": "torch_svl", "jobs": 32, "started": 1789024780.2348156}, {"type": "started", "batch": 26, "gpu": 2, "solver": "torch_transverse_route", "jobs": 32, "started": 1789024781.4162834}], "peak_parallel_jobs": 256, "elapsed_seconds": 23.385706408997066}
{"stage": "sweeping", "completed_jobs": 672, "total_jobs": 2646, "completed_batches": 21, "total_batches": 84, "active": [{"type": "started", "batch": 13, "gpu": 6, "solver": "torch_svl", "jobs": 32, "started": 1789024765.5345943}, {"type": "started", "batch": 16, "gpu": 4, "solver": "torch_svl", "jobs": 32, "started": 1789024767.1149516}, {"type": "started", "batch": 19, "gpu": 3, "solver": "torch_svl", "jobs": 32, "started": 1789024768.9852154}, {"type": "started", "batch": 22, "gpu": 0, "solver": "torch_svl", "jobs": 32, "started": 1789024772.4016404}, {"type": "started", "batch": 25, "gpu": 7, "solver": "torch_svl", "jobs": 32, "started": 1789024780.2348156}, {"type": "started", "batch": 26, "gpu": 2, "solver": "torch_transverse_route", "jobs": 32, "started": 1789024781.4162834}, {"type": "started", "batch": 27, "gpu": 1, "solver": "torch_sbm", "jobs": 32, "started": 1789024781.5390666}], "peak_parallel_jobs": 256, "elapsed_seconds": 23.91295175696723}
{"stage": "sweeping", "completed_jobs": 704, "total_jobs": 2646, "completed_batches": 22, "total_batches": 84, "active": [{"type": "started", "batch": 16, "gpu": 4, "solver": "torch_svl", "jobs": 32, "started": 1789024767.1149516}, {"type": "started", "batch": 19, "gpu": 3, "solver": "torch_svl", "jobs": 32, "started": 1789024768.9852154}, {"type": "started", "batch": 22, "gpu": 0, "solver": "torch_svl", "jobs": 32, "started": 1789024772.4016404}, {"type": "started", "batch": 25, "gpu": 7, "solver": "torch_svl", "jobs": 32, "started": 1789024780.2348156}, {"type": "started", "batch": 26, "gpu": 2, "solver": "torch_transverse_route", "jobs": 32, "started": 1789024781.4162834}, {"type": "started", "batch": 27, "gpu": 1, "solver": "torch_sbm", "jobs": 32, "started": 1789024781.5390666}, {"type": "started", "batch": 28, "gpu": 5, "solver": "torch_svl", "jobs": 32, "started": 1789024782.0667586}], "peak_parallel_jobs": 256, "elapsed_seconds": 24.46857625292614}
{"stage": "sweeping", "completed_jobs": 736, "total_jobs": 2646, "completed_batches": 23, "total_batches": 84, "active": [{"type": "started", "batch": 16, "gpu": 4, "solver": "torch_svl", "jobs": 32, "started": 1789024767.1149516}, {"type": "started", "batch": 19, "gpu": 3, "solver": "torch_svl", "jobs": 32, "started": 1789024768.9852154}, {"type": "started", "batch": 22, "gpu": 0, "solver": "torch_svl", "jobs": 32, "started": 1789024772.4016404}, {"type": "started", "batch": 25, "gpu": 7, "solver": "torch_svl", "jobs": 32, "started": 1789024780.2348156}, {"type": "started", "batch": 26, "gpu": 2, "solver": "torch_transverse_route", "jobs": 32, "started": 1789024781.4162834}, {"type": "started", "batch": 28, "gpu": 5, "solver": "torch_svl", "jobs": 32, "started": 1789024782.0667586}, {"type": "started", "batch": 29, "gpu": 6, "solver": "torch_transverse_route", "jobs": 32, "started": 1789024782.621647}], "peak_parallel_jobs": 256, "elapsed_seconds": 24.56350794096943}
{"stage": "sweeping", "completed_jobs": 768, "total_jobs": 2646, "completed_batches": 24, "total_batches": 84, "active": [{"type": "started", "batch": 16, "gpu": 4, "solver": "torch_svl", "jobs": 32, "started": 1789024767.1149516}, {"type": "started", "batch": 19, "gpu": 3, "solver": "torch_svl", "jobs": 32, "started": 1789024768.9852154}, {"type": "started", "batch": 22, "gpu": 0, "solver": "torch_svl", "jobs": 32, "started": 1789024772.4016404}, {"type": "started", "batch": 25, "gpu": 7, "solver": "torch_svl", "jobs": 32, "started": 1789024780.2348156}, {"type": "started", "batch": 28, "gpu": 5, "solver": "torch_svl", "jobs": 32, "started": 1789024782.0667586}, {"type": "started", "batch": 29, "gpu": 6, "solver": "torch_transverse_route", "jobs": 32, "started": 1789024782.621647}, {"type": "started", "batch": 30, "gpu": 1, "solver": "torch_sbm", "jobs": 32, "started": 1789024782.7173462}], "peak_parallel_jobs": 256, "elapsed_seconds": 25.13926713098772}
{"stage": "sweeping", "completed_jobs": 800, "total_jobs": 2646, "completed_batches": 25, "total_batches": 84, "active": [{"type": "started", "batch": 16, "gpu": 4, "solver": "torch_svl", "jobs": 32, "started": 1789024767.1149516}, {"type": "started", "batch": 19, "gpu": 3, "solver": "torch_svl", "jobs": 32, "started": 1789024768.9852154}, {"type": "started", "batch": 22, "gpu": 0, "solver": "torch_svl", "jobs": 32, "started": 1789024772.4016404}, {"type": "started", "batch": 25, "gpu": 7, "solver": "torch_svl", "jobs": 32, "started": 1789024780.2348156}, {"type": "started", "batch": 28, "gpu": 5, "solver": "torch_svl", "jobs": 32, "started": 1789024782.0667586}, {"type": "started", "batch": 29, "gpu": 6, "solver": "torch_transverse_route", "jobs": 32, "started": 1789024782.621647}, {"type": "started", "batch": 31, "gpu": 2, "solver": "torch_svl", "jobs": 32, "started": 1789024783.2934074}], "peak_parallel_jobs": 256, "elapsed_seconds": 25.70092944498174}
{"stage": "sweeping", "completed_jobs": 832, "total_jobs": 2646, "completed_batches": 26, "total_batches": 84, "active": [{"type": "started", "batch": 19, "gpu": 3, "solver": "torch_svl", "jobs": 32, "started": 1789024768.9852154}, {"type": "started", "batch": 22, "gpu": 0, "solver": "torch_svl", "jobs": 32, "started": 1789024772.4016404}, {"type": "started", "batch": 25, "gpu": 7, "solver": "torch_svl", "jobs": 32, "started": 1789024780.2348156}, {"type": "started", "batch": 28, "gpu": 5, "solver": "torch_svl", "jobs": 32, "started": 1789024782.0667586}, {"type": "started", "batch": 29, "gpu": 6, "solver": "torch_transverse_route", "jobs": 32, "started": 1789024782.621647}, {"type": "started", "batch": 31, "gpu": 2, "solver": "torch_svl", "jobs": 32, "started": 1789024783.2934074}, {"type": "started", "batch": 32, "gpu": 1, "solver": "torch_transverse_route", "jobs": 32, "started": 1789024783.854702}], "peak_parallel_jobs": 256, "elapsed_seconds": 25.711004470009357}
{"stage": "sweeping", "completed_jobs": 864, "total_jobs": 2646, "completed_batches": 27, "total_batches": 84, "active": [{"type": "started", "batch": 19, "gpu": 3, "solver": "torch_svl", "jobs": 32, "started": 1789024768.9852154}, {"type": "started", "batch": 22, "gpu": 0, "solver": "torch_svl", "jobs": 32, "started": 1789024772.4016404}, {"type": "started", "batch": 25, "gpu": 7, "solver": "torch_svl", "jobs": 32, "started": 1789024780.2348156}, {"type": "started", "batch": 28, "gpu": 5, "solver": "torch_svl", "jobs": 32, "started": 1789024782.0667586}, {"type": "started", "batch": 31, "gpu": 2, "solver": "torch_svl", "jobs": 32, "started": 1789024783.2934074}, {"type": "started", "batch": 32, "gpu": 1, "solver": "torch_transverse_route", "jobs": 32, "started": 1789024783.854702}, {"type": "started", "batch": 33, "gpu": 4, "solver": "torch_sbm", "jobs": 32, "started": 1789024783.8641741}], "peak_parallel_jobs": 256, "elapsed_seconds": 26.347980941995047}
{"stage": "sweeping", "completed_jobs": 896, "total_jobs": 2646, "completed_batches": 28, "total_batches": 84, "active": [{"type": "started", "batch": 19, "gpu": 3, "solver": "torch_svl", "jobs": 32, "started": 1789024768.9852154}, {"type": "started", "batch": 22, "gpu": 0, "solver": "torch_svl", "jobs": 32, "started": 1789024772.4016404}, {"type": "started", "batch": 25, "gpu": 7, "solver": "torch_svl", "jobs": 32, "started": 1789024780.2348156}, {"type": "started", "batch": 28, "gpu": 5, "solver": "torch_svl", "jobs": 32, "started": 1789024782.0667586}, {"type": "started", "batch": 31, "gpu": 2, "solver": "torch_svl", "jobs": 32, "started": 1789024783.2934074}, {"type": "started", "batch": 32, "gpu": 1, "solver": "torch_transverse_route", "jobs": 32, "started": 1789024783.854702}, {"type": "started", "batch": 34, "gpu": 6, "solver": "torch_svl", "jobs": 32, "started": 1789024784.5015957}], "peak_parallel_jobs": 256, "elapsed_seconds": 26.87542359496001}
{"stage": "sweeping", "completed_jobs": 928, "total_jobs": 2646, "completed_batches": 29, "total_batches": 84, "active": [{"type": "started", "batch": 22, "gpu": 0, "solver": "torch_svl", "jobs": 32, "started": 1789024772.4016404}, {"type": "started", "batch": 25, "gpu": 7, "solver": "torch_svl", "jobs": 32, "started": 1789024780.2348156}, {"type": "started", "batch": 28, "gpu": 5, "solver": "torch_svl", "jobs": 32, "started": 1789024782.0667586}, {"type": "started", "batch": 31, "gpu": 2, "solver": "torch_svl", "jobs": 32, "started": 1789024783.2934074}, {"type": "started", "batch": 32, "gpu": 1, "solver": "torch_transverse_route", "jobs": 32, "started": 1789024783.854702}, {"type": "started", "batch": 34, "gpu": 6, "solver": "torch_svl", "jobs": 32, "started": 1789024784.5015957}, {"type": "started", "batch": 35, "gpu": 4, "solver": "torch_transverse_route", "jobs": 32, "started": 1789024785.029109}], "peak_parallel_jobs": 256, "elapsed_seconds": 27.282751961029135}
{"stage": "sweeping", "completed_jobs": 960, "total_jobs": 2646, "completed_batches": 30, "total_batches": 84, "active": [{"type": "started", "batch": 22, "gpu": 0, "solver": "torch_svl", "jobs": 32, "started": 1789024772.4016404}, {"type": "started", "batch": 25, "gpu": 7, "solver": "torch_svl", "jobs": 32, "started": 1789024780.2348156}, {"type": "started", "batch": 28, "gpu": 5, "solver": "torch_svl", "jobs": 32, "started": 1789024782.0667586}, {"type": "started", "batch": 31, "gpu": 2, "solver": "torch_svl", "jobs": 32, "started": 1789024783.2934074}, {"type": "started", "batch": 34, "gpu": 6, "solver": "torch_svl", "jobs": 32, "started": 1789024784.5015957}, {"type": "started", "batch": 35, "gpu": 4, "solver": "torch_transverse_route", "jobs": 32, "started": 1789024785.029109}, {"type": "started", "batch": 36, "gpu": 3, "solver": "torch_sbm", "jobs": 32, "started": 1789024785.4362512}], "peak_parallel_jobs": 256, "elapsed_seconds": 27.62639357696753}
{"stage": "sweeping", "completed_jobs": 992, "total_jobs": 2646, "completed_batches": 31, "total_batches": 84, "active": [{"type": "started", "batch": 22, "gpu": 0, "solver": "torch_svl", "jobs": 32, "started": 1789024772.4016404}, {"type": "started", "batch": 25, "gpu": 7, "solver": "torch_svl", "jobs": 32, "started": 1789024780.2348156}, {"type": "started", "batch": 28, "gpu": 5, "solver": "torch_svl", "jobs": 32, "started": 1789024782.0667586}, {"type": "started", "batch": 31, "gpu": 2, "solver": "torch_svl", "jobs": 32, "started": 1789024783.2934074}, {"type": "started", "batch": 34, "gpu": 6, "solver": "torch_svl", "jobs": 32, "started": 1789024784.5015957}, {"type": "started", "batch": 35, "gpu": 4, "solver": "torch_transverse_route", "jobs": 32, "started": 1789024785.029109}, {"type": "started", "batch": 37, "gpu": 1, "solver": "torch_svl", "jobs": 32, "started": 1789024785.7801065}], "peak_parallel_jobs": 256, "elapsed_seconds": 28.437632650020532}
{"stage": "sweeping", "completed_jobs": 1024, "total_jobs": 2646, "completed_batches": 32, "total_batches": 84, "active": [{"type": "started", "batch": 22, "gpu": 0, "solver": "torch_svl", "jobs": 32, "started": 1789024772.4016404}, {"type": "started", "batch": 25, "gpu": 7, "solver": "torch_svl", "jobs": 32, "started": 1789024780.2348156}, {"type": "started", "batch": 28, "gpu": 5, "solver": "torch_svl", "jobs": 32, "started": 1789024782.0667586}, {"type": "started", "batch": 31, "gpu": 2, "solver": "torch_svl", "jobs": 32, "started": 1789024783.2934074}, {"type": "started", "batch": 34, "gpu": 6, "solver": "torch_svl", "jobs": 32, "started": 1789024784.5015957}, {"type": "started", "batch": 37, "gpu": 1, "solver": "torch_svl", "jobs": 32, "started": 1789024785.7801065}, {"type": "started", "batch": 38, "gpu": 3, "solver": "torch_transverse_route", "jobs": 32, "started": 1789024786.5913196}], "peak_parallel_jobs": 256, "elapsed_seconds": 28.709111456992105}
{"stage": "sweeping", "completed_jobs": 1056, "total_jobs": 2646, "completed_batches": 33, "total_batches": 84, "active": [{"type": "started", "batch": 22, "gpu": 0, "solver": "torch_svl", "jobs": 32, "started": 1789024772.4016404}, {"type": "started", "batch": 25, "gpu": 7, "solver": "torch_svl", "jobs": 32, "started": 1789024780.2348156}, {"type": "started", "batch": 28, "gpu": 5, "solver": "torch_svl", "jobs": 32, "started": 1789024782.0667586}, {"type": "started", "batch": 31, "gpu": 2, "solver": "torch_svl", "jobs": 32, "started": 1789024783.2934074}, {"type": "started", "batch": 34, "gpu": 6, "solver": "torch_svl", "jobs": 32, "started": 1789024784.5015957}, {"type": "started", "batch": 37, "gpu": 1, "solver": "torch_svl", "jobs": 32, "started": 1789024785.7801065}, {"type": "started", "batch": 38, "gpu": 3, "solver": "torch_transverse_route", "jobs": 32, "started": 1789024786.5913196}], "peak_parallel_jobs": 256, "elapsed_seconds": 29.848783283960074}
{"stage": "sweeping", "completed_jobs": 1088, "total_jobs": 2646, "completed_batches": 34, "total_batches": 84, "active": [{"type": "started", "batch": 22, "gpu": 0, "solver": "torch_svl", "jobs": 32, "started": 1789024772.4016404}, {"type": "started", "batch": 25, "gpu": 7, "solver": "torch_svl", "jobs": 32, "started": 1789024780.2348156}, {"type": "started", "batch": 28, "gpu": 5, "solver": "torch_svl", "jobs": 32, "started": 1789024782.0667586}, {"type": "started", "batch": 31, "gpu": 2, "solver": "torch_svl", "jobs": 32, "started": 1789024783.2934074}, {"type": "started", "batch": 34, "gpu": 6, "solver": "torch_svl", "jobs": 32, "started": 1789024784.5015957}, {"type": "started", "batch": 37, "gpu": 1, "solver": "torch_svl", "jobs": 32, "started": 1789024785.7801065}, {"type": "started", "batch": 40, "gpu": 4, "solver": "torch_svl", "jobs": 32, "started": 1789024788.0024612}], "peak_parallel_jobs": 256, "elapsed_seconds": 30.491783206933178}
{"stage": "sweeping", "completed_jobs": 1120, "total_jobs": 2646, "completed_batches": 35, "total_batches": 84, "active": [{"type": "started", "batch": 25, "gpu": 7, "solver": "torch_svl", "jobs": 32, "started": 1789024780.2348156}, {"type": "started", "batch": 28, "gpu": 5, "solver": "torch_svl", "jobs": 32, "started": 1789024782.0667586}, {"type": "started", "batch": 31, "gpu": 2, "solver": "torch_svl", "jobs": 32, "started": 1789024783.2934074}, {"type": "started", "batch": 34, "gpu": 6, "solver": "torch_svl", "jobs": 32, "started": 1789024784.5015957}, {"type": "started", "batch": 37, "gpu": 1, "solver": "torch_svl", "jobs": 32, "started": 1789024785.7801065}, {"type": "started", "batch": 40, "gpu": 4, "solver": "torch_svl", "jobs": 32, "started": 1789024788.0024612}, {"type": "started", "batch": 41, "gpu": 3, "solver": "torch_transverse_route", "jobs": 32, "started": 1789024788.6455858}], "peak_parallel_jobs": 256, "elapsed_seconds": 31.210208880947903}
{"stage": "sweeping", "completed_jobs": 1152, "total_jobs": 2646, "completed_batches": 36, "total_batches": 84, "active": [{"type": "started", "batch": 25, "gpu": 7, "solver": "torch_svl", "jobs": 32, "started": 1789024780.2348156}, {"type": "started", "batch": 28, "gpu": 5, "solver": "torch_svl", "jobs": 32, "started": 1789024782.0667586}, {"type": "started", "batch": 31, "gpu": 2, "solver": "torch_svl", "jobs": 32, "started": 1789024783.2934074}, {"type": "started", "batch": 34, "gpu": 6, "solver": "torch_svl", "jobs": 32, "started": 1789024784.5015957}, {"type": "started", "batch": 37, "gpu": 1, "solver": "torch_svl", "jobs": 32, "started": 1789024785.7801065}, {"type": "started", "batch": 40, "gpu": 4, "solver": "torch_svl", "jobs": 32, "started": 1789024788.0024612}, {"type": "started", "batch": 41, "gpu": 3, "solver": "torch_transverse_route", "jobs": 32, "started": 1789024788.6455858}], "peak_parallel_jobs": 256, "elapsed_seconds": 32.38004639092833}
{"stage": "sweeping", "completed_jobs": 1184, "total_jobs": 2646, "completed_batches": 37, "total_batches": 84, "active": [{"type": "started", "batch": 25, "gpu": 7, "solver": "torch_svl", "jobs": 32, "started": 1789024780.2348156}, {"type": "started", "batch": 28, "gpu": 5, "solver": "torch_svl", "jobs": 32, "started": 1789024782.0667586}, {"type": "started", "batch": 31, "gpu": 2, "solver": "torch_svl", "jobs": 32, "started": 1789024783.2934074}, {"type": "started", "batch": 34, "gpu": 6, "solver": "torch_svl", "jobs": 32, "started": 1789024784.5015957}, {"type": "started", "batch": 37, "gpu": 1, "solver": "torch_svl", "jobs": 32, "started": 1789024785.7801065}, {"type": "started", "batch": 40, "gpu": 4, "solver": "torch_svl", "jobs": 32, "started": 1789024788.0024612}, {"type": "started", "batch": 43, "gpu": 0, "solver": "torch_svl", "jobs": 32, "started": 1789024790.5337653}], "peak_parallel_jobs": 256, "elapsed_seconds": 32.450426943949424}
{"stage": "sweeping", "completed_jobs": 1216, "total_jobs": 2646, "completed_batches": 38, "total_batches": 84, "active": [{"type": "started", "batch": 25, "gpu": 7, "solver": "torch_svl", "jobs": 32, "started": 1789024780.2348156}, {"type": "started", "batch": 28, "gpu": 5, "solver": "torch_svl", "jobs": 32, "started": 1789024782.0667586}, {"type": "started", "batch": 31, "gpu": 2, "solver": "torch_svl", "jobs": 32, "started": 1789024783.2934074}, {"type": "started", "batch": 34, "gpu": 6, "solver": "torch_svl", "jobs": 32, "started": 1789024784.5015957}, {"type": "started", "batch": 37, "gpu": 1, "solver": "torch_svl", "jobs": 32, "started": 1789024785.7801065}, {"type": "started", "batch": 40, "gpu": 4, "solver": "torch_svl", "jobs": 32, "started": 1789024788.0024612}, {"type": "started", "batch": 43, "gpu": 0, "solver": "torch_svl", "jobs": 32, "started": 1789024790.5337653}], "peak_parallel_jobs": 256, "elapsed_seconds": 34.29390039795544}
{"stage": "sweeping", "completed_jobs": 1248, "total_jobs": 2646, "completed_batches": 39, "total_batches": 84, "active": [{"type": "started", "batch": 25, "gpu": 7, "solver": "torch_svl", "jobs": 32, "started": 1789024780.2348156}, {"type": "started", "batch": 28, "gpu": 5, "solver": "torch_svl", "jobs": 32, "started": 1789024782.0667586}, {"type": "started", "batch": 31, "gpu": 2, "solver": "torch_svl", "jobs": 32, "started": 1789024783.2934074}, {"type": "started", "batch": 34, "gpu": 6, "solver": "torch_svl", "jobs": 32, "started": 1789024784.5015957}, {"type": "started", "batch": 37, "gpu": 1, "solver": "torch_svl", "jobs": 32, "started": 1789024785.7801065}, {"type": "started", "batch": 40, "gpu": 4, "solver": "torch_svl", "jobs": 32, "started": 1789024788.0024612}, {"type": "started", "batch": 43, "gpu": 0, "solver": "torch_svl", "jobs": 32, "started": 1789024790.5337653}], "peak_parallel_jobs": 256, "elapsed_seconds": 35.433935311972164}
{"stage": "sweeping", "completed_jobs": 1280, "total_jobs": 2646, "completed_batches": 40, "total_batches": 84, "active": [{"type": "started", "batch": 28, "gpu": 5, "solver": "torch_svl", "jobs": 32, "started": 1789024782.0667586}, {"type": "started", "batch": 31, "gpu": 2, "solver": "torch_svl", "jobs": 32, "started": 1789024783.2934074}, {"type": "started", "batch": 34, "gpu": 6, "solver": "torch_svl", "jobs": 32, "started": 1789024784.5015957}, {"type": "started", "batch": 37, "gpu": 1, "solver": "torch_svl", "jobs": 32, "started": 1789024785.7801065}, {"type": "started", "batch": 40, "gpu": 4, "solver": "torch_svl", "jobs": 32, "started": 1789024788.0024612}, {"type": "started", "batch": 43, "gpu": 0, "solver": "torch_svl", "jobs": 32, "started": 1789024790.5337653}, {"type": "started", "batch": 46, "gpu": 3, "solver": "torch_svl", "jobs": 32, "started": 1789024793.5876772}], "peak_parallel_jobs": 256, "elapsed_seconds": 38.878898144932464}
{"stage": "sweeping", "completed_jobs": 1312, "total_jobs": 2646, "completed_batches": 41, "total_batches": 84, "active": [{"type": "started", "batch": 31, "gpu": 2, "solver": "torch_svl", "jobs": 32, "started": 1789024783.2934074}, {"type": "started", "batch": 34, "gpu": 6, "solver": "torch_svl", "jobs": 32, "started": 1789024784.5015957}, {"type": "started", "batch": 37, "gpu": 1, "solver": "torch_svl", "jobs": 32, "started": 1789024785.7801065}, {"type": "started", "batch": 40, "gpu": 4, "solver": "torch_svl", "jobs": 32, "started": 1789024788.0024612}, {"type": "started", "batch": 43, "gpu": 0, "solver": "torch_svl", "jobs": 32, "started": 1789024790.5337653}, {"type": "started", "batch": 46, "gpu": 3, "solver": "torch_svl", "jobs": 32, "started": 1789024793.5876772}, {"type": "started", "batch": 47, "gpu": 7, "solver": "torch_transverse_route", "jobs": 32, "started": 1789024797.032508}], "peak_parallel_jobs": 256, "elapsed_seconds": 40.80853927298449}
{"stage": "sweeping", "completed_jobs": 1344, "total_jobs": 2646, "completed_batches": 42, "total_batches": 84, "active": [{"type": "started", "batch": 31, "gpu": 2, "solver": "torch_svl", "jobs": 32, "started": 1789024783.2934074}, {"type": "started", "batch": 34, "gpu": 6, "solver": "torch_svl", "jobs": 32, "started": 1789024784.5015957}, {"type": "started", "batch": 37, "gpu": 1, "solver": "torch_svl", "jobs": 32, "started": 1789024785.7801065}, {"type": "started", "batch": 40, "gpu": 4, "solver": "torch_svl", "jobs": 32, "started": 1789024788.0024612}, {"type": "started", "batch": 43, "gpu": 0, "solver": "torch_svl", "jobs": 32, "started": 1789024790.5337653}, {"type": "started", "batch": 46, "gpu": 3, "solver": "torch_svl", "jobs": 32, "started": 1789024793.5876772}, {"type": "started", "batch": 48, "gpu": 5, "solver": "torch_sbm", "jobs": 32, "started": 1789024798.9622216}], "peak_parallel_jobs": 256, "elapsed_seconds": 40.91202567098662}
{"stage": "sweeping", "completed_jobs": 1376, "total_jobs": 2646, "completed_batches": 43, "total_batches": 84, "active": [{"type": "started", "batch": 31, "gpu": 2, "solver": "torch_svl", "jobs": 32, "started": 1789024783.2934074}, {"type": "started", "batch": 34, "gpu": 6, "solver": "torch_svl", "jobs": 32, "started": 1789024784.5015957}, {"type": "started", "batch": 37, "gpu": 1, "solver": "torch_svl", "jobs": 32, "started": 1789024785.7801065}, {"type": "started", "batch": 40, "gpu": 4, "solver": "torch_svl", "jobs": 32, "started": 1789024788.0024612}, {"type": "started", "batch": 43, "gpu": 0, "solver": "torch_svl", "jobs": 32, "started": 1789024790.5337653}, {"type": "started", "batch": 46, "gpu": 3, "solver": "torch_svl", "jobs": 32, "started": 1789024793.5876772}, {"type": "started", "batch": 49, "gpu": 7, "solver": "torch_svl", "jobs": 32, "started": 1789024799.0654395}], "peak_parallel_jobs": 256, "elapsed_seconds": 41.989926140988246}
{"stage": "sweeping", "completed_jobs": 1408, "total_jobs": 2646, "completed_batches": 44, "total_batches": 84, "active": [{"type": "started", "batch": 34, "gpu": 6, "solver": "torch_svl", "jobs": 32, "started": 1789024784.5015957}, {"type": "started", "batch": 37, "gpu": 1, "solver": "torch_svl", "jobs": 32, "started": 1789024785.7801065}, {"type": "started", "batch": 40, "gpu": 4, "solver": "torch_svl", "jobs": 32, "started": 1789024788.0024612}, {"type": "started", "batch": 43, "gpu": 0, "solver": "torch_svl", "jobs": 32, "started": 1789024790.5337653}, {"type": "started", "batch": 46, "gpu": 3, "solver": "torch_svl", "jobs": 32, "started": 1789024793.5876772}, {"type": "started", "batch": 49, "gpu": 7, "solver": "torch_svl", "jobs": 32, "started": 1789024799.0654395}, {"type": "started", "batch": 50, "gpu": 5, "solver": "torch_transverse_route", "jobs": 32, "started": 1789024800.143731}], "peak_parallel_jobs": 256, "elapsed_seconds": 42.0565098579973}
{"stage": "sweeping", "completed_jobs": 1440, "total_jobs": 2646, "completed_batches": 45, "total_batches": 84, "active": [{"type": "started", "batch": 34, "gpu": 6, "solver": "torch_svl", "jobs": 32, "started": 1789024784.5015957}, {"type": "started", "batch": 37, "gpu": 1, "solver": "torch_svl", "jobs": 32, "started": 1789024785.7801065}, {"type": "started", "batch": 40, "gpu": 4, "solver": "torch_svl", "jobs": 32, "started": 1789024788.0024612}, {"type": "started", "batch": 43, "gpu": 0, "solver": "torch_svl", "jobs": 32, "started": 1789024790.5337653}, {"type": "started", "batch": 46, "gpu": 3, "solver": "torch_svl", "jobs": 32, "started": 1789024793.5876772}, {"type": "started", "batch": 49, "gpu": 7, "solver": "torch_svl", "jobs": 32, "started": 1789024799.0654395}, {"type": "started", "batch": 50, "gpu": 5, "solver": "torch_transverse_route", "jobs": 32, "started": 1789024800.143731}], "peak_parallel_jobs": 256, "elapsed_seconds": 43.24874429393094}
{"stage": "sweeping", "completed_jobs": 1472, "total_jobs": 2646, "completed_batches": 46, "total_batches": 84, "active": [{"type": "started", "batch": 37, "gpu": 1, "solver": "torch_svl", "jobs": 32, "started": 1789024785.7801065}, {"type": "started", "batch": 40, "gpu": 4, "solver": "torch_svl", "jobs": 32, "started": 1789024788.0024612}, {"type": "started", "batch": 43, "gpu": 0, "solver": "torch_svl", "jobs": 32, "started": 1789024790.5337653}, {"type": "started", "batch": 46, "gpu": 3, "solver": "torch_svl", "jobs": 32, "started": 1789024793.5876772}, {"type": "started", "batch": 49, "gpu": 7, "solver": "torch_svl", "jobs": 32, "started": 1789024799.0654395}, {"type": "started", "batch": 50, "gpu": 5, "solver": "torch_transverse_route", "jobs": 32, "started": 1789024800.143731}, {"type": "started", "batch": 52, "gpu": 2, "solver": "torch_svl", "jobs": 32, "started": 1789024801.4023886}], "peak_parallel_jobs": 256, "elapsed_seconds": 43.4216609649593}
{"stage": "sweeping", "completed_jobs": 1504, "total_jobs": 2646, "completed_batches": 47, "total_batches": 84, "active": [{"type": "started", "batch": 37, "gpu": 1, "solver": "torch_svl", "jobs": 32, "started": 1789024785.7801065}, {"type": "started", "batch": 40, "gpu": 4, "solver": "torch_svl", "jobs": 32, "started": 1789024788.0024612}, {"type": "started", "batch": 43, "gpu": 0, "solver": "torch_svl", "jobs": 32, "started": 1789024790.5337653}, {"type": "started", "batch": 46, "gpu": 3, "solver": "torch_svl", "jobs": 32, "started": 1789024793.5876772}, {"type": "started", "batch": 49, "gpu": 7, "solver": "torch_svl", "jobs": 32, "started": 1789024799.0654395}, {"type": "started", "batch": 52, "gpu": 2, "solver": "torch_svl", "jobs": 32, "started": 1789024801.4023886}, {"type": "started", "batch": 53, "gpu": 6, "solver": "torch_transverse_route", "jobs": 32, "started": 1789024801.5750942}], "peak_parallel_jobs": 256, "elapsed_seconds": 44.000276066944934}
{"stage": "sweeping", "completed_jobs": 1536, "total_jobs": 2646, "completed_batches": 48, "total_batches": 84, "active": [{"type": "started", "batch": 40, "gpu": 4, "solver": "torch_svl", "jobs": 32, "started": 1789024788.0024612}, {"type": "started", "batch": 43, "gpu": 0, "solver": "torch_svl", "jobs": 32, "started": 1789024790.5337653}, {"type": "started", "batch": 46, "gpu": 3, "solver": "torch_svl", "jobs": 32, "started": 1789024793.5876772}, {"type": "started", "batch": 49, "gpu": 7, "solver": "torch_svl", "jobs": 32, "started": 1789024799.0654395}, {"type": "started", "batch": 52, "gpu": 2, "solver": "torch_svl", "jobs": 32, "started": 1789024801.4023886}, {"type": "started", "batch": 53, "gpu": 6, "solver": "torch_transverse_route", "jobs": 32, "started": 1789024801.5750942}, {"type": "started", "batch": 54, "gpu": 5, "solver": "torch_sbm", "jobs": 32, "started": 1789024802.153961}], "peak_parallel_jobs": 256, "elapsed_seconds": 44.502034145989455}
{"stage": "sweeping", "completed_jobs": 1568, "total_jobs": 2646, "completed_batches": 49, "total_batches": 84, "active": [{"type": "started", "batch": 40, "gpu": 4, "solver": "torch_svl", "jobs": 32, "started": 1789024788.0024612}, {"type": "started", "batch": 43, "gpu": 0, "solver": "torch_svl", "jobs": 32, "started": 1789024790.5337653}, {"type": "started", "batch": 46, "gpu": 3, "solver": "torch_svl", "jobs": 32, "started": 1789024793.5876772}, {"type": "started", "batch": 49, "gpu": 7, "solver": "torch_svl", "jobs": 32, "started": 1789024799.0654395}, {"type": "started", "batch": 52, "gpu": 2, "solver": "torch_svl", "jobs": 32, "started": 1789024801.4023886}, {"type": "started", "batch": 53, "gpu": 6, "solver": "torch_transverse_route", "jobs": 32, "started": 1789024801.5750942}, {"type": "started", "batch": 55, "gpu": 1, "solver": "torch_svl", "jobs": 32, "started": 1789024802.6556447}], "peak_parallel_jobs": 256, "elapsed_seconds": 45.15407144499477}
{"stage": "sweeping", "completed_jobs": 1600, "total_jobs": 2646, "completed_batches": 50, "total_batches": 84, "active": [{"type": "started", "batch": 40, "gpu": 4, "solver": "torch_svl", "jobs": 32, "started": 1789024788.0024612}, {"type": "started", "batch": 43, "gpu": 0, "solver": "torch_svl", "jobs": 32, "started": 1789024790.5337653}, {"type": "started", "batch": 46, "gpu": 3, "solver": "torch_svl", "jobs": 32, "started": 1789024793.5876772}, {"type": "started", "batch": 49, "gpu": 7, "solver": "torch_svl", "jobs": 32, "started": 1789024799.0654395}, {"type": "started", "batch": 52, "gpu": 2, "solver": "torch_svl", "jobs": 32, "started": 1789024801.4023886}, {"type": "started", "batch": 55, "gpu": 1, "solver": "torch_svl", "jobs": 32, "started": 1789024802.6556447}, {"type": "started", "batch": 56, "gpu": 5, "solver": "torch_transverse_route", "jobs": 32, "started": 1789024803.3078196}], "peak_parallel_jobs": 256, "elapsed_seconds": 45.46052959293593}
{"stage": "sweeping", "completed_jobs": 1632, "total_jobs": 2646, "completed_batches": 51, "total_batches": 84, "active": [{"type": "started", "batch": 40, "gpu": 4, "solver": "torch_svl", "jobs": 32, "started": 1789024788.0024612}, {"type": "started", "batch": 43, "gpu": 0, "solver": "torch_svl", "jobs": 32, "started": 1789024790.5337653}, {"type": "started", "batch": 46, "gpu": 3, "solver": "torch_svl", "jobs": 32, "started": 1789024793.5876772}, {"type": "started", "batch": 49, "gpu": 7, "solver": "torch_svl", "jobs": 32, "started": 1789024799.0654395}, {"type": "started", "batch": 52, "gpu": 2, "solver": "torch_svl", "jobs": 32, "started": 1789024801.4023886}, {"type": "started", "batch": 55, "gpu": 1, "solver": "torch_svl", "jobs": 32, "started": 1789024802.6556447}, {"type": "started", "batch": 56, "gpu": 5, "solver": "torch_transverse_route", "jobs": 32, "started": 1789024803.3078196}], "peak_parallel_jobs": 256, "elapsed_seconds": 46.60702262003906}
{"stage": "sweeping", "completed_jobs": 1664, "total_jobs": 2646, "completed_batches": 52, "total_batches": 84, "active": [{"type": "started", "batch": 43, "gpu": 0, "solver": "torch_svl", "jobs": 32, "started": 1789024790.5337653}, {"type": "started", "batch": 46, "gpu": 3, "solver": "torch_svl", "jobs": 32, "started": 1789024793.5876772}, {"type": "started", "batch": 49, "gpu": 7, "solver": "torch_svl", "jobs": 32, "started": 1789024799.0654395}, {"type": "started", "batch": 52, "gpu": 2, "solver": "torch_svl", "jobs": 32, "started": 1789024801.4023886}, {"type": "started", "batch": 55, "gpu": 1, "solver": "torch_svl", "jobs": 32, "started": 1789024802.6556447}, {"type": "started", "batch": 56, "gpu": 5, "solver": "torch_transverse_route", "jobs": 32, "started": 1789024803.3078196}, {"type": "started", "batch": 58, "gpu": 6, "solver": "torch_svl", "jobs": 32, "started": 1789024804.760679}], "peak_parallel_jobs": 256, "elapsed_seconds": 46.62068209203426}
{"stage": "sweeping", "completed_jobs": 1696, "total_jobs": 2646, "completed_batches": 53, "total_batches": 84, "active": [{"type": "started", "batch": 43, "gpu": 0, "solver": "torch_svl", "jobs": 32, "started": 1789024790.5337653}, {"type": "started", "batch": 46, "gpu": 3, "solver": "torch_svl", "jobs": 32, "started": 1789024793.5876772}, {"type": "started", "batch": 49, "gpu": 7, "solver": "torch_svl", "jobs": 32, "started": 1789024799.0654395}, {"type": "started", "batch": 52, "gpu": 2, "solver": "torch_svl", "jobs": 32, "started": 1789024801.4023886}, {"type": "started", "batch": 55, "gpu": 1, "solver": "torch_svl", "jobs": 32, "started": 1789024802.6556447}, {"type": "started", "batch": 58, "gpu": 6, "solver": "torch_svl", "jobs": 32, "started": 1789024804.760679}, {"type": "started", "batch": 59, "gpu": 4, "solver": "torch_transverse_route", "jobs": 32, "started": 1789024804.7742522}], "peak_parallel_jobs": 256, "elapsed_seconds": 46.99555524799507}
{"stage": "sweeping", "completed_jobs": 1728, "total_jobs": 2646, "completed_batches": 54, "total_batches": 84, "active": [{"type": "started", "batch": 43, "gpu": 0, "solver": "torch_svl", "jobs": 32, "started": 1789024790.5337653}, {"type": "started", "batch": 46, "gpu": 3, "solver": "torch_svl", "jobs": 32, "started": 1789024793.5876772}, {"type": "started", "batch": 49, "gpu": 7, "solver": "torch_svl", "jobs": 32, "started": 1789024799.0654395}, {"type": "started", "batch": 52, "gpu": 2, "solver": "torch_svl", "jobs": 32, "started": 1789024801.4023886}, {"type": "started", "batch": 55, "gpu": 1, "solver": "torch_svl", "jobs": 32, "started": 1789024802.6556447}, {"type": "started", "batch": 58, "gpu": 6, "solver": "torch_svl", "jobs": 32, "started": 1789024804.760679}, {"type": "started", "batch": 59, "gpu": 4, "solver": "torch_transverse_route", "jobs": 32, "started": 1789024804.7742522}], "peak_parallel_jobs": 256, "elapsed_seconds": 48.13529653893784}
{"stage": "sweeping", "completed_jobs": 1760, "total_jobs": 2646, "completed_batches": 55, "total_batches": 84, "active": [{"type": "started", "batch": 43, "gpu": 0, "solver": "torch_svl", "jobs": 32, "started": 1789024790.5337653}, {"type": "started", "batch": 46, "gpu": 3, "solver": "torch_svl", "jobs": 32, "started": 1789024793.5876772}, {"type": "started", "batch": 49, "gpu": 7, "solver": "torch_svl", "jobs": 32, "started": 1789024799.0654395}, {"type": "started", "batch": 52, "gpu": 2, "solver": "torch_svl", "jobs": 32, "started": 1789024801.4023886}, {"type": "started", "batch": 55, "gpu": 1, "solver": "torch_svl", "jobs": 32, "started": 1789024802.6556447}, {"type": "started", "batch": 58, "gpu": 6, "solver": "torch_svl", "jobs": 32, "started": 1789024804.760679}, {"type": "started", "batch": 61, "gpu": 5, "solver": "torch_svl", "jobs": 32, "started": 1789024806.289145}], "peak_parallel_jobs": 256, "elapsed_seconds": 48.60757976898458}
{"stage": "sweeping", "completed_jobs": 1792, "total_jobs": 2646, "completed_batches": 56, "total_batches": 84, "active": [{"type": "started", "batch": 46, "gpu": 3, "solver": "torch_svl", "jobs": 32, "started": 1789024793.5876772}, {"type": "started", "batch": 49, "gpu": 7, "solver": "torch_svl", "jobs": 32, "started": 1789024799.0654395}, {"type": "started", "batch": 52, "gpu": 2, "solver": "torch_svl", "jobs": 32, "started": 1789024801.4023886}, {"type": "started", "batch": 55, "gpu": 1, "solver": "torch_svl", "jobs": 32, "started": 1789024802.6556447}, {"type": "started", "batch": 58, "gpu": 6, "solver": "torch_svl", "jobs": 32, "started": 1789024804.760679}, {"type": "started", "batch": 61, "gpu": 5, "solver": "torch_svl", "jobs": 32, "started": 1789024806.289145}, {"type": "started", "batch": 62, "gpu": 4, "solver": "torch_transverse_route", "jobs": 32, "started": 1789024806.7612536}], "peak_parallel_jobs": 256, "elapsed_seconds": 49.38262697297614}
{"stage": "sweeping", "completed_jobs": 1824, "total_jobs": 2646, "completed_batches": 57, "total_batches": 84, "active": [{"type": "started", "batch": 46, "gpu": 3, "solver": "torch_svl", "jobs": 32, "started": 1789024793.5876772}, {"type": "started", "batch": 49, "gpu": 7, "solver": "torch_svl", "jobs": 32, "started": 1789024799.0654395}, {"type": "started", "batch": 52, "gpu": 2, "solver": "torch_svl", "jobs": 32, "started": 1789024801.4023886}, {"type": "started", "batch": 55, "gpu": 1, "solver": "torch_svl", "jobs": 32, "started": 1789024802.6556447}, {"type": "started", "batch": 58, "gpu": 6, "solver": "torch_svl", "jobs": 32, "started": 1789024804.760679}, {"type": "started", "batch": 61, "gpu": 5, "solver": "torch_svl", "jobs": 32, "started": 1789024806.289145}, {"type": "started", "batch": 63, "gpu": 0, "solver": "torch_sbm", "jobs": 32, "started": 1789024807.5361295}], "peak_parallel_jobs": 256, "elapsed_seconds": 50.479240920976736}
{"stage": "sweeping", "completed_jobs": 1856, "total_jobs": 2646, "completed_batches": 58, "total_batches": 84, "active": [{"type": "started", "batch": 46, "gpu": 3, "solver": "torch_svl", "jobs": 32, "started": 1789024793.5876772}, {"type": "started", "batch": 49, "gpu": 7, "solver": "torch_svl", "jobs": 32, "started": 1789024799.0654395}, {"type": "started", "batch": 52, "gpu": 2, "solver": "torch_svl", "jobs": 32, "started": 1789024801.4023886}, {"type": "started", "batch": 55, "gpu": 1, "solver": "torch_svl", "jobs": 32, "started": 1789024802.6556447}, {"type": "started", "batch": 58, "gpu": 6, "solver": "torch_svl", "jobs": 32, "started": 1789024804.760679}, {"type": "started", "batch": 61, "gpu": 5, "solver": "torch_svl", "jobs": 32, "started": 1789024806.289145}, {"type": "started", "batch": 64, "gpu": 4, "solver": "torch_svl", "jobs": 32, "started": 1789024808.6328294}], "peak_parallel_jobs": 256, "elapsed_seconds": 50.5234220540151}
{"stage": "sweeping", "completed_jobs": 1888, "total_jobs": 2646, "completed_batches": 59, "total_batches": 84, "active": [{"type": "started", "batch": 49, "gpu": 7, "solver": "torch_svl", "jobs": 32, "started": 1789024799.0654395}, {"type": "started", "batch": 52, "gpu": 2, "solver": "torch_svl", "jobs": 32, "started": 1789024801.4023886}, {"type": "started", "batch": 55, "gpu": 1, "solver": "torch_svl", "jobs": 32, "started": 1789024802.6556447}, {"type": "started", "batch": 58, "gpu": 6, "solver": "torch_svl", "jobs": 32, "started": 1789024804.760679}, {"type": "started", "batch": 61, "gpu": 5, "solver": "torch_svl", "jobs": 32, "started": 1789024806.289145}, {"type": "started", "batch": 64, "gpu": 4, "solver": "torch_svl", "jobs": 32, "started": 1789024808.6328294}, {"type": "started", "batch": 65, "gpu": 0, "solver": "torch_transverse_route", "jobs": 32, "started": 1789024808.6771522}], "peak_parallel_jobs": 256, "elapsed_seconds": 51.85573059495073}
{"stage": "sweeping", "completed_jobs": 1920, "total_jobs": 2646, "completed_batches": 60, "total_batches": 84, "active": [{"type": "started", "batch": 49, "gpu": 7, "solver": "torch_svl", "jobs": 32, "started": 1789024799.0654395}, {"type": "started", "batch": 52, "gpu": 2, "solver": "torch_svl", "jobs": 32, "started": 1789024801.4023886}, {"type": "started", "batch": 55, "gpu": 1, "solver": "torch_svl", "jobs": 32, "started": 1789024802.6556447}, {"type": "started", "batch": 58, "gpu": 6, "solver": "torch_svl", "jobs": 32, "started": 1789024804.760679}, {"type": "started", "batch": 61, "gpu": 5, "solver": "torch_svl", "jobs": 32, "started": 1789024806.289145}, {"type": "started", "batch": 64, "gpu": 4, "solver": "torch_svl", "jobs": 32, "started": 1789024808.6328294}, {"type": "started", "batch": 66, "gpu": 3, "solver": "torch_sbm", "jobs": 32, "started": 1789024810.0094483}], "peak_parallel_jobs": 256, "elapsed_seconds": 52.37246759503614}
{"stage": "sweeping", "completed_jobs": 1952, "total_jobs": 2646, "completed_batches": 61, "total_batches": 84, "active": [{"type": "started", "batch": 49, "gpu": 7, "solver": "torch_svl", "jobs": 32, "started": 1789024799.0654395}, {"type": "started", "batch": 52, "gpu": 2, "solver": "torch_svl", "jobs": 32, "started": 1789024801.4023886}, {"type": "started", "batch": 55, "gpu": 1, "solver": "torch_svl", "jobs": 32, "started": 1789024802.6556447}, {"type": "started", "batch": 58, "gpu": 6, "solver": "torch_svl", "jobs": 32, "started": 1789024804.760679}, {"type": "started", "batch": 61, "gpu": 5, "solver": "torch_svl", "jobs": 32, "started": 1789024806.289145}, {"type": "started", "batch": 64, "gpu": 4, "solver": "torch_svl", "jobs": 32, "started": 1789024808.6328294}, {"type": "started", "batch": 67, "gpu": 0, "solver": "torch_svl", "jobs": 32, "started": 1789024810.526128}], "peak_parallel_jobs": 256, "elapsed_seconds": 52.99720782099757}
{"stage": "sweeping", "completed_jobs": 1984, "total_jobs": 2646, "completed_batches": 62, "total_batches": 84, "active": [{"type": "started", "batch": 49, "gpu": 7, "solver": "torch_svl", "jobs": 32, "started": 1789024799.0654395}, {"type": "started", "batch": 52, "gpu": 2, "solver": "torch_svl", "jobs": 32, "started": 1789024801.4023886}, {"type": "started", "batch": 55, "gpu": 1, "solver": "torch_svl", "jobs": 32, "started": 1789024802.6556447}, {"type": "started", "batch": 58, "gpu": 6, "solver": "torch_svl", "jobs": 32, "started": 1789024804.760679}, {"type": "started", "batch": 61, "gpu": 5, "solver": "torch_svl", "jobs": 32, "started": 1789024806.289145}, {"type": "started", "batch": 64, "gpu": 4, "solver": "torch_svl", "jobs": 32, "started": 1789024808.6328294}, {"type": "started", "batch": 67, "gpu": 0, "solver": "torch_svl", "jobs": 32, "started": 1789024810.526128}], "peak_parallel_jobs": 256, "elapsed_seconds": 54.89712108601816}
{"stage": "sweeping", "completed_jobs": 2016, "total_jobs": 2646, "completed_batches": 63, "total_batches": 84, "active": [{"type": "started", "batch": 49, "gpu": 7, "solver": "torch_svl", "jobs": 32, "started": 1789024799.0654395}, {"type": "started", "batch": 52, "gpu": 2, "solver": "torch_svl", "jobs": 32, "started": 1789024801.4023886}, {"type": "started", "batch": 55, "gpu": 1, "solver": "torch_svl", "jobs": 32, "started": 1789024802.6556447}, {"type": "started", "batch": 58, "gpu": 6, "solver": "torch_svl", "jobs": 32, "started": 1789024804.760679}, {"type": "started", "batch": 61, "gpu": 5, "solver": "torch_svl", "jobs": 32, "started": 1789024806.289145}, {"type": "started", "batch": 64, "gpu": 4, "solver": "torch_svl", "jobs": 32, "started": 1789024808.6328294}, {"type": "started", "batch": 67, "gpu": 0, "solver": "torch_svl", "jobs": 32, "started": 1789024810.526128}], "peak_parallel_jobs": 256, "elapsed_seconds": 56.03748262801673}
{"stage": "sweeping", "completed_jobs": 2048, "total_jobs": 2646, "completed_batches": 64, "total_batches": 84, "active": [{"type": "started", "batch": 52, "gpu": 2, "solver": "torch_svl", "jobs": 32, "started": 1789024801.4023886}, {"type": "started", "batch": 55, "gpu": 1, "solver": "torch_svl", "jobs": 32, "started": 1789024802.6556447}, {"type": "started", "batch": 58, "gpu": 6, "solver": "torch_svl", "jobs": 32, "started": 1789024804.760679}, {"type": "started", "batch": 61, "gpu": 5, "solver": "torch_svl", "jobs": 32, "started": 1789024806.289145}, {"type": "started", "batch": 64, "gpu": 4, "solver": "torch_svl", "jobs": 32, "started": 1789024808.6328294}, {"type": "started", "batch": 67, "gpu": 0, "solver": "torch_svl", "jobs": 32, "started": 1789024810.526128}, {"type": "started", "batch": 70, "gpu": 3, "solver": "torch_svl", "jobs": 32, "started": 1789024814.1911802}], "peak_parallel_jobs": 256, "elapsed_seconds": 57.769654924981296}
{"stage": "sweeping", "completed_jobs": 2080, "total_jobs": 2646, "completed_batches": 65, "total_batches": 84, "active": [{"type": "started", "batch": 52, "gpu": 2, "solver": "torch_svl", "jobs": 32, "started": 1789024801.4023886}, {"type": "started", "batch": 55, "gpu": 1, "solver": "torch_svl", "jobs": 32, "started": 1789024802.6556447}, {"type": "started", "batch": 58, "gpu": 6, "solver": "torch_svl", "jobs": 32, "started": 1789024804.760679}, {"type": "started", "batch": 61, "gpu": 5, "solver": "torch_svl", "jobs": 32, "started": 1789024806.289145}, {"type": "started", "batch": 64, "gpu": 4, "solver": "torch_svl", "jobs": 32, "started": 1789024808.6328294}, {"type": "started", "batch": 67, "gpu": 0, "solver": "torch_svl", "jobs": 32, "started": 1789024810.526128}, {"type": "started", "batch": 70, "gpu": 3, "solver": "torch_svl", "jobs": 32, "started": 1789024814.1911802}], "peak_parallel_jobs": 256, "elapsed_seconds": 59.667632448952645}
{"stage": "sweeping", "completed_jobs": 2112, "total_jobs": 2646, "completed_batches": 66, "total_batches": 84, "active": [{"type": "started", "batch": 55, "gpu": 1, "solver": "torch_svl", "jobs": 32, "started": 1789024802.6556447}, {"type": "started", "batch": 58, "gpu": 6, "solver": "torch_svl", "jobs": 32, "started": 1789024804.760679}, {"type": "started", "batch": 61, "gpu": 5, "solver": "torch_svl", "jobs": 32, "started": 1789024806.289145}, {"type": "started", "batch": 64, "gpu": 4, "solver": "torch_svl", "jobs": 32, "started": 1789024808.6328294}, {"type": "started", "batch": 67, "gpu": 0, "solver": "torch_svl", "jobs": 32, "started": 1789024810.526128}, {"type": "started", "batch": 70, "gpu": 3, "solver": "torch_svl", "jobs": 32, "started": 1789024814.1911802}, {"type": "started", "batch": 72, "gpu": 7, "solver": "torch_sbm", "jobs": 32, "started": 1789024817.8212998}], "peak_parallel_jobs": 256, "elapsed_seconds": 60.204492080025375}
{"stage": "sweeping", "completed_jobs": 2144, "total_jobs": 2646, "completed_batches": 67, "total_batches": 84, "active": [{"type": "started", "batch": 55, "gpu": 1, "solver": "torch_svl", "jobs": 32, "started": 1789024802.6556447}, {"type": "started", "batch": 58, "gpu": 6, "solver": "torch_svl", "jobs": 32, "started": 1789024804.760679}, {"type": "started", "batch": 61, "gpu": 5, "solver": "torch_svl", "jobs": 32, "started": 1789024806.289145}, {"type": "started", "batch": 64, "gpu": 4, "solver": "torch_svl", "jobs": 32, "started": 1789024808.6328294}, {"type": "started", "batch": 67, "gpu": 0, "solver": "torch_svl", "jobs": 32, "started": 1789024810.526128}, {"type": "started", "batch": 70, "gpu": 3, "solver": "torch_svl", "jobs": 32, "started": 1789024814.1911802}, {"type": "started", "batch": 73, "gpu": 2, "solver": "torch_svl", "jobs": 32, "started": 1789024818.358127}], "peak_parallel_jobs": 256, "elapsed_seconds": 60.80643523298204}
{"stage": "sweeping", "completed_jobs": 2176, "total_jobs": 2646, "completed_batches": 68, "total_batches": 84, "active": [{"type": "started", "batch": 58, "gpu": 6, "solver": "torch_svl", "jobs": 32, "started": 1789024804.760679}, {"type": "started", "batch": 61, "gpu": 5, "solver": "torch_svl", "jobs": 32, "started": 1789024806.289145}, {"type": "started", "batch": 64, "gpu": 4, "solver": "torch_svl", "jobs": 32, "started": 1789024808.6328294}, {"type": "started", "batch": 67, "gpu": 0, "solver": "torch_svl", "jobs": 32, "started": 1789024810.526128}, {"type": "started", "batch": 70, "gpu": 3, "solver": "torch_svl", "jobs": 32, "started": 1789024814.1911802}, {"type": "started", "batch": 73, "gpu": 2, "solver": "torch_svl", "jobs": 32, "started": 1789024818.358127}, {"type": "started", "batch": 74, "gpu": 7, "solver": "torch_transverse_route", "jobs": 32, "started": 1789024818.9601574}], "peak_parallel_jobs": 256, "elapsed_seconds": 61.392257542931475}
{"stage": "sweeping", "completed_jobs": 2208, "total_jobs": 2646, "completed_batches": 69, "total_batches": 84, "active": [{"type": "started", "batch": 58, "gpu": 6, "solver": "torch_svl", "jobs": 32, "started": 1789024804.760679}, {"type": "started", "batch": 61, "gpu": 5, "solver": "torch_svl", "jobs": 32, "started": 1789024806.289145}, {"type": "started", "batch": 64, "gpu": 4, "solver": "torch_svl", "jobs": 32, "started": 1789024808.6328294}, {"type": "started", "batch": 67, "gpu": 0, "solver": "torch_svl", "jobs": 32, "started": 1789024810.526128}, {"type": "started", "batch": 70, "gpu": 3, "solver": "torch_svl", "jobs": 32, "started": 1789024814.1911802}, {"type": "started", "batch": 73, "gpu": 2, "solver": "torch_svl", "jobs": 32, "started": 1789024818.358127}, {"type": "started", "batch": 74, "gpu": 7, "solver": "torch_transverse_route", "jobs": 32, "started": 1789024818.9601574}], "peak_parallel_jobs": 256, "elapsed_seconds": 62.56274510000367}
{"stage": "sweeping", "completed_jobs": 2240, "total_jobs": 2646, "completed_batches": 70, "total_batches": 84, "active": [{"type": "started", "batch": 58, "gpu": 6, "solver": "torch_svl", "jobs": 32, "started": 1789024804.760679}, {"type": "started", "batch": 61, "gpu": 5, "solver": "torch_svl", "jobs": 32, "started": 1789024806.289145}, {"type": "started", "batch": 64, "gpu": 4, "solver": "torch_svl", "jobs": 32, "started": 1789024808.6328294}, {"type": "started", "batch": 67, "gpu": 0, "solver": "torch_svl", "jobs": 32, "started": 1789024810.526128}, {"type": "started", "batch": 70, "gpu": 3, "solver": "torch_svl", "jobs": 32, "started": 1789024814.1911802}, {"type": "started", "batch": 73, "gpu": 2, "solver": "torch_svl", "jobs": 32, "started": 1789024818.358127}, {"type": "started", "batch": 76, "gpu": 1, "solver": "torch_svl", "jobs": 32, "started": 1789024820.7165656}], "peak_parallel_jobs": 256, "elapsed_seconds": 62.61777684802655}
{"stage": "sweeping", "completed_jobs": 2272, "total_jobs": 2646, "completed_batches": 71, "total_batches": 84, "active": [{"type": "started", "batch": 61, "gpu": 5, "solver": "torch_svl", "jobs": 32, "started": 1789024806.289145}, {"type": "started", "batch": 64, "gpu": 4, "solver": "torch_svl", "jobs": 32, "started": 1789024808.6328294}, {"type": "started", "batch": 67, "gpu": 0, "solver": "torch_svl", "jobs": 32, "started": 1789024810.526128}, {"type": "started", "batch": 70, "gpu": 3, "solver": "torch_svl", "jobs": 32, "started": 1789024814.1911802}, {"type": "started", "batch": 73, "gpu": 2, "solver": "torch_svl", "jobs": 32, "started": 1789024818.358127}, {"type": "started", "batch": 76, "gpu": 1, "solver": "torch_svl", "jobs": 32, "started": 1789024820.7165656}, {"type": "started", "batch": 77, "gpu": 7, "solver": "torch_transverse_route", "jobs": 32, "started": 1789024820.7714798}], "peak_parallel_jobs": 256, "elapsed_seconds": 63.64420461503323}
{"stage": "sweeping", "completed_jobs": 2304, "total_jobs": 2646, "completed_batches": 72, "total_batches": 84, "active": [{"type": "started", "batch": 61, "gpu": 5, "solver": "torch_svl", "jobs": 32, "started": 1789024806.289145}, {"type": "started", "batch": 64, "gpu": 4, "solver": "torch_svl", "jobs": 32, "started": 1789024808.6328294}, {"type": "started", "batch": 67, "gpu": 0, "solver": "torch_svl", "jobs": 32, "started": 1789024810.526128}, {"type": "started", "batch": 70, "gpu": 3, "solver": "torch_svl", "jobs": 32, "started": 1789024814.1911802}, {"type": "started", "batch": 73, "gpu": 2, "solver": "torch_svl", "jobs": 32, "started": 1789024818.358127}, {"type": "started", "batch": 76, "gpu": 1, "solver": "torch_svl", "jobs": 32, "started": 1789024820.7165656}, {"type": "started", "batch": 78, "gpu": 6, "solver": "torch_sbm", "jobs": 32, "started": 1789024821.7977598}], "peak_parallel_jobs": 256, "elapsed_seconds": 64.43858738301788}
{"stage": "sweeping", "completed_jobs": 2336, "total_jobs": 2646, "completed_batches": 73, "total_batches": 84, "active": [{"type": "started", "batch": 61, "gpu": 5, "solver": "torch_svl", "jobs": 32, "started": 1789024806.289145}, {"type": "started", "batch": 64, "gpu": 4, "solver": "torch_svl", "jobs": 32, "started": 1789024808.6328294}, {"type": "started", "batch": 67, "gpu": 0, "solver": "torch_svl", "jobs": 32, "started": 1789024810.526128}, {"type": "started", "batch": 70, "gpu": 3, "solver": "torch_svl", "jobs": 32, "started": 1789024814.1911802}, {"type": "started", "batch": 73, "gpu": 2, "solver": "torch_svl", "jobs": 32, "started": 1789024818.358127}, {"type": "started", "batch": 76, "gpu": 1, "solver": "torch_svl", "jobs": 32, "started": 1789024820.7165656}, {"type": "started", "batch": 79, "gpu": 7, "solver": "torch_svl", "jobs": 32, "started": 1789024822.592281}], "peak_parallel_jobs": 256, "elapsed_seconds": 64.8066996820271}
{"stage": "sweeping", "completed_jobs": 2368, "total_jobs": 2646, "completed_batches": 74, "total_batches": 84, "active": [{"type": "started", "batch": 64, "gpu": 4, "solver": "torch_svl", "jobs": 32, "started": 1789024808.6328294}, {"type": "started", "batch": 67, "gpu": 0, "solver": "torch_svl", "jobs": 32, "started": 1789024810.526128}, {"type": "started", "batch": 70, "gpu": 3, "solver": "torch_svl", "jobs": 32, "started": 1789024814.1911802}, {"type": "started", "batch": 73, "gpu": 2, "solver": "torch_svl", "jobs": 32, "started": 1789024818.358127}, {"type": "started", "batch": 76, "gpu": 1, "solver": "torch_svl", "jobs": 32, "started": 1789024820.7165656}, {"type": "started", "batch": 79, "gpu": 7, "solver": "torch_svl", "jobs": 32, "started": 1789024822.592281}, {"type": "started", "batch": 80, "gpu": 6, "solver": "torch_transverse_route", "jobs": 32, "started": 1789024822.9604106}], "peak_parallel_jobs": 256, "elapsed_seconds": 65.11204244499095}
{"stage": "sweeping", "completed_jobs": 2386, "total_jobs": 2646, "completed_batches": 75, "total_batches": 84, "active": [{"type": "started", "batch": 64, "gpu": 4, "solver": "torch_svl", "jobs": 32, "started": 1789024808.6328294}, {"type": "started", "batch": 67, "gpu": 0, "solver": "torch_svl", "jobs": 32, "started": 1789024810.526128}, {"type": "started", "batch": 70, "gpu": 3, "solver": "torch_svl", "jobs": 32, "started": 1789024814.1911802}, {"type": "started", "batch": 73, "gpu": 2, "solver": "torch_svl", "jobs": 32, "started": 1789024818.358127}, {"type": "started", "batch": 76, "gpu": 1, "solver": "torch_svl", "jobs": 32, "started": 1789024820.7165656}, {"type": "started", "batch": 79, "gpu": 7, "solver": "torch_svl", "jobs": 32, "started": 1789024822.592281}, {"type": "started", "batch": 80, "gpu": 6, "solver": "torch_transverse_route", "jobs": 32, "started": 1789024822.9604106}], "peak_parallel_jobs": 256, "elapsed_seconds": 66.11393518897239}
{"stage": "sweeping", "completed_jobs": 2418, "total_jobs": 2646, "completed_batches": 76, "total_batches": 84, "active": [{"type": "started", "batch": 64, "gpu": 4, "solver": "torch_svl", "jobs": 32, "started": 1789024808.6328294}, {"type": "started", "batch": 67, "gpu": 0, "solver": "torch_svl", "jobs": 32, "started": 1789024810.526128}, {"type": "started", "batch": 70, "gpu": 3, "solver": "torch_svl", "jobs": 32, "started": 1789024814.1911802}, {"type": "started", "batch": 73, "gpu": 2, "solver": "torch_svl", "jobs": 32, "started": 1789024818.358127}, {"type": "started", "batch": 76, "gpu": 1, "solver": "torch_svl", "jobs": 32, "started": 1789024820.7165656}, {"type": "started", "batch": 79, "gpu": 7, "solver": "torch_svl", "jobs": 32, "started": 1789024822.592281}, {"type": "started", "batch": 82, "gpu": 5, "solver": "torch_svl", "jobs": 18, "started": 1789024824.267582}], "peak_parallel_jobs": 256, "elapsed_seconds": 66.72129861195572}
{"stage": "sweeping", "completed_jobs": 2450, "total_jobs": 2646, "completed_batches": 77, "total_batches": 84, "active": [{"type": "started", "batch": 67, "gpu": 0, "solver": "torch_svl", "jobs": 32, "started": 1789024810.526128}, {"type": "started", "batch": 70, "gpu": 3, "solver": "torch_svl", "jobs": 32, "started": 1789024814.1911802}, {"type": "started", "batch": 73, "gpu": 2, "solver": "torch_svl", "jobs": 32, "started": 1789024818.358127}, {"type": "started", "batch": 76, "gpu": 1, "solver": "torch_svl", "jobs": 32, "started": 1789024820.7165656}, {"type": "started", "batch": 79, "gpu": 7, "solver": "torch_svl", "jobs": 32, "started": 1789024822.592281}, {"type": "started", "batch": 82, "gpu": 5, "solver": "torch_svl", "jobs": 18, "started": 1789024824.267582}, {"type": "started", "batch": 83, "gpu": 6, "solver": "torch_transverse_route", "jobs": 18, "started": 1789024824.8749409}], "peak_parallel_jobs": 256, "elapsed_seconds": 67.37457060592715}
{"stage": "sweeping", "completed_jobs": 2468, "total_jobs": 2646, "completed_batches": 78, "total_batches": 84, "active": [{"type": "started", "batch": 67, "gpu": 0, "solver": "torch_svl", "jobs": 32, "started": 1789024810.526128}, {"type": "started", "batch": 70, "gpu": 3, "solver": "torch_svl", "jobs": 32, "started": 1789024814.1911802}, {"type": "started", "batch": 73, "gpu": 2, "solver": "torch_svl", "jobs": 32, "started": 1789024818.358127}, {"type": "started", "batch": 76, "gpu": 1, "solver": "torch_svl", "jobs": 32, "started": 1789024820.7165656}, {"type": "started", "batch": 79, "gpu": 7, "solver": "torch_svl", "jobs": 32, "started": 1789024822.592281}, {"type": "started", "batch": 82, "gpu": 5, "solver": "torch_svl", "jobs": 18, "started": 1789024824.267582}], "peak_parallel_jobs": 256, "elapsed_seconds": 68.22425950597972}
{"stage": "sweeping", "completed_jobs": 2500, "total_jobs": 2646, "completed_batches": 79, "total_batches": 84, "active": [{"type": "started", "batch": 70, "gpu": 3, "solver": "torch_svl", "jobs": 32, "started": 1789024814.1911802}, {"type": "started", "batch": 73, "gpu": 2, "solver": "torch_svl", "jobs": 32, "started": 1789024818.358127}, {"type": "started", "batch": 76, "gpu": 1, "solver": "torch_svl", "jobs": 32, "started": 1789024820.7165656}, {"type": "started", "batch": 79, "gpu": 7, "solver": "torch_svl", "jobs": 32, "started": 1789024822.592281}, {"type": "started", "batch": 82, "gpu": 5, "solver": "torch_svl", "jobs": 18, "started": 1789024824.267582}], "peak_parallel_jobs": 256, "elapsed_seconds": 69.44373886601534}
{"stage": "sweeping", "completed_jobs": 2532, "total_jobs": 2646, "completed_batches": 80, "total_batches": 84, "active": [{"type": "started", "batch": 73, "gpu": 2, "solver": "torch_svl", "jobs": 32, "started": 1789024818.358127}, {"type": "started", "batch": 76, "gpu": 1, "solver": "torch_svl", "jobs": 32, "started": 1789024820.7165656}, {"type": "started", "batch": 79, "gpu": 7, "solver": "torch_svl", "jobs": 32, "started": 1789024822.592281}, {"type": "started", "batch": 82, "gpu": 5, "solver": "torch_svl", "jobs": 18, "started": 1789024824.267582}], "peak_parallel_jobs": 256, "elapsed_seconds": 72.56470521399751}
{"stage": "sweeping", "completed_jobs": 2550, "total_jobs": 2646, "completed_batches": 81, "total_batches": 84, "active": [{"type": "started", "batch": 73, "gpu": 2, "solver": "torch_svl", "jobs": 32, "started": 1789024818.358127}, {"type": "started", "batch": 76, "gpu": 1, "solver": "torch_svl", "jobs": 32, "started": 1789024820.7165656}, {"type": "started", "batch": 79, "gpu": 7, "solver": "torch_svl", "jobs": 32, "started": 1789024822.592281}], "peak_parallel_jobs": 256, "elapsed_seconds": 76.25801173993386}
{"stage": "sweeping", "completed_jobs": 2582, "total_jobs": 2646, "completed_batches": 82, "total_batches": 84, "active": [{"type": "started", "batch": 76, "gpu": 1, "solver": "torch_svl", "jobs": 32, "started": 1789024820.7165656}, {"type": "started", "batch": 79, "gpu": 7, "solver": "torch_svl", "jobs": 32, "started": 1789024822.592281}], "peak_parallel_jobs": 256, "elapsed_seconds": 76.81050767598208}
{"stage": "sweeping", "completed_jobs": 2614, "total_jobs": 2646, "completed_batches": 83, "total_batches": 84, "active": [{"type": "started", "batch": 79, "gpu": 7, "solver": "torch_svl", "jobs": 32, "started": 1789024822.592281}], "peak_parallel_jobs": 256, "elapsed_seconds": 79.54257281892933}
{"stage": "sweeping", "completed_jobs": 2646, "total_jobs": 2646, "completed_batches": 84, "total_batches": 84, "active": [], "peak_parallel_jobs": 256, "elapsed_seconds": 80.5945199560374}
{"stage": "complete", "metadata_seconds": 1.4526308829663321, "prefetch_seconds": 5.288624980952591, "preparation_wall_seconds": 513.2537874469999, "worker_phase_wall_seconds": 81.32096594397444, "summed_batch_solve_seconds": 545.5641611398896, "summed_worker_batch_seconds": 549.4143681422574, "peak_parallel_jobs": 256, "workers": [{"type": "ready", "gpu": 0, "warmup_seconds": 0.5396060200873762, "name": "Tesla V100-SXM2-32GB", "torch": "2.7.1+cu126"}, {"type": "ready", "gpu": 5, "warmup_seconds": 0.4467238279758021, "name": "Tesla V100-SXM2-32GB", "torch": "2.7.1+cu126"}, {"type": "ready", "gpu": 4, "warmup_seconds": 0.4186035479651764, "name": "Tesla V100-SXM2-32GB", "torch": "2.7.1+cu126"}, {"type": "ready", "gpu": 3, "warmup_seconds": 0.44569395296275616, "name": "Tesla V100-SXM2-32GB", "torch": "2.7.1+cu126"}, {"type": "ready", "gpu": 2, "warmup_seconds": 0.43732404708862305, "name": "Tesla V100-SXM2-32GB", "torch": "2.7.1+cu126"}, {"type": "ready", "gpu": 6, "warmup_seconds": 0.3835564210312441, "name": "Tesla V100-SXM2-32GB", "torch": "2.7.1+cu126"}, {"type": "ready", "gpu": 1, "warmup_seconds": 0.4812154630199075, "name": "Tesla V100-SXM2-32GB", "torch": "2.7.1+cu126"}, {"type": "ready", "gpu": 7, "warmup_seconds": 0.46251100208610296, "name": "Tesla V100-SXM2-32GB", "torch": "2.7.1+cu126"}], "trials": 2646, "valid": 0, "summed_qubo_build_seconds": 2.423434692900628, "summed_validation_seconds": 0.6179460110142827, "summed_repricing_seconds": 0.22872347407974303, "summed_sample_write_seconds": 0.4577942865435034, "reporting_seconds": 0.18791065202094615, "invocation_wall_seconds": 594.979595753015, "total_wall_seconds": 594.979595753015}
real 595.99
user 1072.15
sys 32.36
{"stage": "repairing", "completed": 320, "total": 2646, "elapsed_seconds": 1.6699700659373775, "converged": 320}
{"stage": "repairing", "completed": 640, "total": 2646, "elapsed_seconds": 2.6404419479658827, "converged": 640}
{"stage": "repairing", "completed": 960, "total": 2646, "elapsed_seconds": 3.795755566912703, "converged": 960}
{"stage": "repairing", "completed": 1280, "total": 2646, "elapsed_seconds": 4.913354772026651, "converged": 1280}
{"stage": "repairing", "completed": 1600, "total": 2646, "elapsed_seconds": 6.190916210995056, "converged": 1600}
{"stage": "repairing", "completed": 1920, "total": 2646, "elapsed_seconds": 7.339464808930643, "converged": 1920}
{"stage": "repairing", "completed": 2240, "total": 2646, "elapsed_seconds": 8.356929329922423, "converged": 2240}
{"stage": "repairing", "completed": 2560, "total": 2646, "elapsed_seconds": 9.652956034988165, "converged": 2560}
{"trials": 2646, "raw_feasible": 0, "repaired_feasible": 2646, "auxiliary_only_scenarios": 0, "projected_scenarios": 2646, "converged": 2646, "projected_breaches": 0, "repaired_breaches": 0, "mean_margin": 0.011423476438157373, "mean_reference_gap": 7.877759929330202e-05, "max_reference_gap": 0.0008585127820503139, "mean_steps": 8.551398337112623, "max_steps": 48, "setup_seconds": 1.7682712405221537, "stage_seconds": {"decodeSeconds": 0.10087185795418918, "projectionSeconds": 0.03889279579743743, "initialRepricingSeconds": 0.29775417724158615, "auxiliaryRebuildSeconds": 0.3802481861785054, "improvementSeconds": 4.519680774072185, "finalValidationSeconds": 0.5106642877217382, "totalSeconds": 5.852132097352296}, "repair_wall_seconds": 10.545699671958573, "input_sha256": "6098409434617d507c24713acfe4c0149f657ea2031dd32d1dee37e7d011fb66", "raw_inputs_unchanged": true, "raw_sweep_wall_seconds": 594.979595753015}
real 11.35
user 10.17
sys 1.17
{"status": "passed", "samples": 2646, "batches": 84, "valid": 0, "breaches": 0, "missing_margins": 2646, "gpu_indices": [0, 1, 2, 3, 4, 5, 6, 7], "complete_coverage_series": 0}
real 3.21
user 2.79
sys 0.42
{"status": "passed", "projected_samples": 2646, "improved_samples": 2646, "local_optima_checked": 876, "raw_archive_unchanged": true, "pnl_absolute_tolerance": 1e-12, "breaches_recomputed": true}
real 6.13
user 5.53
sys 0.60
