instance,family,vertices,edges,reference_cut,runs,steps,seed,device,sbm_status,sbm_best_cut,sbm_median_seconds,sbm_min_seconds,sbm_max_seconds,sbm_gap_to_reference,sbm_gap_percent,sbm_sample_sha256,sbm_trial_seconds,sbm_trial_cuts,sbm_error,svl_status,svl_best_cut,svl_median_seconds,svl_min_seconds,svl_max_seconds,svl_gap_to_reference,svl_gap_percent,svl_sample_sha256,svl_trial_seconds,svl_trial_cuts,svl_error,trf_status,trf_best_cut,trf_median_seconds,trf_min_seconds,trf_max_seconds,trf_gap_to_reference,trf_gap_percent,trf_sample_sha256,trf_trial_seconds,trf_trial_cuts,trf_error,best_cut,quality_winners,fastest_solver,winner,status
g05_100.0,rudy,100,2475,1430,2,2000,1,cuda:2,ok,0.0,0.19793826201930642,0.1971022089710459,0.19875361502636224,1430.0,100.0,cd00e292c5970d3c5e2f0ffa5171e555bc46bfc4faddfb4a418b6840b86e79a3,"[0.19875361502636224, 0.1971022089710459, 0.19793826201930642]","[0.0, 0.0, 0.0]",,ok,1423.0,0.24952756392303854,0.2484525180188939,0.2501686590258032,7.0,0.48951048951048953,e94a6a609476eedefc2a99f02e81cd3e5df6276975f524973d1d78ff3dd5acfd,"[0.2484525180188939, 0.2501686590258032, 0.24952756392303854]","[1423.0, 1423.0, 1423.0]",,ok,1371.0,0.08683449705131352,0.0860449040774256,0.09483609907329082,59.0,4.125874125874126,57312afa5129660be88b70011a9da0cbbe0b4b64c1d27262b32a3d7451007831,"[0.08683449705131352, 0.0860449040774256, 0.09483609907329082]","[1371.0, 1371.0, 1371.0]",,1423.0,SVL,TRF,SVL,ok
g05_100.1,rudy,100,2475,1425,2,2000,1,cuda:6,ok,0.0,0.2032728400081396,0.20304190705064684,0.20579282299149781,1425.0,100.0,80f93e8c7d0e1e083e6aab0b073011d858d092951eb4bb2d595cd43173e04704,"[0.2032728400081396, 0.20579282299149781, 0.20304190705064684]","[0.0, 0.0, 0.0]",,ok,1423.0,0.2555953859118745,0.2553866660455242,0.25588704692199826,2.0,0.14035087719298245,419fbad8d2f21a59b23165eb37d0c27c968dfa98d50a490a5a06bac33ad55aed,"[0.2555953859118745, 0.2553866660455242, 0.25588704692199826]","[1423.0, 1423.0, 1423.0]",,ok,1372.0,0.10716481297276914,0.0863564049359411,0.10921356698963791,53.0,3.719298245614035,8054acc8f7634c1e8c1b409e3d808c050488170225c549ae0222e9282afdc25b,"[0.10921356698963791, 0.10716481297276914, 0.0863564049359411]","[1372.0, 1372.0, 1372.0]",,1423.0,SVL,TRF,SVL,ok
g05_100.2,rudy,100,2475,1432,2,2000,1,cuda:3,ok,0.0,0.18966611800715327,0.18940589402336627,0.19003812002483755,1432.0,100.0,cd00e292c5970d3c5e2f0ffa5171e555bc46bfc4faddfb4a418b6840b86e79a3,"[0.19003812002483755, 0.18966611800715327, 0.18940589402336627]","[0.0, 0.0, 0.0]",,ok,1413.0,0.24171357904560864,0.2416249259840697,0.24233473802451044,19.0,1.3268156424581006,f70c794eaa63f7f76c95e1ba003457c8624eed071efc09d95686435223f4a572,"[0.24233473802451044, 0.2416249259840697, 0.24171357904560864]","[1413.0, 1413.0, 1413.0]",,ok,1367.0,0.08628975099418312,0.08612766000442207,0.0873952949186787,65.0,4.539106145251397,49be73a53699848f34ce3657235de1812093248403bce87ed7fc5b940387fb3a,"[0.0873952949186787, 0.08628975099418312, 0.08612766000442207]","[1367.0, 1367.0, 1367.0]",,1413.0,SVL,TRF,SVL,ok
g05_100.3,rudy,100,2475,1424,2,2000,1,cuda:0,ok,0.0,0.29887849604710937,0.29832651908509433,0.3008680730126798,1424.0,100.0,cd00e292c5970d3c5e2f0ffa5171e555bc46bfc4faddfb4a418b6840b86e79a3,"[0.29887849604710937, 0.3008680730126798, 0.29832651908509433]","[0.0, 0.0, 0.0]",,ok,1415.0,0.37497284600976855,0.37480582704301924,0.3756502131000161,9.0,0.6320224719101124,ad5b630867b9e242310d03c987d75481c59622135ae21d8b3236224cd6bbed87,"[0.37480582704301924, 0.3756502131000161, 0.37497284600976855]","[1415.0, 1415.0, 1415.0]",,ok,1360.0,0.08839341101702303,0.08805806993041188,0.08915362600237131,64.0,4.49438202247191,d8f7c643b46f89a93e97ed76b908ad1fe41498a549baa561a8a04f0f44f11679,"[0.08915362600237131, 0.08839341101702303, 0.08805806993041188]","[1360.0, 1360.0, 1360.0]",,1415.0,SVL,TRF,SVL,ok
g05_100.4,rudy,100,2475,1440,2,2000,1,cuda:1,ok,0.0,0.19875832693651319,0.19769908906891942,0.19904384401161224,1440.0,100.0,cd00e292c5970d3c5e2f0ffa5171e555bc46bfc4faddfb4a418b6840b86e79a3,"[0.19875832693651319, 0.19904384401161224, 0.19769908906891942]","[0.0, 0.0, 0.0]",,ok,1425.0,0.2501642940333113,0.24938443000428379,0.25193555501755327,15.0,1.0416666666666667,ca66ebe832a9cefcf43d558a4ec1e8f2989199bd259e9993d20ae8735608948a,"[0.25193555501755327, 0.24938443000428379, 0.2501642940333113]","[1425.0, 1425.0, 1425.0]",,ok,1378.0,0.0888686430407688,0.0849167499691248,0.10598708409816027,62.0,4.305555555555555,8b5fd8f3448de9e4797fec5f49509f6493a4f50970984b215ffaf59e7e37da90,"[0.10598708409816027, 0.0888686430407688, 0.0849167499691248]","[1378.0, 1378.0, 1378.0]",,1425.0,SVL,TRF,SVL,ok
g05_100.5,rudy,100,2475,1436,2,2000,1,cuda:5,ok,0.0,0.1908558370778337,0.19013169105164707,0.19147905707359314,1436.0,100.0,cd00e292c5970d3c5e2f0ffa5171e555bc46bfc4faddfb4a418b6840b86e79a3,"[0.19013169105164707, 0.1908558370778337, 0.19147905707359314]","[0.0, 0.0, 0.0]",,ok,1427.0,0.2403611270710826,0.24035232898313552,0.24143474304582924,9.0,0.6267409470752089,f742d86abdda06f08f76c23f9d8aae21c9d5d14d5a3aecc1411942d985398d4a,"[0.2403611270710826, 0.24035232898313552, 0.24143474304582924]","[1427.0, 1427.0, 1427.0]",,ok,1359.0,0.09276131400838494,0.08464079699479043,0.10530802700668573,77.0,5.362116991643454,8c0bc5b3c2c38139ec2082f48d85837ad9e8ac14b4b7d34569a1650c1fe15672,"[0.10530802700668573, 0.09276131400838494, 0.08464079699479043]","[1359.0, 1359.0, 1359.0]",,1427.0,SVL,TRF,SVL,ok
g05_100.6,rudy,100,2475,1434,2,2000,1,cuda:7,ok,0.0,0.19276549899950624,0.19223764503840357,0.193110071006231,1434.0,100.0,80f93e8c7d0e1e083e6aab0b073011d858d092951eb4bb2d595cd43173e04704,"[0.19276549899950624, 0.193110071006231, 0.19223764503840357]","[0.0, 0.0, 0.0]",,ok,1429.0,0.24135533499065787,0.2413327320246026,0.2431272208923474,5.0,0.3486750348675035,4f8c088dc9b215d4f03422ce486006b6964a5f4e13a953f1227cf97ccec51c7c,"[0.2431272208923474, 0.24135533499065787, 0.2413327320246026]","[1429.0, 1429.0, 1429.0]",,ok,1365.0,0.08486071997322142,0.08465863601304591,0.08493710600305349,69.0,4.811715481171548,aed29bf5e240f94ac9ca9298ce50f95fb7db095d009e1b902b1c50295fd9603e,"[0.08493710600305349, 0.08465863601304591, 0.08486071997322142]","[1365.0, 1365.0, 1365.0]",,1429.0,SVL,TRF,SVL,ok
g05_100.7,rudy,100,2475,1431,2,2000,1,cuda:4,ok,0.0,0.19936994602903724,0.19870172999799252,0.2015899249818176,1431.0,100.0,cd00e292c5970d3c5e2f0ffa5171e555bc46bfc4faddfb4a418b6840b86e79a3,"[0.19936994602903724, 0.2015899249818176, 0.19870172999799252]","[0.0, 0.0, 0.0]",,ok,1426.0,0.2497574210865423,0.24866372207179666,0.25057134102098644,5.0,0.3494060097833683,854cdba72fbdb52672ef329bf8b474a5d2c576421ddeb01b58c3729252479bc2,"[0.24866372207179666, 0.25057134102098644, 0.2497574210865423]","[1426.0, 1426.0, 1426.0]",,ok,1367.0,0.08406665490474552,0.0837974559981376,0.08503951597958803,64.0,4.472396925227114,aa58999e7fe643dadbf94193d658666b937758f6585a82e3124fe0d51b7a68b3,"[0.08503951597958803, 0.08406665490474552, 0.0837974559981376]","[1367.0, 1367.0, 1367.0]",,1426.0,SVL,TRF,SVL,ok
g05_100.8,rudy,100,2475,1432,2,2000,1,cuda:2,ok,0.0,0.19869036006275564,0.19774940505158156,0.20055385201703757,1432.0,100.0,cd00e292c5970d3c5e2f0ffa5171e555bc46bfc4faddfb4a418b6840b86e79a3,"[0.20055385201703757, 0.19869036006275564, 0.19774940505158156]","[0.0, 0.0, 0.0]",,ok,1418.0,0.24937929003499448,0.24924934899900109,0.2496184310875833,14.0,0.9776536312849162,798846ae8449bfb89ae2a38606a1a6057074d193138c4c4bfa86c8ffeb71dd84,"[0.24924934899900109, 0.24937929003499448, 0.2496184310875833]","[1418.0, 1418.0, 1418.0]",,ok,1393.0,0.08577988401520997,0.0855444580083713,0.10204437805805355,39.0,2.723463687150838,cf685e556649e97060f9a7074a5a20dc0ae24999971c75fc9fe31aa8a403dfa1,"[0.10204437805805355, 0.0855444580083713, 0.08577988401520997]","[1393.0, 1393.0, 1393.0]",,1418.0,SVL,TRF,SVL,ok
g05_100.9,rudy,100,2475,1430,2,2000,1,cuda:3,ok,0.0,0.18974095897283405,0.1896884790621698,0.19027301599271595,1430.0,100.0,cd00e292c5970d3c5e2f0ffa5171e555bc46bfc4faddfb4a418b6840b86e79a3,"[0.18974095897283405, 0.1896884790621698, 0.19027301599271595]","[0.0, 0.0, 0.0]",,ok,1408.0,0.24166915100067854,0.24157652899157256,0.24318958399817348,22.0,1.5384615384615385,d05517f0e6b62ea765ab8c863064f14aab0b5dec34d7f00bc70f87b747209698,"[0.24166915100067854, 0.24157652899157256, 0.24318958399817348]","[1408.0, 1408.0, 1408.0]",,ok,1395.0,0.0860343649983406,0.08598325599450618,0.08653118903748691,35.0,2.4475524475524475,4ac6d50d1775eda2d069b104ae389faf0c8e9f7c25c0eabcf776a7513928dd37,"[0.08653118903748691, 0.08598325599450618, 0.0860343649983406]","[1395.0, 1395.0, 1395.0]",,1408.0,SVL,TRF,SVL,ok
g05_60.0,rudy,60,885,536,2,2000,1,cuda:5,ok,22.0,0.1902600140310824,0.19005538302008063,0.190565422992222,514.0,95.8955223880597,5380ec26ac3df837dac3c9e10fee9f83647e8de91c9bc680acb156b252514642,"[0.1902600140310824, 0.19005538302008063, 0.190565422992222]","[22.0, 22.0, 22.0]",,ok,536.0,0.24036678404081613,0.2401123259915039,0.24062047305051237,0.0,0.0,d3c2d34ee2dce5c0c2013a3ecdf831ffeba3269e5e634468bd054023c7c9a4b7,"[0.24036678404081613, 0.2401123259915039, 0.24062047305051237]","[536.0, 536.0, 536.0]",,ok,513.0,0.07890482200309634,0.07886860391590744,0.09011872101109475,23.0,4.291044776119403,9ccbcdb4e1da678b5748bbed431dae022662fca3ce46af99b643a8579807774f,"[0.09011872101109475, 0.07890482200309634, 0.07886860391590744]","[513.0, 513.0, 513.0]",,536.0,SVL,TRF,SVL,ok
g05_60.1,rudy,60,885,532,2,2000,1,cuda:6,ok,18.0,0.20373197505250573,0.20182758406735957,0.20451478101313114,514.0,96.61654135338345,f8e869d2486e2233c285035cc7d37d1f12167deddc99e7798eafee5d3c05536c,"[0.20451478101313114, 0.20373197505250573, 0.20182758406735957]","[18.0, 18.0, 18.0]",,ok,524.0,0.25651843997184187,0.25453606608789414,0.2574143629753962,8.0,1.5037593984962405,7844e1606ad8eefe62a26de0fc14c711085f0e365d2aa8bd3b090040081cbb6c,"[0.25651843997184187, 0.25453606608789414, 0.2574143629753962]","[524.0, 524.0, 524.0]",,ok,509.0,0.07835790410172194,0.07834540191106498,0.07869067997671664,23.0,4.323308270676692,9e67ced9008b3fb4add4f04c2813fc0b2bbf5ecfea562a3809e475f6507a8cb4,"[0.07869067997671664, 0.07835790410172194, 0.07834540191106498]","[509.0, 509.0, 509.0]",,524.0,SVL,TRF,SVL,ok
g05_60.2,rudy,60,885,529,2,2000,1,cuda:4,ok,0.0,0.1981177149573341,0.1976464040344581,0.19910313899163157,529.0,100.0,5dcc1b5872dd9ff1c234501f1fefda01f664164e1583c3e1bb3dbea47588ab31,"[0.1981177149573341, 0.19910313899163157, 0.1976464040344581]","[0.0, 0.0, 0.0]",,ok,525.0,0.24777853896375746,0.24700486997608095,0.24826614989433438,4.0,0.7561436672967864,2816fa4ebf075952bd6ec618a6b44bc4727f568e8efb209d23ce95cb5ba1f3ee,"[0.24777853896375746, 0.24700486997608095, 0.24826614989433438]","[525.0, 525.0, 525.0]",,ok,514.0,0.07787087897304446,0.07786025502718985,0.07977455505169928,15.0,2.835538752362949,b633e0537f6900fbd699a095f026fb5481ac540cdb90766d03a7488b8d21fc56,"[0.07977455505169928, 0.07786025502718985, 0.07787087897304446]","[514.0, 514.0, 514.0]",,525.0,SVL,TRF,SVL,ok
g05_60.3,rudy,60,885,538,2,2000,1,cuda:2,ok,20.0,0.1969096320681274,0.19681353797204792,0.19700136606115848,518.0,96.28252788104089,75d44a6fa247a8b05d35f2e487785a3468a55582a3c5376168b45f02bba267c2,"[0.19681353797204792, 0.19700136606115848, 0.1969096320681274]","[20.0, 20.0, 20.0]",,ok,527.0,0.24793759698513895,0.24734772904776037,0.2484952659578994,11.0,2.0446096654275094,d4fc930dd3ad28b743e88003410c2a87035f362a6f56565f41fb91741be7b59b,"[0.24793759698513895, 0.24734772904776037, 0.2484952659578994]","[527.0, 527.0, 527.0]",,ok,522.0,0.0801304749911651,0.07830320904031396,0.08027086406946182,16.0,2.973977695167286,6eb2a843b673a45494a58f4b0da2152aaecc6ddeca5807139b434a672458f218,"[0.0801304749911651, 0.08027086406946182, 0.07830320904031396]","[522.0, 522.0, 522.0]",,527.0,SVL,TRF,SVL,ok
g05_60.4,rudy,60,885,527,2,2000,1,cuda:7,ok,22.0,0.1930580970365554,0.1925508319400251,0.19343307404778898,505.0,95.82542694497154,6c88ba88d0663a09a1040aa91d55678ff7b3ced5fd74756ca798c22f8c2e29c3,"[0.1930580970365554, 0.1925508319400251, 0.19343307404778898]","[22.0, 22.0, 22.0]",,ok,519.0,0.24135065788868815,0.24063926201779395,0.24163399497047067,8.0,1.5180265654648957,1021c6833ee4a57cb3a6d9a48c848862b2a7311454d0ee2ec71cd3d4bd6e1b23,"[0.24063926201779395, 0.24135065788868815, 0.24163399497047067]","[519.0, 519.0, 519.0]",,ok,501.0,0.07816138002090156,0.0781145510263741,0.07832081394735724,26.0,4.933586337760911,26a4e335e682812747676ea15e6aceef3b0b38ddb37e7a6a34bda5977611ba8d,"[0.07816138002090156, 0.0781145510263741, 0.07832081394735724]","[501.0, 501.0, 501.0]",,519.0,SVL,TRF,SVL,ok
g05_60.5,rudy,60,885,533,2,2000,1,cuda:3,ok,20.0,0.19039523601531982,0.18939703702926636,0.19080876291263849,513.0,96.24765478424015,5419630f202945bc7ed451bf769f63702faf39bf8464099ac5ec98fcbab27bf3,"[0.18939703702926636, 0.19080876291263849, 0.19039523601531982]","[20.0, 20.0, 20.0]",,ok,523.0,0.24105320300441235,0.2409545200644061,0.24137285409960896,10.0,1.876172607879925,82ebede90f714fe7576d26496033d111926be209ceda1774d81c934290acec83,"[0.24105320300441235, 0.24137285409960896, 0.2409545200644061]","[523.0, 523.0, 523.0]",,ok,511.0,0.09745510702487081,0.07890654797665775,0.09917661803774536,22.0,4.127579737335835,fc845eafa24d7b391fc80fcd479cc5d221b6db631d444238db44d558884734af,"[0.09917661803774536, 0.09745510702487081, 0.07890654797665775]","[511.0, 511.0, 511.0]",,523.0,SVL,TRF,SVL,ok
g05_60.6,rudy,60,885,531,2,2000,1,cuda:1,ok,20.0,0.19800752203445882,0.19763482606504112,0.1981613029493019,511.0,96.23352165725048,3c9156dc33ab24a955d1a52b0e349f0a6ef8eb568c46e94a6df1b3c8901c595b,"[0.1981613029493019, 0.19763482606504112, 0.19800752203445882]","[20.0, 20.0, 20.0]",,ok,524.0,0.24867170793004334,0.24840033892542124,0.24974619108252227,7.0,1.3182674199623352,0eebf5851fe43296287cf128b4eb0472e7de7a556d84259d2cf2e242ec97b7c6,"[0.24867170793004334, 0.24974619108252227, 0.24840033892542124]","[524.0, 524.0, 524.0]",,ok,510.0,0.07874529995024204,0.07869480701629072,0.07932083797641098,21.0,3.9548022598870056,e6fd4d98050bd3f76e4386bc21c9c964c5d6acf2dc63c2eb18651869796566ec,"[0.07932083797641098, 0.07869480701629072, 0.07874529995024204]","[510.0, 510.0, 510.0]",,524.0,SVL,TRF,SVL,ok
g05_60.7,rudy,60,885,535,2,2000,1,cuda:0,ok,20.0,0.2985592350596562,0.29848433507140726,0.30032429401762784,515.0,96.26168224299066,f8e869d2486e2233c285035cc7d37d1f12167deddc99e7798eafee5d3c05536c,"[0.29848433507140726, 0.2985592350596562, 0.30032429401762784]","[20.0, 20.0, 20.0]",,ok,533.0,0.37533326796256006,0.3745821040356532,0.3780064119491726,2.0,0.37383177570093457,1cf0c67d31e0d8d66edf17dd44b3f75998bca5c646a379948cf57687f42d63fe,"[0.3745821040356532, 0.3780064119491726, 0.37533326796256006]","[533.0, 533.0, 533.0]",,ok,520.0,0.08142596494872123,0.081245107925497,0.08254747500177473,15.0,2.803738317757009,2bca380594e848b4f58e71519b103c2e147dcd9f731930a5c3fa884d0ff51ca2,"[0.08254747500177473, 0.08142596494872123, 0.081245107925497]","[520.0, 520.0, 520.0]",,533.0,SVL,TRF,SVL,ok
g05_60.8,rudy,60,885,530,2,2000,1,cuda:5,ok,0.0,0.19123853195924312,0.19094269897323102,0.1921773669309914,530.0,100.0,5dcc1b5872dd9ff1c234501f1fefda01f664164e1583c3e1bb3dbea47588ab31,"[0.1921773669309914, 0.19123853195924312, 0.19094269897323102]","[0.0, 0.0, 0.0]",,ok,527.0,0.24046125903259963,0.2403488609706983,0.2433659250382334,3.0,0.5660377358490566,366d76d8178e370d8a4adad2afcfa356c0f5c04d42a475b74d90325f792da2ab,"[0.24046125903259963, 0.2403488609706983, 0.2433659250382334]","[527.0, 527.0, 527.0]",,ok,517.0,0.07879617006983608,0.07842025405261666,0.09212364198174328,13.0,2.452830188679245,0e4d2bc975a52efd47adaf0b6fcd5ffa2e31720a6016e973f04f989f8b31f864,"[0.09212364198174328, 0.07879617006983608, 0.07842025405261666]","[517.0, 517.0, 517.0]",,527.0,SVL,TRF,SVL,ok
g05_60.9,rudy,60,885,533,2,2000,1,cuda:6,ok,531.0,0.20251870900392532,0.2020665790187195,0.20286378299351782,2.0,0.37523452157598497,4ded33a0e5c35a2e0cd0c0f5dad1154a3ebb82f92fa41e79e91098212da3f992,"[0.20251870900392532, 0.2020665790187195, 0.20286378299351782]","[531.0, 531.0, 531.0]",,ok,531.0,0.2549909610534087,0.25492922496050596,0.2559504989767447,2.0,0.37523452157598497,0fbb46063e4688fc2c6cb75edb0551b1d748ed950897d5d37e6579ef5d24b9b7,"[0.2549909610534087, 0.25492922496050596, 0.2559504989767447]","[531.0, 531.0, 531.0]",,ok,515.0,0.10421401204075664,0.08062771998811513,0.10574474593158811,18.0,3.377110694183865,5e1c8ea542683238c149930f5189594319f4300e67d702d71bc61ad043d09777,"[0.10574474593158811, 0.10421401204075664, 0.08062771998811513]","[515.0, 515.0, 515.0]",,531.0,SBM|SVL,TRF,SBM,ok
g05_80.0,rudy,80,1580,929,2,2000,1,cuda:4,ok,0.0,0.1987833840539679,0.19835478207096457,0.19889113202225417,929.0,100.0,5b6fb58e61fa475939767d68a446f97f1bff02c0e5935a3ea8bb51e6515783d8,"[0.19835478207096457, 0.1987833840539679, 0.19889113202225417]","[0.0, 0.0, 0.0]",,ok,924.0,0.248235679930076,0.24766226403880864,0.252305511967279,5.0,0.5382131324004306,0e8c19553cbaf596f4223e7926c089ff7fee92350b7d54f2d81eac1ccc89818c,"[0.252305511967279, 0.248235679930076, 0.24766226403880864]","[924.0, 924.0, 924.0]",,ok,890.0,0.08019150898326188,0.08018633699975908,0.08058425108902156,39.0,4.198062432723359,7d9f185cc3baa96a9529bdfd1ab54dd460033514fbac7f2b255316fcb9b0635b,"[0.08058425108902156, 0.08018633699975908, 0.08019150898326188]","[890.0, 890.0, 890.0]",,924.0,SVL,TRF,SVL,ok
g05_80.1,rudy,80,1580,941,2,2000,1,cuda:2,ok,0.0,0.19749579695053399,0.1974683899898082,0.19861582794692367,941.0,100.0,5b6fb58e61fa475939767d68a446f97f1bff02c0e5935a3ea8bb51e6515783d8,"[0.19749579695053399, 0.19861582794692367, 0.1974683899898082]","[0.0, 0.0, 0.0]",,ok,923.0,0.2499615609413013,0.24839910108130425,0.25185504206456244,18.0,1.9128586609989373,791808b3d83cf388e00292010728befe0ff85653feb9185cc7c6747e5b9f9597,"[0.25185504206456244, 0.24839910108130425, 0.2499615609413013]","[923.0, 923.0, 923.0]",,ok,902.0,0.08196586300618947,0.08155541599262506,0.09899643599055707,39.0,4.1445270988310305,1485c7e7998294457363397bbbda16fdd3e005a9bcb3ed737e9c7e1471dc2a73,"[0.09899643599055707, 0.08196586300618947, 0.08155541599262506]","[902.0, 902.0, 902.0]",,923.0,SVL,TRF,SVL,ok
g05_80.2,rudy,80,1580,934,2,2000,1,cuda:7,ok,0.0,0.19224815000779927,0.19220216292887926,0.19285717606544495,934.0,100.0,fb8e69bdfa2ad15be7cc8a346b74e773d059f96cfc92da89e631895422fe966a,"[0.19285717606544495, 0.19220216292887926, 0.19224815000779927]","[0.0, 0.0, 0.0]",,ok,922.0,0.24220714101102203,0.24119689199142158,0.24374705704394728,12.0,1.284796573875803,4ca322ee78692e8be352e8ae9e4830b1a61da9360413753a2b5cd4cb979aac22,"[0.24220714101102203, 0.24119689199142158, 0.24374705704394728]","[922.0, 922.0, 922.0]",,ok,895.0,0.09126004099380225,0.08154861896764487,0.10473597794771194,39.0,4.17558886509636,4185e7585fb1b951180a812518d3439814406b9e0460912aa7738e113a8d005e,"[0.10473597794771194, 0.09126004099380225, 0.08154861896764487]","[895.0, 895.0, 895.0]",,922.0,SVL,TRF,SVL,ok
g05_80.3,rudy,80,1580,923,2,2000,1,cuda:3,ok,0.0,0.1899773480836302,0.1889878719812259,0.19169594906270504,923.0,100.0,5b6fb58e61fa475939767d68a446f97f1bff02c0e5935a3ea8bb51e6515783d8,"[0.1889878719812259, 0.19169594906270504, 0.1899773480836302]","[0.0, 0.0, 0.0]",,ok,919.0,0.24156091001350433,0.24141903000418097,0.2421836059074849,4.0,0.4333694474539545,86d8981b3acf2f647659849df7508850b906e549a9ec03d191d16fabea3bac66,"[0.2421836059074849, 0.24156091001350433, 0.24141903000418097]","[919.0, 919.0, 919.0]",,ok,877.0,0.08128836995456368,0.08126747293863446,0.08155829505994916,46.0,4.9837486457204765,8acb12ef992149c921037e2aac2b651a88958440779e65ef80def414f3742856,"[0.08155829505994916, 0.08128836995456368, 0.08126747293863446]","[877.0, 877.0, 877.0]",,919.0,SVL,TRF,SVL,ok
g05_80.4,rudy,80,1580,932,2,2000,1,cuda:1,ok,0.0,0.19930025399662554,0.19757378089707345,0.20063819095958024,932.0,100.0,5b6fb58e61fa475939767d68a446f97f1bff02c0e5935a3ea8bb51e6515783d8,"[0.19757378089707345, 0.20063819095958024, 0.19930025399662554]","[0.0, 0.0, 0.0]",,ok,922.0,0.24875371903181076,0.24867409700527787,0.24924140004441142,10.0,1.0729613733905579,d80e957a678e0fd73d7ce68a539137c5b87d2f60932f80b06f23ca598ff2a006,"[0.24924140004441142, 0.24875371903181076, 0.24867409700527787]","[922.0, 922.0, 922.0]",,ok,901.0,0.10069515090435743,0.09076478099450469,0.10218233801424503,31.0,3.3261802575107295,800c977d79a7e0009315a493c9d4a9789f20381bb05ed6ea0a848dea3c2b90ac,"[0.10069515090435743, 0.10218233801424503, 0.09076478099450469]","[901.0, 901.0, 901.0]",,922.0,SVL,TRF,SVL,ok
g05_80.5,rudy,80,1580,926,2,2000,1,cuda:5,ok,0.0,0.19107258005533367,0.19045922497753054,0.19173060602042824,926.0,100.0,fb8e69bdfa2ad15be7cc8a346b74e773d059f96cfc92da89e631895422fe966a,"[0.19173060602042824, 0.19107258005533367, 0.19045922497753054]","[0.0, 0.0, 0.0]",,ok,914.0,0.24155493103899062,0.2410511130001396,0.24185765907168388,12.0,1.2958963282937366,b22f5f2ab0242a9a6b98a4aef1777452529afff765c380709654f4b92bb0966d,"[0.24185765907168388, 0.24155493103899062, 0.2410511130001396]","[914.0, 914.0, 914.0]",,ok,890.0,0.08281165803782642,0.08186831092461944,0.08375321992207319,36.0,3.8876889848812093,7b9446cc59dc0186786a68091b05c1ae0331940736960b436474a2216c7570d9,"[0.08281165803782642, 0.08375321992207319, 0.08186831092461944]","[890.0, 890.0, 890.0]",,914.0,SVL,TRF,SVL,ok
g05_80.6,rudy,80,1580,929,2,2000,1,cuda:0,ok,0.0,0.2995457019424066,0.29825862601865083,0.30026012391317636,929.0,100.0,5b6fb58e61fa475939767d68a446f97f1bff02c0e5935a3ea8bb51e6515783d8,"[0.2995457019424066, 0.30026012391317636, 0.29825862601865083]","[0.0, 0.0, 0.0]",,ok,915.0,0.3749010859755799,0.3749004739802331,0.37555197800975293,14.0,1.5069967707212055,2636445f5b1f5802ce461cce272343700ed71b302c011c298fe58d4f94780da5,"[0.3749004739802331, 0.3749010859755799, 0.37555197800975293]","[915.0, 915.0, 915.0]",,ok,890.0,0.08454769407398999,0.08441017696168274,0.11414891108870506,39.0,4.198062432723359,a8268f690c9c4a5711437b0b336531b27fcfd7a372c8a817c7dc3426f2895941,"[0.11414891108870506, 0.08441017696168274, 0.08454769407398999]","[890.0, 890.0, 890.0]",,915.0,SVL,TRF,SVL,ok
g05_80.7,rudy,80,1580,929,2,2000,1,cuda:4,ok,0.0,0.19850419100839645,0.1978757930919528,0.1990192080847919,929.0,100.0,5b6fb58e61fa475939767d68a446f97f1bff02c0e5935a3ea8bb51e6515783d8,"[0.1990192080847919, 0.1978757930919528, 0.19850419100839645]","[0.0, 0.0, 0.0]",,ok,926.0,0.250296913087368,0.2497778859687969,0.2504173079505563,3.0,0.32292787944025836,4f790186c41952c7f580a542f577bf6080059302e1340aec66fdffa3bb575a2d,"[0.2504173079505563, 0.2497778859687969, 0.250296913087368]","[926.0, 926.0, 926.0]",,ok,898.0,0.0900108750211075,0.08927920297719538,0.09766510291956365,31.0,3.3369214208826694,ef08576b248473160d671df22ac8cf1e838b4017c4834b8d7f7e03fec023c67f,"[0.09766510291956365, 0.0900108750211075, 0.08927920297719538]","[898.0, 898.0, 898.0]",,926.0,SVL,TRF,SVL,ok
g05_80.8,rudy,80,1580,925,2,2000,1,cuda:6,ok,0.0,0.20170055597554892,0.20149424904957414,0.20411218993831426,925.0,100.0,5b6fb58e61fa475939767d68a446f97f1bff02c0e5935a3ea8bb51e6515783d8,"[0.20170055597554892, 0.20149424904957414, 0.20411218993831426]","[0.0, 0.0, 0.0]",,ok,923.0,0.2549091969849542,0.2543885640334338,0.2557547210017219,2.0,0.21621621621621623,983e92b55141b909f89b90b495314f7fd4ce5b03a4ef7c8ed2ec195f54f14521,"[0.2543885640334338, 0.2549091969849542, 0.2557547210017219]","[923.0, 923.0, 923.0]",,ok,894.0,0.08132358093280345,0.08110516902524978,0.08255398191977292,31.0,3.3513513513513513,85c138893975edb735ebe206e8adf4d4659af930276d346662a63cc033d25092,"[0.08255398191977292, 0.08132358093280345, 0.08110516902524978]","[894.0, 894.0, 894.0]",,923.0,SVL,TRF,SVL,ok
g05_80.9,rudy,80,1580,923,2,2000,1,cuda:7,ok,0.0,0.19338162196800113,0.19233054702635854,0.19398988597095013,923.0,100.0,5b6fb58e61fa475939767d68a446f97f1bff02c0e5935a3ea8bb51e6515783d8,"[0.19338162196800113, 0.19398988597095013, 0.19233054702635854]","[0.0, 0.0, 0.0]",,ok,920.0,0.24216482799965888,0.2421402269974351,0.24222311505582184,3.0,0.3250270855904659,cbfc36c9856e4289b70444a2f519e1e8718139b2e01f1313a8c81e61fc3d186d,"[0.24222311505582184, 0.24216482799965888, 0.2421402269974351]","[920.0, 920.0, 920.0]",,ok,892.0,0.081544284010306,0.08153867407236248,0.08160881896037608,31.0,3.358613217768147,64a0f9a102c07fe3bbf31b5d8c0ff25814ac7f34fe908fb0a4f8c624707ffa89,"[0.08153867407236248, 0.08160881896037608, 0.081544284010306]","[892.0, 892.0, 892.0]",,920.0,SVL,TRF,SVL,ok
ising2.5-100_5555,ising,100,4950,2460049,2,2000,1,cuda:4,ok,2398320.0,0.19882344896905124,0.19812808907590806,0.19976352900266647,61729.0,2.5092589619149863,25582a2041376c9bef8b7bd3f3b8de1332fdb9f032992b0bbe19bbbbfeb5ab95,"[0.19882344896905124, 0.19976352900266647, 0.19812808907590806]","[2398320.0, 2398320.0, 2398320.0]",,ok,262703.0,0.2474360540509224,0.2466449480270967,0.24769418395590037,2197346.0,89.32122896739048,54ff156735a6bf5a2bf2f2583912ff31a87b47272f619ca0835674ddc82a0b13,"[0.2474360540509224, 0.24769418395590037, 0.2466449480270967]","[262703.0, 163230.0, 238045.0]",,ok,2072161.0,0.08442682703025639,0.08416262699756771,0.0845689830603078,387888.0,15.7674908101424,b7efbf59338739df33be96cd74289bfdf071cc79d6617471125a04627f1b54e4,"[0.08416262699756771, 0.0845689830603078, 0.08442682703025639]","[2072161.0, 2072161.0, 2072161.0]",,2398320.0,SBM,TRF,SBM,ok
ising2.5-100_6666,ising,100,4950,2031217,2,2000,1,cuda:7,ok,1983027.0,0.19305099197663367,0.19296375708654523,0.19367704598698765,48190.0,2.372469312732219,a2dc45cefe1117cae7981da4ae5879ed80df51868cd849c5e9ffc441b0af9610,"[0.19296375708654523, 0.19367704598698765, 0.19305099197663367]","[1983027.0, 1983027.0, 1983027.0]",,ok,-539929.0,0.2424914799630642,0.24198622500989586,0.2426901370054111,2571146.0,126.58155184798079,3b2c5a1397c01ab599d9cf1c2c3ec581403cd6b92ba156082a9131010d7fc94f,"[0.2424914799630642, 0.2426901370054111, 0.24198622500989586]","[-539929.0, -823720.0, -814757.0]",,ok,1563363.0,0.08583062700927258,0.0855087930103764,0.10005088790785521,467854.0,23.03318650838389,7bb6dc4e2463c4e787e251d8c71953c23de7691c44d757df62709962cabe834a,"[0.10005088790785521, 0.08583062700927258, 0.0855087930103764]","[1563363.0, 1563363.0, 1563363.0]",,1983027.0,SBM,TRF,SBM,ok
ising2.5-100_7777,ising,100,4950,3363230,2,2000,1,cuda:6,ok,3334506.0,0.20326906500849873,0.20290189399383962,0.2034664989914745,28724.0,0.8540599364301579,be9ba728ede62f52f80938bb061326fef9c72ffd0e38ae64cee4e523ba1e26a0,"[0.2034664989914745, 0.20290189399383962, 0.20326906500849873]","[3334506.0, 3334506.0, 3334506.0]",,ok,899527.0,0.2558639859780669,0.2552588159451261,0.25610231095924973,2463703.0,73.25407420842464,a8f22482b5cd06cfd237ad038eee6d60a2d7315558d72d611d1537082e70a340,"[0.2558639859780669, 0.25610231095924973, 0.2552588159451261]","[497501.0, 713899.0, 899527.0]",,ok,3122709.0,0.085376046015881,0.08507539692800492,0.09538322000298649,240521.0,7.151488301424523,58b4a104576e54a13f242f86822909fa343cda1be72a92b18df5ecd40f1ce351,"[0.09538322000298649, 0.085376046015881, 0.08507539692800492]","[3122709.0, 3122709.0, 3122709.0]",,3334506.0,SBM,TRF,SBM,ok
ising2.5-150_5555,ising,150,11175,4363532,2,2000,1,cuda:4,ok,4321402.0,0.19989981490653008,0.19957576307933778,0.20123515790328383,42130.0,0.9655022582623435,0736421d826f9af5f81d9c8198e8e80577dc0e3873a0c5ab55d173006681c4cf,"[0.19957576307933778, 0.19989981490653008, 0.20123515790328383]","[4321402.0, 4321402.0, 4321402.0]",,ok,902846.0,0.251164993038401,0.24996087199542671,0.25290790398139507,3460686.0,79.3092843137165,76532b00898285f4815e2cadd09fcebad81e1925d0431e6ae801a692b0231536,"[0.24996087199542671, 0.25290790398139507, 0.251164993038401]","[839578.0, 902846.0, 819107.0]",,ok,3948421.0,0.08914586703758687,0.08909063297323883,0.08941064903046936,415111.0,9.513187940411575,57a06f58d9244536284e4b0d8084632366080c70aec3942b20b7293abeb6d2e1,"[0.08941064903046936, 0.08909063297323883, 0.08914586703758687]","[3948421.0, 3948421.0, 3948421.0]",,4321402.0,SBM,TRF,SBM,ok
ising2.5-150_6666,ising,150,11175,4057153,2,2000,1,cuda:2,ok,3907636.0,0.19970546301919967,0.19891559099778533,0.20181053096894175,149517.0,3.685268955841695,3cf6ee6591d965230a35e99562444ac022dec84711a5bca32e42dd1b6f87e3bb,"[0.20181053096894175, 0.19891559099778533, 0.19970546301919967]","[3907636.0, 3907636.0, 3907636.0]",,ok,450128.0,0.24920315493363887,0.24903047806583345,0.24975622992496938,3607025.0,88.9053235113391,2ed7d50ddb24881e3c3e07ad2627317a74f879718212c283b3391c8139e1876b,"[0.24903047806583345, 0.24975622992496938, 0.24920315493363887]","[182256.0, 450128.0, 228330.0]",,ok,3569223.0,0.09008865396026522,0.09008293296210468,0.10399690491613,487930.0,12.026413595937841,46c68758f363fbbddd443ceffa29afb465d8b0f622bda67179813d4e3e9a3ce1,"[0.10399690491613, 0.09008865396026522, 0.09008293296210468]","[3569223.0, 3569223.0, 3569223.0]",,3907636.0,SBM,TRF,SBM,ok
ising2.5-150_7777,ising,150,11175,4243269,2,2000,1,cuda:5,ok,4193538.0,0.19192401599138975,0.1908806669525802,0.19313979404978454,49731.0,1.1719973445001954,fec49c758a720acb05c5c0e74e108ac424e1643c3026ce070bbe31ae260c2cb7,"[0.19192401599138975, 0.19313979404978454, 0.1908806669525802]","[4193538.0, 4193538.0, 4193538.0]",,ok,429933.0,0.2415950580034405,0.24043744197115302,0.24493536609224975,3813336.0,89.86788252170673,165fa134accd95fabcebee6de6899301e7b6324106e0b35b7fca538748d683b5,"[0.24493536609224975, 0.24043744197115302, 0.2415950580034405]","[429933.0, -364558.0, 148512.0]",,ok,3845810.0,0.09018290997482836,0.0898723000427708,0.09095125598832965,397459.0,9.366811295725064,b3af1bcac9667838107729d21d46ffbc17303b84f19552eb9b7908be6a20387c,"[0.09095125598832965, 0.09018290997482836, 0.0898723000427708]","[3845810.0, 3845810.0, 3845810.0]",,4193538.0,SBM,TRF,SBM,ok
ising2.5-200_5555,ising,200,19900,6294701,2,2000,1,cuda:3,ok,6231221.0,0.19261123798787594,0.19211244501639158,0.19349274004343897,63480.0,1.0084672806539976,09442f09d433d6cd3c7bf656d75b066d88cc606d84265e57a74977247a6e12b4,"[0.19211244501639158, 0.19349274004343897, 0.19261123798787594]","[6231221.0, 6231221.0, 6231221.0]",,ok,1136754.0,0.24412284698337317,0.24378497898578644,0.24467003403697163,5157947.0,81.9410961696195,ede9ad0459becbcc3325271a7770706baf71b2cc61e97277a83c1941167ba4a3,"[0.24378497898578644, 0.24412284698337317, 0.24467003403697163]","[1066340.0, 193941.0, 1136754.0]",,ok,5398870.0,0.10081245296169072,0.10065202007535845,0.10108143300749362,895831.0,14.231509963698038,d90bf05baac59722213cc86a0056ca1e69c4a28c49f7cfa04d967139a5fc768c,"[0.10108143300749362, 0.10081245296169072, 0.10065202007535845]","[5398870.0, 5398870.0, 5398870.0]",,6231221.0,SBM,TRF,SBM,ok
ising2.5-200_6666,ising,200,19900,6795365,2,2000,1,cuda:4,ok,6731831.0,0.20169592706952244,0.20097031095065176,0.20226559101138264,63534.0,0.9349608152027153,b3dcd9c3fb1341c7f92b4b6547b45c341504415043ac10a4282037221503fd10,"[0.20226559101138264, 0.20169592706952244, 0.20097031095065176]","[6731831.0, 6731831.0, 6731831.0]",,ok,843899.0,0.2525073700817302,0.2515327410073951,0.25290824891999364,5951466.0,87.58125575300222,116e0d034f26822940bb54fc5ae3bb0ee846d397a938714d513e533c0f89c25d,"[0.2525073700817302, 0.2515327410073951, 0.25290824891999364]","[843899.0, 487074.0, 753273.0]",,ok,5994065.0,0.11590728804003447,0.09936221595853567,0.12831592001020908,801300.0,11.791861070008748,8c80f4eac0d1695a8fee6fdcfc1bfe09a00aef88871ed7d869ed784a6192e521,"[0.12831592001020908, 0.11590728804003447, 0.09936221595853567]","[5994065.0, 5994065.0, 5994065.0]",,6731831.0,SBM,TRF,SBM,ok
ising2.5-200_7777,ising,200,19900,5568272,2,2000,1,cuda:0,ok,5426627.0,0.3030460220761597,0.30247644195333123,0.3054068449418992,141645.0,2.5437873724559434,87bba1e60bf40b03f49d17c93aa05fbbc1dbd7a0c022b9a83a7715f2874792a2,"[0.3054068449418992, 0.3030460220761597, 0.30247644195333123]","[5426627.0, 5426627.0, 5426627.0]",,ok,1277498.0,0.37927246803883463,0.3782020800281316,0.3800187020096928,4290774.0,77.05755034955189,b873234ca696e629a28614b1172fe166b5826e6f7574e4cd913ddfbaaf7320cd,"[0.3800187020096928, 0.37927246803883463, 0.3782020800281316]","[1238731.0, 1277498.0, 1116882.0]",,ok,4964471.0,0.11878785793669522,0.10387771797832102,0.13599865697324276,603801.0,10.843597439205556,9234f0803469562773246d80d6949eed70b2ec0a9e470d22cbcd0b2d672beb8b,"[0.13599865697324276, 0.11878785793669522, 0.10387771797832102]","[4964471.0, 4964471.0, 4964471.0]",,5426627.0,SBM,TRF,SBM,ok
ising2.5-250_5555,ising,250,31125,7919449,2,2000,1,cuda:1,ok,7777577.0,0.20367655798327178,0.20304702606517822,0.203769942978397,141872.0,1.7914377629049698,5ba2c1b90aedee69ffb10ea290d596a737dbcdc55f40674ece2501cd5d36fef5,"[0.203769942978397, 0.20367655798327178, 0.20304702606517822]","[7777577.0, 7777577.0, 7777577.0]",,ok,1730157.0,0.25447215407621115,0.2541623299475759,0.2545297550968826,6189292.0,78.15306342650858,03dbbfcb5195ff9c3963994622e9bfbfdc9bf4c53dc90b96d98a112f675f53d0,"[0.2541623299475759, 0.25447215407621115, 0.2545297550968826]","[1047121.0, 1615433.0, 1730157.0]",,ok,7110765.0,0.10874294105451554,0.10834013007115573,0.11030468496028334,808684.0,10.211366977677361,007337a72f427068e45ea00703e4f4000ca406f537ddc4d91c67523e17b84cde,"[0.11030468496028334, 0.10874294105451554, 0.10834013007115573]","[7110765.0, 7110765.0, 7110765.0]",,7777577.0,SBM,TRF,SBM,ok
ising2.5-250_6666,ising,250,31125,6925717,2,2000,1,cuda:6,ok,6778493.0,0.20808318897616118,0.20754771796055138,0.21061906695831567,147224.0,2.125758242792768,02bcad37e94bc11db513b3c11564929ce04f8f2a773ac053bfe7d143130334a9,"[0.21061906695831567, 0.20808318897616118, 0.20754771796055138]","[6778493.0, 6778493.0, 6778493.0]",,ok,159721.0,0.2615627059713006,0.26082789804786444,0.2618591400096193,6765996.0,97.69379834607739,c0137a63d9c0ec29422dd1cc9008544692a47d6eb747f7cbd8a26eecee8a88b8,"[0.26082789804786444, 0.2618591400096193, 0.2615627059713006]","[126713.0, 159721.0, -114329.0]",,ok,5900753.0,0.1183960170019418,0.11084283492527902,0.12812829099129885,1024964.0,14.79939188967727,c9313e7a7119ea93e7a5752638a7bb9bcde3eace5f04d1e24bc88ee6c1dcf4dd,"[0.12812829099129885, 0.1183960170019418, 0.11084283492527902]","[5900753.0, 5900753.0, 5900753.0]",,6778493.0,SBM,TRF,SBM,ok
ising2.5-250_7777,ising,250,31125,6596797,2,2000,1,cuda:0,ok,6467324.0,0.3047779209446162,0.3042551859980449,0.3055602730019018,129473.0,1.9626646082939947,97f2386684c4df290f68913035d08b5db425688ff41fa5618f89ef895b59ee3c,"[0.3047779209446162, 0.3042551859980449, 0.3055602730019018]","[6467324.0, 6467324.0, 6467324.0]",,ok,753246.0,0.38204283092636615,0.38060700602363795,0.38245774200186133,5843551.0,88.58164045369291,7027c2833e5aec007c18f1bbc6b119155b6d442a0e124ac5d560edf0023fdbc1,"[0.38204283092636615, 0.38060700602363795, 0.38245774200186133]","[753246.0, 614342.0, 204440.0]",,ok,5675689.0,0.13359602296259254,0.11412743397522718,0.14147812698502094,921108.0,13.962958084052003,a8d116059ea331865480ba21e14b00a36bbc0436b8ac6c9adafb49756e675646,"[0.14147812698502094, 0.13359602296259254, 0.11412743397522718]","[5675689.0, 5675689.0, 5675689.0]",,6467324.0,SBM,TRF,SBM,ok
ising2.5-300_5555,ising,300,44850,8579363,2,2000,1,cuda:2,ok,8446058.0,0.2062774240039289,0.20448744494933635,0.2071294100023806,133305.0,1.5537866855616205,f3d762192a9be5e0f0c93e3822d00ce0656bcbf8f97612befc6b9b8cd443b27f,"[0.2062774240039289, 0.2071294100023806, 0.20448744494933635]","[8446058.0, 8446058.0, 8446058.0]",,ok,748055.0,0.25658192904666066,0.25611262291204184,0.257081480929628,7831308.0,91.28076291911182,be2b97a0cf06760194d907d00f363b43c1cf4c51abb5e18903fe83a051ce3813,"[0.25611262291204184, 0.25658192904666066, 0.257081480929628]","[748055.0, -537710.0, -518103.0]",,ok,7568553.0,0.12133220105897635,0.12031066894996911,0.12408692797180265,1010810.0,11.78187704611636,ed5b98be49f37608e00d73a8dbfe5feda4927591da2218cb411281783f85ce2d,"[0.12031066894996911, 0.12133220105897635, 0.12408692797180265]","[7568553.0, 7568553.0, 7568553.0]",,8446058.0,SBM,TRF,SBM,ok
ising2.5-300_6666,ising,300,44850,9102033,2,2000,1,cuda:5,ok,8990607.0,0.1990661610616371,0.19879419903736562,0.19943323696497828,111426.0,1.2241880467803181,8dc64588a5ad8a8f2ab6e926737a1f4f61ef9c1304bea3b45b36b4ef0cc01538,"[0.1990661610616371, 0.19879419903736562, 0.19943323696497828]","[8990607.0, 8990607.0, 8990607.0]",,ok,610808.0,0.24824890098534524,0.24772747501265258,0.24884678493253887,8491225.0,93.28932338522614,bacbebbcb4c6edeaa19716eb7ee1b5bfeda8550b6f7e7d0ba2876bb2c9bd7440,"[0.24824890098534524, 0.24772747501265258, 0.24884678493253887]","[-1011605.0, 260823.0, 610808.0]",,ok,7635795.0,0.12258724705316126,0.12184540007729083,0.12920403899624944,1466238.0,16.108906658545404,b351d8ac7678bcfa6ff4e36a01fc20d622be2338123fb997ad2678287ab275c6,"[0.12920403899624944, 0.12258724705316126, 0.12184540007729083]","[7635795.0, 7635795.0, 7635795.0]",,8990607.0,SBM,TRF,SBM,ok
ising2.5-300_7777,ising,300,44850,8323804,2,2000,1,cuda:1,ok,8164546.0,0.20509326900355518,0.2050219930242747,0.2057598700048402,159258.0,1.9132838783806059,6b881429497647a929d02e59f24bc1b80c07c6f67a7bd246ba881129c5f8ec40,"[0.2050219930242747, 0.20509326900355518, 0.2057598700048402]","[8164546.0, 8164546.0, 8164546.0]",,ok,430492.0,0.2578959190286696,0.2567625539377332,0.2581149600446224,7893312.0,94.82818192259212,94280ed00bab89b5513674d55ffc4a7749bf2031559d5bab500d2d3b90a2ac26,"[0.2581149600446224, 0.2578959190286696, 0.2567625539377332]","[232717.0, -453707.0, 430492.0]",,ok,7254478.0,0.12330780597403646,0.12035348603967577,0.1347731159767136,1069326.0,12.846602346715516,74f0a0b3c91a60b9f500c0d28fbd676e8e02c62bb7ea8504623adf92036e6ab2,"[0.1347731159767136, 0.12330780597403646, 0.12035348603967577]","[7254478.0, 7254478.0, 7254478.0]",,8164546.0,SBM,TRF,SBM,ok
ising3.0-100_5555,ising,100,4950,2448189,2,2000,1,cuda:2,ok,2423752.0,0.19738341099582613,0.19711925101000816,0.1978855999186635,24437.0,0.998166399734661,6a86c21da8c6548367019c97dd45309ed7a1983b7228b39021ea1e9989bd5e61,"[0.1978855999186635, 0.19711925101000816, 0.19738341099582613]","[2423752.0, 2423752.0, 2423752.0]",,ok,113475.0,0.2486027809791267,0.24834873399231583,0.2503501799656078,2334714.0,95.36494118713874,a91c356e2494f805eb650ba0bd4faea85a49be6439965021f603b0fb8450f435,"[0.24834873399231583, 0.2486027809791267, 0.2503501799656078]","[46743.0, -254641.0, 113475.0]",,ok,2322255.0,0.08574564498849213,0.08572788699530065,0.08590142498724163,125934.0,5.1439656006950445,ff07a5f29061cba969c74adb331987fbc3000622a66dfdcaed3b523d42478cd7,"[0.08572788699530065, 0.08590142498724163, 0.08574564498849213]","[2322255.0, 2322255.0, 2322255.0]",,2423752.0,SBM,TRF,SBM,ok
ising3.0-100_6666,ising,100,4950,1984099,2,2000,1,cuda:3,ok,1893037.0,0.18918256903998554,0.1888705709716305,0.18922666204161942,91062.0,4.589589531570753,ed796acd55ba436247b554745b9d9cabe1e78f90b2d80c55cef2f0f705a8f96e,"[0.18918256903998554, 0.1888705709716305, 0.18922666204161942]","[1893037.0, 1893037.0, 1893037.0]",,ok,-513436.0,0.24321397696621716,0.24190189503133297,0.24451695301104337,2497535.0,125.87753937681538,60e00eb2faf3f9541343571a616975c1af39d2400a628b64f5b604e81fd5a809,"[0.24321397696621716, 0.24190189503133297, 0.24451695301104337]","[-910003.0, -681116.0, -513436.0]",,ok,1675294.0,0.10451529698912054,0.08686281798873097,0.10502745606936514,308805.0,15.56399151453632,150176590f4bcf598086104fdd712f589fbcbba0b4ba200c779bfbf372b49ff0,"[0.10502745606936514, 0.10451529698912054, 0.08686281798873097]","[1675294.0, 1675294.0, 1675294.0]",,1893037.0,SBM,TRF,SBM,ok
ising3.0-100_7777,ising,100,4950,3335814,2,2000,1,cuda:1,ok,3306129.0,0.19869664392899722,0.19837263994850218,0.20216712704859674,29685.0,0.8898877455397693,a3fe70f17688736a1675bdb3baf3b10381221ca6eb68990084f0586e686df168,"[0.19837263994850218, 0.20216712704859674, 0.19869664392899722]","[3306129.0, 3306129.0, 3306129.0]",,ok,1234071.0,0.24997384089510888,0.24918233696371317,0.2518639169866219,2101743.0,63.00540138029279,9ff46e5fbb42e48703b10babe2a868ce9c21d7e590b16013aaaa89418f45bdce,"[0.24918233696371317, 0.24997384089510888, 0.2518639169866219]","[1139753.0, 1234071.0, 595036.0]",,ok,2880436.0,0.09933500399347395,0.08715473499614745,0.11016431101597846,455378.0,13.651180791255149,d570f21d9625799ac8d52b2fb1e108d52488b1dc68a6a4406090c7dbea3020ac,"[0.11016431101597846, 0.09933500399347395, 0.08715473499614745]","[2880436.0, 2880436.0, 2880436.0]",,3306129.0,SBM,TRF,SBM,ok
ising3.0-150_5555,ising,150,11175,4279261,2,2000,1,cuda:1,ok,4207463.0,0.1994559740414843,0.1991366109577939,0.19953542202711105,71798.0,1.6778130616477938,af4c0e97e8482587aa2b21ea6e46b0c099710e6a1c22585f46f26e2b21df66d9,"[0.19953542202711105, 0.1994559740414843, 0.1991366109577939]","[4207463.0, 4207463.0, 4207463.0]",,ok,950620.0,0.2503053300315514,0.25013177702203393,0.2510116550838575,3328641.0,77.78541668760097,e76e828ea3cd985d2d0ce94f3223271301b97578e07ffaffeb6bb0dd277f995c,"[0.25013177702203393, 0.2510116550838575, 0.2503053300315514]","[950620.0, 120345.0, 722492.0]",,ok,3755068.0,0.0909945210441947,0.09083535196259618,0.09160573501139879,524193.0,12.249615062039918,0fe5d4510c827a363957583a20a594e944a225732005c592f3652081298e5198,"[0.09160573501139879, 0.0909945210441947, 0.09083535196259618]","[3755068.0, 3755068.0, 3755068.0]",,4207463.0,SBM,TRF,SBM,ok
ising3.0-150_6666,ising,150,11175,3949317,2,2000,1,cuda:6,ok,3831657.0,0.20397777506150305,0.20370760408695787,0.2044521620264277,117660.0,2.9792493233640145,9ae36679f77aaba5989d3984e3c2424bc678bc1c2c21bf216e479a3abd59e05e,"[0.20397777506150305, 0.20370760408695787, 0.2044521620264277]","[3831657.0, 3831657.0, 3831657.0]",,ok,9729.0,0.2568828340154141,0.2564275990007445,0.25772215297911316,3939588.0,99.75365360643372,cbcac11cfcc715b2a3b1d58201909f3330382c7e52253673d7feccb474940d15,"[0.2568828340154141, 0.2564275990007445, 0.25772215297911316]","[-88388.0, 9729.0, -362202.0]",,ok,3190223.0,0.09053863200824708,0.09052845707628876,0.09105999604798853,759094.0,19.220893131647827,b765b27e9c011c8912c4274ebbd1afdd51aa7d52c447cdce10246f7979aa34a2,"[0.09105999604798853, 0.09052845707628876, 0.09053863200824708]","[3190223.0, 3190223.0, 3190223.0]",,3831657.0,SBM,TRF,SBM,ok
ising3.0-150_7777,ising,150,11175,4211158,2,2000,1,cuda:7,ok,4137738.0,0.19370138307567686,0.19363213097676635,0.19375604705419391,73420.0,1.7434634368978794,f1ac31781ec8fbdd6b798816a42e645c520aaa1adf74f879916591cb819bb8b1,"[0.19363213097676635, 0.19375604705419391, 0.19370138307567686]","[4137738.0, 4137738.0, 4137738.0]",,ok,376149.0,0.24314302997663617,0.2430837929714471,0.24371685204096138,3835009.0,91.0678013031095,5c5bacd9d1da906255763920e71d2e9f43121e921558553e268521a364355c8d,"[0.2430837929714471, 0.24314302997663617, 0.24371685204096138]","[-60061.0, 147209.0, 376149.0]",,ok,3719124.0,0.09147472598124295,0.0914110200246796,0.10126055602449924,492034.0,11.684054599708679,02e74ffd3f88a40aaacf8e735e12c49055f9a683738e92d084a4cd17aedcbb60,"[0.10126055602449924, 0.09147472598124295, 0.0914110200246796]","[3719124.0, 3719124.0, 3719124.0]",,4137738.0,SBM,TRF,SBM,ok
ising3.0-200_5555,ising,200,19900,6215531,2,2000,1,cuda:2,ok,6116212.0,0.19864779198542237,0.19854419096373022,0.20010456908494234,99319.0,1.5979165738212873,884f5b243e507481767633f9ca7fbf1749b68ba5d0e204b52bae9abbc1434771,"[0.20010456908494234, 0.19864779198542237, 0.19854419096373022]","[6116212.0, 6116212.0, 6116212.0]",,ok,938639.0,0.2507703270530328,0.25052044400945306,0.25135063601192087,5276892.0,84.89849057144112,9e6611009a4ecdef362ccec9734d5ce7d340ffedc106b333b61f748dcae5fcc5,"[0.25135063601192087, 0.25052044400945306, 0.2507703270530328]","[503999.0, 938639.0, 645017.0]",,ok,5234724.0,0.09793598402757198,0.09665956604294479,0.10694366798270494,980807.0,15.779938994753627,3021827dcd5d095fc527418357268c0b236b9fbde1b8775f0c067ce411278d08,"[0.09793598402757198, 0.10694366798270494, 0.09665956604294479]","[5234724.0, 5234724.0, 5234724.0]",,6116212.0,SBM,TRF,SBM,ok
ising3.0-200_6666,ising,200,19900,6756263,2,2000,1,cuda:5,ok,6726397.0,0.19150346494279802,0.1913148919120431,0.19330932502634823,29866.0,0.442049103180264,8bf547d9878bb3b16b7f1d1c026ca8d03311623341f708a04f9dab779688df3f,"[0.19330932502634823, 0.19150346494279802, 0.1913148919120431]","[6726397.0, 6726397.0, 6726397.0]",,ok,1415361.0,0.24397471302654594,0.2433522850042209,0.24439787201117724,5340902.0,79.05112634010842,d8cd7e5fbc3ddd6a538a198c21c0cf5b405c81176c184b10390d9dd6e3e6b710,"[0.24397471302654594, 0.2433522850042209, 0.24439787201117724]","[1084895.0, 962117.0, 1415361.0]",,ok,6427839.0,0.09758704004343599,0.09749135398305953,0.10909290297422558,328424.0,4.861030424659313,ec555cb126b4fa68f03be08721fa679314678ebe36de05ca307ed1cc86b81aea,"[0.10909290297422558, 0.09749135398305953, 0.09758704004343599]","[6427839.0, 6427839.0, 6427839.0]",,6726397.0,SBM,TRF,SBM,ok
ising3.0-200_7777,ising,200,19900,5560824,2,2000,1,cuda:1,ok,5483684.0,0.1999496651114896,0.19985579291824251,0.20048465800937265,77140.0,1.3872044862416073,c19bb44ff9762f0f96a8e3281bb4caf63d22936e48710400d781de6b8ef58134,"[0.1999496651114896, 0.19985579291824251, 0.20048465800937265]","[5483684.0, 5483684.0, 5483684.0]",,ok,769201.0,0.2515595050062984,0.250913379015401,0.25198340602219105,4791623.0,86.16749963674448,ccf78ea6de14cc5450a6598e27ae2ded4889b2acbd56b4c4e73607b3b554844b,"[0.2515595050062984, 0.250913379015401, 0.25198340602219105]","[419281.0, 769201.0, 108051.0]",,ok,4776179.0,0.09784308692906052,0.09708083304576576,0.11749906500335783,784645.0,14.110228987646435,d98ef0067362f82343bc5a6792b0553e023f9e35de52602190a29cd3344e7fdf,"[0.11749906500335783, 0.09784308692906052, 0.09708083304576576]","[4776179.0, 4776179.0, 4776179.0]",,5483684.0,SBM,TRF,SBM,ok
ising3.0-250_5555,ising,250,31125,7823791,2,2000,1,cuda:7,ok,7714497.0,0.19592201698105782,0.19585803197696805,0.19602873804979026,109294.0,1.3969442690889877,6fb1f07c8eac92999124761146992b1956a36e789a200836809f1d3536b940e5,"[0.19585803197696805, 0.19592201698105782, 0.19602873804979026]","[7714497.0, 7714497.0, 7714497.0]",,ok,1053309.0,0.24615611205808818,0.24535137391649187,0.2462166480254382,6770482.0,86.53710202637059,c4090b0a962b2f5e38fb6282eb4b9efdc3f6b8a3ddc03072e6767d9e4a8e5376,"[0.24535137391649187, 0.2462166480254382, 0.24615611205808818]","[1043955.0, 917181.0, 1053309.0]",,ok,7035469.0,0.1021952519658953,0.10213303100317717,0.10248274204786867,788322.0,10.075959339915904,36a73eeb12d1f3763545bef92fb57666a600e039c7ae6b8e0dce521d5d7dd0a4,"[0.1021952519658953, 0.10248274204786867, 0.10213303100317717]","[7035469.0, 7035469.0, 7035469.0]",,7714497.0,SBM,TRF,SBM,ok
ising3.0-250_6666,ising,250,31125,6903351,2,2000,1,cuda:3,ok,6793504.0,0.19267921498976648,0.19235426594968885,0.19303935999050736,109847.0,1.591212731324251,62d05ad6a7150c6e33f21de8bf007024e607869f410da69ba1673855b8ebd957,"[0.19303935999050736, 0.19235426594968885, 0.19267921498976648]","[6793504.0, 6793504.0, 6793504.0]",,ok,174073.0,0.24570257298182696,0.2456964859738946,0.24572472996078432,6729278.0,97.47842750571425,7ea3a3bbed86320b76d2797e8f34ad4441523935a12a5c8c2011868dfbcb2439,"[0.24570257298182696, 0.2456964859738946, 0.24572472996078432]","[-163192.0, 174073.0, -553550.0]",,ok,5856143.0,0.1075743050314486,0.10258651501499116,0.11868147400673479,1047208.0,15.169560406243287,97131319e0184d91b1ba2788df9d5e4df874a123e994b198a5d438d8bfd0a550,"[0.11868147400673479, 0.1075743050314486, 0.10258651501499116]","[5856143.0, 5856143.0, 5856143.0]",,6793504.0,SBM,TRF,SBM,ok
ising3.0-250_7777,ising,250,31125,6418276,2,2000,1,cuda:4,ok,6329019.0,0.20096598588861525,0.2001131100114435,0.20156465901527554,89257.0,1.390669394709732,dcd0c4efb99b031de2520665795c3ec4d5c5dca7cbe8c3202203f65f7b393577,"[0.20156465901527554, 0.20096598588861525, 0.2001131100114435]","[6329019.0, 6329019.0, 6329019.0]",,ok,214098.0,0.25288521498441696,0.25251748599112034,0.25313580594956875,6204178.0,96.6642444170366,5a9423539e6f81deb21a548cff2e06c19831aa04c83594aaab34d5ce5061536e,"[0.25251748599112034, 0.25288521498441696, 0.25313580594956875]","[-172401.0, 214098.0, 34800.0]",,ok,5725799.0,0.10164934897329658,0.10029876895714551,0.12166364293079823,692477.0,10.78914337744279,5c946c5654377892170039f0b2f4d996964bc16d6fab267089eb145988b43468,"[0.12166364293079823, 0.10164934897329658, 0.10029876895714551]","[5725799.0, 5725799.0, 5725799.0]",,6329019.0,SBM,TRF,SBM,ok
ising3.0-300_5555,ising,300,44850,8493173,2,2000,1,cuda:6,ok,8391388.0,0.2070787880802527,0.20704154996201396,0.20816003601066768,101785.0,1.198433141536149,efadd8316f4555a7d7f9c4e5e4d97c876365ff429b4528810255a8732486e891,"[0.20704154996201396, 0.20816003601066768, 0.2070787880802527]","[8391388.0, 8391388.0, 8391388.0]",,ok,159851.0,0.26040800905320793,0.26034899102523923,0.26058001699857414,8333322.0,98.1178883321934,9e847bf5c8d55995944d179d277d48dd9af0d0267a4156ec3c6138fd0b9a2204,"[0.26034899102523923, 0.26040800905320793, 0.26058001699857414]","[-489942.0, -55203.0, 159851.0]",,ok,7640271.0,0.10691765102092177,0.10664763709064573,0.11263291607610881,852902.0,10.042206840717833,c55fd0bafb709160cbc655b3366ba66738173cebd54c553966dd977918187906,"[0.10691765102092177, 0.10664763709064573, 0.11263291607610881]","[7640271.0, 7640271.0, 7640271.0]",,8391388.0,SBM,TRF,SBM,ok
ising3.0-300_6666,ising,300,44850,8915110,2,2000,1,cuda:7,ok,8739117.0,0.1979427320184186,0.1964458740549162,0.19842696795240045,175993.0,1.9740979079338337,a6b56f061d4539b3d632f829d4ff585d218918e0e2fc32a6e3d992070d07d2e3,"[0.19842696795240045, 0.1979427320184186, 0.1964458740549162]","[8739117.0, 8739117.0, 8739117.0]",,ok,480256.0,0.24687857809476554,0.24649997998494655,0.2473118449561298,8434854.0,94.61301094434056,946218806356bb44ccac89a3c5c6b5069c8975ea16421b13a1bdfc98852885c3,"[0.24649997998494655, 0.24687857809476554, 0.2473118449561298]","[-121904.0, 480256.0, -379101.0]",,ok,8227905.0,0.1198641360970214,0.1083086880389601,0.12206490896642208,687205.0,7.708317676394346,b00c75e1ce1aba4c6b9a4ec0a13644dcf8358bdd02a99a1fed2fd4b8293e8e3f,"[0.12206490896642208, 0.1198641360970214, 0.1083086880389601]","[8227905.0, 8227905.0, 8227905.0]",,8739117.0,SBM,TRF,SBM,ok
ising3.0-300_7777,ising,300,44850,8242904,2,2000,1,cuda:3,ok,8050943.0,0.19503517402336001,0.19462921097874641,0.1951623240020126,191961.0,2.328803052904656,d5c6691c0764a4ee1431f84aacb4574591b65e111b2a8ae77f83a540258d095a,"[0.19462921097874641, 0.1951623240020126, 0.19503517402336001]","[8050943.0, 8050943.0, 8050943.0]",,ok,588423.0,0.2476205650018528,0.24740379804279655,0.24889541394077241,7654481.0,92.86145999031409,8fcb8078d62f06513755a3f1b64f161f83ecca7b41cab82957a050cad0e9ada8,"[0.24889541394077241, 0.24740379804279655, 0.2476205650018528]","[588423.0, 393607.0, -207377.0]",,ok,7151354.0,0.10955129796639085,0.10869415197521448,0.11195545096416026,1091550.0,13.242299073239238,c028131e63e61107cbb6331d8fa3306829ab89787a9a9115e2202c672e691942,"[0.10955129796639085, 0.11195545096416026, 0.10869415197521448]","[7151354.0, 7151354.0, 7151354.0]",,8050943.0,SBM,TRF,SBM,ok
pm1d_100.0,rudy,100,4901,340,2,2000,1,cuda:6,ok,340.0,0.20386085496284068,0.20236623205710202,0.20563305006362498,0.0,0.0,b2cc742667ee32e89857db86733275a4c66479f5b2e8f9d4b88268092741e536,"[0.20563305006362498, 0.20386085496284068, 0.20236623205710202]","[340.0, 340.0, 340.0]",,ok,325.0,0.2558629229897633,0.25523402192629874,0.25651587604079396,15.0,4.411764705882353,7b0ffb86c09b6866cebdc1d5a2436c3fc45517b1469465911ff09928f6a04606,"[0.25651587604079396, 0.2558629229897633, 0.25523402192629874]","[325.0, 325.0, 325.0]",,ok,240.0,0.08852883300278336,0.08714193908963352,0.08941968798171729,100.0,29.41176470588235,5f92f7cb63befc242bbe6bddabfe6744c4f834c8c9d9fea21b7563da10d1b643,"[0.08941968798171729, 0.08714193908963352, 0.08852883300278336]","[240.0, 240.0, 240.0]",,340.0,SBM,TRF,SBM,ok
pm1d_100.1,rudy,100,4901,324,2,2000,1,cuda:1,ok,324.0,0.1993312529521063,0.19824307807721198,0.1996284950291738,0.0,0.0,ed01fd76c587c42a7f1be0a4ca992a1a4eb88ea131bb5ecbdb57d107ecc12c01,"[0.1996284950291738, 0.1993312529521063, 0.19824307807721198]","[324.0, 324.0, 324.0]",,ok,316.0,0.24963418301194906,0.24912767799105495,0.24996210006065667,8.0,2.4691358024691357,9e3afdb0f51a0fd3ad84f811ac014226a55f99bbdb6590a3b0c7d41d35c54648,"[0.24963418301194906, 0.24996210006065667, 0.24912767799105495]","[316.0, 316.0, 316.0]",,ok,261.0,0.08645661897026002,0.0862548800650984,0.087691560969688,63.0,19.444444444444443,5d1580f033229a411e8d2046d5769f42c9017f5c6dd844808104c5da63295319,"[0.087691560969688, 0.08645661897026002, 0.0862548800650984]","[261.0, 261.0, 261.0]",,324.0,SBM,TRF,SBM,ok
pm1d_100.2,rudy,100,4901,389,2,2000,1,cuda:0,ok,388.0,0.301396420923993,0.29882991791237146,0.3015364920720458,1.0,0.2570694087403599,6207a9f153fea92536552e19c541438c812735f43bec967ac4ca65e693bfa305,"[0.301396420923993, 0.3015364920720458, 0.29882991791237146]","[388.0, 388.0, 388.0]",,ok,377.0,0.376148322946392,0.3750325239961967,0.38230696390382946,12.0,3.0848329048843186,75cef0d47b89511b4a812c048537bf1d20a183a43ed09aa1d438420d99da2247,"[0.3750325239961967, 0.38230696390382946, 0.376148322946392]","[377.0, 377.0, 377.0]",,ok,329.0,0.09180217201355845,0.08899737196043134,0.11831241904292256,60.0,15.424164524421593,4317b827f24702ec3e0667c3829aa834b4ad66254659de83c90b95c00208dfaf,"[0.11831241904292256, 0.08899737196043134, 0.09180217201355845]","[329.0, 329.0, 329.0]",,388.0,SBM,TRF,SBM,ok
pm1d_100.3,rudy,100,4901,400,2,2000,1,cuda:5,ok,400.0,0.19301151996478438,0.1928536930354312,0.19311189302243292,0.0,0.0,16f8c70ed171f53d8a58d647f203323e8fe6f87f25bed049dd19b1fec31e7052,"[0.1928536930354312, 0.19301151996478438, 0.19311189302243292]","[400.0, 400.0, 400.0]",,ok,359.0,0.2415248629404232,0.24126196198631078,0.24468731100205332,41.0,10.25,e3436a12bf47d809efd7c7b012cec6264c5f60ca2ef751750453b5f1ed77eef3,"[0.24468731100205332, 0.24126196198631078, 0.2415248629404232]","[359.0, 359.0, 359.0]",,ok,299.0,0.09967202402185649,0.08609026705380529,0.1041063069133088,101.0,25.25,232ce5db1512aac5f2a71913bc10711922fb108dbcd2455646cf423dac5c7139,"[0.1041063069133088, 0.09967202402185649, 0.08609026705380529]","[299.0, 299.0, 299.0]",,400.0,SBM,TRF,SBM,ok
pm1d_100.4,rudy,100,4901,363,2,2000,1,cuda:7,ok,363.0,0.1933064250042662,0.19290925201494247,0.1939315099734813,0.0,0.0,4ba34eac4147f638856711f18b60dc60d56ba5c8bced51aeb8b247c46ec53051,"[0.19290925201494247, 0.1933064250042662, 0.1939315099734813]","[363.0, 363.0, 363.0]",,ok,344.0,0.24295360303949565,0.24252880096901208,0.24301862600259483,19.0,5.234159779614325,5dc03d4b493c951a2fb810da7f94dcd30e6be64be90f156fe264d6d4d1615430,"[0.24252880096901208, 0.24295360303949565, 0.24301862600259483]","[344.0, 344.0, 344.0]",,ok,280.0,0.09486275108065456,0.0851058668922633,0.10657988907769322,83.0,22.865013774104682,a6590e5809ca891a2d49b0170555c460a6efcfc246f4811884f24a834bd80a43,"[0.10657988907769322, 0.09486275108065456, 0.0851058668922633]","[280.0, 280.0, 280.0]",,363.0,SBM,TRF,SBM,ok
pm1d_100.5,rudy,100,4901,441,2,2000,1,cuda:4,ok,441.0,0.1983518679626286,0.19798447308130562,0.19991428102366626,0.0,0.0,3fbca4dfd1985d0608984a936a88cc5cf338d0feb61e07f3ffdec50b74ed8fbc,"[0.19798447308130562, 0.1983518679626286, 0.19991428102366626]","[441.0, 441.0, 441.0]",,ok,429.0,0.2497379300184548,0.24827096494846046,0.2556041149655357,12.0,2.7210884353741496,2d50f9744178a2035ae259168bff1faf16ca2b7d11e6269c57892de7adc926c1,"[0.2556041149655357, 0.2497379300184548, 0.24827096494846046]","[429.0, 429.0, 429.0]",,ok,342.0,0.08419694099575281,0.08374244091100991,0.08470738993491977,99.0,22.448979591836736,a8262fd2cbe8a88a5e2a62f85c9e2acb1a383ecf9a413bcb9404b17754a88522,"[0.08374244091100991, 0.08470738993491977, 0.08419694099575281]","[342.0, 342.0, 342.0]",,441.0,SBM,TRF,SBM,ok
pm1d_100.6,rudy,100,4901,367,2,2000,1,cuda:3,ok,367.0,0.190762929036282,0.1897805049084127,0.19101074105128646,0.0,0.0,8a2d67b8a50703a02b5712b0557398c2fb4fa27b087bd78db8800d98634f5d40,"[0.19101074105128646, 0.1897805049084127, 0.190762929036282]","[367.0, 367.0, 367.0]",,ok,349.0,0.2430592600721866,0.24294478096999228,0.24327662598807365,18.0,4.9046321525885554,f7ce7ba73ef3733dd6c7406554c5c98c125489aaf99fd290fb1569fae3f566b7,"[0.24294478096999228, 0.2430592600721866, 0.24327662598807365]","[349.0, 349.0, 349.0]",,ok,296.0,0.10483006399590522,0.08785292494576424,0.10513354104477912,71.0,19.346049046321525,4f513898c7b9b184673836e73d9895c4b38fdabb3ff0e9ebba3e5453074baaa4,"[0.10513354104477912, 0.10483006399590522, 0.08785292494576424]","[296.0, 296.0, 296.0]",,367.0,SBM,TRF,SBM,ok
pm1d_100.7,rudy,100,4901,361,2,2000,1,cuda:2,ok,361.0,0.19797176902648062,0.19789725099690259,0.1983754230896011,0.0,0.0,26b981586056fcf14e5a6d2b12dae6eef456c3c6afe017c3161c7f6e94854d87,"[0.19789725099690259, 0.1983754230896011, 0.19797176902648062]","[361.0, 361.0, 361.0]",,ok,345.0,0.2485429720254615,0.24836543400306255,0.24928375706076622,16.0,4.43213296398892,19b75e98a8f1d7e6d67ac7976323e01da36fa748ea4404bec1f00f5b13eb4717,"[0.24928375706076622, 0.2485429720254615, 0.24836543400306255]","[345.0, 345.0, 345.0]",,ok,308.0,0.08512551803141832,0.08474531199317425,0.08690636500250548,53.0,14.681440443213296,cc8bdb381f9891727ccbdf79270a34765d0de2cf6f426f1913ee871f4edec640,"[0.08512551803141832, 0.08690636500250548, 0.08474531199317425]","[308.0, 308.0, 308.0]",,361.0,SBM,TRF,SBM,ok
pm1d_100.8,rudy,100,4901,385,2,2000,1,cuda:6,ok,385.0,0.2028565159998834,0.2027240680763498,0.2029619449749589,0.0,0.0,30deb48c70ac10c5942f0d9ece76ad922b29e35a121fe21cf23ff8e976581fea,"[0.2028565159998834, 0.2027240680763498, 0.2029619449749589]","[385.0, 385.0, 385.0]",,ok,350.0,0.25564851402305067,0.254867605981417,0.2559999949298799,35.0,9.090909090909092,221ad3f33eafe14190732c3af7ad90e4bcb339534e65c54b9393e43115f959f5,"[0.25564851402305067, 0.2559999949298799, 0.254867605981417]","[350.0, 350.0, 350.0]",,ok,243.0,0.08527527202386409,0.08520536799915135,0.08578554005362093,142.0,36.883116883116884,4b61e2d7a142fbe251d1c6982751ec6de035a7c89b0b6bba5ddbffd0fc1f2089,"[0.08578554005362093, 0.08527527202386409, 0.08520536799915135]","[243.0, 243.0, 243.0]",,385.0,SBM,TRF,SBM,ok
pm1d_100.9,rudy,100,4901,405,2,2000,1,cuda:1,ok,405.0,0.19844124000519514,0.19806011801119894,0.19860072794836015,0.0,0.0,35f25831cb3b4236173f0b6ea726f73f73cc3e8cb188c640afcb253d5042b12a,"[0.19844124000519514, 0.19806011801119894, 0.19860072794836015]","[405.0, 405.0, 405.0]",,ok,381.0,0.249880702001974,0.24961637298110873,0.25021233304869384,24.0,5.925925925925926,3467719be2732afef8c750745df4869e150672dbf9f2fb2d8fe090180456dc1b,"[0.249880702001974, 0.25021233304869384, 0.24961637298110873]","[381.0, 381.0, 381.0]",,ok,262.0,0.0857976779807359,0.08557765407022089,0.10438419203273952,143.0,35.30864197530864,2f1230e7e28dd6315d25bd8306b12045c4201addadb12ac34c843e34684c8521,"[0.10438419203273952, 0.0857976779807359, 0.08557765407022089]","[262.0, 262.0, 262.0]",,405.0,SBM,TRF,SBM,ok
pm1d_80.0,rudy,80,3128,227,2,2000,1,cuda:2,ok,227.0,0.1973288640147075,0.1973131070844829,0.19863651203922927,0.0,0.0,881bb36434b798f307bcaade9eff5d3cd47b7c4bcb41d258b38ec6d2ff922733,"[0.19863651203922927, 0.1973131070844829, 0.1973288640147075]","[227.0, 227.0, 227.0]",,ok,227.0,0.24849150504451245,0.24845722992904484,0.2492296629352495,0.0,0.0,881bb36434b798f307bcaade9eff5d3cd47b7c4bcb41d258b38ec6d2ff922733,"[0.2492296629352495, 0.24849150504451245, 0.24845722992904484]","[227.0, 227.0, 227.0]",,ok,157.0,0.08243398799095303,0.08205835905391723,0.0833845199085772,70.0,30.837004405286343,01cb374710e57bbc2c3aeefd0f309bb42c944ac290d00d400d93a54d7e3b795c,"[0.0833845199085772, 0.08205835905391723, 0.08243398799095303]","[157.0, 157.0, 157.0]",,227.0,SBM|SVL,TRF,SBM,ok
pm1d_80.1,rudy,80,3128,245,2,2000,1,cuda:3,ok,245.0,0.1895829129498452,0.18950390303507447,0.1912129978882149,0.0,0.0,ab1efff52621e9da5098f3a79392a17ca335b088c7bb15f7f7df97180bf08279,"[0.1895829129498452, 0.1912129978882149, 0.18950390303507447]","[245.0, 245.0, 245.0]",,ok,241.0,0.2424594919430092,0.24200924206525087,0.2425531049957499,4.0,1.6326530612244898,c7d253881f229cbf0e5df23c4155d6793e1259eef08abb03692ee60802482606,"[0.24200924206525087, 0.2424594919430092, 0.2425531049957499]","[241.0, 241.0, 241.0]",,ok,192.0,0.08683708996977657,0.08600520703475922,0.09675955504644662,53.0,21.632653061224488,57aaa4b182def6520cdb9dece853f84a6d87996515a155b915b228dcd42b566f,"[0.09675955504644662, 0.08683708996977657, 0.08600520703475922]","[192.0, 192.0, 192.0]",,245.0,SBM,TRF,SBM,ok
pm1d_80.2,rudy,80,3128,284,2,2000,1,cuda:1,ok,284.0,0.19810348993632942,0.19782454089727253,0.19827269099187106,0.0,0.0,e80b05410f97bea459d79e5926f3c1a747f62798e92686b753a03a7e20dd9c76,"[0.19827269099187106, 0.19782454089727253, 0.19810348993632942]","[284.0, 284.0, 284.0]",,ok,279.0,0.24942177394405007,0.24899638001807034,0.24953096394892782,5.0,1.7605633802816902,8cc281b98afdfc3efd5f5689b1a9eaa6daae15592d12d6874fd069066f5a3993,"[0.24942177394405007, 0.24953096394892782, 0.24899638001807034]","[279.0, 279.0, 279.0]",,ok,200.0,0.08146938495337963,0.08138912706635892,0.08164732798468322,84.0,29.577464788732396,b6fff0af1e1744629c94c1f05362da10308a94c6d84bd6040f441f842aad849a,"[0.08138912706635892, 0.08164732798468322, 0.08146938495337963]","[200.0, 200.0, 200.0]",,284.0,SBM,TRF,SBM,ok
pm1d_80.3,rudy,80,3128,291,2,2000,1,cuda:5,ok,291.0,0.19074941205326468,0.190558253088966,0.19086801598314196,0.0,0.0,9a5e8b5e218ad19e650631410f2700f2a4108adcdaf0d5cb029bbed5ed15805f,"[0.19074941205326468, 0.190558253088966, 0.19086801598314196]","[291.0, 291.0, 291.0]",,ok,279.0,0.2413981700083241,0.24021084094420075,0.24251728889066726,12.0,4.123711340206185,969aea2496547e7c3473c8bbb611f8a3a2d0493ebe94209a9bd0f4bdf79c345a,"[0.2413981700083241, 0.24251728889066726, 0.24021084094420075]","[279.0, 279.0, 279.0]",,ok,213.0,0.10082195501308888,0.08269781596027315,0.10320745699573308,78.0,26.804123711340207,42d9faa774f94b2bd28d47ab290210bf946bf0e9717493a6847a12f60adeff8d,"[0.10320745699573308, 0.10082195501308888, 0.08269781596027315]","[213.0, 213.0, 213.0]",,291.0,SBM,TRF,SBM,ok
pm1d_80.4,rudy,80,3128,251,2,2000,1,cuda:4,ok,251.0,0.19861214002594352,0.1982062259921804,0.19895869807805866,0.0,0.0,e7b47855742ae1ffac5e406875a659037dffb4d37cbcfbdf710d0cd4374388ec,"[0.1982062259921804, 0.19861214002594352, 0.19895869807805866]","[251.0, 251.0, 251.0]",,ok,247.0,0.24860215303488076,0.24844853801187128,0.25066276791039854,4.0,1.593625498007968,fd9b2e2653eb00d21c4841bb6638da347545cd583f21f1ecc4e38980bd4e3641,"[0.24860215303488076, 0.25066276791039854, 0.24844853801187128]","[247.0, 247.0, 247.0]",,ok,166.0,0.08097989298403263,0.08083024097140878,0.08237916498910636,85.0,33.864541832669325,93f01e3b509b8d2e8900ff6a186f3af5cdd2bacb7908c695532bbe92f8c9e2e8,"[0.08237916498910636, 0.08083024097140878, 0.08097989298403263]","[166.0, 166.0, 166.0]",,251.0,SBM,TRF,SBM,ok
pm1d_80.5,rudy,80,3128,242,2,2000,1,cuda:6,ok,242.0,0.2021047460148111,0.20186456898227334,0.20251034607645124,0.0,0.0,056bae0033bb4a78593ec531f4740300a9c706e1c1409f1406ae659964a72765,"[0.20251034607645124, 0.2021047460148111, 0.20186456898227334]","[242.0, 242.0, 242.0]",,ok,230.0,0.25591021205764264,0.25574424490332603,0.2580647940048948,12.0,4.958677685950414,ddbbc420cb5b0d8886057e9a0c2705efac02277efa1352a80e6a9be650f5fd49,"[0.25574424490332603, 0.2580647940048948, 0.25591021205764264]","[230.0, 230.0, 230.0]",,ok,196.0,0.08219092397484928,0.08210708003025502,0.08295895508490503,46.0,19.00826446280992,e536f78fc3b5bbba47ba1add1e5afaef81cb381af847a32589f2c0617099e60b,"[0.08295895508490503, 0.08219092397484928, 0.08210708003025502]","[196.0, 196.0, 196.0]",,242.0,SBM,TRF,SBM,ok
pm1d_80.6,rudy,80,3128,205,2,2000,1,cuda:7,ok,205.0,0.1932597829727456,0.192010466940701,0.1935768120456487,0.0,0.0,f6611223ea86160c7dfd62fc5a10db1c06a4c262baaec57378d9b5294c78cb2a,"[0.1932597829727456, 0.192010466940701, 0.1935768120456487]","[205.0, 205.0, 205.0]",,ok,200.0,0.2424750030040741,0.24201027501840144,0.24257847596891224,5.0,2.4390243902439024,7fd17c72f20da23cfa61657ec68090aecfca6a72513431e4a2eb0b99317701b6,"[0.2424750030040741, 0.24201027501840144, 0.24257847596891224]","[200.0, 200.0, 200.0]",,ok,154.0,0.10227130900602788,0.08213213901035488,0.10397280903998762,51.0,24.878048780487806,06dd1a3ba5c7b983a139aea0084aa6654510bdb0d8124074fa1612a2c1853219,"[0.10397280903998762, 0.10227130900602788, 0.08213213901035488]","[154.0, 154.0, 154.0]",,205.0,SBM,TRF,SBM,ok
pm1d_80.7,rudy,80,3128,249,2,2000,1,cuda:2,ok,249.0,0.19854385091457516,0.1973370349733159,0.19975840603001416,0.0,0.0,4444dddb8f4cb5f2cc5833aa453d36f28bfa1038f95925248c650c4a100f2655,"[0.1973370349733159, 0.19975840603001416, 0.19854385091457516]","[249.0, 249.0, 249.0]",,ok,229.0,0.2488063540076837,0.24790669896174222,0.24892070493660867,20.0,8.032128514056225,3adb787e17ec270a344e2b7ead1b5e03f2648d3e54c35ae7bc1f163e6733bd08,"[0.24892070493660867, 0.2488063540076837, 0.24790669896174222]","[229.0, 229.0, 229.0]",,ok,183.0,0.08233674301300198,0.0819994059856981,0.08295544399879873,66.0,26.50602409638554,6f427c4befa89ec4e38421abec0cd9b0fc975ad8e88ca78e2b307d71e89b6399,"[0.08295544399879873, 0.08233674301300198, 0.0819994059856981]","[183.0, 183.0, 183.0]",,249.0,SBM,TRF,SBM,ok
pm1d_80.8,rudy,80,3128,293,2,2000,1,cuda:3,ok,293.0,0.18899336794856936,0.18895548908039927,0.19024471193552017,0.0,0.0,3a1457e93f819683bcded41f7b567e3460ddae14f294448aa6ecaf26e613c669,"[0.18895548908039927, 0.18899336794856936, 0.19024471193552017]","[293.0, 293.0, 293.0]",,ok,281.0,0.24234334693755955,0.2417830420890823,0.2424419829621911,12.0,4.09556313993174,d964f02137b1d6da1280ecbebac5deab869ecb25a05dc50ad0b58ac88c9563a4,"[0.2417830420890823, 0.24234334693755955, 0.2424419829621911]","[281.0, 281.0, 281.0]",,ok,204.0,0.08193323493469507,0.08190194598864764,0.08275229996070266,89.0,30.37542662116041,597b112a6764b8a27bcb486aefe62f8655235bc115f8c56fd9851652958f05e0,"[0.08275229996070266, 0.08190194598864764, 0.08193323493469507]","[204.0, 204.0, 204.0]",,293.0,SBM,TRF,SBM,ok
pm1d_80.9,rudy,80,3128,258,2,2000,1,cuda:0,ok,258.0,0.2995244120247662,0.29894325404893607,0.30009036499541253,0.0,0.0,be8882bb93d3be7981feb53018ba711af21e6269bd0c9e262669788b7fd50b8e,"[0.30009036499541253, 0.29894325404893607, 0.2995244120247662]","[258.0, 258.0, 258.0]",,ok,249.0,0.3759462449233979,0.3751150199677795,0.3762146419612691,9.0,3.488372093023256,f80c445e07bad5c8615f802f7ce48e565f15e9d48f5dea7a379ffdb8d472a8c1,"[0.3762146419612691, 0.3751150199677795, 0.3759462449233979]","[249.0, 249.0, 249.0]",,ok,188.0,0.10230438108555973,0.08467075903899968,0.11434078798629344,70.0,27.131782945736433,bcde6e5fe45527487135b514d0571ec08fe2749741fe1d08bae0e4e23ef4b52a,"[0.11434078798629344, 0.10230438108555973, 0.08467075903899968]","[188.0, 188.0, 188.0]",,258.0,SBM,TRF,SBM,ok
pm1s_100.0,rudy,100,495,127,2,2000,1,cuda:5,ok,127.0,0.1903338610427454,0.1896501729497686,0.19043003593105823,0.0,0.0,49effe10d4d41eb0b81c28521e4f8f893aa2621d1f91fd07340973ee032f2890,"[0.19043003593105823, 0.1896501729497686, 0.1903338610427454]","[127.0, 127.0, 127.0]",,ok,119.0,0.24117889301851392,0.2411213299492374,0.24630653497297317,8.0,6.299212598425197,c09c02467c71f69471ab0f2f3d81db522b575f1a3e4e6a752054a5861d7c945b,"[0.24630653497297317, 0.2411213299492374, 0.24117889301851392]","[119.0, 119.0, 119.0]",,ok,103.0,0.08467350003775209,0.0846336359390989,0.085700987954624,24.0,18.89763779527559,7a9c46947e93f21eaacf279a83f523c7a3202be4116eeb2b61061289b35e8c77,"[0.085700987954624, 0.08467350003775209, 0.0846336359390989]","[103.0, 103.0, 103.0]",,127.0,SBM,TRF,SBM,ok
pm1s_100.1,rudy,100,495,126,2,2000,1,cuda:7,ok,124.0,0.19225685799028724,0.1921662490349263,0.1925933570601046,2.0,1.5873015873015872,8e8522a2446d48efb0310453bd8ec709cb52f507fb548c44afb44f0d76cab745,"[0.1921662490349263, 0.1925933570601046, 0.19225685799028724]","[124.0, 124.0, 124.0]",,ok,113.0,0.24069326499011368,0.2404647700022906,0.24140879698097706,13.0,10.317460317460318,a386bc5362e2d6932f63245fdffcf3b6a95aa853a6ac3191cc548a33966e3bca,"[0.2404647700022906, 0.24069326499011368, 0.24140879698097706]","[113.0, 113.0, 113.0]",,ok,95.0,0.08351485000457615,0.0834925239905715,0.08431784994900227,31.0,24.603174603174605,fe553ebda687740a4a19974aa60d00b5499760c8848fe749349d5f123a546452,"[0.08431784994900227, 0.0834925239905715, 0.08351485000457615]","[95.0, 95.0, 95.0]",,124.0,SBM,TRF,SBM,ok
pm1s_100.2,rudy,100,495,125,2,2000,1,cuda:4,ok,125.0,0.19918711797799915,0.19884783402085304,0.1993589240591973,0.0,0.0,17ef59cc05359235ae659f7f65aba6445c86a65a9b6036bf13ccb4bbfdc8f2aa,"[0.19918711797799915, 0.1993589240591973, 0.19884783402085304]","[125.0, 125.0, 125.0]",,ok,121.0,0.24880944297183305,0.2484422760317102,0.25004359998274595,4.0,3.2,7c7a3cf23b706d4dccd7db66c9287af868080ff70d895cd22f49c68847887c6b,"[0.24880944297183305, 0.25004359998274595, 0.2484422760317102]","[121.0, 121.0, 121.0]",,ok,107.0,0.09727388003375381,0.08268854906782508,0.10731827700510621,18.0,14.4,e4fe9b7abf222aaaab2b41dc0219bcc434152603b4f6665135772b109f82bebd,"[0.10731827700510621, 0.09727388003375381, 0.08268854906782508]","[107.0, 107.0, 107.0]",,125.0,SBM,TRF,SBM,ok
pm1s_100.3,rudy,100,495,111,2,2000,1,cuda:0,ok,111.0,0.2987105780048296,0.29697693896014243,0.3002184310462326,0.0,0.0,518ddf05d0796f4665f69a04e4aac890562dd16ed55079c78d4b228a12ea9ff0,"[0.3002184310462326, 0.2987105780048296, 0.29697693896014243]","[111.0, 111.0, 111.0]",,ok,109.0,0.3744295979849994,0.3743377479258925,0.3760560150258243,2.0,1.8018018018018018,b8607e8aba75dd340a70633d7b9f93a562571d888f13373b6b1ade71f2a769e2,"[0.3760560150258243, 0.3744295979849994, 0.3743377479258925]","[109.0, 109.0, 109.0]",,ok,91.0,0.10621292295400053,0.0943737979978323,0.11338241898920387,20.0,18.01801801801802,71b8e42e77a473d9724519e9c4d994b0a3b969f6f37ad27102787823631f4bd6,"[0.11338241898920387, 0.10621292295400053, 0.0943737979978323]","[91.0, 91.0, 91.0]",,111.0,SBM,TRF,SBM,ok
pm1s_100.4,rudy,100,495,128,2,2000,1,cuda:2,ok,128.0,0.1967871580272913,0.19659110601060092,0.19703461194876581,0.0,0.0,558a56009ca5ce35b0702e7dc92ad4b4b30379c827bcae235745e8e376c1b6a5,"[0.19659110601060092, 0.19703461194876581, 0.1967871580272913]","[128.0, 128.0, 128.0]",,ok,121.0,0.2479354990646243,0.2471061599208042,0.24846867797896266,7.0,5.46875,cfc7f3efc1880aac6f6e208b5ae947de3f619cd7103357b126026d6e202e11e2,"[0.2471061599208042, 0.2479354990646243, 0.24846867797896266]","[121.0, 121.0, 121.0]",,ok,101.0,0.08295917301438749,0.08293236396275461,0.08388368191663176,27.0,21.09375,cb8c5b22413011d34676ea099c1923c19f009586df471f3720bcb6597a850cf6,"[0.08388368191663176, 0.08295917301438749, 0.08293236396275461]","[101.0, 101.0, 101.0]",,128.0,SBM,TRF,SBM,ok
pm1s_100.5,rudy,100,495,128,2,2000,1,cuda:3,ok,128.0,0.18893269798718393,0.18881234899163246,0.18987315404228866,0.0,0.0,6806557591c81eb1a1479c2c71f2d1d9f7fd68bbbc54b54f11616848a0bd939f,"[0.18987315404228866, 0.18881234899163246, 0.18893269798718393]","[128.0, 128.0, 128.0]",,ok,121.0,0.24102532502729446,0.2404813920147717,0.2416174670215696,7.0,5.46875,8d5cf7c7ff81a7e5d69d496915533ef58c8a321e5c98857523552207a6fb0f5c,"[0.2404813920147717, 0.2416174670215696, 0.24102532502729446]","[121.0, 121.0, 121.0]",,ok,105.0,0.08523973298724741,0.08482123701833189,0.08625039202161133,23.0,17.96875,1a9642ea06adfb3d72afcde58d52bbfe5ea1f017a1ee4b207ed080898a59c398,"[0.08625039202161133, 0.08523973298724741, 0.08482123701833189]","[105.0, 105.0, 105.0]",,128.0,SBM,TRF,SBM,ok
pm1s_100.6,rudy,100,495,122,2,2000,1,cuda:6,ok,122.0,0.20263536891434342,0.20222083001863211,0.20385664992500097,0.0,0.0,94cbc1d0dc57fd309543a140a0ba4d4efd8d72441f5b75245e10666fb2b2d292,"[0.20263536891434342, 0.20222083001863211, 0.20385664992500097]","[122.0, 122.0, 122.0]",,ok,117.0,0.25580495002213866,0.2557646450586617,0.2559010760160163,5.0,4.098360655737705,4a9972890209b6c2707fa49776c9be852b28a0b491f5bef45a89273be617a757,"[0.2557646450586617, 0.25580495002213866, 0.2559010760160163]","[117.0, 117.0, 117.0]",,ok,91.0,0.08539852104149759,0.08492127899080515,0.09974039392545819,31.0,25.40983606557377,314c90c22fc7ce8be40179532d27ec3bee6dd3c62bd68d60d0362a63b720c942,"[0.09974039392545819, 0.08539852104149759, 0.08492127899080515]","[91.0, 91.0, 91.0]",,122.0,SBM,TRF,SBM,ok
pm1s_100.7,rudy,100,495,112,2,2000,1,cuda:1,ok,112.0,0.1971721190493554,0.19712125894147903,0.19773595000151545,0.0,0.0,d687bcc9ee331d073db0e6c6ddd085a98cbd5f256dd2bf36f1603d704631af26,"[0.19712125894147903, 0.1971721190493554, 0.19773595000151545]","[112.0, 112.0, 112.0]",,ok,102.0,0.24895251798443496,0.24859404505696148,0.249723868095316,10.0,8.928571428571429,60795f64bc70c2520bf9c26ac19159ee7801034dd1df4febd10f5d8b4e78cc26,"[0.24895251798443496, 0.249723868095316, 0.24859404505696148]","[102.0, 102.0, 102.0]",,ok,78.0,0.08525087800808251,0.08476422203239053,0.09129541099537164,34.0,30.357142857142858,e18989397b6e1aeae77a1c4cd7cfdabd2d5aa07a5b41b351c1df14cf55616fdb,"[0.08525087800808251, 0.09129541099537164, 0.08476422203239053]","[78.0, 78.0, 78.0]",,112.0,SBM,TRF,SBM,ok
pm1s_100.8,rudy,100,495,120,2,2000,1,cuda:5,ok,120.0,0.1898762839846313,0.18963591801002622,0.19081364199519157,0.0,0.0,fa9e44533dfade90fe1824d0dd31f8a49ceec63d5d10073f85f36043ca5f47bb,"[0.1898762839846313, 0.18963591801002622, 0.19081364199519157]","[120.0, 120.0, 120.0]",,ok,110.0,0.24163562897592783,0.24054586689453572,0.24164424801710993,10.0,8.333333333333334,75ef8ce37a86b26ebb9a5208b6f730292ddb8f1a451ce0aa071b65e8f98a82a8,"[0.24164424801710993, 0.24163562897592783, 0.24054586689453572]","[110.0, 110.0, 110.0]",,ok,91.0,0.08593548100907356,0.08495357003994286,0.0869978090049699,29.0,24.166666666666668,98adb84aa89bd87cacc59d8ee2a77539bf4c89c5b77c511a4fa0f4b4eff0c6db,"[0.08593548100907356, 0.08495357003994286, 0.0869978090049699]","[91.0, 91.0, 91.0]",,120.0,SBM,TRF,SBM,ok
pm1s_100.9,rudy,100,495,127,2,2000,1,cuda:7,ok,127.0,0.1923808850115165,0.19179804902523756,0.19244471902493387,0.0,0.0,b6b934fe76bae0b0cb5120cebc82abe7cf77b2f36264c9e6a0561c320a191d1b,"[0.1923808850115165, 0.19244471902493387, 0.19179804902523756]","[127.0, 127.0, 127.0]",,ok,125.0,0.2408862590091303,0.2403706859331578,0.24161531508434564,2.0,1.5748031496062993,ea59cfc65a08c10a92c225a03e69aa642995e9595ca5fe101c5daa8bbad536f2,"[0.2403706859331578, 0.2408862590091303, 0.24161531508434564]","[125.0, 125.0, 125.0]",,ok,100.0,0.10173859400674701,0.08500937407370657,0.10292175703216344,27.0,21.25984251968504,29150309ac9c17bc402cd77db201adba40b909642c017f5f8e5a8c66fd5eaa11,"[0.10292175703216344, 0.10173859400674701, 0.08500937407370657]","[100.0, 100.0, 100.0]",,127.0,SBM,TRF,SBM,ok
pm1s_80.0,rudy,80,316,79,2,2000,1,cuda:1,ok,79.0,0.1975395439658314,0.1969721500063315,0.19839402800425887,0.0,0.0,b5c7676853504976c3ef2b63130b103b62f5bbcb5ea6a7ba26595b9be3d942a2,"[0.1969721500063315, 0.1975395439658314, 0.19839402800425887]","[79.0, 79.0, 79.0]",,ok,70.0,0.24918140703812242,0.24903250101488084,0.24938725389074534,9.0,11.39240506329114,2f0d89582f125fd253bd3eb88b5771d854bbdc087384f58141bfe3d19dd67397,"[0.24903250101488084, 0.24918140703812242, 0.24938725389074534]","[70.0, 70.0, 70.0]",,ok,64.0,0.10033349099103361,0.08229036896955222,0.10646986693609506,15.0,18.9873417721519,25a402c361db2e566eda012ad82b99d5b848cab1ccd4115bc72b5c59bc5e2167,"[0.10646986693609506, 0.10033349099103361, 0.08229036896955222]","[64.0, 64.0, 64.0]",,79.0,SBM,TRF,SBM,ok
pm1s_80.1,rudy,80,316,85,2,2000,1,cuda:5,ok,85.0,0.19052205595653504,0.18987873196601868,0.1915547699900344,0.0,0.0,76ddcecf11f70ea6d29bd61e22880747e9df155ed8489b2766ef31f8f7341d52,"[0.18987873196601868, 0.19052205595653504, 0.1915547699900344]","[85.0, 85.0, 85.0]",,ok,77.0,0.240250836010091,0.24010505306068808,0.24276672897394747,8.0,9.411764705882353,540c47523202cb202d2bfc15c4b0a0a7188f9f99652fd3a5ad4e106c5c7d3fab,"[0.24010505306068808, 0.240250836010091, 0.24276672897394747]","[77.0, 77.0, 77.0]",,ok,67.0,0.08289705798961222,0.08279028302058578,0.08290841500274837,18.0,21.176470588235293,832dab2d2d10492898db6de23cefeaed872b24caf87fff50a37cdd36fe7b4e2a,"[0.08290841500274837, 0.08289705798961222, 0.08279028302058578]","[67.0, 67.0, 67.0]",,85.0,SBM,TRF,SBM,ok
pm1s_80.2,rudy,80,316,82,2,2000,1,cuda:4,ok,82.0,0.19971435191109776,0.19817812193650752,0.19996448000892997,0.0,0.0,cdbaa27c4a68dc72851bd58e77902c10a208466b2de5833d709c5fc239e3619e,"[0.19996448000892997, 0.19971435191109776, 0.19817812193650752]","[82.0, 82.0, 82.0]",,ok,80.0,0.24737167195416987,0.2473192720208317,0.24953652103431523,2.0,2.4390243902439024,39d1d6620523484b775054e6c9507a77604100cf646e6b2b5494e6e9452f5835,"[0.2473192720208317, 0.24737167195416987, 0.24953652103431523]","[80.0, 80.0, 80.0]",,ok,69.0,0.09509354503825307,0.0857623559422791,0.09788249607663602,13.0,15.853658536585366,e274c8e348b3b0f34871f95c80f4999dd31841e0efc114483597272a7c02bba0,"[0.09509354503825307, 0.09788249607663602, 0.0857623559422791]","[69.0, 69.0, 69.0]",,82.0,SBM,TRF,SBM,ok
pm1s_80.3,rudy,80,316,81,2,2000,1,cuda:6,ok,81.0,0.20245455508120358,0.20186983898747712,0.20246325398329645,0.0,0.0,4fa92c92374de8b3dfac524b82c0ce11aa2cc3a8a4d1fac73341b748cd540768,"[0.20186983898747712, 0.20246325398329645, 0.20245455508120358]","[81.0, 81.0, 81.0]",,ok,80.0,0.255624943994917,0.25516222999431193,0.2574785869801417,1.0,1.2345679012345678,ef8ef5a10c3a1cfab97217ba77c9d1b0239dc0559acd11227fbfa07a3bfaf900,"[0.25516222999431193, 0.255624943994917, 0.2574785869801417]","[80.0, 80.0, 80.0]",,ok,73.0,0.08219969994388521,0.080824970966205,0.10838084004353732,8.0,9.876543209876543,56ae4791ac49dffc229fd23276bd47ab405f677c744e5503d844f7eea6e3de4c,"[0.10838084004353732, 0.08219969994388521, 0.080824970966205]","[73.0, 73.0, 73.0]",,81.0,SBM,TRF,SBM,ok
pm1s_80.4,rudy,80,316,70,2,2000,1,cuda:7,ok,70.0,0.19287030003033578,0.19247266999445856,0.19422308506909758,0.0,0.0,6d0300364bada67a0150bc60dc03b873ac62f3d848c94e06cc5951478f5fa7ea,"[0.19287030003033578, 0.19422308506909758, 0.19247266999445856]","[70.0, 70.0, 70.0]",,ok,60.0,0.2414012699155137,0.2404143139719963,0.24142600607592613,10.0,14.285714285714286,d640a24d876dde70fd35fd021487a88445f5fddc065438dace66dc2986da90f1,"[0.24142600607592613, 0.2404143139719963, 0.2414012699155137]","[60.0, 60.0, 60.0]",,ok,47.0,0.08023740898352116,0.08017165900673717,0.08023845194838941,23.0,32.857142857142854,8096f4c0cbb61b40f61df2755d8ac6a202e881642995ff62c6a13ad7a14ad36b,"[0.08023845194838941, 0.08023740898352116, 0.08017165900673717]","[47.0, 47.0, 47.0]",,70.0,SBM,TRF,SBM,ok
pm1s_80.5,rudy,80,316,87,2,2000,1,cuda:2,ok,87.0,0.19679117097985,0.19669095997232944,0.1968309689546004,0.0,0.0,b4c61aab748e029b68b22af4cfca5fd17a99de51f4e07725ae13bcfe959ddeb9,"[0.1968309689546004, 0.19669095997232944, 0.19679117097985]","[87.0, 87.0, 87.0]",,ok,81.0,0.24891396600287408,0.2484973049722612,0.2497888560174033,6.0,6.896551724137931,4b5d0f6b6beebaf11818197f3647f67c0ff04c3f545639cf86823cd8641a929a,"[0.24891396600287408, 0.2497888560174033, 0.2484973049722612]","[81.0, 81.0, 81.0]",,ok,73.0,0.08128819998819381,0.08102778904139996,0.10163405095227063,14.0,16.091954022988507,1ceac2249db7e664f25700a751a08a7abd2dbea23db88eae4daae2b9dedd1639,"[0.10163405095227063, 0.08128819998819381, 0.08102778904139996]","[73.0, 73.0, 73.0]",,87.0,SBM,TRF,SBM,ok
pm1s_80.6,rudy,80,316,73,2,2000,1,cuda:3,ok,73.0,0.1885488189291209,0.18784084892831743,0.18860264599788934,0.0,0.0,24a8ee445296ad96596a4540ea65b1be93efaf33ef429b35d6463dbe310eebcd,"[0.1885488189291209, 0.18860264599788934, 0.18784084892831743]","[73.0, 73.0, 73.0]",,ok,68.0,0.2415253670187667,0.24091565399430692,0.24179245997220278,5.0,6.8493150684931505,dcbb70e3059801529d496ec6983a338fae412408152f2ebad37c0df5569e81d4,"[0.2415253670187667, 0.24091565399430692, 0.24179245997220278]","[68.0, 68.0, 68.0]",,ok,55.0,0.09058405191171914,0.08188454806804657,0.10460410499945283,18.0,24.65753424657534,111f23c61d7570e2f80e8b13d5d179bdcdfa830cf35b426d702cf4af32a8aa14,"[0.10460410499945283, 0.09058405191171914, 0.08188454806804657]","[55.0, 55.0, 55.0]",,73.0,SBM,TRF,SBM,ok
pm1s_80.7,rudy,80,316,83,2,2000,1,cuda:1,ok,83.0,0.1973201970104128,0.19683651195373386,0.19778440496884286,0.0,0.0,bd895aa4eb08596c5be4cc6f4cefb182b1ac08df689b60b56f22917f5c485d12,"[0.19778440496884286, 0.1973201970104128, 0.19683651195373386]","[83.0, 83.0, 83.0]",,ok,72.0,0.24826559703797102,0.2478762420359999,0.24936962802894413,11.0,13.25301204819277,8dcee863a8e61cfb4daa30a49ca19bd64078b05f6fc1a1727ed33eed292a4f5c,"[0.24936962802894413, 0.24826559703797102, 0.2478762420359999]","[72.0, 72.0, 72.0]",,ok,68.0,0.08149874396622181,0.08133995998650789,0.08205790095962584,15.0,18.072289156626507,befb9a18eced75ede6e744f03737b913092476753ba137f52cd1d99f85cbf248,"[0.08205790095962584, 0.08149874396622181, 0.08133995998650789]","[68.0, 68.0, 68.0]",,83.0,SBM,TRF,SBM,ok
pm1s_80.8,rudy,80,316,81,2,2000,1,cuda:5,ok,81.0,0.19064526306465268,0.19006776402238756,0.19183994899503887,0.0,0.0,eb44c4320ddfb503b951e50e1688df1b9db929ad3c5bf35ae1763f86e08de131,"[0.19064526306465268, 0.19006776402238756, 0.19183994899503887]","[81.0, 81.0, 81.0]",,ok,80.0,0.2427165280096233,0.24145859200507402,0.2433820910518989,1.0,1.2345679012345678,d70352ba8a99bafadd38f15fe5a9bcfbac6288e2b41e882b52731744847bb16b,"[0.2433820910518989, 0.2427165280096233, 0.24145859200507402]","[80.0, 80.0, 80.0]",,ok,64.0,0.08154820208437741,0.0813421260099858,0.09628992795478553,17.0,20.987654320987655,71a2905efa0d42f04387806a0231dc828e16e15453c96d691fac64be7340b366,"[0.09628992795478553, 0.08154820208437741, 0.0813421260099858]","[64.0, 64.0, 64.0]",,81.0,SBM,TRF,SBM,ok
pm1s_80.9,rudy,80,316,70,2,2000,1,cuda:0,ok,69.0,0.2985588820884004,0.29777935601305217,0.3048329639714211,1.0,1.4285714285714286,50d9fe707dedde9224fe61654e97b184b3e93be2bb5532cb3fcef118d3d44e18,"[0.2985588820884004, 0.29777935601305217, 0.3048329639714211]","[69.0, 69.0, 69.0]",,ok,64.0,0.374577226000838,0.37446408707182854,0.3766375710256398,6.0,8.571428571428571,e02fce67613bfa3106ccbe1f6938b883232b79d898f7c1fce1c8fc872a3c89a2,"[0.374577226000838, 0.3766375710256398, 0.37446408707182854]","[64.0, 64.0, 64.0]",,ok,64.0,0.08340213901828974,0.08339410892222077,0.08447626396082342,6.0,8.571428571428571,7ec66841d7dd220417c1a415b55c0b4701947949055f5f14e67bf647c790575c,"[0.08447626396082342, 0.08340213901828974, 0.08339410892222077]","[64.0, 64.0, 64.0]",,69.0,SBM,TRF,SBM,ok
pw01_100.0,rudy,100,495,2019,2,2000,1,cuda:4,ok,2013.0,0.19745688000693917,0.19691542792133987,0.19893500104080886,6.0,0.2971768202080238,c9caa34400ced7baedbf6463926997de302c4533858e22f53049bfa078b7fd7c,"[0.19745688000693917, 0.19691542792133987, 0.19893500104080886]","[2013.0, 2013.0, 2013.0]",,ok,1989.0,0.24767189100384712,0.24717832694295794,0.2494784960290417,30.0,1.485884101040119,c49b02b2ac512f2f6b7e87f4de5689743065450c81439f722cce09bb90f48b0d,"[0.24767189100384712, 0.24717832694295794, 0.2494784960290417]","[1989.0, 1989.0, 1989.0]",,ok,1880.0,0.08266093407291919,0.08262353600002825,0.08273560600355268,139.0,6.884596334819218,00fdab4b30abcbb0a512f42729d62f7d5e5f989e357744d1ad09e16959191681,"[0.08262353600002825, 0.08266093407291919, 0.08273560600355268]","[1880.0, 1880.0, 1880.0]",,2013.0,SBM,TRF,SBM,ok
pw01_100.1,rudy,100,495,2060,2,2000,1,cuda:3,ok,2060.0,0.18864416901487857,0.18811708700377494,0.18904782505705953,0.0,0.0,4aff0116608ebe595252c1384c4c4ed71f13c64ae3549aaf840b7558a5bfac69,"[0.18904782505705953, 0.18811708700377494, 0.18864416901487857]","[2060.0, 2060.0, 2060.0]",,ok,2028.0,0.24208061199169606,0.24166041798889637,0.2422932080226019,32.0,1.5533980582524272,d0b43b6c9af5cf2de609f16decc766be7cd95df1ff2b4e80d9da0a5f179040c3,"[0.24208061199169606, 0.2422932080226019, 0.24166041798889637]","[2028.0, 2028.0, 2028.0]",,ok,1992.0,0.08493586897384375,0.08479713404085487,0.08666105009615421,68.0,3.3009708737864076,e2c2553ba5d3e7f72ea82582339f3ea099d2cc5c6f26a63d1fd4d30f5ab5fd9d,"[0.08666105009615421, 0.08493586897384375, 0.08479713404085487]","[1992.0, 1992.0, 1992.0]",,2060.0,SBM,TRF,SBM,ok
pw01_100.2,rudy,100,495,2032,2,2000,1,cuda:2,ok,2011.0,0.19624545506667346,0.19545194902457297,0.19653377891518176,21.0,1.0334645669291338,7d9ea4500a41c59bc6b02f157a28044e722bf7e07f52c0b669c1ba426ab5b3e4,"[0.19545194902457297, 0.19624545506667346, 0.19653377891518176]","[2011.0, 2011.0, 2011.0]",,ok,1964.0,0.24888611596543342,0.24583644792437553,0.25056096399202943,68.0,3.3464566929133857,c8d30a3d4f20f2fb7841718a1d22e8023dc177567a1be2d0e87fd7f42145a6af,"[0.25056096399202943, 0.24583644792437553, 0.24888611596543342]","[1964.0, 1964.0, 1964.0]",,ok,1883.0,0.08394217293243855,0.08381088101305068,0.10190549306571484,149.0,7.332677165354331,9edd9476b300ed3c218e52c164b9a91b7363dc8244562e92fc9ba7e16c3161f7,"[0.10190549306571484, 0.08394217293243855, 0.08381088101305068]","[1883.0, 1883.0, 1883.0]",,2011.0,SBM,TRF,SBM,ok
pw01_100.3,rudy,100,495,2067,2,2000,1,cuda:6,ok,2061.0,0.20231152104679495,0.20227976294700056,0.20285197906196117,6.0,0.29027576197387517,6881eeac3c7e7b5d280119407b974590e2265515e58e857bdbe5d01bdf5330e5,"[0.20231152104679495, 0.20227976294700056, 0.20285197906196117]","[2061.0, 2061.0, 2061.0]",,ok,2025.0,0.2548687909729779,0.2547691740328446,0.25570578896440566,42.0,2.0319303338171264,3cb4a230fad6618d17348aaa52fab5c211a32ab16b7a0a083f924aa928697ec7,"[0.2547691740328446, 0.2548687909729779, 0.25570578896440566]","[2025.0, 2025.0, 2025.0]",,ok,1964.0,0.08402894495520741,0.08376978593878448,0.08482932206243277,103.0,4.983067247218191,4663bab1a61b6332072c3698efd1e6ab8c3545c520575e9e37df1cb04e74e8f9,"[0.08482932206243277, 0.08402894495520741, 0.08376978593878448]","[1964.0, 1964.0, 1964.0]",,2061.0,SBM,TRF,SBM,ok
pw01_100.4,rudy,100,495,2039,2,2000,1,cuda:1,ok,2039.0,0.19752045907080173,0.19736733799800277,0.19829213002230972,0.0,0.0,18255768502e66b677b6111953b5718fb10984fd1bce547363ddae207e1d9aab,"[0.19829213002230972, 0.19752045907080173, 0.19736733799800277]","[2039.0, 2039.0, 2039.0]",,ok,2005.0,0.2496413179906085,0.2491856070701033,0.2498782139737159,34.0,1.6674840608141246,1aa574948c34137716bdc9a2e10e4ff027bd777f2065855bad2172e65fa1fcb1,"[0.2498782139737159, 0.2491856070701033, 0.2496413179906085]","[2005.0, 2005.0, 2005.0]",,ok,1943.0,0.08407346101012081,0.08387521200347692,0.09953850193414837,96.0,4.708190289357528,558efba141bf8a95abef2c9af5d284f028bbbadf3862dfcbd43101d0a440e920,"[0.09953850193414837, 0.08407346101012081, 0.08387521200347692]","[1943.0, 1943.0, 1943.0]",,2039.0,SBM,TRF,SBM,ok
pw01_100.5,rudy,100,495,2108,2,2000,1,cuda:0,ok,2108.0,0.298885953030549,0.29857142898254097,0.299316945951432,0.0,0.0,39be66d0f7abd870fbb3fc50c61aeb72986e761475c3e01a88e0bd0181c1f5f8,"[0.299316945951432, 0.29857142898254097, 0.298885953030549]","[2108.0, 2108.0, 2108.0]",,ok,2069.0,0.37485025997739285,0.3740452139172703,0.37610765208955854,39.0,1.8500948766603416,25ba9d2c6df94fbb794de20e2d865a6c59a5a11d5bc7e80a2eeb388777949876,"[0.37485025997739285, 0.3740452139172703, 0.37610765208955854]","[2069.0, 2069.0, 2069.0]",,ok,1940.0,0.08899456192739308,0.08685981098096818,0.11758228007238358,168.0,7.969639468690702,61931388456361036e00d81181a30f81b51296d96a3e7d013a109e3d5c5c2e68,"[0.11758228007238358, 0.08899456192739308, 0.08685981098096818]","[1940.0, 1940.0, 1940.0]",,2108.0,SBM,TRF,SBM,ok
pw01_100.6,rudy,100,495,2032,2,2000,1,cuda:5,ok,2028.0,0.19039220898412168,0.19004809099715203,0.19076757901348174,4.0,0.1968503937007874,56cb4d63bbf8003249e7f1b70dfa33c6f60122d4de9c57132b3216c1c5ee2fa2,"[0.19004809099715203, 0.19039220898412168, 0.19076757901348174]","[2028.0, 2028.0, 2028.0]",,ok,1973.0,0.2401873709168285,0.2401198090519756,0.24088822701014578,59.0,2.9035433070866143,ed1390d714695a702ce67281b88600182bc4dc2121ef4779fde73ad248403789,"[0.24088822701014578, 0.2401198090519756, 0.2401873709168285]","[1973.0, 1973.0, 1973.0]",,ok,1864.0,0.0837847760412842,0.08375395508483052,0.0839224219089374,168.0,8.26771653543307,d5f95443b1820e9cd590a5b7856d7efe2a7fbc5e50733a64769b1fa151a9bae0,"[0.08375395508483052, 0.0839224219089374, 0.0837847760412842]","[1864.0, 1864.0, 1864.0]",,2028.0,SBM,TRF,SBM,ok
pw01_100.7,rudy,100,495,2074,2,2000,1,cuda:7,ok,2073.0,0.19201475207228214,0.19174737599678338,0.19236939295660704,1.0,0.048216007714561235,f904bfc95c4ee046146426084a5f182801c05125c1e941be1c94b7679cf3bcf1,"[0.19174737599678338, 0.19236939295660704, 0.19201475207228214]","[2073.0, 2073.0, 2073.0]",,ok,2025.0,0.24119860294740647,0.2410862740362063,0.24168820993509144,49.0,2.3625843780135005,63326e7e0c70615a4595af0b498d8781f6e2a3203e08c98601e4ffb75cedf76f,"[0.24168820993509144, 0.24119860294740647, 0.2410862740362063]","[2025.0, 2025.0, 2025.0]",,ok,2002.0,0.08474288298748434,0.08461570495273918,0.08476488792803138,72.0,3.471552555448409,3c14b169e149dfd3fdb4ed54b248159a1f2da723107f2d9f00eb1f3a5419858b,"[0.08474288298748434, 0.08476488792803138, 0.08461570495273918]","[2002.0, 2002.0, 2002.0]",,2073.0,SBM,TRF,SBM,ok
pw01_100.8,rudy,100,495,2022,2,2000,1,cuda:4,ok,2022.0,0.19873705401550978,0.19782606896478683,0.198996995924972,0.0,0.0,ad5a9b0c0c4d4f790715b538eb5125924d791da577441353d04e0b6e0dbf3595,"[0.19782606896478683, 0.19873705401550978, 0.198996995924972]","[2022.0, 2022.0, 2022.0]",,ok,1982.0,0.24794631800614297,0.24764963099732995,0.2487595829879865,40.0,1.9782393669634026,910031e864af28b23c3b1d6fa2781819947f78f26fef75b3e94675aa09562b27,"[0.24764963099732995, 0.24794631800614297, 0.2487595829879865]","[1982.0, 1982.0, 1982.0]",,ok,1855.0,0.09446631697937846,0.08317133504897356,0.10693831101525575,167.0,8.259149357072205,c979add838354ddbb06e627050f080d48ee0b5cfa6d86280be53eec4d46da178,"[0.10693831101525575, 0.09446631697937846, 0.08317133504897356]","[1855.0, 1855.0, 1855.0]",,2022.0,SBM,TRF,SBM,ok
pw01_100.9,rudy,100,495,2005,2,2000,1,cuda:3,ok,2005.0,0.18840479000937194,0.18839130294509232,0.18873613304458559,0.0,0.0,241307607978156785a1cf7bbdcfa9cd76fb987e9ef35167260ee4f117f8b83b,"[0.18873613304458559, 0.18840479000937194, 0.18839130294509232]","[2005.0, 2005.0, 2005.0]",,ok,1994.0,0.24070655298419297,0.24057033995632082,0.24144432100001723,11.0,0.5486284289276808,d0d17268962e68638bf4f04cf1b069b986acb23aab82ba495cd4c0363bbc59f7,"[0.24070655298419297, 0.24144432100001723, 0.24057033995632082]","[1994.0, 1994.0, 1994.0]",,ok,1869.0,0.08379887999035418,0.08375015703495592,0.08382051007356495,136.0,6.783042394014963,5c12ade68c01cde721a967522fb2bae6135bc7bbe69cbff69c14bf4e7dedf448,"[0.08379887999035418, 0.08375015703495592, 0.08382051007356495]","[1869.0, 1869.0, 1869.0]",,2005.0,SBM,TRF,SBM,ok
pw05_100.0,rudy,100,2475,8190,2,2000,1,cuda:2,ok,0.0,0.19786141905933619,0.19772502407431602,0.19884398800786585,8190.0,100.0,cd00e292c5970d3c5e2f0ffa5171e555bc46bfc4faddfb4a418b6840b86e79a3,"[0.19772502407431602, 0.19884398800786585, 0.19786141905933619]","[0.0, 0.0, 0.0]",,ok,8075.0,0.24897591804619879,0.2486141980625689,0.2496821969980374,115.0,1.404151404151404,cc6e9fe2a128cb1486a1b033bedb4fe496bcf21f9a90d7ce43b87b7a3f22ed74,"[0.24897591804619879, 0.2486141980625689, 0.2496821969980374]","[8075.0, 8075.0, 8075.0]",,ok,7903.0,0.08548818191047758,0.08532219100743532,0.1030979179777205,287.0,3.5042735042735043,5cd3aa824671f103363f3a72dd3f2714cabe5ae7481849afd88d2e9a921200d3,"[0.1030979179777205, 0.08532219100743532, 0.08548818191047758]","[7903.0, 7903.0, 7903.0]",,8075.0,SVL,TRF,SVL,ok
pw05_100.1,rudy,100,2475,8045,2,2000,1,cuda:6,ok,0.0,0.203213638975285,0.20271856198087335,0.20367409300524741,8045.0,100.0,cd00e292c5970d3c5e2f0ffa5171e555bc46bfc4faddfb4a418b6840b86e79a3,"[0.20367409300524741, 0.203213638975285, 0.20271856198087335]","[0.0, 0.0, 0.0]",,ok,7931.0,0.25644703302532434,0.2560170270735398,0.257963213021867,114.0,1.4170292106898694,ad170f6287ab5fdbb3464814f6c33a051e0cad3e275a912a4ea22ac4d9b0fb5a,"[0.257963213021867, 0.2560170270735398, 0.25644703302532434]","[7928.0, 7928.0, 7931.0]",,ok,7673.0,0.10334935504943132,0.08574243797920644,0.11217842204496264,372.0,4.623990055935364,264c8eea42388f6184661771d4ae14cd8fbff7718dfbe819d6bed637d577d12c,"[0.11217842204496264, 0.10334935504943132, 0.08574243797920644]","[7673.0, 7673.0, 7673.0]",,7931.0,SVL,TRF,SVL,ok
pw05_100.2,rudy,100,2475,8039,2,2000,1,cuda:1,ok,0.0,0.1983951849397272,0.19803933193907142,0.19904441293329,8039.0,100.0,80f93e8c7d0e1e083e6aab0b073011d858d092951eb4bb2d595cd43173e04704,"[0.19803933193907142, 0.19904441293329, 0.1983951849397272]","[0.0, 0.0, 0.0]",,ok,7914.0,0.24922047392465174,0.24896112899295986,0.24930059898179024,125.0,1.554919766140067,022b1cfcc78e8a93e37d8049f14f3b7167ccc2565834f5c4e0b384836381bf24,"[0.24922047392465174, 0.24896112899295986, 0.24930059898179024]","[7914.0, 7914.0, 7914.0]",,ok,7625.0,0.08530701801646501,0.08509690593928099,0.08538408693857491,414.0,5.149894265455902,8b99f66d0d74bb3d849e3c8a18de6ef3b78b008eac14853a61f7b86219e4fe66,"[0.08509690593928099, 0.08538408693857491, 0.08530701801646501]","[7625.0, 7625.0, 7625.0]",,7914.0,SVL,TRF,SVL,ok
pw05_100.3,rudy,100,2475,8139,2,2000,1,cuda:5,ok,0.0,0.19185888499487191,0.191150126978755,0.19256784801837057,8139.0,100.0,80f93e8c7d0e1e083e6aab0b073011d858d092951eb4bb2d595cd43173e04704,"[0.19256784801837057, 0.19185888499487191, 0.191150126978755]","[0.0, 0.0, 0.0]",,ok,7952.0,0.2422449040459469,0.24191183899529278,0.2425573420478031,187.0,2.297579555227915,23a1180c386f40dd369b4f1daab6fb2127f8871c71bc7b2c8bff262b65e6b692,"[0.2425573420478031, 0.2422449040459469, 0.24191183899529278]","[7952.0, 7952.0, 7952.0]",,ok,7755.0,0.09201312193181366,0.08537148497998714,0.10471700795460492,384.0,4.718024327312937,5858c2679d07d79243b3c19b3a528adfbf122a1c1a3d620420415bfd59902701,"[0.10471700795460492, 0.09201312193181366, 0.08537148497998714]","[7755.0, 7755.0, 7755.0]",,7952.0,SVL,TRF,SVL,ok
pw05_100.4,rudy,100,2475,8125,2,2000,1,cuda:7,ok,0.0,0.19270073203369975,0.19241106195840985,0.19335330103058368,8125.0,100.0,cd00e292c5970d3c5e2f0ffa5171e555bc46bfc4faddfb4a418b6840b86e79a3,"[0.19270073203369975, 0.19335330103058368, 0.19241106195840985]","[0.0, 0.0, 0.0]",,ok,7982.0,0.24148664204403758,0.24143567297142,0.24199426104314625,143.0,1.76,9111536d9f54d1cac017f3e5a5a9d7bf784d7662ed37ba13adeac926b2ef717e,"[0.24148664204403758, 0.24199426104314625, 0.24143567297142]","[7982.0, 7982.0, 7982.0]",,ok,7721.0,0.08598428103141487,0.08564305189065635,0.08902923099230975,404.0,4.972307692307692,b93392ad65038af8cce1a31cd49482662f4395c965b777d0c8a5868749820622,"[0.08598428103141487, 0.08902923099230975, 0.08564305189065635]","[7721.0, 7721.0, 7721.0]",,7982.0,SVL,TRF,SVL,ok
pw05_100.5,rudy,100,2475,8169,2,2000,1,cuda:0,ok,0.0,0.30043099902104586,0.2991361760068685,0.30053427699021995,8169.0,100.0,80f93e8c7d0e1e083e6aab0b073011d858d092951eb4bb2d595cd43173e04704,"[0.2991361760068685, 0.30043099902104586, 0.30053427699021995]","[0.0, 0.0, 0.0]",,ok,8019.0,0.37445959204342216,0.3744376579998061,0.37661024706903845,150.0,1.8362100624311422,da5b48842fecc6f31d692dae0216296afc13924dbf1de5a35737d99cf35eab77,"[0.3744376579998061, 0.37661024706903845, 0.37445959204342216]","[8019.0, 8019.0, 8019.0]",,ok,7751.0,0.08842935506254435,0.08832070406060666,0.09873197705019265,418.0,5.116905373974783,f9f486aa80ba96ec2906f9624b0d1f91f7e4d1435c0fd87dc3640e4593d647c9,"[0.08832070406060666, 0.08842935506254435, 0.09873197705019265]","[7751.0, 7751.0, 7751.0]",,8019.0,SVL,TRF,SVL,ok
pw05_100.6,rudy,100,2475,8217,2,2000,1,cuda:3,ok,0.0,0.18946421204600483,0.18901440501213074,0.19208718207664788,8217.0,100.0,cd00e292c5970d3c5e2f0ffa5171e555bc46bfc4faddfb4a418b6840b86e79a3,"[0.18946421204600483, 0.18901440501213074, 0.19208718207664788]","[0.0, 0.0, 0.0]",,ok,7856.0,0.2425943760899827,0.24193102295976132,0.2428903600666672,361.0,4.3933308993549955,930d5cd8817ba29f32e42095f64135bb767a01b8388f58ee0800a2b6d717ebab,"[0.2428903600666672, 0.24193102295976132, 0.2425943760899827]","[7856.0, 7856.0, 7856.0]",,ok,7889.0,0.10248938202857971,0.08574168698396534,0.10572849202435464,328.0,3.9917244736521846,694a6c200d90ad305629b2660c0cc26e7715d707c5a55e7ce36ec1381f219ab7,"[0.10572849202435464, 0.10248938202857971, 0.08574168698396534]","[7889.0, 7889.0, 7889.0]",,7889.0,TRF,TRF,TRF,ok
pw05_100.7,rudy,100,2475,8249,2,2000,1,cuda:4,ok,0.0,0.19850513606797904,0.19768965803086758,0.19921070605050772,8249.0,100.0,cd00e292c5970d3c5e2f0ffa5171e555bc46bfc4faddfb4a418b6840b86e79a3,"[0.19768965803086758, 0.19850513606797904, 0.19921070605050772]","[0.0, 0.0, 0.0]",,ok,7939.0,0.24949580093380064,0.2485994789749384,0.24980087496805936,310.0,3.758031276518366,30e5757d5c4c0b10309dda9ca1d669441367866569beef075a8c28c42284166b,"[0.24949580093380064, 0.2485994789749384, 0.24980087496805936]","[7939.0, 7939.0, 7939.0]",,ok,7759.0,0.0843391939997673,0.08428616193123162,0.08546478906646371,490.0,5.940113953206449,879d8b7ae1d65067f238d1016c353f6cdc08cf240e73de7c17ae1ac161298e47,"[0.08546478906646371, 0.0843391939997673, 0.08428616193123162]","[7759.0, 7759.0, 7759.0]",,7939.0,SVL,TRF,SVL,ok
pw05_100.8,rudy,100,2475,8199,2,2000,1,cuda:2,ok,0.0,0.1980649259639904,0.1974863460054621,0.19994540605694056,8199.0,100.0,cd00e292c5970d3c5e2f0ffa5171e555bc46bfc4faddfb4a418b6840b86e79a3,"[0.1980649259639904, 0.1974863460054621, 0.19994540605694056]","[0.0, 0.0, 0.0]",,ok,7968.0,0.24881862697657198,0.2480591230560094,0.24945424299221486,231.0,2.8174167581412366,8dce47df9a8b99259e3f1b9ee95f61f657b2c4995faeefa551e4052f38e4cc5e,"[0.24881862697657198, 0.2480591230560094, 0.24945424299221486]","[7968.0, 7968.0, 7968.0]",,ok,7952.0,0.08564920898061246,0.08547337597701699,0.08565205195918679,247.0,3.012562507622881,ad7912271eab73814dcbed970874bb0957e45ba219e45b0d365e69146347c8e9,"[0.08564920898061246, 0.08565205195918679, 0.08547337597701699]","[7952.0, 7952.0, 7952.0]",,7968.0,SVL,TRF,SVL,ok
pw05_100.9,rudy,100,2475,8099,2,2000,1,cuda:6,ok,0.0,0.203469155007042,0.20243212394416332,0.2054221169091761,8099.0,100.0,cd00e292c5970d3c5e2f0ffa5171e555bc46bfc4faddfb4a418b6840b86e79a3,"[0.20243212394416332, 0.2054221169091761, 0.203469155007042]","[0.0, 0.0, 0.0]",,ok,7846.0,0.25556433794554323,0.25530742097180337,0.25630070292390883,253.0,3.1238424496851462,00446961f65d9e332ee25aee87686ddd2f200e75b36fc6116ba8b2994c8d183f,"[0.25530742097180337, 0.25556433794554323, 0.25630070292390883]","[7846.0, 7846.0, 7846.0]",,ok,7794.0,0.08572687301784754,0.08516421902459115,0.10705684800632298,305.0,3.7658970243239906,40f886b0882a75fd45c5c402a9c126daa9e942623f2d6fe5f0b5240a37560430,"[0.10705684800632298, 0.08572687301784754, 0.08516421902459115]","[7794.0, 7794.0, 7794.0]",,7846.0,SVL,TRF,SVL,ok
pw09_100.0,rudy,100,4455,13585,2,2000,1,cuda:1,ok,0.0,0.19812916603405029,0.19803939503617585,0.19877977401483804,13585.0,100.0,cd00e292c5970d3c5e2f0ffa5171e555bc46bfc4faddfb4a418b6840b86e79a3,"[0.19803939503617585, 0.19877977401483804, 0.19812916603405029]","[0.0, 0.0, 0.0]",,ok,13494.0,0.24963211303111166,0.24951890797819942,0.2506826160242781,91.0,0.6698564593301436,9fd2efcd6753d6cadb6ed07bebbd0d6668bb839b616b9ea128e1dee77176e3cb,"[0.2506826160242781, 0.24963211303111166, 0.24951890797819942]","[13494.0, 13494.0, 13494.0]",,ok,13258.0,0.08737149694934487,0.08677717798855156,0.09867092000786215,327.0,2.407066617592933,5a6c5989aa7376fc792ea39c8498f699bf6f57bee2b417a30ba2bea4abbb1af8,"[0.09867092000786215, 0.08737149694934487, 0.08677717798855156]","[13258.0, 13258.0, 13258.0]",,13494.0,SVL,TRF,SVL,ok
pw09_100.1,rudy,100,4455,13417,2,2000,1,cuda:5,ok,0.0,0.19127946300432086,0.18961689400020987,0.19343232898972929,13417.0,100.0,cd00e292c5970d3c5e2f0ffa5171e555bc46bfc4faddfb4a418b6840b86e79a3,"[0.18961689400020987, 0.19343232898972929, 0.19127946300432086]","[0.0, 0.0, 0.0]",,ok,13340.0,0.24100009794346988,0.2403801700565964,0.24244549998547882,77.0,0.573898785123351,726b3c89fa1ddf8c69721094f99730ea76c08031cb0def53a3bb90ccdc0539ac,"[0.24244549998547882, 0.2403801700565964, 0.24100009794346988]","[13340.0, 13340.0, 13340.0]",,ok,12980.0,0.08498602593317628,0.08473050396423787,0.08503668196499348,437.0,3.2570619363494075,422de5cbdb24f58b3f74e934bcea3a1f05a70e3cf0bb4e8e7924aa32b97ca305,"[0.08473050396423787, 0.08503668196499348, 0.08498602593317628]","[12980.0, 12980.0, 12980.0]",,13340.0,SVL,TRF,SVL,ok
pw09_100.2,rudy,100,4455,13461,2,2000,1,cuda:7,ok,0.0,0.1925806599901989,0.19239092292264104,0.19289769604802132,13461.0,100.0,cd00e292c5970d3c5e2f0ffa5171e555bc46bfc4faddfb4a418b6840b86e79a3,"[0.1925806599901989, 0.19239092292264104, 0.19289769604802132]","[0.0, 0.0, 0.0]",,ok,13310.0,0.242104402044788,0.24134524096734822,0.24215793109033257,151.0,1.121759156080529,33768a8822eae879e9efeaa44c6b7d6d71b854a843de03d171d70cc478217ce0,"[0.24215793109033257, 0.24134524096734822, 0.242104402044788]","[13310.0, 13310.0, 13310.0]",,ok,13049.0,0.09070202801376581,0.08540069696027786,0.10310288798063993,412.0,3.0606938563256816,42623f7d1310106f6703ec04b2182fbeddf136a48d92f8414bc2c52243cb260d,"[0.10310288798063993, 0.09070202801376581, 0.08540069696027786]","[13049.0, 13049.0, 13049.0]",,13310.0,SVL,TRF,SVL,ok
pw09_100.3,rudy,100,4455,13656,2,2000,1,cuda:3,ok,0.0,0.19000042404513806,0.18988545192405581,0.19000861898530275,13656.0,100.0,cd00e292c5970d3c5e2f0ffa5171e555bc46bfc4faddfb4a418b6840b86e79a3,"[0.18988545192405581, 0.19000861898530275, 0.19000042404513806]","[0.0, 0.0, 0.0]",,ok,13429.0,0.24199800402857363,0.24189075897447765,0.2427893279818818,227.0,1.6622729935559462,30ce2c10c23331a3213a1e1e6f70174aebe055e4265b4256ec5822fbaea4bfce,"[0.24189075897447765, 0.2427893279818818, 0.24199800402857363]","[13429.0, 13429.0, 13429.0]",,ok,13279.0,0.0859575979411602,0.08582506002858281,0.08645711396820843,377.0,2.7606912712360865,fb012d775150af13267092cdf0d3e4d74e32b551407f73aa0ba0ae3d14306ebd,"[0.08645711396820843, 0.0859575979411602, 0.08582506002858281]","[13279.0, 13279.0, 13279.0]",,13429.0,SVL,TRF,SVL,ok
pw09_100.4,rudy,100,4455,13514,2,2000,1,cuda:4,ok,0.0,0.1995507930405438,0.19809950003400445,0.19969374290667474,13514.0,100.0,cd00e292c5970d3c5e2f0ffa5171e555bc46bfc4faddfb4a418b6840b86e79a3,"[0.19809950003400445, 0.1995507930405438, 0.19969374290667474]","[0.0, 0.0, 0.0]",,ok,13416.0,0.2500809390330687,0.24840422696433961,0.2507667070021853,98.0,0.7251738937398253,38a1c16854373b5ac741cebcb3f7ce78f12b14458e62758ef14ff50d594e855b,"[0.24840422696433961, 0.2507667070021853, 0.2500809390330687]","[13416.0, 13416.0, 13416.0]",,ok,13025.0,0.08461394999176264,0.08449041203130037,0.08474284701514989,489.0,3.618469735089537,cb01d4897a2dcf9241b11d6da231c863e5a67e7607de00e7ac3b75e271a1e08d,"[0.08474284701514989, 0.08461394999176264, 0.08449041203130037]","[13025.0, 13025.0, 13025.0]",,13416.0,SVL,TRF,SVL,ok
pw09_100.5,rudy,100,4455,13574,2,2000,1,cuda:2,ok,0.0,0.1986712469952181,0.19757952797226608,0.19884258299134672,13574.0,100.0,cd00e292c5970d3c5e2f0ffa5171e555bc46bfc4faddfb4a418b6840b86e79a3,"[0.19884258299134672, 0.19757952797226608, 0.1986712469952181]","[0.0, 0.0, 0.0]",,ok,13428.0,0.24996877403464168,0.2491680639795959,0.25115262903273106,146.0,1.0755856785030204,eb5ed76980d8542480b1c8c63abfe67ac1f11947ef5cda8aa0f853a5bb2be0f4,"[0.24996877403464168, 0.2491680639795959, 0.25115262903273106]","[13428.0, 13428.0, 13428.0]",,ok,13053.0,0.10067671909928322,0.0890535619109869,0.14286007499322295,521.0,3.8382201267128333,a7f84e2771f01aa0f61625546b65530fb2f4a2852e5910ba4f319d2a812f8df6,"[0.10067671909928322, 0.14286007499322295, 0.0890535619109869]","[13053.0, 13053.0, 13053.0]",,13428.0,SVL,TRF,SVL,ok
pw09_100.6,rudy,100,4455,13640,2,2000,1,cuda:6,ok,0.0,0.20326937595382333,0.2023485980462283,0.2036238929722458,13640.0,100.0,cd00e292c5970d3c5e2f0ffa5171e555bc46bfc4faddfb4a418b6840b86e79a3,"[0.2036238929722458, 0.2023485980462283, 0.20326937595382333]","[0.0, 0.0, 0.0]",,ok,13473.0,0.25585174397565424,0.2554820170626044,0.2559877570020035,167.0,1.2243401759530792,0145819485fa36669875c08fb864f406ed0b2f3f69047d7e00168b16bd642b27,"[0.2554820170626044, 0.2559877570020035, 0.25585174397565424]","[13473.0, 13473.0, 13473.0]",,ok,13106.0,0.08527840103488415,0.08523179299663752,0.08572136808652431,534.0,3.9149560117302054,0109572d0456eb145770256fdf9a63d898a84be43c669d0d5a6d7051b4b42234,"[0.08572136808652431, 0.08527840103488415, 0.08523179299663752]","[13106.0, 13106.0, 13106.0]",,13473.0,SVL,TRF,SVL,ok
pw09_100.7,rudy,100,4455,13501,2,2000,1,cuda:0,ok,0.0,0.29919642000459135,0.2984690659213811,0.30067727190908045,13501.0,100.0,cd00e292c5970d3c5e2f0ffa5171e555bc46bfc4faddfb4a418b6840b86e79a3,"[0.2984690659213811, 0.30067727190908045, 0.29919642000459135]","[0.0, 0.0, 0.0]",,ok,13415.0,0.37566981511190534,0.3750557410530746,0.37690676690544933,86.0,0.6369898526035108,f7120bdac8fba7dbf791ff66b27b1e04b1a041f7104725dfe71a6e30f68a3c58,"[0.37566981511190534, 0.37690676690544933, 0.3750557410530746]","[13415.0, 13415.0, 13415.0]",,ok,13080.0,0.11816584900952876,0.08828416396863759,0.11871201009489596,421.0,3.1182875342567216,66132e9cdf235321eb62f8d8a9ab7c4d41c52c4689bd5567e4cca1953263a15d,"[0.11871201009489596, 0.11816584900952876, 0.08828416396863759]","[13080.0, 13080.0, 13080.0]",,13415.0,SVL,TRF,SVL,ok
pw09_100.8,rudy,100,4455,13593,2,2000,1,cuda:1,ok,0.0,0.19876751501578838,0.19807557901367545,0.19901167997159064,13593.0,100.0,cd00e292c5970d3c5e2f0ffa5171e555bc46bfc4faddfb4a418b6840b86e79a3,"[0.19807557901367545, 0.19901167997159064, 0.19876751501578838]","[0.0, 0.0, 0.0]",,ok,13357.0,0.2502566670300439,0.24936397501733154,0.25084218196570873,236.0,1.736187743691606,3188f9177b7eefdb65e89b6beb32146e7d2980239c8e04cd368a9dc088ab0e43,"[0.24936397501733154, 0.25084218196570873, 0.2502566670300439]","[13349.0, 13349.0, 13357.0]",,ok,13183.0,0.09238869894761592,0.08901306800544262,0.09766088705509901,410.0,3.01625836827779,e60e1a6da0c0c86f70712e617c40373c496e1cc31f4407dc70ccf8648f53bed8,"[0.09766088705509901, 0.09238869894761592, 0.08901306800544262]","[13183.0, 13183.0, 13183.0]",,13357.0,SVL,TRF,SVL,ok
pw09_100.9,rudy,100,4455,13658,2,2000,1,cuda:5,ok,0.0,0.1912937929155305,0.19095811899751425,0.19172376906499267,13658.0,100.0,cd00e292c5970d3c5e2f0ffa5171e555bc46bfc4faddfb4a418b6840b86e79a3,"[0.19095811899751425, 0.19172376906499267, 0.1912937929155305]","[0.0, 0.0, 0.0]",,ok,13432.0,0.2422040170058608,0.2400267809862271,0.24220812600106,226.0,1.6547078635232098,1f8730278ce00432f1988df8c0a20cfc59e384b1e01b6a484c6a80fc19cc057e,"[0.24220812600106, 0.2400267809862271, 0.2422040170058608]","[13432.0, 13432.0, 13432.0]",,ok,13276.0,0.10734108497854322,0.0872389329597354,0.1281102109933272,382.0,2.7968955923268415,09a8c4622c7d64b307c9dc6630085823263cf4b9e205876ca294f1e3fa935602,"[0.10734108497854322, 0.1281102109933272, 0.0872389329597354]","[13276.0, 13276.0, 13276.0]",,13432.0,SVL,TRF,SVL,ok
t2g10_5555,ising,100,200,6049461,2,2000,1,cuda:5,ok,5964936.0,0.1912736640078947,0.18914637994021177,0.1963175149867311,84525.0,1.3972319186783748,16fff7715655263b573f5744fababc12d6297ed21fe1f90c227fb7254514fbe1,"[0.18914637994021177, 0.1912736640078947, 0.1963175149867311]","[5964936.0, 5964936.0, 5964936.0]",,ok,-199913.0,0.23997683904599398,0.23951909795869142,0.24184450798202306,6249374.0,103.30464152095534,2f6e765f9b6cc359ecc0f81226e4c3f7eca134aba7973d5a40a5918034e8f485,"[0.24184450798202306, 0.23951909795869142, 0.23997683904599398]","[-199913.0, -199913.0, -199913.0]",,ok,5095879.0,0.08281247189734131,0.08271610306110233,0.0828487139660865,953582.0,15.763090298457994,23c37fa199d69257c839eecc0691c50df1d1a715f1e7ee212e2e236f62e56de3,"[0.08271610306110233, 0.0828487139660865, 0.08281247189734131]","[5095879.0, 5095879.0, 5095879.0]",,5964936.0,SBM,TRF,SBM,ok
t2g10_6666,ising,100,200,5757868,2,2000,1,cuda:4,ok,5708135.0,0.20160808495711535,0.1991366019938141,0.20299508201424032,49733.0,0.8637398425945159,e0bd87b387c08bf2523b092d8f950abfa3e8c58b3eecbf5aa62e714e10c151aa,"[0.20299508201424032, 0.20160808495711535, 0.1991366019938141]","[5708135.0, 5708135.0, 5708135.0]",,ok,510637.0,0.2491367020411417,0.24867029394954443,0.24965337209869176,5247231.0,91.13149172575683,70b1313994aa14bc6bda48551b33a10e291b3ebb12a6bd0f2d89e4650fa5f17c,"[0.24867029394954443, 0.24965337209869176, 0.2491367020411417]","[510637.0, 510637.0, 510637.0]",,ok,5346643.0,0.1044161890167743,0.08145607193000615,0.11732574598863721,411225.0,7.141966436187839,0d9b18cf7d91a42cee59618ff7b7746ad647a6ef4c53d52e006cf69ef13b75e9,"[0.11732574598863721, 0.1044161890167743, 0.08145607193000615]","[5346643.0, 5346643.0, 5346643.0]",,5708135.0,SBM,TRF,SBM,ok
t2g10_7777,ising,100,200,6509837,2,2000,1,cuda:7,ok,6287317.0,0.1917959910351783,0.19176456006243825,0.19264284300152212,222520.0,3.418211546617834,24813210100b119242259f18f89b76c28a5829153776873980c5ccbd18ee6652,"[0.19176456006243825, 0.19264284300152212, 0.1917959910351783]","[6287317.0, 6287317.0, 6287317.0]",,ok,-98471.0,0.24219329794868827,0.2409263509325683,0.2436884370399639,6608308.0,101.51264924144797,3b3945ee835bfbb57e3641cfcae0f4d7938455c1f8311e2c9f4176952a5e7b1f,"[0.2409263509325683, 0.24219329794868827, 0.2436884370399639]","[-98471.0, -98471.0, -98471.0]",,ok,5512019.0,0.08243820106144994,0.0822347670327872,0.08391192695125937,997818.0,15.327849222645668,04ce2d129353705a27404639148edab34d81435be63eaeaaa5c77572b1cc0b4e,"[0.08391192695125937, 0.08243820106144994, 0.0822347670327872]","[5512019.0, 5512019.0, 5512019.0]",,6287317.0,SBM,TRF,SBM,ok
t2g15_5555,ising,225,450,15051133,2,2000,1,cuda:4,ok,14583358.0,0.19862077897414565,0.1974625859875232,0.19892965501639992,467775.0,3.107905564318646,2d6ee826dd4c536ca3e4ff1a2fbf434e44a9064bb879a564e4c7d4617b3dce56,"[0.1974625859875232, 0.19892965501639992, 0.19862077897414565]","[14583358.0, 14583358.0, 14583358.0]",,ok,772443.0,0.247904654010199,0.24730207899119705,0.24910293298307806,14278690.0,94.86787473075947,d4751a318ba67ee9c4db3ec9fe08ab4ed9679bf2f91a4c19c63fac509bd4f8a8,"[0.24910293298307806, 0.247904654010199, 0.24730207899119705]","[772443.0, 772443.0, 772443.0]",,ok,13022034.0,0.0859882029471919,0.08586441411171108,0.08709488506428897,2029099.0,13.481370472242853,0e83d9f40fe7f5a31a63e5a73ad3776498c745f059ccef87b41ca6f4f12e216a,"[0.08709488506428897, 0.08586441411171108, 0.0859882029471919]","[13022034.0, 13022034.0, 13022034.0]",,14583358.0,SBM,TRF,SBM,ok
t2g15_6666,ising,225,450,15763716,2,2000,1,cuda:2,ok,15532235.0,0.19714909396134317,0.1968106220010668,0.1972971180221066,231481.0,1.4684418318624872,3178b50e2cadd00c8af1886451af2d1f44e1f26ddc84009e9d8287572b927a2c,"[0.19714909396134317, 0.1968106220010668, 0.1972971180221066]","[15532235.0, 15532235.0, 15532235.0]",,ok,2983721.0,0.24991233891341835,0.24965551402419806,0.2505101580172777,12779995.0,81.07222307227559,cfbf87250690b9c7050f09cb7e6ba894071c640d6a0b9723da491d0891c21c0c,"[0.24991233891341835, 0.24965551402419806, 0.2505101580172777]","[2983721.0, 2983721.0, 2983721.0]",,ok,13999664.0,0.1057731059845537,0.08684596605598927,0.10834456805605441,1764052.0,11.190584758060853,348f990c947d6a35a29eb640c13fd07e9e43c11441e5f2919b17ef86c9577ab5,"[0.10834456805605441, 0.1057731059845537, 0.08684596605598927]","[13999664.0, 13999664.0, 13999664.0]",,15532235.0,SBM,TRF,SBM,ok
t2g15_7777,ising,225,450,15269399,2,2000,1,cuda:5,ok,14928035.0,0.19108900404535234,0.19054816395509988,0.191335856099613,341364.0,2.2356086182566846,d9b7803fb1f46202438d06c6e09e45a0acbcf535bc98bdd06224275c8291bd52,"[0.19054816395509988, 0.191335856099613, 0.19108900404535234]","[14928035.0, 14928035.0, 14928035.0]",,ok,892934.0,0.2412995279300958,0.24027844099327922,0.24136081791948527,14376465.0,94.1521339510481,cfdcb0be753b705834656cae5483d924db1696910ab9338d15a272a3d56c849e,"[0.2412995279300958, 0.24027844099327922, 0.24136081791948527]","[892934.0, 892934.0, 892934.0]",,ok,12719869.0,0.0872747499961406,0.08714229695033282,0.08951956604141742,2549530.0,16.69698984223282,f00b2cee4b6ab5ed47d2661f76ac73253bc17dd392ba30b79cd8123815b530aa,"[0.08951956604141742, 0.0872747499961406, 0.08714229695033282]","[12719869.0, 12719869.0, 12719869.0]",,14928035.0,SBM,TRF,SBM,ok
t2g20_5555,ising,400,800,24838942,2,2000,1,cuda:5,ok,24390544.0,0.18985085003077984,0.1892559080151841,0.19612483005039394,448398.0,1.8052218166136063,2e7bd98534fa181145726c6fff5b674a091e6f6c6c053b221da6e4c33c318430,"[0.19612483005039394, 0.1892559080151841, 0.18985085003077984]","[24390544.0, 24390544.0, 24390544.0]",,ok,732040.0,0.24081922799814492,0.24062451301142573,0.242507733986713,24106902.0,97.05285353941404,bb8c37d75f9842c13eb73662b61b08a7cd47e67bbd819d675d95afbcbfe8225f,"[0.24062451301142573, 0.24081922799814492, 0.242507733986713]","[732040.0, 732040.0, 732040.0]",,ok,21363940.0,0.09003338206093758,0.08990867098327726,0.0910301860421896,3475002.0,13.99013693900489,258343232821fd7ff4da565445a15a8f77e28f10e5982e3da0a3ad85f9702e91,"[0.0910301860421896, 0.09003338206093758, 0.08990867098327726]","[21363940.0, 21363940.0, 21363940.0]",,24390544.0,SBM,TRF,SBM,ok
t2g20_6666,ising,400,800,29290570,2,2000,1,cuda:1,ok,28903671.0,0.19886757608037442,0.19849600398447365,0.19965697801671922,386899.0,1.3208995250007085,8d4003ce44ac928eecda72cb318a301f3f304df7fafed360259518c0d167cad4,"[0.19849600398447365, 0.19886757608037442, 0.19965697801671922]","[28903671.0, 28903671.0, 28903671.0]",,ok,4172304.0,0.24887124204542488,0.2479315031087026,0.25013721000868827,25118266.0,85.75547010522499,597d75029e75e0a1c62eee91f2eea35abc6121348db173926a057c4e20546881,"[0.24887124204542488, 0.2479315031087026, 0.25013721000868827]","[4172304.0, 4172304.0, 4172304.0]",,ok,25323474.0,0.10202015202958137,0.0923263649456203,0.10582850698847324,3967096.0,13.543935812788893,71545505115f4ad2f4a12f7804db89ec8f7fe27f6141b65a7c1970b613d1d3fe,"[0.10582850698847324, 0.10202015202958137, 0.0923263649456203]","[25323474.0, 25323474.0, 25323474.0]",,28903671.0,SBM,TRF,SBM,ok
t2g20_7777,ising,400,800,28349398,2,2000,1,cuda:6,ok,27976243.0,0.20259675197303295,0.20251253398600966,0.20552392199169844,373155.0,1.3162713366964618,00bd506af6cb10e075dd520037d046c1aaaa253fec7a4c9ae5e06560fdf67a1c,"[0.20259675197303295, 0.20251253398600966, 0.20552392199169844]","[27976243.0, 27976243.0, 27976243.0]",,ok,2564070.0,0.25639130594208837,0.25614532397594303,0.25655237899627537,25785328.0,90.9554693189605,aac07a3044f78afb2eb3ac1a7332e88fb55cd1eb33b3a4badeeb1eb10be17911,"[0.25614532397594303, 0.25639130594208837, 0.25655237899627537]","[2564070.0, 2564070.0, 2564070.0]",,ok,23699074.0,0.10448745603207499,0.08933253597933799,0.11237123794853687,4650324.0,16.4036075827783,9a556f949dafbff4a9f4429495dbeb6ecc47ad76fadf6e27c28512845a7f6c82,"[0.11237123794853687, 0.10448745603207499, 0.08933253597933799]","[23699074.0, 23699074.0, 23699074.0]",,27976243.0,SBM,TRF,SBM,ok
t3g5_5555,ising,125,375,10933215,2,2000,1,cuda:0,ok,10835729.0,0.3000102079240605,0.2993227180559188,0.3001027429709211,97486.0,0.8916498943814788,c9e0a460050e3ed6903d7ac95c1762ee2d9cb9fd59c131b0d0a99ee99e74fc15,"[0.2993227180559188, 0.3000102079240605, 0.3001027429709211]","[10835729.0, 10835729.0, 10835729.0]",,ok,129432.0,0.3749995520338416,0.3748238160042092,0.3760580880334601,10803783.0,98.81615791878235,56fa566363057e96ff25e038b33bb23a4d75c907a3ba649f4c13af8da85e8e6e,"[0.3760580880334601, 0.3748238160042092, 0.3749995520338416]","[129432.0, 129432.0, 129432.0]",,ok,9859651.0,0.085981376003474,0.08594238199293613,0.08598996000364423,1073564.0,9.819289202672772,60d5a6adb4ca7e13a721ea022d4e4aae236046e1e17626e1ee1f6eab9d9e826b,"[0.085981376003474, 0.08594238199293613, 0.08598996000364423]","[9859651.0, 9859651.0, 9859651.0]",,10835729.0,SBM,TRF,SBM,ok
t3g5_6666,ising,125,375,11582216,2,2000,1,cuda:7,ok,11322639.0,0.19210487289819866,0.19163617794401944,0.19262247800361365,259577.0,2.241168702086026,ef88ebfe9009cc82f5f48deaa075c2f3af16761f36ddc41376defa4ff67c816d,"[0.19163617794401944, 0.19262247800361365, 0.19210487289819866]","[11322639.0, 11322639.0, 11322639.0]",,ok,1432039.0,0.2420631820568815,0.24109314801171422,0.2421710400376469,10150177.0,87.63588073301344,886fcc6bcb89080cac28a9d080246aadfb5c66a316fbbde6f906b5e972400010,"[0.2421710400376469, 0.2420631820568815, 0.24109314801171422]","[1432039.0, 1432039.0, 1432039.0]",,ok,10712711.0,0.09443557495251298,0.08314224507194012,0.11201377597171813,869505.0,7.507242137428623,e746e8984399ddf9c2d97f95e86035428cfa3518bb98e3b1f9e579c8f1c5b693,"[0.11201377597171813, 0.09443557495251298, 0.08314224507194012]","[10712711.0, 10712711.0, 10712711.0]",,11322639.0,SBM,TRF,SBM,ok
t3g5_7777,ising,125,375,11552046,2,2000,1,cuda:3,ok,11543850.0,0.18917445105034858,0.18898907001130283,0.18936462397687137,8196.0,0.07094847094618564,12d147af4f6cccb833a2228381b305df6f47bd1a3622e817612465e2b1db0fac,"[0.18936462397687137, 0.18917445105034858, 0.18898907001130283]","[11543850.0, 11543850.0, 11543850.0]",,ok,1518764.0,0.2419176499824971,0.24163958593271673,0.24198418308515102,10033282.0,86.85285706099162,6773b3b4e8a482239dda80e1738c09ba157e75c1c91919f4dfee0de92bb38703,"[0.24163958593271673, 0.24198418308515102, 0.2419176499824971]","[1518764.0, 1518764.0, 1518764.0]",,ok,9939166.0,0.1003416869789362,0.08402776205912232,0.10707827704027295,1612880.0,13.96185576130843,47d517c8823447083d1b0953afec238dae151d6773da07d99fb451e40378ef32,"[0.10707827704027295, 0.1003416869789362, 0.08402776205912232]","[9939166.0, 9939166.0, 9939166.0]",,11543850.0,SBM,TRF,SBM,ok
t3g6_5555,ising,216,648,17434469,2,2000,1,cuda:6,ok,17274784.0,0.20229394198395312,0.20216467196587473,0.20295898104086518,159685.0,0.915915477551969,d6b73563d7e8424212bdd65a4ae68631bd1865c21794ffeb3e13e6bc9c73f6fe,"[0.20216467196587473, 0.20229394198395312, 0.20295898104086518]","[17274784.0, 17274784.0, 17274784.0]",,ok,-917699.0,0.25460118299815804,0.25455685099586844,0.25460638699587435,18352168.0,105.26370490549498,dbc2ac2c23af8cb88f26a201dd41ac5db89810b2b84f9d7a72dd368959703008,"[0.25455685099586844, 0.25460118299815804, 0.25460638699587435]","[-917699.0, -917699.0, -917699.0]",,ok,14115461.0,0.08628026791848242,0.08619039098266512,0.08687684498727322,3319008.0,19.037046668871877,929055fb2075e00a751884ad4cfc844003280acc7617ee3345d51b2997083444,"[0.08687684498727322, 0.08628026791848242, 0.08619039098266512]","[14115461.0, 14115461.0, 14115461.0]",,17274784.0,SBM,TRF,SBM,ok
t3g6_6666,ising,216,648,20217380,2,2000,1,cuda:7,ok,19891083.0,0.19213341199792922,0.19201917108148336,0.19229393894784153,326297.0,1.613943052957406,75e513b073addf260d29f08141cf1a74af283235773a63601cd4e35722b24f18,"[0.19201917108148336, 0.19229393894784153, 0.19213341199792922]","[19891083.0, 19891083.0, 19891083.0]",,ok,3448414.0,0.24224530905485153,0.24113122699782252,0.24293218995444477,16768966.0,82.94331906508162,006caf46371515eb8f09529d3a83ddd03dc7850bf7f280aa7a85fe4157edecf2,"[0.24113122699782252, 0.24293218995444477, 0.24224530905485153]","[3448414.0, 3448414.0, 3448414.0]",,ok,17466403.0,0.09835523401852697,0.08681981498375535,0.10540617199148983,2750977.0,13.606990618962497,042d61c70dbe8c09b832ca9f8bc43bc1af45f3d79727d8392305967ca30a41b7,"[0.10540617199148983, 0.09835523401852697, 0.08681981498375535]","[17466403.0, 17466403.0, 17466403.0]",,19891083.0,SBM,TRF,SBM,ok
t3g6_7777,ising,216,648,19475011,2,2000,1,cuda:3,ok,19397574.0,0.1899424020666629,0.189388197963126,0.1911976650590077,77437.0,0.39762236848030535,6a1c3bd1710c56365a3f35e37ec3d3370239ac736ac340098622367f8a1dab22,"[0.1911976650590077, 0.189388197963126, 0.1899424020666629]","[19397574.0, 19397574.0, 19397574.0]",,ok,1229152.0,0.24179617990739644,0.2416587600018829,0.24324328906368464,18245859.0,93.688568391566,7b0cf8e774b225ffff3fe5baae8efcc1031b6269bd7527627e86f308fb61bdda,"[0.2416587600018829, 0.24324328906368464, 0.24179617990739644]","[1229152.0, 1229152.0, 1229152.0]",,ok,16860008.0,0.09717363095842302,0.08705132198520005,0.10486382793169469,2615003.0,13.427478936982371,b5fdd7a528c28ab6b203ed85060842b2d6e69e96c5c3a11c17d2677e14f82457,"[0.10486382793169469, 0.09717363095842302, 0.08705132198520005]","[16860008.0, 16860008.0, 16860008.0]",,19397574.0,SBM,TRF,SBM,ok
t3g7_5555,ising,343,1029,28302918,2,2000,1,cuda:4,ok,27776765.0,0.19854893197771162,0.19739700492937118,0.19859491102397442,526153.0,1.8590061985834818,fb4c5f4c6a676c1d5726719fb213fee18662a4ff11574f71fe9f1844b8a49c13,"[0.19854893197771162, 0.19859491102397442, 0.19739700492937118]","[27776765.0, 27776765.0, 27776765.0]",,ok,668268.0,0.24783995398320258,0.24772386404220015,0.25448331399820745,27634650.0,97.63887243004415,a8fd686f140359aa32be1ba5fbf58873cf96dbd1d9d748a48de86461bdb7f93c,"[0.25448331399820745, 0.24772386404220015, 0.24783995398320258]","[668268.0, 668268.0, 668268.0]",,ok,23928205.0,0.0884997840039432,0.088268379913643,0.09036438795737922,4374713.0,15.45675608430198,6db26c5f8407d2dacaf2832e2496720402bca09641adbc01df351e973df772ab,"[0.09036438795737922, 0.0884997840039432, 0.088268379913643]","[23928205.0, 23928205.0, 23928205.0]",,27776765.0,SBM,TRF,SBM,ok
t3g7_6666,ising,343,1029,33611981,2,2000,1,cuda:0,ok,33513751.0,0.30195021291729063,0.2995564159937203,0.30572456191293895,98230.0,0.29224698181282444,89f91e9634f2bd9a18531f524409680c24189af01d2ffee21f6aad50068e5494,"[0.30195021291729063, 0.2995564159937203, 0.30572456191293895]","[33513751.0, 33513751.0, 33513751.0]",,ok,6007974.0,0.37647466792259365,0.3746126398909837,0.376699527958408,27604007.0,82.12549864287975,4fc034114e17d377fc892a492c4c851c45a5e02bc89a81452babaf9a5e6ad345,"[0.3746126398909837, 0.376699527958408, 0.37647466792259365]","[6007974.0, 6007974.0, 6007974.0]",,ok,25625156.0,0.09220020100474358,0.0916681409580633,0.1255813370225951,7986825.0,23.76183956548113,2c870916c037a59576075b389d42ff756b10665af7e2221ddf03105e370f5f3e,"[0.1255813370225951, 0.09220020100474358, 0.0916681409580633]","[25625156.0, 25625156.0, 25625156.0]",,33513751.0,SBM,TRF,SBM,ok
t3g7_7777,ising,343,1029,29118445,2,2000,1,cuda:2,ok,28914651.0,0.1966652220580727,0.1961541490163654,0.19937513896729797,203794.0,0.6998794063350567,e74b7748d897eda079eb26acce0fb01cfcb90a16f4e539118f3f036778b86d88,"[0.1961541490163654, 0.19937513896729797, 0.1966652220580727]","[28914651.0, 28914651.0, 28914651.0]",,ok,-299851.0,0.24942765606101602,0.24942589888814837,0.2547023600200191,29418296.0,101.0297630934619,529356dcbac7f119c83ddc47449e1e8b9e4ed6341d2b44a7269a425d1ec5c4c3,"[0.24942589888814837, 0.24942765606101602, 0.2547023600200191]","[-299851.0, -299851.0, -299851.0]",,ok,23212253.0,0.1029783699195832,0.08919740899000317,0.10638890403788537,5906192.0,20.283335871815957,3fdc44ca84e7ba9b010504c9565f22bb02c2ba3d1d754b63ec6de3be79a825ac,"[0.10638890403788537, 0.1029783699195832, 0.08919740899000317]","[23212253.0, 23212253.0, 23212253.0]",,28914651.0,SBM,TRF,SBM,ok
w01_100.0,rudy,100,495,651,2,2000,1,cuda:7,ok,651.0,0.19238089700229466,0.19229962502140552,0.19325571495573968,0.0,0.0,a8f29e855b5b64bcef08fc521f658289ea76c220a30e9131a90376fca6ebe911,"[0.19325571495573968, 0.19229962502140552, 0.19238089700229466]","[651.0, 651.0, 651.0]",,ok,579.0,0.24112343892920762,0.24087519105523825,0.2413493770873174,72.0,11.059907834101383,77a6c578607d5a927676f0eaccd5e144e6c7d5e1e4812f7d7595df3ce77a7def,"[0.24112343892920762, 0.2413493770873174, 0.24087519105523825]","[579.0, 579.0, 579.0]",,ok,459.0,0.08399166900198907,0.08391177002340555,0.0844115000218153,192.0,29.493087557603687,31c5abc995a2b8b828761646427f78769b44a372833bf08e29a7015d78da6e99,"[0.0844115000218153, 0.08399166900198907, 0.08391177002340555]","[459.0, 459.0, 459.0]",,651.0,SBM,TRF,SBM,ok
w01_100.1,rudy,100,495,719,2,2000,1,cuda:3,ok,719.0,0.18876819999422878,0.18849822005722672,0.18995147000532597,0.0,0.0,69ea66677dc54e4215a18bce4d4fbeef528d57b4ad8a8b5799b351ea0cdab84e,"[0.18995147000532597, 0.18849822005722672, 0.18876819999422878]","[719.0, 719.0, 719.0]",,ok,648.0,0.24114831304177642,0.24099444097373635,0.2412824280327186,71.0,9.874826147426981,c01ae2ba78403ab859e1ea8cae5b4bf7bbec1d4a6312ffacef0c53e3373f8c4b,"[0.24099444097373635, 0.2412824280327186, 0.24114831304177642]","[648.0, 648.0, 648.0]",,ok,516.0,0.08413390803616494,0.08393244701437652,0.08512445201631635,203.0,28.2336578581363,bc97ad668b03247e45d09d7da49891428ebf688e75313e08544b4285f4f8fd2a,"[0.08512445201631635, 0.08413390803616494, 0.08393244701437652]","[516.0, 516.0, 516.0]",,719.0,SBM,TRF,SBM,ok
w01_100.2,rudy,100,495,676,2,2000,1,cuda:4,ok,667.0,0.19848323892802,0.19650178996380419,0.1989658260717988,9.0,1.331360946745562,b40b92b5c509a299ec43b2e5a3234727674243f51b7d84e7cb69d55e3de536de,"[0.19650178996380419, 0.19848323892802, 0.1989658260717988]","[667.0, 667.0, 667.0]",,ok,654.0,0.2479435820132494,0.24766205507330596,0.2497398479608819,22.0,3.2544378698224854,4a8ce6a2145b8d91f63be264f8b388ad98cec0929f1a8397843484042bd1c299,"[0.2479435820132494, 0.24766205507330596, 0.2497398479608819]","[654.0, 654.0, 654.0]",,ok,518.0,0.0908179449616,0.08287258900236338,0.10899042396340519,158.0,23.37278106508876,b922c20a9cc6d100ef6b2149f386585112ba2838ebc885cc1b73e199f1f90a06,"[0.10899042396340519, 0.0908179449616, 0.08287258900236338]","[518.0, 518.0, 518.0]",,667.0,SBM,TRF,SBM,ok
w01_100.3,rudy,100,495,813,2,2000,1,cuda:2,ok,813.0,0.19686892803292722,0.19636913295835257,0.19754797604400665,0.0,0.0,1a2390de6d5326c7b844198b587cf29530ba980a75b9de97df4a7703c013d682,"[0.19636913295835257, 0.19754797604400665, 0.19686892803292722]","[813.0, 813.0, 813.0]",,ok,804.0,0.2490443909773603,0.24655762396287173,0.25449405994731933,9.0,1.1070110701107012,24200f85bb6bb69b7e0b20f44487a0348a3ca8894fa77bbcb2e3e7d9cbc10b08,"[0.24655762396287173, 0.2490443909773603, 0.25449405994731933]","[804.0, 804.0, 804.0]",,ok,761.0,0.08406905306037515,0.08380974899046123,0.08450161397922784,52.0,6.396063960639607,637fe2c1871218258648ecc91d15da6f7763061e395180cef898b0064a35cec0,"[0.08450161397922784, 0.08406905306037515, 0.08380974899046123]","[761.0, 761.0, 761.0]",,813.0,SBM,TRF,SBM,ok
w01_100.4,rudy,100,495,668,2,2000,1,cuda:6,ok,668.0,0.2021269149845466,0.20149708399549127,0.20240048796404153,0.0,0.0,6086acb57f6c2771ba8e41900e55036034c921abb708d6ef897461cb5329ba75,"[0.20240048796404153, 0.20149708399549127, 0.2021269149845466]","[668.0, 668.0, 668.0]",,ok,614.0,0.2559964540414512,0.2549070679815486,0.2570478580892086,54.0,8.083832335329342,a593ae3ce3d0c8a24400846800c445a8675ff9e6699ec9a839312c96e805d232,"[0.2549070679815486, 0.2570478580892086, 0.2559964540414512]","[614.0, 614.0, 614.0]",,ok,536.0,0.10496094496920705,0.08403370797168463,0.10714532900601625,132.0,19.760479041916167,b18eb758b7c215c65b69cb7074f39e1820c1ead726120eb8dc5438e6c6ada6df,"[0.10714532900601625, 0.10496094496920705, 0.08403370797168463]","[536.0, 536.0, 536.0]",,668.0,SBM,TRF,SBM,ok
w01_100.5,rudy,100,495,643,2,2000,1,cuda:1,ok,643.0,0.1977129839360714,0.19737264700233936,0.19813406292814761,0.0,0.0,441d42f983d77a5ed9bdfb2b9ff9ed835a7f54fa6a8c0d1ae5dcaf5bf5cbaec6,"[0.19737264700233936, 0.19813406292814761, 0.1977129839360714]","[643.0, 643.0, 643.0]",,ok,620.0,0.24885616009123623,0.24884675594512373,0.2501173180062324,23.0,3.576982892690513,3e15f78ddbb5b62fe338d2e47ff840b03f60bf979616bd09aa0dde735988bce2,"[0.24885616009123623, 0.2501173180062324, 0.24884675594512373]","[620.0, 620.0, 620.0]",,ok,458.0,0.08419382502324879,0.08400146698113531,0.08619882399216294,185.0,28.771384136858476,8d17802e2c5c74e1f92485693657862818013b6caa86316514a4e785fbacdc1e,"[0.08619882399216294, 0.08419382502324879, 0.08400146698113531]","[458.0, 458.0, 458.0]",,643.0,SBM,TRF,SBM,ok
w01_100.6,rudy,100,495,654,2,2000,1,cuda:5,ok,654.0,0.18999320804141462,0.18942756194155663,0.1913029809948057,0.0,0.0,71d51e32bad08ddeec4ec1f034f474bd641889959150884905a9fb35fb9e4073,"[0.18942756194155663, 0.18999320804141462, 0.1913029809948057]","[654.0, 654.0, 654.0]",,ok,592.0,0.2406469149282202,0.2397843599319458,0.24799428705591708,62.0,9.480122324159021,5b14c7ca315de66dfc03d1cfd7e80acd112977c9cfd3bb9da7911f8f56b00085,"[0.24799428705591708, 0.2397843599319458, 0.2406469149282202]","[592.0, 592.0, 592.0]",,ok,500.0,0.08422850701026618,0.08399927301798016,0.08514557301532477,154.0,23.547400611620795,e5c04900eac3bc42478cd7dfec144203fbaf9bca1455af90146dabcdbc2d8b98,"[0.08514557301532477, 0.08422850701026618, 0.08399927301798016]","[500.0, 500.0, 500.0]",,654.0,SBM,TRF,SBM,ok
w01_100.7,rudy,100,495,725,2,2000,1,cuda:7,ok,725.0,0.19236060790717602,0.19193291605915874,0.19458884792402387,0.0,0.0,be58f4cd5777e64bd798b65afe6b1706aa72c54acf2e7f502a1be53b88c31992,"[0.19458884792402387, 0.19236060790717602, 0.19193291605915874]","[725.0, 725.0, 725.0]",,ok,664.0,0.2415514870081097,0.24143793794792145,0.24212770792655647,61.0,8.413793103448276,16479a23230d8ccad761cab30f2bf571aca3c9c41e89de8a9a37e9519ba2d26f,"[0.24143793794792145, 0.2415514870081097, 0.24212770792655647]","[664.0, 664.0, 664.0]",,ok,534.0,0.10139219497796148,0.08327015198301524,0.10289704496972263,191.0,26.344827586206897,b03ae55405a81ec18420e5cd6999409aaf8aca691e9cae3caea4e24c5783ca91,"[0.10289704496972263, 0.10139219497796148, 0.08327015198301524]","[534.0, 534.0, 534.0]",,725.0,SBM,TRF,SBM,ok
w01_100.8,rudy,100,495,721,2,2000,1,cuda:0,ok,714.0,0.29961408604867756,0.2995319940382615,0.30164351395796984,7.0,0.970873786407767,f1d8342497350342529c720f3c5e5cff993b05feae84c9f5f0ee67b8444ef715,"[0.30164351395796984, 0.29961408604867756, 0.2995319940382615]","[714.0, 714.0, 714.0]",,ok,680.0,0.37681053893174976,0.3754276760155335,0.381515808054246,41.0,5.6865464632454925,d927805fd4478086905ce33920fcdd61e77992e3f0715afc9abb7bd80e34d06e,"[0.381515808054246, 0.37681053893174976, 0.3754276760155335]","[680.0, 680.0, 680.0]",,ok,546.0,0.09567045606672764,0.08660320995841175,0.11734388896729797,175.0,24.271844660194176,57d12cd72adb3e6ba98f8e4b01a70c4bc36778a1ceab485bbf916347d15cb318,"[0.11734388896729797, 0.09567045606672764, 0.08660320995841175]","[546.0, 546.0, 546.0]",,714.0,SBM,TRF,SBM,ok
w01_100.9,rudy,100,495,729,2,2000,1,cuda:3,ok,729.0,0.18834306695498526,0.187988884979859,0.18848953093402088,0.0,0.0,02b7f31172fd74583e839bbe5714a22168c87a708acd452db8d92fbe935948ad,"[0.18834306695498526, 0.18848953093402088, 0.187988884979859]","[729.0, 729.0, 729.0]",,ok,666.0,0.24081589200068265,0.24040813907049596,0.24138367595151067,63.0,8.641975308641975,25fe2e5f6cde1143efc3e7656e815d391011e46cbe92b81f98a0795b7fe0fa35,"[0.24138367595151067, 0.24040813907049596, 0.24081589200068265]","[666.0, 666.0, 666.0]",,ok,532.0,0.08439168496988714,0.08428391092456877,0.0843958699842915,197.0,27.023319615912207,e9946dc858032fd2595370991c9dffc87ee26eec5d26bd7ae9d7ff02dd2f26a7,"[0.0843958699842915, 0.08428391092456877, 0.08439168496988714]","[532.0, 532.0, 532.0]",,729.0,SBM,TRF,SBM,ok
w05_100.0,rudy,100,2475,1646,2,2000,1,cuda:4,ok,1635.0,0.20008704299107194,0.19784962804988027,0.2067268710816279,11.0,0.6682867557715675,f38478fd905e1b3d5f1f91bb299add7c8c7960bdd2ae6fc2ddfbd2df7389b2f5,"[0.2067268710816279, 0.19784962804988027, 0.20008704299107194]","[1635.0, 1635.0, 1635.0]",,ok,1222.0,0.24958840594626963,0.24801167007535696,0.2526922490214929,424.0,25.759416767922236,aba5a02dfd75d7abeaaabeadc2f318b656e47271d4309e71aec38c8579906404,"[0.24801167007535696, 0.24958840594626963, 0.2526922490214929]","[1222.0, 1222.0, 1222.0]",,ok,1246.0,0.08506870607379824,0.08404639305081218,0.10548812104389071,400.0,24.30133657351154,3d5a9a1f7be97040984ebd751ebd0f97b68270a9f7529c0339dd65fc8b7eb86f,"[0.10548812104389071, 0.08506870607379824, 0.08404639305081218]","[1246.0, 1246.0, 1246.0]",,1635.0,SBM,TRF,SBM,ok
w05_100.1,rudy,100,2475,1606,2,2000,1,cuda:2,ok,1606.0,0.19734356994740665,0.1973277609795332,0.19751114305108786,0.0,0.0,3e21d77326e323c89cb779d45ec624e85fa86942798e7fed6f40f2c178414df7,"[0.19734356994740665, 0.1973277609795332, 0.19751114305108786]","[1606.0, 1606.0, 1606.0]",,ok,1063.0,0.2495184070430696,0.2493265940574929,0.25054184300825,543.0,33.8107098381071,d707e98d3140155aeb53a602ab09d1020d95e733ee88db242012f354422dd5bb,"[0.2493265940574929, 0.2495184070430696, 0.25054184300825]","[1063.0, 1063.0, 1063.0]",,ok,1316.0,0.08699079800862819,0.08594877296127379,0.10959698900114745,290.0,18.05728518057285,04555b11dcf45f4b9f62c73c78e9b1f7b1622044f755edba108dc1e47e7461c6,"[0.10959698900114745, 0.08699079800862819, 0.08594877296127379]","[1316.0, 1316.0, 1316.0]",,1606.0,SBM,TRF,SBM,ok
w05_100.2,rudy,100,2475,1902,2,2000,1,cuda:6,ok,1902.0,0.2031040529254824,0.20302639808505774,0.20335897302720696,0.0,0.0,19ffd8048e533df866d19162921302eba8641e33b942f2902f032a16fc997375,"[0.20302639808505774, 0.2031040529254824, 0.20335897302720696]","[1902.0, 1902.0, 1902.0]",,ok,1285.0,0.25617017096374184,0.2549238179344684,0.25778959097806364,617.0,32.43953732912723,880b72e933e4882b632ae8eadfed8fb9215d7c5a0f2bab23bc5e2b7282e461c9,"[0.25617017096374184, 0.2549238179344684, 0.25778959097806364]","[1275.0, 1285.0, 1253.0]",,ok,1378.0,0.08480308600701392,0.0847863620147109,0.09319599496666342,524.0,27.549947423764458,282dcf9718bb570307151d110272de49aa49a304aea83f2ab80d2ea4a3ec8c39,"[0.09319599496666342, 0.08480308600701392, 0.0847863620147109]","[1378.0, 1378.0, 1378.0]",,1902.0,SBM,TRF,SBM,ok
w05_100.3,rudy,100,2475,1627,2,2000,1,cuda:1,ok,1627.0,0.19819602800998837,0.19815504597499967,0.19873560103587806,0.0,0.0,78f3efe93625b4549fa46454e040a131f492200b26446b4fdbaa8de6e7a12e0a,"[0.19873560103587806, 0.19819602800998837, 0.19815504597499967]","[1627.0, 1627.0, 1627.0]",,ok,1054.0,0.24953290401026607,0.24898951302748173,0.24964698706753552,573.0,35.21819299323909,a754afa722b4b15acf30f65c0627cdee00ef2e54c33891f619c74193817b22dc,"[0.24953290401026607, 0.24964698706753552, 0.24898951302748173]","[1054.0, 1054.0, 1054.0]",,ok,1298.0,0.09388503502123058,0.0891540409065783,0.0958526610629633,329.0,20.221266133988937,f66c10b559d302944eb48036a2a3fa66194c6ef38d4e60e6f296580f576bcba3,"[0.09388503502123058, 0.0958526610629633, 0.0891540409065783]","[1298.0, 1298.0, 1298.0]",,1627.0,SBM,TRF,SBM,ok
w05_100.4,rudy,100,2475,1546,2,2000,1,cuda:5,ok,1546.0,0.19091427803505212,0.1904301600297913,0.19121730094775558,0.0,0.0,9e280c9ef339233b258592a09e737b2a18dd2522017bfdb91f8c22fdc917d97a,"[0.19121730094775558, 0.19091427803505212, 0.1904301600297913]","[1546.0, 1546.0, 1546.0]",,ok,996.0,0.24261992203537375,0.2416867099236697,0.24512509198393673,550.0,35.57567917205692,d86a95e20d5d6f77a524b1be176471165e69a5c454c40f987cbfb35cf4c6030d,"[0.24261992203537375, 0.24512509198393673, 0.2416867099236697]","[996.0, 996.0, 996.0]",,ok,1249.0,0.10489119996782392,0.08541056700050831,0.10654020996298641,297.0,19.210866752910736,a8c0b97c8d073bafb56495e7c0075a1e2cee26b71d7dc15e8d79a5704fa92d2a,"[0.10654020996298641, 0.10489119996782392, 0.08541056700050831]","[1249.0, 1249.0, 1249.0]",,1546.0,SBM,TRF,SBM,ok
w05_100.5,rudy,100,2475,1581,2,2000,1,cuda:7,ok,1581.0,0.19257309194654226,0.1923184129409492,0.1925846579251811,0.0,0.0,c6720a21e3a8767f69299979bd6c9cfe4c356a623e82b83e10e2de0dabfcbcfa,"[0.19257309194654226, 0.1923184129409492, 0.1925846579251811]","[1581.0, 1581.0, 1581.0]",,ok,1378.0,0.24256285896990448,0.24171422503422946,0.2440840620547533,203.0,12.839974699557242,d46b37e9343659299d9ce5ce8a6405022c6a70ec5e979257149d989b34e0943b,"[0.2440840620547533, 0.24171422503422946, 0.24256285896990448]","[1341.0, 1378.0, 1341.0]",,ok,1262.0,0.08509390894323587,0.08492765598930418,0.0851685480447486,319.0,20.177103099304237,a9f7222f5e600b367796619e2cff6649f8f4747c630b59cb9b978237cbf83f34,"[0.08492765598930418, 0.08509390894323587, 0.0851685480447486]","[1262.0, 1262.0, 1262.0]",,1581.0,SBM,TRF,SBM,ok
w05_100.6,rudy,100,2475,1479,2,2000,1,cuda:3,ok,1479.0,0.18912273494061083,0.1887746340362355,0.19103375205304474,0.0,0.0,7436b034630e5965f5d3391f9918915f53dcb90a4cc89edd8fba1ec6398ef39c,"[0.1887746340362355, 0.19103375205304474, 0.18912273494061083]","[1479.0, 1479.0, 1479.0]",,ok,1067.0,0.2431335609871894,0.24266447604168206,0.24340713501442224,412.0,27.85665990534145,63b159aaa5ae1580817cd29ca7058fe0340750314a94b50a61c3896fb452bb82,"[0.24340713501442224, 0.2431335609871894, 0.24266447604168206]","[1067.0, 1067.0, 1067.0]",,ok,889.0,0.09651405806653202,0.08679448394104838,0.10839601699262857,590.0,39.89181879648411,19a2bd5c4182fa82937648b6faaf92a2577004afaa0e47320e0627b03e0d78c4,"[0.10839601699262857, 0.09651405806653202, 0.08679448394104838]","[889.0, 889.0, 889.0]",,1479.0,SBM,TRF,SBM,ok
w05_100.7,rudy,100,2475,1987,2,2000,1,cuda:4,ok,1968.0,0.19797285099048167,0.19710382795892656,0.1986184970010072,19.0,0.9562154001006542,a3852206b4a8d0c517050ddd3ed7f5ba9668f8105e4ba61cbe54426fca66cb60,"[0.1986184970010072, 0.19710382795892656, 0.19797285099048167]","[1968.0, 1968.0, 1968.0]",,ok,1506.0,0.2491522760828957,0.24858089501503855,0.24922523403074592,481.0,24.20734776044288,252ad58e44167b30d5916d242ad23e263b13ccd90ca7b3af9bd7a81d055fdc38,"[0.2491522760828957, 0.24922523403074592, 0.24858089501503855]","[1506.0, 1506.0, 1506.0]",,ok,1729.0,0.08472718892153352,0.0841859249630943,0.08501488994807005,258.0,12.984398590840463,62effc94a50abfb0537222da40ffd3705c27c37cac17bf846259efa44d8ec83a,"[0.08501488994807005, 0.0841859249630943, 0.08472718892153352]","[1729.0, 1729.0, 1729.0]",,1968.0,SBM,TRF,SBM,ok
w05_100.8,rudy,100,2475,1311,2,2000,1,cuda:2,ok,1311.0,0.19710385391954333,0.19671589508652687,0.19717355293687433,0.0,0.0,76f8dbcaf4f836001dbc5f6bb71d39e120a7f2df1890bac62891052762ab1ee8,"[0.19671589508652687, 0.19717355293687433, 0.19710385391954333]","[1311.0, 1311.0, 1311.0]",,ok,875.0,0.2484243040671572,0.24757203494664282,0.24978237506002188,436.0,33.25705568268497,8760f1c947390d5dab984348dab35a854e1a614592bee82fe2be2f2653ae8fb6,"[0.24978237506002188, 0.24757203494664282, 0.2484243040671572]","[875.0, 875.0, 875.0]",,ok,991.0,0.08482977095991373,0.08466269006021321,0.08562256605364382,320.0,24.40884820747521,8542eb3232f195212861b7c6df0d5f3b06cdc366a8a5e3a3ade4a6a4d189aa4e,"[0.08562256605364382, 0.08482977095991373, 0.08466269006021321]","[991.0, 991.0, 991.0]",,1311.0,SBM,TRF,SBM,ok
w05_100.9,rudy,100,2475,1752,2,2000,1,cuda:0,ok,1752.0,0.299392594024539,0.29902501101605594,0.29945088597014546,0.0,0.0,b6dbade38b9b47f860c8cae585e13d25a11ac1f2030198a567673c9899daf68d,"[0.29945088597014546, 0.299392594024539, 0.29902501101605594]","[1752.0, 1752.0, 1752.0]",,ok,1263.0,0.3749193010153249,0.37437733507249504,0.3754035090096295,489.0,27.910958904109588,99d0d77e52bc0d4c33cde5cc51cc9de4e94c09893e92649bde8a60a713828867,"[0.3749193010153249, 0.3754035090096295, 0.37437733507249504]","[1263.0, 1263.0, 1263.0]",,ok,1226.0,0.09092966699972749,0.0879204620141536,0.11944488796871156,526.0,30.022831050228312,b435249980fef2c34685b6811f2d947fbbf74b01e4d772e2681e5bcfa804c88a,"[0.11944488796871156, 0.09092966699972749, 0.0879204620141536]","[1226.0, 1226.0, 1226.0]",,1752.0,SBM,TRF,SBM,ok
w09_100.0,rudy,100,4455,2121,2,2000,1,cuda:6,ok,2121.0,0.20337220700457692,0.202865201048553,0.2034062680322677,0.0,0.0,1274fb223a8b55101211dca45de66798045365c6b4c3a8b6a9e8de3f076ba9e7,"[0.2034062680322677, 0.202865201048553, 0.20337220700457692]","[2121.0, 2121.0, 2121.0]",,ok,1105.0,0.2565116010373458,0.25568540301173925,0.2581436490872875,1016.0,47.9019330504479,d23d39682a076678689d479c65549137f187baeee2e0be0759bd0a3dc5de4f1b,"[0.2565116010373458, 0.25568540301173925, 0.2581436490872875]","[1087.0, 1105.0, 1051.0]",,ok,1781.0,0.08609126601368189,0.08572658395860344,0.11009103804826736,340.0,16.03017444601603,94c56c4630828f3e0a628e907e8dac0fa4cbf893edeb70fc6aba436d1e01f0e2,"[0.11009103804826736, 0.08609126601368189, 0.08572658395860344]","[1781.0, 1781.0, 1781.0]",,2121.0,SBM,TRF,SBM,ok
w09_100.1,rudy,100,4455,2096,2,2000,1,cuda:1,ok,2081.0,0.19867613597307354,0.1986090310383588,0.19893029890954494,15.0,0.7156488549618321,6839eedee7375d679c397b33b79c3bdc37d35b80ff4acab5294b2721fcbad513,"[0.19867613597307354, 0.19893029890954494, 0.1986090310383588]","[2081.0, 2081.0, 2081.0]",,ok,1268.0,0.24980467499699444,0.24950236710719764,0.2501738710561767,828.0,39.50381679389313,f94fb068839fde34e32b94b416ebf1ce32c6fd0546312bb46226f32b4a777c33,"[0.24950236710719764, 0.24980467499699444, 0.2501738710561767]","[1185.0, 1192.0, 1268.0]",,ok,1637.0,0.08482623798772693,0.08471252408344299,0.08484016999136657,459.0,21.89885496183206,1c3ed060b5fea639709d70bd54e0a7add862b1393b4151db6da5a127ed6ca3d5,"[0.08471252408344299, 0.08484016999136657, 0.08482623798772693]","[1637.0, 1637.0, 1637.0]",,2081.0,SBM,TRF,SBM,ok
w09_100.2,rudy,100,4455,2738,2,2000,1,cuda:5,ok,2730.0,0.19105033192317933,0.19071476999670267,0.1912031469400972,8.0,0.2921840759678597,febb3d675a53b37c5ca656215159d408f5ffe87704be3684b9a7a53ea9192145,"[0.1912031469400972, 0.19105033192317933, 0.19071476999670267]","[2730.0, 2730.0, 2730.0]",,ok,1798.0,0.2419369159033522,0.2411730990279466,0.24209181405603886,940.0,34.33162892622352,41071c0c2b3e7dc98b1c05acf223aebdc35e9b74c4e77b1b4be427640ac5f7ea,"[0.2419369159033522, 0.24209181405603886, 0.2411730990279466]","[1798.0, 1715.0, 1791.0]",,ok,2081.0,0.09051178710069507,0.08951703191269189,0.09652718296274543,657.0,23.995617238860483,70948c165eb149ad50cf9a3411f81ad87d6dc1e605740411f815c1a1cc1e03e6,"[0.09051178710069507, 0.09652718296274543, 0.08951703191269189]","[2081.0, 2081.0, 2081.0]",,2730.0,SBM,TRF,SBM,ok
w09_100.3,rudy,100,4455,1990,2,2000,1,cuda:7,ok,1979.0,0.19305476907175034,0.19289987906813622,0.1934392920229584,11.0,0.5527638190954773,7fb7329c392e8477b7052ebdc378e7c9a65369015fe9ed84a118bd2e23baa20d,"[0.19305476907175034, 0.1934392920229584, 0.19289987906813622]","[1979.0, 1979.0, 1979.0]",,ok,1248.0,0.2424888740060851,0.24240804207511246,0.24267960898578167,742.0,37.28643216080402,a46348cef797f8a2f160d73f4c0c6f4a72b2f7f2ce0f54f9bf6ff7a1a2c42c35,"[0.2424888740060851, 0.24240804207511246, 0.24267960898578167]","[1248.0, 1199.0, 1239.0]",,ok,1412.0,0.0920999840600416,0.08600445801857859,0.10857006500009447,578.0,29.045226130653266,0ae7cd6951450ddf4941f15da40d11e676c1c4afebbd184c881b88a27f2d3cb2,"[0.10857006500009447, 0.0920999840600416, 0.08600445801857859]","[1412.0, 1412.0, 1412.0]",,1979.0,SBM,TRF,SBM,ok
w09_100.4,rudy,100,4455,2033,2,2000,1,cuda:3,ok,2033.0,0.1898828010307625,0.18969409295823425,0.1905118430731818,0.0,0.0,9f4196624f950ff8f039cf6f6434bddefc4bd968c5b065c9f973ac6d3e70d7d6,"[0.18969409295823425, 0.1898828010307625, 0.1905118430731818]","[2033.0, 2033.0, 2033.0]",,ok,1168.0,0.2419259799644351,0.24174381594639271,0.24213411391247064,865.0,42.547958681751105,f30a1337f8577cc531feec287e4cfa0c8b10535c5c9b0f35a0a704c2d0a30df2,"[0.24213411391247064, 0.2419259799644351, 0.24174381594639271]","[975.0, 1168.0, 1002.0]",,ok,1496.0,0.08658120397012681,0.08652711007744074,0.08676332898903638,537.0,26.414166256763405,fe5ec9ded3fc9d7d980b57be88785a8f421f4ae959b0c6623a6e6eb4bcec3231,"[0.08658120397012681, 0.08676332898903638, 0.08652711007744074]","[1496.0, 1496.0, 1496.0]",,2033.0,SBM,TRF,SBM,ok
w09_100.5,rudy,100,4455,2433,2,2000,1,cuda:4,ok,2430.0,0.19903975306078792,0.19902728497982025,0.20077419793233275,3.0,0.12330456226880394,4d2d22a0cddc23e2a2435f3fea2e3633abe68a0eb661e20aad90964dd835c63f,"[0.20077419793233275, 0.19903975306078792, 0.19902728497982025]","[2430.0, 2430.0, 2430.0]",,ok,1499.0,0.2494097170419991,0.24934288999065757,0.25131365191191435,934.0,38.3888203863543,fee55112bf9c09753740de9099ba0abbe5fc4910adaa28a981c5bf540df4f6ea,"[0.2494097170419991, 0.24934288999065757, 0.25131365191191435]","[1499.0, 928.0, 1400.0]",,ok,1990.0,0.08497460000216961,0.08474681805819273,0.10546448803506792,443.0,18.207973695026716,17aee229bd95fbd4f796028a5210595f70f83ff8b8e740c2183d127c898e00d3,"[0.10546448803506792, 0.08497460000216961, 0.08474681805819273]","[1990.0, 1990.0, 1990.0]",,2430.0,SBM,TRF,SBM,ok
w09_100.6,rudy,100,4455,2220,2,2000,1,cuda:2,ok,2220.0,0.19752410403452814,0.19752292102202773,0.1988657850306481,0.0,0.0,e2e9134142947dfe2d8fb735706eca577402867ea9e27e11243a4a5f52110ede,"[0.19752410403452814, 0.19752292102202773, 0.1988657850306481]","[2220.0, 2220.0, 2220.0]",,ok,1070.0,0.24981498601846397,0.24955710000358522,0.24995081301312894,1150.0,51.8018018018018,435f688ed650f960cec2f6aa60be931f2a81dae488ed864e090e45b3b1224024,"[0.24955710000358522, 0.24981498601846397, 0.24995081301312894]","[1070.0, 1010.0, 983.0]",,ok,1540.0,0.08595758199226111,0.08573759102728218,0.10830269893631339,680.0,30.63063063063063,be7b377abf5d5db638ca5fe0ff7bcd1bab52b564c0940e5cf34632e29d00cb4c,"[0.10830269893631339, 0.08595758199226111, 0.08573759102728218]","[1540.0, 1540.0, 1540.0]",,2220.0,SBM,TRF,SBM,ok
w09_100.7,rudy,100,4455,2252,2,2000,1,cuda:1,ok,2252.0,0.19809598289430141,0.1980720820138231,0.1982888369821012,0.0,0.0,df9f9492a7f3d76e95a03b7f074944113d2f26658119e0ce77ac8c49e28f900f,"[0.1980720820138231, 0.1982888369821012, 0.19809598289430141]","[2252.0, 2252.0, 2252.0]",,ok,1197.0,0.24927348596975207,0.24923081800807267,0.24988465406931937,1055.0,46.847246891651864,bc582971f2945c2f0d36bacbff7412f09dc4ec564eb8fa736c6ad4bb9414b2cc,"[0.24927348596975207, 0.24988465406931937, 0.24923081800807267]","[1197.0, 1195.0, 991.0]",,ok,1502.0,0.08604378195013851,0.08591118594631553,0.08683622803073376,750.0,33.30373001776199,b9574b4853a6ca78f982886176c376f96d050caa89c6934eda888be0b6364a57,"[0.08683622803073376, 0.08604378195013851, 0.08591118594631553]","[1502.0, 1502.0, 1502.0]",,2252.0,SBM,TRF,SBM,ok
w09_100.8,rudy,100,4455,1843,2,2000,1,cuda:6,ok,1836.0,0.2028239630162716,0.20275892806239426,0.20491862890776247,7.0,0.3798155181768855,40dc01543f4d41b3a0d1f47bcaa07479ae703f45a19c37596119448d4b77e872,"[0.20275892806239426, 0.20491862890776247, 0.2028239630162716]","[1836.0, 1836.0, 1836.0]",,ok,948.0,0.25582512095570564,0.2556597550865263,0.25642784603405744,895.0,48.56212696690179,d9af0438abd4b261835e0415b485401aa97a16d0b8f272040303c3ff4245679a,"[0.2556597550865263, 0.25582512095570564, 0.25642784603405744]","[624.0, 948.0, 701.0]",,ok,1412.0,0.10629565303679556,0.08846476895269006,0.10780938703101128,431.0,23.385784047748235,97f3d3ecd762694106cac08c14b25d18c1b051551a8ae725990a5b9c75647101,"[0.10780938703101128, 0.10629565303679556, 0.08846476895269006]","[1412.0, 1412.0, 1412.0]",,1836.0,SBM,TRF,SBM,ok
w09_100.9,rudy,100,4455,2043,2,2000,1,cuda:5,ok,2043.0,0.19173076492734253,0.19126673508435488,0.19187337101902813,0.0,0.0,22addfd2cb80e4e799d368a8c7b94a69a136a91d97e918ce01e81d42d5c2e3ee,"[0.19173076492734253, 0.19187337101902813, 0.19126673508435488]","[2043.0, 2043.0, 2043.0]",,ok,1222.0,0.24163526704069227,0.24134429497644305,0.24211739504244179,821.0,40.18600097895252,47f597d770f653b72ee721fec3d7f788bd52744b7bae095b4dcf0a1e6e16db3f,"[0.24134429497644305, 0.24163526704069227, 0.24211739504244179]","[1210.0, 1021.0, 1222.0]",,ok,1375.0,0.08636230591218919,0.08619127806741744,0.08702933101449162,668.0,32.69701419481155,36e382731dd44283175c87c31a207922db8cac921cfb8fce3083427b4b2f7f13,"[0.08702933101449162, 0.08636230591218919, 0.08619127806741744]","[1375.0, 1375.0, 1375.0]",,2043.0,SBM,TRF,SBM,ok
