instance,family,vertices,edges,reference_cut,runs,steps,seed,device,sbm_status,sbm_best_cut,sbm_median_seconds,sbm_min_seconds,sbm_max_seconds,sbm_gap_to_reference,sbm_gap_percent,sbm_sample_sha256,sbm_trial_seconds,sbm_trial_cuts,sbm_error,svl_status,svl_best_cut,svl_median_seconds,svl_min_seconds,svl_max_seconds,svl_gap_to_reference,svl_gap_percent,svl_sample_sha256,svl_trial_seconds,svl_trial_cuts,svl_error,trf_status,trf_best_cut,trf_median_seconds,trf_min_seconds,trf_max_seconds,trf_gap_to_reference,trf_gap_percent,trf_sample_sha256,trf_trial_seconds,trf_trial_cuts,trf_error,best_cut,quality_winners,fastest_solver,winner,status
g05_100.0,rudy,100,2475,1430,4,2000,1,cuda:2,ok,0.0,0.19884024397470057,0.19847171800211072,0.19903905095998198,1430.0,100.0,cd00e292c5970d3c5e2f0ffa5171e555bc46bfc4faddfb4a418b6840b86e79a3,"[0.19884024397470057, 0.19903905095998198, 0.19847171800211072]","[0.0, 0.0, 0.0]",,ok,1423.0,0.25587312900461257,0.2551447380101308,0.2572873750468716,7.0,0.48951048951048953,e94a6a609476eedefc2a99f02e81cd3e5df6276975f524973d1d78ff3dd5acfd,"[0.2551447380101308, 0.2572873750468716, 0.25587312900461257]","[1423.0, 1423.0, 1423.0]",,ok,1375.0,0.1004977939883247,0.09263168694451451,0.10459299304056913,55.0,3.8461538461538463,04638569f2b950c09d4248ecd9c2934999cdbd1b81affe6001e09b1fb938da71,"[0.10459299304056913, 0.1004977939883247, 0.09263168694451451]","[1375.0, 1375.0, 1375.0]",,1423.0,SVL,TRF,SVL,ok
g05_100.1,rudy,100,2475,1425,4,2000,1,cuda:5,ok,0.0,0.19148440507706255,0.19098509300965816,0.19203083298634738,1425.0,100.0,cd00e292c5970d3c5e2f0ffa5171e555bc46bfc4faddfb4a418b6840b86e79a3,"[0.19148440507706255, 0.19203083298634738, 0.19098509300965816]","[0.0, 0.0, 0.0]",,ok,1423.0,0.24697924498468637,0.24589177803136408,0.24759393697604537,2.0,0.14035087719298245,419fbad8d2f21a59b23165eb37d0c27c968dfa98d50a490a5a06bac33ad55aed,"[0.24759393697604537, 0.24697924498468637, 0.24589177803136408]","[1423.0, 1423.0, 1423.0]",,ok,1378.0,0.0901997369946912,0.08995530509855598,0.09142051893286407,47.0,3.2982456140350878,6ac75c596de64e70ccfa4c53b0a0c9358f46543bd21049773e25531fc32911fb,"[0.09142051893286407, 0.0901997369946912, 0.08995530509855598]","[1378.0, 1378.0, 1378.0]",,1423.0,SVL,TRF,SVL,ok
g05_100.2,rudy,100,2475,1432,4,2000,1,cuda:3,ok,0.0,0.1898405379615724,0.18954183696769178,0.1900115250609815,1432.0,100.0,cd00e292c5970d3c5e2f0ffa5171e555bc46bfc4faddfb4a418b6840b86e79a3,"[0.18954183696769178, 0.1898405379615724, 0.1900115250609815]","[0.0, 0.0, 0.0]",,ok,1429.0,0.24768288189079612,0.2473740599816665,0.24777041003108025,3.0,0.20949720670391062,dccb9f17c18bd5bf115f64917ab19ea926dbea58dbf101e428bf93b077f83933,"[0.24777041003108025, 0.24768288189079612, 0.2473740599816665]","[1429.0, 1429.0, 1429.0]",,ok,1368.0,0.0901655179914087,0.0900793680921197,0.09117242810316384,64.0,4.4692737430167595,465d6dda1737ff618944276c93c6b6b7790d2d33a1e2197ee3b80011f0a8a2a4,"[0.09117242810316384, 0.0901655179914087, 0.0900793680921197]","[1368.0, 1368.0, 1368.0]",,1429.0,SVL,TRF,SVL,ok
g05_100.3,rudy,100,2475,1424,4,2000,1,cuda:0,ok,0.0,0.30040787102188915,0.29987665603403,0.3014108840143308,1424.0,100.0,cd00e292c5970d3c5e2f0ffa5171e555bc46bfc4faddfb4a418b6840b86e79a3,"[0.3014108840143308, 0.30040787102188915, 0.29987665603403]","[0.0, 0.0, 0.0]",,ok,1415.0,0.3865051820175722,0.38537770602852106,0.3865486989961937,9.0,0.6320224719101124,ad5b630867b9e242310d03c987d75481c59622135ae21d8b3236224cd6bbed87,"[0.3865486989961937, 0.3865051820175722, 0.38537770602852106]","[1415.0, 1415.0, 1415.0]",,ok,1373.0,0.09675909695215523,0.09226429800037295,0.12473222194239497,51.0,3.581460674157303,5b0d04867fc2cb1d8c69004b966777401087df16cb9a02d4e78ecb68914a5b67,"[0.12473222194239497, 0.09675909695215523, 0.09226429800037295]","[1373.0, 1373.0, 1373.0]",,1415.0,SVL,TRF,SVL,ok
g05_100.4,rudy,100,2475,1440,4,2000,1,cuda:6,ok,0.0,0.20256740599870682,0.2024964609881863,0.2031879259739071,1440.0,100.0,cd00e292c5970d3c5e2f0ffa5171e555bc46bfc4faddfb4a418b6840b86e79a3,"[0.2024964609881863, 0.2031879259739071, 0.20256740599870682]","[0.0, 0.0, 0.0]",,ok,1432.0,0.2619192840065807,0.26136021700222045,0.2623306029709056,8.0,0.5555555555555556,f06bf7eb38deebba5b4296dbf7e9b98c96af2697d67e1b3e7388bfd16c42e3fe,"[0.26136021700222045, 0.2619192840065807, 0.2623306029709056]","[1432.0, 1432.0, 1432.0]",,ok,1378.0,0.09880345105193555,0.09042234695516527,0.11397808603942394,62.0,4.305555555555555,8b5fd8f3448de9e4797fec5f49509f6493a4f50970984b215ffaf59e7e37da90,"[0.11397808603942394, 0.09880345105193555, 0.09042234695516527]","[1378.0, 1378.0, 1378.0]",,1432.0,SVL,TRF,SVL,ok
g05_100.5,rudy,100,2475,1436,4,2000,1,cuda:7,ok,0.0,0.19309583399444818,0.1923320790519938,0.19314011198002845,1436.0,100.0,cd00e292c5970d3c5e2f0ffa5171e555bc46bfc4faddfb4a418b6840b86e79a3,"[0.1923320790519938, 0.19314011198002845, 0.19309583399444818]","[0.0, 0.0, 0.0]",,ok,1427.0,0.24771103297825903,0.24695394397713244,0.24789533100556582,9.0,0.6267409470752089,f742d86abdda06f08f76c23f9d8aae21c9d5d14d5a3aecc1411942d985398d4a,"[0.24695394397713244, 0.24771103297825903, 0.24789533100556582]","[1427.0, 1427.0, 1427.0]",,ok,1392.0,0.09019079303834587,0.09005624300334603,0.09024845901876688,44.0,3.064066852367688,50c54e11cb0374685990938cb9555f5bbfd8d08c75038f401779762905bc0aa0,"[0.09019079303834587, 0.09005624300334603, 0.09024845901876688]","[1392.0, 1392.0, 1392.0]",,1427.0,SVL,TRF,SVL,ok
g05_100.6,rudy,100,2475,1434,4,2000,1,cuda:4,ok,0.0,0.199994515045546,0.19936636905185878,0.20077861903700978,1434.0,100.0,cd00e292c5970d3c5e2f0ffa5171e555bc46bfc4faddfb4a418b6840b86e79a3,"[0.20077861903700978, 0.19936636905185878, 0.199994515045546]","[0.0, 0.0, 0.0]",,ok,1429.0,0.25371402804739773,0.25320035801269114,0.2550079789943993,5.0,0.3486750348675035,4f8c088dc9b215d4f03422ce486006b6964a5f4e13a953f1227cf97ccec51c7c,"[0.25320035801269114, 0.25371402804739773, 0.2550079789943993]","[1429.0, 1429.0, 1429.0]",,ok,1371.0,0.08840989496093243,0.08786880294792354,0.10435350693296641,63.0,4.393305439330544,fc3b3c492c34453db5a6aa882d9f9c4e6ca7e8c8bc44260dfc9a4ae5cd2f1735,"[0.10435350693296641, 0.08840989496093243, 0.08786880294792354]","[1371.0, 1371.0, 1371.0]",,1429.0,SVL,TRF,SVL,ok
g05_100.7,rudy,100,2475,1431,4,2000,1,cuda:1,ok,0.0,0.1983837200095877,0.19827765400987118,0.1991214290028438,1431.0,100.0,cd00e292c5970d3c5e2f0ffa5171e555bc46bfc4faddfb4a418b6840b86e79a3,"[0.19827765400987118, 0.1991214290028438, 0.1983837200095877]","[0.0, 0.0, 0.0]",,ok,1426.0,0.25588259706273675,0.2544652880169451,0.2560770269483328,5.0,0.3494060097833683,854cdba72fbdb52672ef329bf8b474a5d2c576421ddeb01b58c3729252479bc2,"[0.2544652880169451, 0.25588259706273675, 0.2560770269483328]","[1426.0, 1426.0, 1426.0]",,ok,1387.0,0.09159362805075943,0.09111536503769457,0.11166875099297613,44.0,3.074772886093641,e65504f2ab7784d66586e911156fb7637e6145d1e49bf789f3515d4cdaa59d59,"[0.11166875099297613, 0.09159362805075943, 0.09111536503769457]","[1387.0, 1387.0, 1387.0]",,1426.0,SVL,TRF,SVL,ok
g05_100.8,rudy,100,2475,1432,4,2000,1,cuda:2,ok,0.0,0.19777553796302527,0.1974758100695908,0.19810002099256963,1432.0,100.0,cd00e292c5970d3c5e2f0ffa5171e555bc46bfc4faddfb4a418b6840b86e79a3,"[0.1974758100695908, 0.19810002099256963, 0.19777553796302527]","[0.0, 0.0, 0.0]",,ok,1423.0,0.2547441580099985,0.2542917469982058,0.25597070797812194,9.0,0.6284916201117319,2cc6506476c1f04612cc841666462dcf122684b9612d1447664228943b637ec4,"[0.2547441580099985, 0.2542917469982058, 0.25597070797812194]","[1423.0, 1423.0, 1423.0]",,ok,1393.0,0.0893701349850744,0.08920760499313474,0.08949714293703437,39.0,2.723463687150838,cf685e556649e97060f9a7074a5a20dc0ae24999971c75fc9fe31aa8a403dfa1,"[0.08920760499313474, 0.08949714293703437, 0.0893701349850744]","[1393.0, 1393.0, 1393.0]",,1423.0,SVL,TRF,SVL,ok
g05_100.9,rudy,100,2475,1430,4,2000,1,cuda:5,ok,0.0,0.19147621397860348,0.1907803419744596,0.19179836905095726,1430.0,100.0,cd00e292c5970d3c5e2f0ffa5171e555bc46bfc4faddfb4a418b6840b86e79a3,"[0.19179836905095726, 0.1907803419744596, 0.19147621397860348]","[0.0, 0.0, 0.0]",,ok,1427.0,0.24726648605428636,0.24626561102923006,0.24757320201024413,3.0,0.2097902097902098,fc9c11c007127c1977928567a40364a8da9b49e7ca8f02b154c5d1e6772c2504,"[0.24626561102923006, 0.24757320201024413, 0.24726648605428636]","[1427.0, 1427.0, 1427.0]",,ok,1395.0,0.09108610800467432,0.09032792202197015,0.10497656604275107,35.0,2.4475524475524475,4ac6d50d1775eda2d069b104ae389faf0c8e9f7c25c0eabcf776a7513928dd37,"[0.10497656604275107, 0.09108610800467432, 0.09032792202197015]","[1395.0, 1395.0, 1395.0]",,1427.0,SVL,TRF,SVL,ok
g05_60.0,rudy,60,885,536,4,2000,1,cuda:1,ok,22.0,0.19822771905455738,0.1977702579461038,0.19925908104050905,514.0,95.8955223880597,5380ec26ac3df837dac3c9e10fee9f83647e8de91c9bc680acb156b252514642,"[0.19925908104050905, 0.1977702579461038, 0.19822771905455738]","[22.0, 22.0, 22.0]",,ok,536.0,0.25419040804263204,0.25410760601516813,0.2554812269518152,0.0,0.0,d3c2d34ee2dce5c0c2013a3ecdf831ffeba3269e5e634468bd054023c7c9a4b7,"[0.2554812269518152, 0.25410760601516813, 0.25419040804263204]","[536.0, 536.0, 536.0]",,ok,513.0,0.087382962112315,0.08704273891635239,0.08783374703489244,23.0,4.291044776119403,9ccbcdb4e1da678b5748bbed431dae022662fca3ce46af99b643a8579807774f,"[0.08783374703489244, 0.087382962112315, 0.08704273891635239]","[513.0, 513.0, 513.0]",,536.0,SVL,TRF,SVL,ok
g05_60.1,rudy,60,885,532,4,2000,1,cuda:4,ok,18.0,0.20039672299753875,0.2000872289063409,0.20062406500801444,514.0,96.61654135338345,f8e869d2486e2233c285035cc7d37d1f12167deddc99e7798eafee5d3c05536c,"[0.20062406500801444, 0.2000872289063409, 0.20039672299753875]","[18.0, 18.0, 18.0]",,ok,531.0,0.2542132589733228,0.252865243004635,0.2552355049410835,1.0,0.18796992481203006,e984837ac3f084638f788839780bb5e86bb9d06c5bbfd7129dc77dca986f67f6,"[0.2552355049410835, 0.2542132589733228, 0.252865243004635]","[531.0, 531.0, 531.0]",,ok,509.0,0.08417697402182966,0.08392258605454117,0.08601486799307168,23.0,4.323308270676692,9e67ced9008b3fb4add4f04c2813fc0b2bbf5ecfea562a3809e475f6507a8cb4,"[0.08601486799307168, 0.08417697402182966, 0.08392258605454117]","[509.0, 509.0, 509.0]",,531.0,SVL,TRF,SVL,ok
g05_60.2,rudy,60,885,529,4,2000,1,cuda:7,ok,0.0,0.19240005500614643,0.1919320219894871,0.19283166201785207,529.0,100.0,5dcc1b5872dd9ff1c234501f1fefda01f664164e1583c3e1bb3dbea47588ab31,"[0.19240005500614643, 0.19283166201785207, 0.1919320219894871]","[0.0, 0.0, 0.0]",,ok,525.0,0.24651189893484116,0.24574003694579005,0.24700469488743693,4.0,0.7561436672967864,2816fa4ebf075952bd6ec618a6b44bc4727f568e8efb209d23ce95cb5ba1f3ee,"[0.24574003694579005, 0.24700469488743693, 0.24651189893484116]","[525.0, 525.0, 525.0]",,ok,514.0,0.08608805399853736,0.08588023495394737,0.08789691398851573,15.0,2.835538752362949,b633e0537f6900fbd699a095f026fb5481ac540cdb90766d03a7488b8d21fc56,"[0.08789691398851573, 0.08608805399853736, 0.08588023495394737]","[514.0, 514.0, 514.0]",,525.0,SVL,TRF,SVL,ok
g05_60.3,rudy,60,885,538,4,2000,1,cuda:2,ok,20.0,0.19815505703445524,0.19703944399952888,0.19904828898143023,518.0,96.28252788104089,75d44a6fa247a8b05d35f2e487785a3468a55582a3c5376168b45f02bba267c2,"[0.19815505703445524, 0.19904828898143023, 0.19703944399952888]","[20.0, 20.0, 20.0]",,ok,529.0,0.2537565780803561,0.2534623349783942,0.2549469890072942,9.0,1.6728624535315986,1bbc06c0943363571527b02c590b24b36fe43c071881e0d4f4bd96c0df6ce31b,"[0.2534623349783942, 0.2537565780803561, 0.2549469890072942]","[529.0, 529.0, 529.0]",,ok,522.0,0.08562037092633545,0.08555250894278288,0.08564734610263258,16.0,2.973977695167286,6eb2a843b673a45494a58f4b0da2152aaecc6ddeca5807139b434a672458f218,"[0.08555250894278288, 0.08562037092633545, 0.08564734610263258]","[522.0, 522.0, 522.0]",,529.0,SVL,TRF,SVL,ok
g05_60.4,rudy,60,885,527,4,2000,1,cuda:6,ok,39.0,0.20276244601700455,0.20196941494941711,0.2043462700676173,488.0,92.59962049335863,4ea5bb6a4b5bc86f8d48975ef5b0649259fef44588d84ff90d382c7d93077daa,"[0.20276244601700455, 0.20196941494941711, 0.2043462700676173]","[39.0, 39.0, 39.0]",,ok,522.0,0.2617486850358546,0.2604588510002941,0.2620786060579121,5.0,0.9487666034155597,3fe247e2e176147fff367978063e1ce9e62d7e3eb809d69f8ffc373f110c779d,"[0.2617486850358546, 0.2620786060579121, 0.2604588510002941]","[522.0, 522.0, 522.0]",,ok,501.0,0.08613584795966744,0.08598229906056076,0.08708020101767033,26.0,4.933586337760911,26a4e335e682812747676ea15e6aceef3b0b38ddb37e7a6a34bda5977611ba8d,"[0.08708020101767033, 0.08613584795966744, 0.08598229906056076]","[501.0, 501.0, 501.0]",,522.0,SVL,TRF,SVL,ok
g05_60.5,rudy,60,885,533,4,2000,1,cuda:3,ok,20.0,0.1900312720099464,0.18987722101155668,0.19032564503140748,513.0,96.24765478424015,e5858fe876dde10368d00871192d9e12f238b36502cef57678945966b3c24977,"[0.18987722101155668, 0.19032564503140748, 0.1900312720099464]","[20.0, 20.0, 20.0]",,ok,526.0,0.24747661699075252,0.24656883906573057,0.24792624695692211,7.0,1.3133208255159474,601a0f2f2d7acbdc3982f1355d1c2ad43685f448667d436288c84610bda1a1da,"[0.24747661699075252, 0.24656883906573057, 0.24792624695692211]","[526.0, 526.0, 526.0]",,ok,514.0,0.08726529194973409,0.08704964898061007,0.10094281297642738,19.0,3.5647279549718576,22fc91ac878043457b37be368f41816a9369f4d24b59ffa6b082bea4e91a2c70,"[0.10094281297642738, 0.08726529194973409, 0.08704964898061007]","[514.0, 514.0, 514.0]",,526.0,SVL,TRF,SVL,ok
g05_60.6,rudy,60,885,531,4,2000,1,cuda:5,ok,20.0,0.18985802505631,0.18930625298526138,0.19153487600851804,511.0,96.23352165725048,81398e7eccebdb9e7f79b38f821020e3819e22ae244df228f17646a292d2e3aa,"[0.19153487600851804, 0.18930625298526138, 0.18985802505631]","[20.0, 20.0, 20.0]",,ok,524.0,0.24745304393582046,0.24525589495897293,0.24749523808714002,7.0,1.3182674199623352,0eebf5851fe43296287cf128b4eb0472e7de7a556d84259d2cf2e242ec97b7c6,"[0.24745304393582046, 0.24749523808714002, 0.24525589495897293]","[524.0, 524.0, 524.0]",,ok,510.0,0.08637965994421393,0.08635613298974931,0.08690562902484089,21.0,3.9548022598870056,e6fd4d98050bd3f76e4386bc21c9c964c5d6acf2dc63c2eb18651869796566ec,"[0.08690562902484089, 0.08637965994421393, 0.08635613298974931]","[510.0, 510.0, 510.0]",,524.0,SVL,TRF,SVL,ok
g05_60.7,rudy,60,885,535,4,2000,1,cuda:0,ok,20.0,0.30116360692773014,0.2996057269629091,0.30138952808920294,515.0,96.26168224299066,f8e869d2486e2233c285035cc7d37d1f12167deddc99e7798eafee5d3c05536c,"[0.30116360692773014, 0.2996057269629091, 0.30138952808920294]","[20.0, 20.0, 20.0]",,ok,533.0,0.38608536100946367,0.3834872259758413,0.38801120105199516,2.0,0.37383177570093457,1cf0c67d31e0d8d66edf17dd44b3f75998bca5c646a379948cf57687f42d63fe,"[0.38608536100946367, 0.3834872259758413, 0.38801120105199516]","[533.0, 533.0, 533.0]",,ok,521.0,0.10235705005470663,0.08839449204970151,0.1199418060714379,14.0,2.616822429906542,41bbb992e426cbe19fdb273f8ed36ab20686e3528a945ea42b03b24009e0ac13,"[0.1199418060714379, 0.10235705005470663, 0.08839449204970151]","[521.0, 521.0, 521.0]",,533.0,SVL,TRF,SVL,ok
g05_60.8,rudy,60,885,530,4,2000,1,cuda:1,ok,0.0,0.19853053509723395,0.19838591292500496,0.19890226994175464,530.0,100.0,5dcc1b5872dd9ff1c234501f1fefda01f664164e1583c3e1bb3dbea47588ab31,"[0.19890226994175464, 0.19838591292500496, 0.19853053509723395]","[0.0, 0.0, 0.0]",,ok,527.0,0.2548332109581679,0.2545473970239982,0.25674314505886286,3.0,0.5660377358490566,366d76d8178e370d8a4adad2afcfa356c0f5c04d42a475b74d90325f792da2ab,"[0.2548332109581679, 0.2545473970239982, 0.25674314505886286]","[527.0, 527.0, 527.0]",,ok,517.0,0.10914495005272329,0.08675965992733836,0.11485084902960807,13.0,2.452830188679245,0e4d2bc975a52efd47adaf0b6fcd5ffa2e31720a6016e973f04f989f8b31f864,"[0.10914495005272329, 0.11485084902960807, 0.08675965992733836]","[517.0, 517.0, 517.0]",,527.0,SVL,TRF,SVL,ok
g05_60.9,rudy,60,885,533,4,2000,1,cuda:4,ok,531.0,0.19757978594861925,0.19678044796455652,0.19960134092252702,2.0,0.37523452157598497,4ded33a0e5c35a2e0cd0c0f5dad1154a3ebb82f92fa41e79e91098212da3f992,"[0.19960134092252702, 0.19757978594861925, 0.19678044796455652]","[531.0, 531.0, 531.0]",,ok,533.0,0.2530810240423307,0.2525564470561221,0.25881297199521214,0.0,0.0,fa8001ea364787a23b5d151dbc89c39fb9b0166939bc373fa3edd13734b6e2e2,"[0.2525564470561221, 0.25881297199521214, 0.2530810240423307]","[533.0, 533.0, 533.0]",,ok,515.0,0.08456558105535805,0.08421566593460739,0.08483536308631301,18.0,3.377110694183865,5e1c8ea542683238c149930f5189594319f4300e67d702d71bc61ad043d09777,"[0.08421566593460739, 0.08456558105535805, 0.08483536308631301]","[515.0, 515.0, 515.0]",,533.0,SVL,TRF,SVL,ok
g05_80.0,rudy,80,1580,929,4,2000,1,cuda:7,ok,0.0,0.19235214195214212,0.19187413400504738,0.19290412194095552,929.0,100.0,5b6fb58e61fa475939767d68a446f97f1bff02c0e5935a3ea8bb51e6515783d8,"[0.19235214195214212, 0.19187413400504738, 0.19290412194095552]","[0.0, 0.0, 0.0]",,ok,924.0,0.24744668300263584,0.24719229503534734,0.24786716094240546,5.0,0.5382131324004306,0e8c19553cbaf596f4223e7926c089ff7fee92350b7d54f2d81eac1ccc89818c,"[0.24786716094240546, 0.24719229503534734, 0.24744668300263584]","[924.0, 924.0, 924.0]",,ok,890.0,0.0996229670708999,0.08773310401011258,0.10588409297633916,39.0,4.198062432723359,7d9f185cc3baa96a9529bdfd1ab54dd460033514fbac7f2b255316fcb9b0635b,"[0.10588409297633916, 0.0996229670708999, 0.08773310401011258]","[890.0, 890.0, 890.0]",,924.0,SVL,TRF,SVL,ok
g05_80.1,rudy,80,1580,941,4,2000,1,cuda:2,ok,0.0,0.19844914402347058,0.1970707819564268,0.19897362997289747,941.0,100.0,5b6fb58e61fa475939767d68a446f97f1bff02c0e5935a3ea8bb51e6515783d8,"[0.1970707819564268, 0.19897362997289747, 0.19844914402347058]","[0.0, 0.0, 0.0]",,ok,941.0,0.254106872016564,0.25238874403294176,0.2544932779856026,0.0,0.0,23f3c752808b3b8f29faa63c6f6486ada3cd0feae53fdda2eb889868874da755,"[0.254106872016564, 0.25238874403294176, 0.2544932779856026]","[941.0, 941.0, 941.0]",,ok,911.0,0.10726335702929646,0.08629933302290738,0.10780679399613291,30.0,3.1880977683315623,9893e23ed3df13225d167193a10b9c3732bb0bace2a0aa41d18d472cde9c357f,"[0.10780679399613291, 0.10726335702929646, 0.08629933302290738]","[911.0, 911.0, 911.0]",,941.0,SVL,TRF,SVL,ok
g05_80.2,rudy,80,1580,934,4,2000,1,cuda:6,ok,0.0,0.20309566799551249,0.20289713400416076,0.20360661600716412,934.0,100.0,5b6fb58e61fa475939767d68a446f97f1bff02c0e5935a3ea8bb51e6515783d8,"[0.20360661600716412, 0.20309566799551249, 0.20289713400416076]","[0.0, 0.0, 0.0]",,ok,922.0,0.2611183279659599,0.26071759802289307,0.26135600195266306,12.0,1.284796573875803,4ca322ee78692e8be352e8ae9e4830b1a61da9360413753a2b5cd4cb979aac22,"[0.26071759802289307, 0.2611183279659599, 0.26135600195266306]","[922.0, 922.0, 922.0]",,ok,900.0,0.08619070192798972,0.08589195704553276,0.08636903995648026,34.0,3.640256959314775,011b68e34d6efa38d7e6424bd1129fdf8be3f8f5f65f942bed0d87b6b618cd60,"[0.08589195704553276, 0.08619070192798972, 0.08636903995648026]","[900.0, 900.0, 900.0]",,922.0,SVL,TRF,SVL,ok
g05_80.3,rudy,80,1580,923,4,2000,1,cuda:5,ok,0.0,0.1895906931022182,0.18957927799783647,0.1903927599778399,923.0,100.0,5b6fb58e61fa475939767d68a446f97f1bff02c0e5935a3ea8bb51e6515783d8,"[0.1895906931022182, 0.18957927799783647, 0.1903927599778399]","[0.0, 0.0, 0.0]",,ok,919.0,0.24859192699659616,0.24790081393439323,0.25181983201764524,4.0,0.4333694474539545,86d8981b3acf2f647659849df7508850b906e549a9ec03d191d16fabea3bac66,"[0.25181983201764524, 0.24790081393439323, 0.24859192699659616]","[919.0, 919.0, 919.0]",,ok,895.0,0.09812171093653888,0.09029452095273882,0.10074391297530383,28.0,3.0335861321776814,0d6782cdeb2f804321441c8d329c67b894451b70342ebba6298c644db892fc4b,"[0.10074391297530383, 0.09812171093653888, 0.09029452095273882]","[895.0, 895.0, 895.0]",,919.0,SVL,TRF,SVL,ok
g05_80.4,rudy,80,1580,932,4,2000,1,cuda:3,ok,0.0,0.18957154103554785,0.18956352898385376,0.19009067001752555,932.0,100.0,5b6fb58e61fa475939767d68a446f97f1bff02c0e5935a3ea8bb51e6515783d8,"[0.18956352898385376, 0.18957154103554785, 0.19009067001752555]","[0.0, 0.0, 0.0]",,ok,923.0,0.24770729802548885,0.247182272025384,0.24938706099055707,9.0,0.9656652360515021,80f3b2b362f93611ddca6bd754c37abb38bfa9e382e0b118f89366342299c8e3,"[0.24938706099055707, 0.247182272025384, 0.24770729802548885]","[923.0, 923.0, 923.0]",,ok,901.0,0.08760180999524891,0.08694616705179214,0.08775188203435391,31.0,3.3261802575107295,800c977d79a7e0009315a493c9d4a9789f20381bb05ed6ea0a848dea3c2b90ac,"[0.08775188203435391, 0.08694616705179214, 0.08760180999524891]","[901.0, 901.0, 901.0]",,923.0,SVL,TRF,SVL,ok
g05_80.5,rudy,80,1580,926,4,2000,1,cuda:0,ok,0.0,0.30135048797819763,0.2996092779794708,0.302484190906398,926.0,100.0,5b6fb58e61fa475939767d68a446f97f1bff02c0e5935a3ea8bb51e6515783d8,"[0.30135048797819763, 0.302484190906398, 0.2996092779794708]","[0.0, 0.0, 0.0]",,ok,916.0,0.385137195000425,0.3838905190350488,0.38684179703705013,10.0,1.079913606911447,f709c2907e0a97474a8b3cbc4bc533ef12ac9c9d19d54465012beb3b1f77df4d,"[0.3838905190350488, 0.385137195000425, 0.38684179703705013]","[916.0, 916.0, 916.0]",,ok,896.0,0.08869418303947896,0.08845316304359585,0.08879085292574018,30.0,3.239740820734341,e8ab451be0fb0f7415fc42d2f254c8054894af3655187c6aa482e5219deba743,"[0.08845316304359585, 0.08869418303947896, 0.08879085292574018]","[896.0, 896.0, 896.0]",,916.0,SVL,TRF,SVL,ok
g05_80.6,rudy,80,1580,929,4,2000,1,cuda:4,ok,0.0,0.19968323805369437,0.19932335708290339,0.20034143701195717,929.0,100.0,5b6fb58e61fa475939767d68a446f97f1bff02c0e5935a3ea8bb51e6515783d8,"[0.20034143701195717, 0.19968323805369437, 0.19932335708290339]","[0.0, 0.0, 0.0]",,ok,917.0,0.2543827169574797,0.2542661059414968,0.25598254497163,12.0,1.2917115177610334,75e4077fd2c54ecd1fb0a66542a73abbe04b5ce2f617439aecf803a2f2c1ddb4,"[0.25598254497163, 0.2542661059414968, 0.2543827169574797]","[917.0, 917.0, 917.0]",,ok,894.0,0.08462548407260329,0.08420784003101289,0.1037687889765948,35.0,3.767491926803014,347a98557f1a712e47f36da082e5451670468d203209a37d5119ac529545b99b,"[0.1037687889765948, 0.08462548407260329, 0.08420784003101289]","[894.0, 894.0, 894.0]",,917.0,SVL,TRF,SVL,ok
g05_80.7,rudy,80,1580,929,4,2000,1,cuda:7,ok,0.0,0.19282839295919985,0.19259441108442843,0.19418163294903934,929.0,100.0,5b6fb58e61fa475939767d68a446f97f1bff02c0e5935a3ea8bb51e6515783d8,"[0.19418163294903934, 0.19282839295919985, 0.19259441108442843]","[0.0, 0.0, 0.0]",,ok,926.0,0.24644048407208174,0.24633125495165586,0.24677407497074455,3.0,0.32292787944025836,4f790186c41952c7f580a542f577bf6080059302e1340aec66fdffa3bb575a2d,"[0.24633125495165586, 0.24677407497074455, 0.24644048407208174]","[926.0, 926.0, 926.0]",,ok,898.0,0.0861895940033719,0.0860477500827983,0.08659459906630218,31.0,3.3369214208826694,ef08576b248473160d671df22ac8cf1e838b4017c4834b8d7f7e03fec023c67f,"[0.08659459906630218, 0.0861895940033719, 0.0860477500827983]","[898.0, 898.0, 898.0]",,926.0,SVL,TRF,SVL,ok
g05_80.8,rudy,80,1580,925,4,2000,1,cuda:1,ok,0.0,0.1979277249192819,0.19790578703396022,0.199067167006433,925.0,100.0,5b6fb58e61fa475939767d68a446f97f1bff02c0e5935a3ea8bb51e6515783d8,"[0.19790578703396022, 0.1979277249192819, 0.199067167006433]","[0.0, 0.0, 0.0]",,ok,923.0,0.2552322569536045,0.2550100330263376,0.255363292992115,2.0,0.21621621621621623,983e92b55141b909f89b90b495314f7fd4ce5b03a4ef7c8ed2ec195f54f14521,"[0.2550100330263376, 0.2552322569536045, 0.255363292992115]","[923.0, 923.0, 923.0]",,ok,894.0,0.08809861296322197,0.0873409400228411,0.09056150005199015,31.0,3.3513513513513513,85c138893975edb735ebe206e8adf4d4659af930276d346662a63cc033d25092,"[0.0873409400228411, 0.09056150005199015, 0.08809861296322197]","[894.0, 894.0, 894.0]",,923.0,SVL,TRF,SVL,ok
g05_80.9,rudy,80,1580,923,4,2000,1,cuda:2,ok,0.0,0.19830377795733511,0.1979426760226488,0.19852854497730732,923.0,100.0,5b6fb58e61fa475939767d68a446f97f1bff02c0e5935a3ea8bb51e6515783d8,"[0.19852854497730732, 0.19830377795733511, 0.1979426760226488]","[0.0, 0.0, 0.0]",,ok,920.0,0.25347037508618087,0.2531753870425746,0.2535797560121864,3.0,0.3250270855904659,cbfc36c9856e4289b70444a2f519e1e8718139b2e01f1313a8c81e61fc3d186d,"[0.2535797560121864, 0.2531753870425746, 0.25347037508618087]","[920.0, 920.0, 920.0]",,ok,892.0,0.09823042899370193,0.08598900097422302,0.10566101397853345,31.0,3.358613217768147,64a0f9a102c07fe3bbf31b5d8c0ff25814ac7f34fe908fb0a4f8c624707ffa89,"[0.10566101397853345, 0.09823042899370193, 0.08598900097422302]","[892.0, 892.0, 892.0]",,920.0,SVL,TRF,SVL,ok
ising2.5-100_5555,ising,100,4950,2460049,4,2000,1,cuda:4,ok,2398320.0,0.20017308101523668,0.19920006103347987,0.20128112600650638,61729.0,2.5092589619149863,25582a2041376c9bef8b7bd3f3b8de1332fdb9f032992b0bbe19bbbbfeb5ab95,"[0.20128112600650638, 0.19920006103347987, 0.20017308101523668]","[2398320.0, 2398320.0, 2398320.0]",,ok,121746.0,0.2547747050411999,0.25428430701140314,0.255039406940341,2338303.0,95.05107418592068,2dd4ff1380ec846cbd6710c66502a0533cf3ba606810455e6eb2937f1c5d2e75,"[0.25428430701140314, 0.255039406940341, 0.2547747050411999]","[121746.0, -71622.0, -217952.0]",,ok,2164961.0,0.10103507700841874,0.09098925197031349,0.11079405597411096,295088.0,11.995208225527215,209ea8312d38486fbe915808ab4ea3e4a9c0245180f5288215466c36e5523ef6,"[0.11079405597411096, 0.10103507700841874, 0.09098925197031349]","[2164961.0, 2164961.0, 2164961.0]",,2398320.0,SBM,TRF,SBM,ok
ising2.5-100_6666,ising,100,4950,2031217,4,2000,1,cuda:1,ok,2002948.0,0.19901434797793627,0.19877800589893013,0.1994625049410388,28269.0,1.3917272255992343,7f2d3ff33a385fb6182c2614911eff0e927b57d492da26e904cafbb4f90830e5,"[0.19901434797793627, 0.19877800589893013, 0.1994625049410388]","[2002948.0, 2002948.0, 2002948.0]",,ok,-324886.0,0.25680820806883276,0.256420384044759,0.25831836101133376,2356103.0,115.9946475438124,f8d4b4b2ed4c1aabc428b4c214acd9c875b93c9e9d80d18db847887fc61070ca,"[0.256420384044759, 0.25680820806883276, 0.25831836101133376]","[-832087.0, -751516.0, -324886.0]",,ok,1732380.0,0.11180335795506835,0.09302602801471949,0.1129631990334019,298837.0,14.71221440151397,65cb0bfc7e0c782c132f922c2eac49346eee3b452b6156fa923737b4b9b302cb,"[0.1129631990334019, 0.11180335795506835, 0.09302602801471949]","[1732380.0, 1732380.0, 1732380.0]",,2002948.0,SBM,TRF,SBM,ok
ising2.5-100_7777,ising,100,4950,3363230,4,2000,1,cuda:2,ok,3334506.0,0.1974849250400439,0.19720104604493827,0.1981363680679351,28724.0,0.8540599364301579,be9ba728ede62f52f80938bb061326fef9c72ffd0e38ae64cee4e523ba1e26a0,"[0.1974849250400439, 0.1981363680679351, 0.19720104604493827]","[3334506.0, 3334506.0, 3334506.0]",,ok,816465.0,0.2550761030288413,0.2545196700375527,0.25618584000039846,2546765.0,75.72378338680376,8a35f7b8087750054b8d746c38be5ec5a7dc71c954b2e440bb8aa78224a78f7d,"[0.2550761030288413, 0.2545196700375527, 0.25618584000039846]","[204104.0, 685152.0, 816465.0]",,ok,3122709.0,0.09094557294156402,0.09025746502447873,0.09096741396933794,240521.0,7.151488301424523,58b4a104576e54a13f242f86822909fa343cda1be72a92b18df5ecd40f1ce351,"[0.09025746502447873, 0.09096741396933794, 0.09094557294156402]","[3122709.0, 3122709.0, 3122709.0]",,3334506.0,SBM,TRF,SBM,ok
ising2.5-150_5555,ising,150,11175,4363532,4,2000,1,cuda:4,ok,4321402.0,0.20015762792900205,0.1997545480262488,0.20078484795521945,42130.0,0.9655022582623435,0736421d826f9af5f81d9c8198e8e80577dc0e3873a0c5ab55d173006681c4cf,"[0.20078484795521945, 0.20015762792900205, 0.1997545480262488]","[4321402.0, 4321402.0, 4321402.0]",,ok,1401857.0,0.25945340702310205,0.255157747073099,0.2606957139214501,2961675.0,67.87334205409746,66704b0257cd11324a7aaeed4838baa5b5ea9d62055308d4e1c949d749b07820,"[0.255157747073099, 0.2606957139214501, 0.25945340702310205]","[1015920.0, 909125.0, 1401857.0]",,ok,3948421.0,0.10566739703062922,0.09515989001374692,0.1149902589386329,415111.0,9.513187940411575,57a06f58d9244536284e4b0d8084632366080c70aec3942b20b7293abeb6d2e1,"[0.1149902589386329, 0.10566739703062922, 0.09515989001374692]","[3948421.0, 3948421.0, 3948421.0]",,4321402.0,SBM,TRF,SBM,ok
ising2.5-150_6666,ising,150,11175,4057153,4,2000,1,cuda:1,ok,3957940.0,0.19921807805076241,0.19889935303945094,0.1998051730915904,99213.0,2.4453847316085935,6f99aad274721b7c4342f078dd46070ef21ba48e22ed3419cf445ebca77cc700,"[0.19889935303945094, 0.1998051730915904, 0.19921807805076241]","[3957940.0, 3957940.0, 3957940.0]",,ok,492440.0,0.25756423093844205,0.2574028499657288,0.25843364908359945,3564713.0,87.86242471013541,9d0e62dc15a58dc482650f74aec3db92b944c4bf2043407f0199a44674f843dd,"[0.2574028499657288, 0.25756423093844205, 0.25843364908359945]","[399778.0, 492440.0, 329624.0]",,ok,3606610.0,0.09845725994091481,0.09787099796812981,0.1179280208889395,450543.0,11.104905336328208,9fcd014f03240f8def78657c3340a7b9b21cc98d6e3882e4f989b25a6f6f34d0,"[0.1179280208889395, 0.09845725994091481, 0.09787099796812981]","[3606610.0, 3606610.0, 3606610.0]",,3957940.0,SBM,TRF,SBM,ok
ising2.5-150_7777,ising,150,11175,4243269,4,2000,1,cuda:2,ok,4193538.0,0.19895213400013745,0.1987308720126748,0.20617229503113776,49731.0,1.1719973445001954,fec49c758a720acb05c5c0e74e108ac424e1643c3026ce070bbe31ae260c2cb7,"[0.19895213400013745, 0.1987308720126748, 0.20617229503113776]","[4193538.0, 4193538.0, 4193538.0]",,ok,345164.0,0.2572520360117778,0.2567290220176801,0.25739301193971187,3898105.0,91.86561115969786,8d0fccc7535d0d76d6ff8846d4d4f07fd72698e2842e209fc37db0b9c1bd2472,"[0.2572520360117778, 0.2567290220176801, 0.25739301193971187]","[36603.0, 345164.0, -197944.0]",,ok,3845810.0,0.09594178898259997,0.095789220998995,0.09606831602286547,397459.0,9.366811295725064,b3af1bcac9667838107729d21d46ffbc17303b84f19552eb9b7908be6a20387c,"[0.095789220998995, 0.09606831602286547, 0.09594178898259997]","[3845810.0, 3845810.0, 3845810.0]",,4193538.0,SBM,TRF,SBM,ok
ising2.5-200_5555,ising,200,19900,6294701,4,2000,1,cuda:5,ok,6231221.0,0.19446692091878504,0.19357962801586837,0.19485154293943197,63480.0,1.0084672806539976,09442f09d433d6cd3c7bf656d75b066d88cc606d84265e57a74977247a6e12b4,"[0.19485154293943197, 0.19446692091878504, 0.19357962801586837]","[6231221.0, 6231221.0, 6231221.0]",,ok,1646692.0,0.25008871604222804,0.249648192897439,0.2508136850083247,4648009.0,73.8400283031712,866899bc89e08f28ae90ef55dff9bb2b9f1e1219f5097e406349a0cf913a1030,"[0.2508136850083247, 0.249648192897439, 0.25008871604222804]","[730072.0, 674441.0, 1646692.0]",,ok,5398870.0,0.10663402697537094,0.10659097600728273,0.11473539599683136,895831.0,14.231509963698038,d90bf05baac59722213cc86a0056ca1e69c4a28c49f7cfa04d967139a5fc768c,"[0.11473539599683136, 0.10659097600728273, 0.10663402697537094]","[5398870.0, 5398870.0, 5398870.0]",,6231221.0,SBM,TRF,SBM,ok
ising2.5-200_6666,ising,200,19900,6795365,4,2000,1,cuda:4,ok,6731831.0,0.2019384920131415,0.20170384098310024,0.20227995701134205,63534.0,0.9349608152027153,b3dcd9c3fb1341c7f92b4b6547b45c341504415043ac10a4282037221503fd10,"[0.20227995701134205, 0.20170384098310024, 0.2019384920131415]","[6731831.0, 6731831.0, 6731831.0]",,ok,1735369.0,0.25718285993207246,0.2567297359928489,0.25894995604176074,5059996.0,74.46246080968425,8aeb98a9794d0992a26494cae63c138ce20a87bbff56b66852e67efce305bf4c,"[0.25894995604176074, 0.25718285993207246, 0.2567297359928489]","[567546.0, 1735369.0, 1169842.0]",,ok,6100381.0,0.10217595798894763,0.10203962191008031,0.10267163789831102,694984.0,10.22732406574187,d6a0008e24b64b6576da03e56b92880b3b6ffac982c34d9c918af18c70129363,"[0.10267163789831102, 0.10217595798894763, 0.10203962191008031]","[6100381.0, 6100381.0, 6100381.0]",,6731831.0,SBM,TRF,SBM,ok
ising2.5-200_7777,ising,200,19900,5568272,4,2000,1,cuda:1,ok,5475381.0,0.20192332391161472,0.20161060197278857,0.2020682180300355,92891.0,1.6682195122652055,d2a97e57c5bab98ff34fae3a5b2142331e52b8141203b110fd0584dbea1a0cce,"[0.2020682180300355, 0.20161060197278857, 0.20192332391161472]","[5475381.0, 5475381.0, 5475381.0]",,ok,811538.0,0.2588645510841161,0.258675149991177,0.259255834040232,4756734.0,85.42567604456104,2ebd943d06f1f486dede8d9cb081d25a65f47edb053001830a6c3d19740946a8,"[0.258675149991177, 0.2588645510841161, 0.259255834040232]","[436831.0, 613322.0, 811538.0]",,ok,4964471.0,0.10556068702135235,0.10549164598342031,0.10605790803674608,603801.0,10.843597439205556,9234f0803469562773246d80d6949eed70b2ec0a9e470d22cbcd0b2d672beb8b,"[0.10605790803674608, 0.10549164598342031, 0.10556068702135235]","[4964471.0, 4964471.0, 4964471.0]",,5475381.0,SBM,TRF,SBM,ok
ising2.5-250_5555,ising,250,31125,7919449,4,2000,1,cuda:7,ok,7792878.0,0.19737000903114676,0.19734266796149313,0.1981807079864666,126571.0,1.598229876851281,541feff5178d7711da4f94cfb94d687805a8e8037fe2038409ec639c944b9f3d,"[0.1981807079864666, 0.19734266796149313, 0.19737000903114676]","[7792878.0, 7792878.0, 7792878.0]",,ok,2261793.0,0.2529677910497412,0.2527140639722347,0.2534942770143971,5657656.0,71.44002063779942,ef9dfccfaa83b0b8e1200fe8dbde9db70921af6c6b82935b9bb9c9564627b690,"[0.2527140639722347, 0.2529677910497412, 0.2534942770143971]","[1350308.0, 1029810.0, 2261793.0]",,ok,7194107.0,0.12227354105561972,0.11656516895163804,0.12486641702707857,725342.0,9.158995783671314,ed2eec80b29ace742bf41d116e89bc560ff10013ffe4f1ce15d9e176216e5308,"[0.12486641702707857, 0.12227354105561972, 0.11656516895163804]","[7194107.0, 7194107.0, 7194107.0]",,7792878.0,SBM,TRF,SBM,ok
ising2.5-250_6666,ising,250,31125,6925717,4,2000,1,cuda:0,ok,6778493.0,0.30691081704571843,0.30482294294051826,0.30741658504121006,147224.0,2.125758242792768,02bcad37e94bc11db513b3c11564929ce04f8f2a773ac053bfe7d143130334a9,"[0.30482294294051826, 0.30741658504121006, 0.30691081704571843]","[6778493.0, 6778493.0, 6778493.0]",,ok,903781.0,0.3923271290259436,0.3918798060622066,0.3941267180489376,6021936.0,86.95036196252316,14cce84082db1d07eff78e67600b781a34fa3eb04e3cd89ac4a4f3512b400861,"[0.3941267180489376, 0.3918798060622066, 0.3923271290259436]","[393951.0, 903781.0, 391379.0]",,ok,5929176.0,0.13375261600594968,0.12112736701965332,0.14691590203437954,996541.0,14.388993948207817,6e373ce1bcac98ca47342fd5fe0c3e9b048cca95cc56e1723f58e9165313cf6e,"[0.14691590203437954, 0.13375261600594968, 0.12112736701965332]","[5929176.0, 5929176.0, 5929176.0]",,6778493.0,SBM,TRF,SBM,ok
ising2.5-250_7777,ising,250,31125,6596797,4,2000,1,cuda:6,ok,6467324.0,0.20792743004858494,0.2074426389299333,0.20812886802013963,129473.0,1.9626646082939947,97f2386684c4df290f68913035d08b5db425688ff41fa5618f89ef895b59ee3c,"[0.2074426389299333, 0.20812886802013963, 0.20792743004858494]","[6467324.0, 6467324.0, 6467324.0]",,ok,984968.0,0.26734654896426946,0.2663255230290815,0.2685383770149201,5611829.0,85.06899636293188,052c11724960f0863c83b6c31bb9bab3a4be3e7614d22dcc11f4c6959b15285e,"[0.2663255230290815, 0.26734654896426946, 0.2685383770149201]","[182383.0, 341299.0, 984968.0]",,ok,5948977.0,0.11638258199673146,0.116033625905402,0.11685076402500272,647820.0,9.820220328138035,3bbbb805faa1e851121105daf83b585a59f19800dff0e6eb8d0b3d6d00fbbb73,"[0.116033625905402, 0.11685076402500272, 0.11638258199673146]","[5948977.0, 5948977.0, 5948977.0]",,6467324.0,SBM,TRF,SBM,ok
ising2.5-300_5555,ising,300,44850,8579363,4,2000,1,cuda:1,ok,8446058.0,0.20604373898822814,0.20526369800791144,0.2064452919876203,133305.0,1.5537866855616205,f3d762192a9be5e0f0c93e3822d00ce0656bcbf8f97612befc6b9b8cd443b27f,"[0.2064452919876203, 0.20604373898822814, 0.20526369800791144]","[8446058.0, 8446058.0, 8446058.0]",,ok,1468617.0,0.2640223989728838,0.2638002820312977,0.26440548803657293,7110746.0,82.88198086501293,e1b68e6b0b89bd83f5820f55aa2abdb9138f9f5770ec874ec6de4de281652733,"[0.2638002820312977, 0.2640223989728838, 0.26440548803657293]","[-195056.0, 565052.0, 1468617.0]",,ok,7599834.0,0.12289131199941039,0.12287361198104918,0.12878903606906533,979529.0,11.417269557192066,f7edf6a4aedefaf689228bb8be961455f27805f4e36f599594cca081b6ea0d01,"[0.12878903606906533, 0.12289131199941039, 0.12287361198104918]","[7599834.0, 7599834.0, 7599834.0]",,8446058.0,SBM,TRF,SBM,ok
ising2.5-300_6666,ising,300,44850,9102033,4,2000,1,cuda:2,ok,9009565.0,0.20541410997975618,0.2051733830012381,0.20577707898337394,92468.0,1.015904908277085,af0d197551628f4a80b831ebbd8450e3fa59d99cbcd8464e661884501b859d55,"[0.20577707898337394, 0.2051733830012381, 0.20541410997975618]","[9009565.0, 9009565.0, 9009565.0]",,ok,1517061.0,0.2641919329762459,0.26418798603117466,0.26492983708158135,7584972.0,83.33272357944648,19fa198fbe4d93c0f021e3c77b7e30d31e56fe98df6ee462912c183e799ab1b0,"[0.26492983708158135, 0.2641919329762459, 0.26418798603117466]","[1517061.0, 172538.0, 700066.0]",,ok,7797347.0,0.12314527807757258,0.12157187203411013,0.13880570291075855,1304686.0,14.334006479651304,b083408e36b928ad551c7f7cf3165ee6e7c93c0ff3a948bb15ae0141a741c375,"[0.13880570291075855, 0.12157187203411013, 0.12314527807757258]","[7797347.0, 7797347.0, 7797347.0]",,9009565.0,SBM,TRF,SBM,ok
ising2.5-300_7777,ising,300,44850,8323804,4,2000,1,cuda:7,ok,8164546.0,0.19949573697522283,0.19903963501565158,0.20012366096489131,159258.0,1.9132838783806059,6b881429497647a929d02e59f24bc1b80c07c6f67a7bd246ba881129c5f8ec40,"[0.20012366096489131, 0.19903963501565158, 0.19949573697522283]","[8164546.0, 8164546.0, 8164546.0]",,ok,604055.0,0.25579312804620713,0.25501926499418914,0.25605218298733234,7719749.0,92.7430415228422,9d18e342786630c6afd9a1c748186dde1dd7b98942b5cd4e62bca653289569db,"[0.25501926499418914, 0.25605218298733234, 0.25579312804620713]","[575985.0, 604055.0, 475843.0]",,ok,7345809.0,0.12046179897151887,0.12014391296543181,0.12126216699834913,977995.0,11.749375646038759,8ed0765aeea106a7ad0a8334851f9134f6346d31643cc233def063ccbd29b9d8,"[0.12126216699834913, 0.12046179897151887, 0.12014391296543181]","[7345809.0, 7345809.0, 7345809.0]",,8164546.0,SBM,TRF,SBM,ok
ising3.0-100_5555,ising,100,4950,2448189,4,2000,1,cuda:5,ok,2423752.0,0.19070074905175716,0.18931290390901268,0.19084555201698095,24437.0,0.998166399734661,6a86c21da8c6548367019c97dd45309ed7a1983b7228b39021ea1e9989bd5e61,"[0.19084555201698095, 0.18931290390901268, 0.19070074905175716]","[2423752.0, 2423752.0, 2423752.0]",,ok,421137.0,0.24815804592799395,0.24653103691525757,0.24830904603004456,2027052.0,82.79801927057102,0f9dd99bdada18091f7c2c26e724fc8c69832caa402de027c9f12242ae3f7d27,"[0.24815804592799395, 0.24653103691525757, 0.24830904603004456]","[-101076.0, 321239.0, 421137.0]",,ok,2331521.0,0.09285849600564688,0.09218983806204051,0.10719779401551932,116668.0,4.76548174997927,dea91cdd9ccbc78565e307f988372c03b3902d1b5e9c11f026c2fcf8e758fd03,"[0.10719779401551932, 0.09285849600564688, 0.09218983806204051]","[2331521.0, 2331521.0, 2331521.0]",,2423752.0,SBM,TRF,SBM,ok
ising3.0-100_6666,ising,100,4950,1984099,4,2000,1,cuda:3,ok,1939303.0,0.19022586708888412,0.18988729396369308,0.19024528504814953,44796.0,2.2577502433094314,b1bc7efb34bcdceb4ecc803cfc3e31891d562d31ef9276d6f6cfc938045e2d95,"[0.19022586708888412, 0.19024528504814953, 0.18988729396369308]","[1939303.0, 1939303.0, 1939303.0]",,ok,-514128.0,0.2494058929150924,0.2490980919683352,0.24976054299622774,2498227.0,125.9124166687247,a83e8c849d7e3c1bac22069b91d32d58207ec550c1dc3f87074ec451e0d53fc9,"[0.2494058929150924, 0.2490980919683352, 0.24976054299622774]","[-514128.0, -620265.0, -552956.0]",,ok,1777156.0,0.10043299803510308,0.09503480396233499,0.10456992301624268,206943.0,10.43007430576801,aea6655460710fdac58bab388d8c48c1b0353aaf292088203008ef4cf30df3b0,"[0.10456992301624268, 0.10043299803510308, 0.09503480396233499]","[1777156.0, 1777156.0, 1777156.0]",,1939303.0,SBM,TRF,SBM,ok
ising3.0-100_7777,ising,100,4950,3335814,4,2000,1,cuda:6,ok,3306129.0,0.20348733698483557,0.2034438729751855,0.20403564104344696,29685.0,0.8898877455397693,a3fe70f17688736a1675bdb3baf3b10381221ca6eb68990084f0586e686df168,"[0.2034438729751855, 0.20348733698483557, 0.20403564104344696]","[3306129.0, 3306129.0, 3306129.0]",,ok,1075423.0,0.2621311260154471,0.2620399440638721,0.2621877220226452,2260391.0,67.76130203902255,103998badd0b77414f27ce2c4141b627f12a5c8f79f5fe96b8e1abe54ae4b020,"[0.2621877220226452, 0.2621311260154471, 0.2620399440638721]","[1019903.0, 1075423.0, 346517.0]",,ok,2928091.0,0.09228221990633756,0.09171518997754902,0.09236008895095438,407723.0,12.222593945585695,77c542edbd0903a4caa0fcb3ed8fbf2250d1392ba9768fc4915c0dfaeee39ac7,"[0.09171518997754902, 0.09236008895095438, 0.09228221990633756]","[2928091.0, 2928091.0, 2928091.0]",,3306129.0,SBM,TRF,SBM,ok
ising3.0-150_5555,ising,150,11175,4279261,4,2000,1,cuda:7,ok,4235985.0,0.19360668503213674,0.19331852905452251,0.19431495398748666,43276.0,1.0112961093048543,a693e3764ca03adc776a456330f5d9f0a77279401a19d1e67b0a6ee13fb3dd0c,"[0.19431495398748666, 0.19331852905452251, 0.19360668503213674]","[4235985.0, 4235985.0, 4235985.0]",,ok,1020049.0,0.24897879094351083,0.24802918208297342,0.2504392439732328,3259212.0,76.16296365190158,6acf959bad939e8e63f4ae3c9053181e1f775059da7e263318d623de820b7d2c,"[0.24802918208297342, 0.24897879094351083, 0.2504392439732328]","[1020049.0, 638634.0, 615343.0]",,ok,3937810.0,0.09706797893159091,0.09628101799171418,0.11110406299121678,341451.0,7.979204820645434,e22cde1f7bd308e782bfca089e9718c610e583d179330f35530c839c4e3c70ab,"[0.11110406299121678, 0.09706797893159091, 0.09628101799171418]","[3937810.0, 3937810.0, 3937810.0]",,4235985.0,SBM,TRF,SBM,ok
ising3.0-150_6666,ising,150,11175,3949317,4,2000,1,cuda:6,ok,3835033.0,0.20459288300480694,0.20439999795053154,0.20486915193032473,114284.0,2.893766187925659,d44ce01c757695effffa60e5d0a895994368900901aee8c8e66b33520db9aa49,"[0.20459288300480694, 0.20486915193032473, 0.20439999795053154]","[3835033.0, 3835033.0, 3835033.0]",,ok,597109.0,0.2635569559643045,0.2626463519409299,0.2641939410241321,3352208.0,84.88070215685396,416a8939406814ac36bd758451761a64eca99324fdf56b88df78a08ea75f7d41,"[0.2635569559643045, 0.2626463519409299, 0.2641939410241321]","[593427.0, 376848.0, 597109.0]",,ok,3402158.0,0.10125063802115619,0.09638602193444967,0.12028853595256805,547159.0,13.854522187000942,8d86490612c01ea87be5598027c34b878f8f2337bb4f242d9cecadc14e48bc7e,"[0.12028853595256805, 0.10125063802115619, 0.09638602193444967]","[3402158.0, 3402158.0, 3402158.0]",,3835033.0,SBM,TRF,SBM,ok
ising3.0-150_7777,ising,150,11175,4211158,4,2000,1,cuda:3,ok,4137738.0,0.1918288040906191,0.19069915497675538,0.192205184022896,73420.0,1.7434634368978794,f1ac31781ec8fbdd6b798816a42e645c520aaa1adf74f879916591cb819bb8b1,"[0.19069915497675538, 0.192205184022896, 0.1918288040906191]","[4137738.0, 4137738.0, 4137738.0]",,ok,579987.0,0.25022114196326584,0.2502206979552284,0.25048087793402374,3631171.0,86.22737498806741,691134f8dedcd7a0d1c3b48bc1f18812dc89770b8e5b34c31c238e5b00ec5f4e,"[0.2502206979552284, 0.25048087793402374, 0.25022114196326584]","[579987.0, 39841.0, 244661.0]",,ok,3800015.0,0.09648821398150176,0.09630960004869848,0.09694991400465369,411143.0,9.763181528691158,8426cfa916baaf1a0696d2e497dfbe75adb3657b6dc070b04f6a4d554e2627ab,"[0.09694991400465369, 0.09648821398150176, 0.09630960004869848]","[3800015.0, 3800015.0, 3800015.0]",,4137738.0,SBM,TRF,SBM,ok
ising3.0-200_5555,ising,200,19900,6215531,4,2000,1,cuda:2,ok,6131453.0,0.20073287200648338,0.20015824493020773,0.20084438100457191,84078.0,1.3527082400522177,72bf4495ded75af1549870bc4e6e7852197f4324470ca98faf044091ead3cda8,"[0.20015824493020773, 0.20073287200648338, 0.20084438100457191]","[6131453.0, 6131453.0, 6131453.0]",,ok,812636.0,0.25970036711078137,0.25858008093200624,0.2597068540053442,5402895.0,86.92571881630064,9eaa902cd6e44321282a35e1c78e271e7adcbf1bc576b9a51991beeab8ab8f8e,"[0.25858008093200624, 0.2597068540053442, 0.25970036711078137]","[617034.0, 428188.0, 812636.0]",,ok,5427604.0,0.10964797402266413,0.10222884092945606,0.11333705799188465,787927.0,12.676744754390253,43687a7984f6aea348227f54d5a829749d78fc76dae2c47fcb05723ec35cb8e5,"[0.11333705799188465, 0.10964797402266413, 0.10222884092945606]","[5427604.0, 5427604.0, 5427604.0]",,6131453.0,SBM,TRF,SBM,ok
ising3.0-200_6666,ising,200,19900,6756263,4,2000,1,cuda:0,ok,6726397.0,0.30358091299422085,0.3033605790697038,0.3035918209934607,29866.0,0.442049103180264,8bf547d9878bb3b16b7f1d1c026ca8d03311623341f708a04f9dab779688df3f,"[0.3033605790697038, 0.30358091299422085, 0.3035918209934607]","[6726397.0, 6726397.0, 6726397.0]",,ok,1477191.0,0.3886248579947278,0.38765793398488313,0.38976888195611537,5279072.0,78.13597546454305,1be679172a8baa8eb58a2115e4cc9cd6ba5aba04e770b1efd159ae4b2b507903,"[0.3886248579947278, 0.38765793398488313, 0.38976888195611537]","[1477191.0, 1443734.0, 1202140.0]",,ok,6427839.0,0.10535742901265621,0.10534315800759941,0.10677169600967318,328424.0,4.861030424659313,ec555cb126b4fa68f03be08721fa679314678ebe36de05ca307ed1cc86b81aea,"[0.10677169600967318, 0.10534315800759941, 0.10535742901265621]","[6427839.0, 6427839.0, 6427839.0]",,6726397.0,SBM,TRF,SBM,ok
ising3.0-200_7777,ising,200,19900,5560824,4,2000,1,cuda:7,ok,5507510.0,0.19455446500796825,0.19380752998404205,0.1947900679660961,53314.0,0.9587428050231405,3ece5fa5b7430f2d191a7a0ff9f9b5937a7d212b4b6ae380f0a187b16ac850dd,"[0.19380752998404205, 0.19455446500796825, 0.1947900679660961]","[5507510.0, 5507510.0, 5507510.0]",,ok,990917.0,0.24973164102993906,0.2491458549629897,0.2498911910224706,4569907.0,82.18039269000421,cefa7738736ca0125692a4590d5f46faed9bed63bfe04916815377a51cb4290f,"[0.2498911910224706, 0.2491458549629897, 0.24973164102993906]","[-48661.0, 819012.0, 990917.0]",,ok,4974114.0,0.1016234679846093,0.10160809790249914,0.10179067496210337,586710.0,10.550774489536083,1c879e7d49eb455896caaec898b7d191f79eb12310155d7d75fea6df264e6833,"[0.10160809790249914, 0.10179067496210337, 0.1016234679846093]","[4974114.0, 4974114.0, 4974114.0]",,5507510.0,SBM,TRF,SBM,ok
ising3.0-250_5555,ising,250,31125,7823791,4,2000,1,cuda:3,ok,7714497.0,0.19391929206904024,0.19362461403943598,0.19397145800758153,109294.0,1.3969442690889877,6fb1f07c8eac92999124761146992b1956a36e789a200836809f1d3536b940e5,"[0.19391929206904024, 0.19397145800758153, 0.19362461403943598]","[7714497.0, 7714497.0, 7714497.0]",,ok,1035411.0,0.2527552890824154,0.252317019039765,0.2529384670779109,6788380.0,86.76586580597565,4220aefa4c70baf36a774deb9b624c8879fe7ff6dce8d5772ab2fcd6affa2ac8,"[0.2527552890824154, 0.252317019039765, 0.2529384670779109]","[579041.0, 740073.0, 1035411.0]",,ok,7035469.0,0.10971859097480774,0.10964939498808235,0.11546421400271356,788322.0,10.075959339915904,36a73eeb12d1f3763545bef92fb57666a600e039c7ae6b8e0dce521d5d7dd0a4,"[0.11546421400271356, 0.10964939498808235, 0.10971859097480774]","[7035469.0, 7035469.0, 7035469.0]",,7714497.0,SBM,TRF,SBM,ok
ising3.0-250_6666,ising,250,31125,6903351,4,2000,1,cuda:5,ok,6793865.0,0.19522775791119784,0.1945353209739551,0.19557248800992966,109486.0,1.5859833869087636,03908a2c2e1fce43e50862e13976d636a9ccb74013d00f88a38f0f18d8baf7f8,"[0.19557248800992966, 0.19522775791119784, 0.1945353209739551]","[6793865.0, 6793865.0, 6793865.0]",,ok,515001.0,0.25152450194582343,0.2514128570910543,0.25258823100011796,6388350.0,92.5398404340153,32aef45544ac76d2c799f7df74e3b2df93f6470cf8a665602dd59149dd8d1c36,"[0.25152450194582343, 0.2514128570910543, 0.25258823100011796]","[227205.0, 150742.0, 515001.0]",,ok,6171985.0,0.11435996799264103,0.10844759398605675,0.12350848992355168,731366.0,10.594362071405612,db5d58df62a74ed3e175b6bb1b11b7eb8548a901c357334ba52636cd3d3c233a,"[0.12350848992355168, 0.11435996799264103, 0.10844759398605675]","[6171985.0, 6171985.0, 6171985.0]",,6793865.0,SBM,TRF,SBM,ok
ising3.0-250_7777,ising,250,31125,6418276,4,2000,1,cuda:4,ok,6329019.0,0.20230338699184358,0.2020722129382193,0.20293350995052606,89257.0,1.390669394709732,dcd0c4efb99b031de2520665795c3ec4d5c5dca7cbe8c3202203f65f7b393577,"[0.2020722129382193, 0.20293350995052606, 0.20230338699184358]","[6329019.0, 6329019.0, 6329019.0]",,ok,685969.0,0.25823766191024333,0.25759913004003465,0.25986101699527353,5732307.0,89.31225456804911,03dd7ce8b59317921211a5b1b0f1ecf3d843824f012832280bba41551f7930e1,"[0.25759913004003465, 0.25823766191024333, 0.25986101699527353]","[425968.0, 685969.0, 548993.0]",,ok,5725799.0,0.10699913802091032,0.10637417796533555,0.10748198395594954,692477.0,10.78914337744279,5c946c5654377892170039f0b2f4d996964bc16d6fab267089eb145988b43468,"[0.10637417796533555, 0.10699913802091032, 0.10748198395594954]","[5725799.0, 5725799.0, 5725799.0]",,6329019.0,SBM,TRF,SBM,ok
ising3.0-300_5555,ising,300,44850,8493173,4,2000,1,cuda:3,ok,8391388.0,0.19463815703056753,0.19462829106487334,0.19527682510670274,101785.0,1.198433141536149,efadd8316f4555a7d7f9c4e5e4d97c876365ff429b4528810255a8732486e891,"[0.19527682510670274, 0.19463815703056753, 0.19462829106487334]","[8391388.0, 8391388.0, 8391388.0]",,ok,1124733.0,0.2538887639530003,0.25347750005312264,0.2542468230240047,7368440.0,86.75721076210269,2ea83e1c522acd81d18d84ffed836d482b0b18f86d783c349c0616c936b80d4b,"[0.25347750005312264, 0.2542468230240047, 0.2538887639530003]","[140678.0, 70542.0, 1124733.0]",,ok,7640271.0,0.1057435079710558,0.10570413607638329,0.10664004599675536,852902.0,10.042206840717833,c55fd0bafb709160cbc655b3366ba66738173cebd54c553966dd977918187906,"[0.10664004599675536, 0.1057435079710558, 0.10570413607638329]","[7640271.0, 7640271.0, 7640271.0]",,8391388.0,SBM,TRF,SBM,ok
ising3.0-300_6666,ising,300,44850,8915110,4,2000,1,cuda:6,ok,8739117.0,0.20786571293137968,0.20747198502067477,0.20808546303305775,175993.0,1.9740979079338337,a6b56f061d4539b3d632f829d4ff585d218918e0e2fc32a6e3d992070d07d2e3,"[0.20808546303305775, 0.20747198502067477, 0.20786571293137968]","[8739117.0, 8739117.0, 8739117.0]",,ok,1026191.0,0.2677618679590523,0.2670916890492663,0.2680077659897506,7888919.0,88.48930635740894,25ded67347487b3092f048dc0ecbd97e08fc8ca63015cf08506139325e771d0b,"[0.2670916890492663, 0.2677618679590523, 0.2680077659897506]","[1025281.0, 882712.0, 1026191.0]",,ok,8227905.0,0.11072760506067425,0.11072613904252648,0.12458236108068377,687205.0,7.708317676394346,b00c75e1ce1aba4c6b9a4ec0a13644dcf8358bdd02a99a1fed2fd4b8293e8e3f,"[0.12458236108068377, 0.11072613904252648, 0.11072760506067425]","[8227905.0, 8227905.0, 8227905.0]",,8739117.0,SBM,TRF,SBM,ok
ising3.0-300_7777,ising,300,44850,8242904,4,2000,1,cuda:5,ok,8050943.0,0.19621413701679558,0.19600551493931562,0.20246158295776695,191961.0,2.328803052904656,d5c6691c0764a4ee1431f84aacb4574591b65e111b2a8ae77f83a540258d095a,"[0.19621413701679558, 0.19600551493931562, 0.20246158295776695]","[8050943.0, 8050943.0, 8050943.0]",,ok,249755.0,0.2519143840763718,0.2518126950599253,0.2521268189884722,7993149.0,96.97006055147554,2d57b7ae5fe07dce0805f6fa7977a7cca6822157740420cb58ec31266d7b964d,"[0.2519143840763718, 0.2521268189884722, 0.2518126950599253]","[-135713.0, 113244.0, 249755.0]",,ok,7283236.0,0.1112782449927181,0.11074282391928136,0.1119106620317325,959668.0,11.642353228910588,2be37bb98b1c80e27e07925650f92dbda20ec1e02d4bda7b1d1db36975d76f2f,"[0.1119106620317325, 0.1112782449927181, 0.11074282391928136]","[7283236.0, 7283236.0, 7283236.0]",,8050943.0,SBM,TRF,SBM,ok
pm1d_100.0,rudy,100,4901,340,4,2000,1,cuda:3,ok,340.0,0.19036255008541048,0.19011508603580296,0.19047385698650032,0.0,0.0,b2cc742667ee32e89857db86733275a4c66479f5b2e8f9d4b88268092741e536,"[0.19047385698650032, 0.19011508603580296, 0.19036255008541048]","[340.0, 340.0, 340.0]",,ok,325.0,0.24898846598807722,0.24852647399529815,0.2492593260249123,15.0,4.411764705882353,7b0ffb86c09b6866cebdc1d5a2436c3fc45517b1469465911ff09928f6a04606,"[0.24852647399529815, 0.24898846598807722, 0.2492593260249123]","[325.0, 325.0, 325.0]",,ok,241.0,0.10150685289409012,0.09455051401164383,0.10464834701269865,99.0,29.11764705882353,efa27b0a657bda5024087e333ba00c06171bebcea7935efa9db79751fa0debb4,"[0.10464834701269865, 0.10150685289409012, 0.09455051401164383]","[241.0, 241.0, 241.0]",,340.0,SBM,TRF,SBM,ok
pm1d_100.1,rudy,100,4901,324,4,2000,1,cuda:6,ok,324.0,0.20317305100616068,0.20296906400471926,0.20350957696791738,0.0,0.0,ed01fd76c587c42a7f1be0a4ca992a1a4eb88ea131bb5ecbdb57d107ecc12c01,"[0.20296906400471926, 0.20317305100616068, 0.20350957696791738]","[324.0, 324.0, 324.0]",,ok,316.0,0.2622586159268394,0.26208347897045314,0.26266957400366664,8.0,2.4691358024691357,9e3afdb0f51a0fd3ad84f811ac014226a55f99bbdb6590a3b0c7d41d35c54648,"[0.26266957400366664, 0.26208347897045314, 0.2622586159268394]","[316.0, 316.0, 316.0]",,ok,261.0,0.09200801397673786,0.0919516640715301,0.09214087494183332,63.0,19.444444444444443,5d1580f033229a411e8d2046d5769f42c9017f5c6dd844808104c5da63295319,"[0.0919516640715301, 0.09200801397673786, 0.09214087494183332]","[261.0, 261.0, 261.0]",,324.0,SBM,TRF,SBM,ok
pm1d_100.2,rudy,100,4901,389,4,2000,1,cuda:0,ok,388.0,0.3014609449310228,0.3012519780313596,0.3020563699537888,1.0,0.2570694087403599,6207a9f153fea92536552e19c541438c812735f43bec967ac4ca65e693bfa305,"[0.3012519780313596, 0.3020563699537888, 0.3014609449310228]","[388.0, 388.0, 388.0]",,ok,386.0,0.3867354729445651,0.38600301602855325,0.39036002301145345,3.0,0.7712082262210797,6eeba5673aa7085aae1d184ada4cc657cbfc6f4a7f30503d35741d8adacaa446,"[0.38600301602855325, 0.39036002301145345, 0.3867354729445651]","[386.0, 386.0, 386.0]",,ok,329.0,0.10475973295979202,0.0943658190080896,0.1262900719884783,60.0,15.424164524421593,4317b827f24702ec3e0667c3829aa834b4ad66254659de83c90b95c00208dfaf,"[0.1262900719884783, 0.10475973295979202, 0.0943658190080896]","[329.0, 329.0, 329.0]",,388.0,SBM,TRF,SBM,ok
pm1d_100.3,rudy,100,4901,400,4,2000,1,cuda:7,ok,400.0,0.19358250009827316,0.19310836994554847,0.19370107701979578,0.0,0.0,72e2b2c06511e99c689afd28e857b52779d7f570b0756615c91b47211cedd0ca,"[0.19358250009827316, 0.19310836994554847, 0.19370107701979578]","[400.0, 400.0, 400.0]",,ok,386.0,0.24845251394435763,0.24760881706606597,0.24850827001500875,14.0,3.5,89ef5dbbc90ad0e91bb0a17176e7d5ff4c47d55eb7ccaa2b5c61877253273462,"[0.24850827001500875, 0.24760881706606597, 0.24845251394435763]","[386.0, 386.0, 386.0]",,ok,334.0,0.10709225002210587,0.09195992001332343,0.1107093890896067,66.0,16.5,08981ce1b09033ef9a64d54c24b50da321acc4e46e5bb121b51c2f144e64c08c,"[0.1107093890896067, 0.10709225002210587, 0.09195992001332343]","[334.0, 334.0, 334.0]",,400.0,SBM,TRF,SBM,ok
pm1d_100.4,rudy,100,4901,363,4,2000,1,cuda:4,ok,363.0,0.1995363379828632,0.19878955103922635,0.20044195000082254,0.0,0.0,4ba34eac4147f638856711f18b60dc60d56ba5c8bced51aeb8b247c46ec53051,"[0.20044195000082254, 0.1995363379828632, 0.19878955103922635]","[363.0, 363.0, 363.0]",,ok,344.0,0.25588734296616167,0.25572452403139323,0.25909204594790936,19.0,5.234159779614325,5dc03d4b493c951a2fb810da7f94dcd30e6be64be90f156fe264d6d4d1615430,"[0.25909204594790936, 0.25572452403139323, 0.25588734296616167]","[344.0, 344.0, 344.0]",,ok,280.0,0.09034919796977192,0.08967548899818212,0.09041101404000074,83.0,22.865013774104682,a6590e5809ca891a2d49b0170555c460a6efcfc246f4811884f24a834bd80a43,"[0.08967548899818212, 0.09041101404000074, 0.09034919796977192]","[280.0, 280.0, 280.0]",,363.0,SBM,TRF,SBM,ok
pm1d_100.5,rudy,100,4901,441,4,2000,1,cuda:1,ok,441.0,0.19848491495940834,0.19832998793572187,0.1991001720307395,0.0,0.0,3fbca4dfd1985d0608984a936a88cc5cf338d0feb61e07f3ffdec50b74ed8fbc,"[0.1991001720307395, 0.19832998793572187, 0.19848491495940834]","[441.0, 441.0, 441.0]",,ok,429.0,0.2563561850693077,0.2563442960381508,0.2566402950324118,12.0,2.7210884353741496,2d50f9744178a2035ae259168bff1faf16ca2b7d11e6269c57892de7adc926c1,"[0.2566402950324118, 0.2563442960381508, 0.2563561850693077]","[429.0, 429.0, 429.0]",,ok,344.0,0.09334069199394435,0.09295293292962015,0.1032079349970445,97.0,21.99546485260771,7aff919ef2e656606f9042ee538a41aa33a0348273faaf417df296800ebdd888,"[0.1032079349970445, 0.09334069199394435, 0.09295293292962015]","[344.0, 344.0, 344.0]",,441.0,SBM,TRF,SBM,ok
pm1d_100.6,rudy,100,4901,367,4,2000,1,cuda:2,ok,367.0,0.19904850597959012,0.19834606198128313,0.19962949899490923,0.0,0.0,8a2d67b8a50703a02b5712b0557398c2fb4fa27b087bd78db8800d98634f5d40,"[0.19834606198128313, 0.19904850597959012, 0.19962949899490923]","[367.0, 367.0, 367.0]",,ok,349.0,0.257264327025041,0.2547046300023794,0.2584378579631448,18.0,4.9046321525885554,f7ce7ba73ef3733dd6c7406554c5c98c125489aaf99fd290fb1569fae3f566b7,"[0.257264327025041, 0.2547046300023794, 0.2584378579631448]","[349.0, 349.0, 349.0]",,ok,296.0,0.0970440220553428,0.09128062007948756,0.11314393999055028,71.0,19.346049046321525,4f513898c7b9b184673836e73d9895c4b38fdabb3ff0e9ebba3e5453074baaa4,"[0.11314393999055028, 0.0970440220553428, 0.09128062007948756]","[296.0, 296.0, 296.0]",,367.0,SBM,TRF,SBM,ok
pm1d_100.7,rudy,100,4901,361,4,2000,1,cuda:5,ok,361.0,0.19151061307638884,0.18945047596935183,0.19599273800849915,0.0,0.0,26b981586056fcf14e5a6d2b12dae6eef456c3c6afe017c3161c7f6e94854d87,"[0.18945047596935183, 0.19151061307638884, 0.19599273800849915]","[361.0, 361.0, 361.0]",,ok,345.0,0.2485192670719698,0.24830216297414154,0.2485396780539304,16.0,4.43213296398892,19b75e98a8f1d7e6d67ac7976323e01da36fa748ea4404bec1f00f5b13eb4717,"[0.2485396780539304, 0.24830216297414154, 0.2485192670719698]","[345.0, 345.0, 345.0]",,ok,308.0,0.0913620600476861,0.09089533204678446,0.09144456789363176,53.0,14.681440443213296,cc8bdb381f9891727ccbdf79270a34765d0de2cf6f426f1913ee871f4edec640,"[0.09089533204678446, 0.0913620600476861, 0.09144456789363176]","[308.0, 308.0, 308.0]",,361.0,SBM,TRF,SBM,ok
pm1d_100.8,rudy,100,4901,385,4,2000,1,cuda:3,ok,385.0,0.19045710598584265,0.1903673600172624,0.19055286201182753,0.0,0.0,30deb48c70ac10c5942f0d9ece76ad922b29e35a121fe21cf23ff8e976581fea,"[0.1903673600172624, 0.19045710598584265, 0.19055286201182753]","[385.0, 385.0, 385.0]",,ok,350.0,0.24898820905946195,0.2486114630009979,0.24914598499890417,35.0,9.090909090909092,221ad3f33eafe14190732c3af7ad90e4bcb339534e65c54b9393e43115f959f5,"[0.24898820905946195, 0.24914598499890417, 0.2486114630009979]","[350.0, 350.0, 350.0]",,ok,253.0,0.09252033196389675,0.09237669594585896,0.09331082401331514,132.0,34.285714285714285,c5665240187dc78bcd69cd2147ea9f6e3462cda473f225d6109ea59665205290,"[0.09331082401331514, 0.09237669594585896, 0.09252033196389675]","[253.0, 253.0, 253.0]",,385.0,SBM,TRF,SBM,ok
pm1d_100.9,rudy,100,4901,405,4,2000,1,cuda:6,ok,405.0,0.20294379303231835,0.20285842998418957,0.20322950405534357,0.0,0.0,35f25831cb3b4236173f0b6ea726f73f73cc3e8cb188c640afcb253d5042b12a,"[0.20294379303231835, 0.20285842998418957, 0.20322950405534357]","[405.0, 405.0, 405.0]",,ok,381.0,0.2632938319584355,0.26312845200300217,0.2634991960367188,24.0,5.925925925925926,3467719be2732afef8c750745df4869e150672dbf9f2fb2d8fe090180456dc1b,"[0.26312845200300217, 0.2632938319584355, 0.2634991960367188]","[381.0, 381.0, 381.0]",,ok,327.0,0.10617312393151224,0.09218679508194327,0.11437466600909829,78.0,19.25925925925926,446bbcc8fc11c1d751a3b3bc5cdb5ed8bd27268e7f1e23800b40655be3801f3c,"[0.11437466600909829, 0.10617312393151224, 0.09218679508194327]","[327.0, 327.0, 327.0]",,405.0,SBM,TRF,SBM,ok
pm1d_80.0,rudy,80,3128,227,4,2000,1,cuda:6,ok,227.0,0.20305391598958522,0.20293133496306837,0.20346832904033363,0.0,0.0,881bb36434b798f307bcaade9eff5d3cd47b7c4bcb41d258b38ec6d2ff922733,"[0.20305391598958522, 0.20293133496306837, 0.20346832904033363]","[227.0, 227.0, 227.0]",,ok,227.0,0.2617115090833977,0.26130419806577265,0.2629203360993415,0.0,0.0,881bb36434b798f307bcaade9eff5d3cd47b7c4bcb41d258b38ec6d2ff922733,"[0.26130419806577265, 0.2617115090833977, 0.2629203360993415]","[227.0, 227.0, 227.0]",,ok,163.0,0.09826913196593523,0.0919956270372495,0.10472367098554969,64.0,28.19383259911894,77fee093508a50d93a95be79ae298c8ec4762dba258d7197a6009edaefdc84be,"[0.10472367098554969, 0.09826913196593523, 0.0919956270372495]","[163.0, 163.0, 163.0]",,227.0,SBM|SVL,TRF,SBM,ok
pm1d_80.1,rudy,80,3128,245,4,2000,1,cuda:3,ok,245.0,0.18988966394681484,0.18971595610491931,0.1898972310591489,0.0,0.0,ab1efff52621e9da5098f3a79392a17ca335b088c7bb15f7f7df97180bf08279,"[0.1898972310591489, 0.18971595610491931, 0.18988966394681484]","[245.0, 245.0, 245.0]",,ok,243.0,0.2491368050687015,0.24836703506298363,0.24932942993473262,2.0,0.8163265306122449,ed85f1c33c838192d075f6b09a1ab485bcc9ef6a5b7423d2096f8927219f2742,"[0.24932942993473262, 0.24836703506298363, 0.2491368050687015]","[243.0, 243.0, 243.0]",,ok,192.0,0.0875510360347107,0.08749950700439513,0.08824215200729668,53.0,21.632653061224488,57aaa4b182def6520cdb9dece853f84a6d87996515a155b915b228dcd42b566f,"[0.08824215200729668, 0.0875510360347107, 0.08749950700439513]","[192.0, 192.0, 192.0]",,245.0,SBM,TRF,SBM,ok
pm1d_80.2,rudy,80,3128,284,4,2000,1,cuda:5,ok,284.0,0.19104300101753324,0.19043128693010658,0.191817969083786,0.0,0.0,e80b05410f97bea459d79e5926f3c1a747f62798e92686b753a03a7e20dd9c76,"[0.191817969083786, 0.19104300101753324, 0.19043128693010658]","[284.0, 284.0, 284.0]",,ok,280.0,0.24667236907407641,0.24621062900405377,0.24869043205399066,4.0,1.408450704225352,fc09a7ec1507eae42252e0fd59d02f8374b1a919671d942d1c77c3e812ab3fd7,"[0.24667236907407641, 0.24621062900405377, 0.24869043205399066]","[280.0, 280.0, 280.0]",,ok,234.0,0.08756582997739315,0.08740696997847408,0.08844657300505787,50.0,17.6056338028169,a1a006aac945b36c4655e09f0a49f18a605c381d0a893af5886d6106dd42a159,"[0.08844657300505787, 0.08756582997739315, 0.08740696997847408]","[234.0, 234.0, 234.0]",,284.0,SBM,TRF,SBM,ok
pm1d_80.3,rudy,80,3128,291,4,2000,1,cuda:7,ok,291.0,0.19260697602294385,0.19219916104339063,0.19278591801412404,0.0,0.0,9a5e8b5e218ad19e650631410f2700f2a4108adcdaf0d5cb029bbed5ed15805f,"[0.19278591801412404, 0.19219916104339063, 0.19260697602294385]","[291.0, 291.0, 291.0]",,ok,279.0,0.2484612320549786,0.24808997090440243,0.2484924519667402,12.0,4.123711340206185,969aea2496547e7c3473c8bbb611f8a3a2d0493ebe94209a9bd0f4bdf79c345a,"[0.2484612320549786, 0.24808997090440243, 0.2484924519667402]","[279.0, 279.0, 279.0]",,ok,213.0,0.08750265394337475,0.08726656797807664,0.08862129505723715,78.0,26.804123711340207,42d9faa774f94b2bd28d47ab290210bf946bf0e9717493a6847a12f60adeff8d,"[0.08862129505723715, 0.08750265394337475, 0.08726656797807664]","[213.0, 213.0, 213.0]",,291.0,SBM,TRF,SBM,ok
pm1d_80.4,rudy,80,3128,251,4,2000,1,cuda:4,ok,251.0,0.19980308099184185,0.19944141304586083,0.20006653503514826,0.0,0.0,92453bad21b9522e5470be7811c38924a51aca6e928a110328c0e74278204b12,"[0.20006653503514826, 0.19980308099184185, 0.19944141304586083]","[251.0, 251.0, 251.0]",,ok,247.0,0.25417210801970214,0.25410853000357747,0.254810202983208,4.0,1.593625498007968,fd9b2e2653eb00d21c4841bb6638da347545cd583f21f1ecc4e38980bd4e3641,"[0.25417210801970214, 0.254810202983208, 0.25410853000357747]","[247.0, 247.0, 247.0]",,ok,178.0,0.08506379707250744,0.08500023104716092,0.08569804206490517,73.0,29.083665338645417,92faefe268df977d080fa54029a5f10ebb38cb9da3fc9fc8332583fa65906a90,"[0.08500023104716092, 0.08506379707250744, 0.08569804206490517]","[178.0, 178.0, 178.0]",,251.0,SBM,TRF,SBM,ok
pm1d_80.5,rudy,80,3128,242,4,2000,1,cuda:1,ok,242.0,0.19957834808155894,0.19893218902871013,0.20004222099669278,0.0,0.0,a51834baac32bede7bd91dc80cf58e8dbfecbe0f0f35c0fe31a82a86e1afb7a3,"[0.19957834808155894, 0.19893218902871013, 0.20004222099669278]","[242.0, 242.0, 242.0]",,ok,230.0,0.2571291739586741,0.2566972600761801,0.25720969599206,12.0,4.958677685950414,ddbbc420cb5b0d8886057e9a0c2705efac02277efa1352a80e6a9be650f5fd49,"[0.25720969599206, 0.2566972600761801, 0.2571291739586741]","[230.0, 230.0, 230.0]",,ok,196.0,0.08832263806834817,0.08823431399650872,0.11003636301029474,46.0,19.00826446280992,e536f78fc3b5bbba47ba1add1e5afaef81cb381af847a32589f2c0617099e60b,"[0.11003636301029474, 0.08832263806834817, 0.08823431399650872]","[196.0, 196.0, 196.0]",,242.0,SBM,TRF,SBM,ok
pm1d_80.6,rudy,80,3128,205,4,2000,1,cuda:2,ok,205.0,0.19784913305193186,0.1975431040627882,0.20094032702036202,0.0,0.0,f6611223ea86160c7dfd62fc5a10db1c06a4c262baaec57378d9b5294c78cb2a,"[0.1975431040627882, 0.20094032702036202, 0.19784913305193186]","[205.0, 205.0, 205.0]",,ok,200.0,0.25556567998137325,0.2539370999438688,0.2556555221090093,5.0,2.4390243902439024,7fd17c72f20da23cfa61657ec68090aecfca6a72513431e4a2eb0b99317701b6,"[0.2556555221090093, 0.25556567998137325, 0.2539370999438688]","[200.0, 200.0, 200.0]",,ok,159.0,0.08572976791765541,0.08548536605667323,0.08677958894986659,46.0,22.4390243902439,d4966a604f5981b5f9a8a4e63c5874be33eda5d9e2e414a0cdc6a5ce7d10429e,"[0.08677958894986659, 0.08572976791765541, 0.08548536605667323]","[159.0, 159.0, 159.0]",,205.0,SBM,TRF,SBM,ok
pm1d_80.7,rudy,80,3128,249,4,2000,1,cuda:3,ok,249.0,0.18943940906319767,0.1892407729756087,0.18987644009757787,0.0,0.0,4444dddb8f4cb5f2cc5833aa453d36f28bfa1038f95925248c650c4a100f2655,"[0.18943940906319767, 0.1892407729756087, 0.18987644009757787]","[249.0, 249.0, 249.0]",,ok,245.0,0.24866852804552764,0.24859560106415302,0.24922151200007647,4.0,1.606425702811245,bcfc9abce1d31e0792d075c19d3dc503491afa7b343d9886f37736cd08d351a8,"[0.24922151200007647, 0.24859560106415302, 0.24866852804552764]","[245.0, 245.0, 245.0]",,ok,183.0,0.08798655797727406,0.0878760099876672,0.08908334001898766,66.0,26.50602409638554,6f427c4befa89ec4e38421abec0cd9b0fc975ad8e88ca78e2b307d71e89b6399,"[0.08908334001898766, 0.08798655797727406, 0.0878760099876672]","[183.0, 183.0, 183.0]",,249.0,SBM,TRF,SBM,ok
pm1d_80.8,rudy,80,3128,293,4,2000,1,cuda:5,ok,293.0,0.1913934190524742,0.1901965980650857,0.19143711600918323,0.0,0.0,3a1457e93f819683bcded41f7b567e3460ddae14f294448aa6ecaf26e613c669,"[0.19143711600918323, 0.1913934190524742, 0.1901965980650857]","[293.0, 293.0, 293.0]",,ok,282.0,0.24743874499108642,0.2473273379728198,0.2512843389995396,11.0,3.7542662116040955,bca558e30868c2f7baf483b10eb08b5347f15c56233c45f760473c90baba0c71,"[0.24743874499108642, 0.2473273379728198, 0.2512843389995396]","[282.0, 282.0, 282.0]",,ok,233.0,0.08753477700520307,0.08747302193660289,0.08856106293387711,60.0,20.477815699658702,0c44f3393c3556c11a797ecb12f054b37c90df2925b1f6870cce0d52652d1d6c,"[0.08856106293387711, 0.08753477700520307, 0.08747302193660289]","[233.0, 233.0, 233.0]",,293.0,SBM,TRF,SBM,ok
pm1d_80.9,rudy,80,3128,258,4,2000,1,cuda:6,ok,258.0,0.20251054200343788,0.20243720593862236,0.20341607893351465,0.0,0.0,be8882bb93d3be7981feb53018ba711af21e6269bd0c9e262669788b7fd50b8e,"[0.20341607893351465, 0.20251054200343788, 0.20243720593862236]","[258.0, 258.0, 258.0]",,ok,249.0,0.2620898010209203,0.2616690999129787,0.2629143340745941,9.0,3.488372093023256,f80c445e07bad5c8615f802f7ce48e565f15e9d48f5dea7a379ffdb8d472a8c1,"[0.2629143340745941, 0.2620898010209203, 0.2616690999129787]","[249.0, 249.0, 249.0]",,ok,209.0,0.08726850897073746,0.08717545203398913,0.08814302703831345,49.0,18.992248062015506,570a7a5435e36bb46c75f3d03fd8a76c88a2c9f0e12baf8cbe53cc3ae040274f,"[0.08814302703831345, 0.08726850897073746, 0.08717545203398913]","[209.0, 209.0, 209.0]",,258.0,SBM,TRF,SBM,ok
pm1s_100.0,rudy,100,495,127,4,2000,1,cuda:7,ok,127.0,0.1927688269643113,0.19252686691470444,0.1929797250777483,0.0,0.0,9639e70f23195c4995a5ab1f77a8664a0aec05102120d2759f2fc3034da31656,"[0.19252686691470444, 0.1929797250777483, 0.1927688269643113]","[127.0, 127.0, 127.0]",,ok,123.0,0.24773775704670697,0.2475948560750112,0.24778631003573537,4.0,3.1496062992125986,ae8b138c331f905d0919a5690e691d1cee3ac42bf23dfc8d208eb21ef22393a7,"[0.24778631003573537, 0.24773775704670697, 0.2475948560750112]","[123.0, 123.0, 123.0]",,ok,104.0,0.08831903396639973,0.08824089798144996,0.08895890694111586,23.0,18.11023622047244,1f5662dc6ba0e5e019192adafe03c88622fcb559f4daefd0c796d7c55d8131c0,"[0.08895890694111586, 0.08824089798144996, 0.08831903396639973]","[104.0, 104.0, 104.0]",,127.0,SBM,TRF,SBM,ok
pm1s_100.1,rudy,100,495,126,4,2000,1,cuda:4,ok,126.0,0.19941224006470293,0.19914878101553768,0.2008368179667741,0.0,0.0,320e723d162865ba0bdc1ff0f01ff8a75f3f9ae135482e97711179f3f1a5f033,"[0.2008368179667741, 0.19941224006470293, 0.19914878101553768]","[126.0, 126.0, 126.0]",,ok,123.0,0.25563496409449726,0.25372275605332106,0.256757658906281,3.0,2.380952380952381,629f6fb1a28ed4a70750a59df0f7732f493cc87f68dba4ef3edbd69b31f68fac,"[0.25372275605332106, 0.25563496409449726, 0.256757658906281]","[123.0, 123.0, 123.0]",,ok,98.0,0.1065846390556544,0.0871682339347899,0.11024934006854892,28.0,22.22222222222222,98f78fb56225aedd59bba5921f2b57d8ec87ef570065f39f6d46edf0c15ea90e,"[0.11024934006854892, 0.1065846390556544, 0.0871682339347899]","[98.0, 98.0, 98.0]",,126.0,SBM,TRF,SBM,ok
pm1s_100.2,rudy,100,495,125,4,2000,1,cuda:1,ok,125.0,0.197843702044338,0.19741604302544147,0.19794871704652905,0.0,0.0,17ef59cc05359235ae659f7f65aba6445c86a65a9b6036bf13ccb4bbfdc8f2aa,"[0.197843702044338, 0.19794871704652905, 0.19741604302544147]","[125.0, 125.0, 125.0]",,ok,121.0,0.255682212067768,0.25565153104253113,0.25902350700926036,4.0,3.2,73141ab8c9e8adfb77cae64a02ebc19f83f32763737728245f7ffeae0f039b71,"[0.25902350700926036, 0.25565153104253113, 0.255682212067768]","[121.0, 121.0, 121.0]",,ok,107.0,0.08929104299750179,0.08910027204547077,0.09040336892940104,18.0,14.4,e4fe9b7abf222aaaab2b41dc0219bcc434152603b4f6665135772b109f82bebd,"[0.09040336892940104, 0.08929104299750179, 0.08910027204547077]","[107.0, 107.0, 107.0]",,125.0,SBM,TRF,SBM,ok
pm1s_100.3,rudy,100,495,111,4,2000,1,cuda:5,ok,111.0,0.19063134293537587,0.19060842006001621,0.19130542292259634,0.0,0.0,e5edc1c7d54a368f8e0e87da33d0258db9c6f88481323f9e84ee4217520686cf,"[0.19060842006001621, 0.19063134293537587, 0.19130542292259634]","[111.0, 111.0, 111.0]",,ok,109.0,0.24758813600055873,0.24690408899914473,0.24779285700060427,2.0,1.8018018018018018,b8607e8aba75dd340a70633d7b9f93a562571d888f13373b6b1ade71f2a769e2,"[0.24779285700060427, 0.24690408899914473, 0.24758813600055873]","[109.0, 109.0, 109.0]",,ok,91.0,0.08995578193571419,0.08984715095721185,0.10192740196362138,20.0,18.01801801801802,71b8e42e77a473d9724519e9c4d994b0a3b969f6f37ad27102787823631f4bd6,"[0.10192740196362138, 0.08995578193571419, 0.08984715095721185]","[91.0, 91.0, 91.0]",,111.0,SBM,TRF,SBM,ok
pm1s_100.4,rudy,100,495,128,4,2000,1,cuda:0,ok,128.0,0.3015642990358174,0.2987852629739791,0.30357598001137376,0.0,0.0,e7b8dbe101e889d75dc54a90fbea2b90c6702345dab6dc453c4dc0ac7adf1525,"[0.30357598001137376, 0.2987852629739791, 0.3015642990358174]","[128.0, 128.0, 128.0]",,ok,123.0,0.38613851298578084,0.3855064620729536,0.3865091089392081,5.0,3.90625,879b1b4517bab4c7efb46972309d0dbf85d8c4f2ad5f1f63ef87e6241030baac,"[0.3855064620729536, 0.3865091089392081, 0.38613851298578084]","[123.0, 123.0, 123.0]",,ok,107.0,0.1057899430161342,0.09127264795824885,0.12672513991128653,21.0,16.40625,1c9fe687a571c3d868df586f383ce1909bb6a1c58c63c31525ad9be893acf5f2,"[0.12672513991128653, 0.1057899430161342, 0.09127264795824885]","[107.0, 107.0, 107.0]",,128.0,SBM,TRF,SBM,ok
pm1s_100.5,rudy,100,495,128,4,2000,1,cuda:2,ok,128.0,0.19759931706357747,0.1972253459971398,0.19810578599572182,0.0,0.0,6806557591c81eb1a1479c2c71f2d1d9f7fd68bbbc54b54f11616848a0bd939f,"[0.1972253459971398, 0.19759931706357747, 0.19810578599572182]","[128.0, 128.0, 128.0]",,ok,121.0,0.2550781030440703,0.25444592093117535,0.256265296950005,7.0,5.46875,8d5cf7c7ff81a7e5d69d496915533ef58c8a321e5c98857523552207a6fb0f5c,"[0.256265296950005, 0.25444592093117535, 0.2550781030440703]","[121.0, 121.0, 121.0]",,ok,105.0,0.08851538004819304,0.08831627492327243,0.0896274319384247,23.0,17.96875,1a9642ea06adfb3d72afcde58d52bbfe5ea1f017a1ee4b207ed080898a59c398,"[0.0896274319384247, 0.08851538004819304, 0.08831627492327243]","[105.0, 105.0, 105.0]",,128.0,SBM,TRF,SBM,ok
pm1s_100.6,rudy,100,495,122,4,2000,1,cuda:3,ok,122.0,0.18953141290694475,0.18898632691707462,0.19049974402878433,0.0,0.0,364f2151ee9d38c9322dc19d33bb947d17f65b2430b4332d20cf56a95df39939,"[0.18953141290694475, 0.18898632691707462, 0.19049974402878433]","[122.0, 122.0, 122.0]",,ok,117.0,0.247769893030636,0.24751510692294687,0.24834387295413762,5.0,4.098360655737705,4a9972890209b6c2707fa49776c9be852b28a0b491f5bef45a89273be617a757,"[0.247769893030636, 0.24751510692294687, 0.24834387295413762]","[117.0, 117.0, 117.0]",,ok,91.0,0.08918548608198762,0.08916092698927969,0.08963299600873142,31.0,25.40983606557377,314c90c22fc7ce8be40179532d27ec3bee6dd3c62bd68d60d0362a63b720c942,"[0.08963299600873142, 0.08918548608198762, 0.08916092698927969]","[91.0, 91.0, 91.0]",,122.0,SBM,TRF,SBM,ok
pm1s_100.7,rudy,100,495,112,4,2000,1,cuda:6,ok,112.0,0.20228379894979298,0.2021611490054056,0.2033414050238207,0.0,0.0,d687bcc9ee331d073db0e6c6ddd085a98cbd5f256dd2bf36f1603d704631af26,"[0.2021611490054056, 0.2033414050238207, 0.20228379894979298]","[112.0, 112.0, 112.0]",,ok,103.0,0.2621000329963863,0.26136011292692274,0.26262326596770436,9.0,8.035714285714286,e80abc640e08f6f414b63f3a876e16e9317a78c63305bece174b833fe0ddd4eb,"[0.26136011292692274, 0.26262326596770436, 0.2621000329963863]","[103.0, 103.0, 103.0]",,ok,82.0,0.08872625604271889,0.08852547302376479,0.10270539100747555,30.0,26.785714285714285,c53bf9266f1ddbf3bf321c94485075c0dc4cb7a12931310fe6b212af99c88ec4,"[0.10270539100747555, 0.08872625604271889, 0.08852547302376479]","[82.0, 82.0, 82.0]",,112.0,SBM,TRF,SBM,ok
pm1s_100.8,rudy,100,495,120,4,2000,1,cuda:7,ok,120.0,0.1928626400185749,0.19180472090374678,0.1929167240159586,0.0,0.0,015f0c5dc159bdb261f1c0c3323466c26e4dc685cdfb2a02352d3bb5c74f29da,"[0.1929167240159586, 0.19180472090374678, 0.1928626400185749]","[120.0, 120.0, 120.0]",,ok,110.0,0.24809942301362753,0.24687268491834402,0.248189750011079,10.0,8.333333333333334,75ef8ce37a86b26ebb9a5208b6f730292ddb8f1a451ce0aa071b65e8f98a82a8,"[0.24687268491834402, 0.24809942301362753, 0.248189750011079]","[110.0, 110.0, 110.0]",,ok,94.0,0.10164536791853607,0.08866976806893945,0.10597721999511123,26.0,21.666666666666668,7929cfb24e2a5ff3bd87c8b98c943b17b4d5829f9063b7d7657f5a591c2b922d,"[0.10597721999511123, 0.10164536791853607, 0.08866976806893945]","[94.0, 94.0, 94.0]",,120.0,SBM,TRF,SBM,ok
pm1s_100.9,rudy,100,495,127,4,2000,1,cuda:4,ok,127.0,0.19809184595942497,0.19770145101938397,0.19883900100830942,0.0,0.0,b6b934fe76bae0b0cb5120cebc82abe7cf77b2f36264c9e6a0561c320a191d1b,"[0.19883900100830942, 0.19770145101938397, 0.19809184595942497]","[127.0, 127.0, 127.0]",,ok,125.0,0.25434494600631297,0.2539632290136069,0.2543911540415138,2.0,1.5748031496062993,ea59cfc65a08c10a92c225a03e69aa642995e9595ca5fe101c5daa8bbad536f2,"[0.25434494600631297, 0.2543911540415138, 0.2539632290136069]","[125.0, 125.0, 125.0]",,ok,100.0,0.08689194300677627,0.08674137806519866,0.09925888199359179,27.0,21.25984251968504,29150309ac9c17bc402cd77db201adba40b909642c017f5f8e5a8c66fd5eaa11,"[0.09925888199359179, 0.08689194300677627, 0.08674137806519866]","[100.0, 100.0, 100.0]",,127.0,SBM,TRF,SBM,ok
pm1s_80.0,rudy,80,316,79,4,2000,1,cuda:0,ok,79.0,0.29893644398543984,0.2987869520438835,0.30392807302996516,0.0,0.0,fd03fad02177e883fab92c49504af790f88d48fbc9c92954fca3953f587b27d0,"[0.2987869520438835, 0.29893644398543984, 0.30392807302996516]","[79.0, 79.0, 79.0]",,ok,74.0,0.38596099603455514,0.3850219609448686,0.38605707592796534,5.0,6.329113924050633,1965d03d93740f800759a3bbfa6495f2196f448722d524c1d7a9e9a101155f0f,"[0.38596099603455514, 0.38605707592796534, 0.3850219609448686]","[74.0, 74.0, 74.0]",,ok,66.0,0.09279638202860951,0.08737197995651513,0.11787691409699619,13.0,16.455696202531644,3f91bfa059b990700d78c910be4c3eb4bbefc9f249434bb8eea2cc22d8c163b4,"[0.11787691409699619, 0.09279638202860951, 0.08737197995651513]","[66.0, 66.0, 66.0]",,79.0,SBM,TRF,SBM,ok
pm1s_80.1,rudy,80,316,85,4,2000,1,cuda:7,ok,85.0,0.19252974598202854,0.1922593980561942,0.1930247260024771,0.0,0.0,76ddcecf11f70ea6d29bd61e22880747e9df155ed8489b2766ef31f8f7341d52,"[0.1930247260024771, 0.1922593980561942, 0.19252974598202854]","[85.0, 85.0, 85.0]",,ok,77.0,0.24741445307154208,0.24716820300091058,0.24765286594629288,8.0,9.411764705882353,540c47523202cb202d2bfc15c4b0a0a7188f9f99652fd3a5ad4e106c5c7d3fab,"[0.24716820300091058, 0.24765286594629288, 0.24741445307154208]","[77.0, 77.0, 77.0]",,ok,69.0,0.10183433396741748,0.08506585191935301,0.10348077700473368,16.0,18.823529411764707,8dd7f3cca06a8e0d8912f9311f4352e7c67ddcfeb039dc47b8abf26ade210612,"[0.10348077700473368, 0.10183433396741748, 0.08506585191935301]","[69.0, 69.0, 69.0]",,85.0,SBM,TRF,SBM,ok
pm1s_80.2,rudy,80,316,82,4,2000,1,cuda:4,ok,82.0,0.1980832259869203,0.1977316769771278,0.2036659399745986,0.0,0.0,cdbaa27c4a68dc72851bd58e77902c10a208466b2de5833d709c5fc239e3619e,"[0.1977316769771278, 0.1980832259869203, 0.2036659399745986]","[82.0, 82.0, 82.0]",,ok,80.0,0.25619776092935354,0.2548977939877659,0.25789829797577113,2.0,2.4390243902439024,39d1d6620523484b775054e6c9507a77604100cf646e6b2b5494e6e9452f5835,"[0.25789829797577113, 0.2548977939877659, 0.25619776092935354]","[80.0, 80.0, 80.0]",,ok,69.0,0.10476639505941421,0.08781532803550363,0.10675170901231468,13.0,15.853658536585366,e274c8e348b3b0f34871f95c80f4999dd31841e0efc114483597272a7c02bba0,"[0.10675170901231468, 0.10476639505941421, 0.08781532803550363]","[69.0, 69.0, 69.0]",,82.0,SBM,TRF,SBM,ok
pm1s_80.3,rudy,80,316,81,4,2000,1,cuda:1,ok,81.0,0.19834097404964268,0.1980682749999687,0.1993349139811471,0.0,0.0,4fa92c92374de8b3dfac524b82c0ce11aa2cc3a8a4d1fac73341b748cd540768,"[0.1993349139811471, 0.1980682749999687, 0.19834097404964268]","[81.0, 81.0, 81.0]",,ok,80.0,0.2564073420362547,0.2556989750592038,0.2564183119684458,1.0,1.2345679012345678,c2599f1734b2d1e2d478740261a55b14af07bea56164583185195f630a5449e3,"[0.2564183119684458, 0.2564073420362547, 0.2556989750592038]","[80.0, 80.0, 80.0]",,ok,74.0,0.08580594998784363,0.08579655596986413,0.08584014500956982,7.0,8.641975308641975,4ec6ea47c41738410992c2c4cef775d27db3c6271e12632d55fe36bf5916bbd6,"[0.08579655596986413, 0.08584014500956982, 0.08580594998784363]","[74.0, 74.0, 74.0]",,81.0,SBM,TRF,SBM,ok
pm1s_80.4,rudy,80,316,70,4,2000,1,cuda:2,ok,70.0,0.19706296094227582,0.19691343500744551,0.19817464903462678,0.0,0.0,6d0300364bada67a0150bc60dc03b873ac62f3d848c94e06cc5951478f5fa7ea,"[0.19691343500744551, 0.19817464903462678, 0.19706296094227582]","[70.0, 70.0, 70.0]",,ok,67.0,0.25413391506299376,0.2536974420072511,0.26085024105850607,3.0,4.285714285714286,6d6088e57f0b33560f7cf9cb194b43a0503096d3a193d86628294ff7be343964,"[0.2536974420072511, 0.25413391506299376, 0.26085024105850607]","[67.0, 67.0, 67.0]",,ok,57.0,0.08425715402700007,0.08396766101941466,0.10444427898619324,13.0,18.571428571428573,bd84043f2faa9edbdbf02b9e73b65210d2ff60e5fb4d14a0770c01a5e07d7ee9,"[0.10444427898619324, 0.08425715402700007, 0.08396766101941466]","[57.0, 57.0, 57.0]",,70.0,SBM,TRF,SBM,ok
pm1s_80.5,rudy,80,316,87,4,2000,1,cuda:5,ok,87.0,0.19056906597688794,0.19036770600359887,0.19704887503758073,0.0,0.0,afc127b7d12fc7bf229c27f0b394c9f1c792843c96a6268c4821ee472138be4e,"[0.19704887503758073, 0.19056906597688794, 0.19036770600359887]","[87.0, 87.0, 87.0]",,ok,81.0,0.24761139298789203,0.2463222990045324,0.2476903200149536,6.0,6.896551724137931,4b5d0f6b6beebaf11818197f3647f67c0ff04c3f545639cf86823cd8641a929a,"[0.2476903200149536, 0.24761139298789203, 0.2463222990045324]","[81.0, 81.0, 81.0]",,ok,73.0,0.08516712405253202,0.08513716096058488,0.08596123405732214,14.0,16.091954022988507,1ceac2249db7e664f25700a751a08a7abd2dbea23db88eae4daae2b9dedd1639,"[0.08596123405732214, 0.08516712405253202, 0.08513716096058488]","[73.0, 73.0, 73.0]",,87.0,SBM,TRF,SBM,ok
pm1s_80.6,rudy,80,316,73,4,2000,1,cuda:3,ok,73.0,0.18945310299750417,0.1892039979575202,0.18956171697936952,0.0,0.0,24a8ee445296ad96596a4540ea65b1be93efaf33ef429b35d6463dbe310eebcd,"[0.1892039979575202, 0.18945310299750417, 0.18956171697936952]","[73.0, 73.0, 73.0]",,ok,73.0,0.24768068897537887,0.24759237398393452,0.24811084300745279,0.0,0.0,645d8f462182681ae73c67f6c093aaee94df843dea593d3ea50a3470a1fa8391,"[0.24768068897537887, 0.24811084300745279, 0.24759237398393452]","[73.0, 73.0, 73.0]",,ok,62.0,0.08547132089734077,0.08534658304415643,0.0862430150154978,11.0,15.068493150684931,e0d4f59d531e67edccdd3e84e15026895d586349981750250c02c4f64296d61d,"[0.0862430150154978, 0.08534658304415643, 0.08547132089734077]","[62.0, 62.0, 62.0]",,73.0,SBM|SVL,TRF,SBM,ok
pm1s_80.7,rudy,80,316,83,4,2000,1,cuda:6,ok,83.0,0.2023734909016639,0.20230454311240464,0.20316654001362622,0.0,0.0,bd895aa4eb08596c5be4cc6f4cefb182b1ac08df689b60b56f22917f5c485d12,"[0.20230454311240464, 0.2023734909016639, 0.20316654001362622]","[83.0, 83.0, 83.0]",,ok,77.0,0.26147964398842305,0.26131567696575075,0.2623650130117312,6.0,7.228915662650603,cb7e31c44e9b69ee6b31be76702f6fcbfd56ceda22220e29e4338c32f043d0f5,"[0.26147964398842305, 0.26131567696575075, 0.2623650130117312]","[77.0, 77.0, 77.0]",,ok,74.0,0.09165817894972861,0.08533929893746972,0.10464723105542362,9.0,10.843373493975903,3f3553a1358766a534412ef077c8c64481cf12d3061844ed87b48845b144bb37,"[0.10464723105542362, 0.08533929893746972, 0.09165817894972861]","[74.0, 74.0, 74.0]",,83.0,SBM,TRF,SBM,ok
pm1s_80.8,rudy,80,316,81,4,2000,1,cuda:0,ok,81.0,0.3011536570265889,0.2984160400228575,0.30326484504621476,0.0,0.0,eb44c4320ddfb503b951e50e1688df1b9db929ad3c5bf35ae1763f86e08de131,"[0.2984160400228575, 0.30326484504621476, 0.3011536570265889]","[81.0, 81.0, 81.0]",,ok,80.0,0.38683468697126955,0.3853292299900204,0.3947767710778862,1.0,1.2345679012345678,47b467cbcf1ecdd6a330302fa69f1cb6596e8444fe5cb63ddcf39ca2db380b18,"[0.3947767710778862, 0.38683468697126955, 0.3853292299900204]","[80.0, 80.0, 80.0]",,ok,76.0,0.11569546698592603,0.08725238393526524,0.1179132480174303,5.0,6.172839506172839,8864579942a8076af1ad9df19e1e4800abd6af64c0c6bb772addca43dc5e125a,"[0.1179132480174303, 0.11569546698592603, 0.08725238393526524]","[76.0, 76.0, 76.0]",,81.0,SBM,TRF,SBM,ok
pm1s_80.9,rudy,80,316,70,4,2000,1,cuda:7,ok,70.0,0.19219114701263607,0.19200630101840943,0.1923455469077453,0.0,0.0,ebae9485f3eaa6134f74dde5ded4caec9980ba4fd2757068696ef049a7d8752e,"[0.19219114701263607, 0.1923455469077453, 0.19200630101840943]","[70.0, 70.0, 70.0]",,ok,64.0,0.24760115495882928,0.2475075750844553,0.2477185600437224,6.0,8.571428571428571,f21fbd9adf27bffcddd84f31dc4043076ea15ac0ef29b2694ab94f1d308754f5,"[0.2477185600437224, 0.2475075750844553, 0.24760115495882928]","[64.0, 64.0, 64.0]",,ok,64.0,0.08425101602915674,0.08418954804074019,0.08426487899851054,6.0,8.571428571428571,7ec66841d7dd220417c1a415b55c0b4701947949055f5f14e67bf647c790575c,"[0.08418954804074019, 0.08425101602915674, 0.08426487899851054]","[64.0, 64.0, 64.0]",,70.0,SBM,TRF,SBM,ok
pw01_100.0,rudy,100,495,2019,4,2000,1,cuda:1,ok,2013.0,0.19807879393920302,0.197549011092633,0.19834955502301455,6.0,0.2971768202080238,83fa887d5fcec55db6ddc326a8439a5cfee954e78b33c2514690e9d50685e3c4,"[0.19807879393920302, 0.19834955502301455, 0.197549011092633]","[2013.0, 2013.0, 2013.0]",,ok,1995.0,0.2558769700117409,0.2543600619537756,0.2560788809787482,24.0,1.188707280832095,be43bb5fdc5b50e1df0bc582c97794cf9a69a341f32547d863a45b3ff58ca2bb,"[0.2560788809787482, 0.2558769700117409, 0.2543600619537756]","[1995.0, 1995.0, 1995.0]",,ok,1910.0,0.10129213100299239,0.08911181392613798,0.10718882293440402,109.0,5.398712233779099,b318b853debaaa1dbdf8a360adeb6f1edd43349504222b48b4e612996cfc1b1f,"[0.10718882293440402, 0.10129213100299239, 0.08911181392613798]","[1910.0, 1910.0, 1910.0]",,2013.0,SBM,TRF,SBM,ok
pw01_100.1,rudy,100,495,2060,4,2000,1,cuda:5,ok,2060.0,0.1904409349663183,0.1893053549574688,0.19154152693226933,0.0,0.0,4aff0116608ebe595252c1384c4c4ed71f13c64ae3549aaf840b7558a5bfac69,"[0.19154152693226933, 0.1893053549574688, 0.1904409349663183]","[2060.0, 2060.0, 2060.0]",,ok,2028.0,0.24714088602922857,0.24650048895273358,0.24759604199789464,32.0,1.5533980582524272,d0b43b6c9af5cf2de609f16decc766be7cd95df1ff2b4e80d9da0a5f179040c3,"[0.24759604199789464, 0.24650048895273358, 0.24714088602922857]","[2028.0, 2028.0, 2028.0]",,ok,1992.0,0.09025782195385545,0.08990284707397223,0.10533497296273708,68.0,3.3009708737864076,e2c2553ba5d3e7f72ea82582339f3ea099d2cc5c6f26a63d1fd4d30f5ab5fd9d,"[0.10533497296273708, 0.09025782195385545, 0.08990284707397223]","[1992.0, 1992.0, 1992.0]",,2060.0,SBM,TRF,SBM,ok
pw01_100.2,rudy,100,495,2032,4,2000,1,cuda:3,ok,2024.0,0.18910636007785797,0.18899207701906562,0.18989615002647042,8.0,0.3937007874015748,bcd83760671139a83f00f35d1d9991920d629f36f0a24fc1f448067617db5ac1,"[0.18899207701906562, 0.18989615002647042, 0.18910636007785797]","[2024.0, 2024.0, 2024.0]",,ok,1984.0,0.24696631997358054,0.24695530300959945,0.24881172692403197,48.0,2.3622047244094486,bff0c996c934d72e310e4d1519c1d42d0dbefdf35504d8e5107e26e3d93adb71,"[0.24696631997358054, 0.24695530300959945, 0.24881172692403197]","[1984.0, 1984.0, 1984.0]",,ok,1883.0,0.08871802897192538,0.08857186592649668,0.08923259493894875,149.0,7.332677165354331,9edd9476b300ed3c218e52c164b9a91b7363dc8244562e92fc9ba7e16c3161f7,"[0.08923259493894875, 0.08871802897192538, 0.08857186592649668]","[1883.0, 1883.0, 1883.0]",,2024.0,SBM,TRF,SBM,ok
pw01_100.3,rudy,100,495,2067,4,2000,1,cuda:2,ok,2061.0,0.19708967197220773,0.19701741600874811,0.19841100403573364,6.0,0.29027576197387517,6881eeac3c7e7b5d280119407b974590e2265515e58e857bdbe5d01bdf5330e5,"[0.19841100403573364, 0.19708967197220773, 0.19701741600874811]","[2061.0, 2061.0, 2061.0]",,ok,2025.0,0.2544688479974866,0.25409281998872757,0.25472713902127,42.0,2.0319303338171264,3cb4a230fad6618d17348aaa52fab5c211a32ab16b7a0a083f924aa928697ec7,"[0.25409281998872757, 0.25472713902127, 0.2544688479974866]","[2025.0, 2025.0, 2025.0]",,ok,1965.0,0.0883874810533598,0.08833969302941114,0.10132899298332632,102.0,4.934687953555878,ab63dd0037251c12c74a57ad72e4a740c124c78abd71fc31b06bab906a5f1078,"[0.10132899298332632, 0.0883874810533598, 0.08833969302941114]","[1965.0, 1965.0, 1965.0]",,2061.0,SBM,TRF,SBM,ok
pw01_100.4,rudy,100,495,2039,4,2000,1,cuda:6,ok,2039.0,0.2019364630104974,0.2019352848874405,0.20206412498373538,0.0,0.0,18255768502e66b677b6111953b5718fb10984fd1bce547363ddae207e1d9aab,"[0.2019364630104974, 0.2019352848874405, 0.20206412498373538]","[2039.0, 2039.0, 2039.0]",,ok,2005.0,0.2620807819766924,0.2615314469439909,0.26209025003481656,34.0,1.6674840608141246,1aa574948c34137716bdc9a2e10e4ff027bd777f2065855bad2172e65fa1fcb1,"[0.26209025003481656, 0.2615314469439909, 0.2620807819766924]","[2005.0, 2005.0, 2005.0]",,ok,1943.0,0.0886995930923149,0.0886070029810071,0.08914755203295499,96.0,4.708190289357528,558efba141bf8a95abef2c9af5d284f028bbbadf3862dfcbd43101d0a440e920,"[0.08914755203295499, 0.0886995930923149, 0.0886070029810071]","[1943.0, 1943.0, 1943.0]",,2039.0,SBM,TRF,SBM,ok
pw01_100.5,rudy,100,495,2108,4,2000,1,cuda:0,ok,2108.0,0.3001834930619225,0.29838277003727853,0.30132336891256273,0.0,0.0,39be66d0f7abd870fbb3fc50c61aeb72986e761475c3e01a88e0bd0181c1f5f8,"[0.29838277003727853, 0.30132336891256273, 0.3001834930619225]","[2108.0, 2108.0, 2108.0]",,ok,2069.0,0.3857935620471835,0.3834816850721836,0.3924558839062229,39.0,1.8500948766603416,25ba9d2c6df94fbb794de20e2d865a6c59a5a11d5bc7e80a2eeb388777949876,"[0.3834816850721836, 0.3857935620471835, 0.3924558839062229]","[2069.0, 2069.0, 2069.0]",,ok,1983.0,0.0908677950501442,0.09082788904197514,0.09104699199087918,125.0,5.9297912713472485,b93c310d91d9c4b21ccce7785b53d0fb2e6996fea2e77995f76bd625f45095dd,"[0.09104699199087918, 0.0908677950501442, 0.09082788904197514]","[1983.0, 1983.0, 1983.0]",,2108.0,SBM,TRF,SBM,ok
pw01_100.6,rudy,100,495,2032,4,2000,1,cuda:7,ok,2028.0,0.19226139900274575,0.19196678104344755,0.192675520083867,4.0,0.1968503937007874,56cb4d63bbf8003249e7f1b70dfa33c6f60122d4de9c57132b3216c1c5ee2fa2,"[0.19226139900274575, 0.19196678104344755, 0.192675520083867]","[2028.0, 2028.0, 2028.0]",,ok,1991.0,0.2468789069680497,0.24679996096529067,0.24698481999803334,41.0,2.017716535433071,20f61e6c5d5ae1c46b40350fe8663adba52d76521c280043473f8f97a3696301,"[0.2468789069680497, 0.24698481999803334, 0.24679996096529067]","[1991.0, 1991.0, 1991.0]",,ok,1910.0,0.10226351802702993,0.08825257990974933,0.10443743295036256,122.0,6.003937007874016,41da7a4641f51e0c7f30e070dd29664fe25aa53bd213ae647163c86764815705,"[0.10443743295036256, 0.10226351802702993, 0.08825257990974933]","[1910.0, 1910.0, 1910.0]",,2028.0,SBM,TRF,SBM,ok
pw01_100.7,rudy,100,495,2074,4,2000,1,cuda:4,ok,2074.0,0.19849450408946723,0.19699390698224306,0.19959424203261733,0.0,0.0,3d4f59aa83e3ac03c7540395fa648145f74849ccee80ab07d07ba2151166774b,"[0.19699390698224306, 0.19849450408946723, 0.19959424203261733]","[2074.0, 2074.0, 2074.0]",,ok,2052.0,0.2545461010886356,0.2541024670936167,0.25484397902619094,22.0,1.0607521697203472,60a0447656339eb96180f05c0ccddf28abf9ee789283ee6f52e8f23f593f5729,"[0.25484397902619094, 0.2545461010886356, 0.2541024670936167]","[2052.0, 2052.0, 2052.0]",,ok,2002.0,0.08663714793510735,0.08661987294908613,0.10806239803787321,72.0,3.471552555448409,3c14b169e149dfd3fdb4ed54b248159a1f2da723107f2d9f00eb1f3a5419858b,"[0.10806239803787321, 0.08663714793510735, 0.08661987294908613]","[2002.0, 2002.0, 2002.0]",,2074.0,SBM,TRF,SBM,ok
pw01_100.8,rudy,100,495,2022,4,2000,1,cuda:1,ok,2022.0,0.19825719494838268,0.19799404602963477,0.19828956807032228,0.0,0.0,ad5a9b0c0c4d4f790715b538eb5125924d791da577441353d04e0b6e0dbf3595,"[0.19825719494838268, 0.19799404602963477, 0.19828956807032228]","[2022.0, 2022.0, 2022.0]",,ok,1982.0,0.25565131194889545,0.2555745600257069,0.25600091996602714,40.0,1.9782393669634026,910031e864af28b23c3b1d6fa2781819947f78f26fef75b3e94675aa09562b27,"[0.25600091996602714, 0.25565131194889545, 0.2555745600257069]","[1982.0, 1982.0, 1982.0]",,ok,1864.0,0.08944330003578216,0.08941457397304475,0.08949931000825018,158.0,7.81404549950544,9bb794637983643da9bb5d1ed9cb5d69b6445ef4ad2165c487ebf06d831586ce,"[0.08941457397304475, 0.08949931000825018, 0.08944330003578216]","[1864.0, 1864.0, 1864.0]",,2022.0,SBM,TRF,SBM,ok
pw01_100.9,rudy,100,495,2005,4,2000,1,cuda:5,ok,2005.0,0.19088530295994133,0.18899382406380028,0.19170237390790135,0.0,0.0,b8f452b3752d136679d1003b2a35f7400b7caaae2220f97dbb3fa276a1b6ca37,"[0.19170237390790135, 0.19088530295994133, 0.18899382406380028]","[2005.0, 2005.0, 2005.0]",,ok,1994.0,0.24692972807679325,0.24661223799921572,0.24713266803883016,11.0,0.5486284289276808,d0d17268962e68638bf4f04cf1b069b986acb23aab82ba495cd4c0363bbc59f7,"[0.24713266803883016, 0.24661223799921572, 0.24692972807679325]","[1994.0, 1994.0, 1994.0]",,ok,1881.0,0.09293456503655761,0.09028666792437434,0.10492724005598575,124.0,6.184538653366584,b7a85aee28f6d24a5c164f7b4b250a4d9f1055fc55f320d604a02c72a8e0f01a,"[0.10492724005598575, 0.09293456503655761, 0.09028666792437434]","[1881.0, 1881.0, 1881.0]",,2005.0,SBM,TRF,SBM,ok
pw05_100.0,rudy,100,2475,8190,4,2000,1,cuda:3,ok,0.0,0.18947369698435068,0.18945498601533473,0.19047594198491424,8190.0,100.0,cd00e292c5970d3c5e2f0ffa5171e555bc46bfc4faddfb4a418b6840b86e79a3,"[0.18947369698435068, 0.18945498601533473, 0.19047594198491424]","[0.0, 0.0, 0.0]",,ok,8075.0,0.2481258970219642,0.24765854491852224,0.24843905901070684,115.0,1.404151404151404,cc6e9fe2a128cb1486a1b033bedb4fe496bcf21f9a90d7ce43b87b7a3f22ed74,"[0.24765854491852224, 0.2481258970219642, 0.24843905901070684]","[8075.0, 8075.0, 8075.0]",,ok,7903.0,0.09071631997358054,0.09040441201068461,0.10157025104854256,287.0,3.5042735042735043,5cd3aa824671f103363f3a72dd3f2714cabe5ae7481849afd88d2e9a921200d3,"[0.10157025104854256, 0.09071631997358054, 0.09040441201068461]","[7903.0, 7903.0, 7903.0]",,8075.0,SVL,TRF,SVL,ok
pw05_100.1,rudy,100,2475,8045,4,2000,1,cuda:2,ok,0.0,0.19751332595478743,0.19708367600105703,0.1979429959319532,8045.0,100.0,cd00e292c5970d3c5e2f0ffa5171e555bc46bfc4faddfb4a418b6840b86e79a3,"[0.19708367600105703, 0.19751332595478743, 0.1979429959319532]","[0.0, 0.0, 0.0]",,ok,7931.0,0.2569225550396368,0.2556736610131338,0.2590273709502071,114.0,1.4170292106898694,ad170f6287ab5fdbb3464814f6c33a051e0cad3e275a912a4ea22ac4d9b0fb5a,"[0.2556736610131338, 0.2590273709502071, 0.2569225550396368]","[7931.0, 7931.0, 7931.0]",,ok,7673.0,0.08972090797033161,0.0894933509407565,0.093679676996544,372.0,4.623990055935364,264c8eea42388f6184661771d4ae14cd8fbff7718dfbe819d6bed637d577d12c,"[0.08972090797033161, 0.093679676996544, 0.0894933509407565]","[7673.0, 7673.0, 7673.0]",,7931.0,SVL,TRF,SVL,ok
pw05_100.2,rudy,100,2475,8039,4,2000,1,cuda:6,ok,0.0,0.20340153900906444,0.20278295001480728,0.20387266599573195,8039.0,100.0,80f93e8c7d0e1e083e6aab0b073011d858d092951eb4bb2d595cd43173e04704,"[0.20387266599573195, 0.20278295001480728, 0.20340153900906444]","[0.0, 0.0, 0.0]",,ok,7950.0,0.26204658299684525,0.2611290441127494,0.26213165605440736,89.0,1.1071028734917279,17c660b25295c57ebfe3b42078dafa93c34c2a60283c48b8e997c55ea85309bb,"[0.26204658299684525, 0.2611290441127494, 0.26213165605440736]","[7950.0, 7950.0, 7950.0]",,ok,7625.0,0.09626682195812464,0.08981165499426425,0.10997685103211552,414.0,5.149894265455902,8b99f66d0d74bb3d849e3c8a18de6ef3b78b008eac14853a61f7b86219e4fe66,"[0.10997685103211552, 0.09626682195812464, 0.08981165499426425]","[7625.0, 7625.0, 7625.0]",,7950.0,SVL,TRF,SVL,ok
pw05_100.3,rudy,100,2475,8139,4,2000,1,cuda:7,ok,0.0,0.1931712020887062,0.1927217700285837,0.19321214209776372,8139.0,100.0,80f93e8c7d0e1e083e6aab0b073011d858d092951eb4bb2d595cd43173e04704,"[0.19321214209776372, 0.1927217700285837, 0.1931712020887062]","[0.0, 0.0, 0.0]",,ok,7952.0,0.246702783042565,0.2459018250228837,0.24713084707036614,187.0,2.297579555227915,23a1180c386f40dd369b4f1daab6fb2127f8871c71bc7b2c8bff262b65e6b692,"[0.246702783042565, 0.24713084707036614, 0.2459018250228837]","[7952.0, 7952.0, 7952.0]",,ok,7755.0,0.08994002302642912,0.08990267000626773,0.0902924679685384,384.0,4.718024327312937,5858c2679d07d79243b3c19b3a528adfbf122a1c1a3d620420415bfd59902701,"[0.0902924679685384, 0.08994002302642912, 0.08990267000626773]","[7755.0, 7755.0, 7755.0]",,7952.0,SVL,TRF,SVL,ok
pw05_100.4,rudy,100,2475,8125,4,2000,1,cuda:4,ok,0.0,0.19916826696135104,0.19774971099104732,0.19952800800092518,8125.0,100.0,cd00e292c5970d3c5e2f0ffa5171e555bc46bfc4faddfb4a418b6840b86e79a3,"[0.19916826696135104, 0.19952800800092518, 0.19774971099104732]","[0.0, 0.0, 0.0]",,ok,8000.0,0.2544296809937805,0.25301777909044176,0.25580893794540316,125.0,1.5384615384615385,efbb042eb3331518d6e274305eaf29ad219de7e29460ac2c3f041d607384f0e8,"[0.25301777909044176, 0.2544296809937805, 0.25580893794540316]","[8000.0, 8000.0, 8000.0]",,ok,7858.0,0.08885577693581581,0.08872773905750364,0.09010439098346978,267.0,3.286153846153846,fa7da4a46c779bb30523d2fbcaf84cfb11a8ee54010ad526a756ee26f454f4fb,"[0.09010439098346978, 0.08885577693581581, 0.08872773905750364]","[7858.0, 7858.0, 7858.0]",,8000.0,SVL,TRF,SVL,ok
pw05_100.5,rudy,100,2475,8169,4,2000,1,cuda:1,ok,0.0,0.1987686400534585,0.19845711009111255,0.19990052306093276,8169.0,100.0,80f93e8c7d0e1e083e6aab0b073011d858d092951eb4bb2d595cd43173e04704,"[0.1987686400534585, 0.19845711009111255, 0.19990052306093276]","[0.0, 0.0, 0.0]",,ok,8019.0,0.25720199197530746,0.2567920199362561,0.257696924963966,150.0,1.8362100624311422,da5b48842fecc6f31d692dae0216296afc13924dbf1de5a35737d99cf35eab77,"[0.25720199197530746, 0.257696924963966, 0.2567920199362561]","[8019.0, 8019.0, 8019.0]",,ok,7789.0,0.0984730611089617,0.09129406604915857,0.1061966500710696,380.0,4.651732158158893,e443c84354c749e88901df5be6a61d5fb1c7ea4e277eb2cbe48c2648fa9a2874,"[0.1061966500710696, 0.09129406604915857, 0.0984730611089617]","[7789.0, 7789.0, 7789.0]",,8019.0,SVL,TRF,SVL,ok
pw05_100.6,rudy,100,2475,8217,4,2000,1,cuda:0,ok,0.0,0.30235527199693024,0.3004896860802546,0.3039306260179728,8217.0,100.0,cd00e292c5970d3c5e2f0ffa5171e555bc46bfc4faddfb4a418b6840b86e79a3,"[0.30235527199693024, 0.3039306260179728, 0.3004896860802546]","[0.0, 0.0, 0.0]",,ok,8097.0,0.38637547695543617,0.3848468550713733,0.3873534849844873,120.0,1.4603870025556773,2f99dcc4e41e1201fd25b2f241d9265c29e75fbbff5cef4c865c17beec7c040c,"[0.3873534849844873, 0.3848468550713733, 0.38637547695543617]","[8097.0, 8097.0, 8097.0]",,ok,7889.0,0.10380051704123616,0.09222597593907267,0.12419068906456232,328.0,3.9917244736521846,694a6c200d90ad305629b2660c0cc26e7715d707c5a55e7ce36ec1381f219ab7,"[0.12419068906456232, 0.10380051704123616, 0.09222597593907267]","[7889.0, 7889.0, 7889.0]",,8097.0,SVL,TRF,SVL,ok
pw05_100.7,rudy,100,2475,8249,4,2000,1,cuda:5,ok,0.0,0.19025049090851098,0.18969771289266646,0.19171476201154292,8249.0,100.0,cd00e292c5970d3c5e2f0ffa5171e555bc46bfc4faddfb4a418b6840b86e79a3,"[0.19171476201154292, 0.18969771289266646, 0.19025049090851098]","[0.0, 0.0, 0.0]",,ok,7990.0,0.24767038004938513,0.24710089701693505,0.24812269397079945,259.0,3.1397745181234087,bd2452bdb15ba9632942b9d441b6c05332687dabc65c0361717acff21248c17b,"[0.24710089701693505, 0.24812269397079945, 0.24767038004938513]","[7990.0, 7990.0, 7990.0]",,ok,7929.0,0.091184300952591,0.0911378039745614,0.0912922628922388,320.0,3.879258091889926,57b16d1ea096e05dad528ebf0547497d25c0551a74c3517361fbb380966076ce,"[0.0912922628922388, 0.091184300952591, 0.0911378039745614]","[7929.0, 7929.0, 7929.0]",,7990.0,SVL,TRF,SVL,ok
pw05_100.8,rudy,100,2475,8199,4,2000,1,cuda:3,ok,0.0,0.18971193104516715,0.18955427897162735,0.18993651401251554,8199.0,100.0,cd00e292c5970d3c5e2f0ffa5171e555bc46bfc4faddfb4a418b6840b86e79a3,"[0.18955427897162735, 0.18971193104516715, 0.18993651401251554]","[0.0, 0.0, 0.0]",,ok,8089.0,0.2482388879870996,0.24813064106274396,0.24836960097309202,110.0,1.3416270276863032,fdb448306112a7b89545bd1af10fe0b97b0a5ef3889bebb393847b810c991a7f,"[0.24813064106274396, 0.24836960097309202, 0.2482388879870996]","[8089.0, 8089.0, 8089.0]",,ok,7952.0,0.09079504094552249,0.09042703791055828,0.1045888049993664,247.0,3.012562507622881,ad7912271eab73814dcbed970874bb0957e45ba219e45b0d365e69146347c8e9,"[0.1045888049993664, 0.09079504094552249, 0.09042703791055828]","[7952.0, 7952.0, 7952.0]",,8089.0,SVL,TRF,SVL,ok
pw05_100.9,rudy,100,2475,8099,4,2000,1,cuda:2,ok,0.0,0.19958137604407966,0.19956652401015162,0.20004297303967178,8099.0,100.0,cd00e292c5970d3c5e2f0ffa5171e555bc46bfc4faddfb4a418b6840b86e79a3,"[0.20004297303967178, 0.19956652401015162, 0.19958137604407966]","[0.0, 0.0, 0.0]",,ok,7915.0,0.25592338503338397,0.2531010720413178,0.2560296329902485,184.0,2.271885417952834,bcbebfaa5649bf039222fadfbbdcbcad03e79478b6dc551351d48ddc0839c5fd,"[0.25592338503338397, 0.2531010720413178, 0.2560296329902485]","[7915.0, 7915.0, 7915.0]",,ok,7794.0,0.10641875897999853,0.08971237507648766,0.11131587193813175,305.0,3.7658970243239906,40f886b0882a75fd45c5c402a9c126daa9e942623f2d6fe5f0b5240a37560430,"[0.11131587193813175, 0.10641875897999853, 0.08971237507648766]","[7794.0, 7794.0, 7794.0]",,7915.0,SVL,TRF,SVL,ok
pw09_100.0,rudy,100,4455,13585,4,2000,1,cuda:6,ok,0.0,0.2036600549472496,0.20326477999333292,0.20387197902891785,13585.0,100.0,cd00e292c5970d3c5e2f0ffa5171e555bc46bfc4faddfb4a418b6840b86e79a3,"[0.20326477999333292, 0.20387197902891785, 0.2036600549472496]","[0.0, 0.0, 0.0]",,ok,13494.0,0.26340427505783737,0.2625243079382926,0.2652020080713555,91.0,0.6698564593301436,9fd2efcd6753d6cadb6ed07bebbd0d6668bb839b616b9ea128e1dee77176e3cb,"[0.2625243079382926, 0.26340427505783737, 0.2652020080713555]","[13494.0, 13494.0, 13494.0]",,ok,13258.0,0.09169195999857038,0.09145643294323236,0.09180123102851212,327.0,2.407066617592933,5a6c5989aa7376fc792ea39c8498f699bf6f57bee2b417a30ba2bea4abbb1af8,"[0.09145643294323236, 0.09180123102851212, 0.09169195999857038]","[13258.0, 13258.0, 13258.0]",,13494.0,SVL,TRF,SVL,ok
pw09_100.1,rudy,100,4455,13417,4,2000,1,cuda:7,ok,0.0,0.19343290000688285,0.19254710408858955,0.1936652830336243,13417.0,100.0,cd00e292c5970d3c5e2f0ffa5171e555bc46bfc4faddfb4a418b6840b86e79a3,"[0.19254710408858955, 0.1936652830336243, 0.19343290000688285]","[0.0, 0.0, 0.0]",,ok,13340.0,0.24752252106554806,0.2473403960466385,0.24932187900412828,77.0,0.573898785123351,726b3c89fa1ddf8c69721094f99730ea76c08031cb0def53a3bb90ccdc0539ac,"[0.2473403960466385, 0.24752252106554806, 0.24932187900412828]","[13340.0, 13340.0, 13340.0]",,ok,13026.0,0.10550537402741611,0.09253207105211914,0.10961044789291918,391.0,2.9142133114705224,7bf8fc23acafcc622d5a17400a45e7b533c3e8de2f5b679962cca071ec48b27a,"[0.10961044789291918, 0.10550537402741611, 0.09253207105211914]","[13026.0, 13026.0, 13026.0]",,13340.0,SVL,TRF,SVL,ok
pw09_100.2,rudy,100,4455,13461,4,2000,1,cuda:4,ok,0.0,0.19925061205867678,0.1986088400008157,0.20293092902284116,13461.0,100.0,cd00e292c5970d3c5e2f0ffa5171e555bc46bfc4faddfb4a418b6840b86e79a3,"[0.20293092902284116, 0.19925061205867678, 0.1986088400008157]","[0.0, 0.0, 0.0]",,ok,13380.0,0.25657948199659586,0.25517740100622177,0.25725981092546135,81.0,0.6017383552484956,7bba2195d7ef5d297f79ac4da9d806e886167e8def7609f1d8da8a446267c732,"[0.25657948199659586, 0.25725981092546135, 0.25517740100622177]","[13380.0, 13380.0, 13380.0]",,ok,13049.0,0.10241503198631108,0.09372853999957442,0.10553407995030284,412.0,3.0606938563256816,42623f7d1310106f6703ec04b2182fbeddf136a48d92f8414bc2c52243cb260d,"[0.10553407995030284, 0.10241503198631108, 0.09372853999957442]","[13049.0, 13049.0, 13049.0]",,13380.0,SVL,TRF,SVL,ok
pw09_100.3,rudy,100,4455,13656,4,2000,1,cuda:1,ok,0.0,0.20047494897153229,0.19900684407912195,0.20088503696024418,13656.0,100.0,cd00e292c5970d3c5e2f0ffa5171e555bc46bfc4faddfb4a418b6840b86e79a3,"[0.19900684407912195, 0.20047494897153229, 0.20088503696024418]","[0.0, 0.0, 0.0]",,ok,13521.0,0.263298699981533,0.2585334680043161,0.26555270107928663,135.0,0.9885764499121266,30f0f246adcc3bb89b28a6217d5760437617d42d0d2878f80f5af23ff26da994,"[0.263298699981533, 0.2585334680043161, 0.26555270107928663]","[13521.0, 13442.0, 13442.0]",,ok,13279.0,0.0922010219655931,0.09189822198823094,0.09226785798091441,377.0,2.7606912712360865,fb012d775150af13267092cdf0d3e4d74e32b551407f73aa0ba0ae3d14306ebd,"[0.09189822198823094, 0.09226785798091441, 0.0922010219655931]","[13279.0, 13279.0, 13279.0]",,13521.0,SVL,TRF,SVL,ok
pw09_100.4,rudy,100,4455,13514,4,2000,1,cuda:5,ok,0.0,0.192124584922567,0.1920464140130207,0.19366076693404466,13514.0,100.0,cd00e292c5970d3c5e2f0ffa5171e555bc46bfc4faddfb4a418b6840b86e79a3,"[0.1920464140130207, 0.192124584922567, 0.19366076693404466]","[0.0, 0.0, 0.0]",,ok,13416.0,0.24942971800919622,0.24703597801271826,0.25044476299081,98.0,0.7251738937398253,38a1c16854373b5ac741cebcb3f7ce78f12b14458e62758ef14ff50d594e855b,"[0.24703597801271826, 0.24942971800919622, 0.25044476299081]","[13416.0, 13416.0, 13416.0]",,ok,13078.0,0.09316547599155456,0.09171969699673355,0.1085911620175466,436.0,3.226283853781264,2fec7770c91b10ce26e4d67d200aced5ff3395ff83959fe437a6a7b11e7dea80,"[0.1085911620175466, 0.09316547599155456, 0.09171969699673355]","[13078.0, 13078.0, 13078.0]",,13416.0,SVL,TRF,SVL,ok
pw09_100.5,rudy,100,4455,13574,4,2000,1,cuda:3,ok,0.0,0.1925271030049771,0.19179763505235314,0.19825177500024438,13574.0,100.0,cd00e292c5970d3c5e2f0ffa5171e555bc46bfc4faddfb4a418b6840b86e79a3,"[0.19179763505235314, 0.1925271030049771, 0.19825177500024438]","[0.0, 0.0, 0.0]",,ok,13428.0,0.24948487093206495,0.24869999405927956,0.2514037740183994,146.0,1.0755856785030204,eb5ed76980d8542480b1c8c63abfe67ac1f11947ef5cda8aa0f853a5bb2be0f4,"[0.24869999405927956, 0.24948487093206495, 0.2514037740183994]","[13428.0, 13428.0, 13428.0]",,ok,13171.0,0.09175098198466003,0.09166315500624478,0.09216942393686622,403.0,2.9689111536761454,5311ac9b8fd9aaacea0a7c076db226dfd480e8fbefc0a6e3f3e91950b3a89995,"[0.09216942393686622, 0.09175098198466003, 0.09166315500624478]","[13171.0, 13171.0, 13171.0]",,13428.0,SVL,TRF,SVL,ok
pw09_100.6,rudy,100,4455,13640,4,2000,1,cuda:2,ok,0.0,0.19846599304582924,0.1974253630032763,0.19931869395077229,13640.0,100.0,cd00e292c5970d3c5e2f0ffa5171e555bc46bfc4faddfb4a418b6840b86e79a3,"[0.1974253630032763, 0.19846599304582924, 0.19931869395077229]","[0.0, 0.0, 0.0]",,ok,13478.0,0.25705380202271044,0.2552016719710082,0.25756771105807275,162.0,1.187683284457478,fe3159391c26af46e759c0467a79fff6c829d647a00e5a3467cdbcb10a13f476,"[0.25756771105807275, 0.2552016719710082, 0.25705380202271044]","[13473.0, 13478.0, 13473.0]",,ok,13115.0,0.0907695759087801,0.09068197396118194,0.09089215996209532,525.0,3.8489736070381233,09971447f81c90fc01bec027b5935074b2d2be11c5d19230bbab8709e19b833b,"[0.0907695759087801, 0.09089215996209532, 0.09068197396118194]","[13115.0, 13115.0, 13115.0]",,13478.0,SVL,TRF,SVL,ok
pw09_100.7,rudy,100,4455,13501,4,2000,1,cuda:0,ok,0.0,0.30171467701438814,0.30102429597172886,0.3037296449765563,13501.0,100.0,cd00e292c5970d3c5e2f0ffa5171e555bc46bfc4faddfb4a418b6840b86e79a3,"[0.30171467701438814, 0.3037296449765563, 0.30102429597172886]","[0.0, 0.0, 0.0]",,ok,13415.0,0.3889140549581498,0.38646358100231737,0.39268920791801065,86.0,0.6369898526035108,f7120bdac8fba7dbf791ff66b27b1e04b1a041f7104725dfe71a6e30f68a3c58,"[0.3889140549581498, 0.38646358100231737, 0.39268920791801065]","[13415.0, 13415.0, 13415.0]",,ok,13115.0,0.10686305491253734,0.10012804192956537,0.11929318308830261,386.0,2.8590474779645954,e0c869ca69e2a5bb2c6e37ef8b8b559b7a6bbe84200f3e1c1ab1e9e7f507e5ec,"[0.11929318308830261, 0.10686305491253734, 0.10012804192956537]","[13115.0, 13115.0, 13115.0]",,13415.0,SVL,TRF,SVL,ok
pw09_100.8,rudy,100,4455,13593,4,2000,1,cuda:6,ok,0.0,0.2054793470306322,0.20380917296279222,0.20551423798315227,13593.0,100.0,cd00e292c5970d3c5e2f0ffa5171e555bc46bfc4faddfb4a418b6840b86e79a3,"[0.20551423798315227, 0.2054793470306322, 0.20380917296279222]","[0.0, 0.0, 0.0]",,ok,13425.0,0.26681754004675895,0.2659471540246159,0.27412447798997164,168.0,1.2359302582211433,645f82738615971925332e03893212fd667c8db4696e4f47883ac800cfd5e944,"[0.26681754004675895, 0.2659471540246159, 0.27412447798997164]","[13425.0, 13425.0, 13425.0]",,ok,13183.0,0.10211522702593356,0.09149311494547874,0.11518898792564869,410.0,3.01625836827779,e60e1a6da0c0c86f70712e617c40373c496e1cc31f4407dc70ccf8648f53bed8,"[0.11518898792564869, 0.10211522702593356, 0.09149311494547874]","[13183.0, 13183.0, 13183.0]",,13425.0,SVL,TRF,SVL,ok
pw09_100.9,rudy,100,4455,13658,4,2000,1,cuda:7,ok,0.0,0.19809089903719723,0.1967580490745604,0.20404491992667317,13658.0,100.0,cd00e292c5970d3c5e2f0ffa5171e555bc46bfc4faddfb4a418b6840b86e79a3,"[0.1967580490745604, 0.20404491992667317, 0.19809089903719723]","[0.0, 0.0, 0.0]",,ok,13482.0,0.2496761700604111,0.24876944709103554,0.24980861996300519,176.0,1.2886220530092254,fa7d32e589bb88bda8657d2fcbde140b4a917ec55ed984592570b91660e5c5d5,"[0.24980861996300519, 0.2496761700604111, 0.24876944709103554]","[13482.0, 13482.0, 13482.0]",,ok,13276.0,0.09299366408959031,0.09298388101160526,0.09325049398466945,382.0,2.7968955923268415,09a8c4622c7d64b307c9dc6630085823263cf4b9e205876ca294f1e3fa935602,"[0.09298388101160526, 0.09299366408959031, 0.09325049398466945]","[13276.0, 13276.0, 13276.0]",,13482.0,SVL,TRF,SVL,ok
t2g10_5555,ising,100,200,6049461,4,2000,1,cuda:7,ok,6033234.0,0.1927683890098706,0.1920802539680153,0.1937113740714267,16227.0,0.26823877366925747,6cde9a1df8713437a40cb98aa2efef0ae08dec77d5562f66f9f93735b3a31458,"[0.1937113740714267, 0.1920802539680153, 0.1927683890098706]","[6033234.0, 6033234.0, 6033234.0]",,ok,-199913.0,0.24726552097126842,0.24669234501197934,0.24822381394915283,6249374.0,103.30464152095534,2f6e765f9b6cc359ecc0f81226e4c3f7eca134aba7973d5a40a5918034e8f485,"[0.24726552097126842, 0.24669234501197934, 0.24822381394915283]","[-199913.0, -199913.0, -199913.0]",,ok,5463786.0,0.10020932694897056,0.09003501606639475,0.1020752020413056,585675.0,9.681441040780328,ffdcb360c2decf163e4023705f3077e7bcb6215ef08d1c08f4da0cbaf5612781,"[0.1020752020413056, 0.10020932694897056, 0.09003501606639475]","[5463786.0, 5463786.0, 5463786.0]",,6033234.0,SBM,TRF,SBM,ok
t2g10_6666,ising,100,200,5757868,4,2000,1,cuda:4,ok,5734657.0,0.19825141201727092,0.1978901979746297,0.19837899005506188,23211.0,0.40311795963367,88a35f3ade9678c253dde65c747339fa4bef1237f88df340b69c6b5f36eb623a,"[0.19837899005506188, 0.19825141201727092, 0.1978901979746297]","[5734657.0, 5734657.0, 5734657.0]",,ok,510637.0,0.25545705505646765,0.2551808259449899,0.25622778409160674,5247231.0,91.13149172575683,70b1313994aa14bc6bda48551b33a10e291b3ebb12a6bd0f2d89e4650fa5f17c,"[0.2551808259449899, 0.25545705505646765, 0.25622778409160674]","[510637.0, 510637.0, 510637.0]",,ok,5346643.0,0.0861459169536829,0.08591190702281892,0.08788801799528301,411225.0,7.141966436187839,0d9b18cf7d91a42cee59618ff7b7746ad647a6ef4c53d52e006cf69ef13b75e9,"[0.08788801799528301, 0.0861459169536829, 0.08591190702281892]","[5346643.0, 5346643.0, 5346643.0]",,5734657.0,SBM,TRF,SBM,ok
t2g10_7777,ising,100,200,6509837,4,2000,1,cuda:1,ok,6446438.0,0.1978689810493961,0.19737690908368677,0.1979538060259074,63399.0,0.9738953525257238,2a37086451414e64bad0130a24273c684f3c3a66955dfd770d3341fc7a83965a,"[0.19737690908368677, 0.1979538060259074, 0.1978689810493961]","[6446438.0, 6446438.0, 6446438.0]",,ok,572674.0,0.255536307930015,0.2551323449006304,0.2561777119990438,5937163.0,91.20294409829309,9d0485ea270e43eeae13509b175a2855d40eb4666e1ccee1921aec9ad3552c82,"[0.2561777119990438, 0.2551323449006304, 0.255536307930015]","[572674.0, 572674.0, 572674.0]",,ok,5845202.0,0.08866077405400574,0.08859173103701323,0.08974077797029167,664635.0,10.209702639251951,b36c45b12919d5413c60ee852f9e77b2720bbf875583b2e5144276acb3bc564c,"[0.08974077797029167, 0.08866077405400574, 0.08859173103701323]","[5845202.0, 5845202.0, 5845202.0]",,6446438.0,SBM,TRF,SBM,ok
t2g15_5555,ising,225,450,15051133,4,2000,1,cuda:4,ok,14900952.0,0.19873312395066023,0.19731864100322127,0.19921856094151735,150181.0,0.9978052815027281,59a4756872046d8eb373bbb107737675a554c49403de6ba569671d48bc43b6b4,"[0.19873312395066023, 0.19921856094151735, 0.19731864100322127]","[14900952.0, 14900952.0, 14900952.0]",,ok,912007.0,0.25355307501740754,0.2529726109933108,0.2560166720068082,14139126.0,93.94060898936976,478898dcf7969790213d71a80291ed6345ce7fd610002388df1dad62dbcc1775,"[0.2529726109933108, 0.25355307501740754, 0.2560166720068082]","[912007.0, 912007.0, 912007.0]",,ok,13022034.0,0.10950463300105184,0.09268249198794365,0.11183680000249296,2029099.0,13.481370472242853,0e83d9f40fe7f5a31a63e5a73ad3776498c745f059ccef87b41ca6f4f12e216a,"[0.11183680000249296, 0.10950463300105184, 0.09268249198794365]","[13022034.0, 13022034.0, 13022034.0]",,14900952.0,SBM,TRF,SBM,ok
t2g15_6666,ising,225,450,15763716,4,2000,1,cuda:1,ok,15638368.0,0.19824888894800097,0.1975753139704466,0.1983030140399933,125348.0,0.7951678398671989,4cdc5077bb1af89227c0eec9eb10540da278cf32076d054e416596293fb25acb,"[0.1983030140399933, 0.19824888894800097, 0.1975753139704466]","[15638368.0, 15638368.0, 15638368.0]",,ok,2983721.0,0.256095974938944,0.2558198960032314,0.25649064290337265,12779995.0,81.07222307227559,cfbf87250690b9c7050f09cb7e6ba894071c640d6a0b9723da491d0891c21c0c,"[0.2558198960032314, 0.256095974938944, 0.25649064290337265]","[2983721.0, 2983721.0, 2983721.0]",,ok,13999664.0,0.09609278291463852,0.09435005800332874,0.11229390697553754,1764052.0,11.190584758060853,348f990c947d6a35a29eb640c13fd07e9e43c11441e5f2919b17ef86c9577ab5,"[0.11229390697553754, 0.09609278291463852, 0.09435005800332874]","[13999664.0, 13999664.0, 13999664.0]",,15638368.0,SBM,TRF,SBM,ok
t2g15_7777,ising,225,450,15269399,4,2000,1,cuda:2,ok,15125138.0,0.19778578798286617,0.19721875595860183,0.19784030097071081,144261.0,0.9447719586081941,368a1e5f74ad8a25f1bf940bf5b3ad3dc7daa12df751252ecefbc94d0c783105,"[0.19721875595860183, 0.19784030097071081, 0.19778578798286617]","[15125138.0, 15125138.0, 15125138.0]",,ok,3025082.0,0.2556794990086928,0.25416591006796807,0.2563922880217433,12244317.0,80.18859812360657,28af81bad55367d928439409ec771a57a2edf8d8ed11f240da0ad8b09678c6e8,"[0.2563922880217433, 0.25416591006796807, 0.2556794990086928]","[3025082.0, 3025082.0, 3025082.0]",,ok,13337654.0,0.09301798604428768,0.09281685692258179,0.09401823405642062,1931745.0,12.651087315224391,b8ca9e765851d567a309398fd06206e1b845d3d23152b66135999d78fe002d7b,"[0.09401823405642062, 0.09301798604428768, 0.09281685692258179]","[13337654.0, 13337654.0, 13337654.0]",,15125138.0,SBM,TRF,SBM,ok
t2g20_5555,ising,400,800,24838942,4,2000,1,cuda:2,ok,24581736.0,0.19837960600852966,0.19795271707698703,0.20372565893922,257206.0,1.0354949900845214,e15ec1ecea6478ab9be3007dd4ab12f1ae50aaebd440ac74e8b0d08199f3c9f1,"[0.20372565893922, 0.19837960600852966, 0.19795271707698703]","[24581736.0, 24581736.0, 24581736.0]",,ok,732040.0,0.25362044596113265,0.2532606760505587,0.25452300102915615,24106902.0,97.05285353941404,bb8c37d75f9842c13eb73662b61b08a7cd47e67bbd819d675d95afbcbfe8225f,"[0.25452300102915615, 0.25362044596113265, 0.2532606760505587]","[732040.0, 732040.0, 732040.0]",,ok,21363940.0,0.1028033159673214,0.09212830499745905,0.10928817500825971,3475002.0,13.99013693900489,258343232821fd7ff4da565445a15a8f77e28f10e5982e3da0a3ad85f9702e91,"[0.10928817500825971, 0.1028033159673214, 0.09212830499745905]","[21363940.0, 21363940.0, 21363940.0]",,24581736.0,SBM,TRF,SBM,ok
t2g20_6666,ising,400,800,29290570,4,2000,1,cuda:7,ok,28903671.0,0.19263148703612387,0.1916836299933493,0.1928377440199256,386899.0,1.3208995250007085,8d4003ce44ac928eecda72cb318a301f3f304df7fafed360259518c0d167cad4,"[0.1928377440199256, 0.1916836299933493, 0.19263148703612387]","[28903671.0, 28903671.0, 28903671.0]",,ok,4367798.0,0.24771843699272722,0.24764285003766418,0.2491772249341011,24922772.0,85.0880402805408,8b4912e234ed72364af7e36a138722ad41307783376a526c0ed885f0e4950b3d,"[0.24764285003766418, 0.24771843699272722, 0.2491772249341011]","[4367798.0, 4367798.0, 4367798.0]",,ok,26155388.0,0.09780320001300424,0.09238244197331369,0.10569154494442046,3135182.0,10.703724782412907,927e8e8ef68991d0b6a45bedc44ff7511582e9ec352d65e5735861d5290fb642,"[0.10569154494442046, 0.09780320001300424, 0.09238244197331369]","[26155388.0, 26155388.0, 26155388.0]",,28903671.0,SBM,TRF,SBM,ok
t2g20_7777,ising,400,800,28349398,4,2000,1,cuda:3,ok,27976243.0,0.19079856597818434,0.18993070698343217,0.19109209498856217,373155.0,1.3162713366964618,00bd506af6cb10e075dd520037d046c1aaaa253fec7a4c9ae5e06560fdf67a1c,"[0.19079856597818434, 0.18993070698343217, 0.19109209498856217]","[27976243.0, 27976243.0, 27976243.0]",,ok,2564070.0,0.2482796850381419,0.2480427180416882,0.2503081690520048,25785328.0,90.9554693189605,aac07a3044f78afb2eb3ac1a7332e88fb55cd1eb33b3a4badeeb1eb10be17911,"[0.2480427180416882, 0.2482796850381419, 0.2503081690520048]","[2564070.0, 2564070.0, 2564070.0]",,ok,24461894.0,0.0918579789577052,0.09182854497339576,0.0926576090278104,3887504.0,13.712827341166117,38154bb0c87a4c3bfd6a0770c59f2216acd4320306df35a8a1e52ddc670c479a,"[0.0926576090278104, 0.0918579789577052, 0.09182854497339576]","[24461894.0, 24461894.0, 24461894.0]",,27976243.0,SBM,TRF,SBM,ok
t3g5_5555,ising,125,375,10933215,4,2000,1,cuda:0,ok,10892759.0,0.3018097160384059,0.3017452689819038,0.3021750149782747,40456.0,0.37002839512439845,c6975890a7fc5097e4afaec679a3593b3aac89e64862030d0ea3fa8edbe98778,"[0.3021750149782747, 0.3017452689819038, 0.3018097160384059]","[10892759.0, 10892759.0, 10892759.0]",,ok,410435.0,0.387546821963042,0.38527024001814425,0.3937937730224803,10522780.0,96.24598071107172,7374a4f6a2d58281d0c48151b79f1c11cbf86c0c6076f3d6400b3af3ef80a18e,"[0.38527024001814425, 0.3937937730224803, 0.387546821963042]","[410435.0, 410435.0, 410435.0]",,ok,9859651.0,0.11304817895870656,0.09108141798060387,0.12383073300588876,1073564.0,9.819289202672772,60d5a6adb4ca7e13a721ea022d4e4aae236046e1e17626e1ee1f6eab9d9e826b,"[0.12383073300588876, 0.11304817895870656, 0.09108141798060387]","[9859651.0, 9859651.0, 9859651.0]",,10892759.0,SBM,TRF,SBM,ok
t3g5_6666,ising,125,375,11582216,4,2000,1,cuda:5,ok,11322639.0,0.19153628207277507,0.19058662396855652,0.19689386407844722,259577.0,2.241168702086026,ef88ebfe9009cc82f5f48deaa075c2f3af16761f36ddc41376defa4ff67c816d,"[0.19153628207277507, 0.19689386407844722, 0.19058662396855652]","[11322639.0, 11322639.0, 11322639.0]",,ok,2759056.0,0.24776562897022814,0.2476821340387687,0.24783702089916915,8823160.0,76.17851367993828,8f5299d275e84ecd89a0329f5e78150d9f957e66bc213a7bc2a6f83dd96d7638,"[0.24783702089916915, 0.2476821340387687, 0.24776562897022814]","[2759056.0, 2759056.0, 2759056.0]",,ok,10712711.0,0.08945713099092245,0.08927520096767694,0.10763854801189154,869505.0,7.507242137428623,e746e8984399ddf9c2d97f95e86035428cfa3518bb98e3b1f9e579c8f1c5b693,"[0.10763854801189154, 0.08945713099092245, 0.08927520096767694]","[10712711.0, 10712711.0, 10712711.0]",,11322639.0,SBM,TRF,SBM,ok
t3g5_7777,ising,125,375,11552046,4,2000,1,cuda:3,ok,11543850.0,0.18908913200721145,0.18902711500413716,0.18945283605717123,8196.0,0.07094847094618564,12d147af4f6cccb833a2228381b305df6f47bd1a3622e817612465e2b1db0fac,"[0.18945283605717123, 0.18902711500413716, 0.18908913200721145]","[11543850.0, 11543850.0, 11543850.0]",,ok,2251484.0,0.24776290892623365,0.2469842080026865,0.24806573300156742,9300562.0,80.51008453394317,3fe176afd9bb03b648c53a4d45c29186ece484516a9eebfd85394ca5092e9f9e,"[0.2469842080026865, 0.24806573300156742, 0.24776290892623365]","[2251484.0, 2251484.0, 2251484.0]",,ok,10043839.0,0.08879580395296216,0.08875301096122712,0.08924583508633077,1508207.0,13.055756530055369,4e3510ad10b86d16e0121790a6c60d536a5679fe480d6e2f5dd92f4b815f2d6d,"[0.08924583508633077, 0.08879580395296216, 0.08875301096122712]","[10043839.0, 10043839.0, 10043839.0]",,11543850.0,SBM,TRF,SBM,ok
t3g6_5555,ising,216,648,17434469,4,2000,1,cuda:6,ok,17339624.0,0.2026641929987818,0.2020621730480343,0.203126149950549,94845.0,0.5440085384877509,6c1cfe78799ab6b3731df5f42791500f1a51308951f19a94b973ea843a187a5d,"[0.203126149950549, 0.2026641929987818, 0.2020621730480343]","[17339624.0, 17339624.0, 17339624.0]",,ok,-917699.0,0.2620885838987306,0.2610198550391942,0.26224422501400113,18352168.0,105.26370490549498,dbc2ac2c23af8cb88f26a201dd41ac5db89810b2b84f9d7a72dd368959703008,"[0.2610198550391942, 0.2620885838987306, 0.26224422501400113]","[-917699.0, -917699.0, -917699.0]",,ok,15081422.0,0.10961452405899763,0.0930338449543342,0.11142018903046846,2353047.0,13.496522320238144,ce29d8dcf01c624b907043abb4c36a9a696a33a46f953aa744e4d924023549b0,"[0.11142018903046846, 0.10961452405899763, 0.0930338449543342]","[15081422.0, 15081422.0, 15081422.0]",,17339624.0,SBM,TRF,SBM,ok
t3g6_6666,ising,216,648,20217380,4,2000,1,cuda:3,ok,19983621.0,0.18901455600280315,0.18881177995353937,0.19007166393566877,233759.0,1.1562279583210089,b1234635f9ae3222ddc0d713c64165e0a4e622561ba9d19a2f21380c90c41edd,"[0.18881177995353937, 0.19007166393566877, 0.18901455600280315]","[19983621.0, 19983621.0, 19983621.0]",,ok,4955232.0,0.24773587798699737,0.24724080809392035,0.24820463894866407,15262148.0,75.49023661819682,fb4d4a1f189a7cd971ce8d4086c5303f3e0d4844caea6569cb54b031a9188422,"[0.24773587798699737, 0.24724080809392035, 0.24820463894866407]","[4955232.0, 4955232.0, 4955232.0]",,ok,17648097.0,0.09221420902758837,0.09182427194900811,0.10616839898284525,2569283.0,12.708288611086106,9b76f77635f5eda46e11d26e9dec17a653cadb6d555c70dd0581ed265795e53d,"[0.10616839898284525, 0.09221420902758837, 0.09182427194900811]","[17648097.0, 17648097.0, 17648097.0]",,19983621.0,SBM,TRF,SBM,ok
t3g6_7777,ising,216,648,19475011,4,2000,1,cuda:5,ok,19397574.0,0.19099958799779415,0.19065384601708502,0.19214125000871718,77437.0,0.39762236848030535,6a1c3bd1710c56365a3f35e37ec3d3370239ac736ac340098622367f8a1dab22,"[0.19214125000871718, 0.19065384601708502, 0.19099958799779415]","[19397574.0, 19397574.0, 19397574.0]",,ok,3531080.0,0.24811405804939568,0.2460027049528435,0.248751483974047,15943931.0,81.86866235916375,a39dce94ad23d0fffd3ec4c3794563fc6202cc065269783468a44c8de0f059ab,"[0.2460027049528435, 0.24811405804939568, 0.248751483974047]","[3531080.0, 3531080.0, 3531080.0]",,ok,16860008.0,0.09305486304219812,0.09297992894425988,0.09372582798823714,2615003.0,13.427478936982371,b5fdd7a528c28ab6b203ed85060842b2d6e69e96c5c3a11c17d2677e14f82457,"[0.09372582798823714, 0.09297992894425988, 0.09305486304219812]","[16860008.0, 16860008.0, 16860008.0]",,19397574.0,SBM,TRF,SBM,ok
t3g7_5555,ising,343,1029,28302918,4,2000,1,cuda:4,ok,27776765.0,0.1992175349732861,0.19921110500581563,0.19999971298966557,526153.0,1.8590061985834818,fb4c5f4c6a676c1d5726719fb213fee18662a4ff11574f71fe9f1844b8a49c13,"[0.19921110500581563, 0.1992175349732861, 0.19999971298966557]","[27776765.0, 27776765.0, 27776765.0]",,ok,1225402.0,0.2560646029887721,0.25472804298624396,0.26097575994208455,27077516.0,95.6704040198258,ceda65b3d88e1abb5599ed24181ba5fdf851da9bafa73d0181475ca75e021ef2,"[0.26097575994208455, 0.2560646029887721, 0.25472804298624396]","[1225402.0, 1225402.0, 1225402.0]",,ok,23928205.0,0.09956354403402656,0.09338366496376693,0.10515190393198282,4374713.0,15.45675608430198,6db26c5f8407d2dacaf2832e2496720402bca09641adbc01df351e973df772ab,"[0.10515190393198282, 0.09956354403402656, 0.09338366496376693]","[23928205.0, 23928205.0, 23928205.0]",,27776765.0,SBM,TRF,SBM,ok
t3g7_6666,ising,343,1029,33611981,4,2000,1,cuda:0,ok,33513751.0,0.2989336139289662,0.2979634879156947,0.3011691910214722,98230.0,0.29224698181282444,89f91e9634f2bd9a18531f524409680c24189af01d2ffee21f6aad50068e5494,"[0.2979634879156947, 0.3011691910214722, 0.2989336139289662]","[33513751.0, 33513751.0, 33513751.0]",,ok,6007974.0,0.38955928897485137,0.3857477130368352,0.391211424022913,27604007.0,82.12549864287975,4fc034114e17d377fc892a492c4c851c45a5e02bc89a81452babaf9a5e6ad345,"[0.391211424022913, 0.38955928897485137, 0.3857477130368352]","[6007974.0, 6007974.0, 6007974.0]",,ok,26902289.0,0.11080131097696722,0.09331782208755612,0.1275061940541491,6709692.0,19.96220335837986,5ead108bf020da3d8574be881f1208e2ee05bdb488fbe217d60839339fcadd2d,"[0.1275061940541491, 0.11080131097696722, 0.09331782208755612]","[26902289.0, 26902289.0, 26902289.0]",,33513751.0,SBM,TRF,SBM,ok
t3g7_7777,ising,343,1029,29118445,4,2000,1,cuda:1,ok,28914651.0,0.19878038705792278,0.19856735807843506,0.1991865149466321,203794.0,0.6998794063350567,e74b7748d897eda079eb26acce0fb01cfcb90a16f4e539118f3f036778b86d88,"[0.1991865149466321, 0.19878038705792278, 0.19856735807843506]","[28914651.0, 28914651.0, 28914651.0]",,ok,637539.0,0.25713325291872025,0.2567423179280013,0.25769263796973974,28480906.0,97.81053212147833,652c5aef025d2b399950f97e61d10055a32f6be8a01a4d08feacec9f5581dcbc,"[0.25713325291872025, 0.25769263796973974, 0.2567423179280013]","[637539.0, 637539.0, 637539.0]",,ok,24315408.0,0.09226632409263402,0.09222842298913747,0.09327758906874806,4803037.0,16.494826560965052,e53034abed1e78de6291900883b55a4f778a3a3d5652ea90a832d11a6770e1da,"[0.09327758906874806, 0.09222842298913747, 0.09226632409263402]","[24315408.0, 24315408.0, 24315408.0]",,28914651.0,SBM,TRF,SBM,ok
w01_100.0,rudy,100,495,651,4,2000,1,cuda:4,ok,651.0,0.19925912900362164,0.1986057930625975,0.19957554596476257,0.0,0.0,a8f29e855b5b64bcef08fc521f658289ea76c220a30e9131a90376fca6ebe911,"[0.1986057930625975, 0.19957554596476257, 0.19925912900362164]","[651.0, 651.0, 651.0]",,ok,585.0,0.2550256110262126,0.25336937000975013,0.2602838419843465,66.0,10.138248847926267,e22bc4bab4162961ddd03c5efc7b3e1708d9d5e08cc60ffaeb207e83562e6192,"[0.25336937000975013, 0.2550256110262126, 0.2602838419843465]","[585.0, 585.0, 585.0]",,ok,497.0,0.10670713894069195,0.08706671698018909,0.1083261159947142,154.0,23.655913978494624,e7fab28c3a9ce5bdf6839b29c359b3b8ec04bc5714da51d8b52b29e6e6eb654e,"[0.1083261159947142, 0.10670713894069195, 0.08706671698018909]","[497.0, 497.0, 497.0]",,651.0,SBM,TRF,SBM,ok
w01_100.1,rudy,100,495,719,4,2000,1,cuda:5,ok,719.0,0.19093773106578737,0.1908452360657975,0.19703275302890688,0.0,0.0,de77e963b7fd21e01fd5be0524f72e794de5d44d2139ea1802b314f2fa0898fa,"[0.19703275302890688, 0.19093773106578737, 0.1908452360657975]","[719.0, 719.0, 719.0]",,ok,715.0,0.2474295620340854,0.2458551359595731,0.24821741797495633,4.0,0.5563282336578581,342b918298d9fbbff8594b811983278c501638e3f83e277bc7c875cf599576de,"[0.24821741797495633, 0.2474295620340854, 0.2458551359595731]","[715.0, 715.0, 715.0]",,ok,594.0,0.08857291692402214,0.0882982489420101,0.08989082300104201,125.0,17.385257301808068,1ffe28c0034f50bfd202b16743e07f6d58eec5e3bee712645b98b537f3b3e653,"[0.08989082300104201, 0.08857291692402214, 0.0882982489420101]","[594.0, 594.0, 594.0]",,719.0,SBM,TRF,SBM,ok
w01_100.2,rudy,100,495,676,4,2000,1,cuda:3,ok,667.0,0.19091828702948987,0.1908660129411146,0.19137971906457096,9.0,1.331360946745562,b40b92b5c509a299ec43b2e5a3234727674243f51b7d84e7cb69d55e3de536de,"[0.19137971906457096, 0.19091828702948987, 0.1908660129411146]","[667.0, 667.0, 667.0]",,ok,654.0,0.248019902035594,0.24775643402244896,0.24912501603830606,22.0,3.2544378698224854,4a8ce6a2145b8d91f63be264f8b388ad98cec0929f1a8397843484042bd1c299,"[0.24775643402244896, 0.248019902035594, 0.24912501603830606]","[654.0, 654.0, 654.0]",,ok,518.0,0.0901272299233824,0.0897655040025711,0.09155122202355415,158.0,23.37278106508876,b922c20a9cc6d100ef6b2149f386585112ba2838ebc885cc1b73e199f1f90a06,"[0.09155122202355415, 0.0901272299233824, 0.0897655040025711]","[518.0, 518.0, 518.0]",,667.0,SBM,TRF,SBM,ok
w01_100.3,rudy,100,495,813,4,2000,1,cuda:1,ok,813.0,0.20022296498063952,0.19957772199995816,0.206123202922754,0.0,0.0,270c9322398c48bba0d98fffd6ba52460d20456c4a883b9e1a81f00ff4873532,"[0.206123202922754, 0.20022296498063952, 0.19957772199995816]","[813.0, 813.0, 813.0]",,ok,804.0,0.2576466000173241,0.25720377499237657,0.2579357030335814,9.0,1.1070110701107012,24200f85bb6bb69b7e0b20f44487a0348a3ca8894fa77bbcb2e3e7d9cbc10b08,"[0.2579357030335814, 0.2576466000173241, 0.25720377499237657]","[804.0, 804.0, 804.0]",,ok,761.0,0.09355178906116635,0.08964184997603297,0.12329284194856882,52.0,6.396063960639607,637fe2c1871218258648ecc91d15da6f7763061e395180cef898b0064a35cec0,"[0.12329284194856882, 0.09355178906116635, 0.08964184997603297]","[761.0, 761.0, 761.0]",,813.0,SBM,TRF,SBM,ok
w01_100.4,rudy,100,495,668,4,2000,1,cuda:2,ok,668.0,0.198395024985075,0.1968779789749533,0.19911350694019347,0.0,0.0,a9421780515d2294310a2fab7035c197540229e8a6e734f9d7985da130e9c4e4,"[0.1968779789749533, 0.198395024985075, 0.19911350694019347]","[668.0, 668.0, 668.0]",,ok,614.0,0.2550265109166503,0.25366405793465674,0.25601281702984124,54.0,8.083832335329342,a593ae3ce3d0c8a24400846800c445a8675ff9e6699ec9a839312c96e805d232,"[0.2550265109166503, 0.25366405793465674, 0.25601281702984124]","[614.0, 614.0, 614.0]",,ok,565.0,0.08902547205798328,0.08835095900576562,0.10786139103583992,103.0,15.419161676646707,7b641b4b7a69019b7fb89d779a3472d1a0bae8c4959940110601d2fbda7375a9,"[0.10786139103583992, 0.08902547205798328, 0.08835095900576562]","[565.0, 565.0, 565.0]",,668.0,SBM,TRF,SBM,ok
w01_100.5,rudy,100,495,643,4,2000,1,cuda:6,ok,643.0,0.20277651597280055,0.2023035050369799,0.20391335792373866,0.0,0.0,441d42f983d77a5ed9bdfb2b9ff9ed835a7f54fa6a8c0d1ae5dcaf5bf5cbaec6,"[0.20391335792373866, 0.20277651597280055, 0.2023035050369799]","[643.0, 643.0, 643.0]",,ok,620.0,0.262694910983555,0.2623387339990586,0.26307581702712923,23.0,3.576982892690513,3e15f78ddbb5b62fe338d2e47ff840b03f60bf979616bd09aa0dde735988bce2,"[0.26307581702712923, 0.2623387339990586, 0.262694910983555]","[620.0, 620.0, 620.0]",,ok,528.0,0.08861563098616898,0.08841350895818323,0.08993958297651261,115.0,17.884914463452567,6fbed8a32a76810041e0f42bb9cf3d084ec3202cb5ac8119b32dc999469f84ad,"[0.08993958297651261, 0.08861563098616898, 0.08841350895818323]","[528.0, 528.0, 528.0]",,643.0,SBM,TRF,SBM,ok
w01_100.6,rudy,100,495,654,4,2000,1,cuda:7,ok,654.0,0.19248907803557813,0.19211653899401426,0.19346789200790226,0.0,0.0,71d51e32bad08ddeec4ec1f034f474bd641889959150884905a9fb35fb9e4073,"[0.19248907803557813, 0.19346789200790226, 0.19211653899401426]","[654.0, 654.0, 654.0]",,ok,611.0,0.2476334481034428,0.24762018106412143,0.24792447604704648,43.0,6.574923547400612,8b3beadc285c914007c81eeace4bb592ba75808d58c08266098cb755d1238a4d,"[0.24762018106412143, 0.2476334481034428, 0.24792447604704648]","[611.0, 611.0, 611.0]",,ok,500.0,0.09465290792286396,0.08866804302670062,0.10599061101675034,154.0,23.547400611620795,e5c04900eac3bc42478cd7dfec144203fbaf9bca1455af90146dabcdbc2d8b98,"[0.10599061101675034, 0.09465290792286396, 0.08866804302670062]","[500.0, 500.0, 500.0]",,654.0,SBM,TRF,SBM,ok
w01_100.7,rudy,100,495,725,4,2000,1,cuda:0,ok,725.0,0.30037216609343886,0.2993615990271792,0.30225645704194903,0.0,0.0,be58f4cd5777e64bd798b65afe6b1706aa72c54acf2e7f502a1be53b88c31992,"[0.30037216609343886, 0.30225645704194903, 0.2993615990271792]","[725.0, 725.0, 725.0]",,ok,688.0,0.38732943299692124,0.3856769740814343,0.39032784604933113,37.0,5.103448275862069,4fdf7ef6c6f77b0b0fcdd33878ac360c922c43aea968cc8787767e883ab08d53,"[0.38732943299692124, 0.3856769740814343, 0.39032784604933113]","[688.0, 688.0, 688.0]",,ok,616.0,0.09102866402827203,0.09094511193688959,0.09238211903721094,109.0,15.03448275862069,1d1fc4a3ddc4a6f45bc9c995a0c2dc9e22ac44f48f0956767ee5d572083b315c,"[0.09238211903721094, 0.09102866402827203, 0.09094511193688959]","[616.0, 616.0, 616.0]",,725.0,SBM,TRF,SBM,ok
w01_100.8,rudy,100,495,721,4,2000,1,cuda:5,ok,714.0,0.190491640008986,0.18981966702267528,0.19104605307802558,7.0,0.970873786407767,f1d8342497350342529c720f3c5e5cff993b05feae84c9f5f0ee67b8444ef715,"[0.19104605307802558, 0.190491640008986, 0.18981966702267528]","[714.0, 714.0, 714.0]",,ok,680.0,0.24729071895126253,0.24706101906485856,0.2515101010212675,41.0,5.6865464632454925,d927805fd4478086905ce33920fcdd61e77992e3f0715afc9abb7bd80e34d06e,"[0.2515101010212675, 0.24729071895126253, 0.24706101906485856]","[680.0, 680.0, 680.0]",,ok,583.0,0.08979563997127116,0.08965764206368476,0.09053008398041129,138.0,19.14008321775312,425bbcfa767d07c296f176e529d6628bc2e6d492f387835bc52c27c1f97cb539,"[0.09053008398041129, 0.08979563997127116, 0.08965764206368476]","[583.0, 583.0, 583.0]",,714.0,SBM,TRF,SBM,ok
w01_100.9,rudy,100,495,729,4,2000,1,cuda:3,ok,729.0,0.18923393404111266,0.18871491798199713,0.1894588900031522,0.0,0.0,02b7f31172fd74583e839bbe5714a22168c87a708acd452db8d92fbe935948ad,"[0.1894588900031522, 0.18871491798199713, 0.18923393404111266]","[729.0, 729.0, 729.0]",,ok,686.0,0.24823981698136777,0.24792422296013683,0.24832063994836062,43.0,5.8984910836762685,41f677ac4c3b38469c6cd3aa582a4fab6b7f338a4ea1822ad8fe344b0b411c17,"[0.24832063994836062, 0.24823981698136777, 0.24792422296013683]","[686.0, 686.0, 686.0]",,ok,604.0,0.08901212003547698,0.08864382398314774,0.10442157706711441,125.0,17.146776406035666,772cdf52f7f7355ca3f0c62ce61f64973e89895a1c01850852494a180b01c398,"[0.10442157706711441, 0.08901212003547698, 0.08864382398314774]","[604.0, 604.0, 604.0]",,729.0,SBM,TRF,SBM,ok
w05_100.0,rudy,100,2475,1646,4,2000,1,cuda:4,ok,1646.0,0.19903545395936817,0.19874142797198147,0.19919567601755261,0.0,0.0,c70177791628bfb91cea9f927e1988bf897fee37e885e51876e822750fc11892,"[0.19903545395936817, 0.19874142797198147, 0.19919567601755261]","[1646.0, 1646.0, 1646.0]",,ok,1354.0,0.2547052929876372,0.2530722060473636,0.25505692907609046,292.0,17.739975698663425,8a6c42f5f65ceab237acf5709fdddcde101a92c378b49da801001d7341eb70dc,"[0.25505692907609046, 0.2547052929876372, 0.2530722060473636]","[1354.0, 1354.0, 1354.0]",,ok,1246.0,0.08917843096423894,0.08912935794796795,0.09944936004467309,400.0,24.30133657351154,3d5a9a1f7be97040984ebd751ebd0f97b68270a9f7529c0339dd65fc8b7eb86f,"[0.08912935794796795, 0.09944936004467309, 0.08917843096423894]","[1246.0, 1246.0, 1246.0]",,1646.0,SBM,TRF,SBM,ok
w05_100.1,rudy,100,2475,1606,4,2000,1,cuda:1,ok,1606.0,0.19860705500468612,0.19816381600685418,0.19947128603234887,0.0,0.0,3e21d77326e323c89cb779d45ec624e85fa86942798e7fed6f40f2c178414df7,"[0.19816381600685418, 0.19860705500468612, 0.19947128603234887]","[1606.0, 1606.0, 1606.0]",,ok,1105.0,0.25494489108677953,0.2543540319893509,0.25556222000159323,501.0,31.19551681195517,a0e3eb47c5b95a22b931bad1928752220d02f92d3c7dbee2533531248c73c6b5,"[0.25556222000159323, 0.25494489108677953, 0.2543540319893509]","[1105.0, 1105.0, 1105.0]",,ok,1316.0,0.09067274699918926,0.09054450201801956,0.09072473994456232,290.0,18.05728518057285,04555b11dcf45f4b9f62c73c78e9b1f7b1622044f755edba108dc1e47e7461c6,"[0.09072473994456232, 0.09067274699918926, 0.09054450201801956]","[1316.0, 1316.0, 1316.0]",,1606.0,SBM,TRF,SBM,ok
w05_100.2,rudy,100,2475,1902,4,2000,1,cuda:2,ok,1902.0,0.19822420401033014,0.1979518550215289,0.19930969108827412,0.0,0.0,19ffd8048e533df866d19162921302eba8641e33b942f2902f032a16fc997375,"[0.19930969108827412, 0.1979518550215289, 0.19822420401033014]","[1902.0, 1902.0, 1902.0]",,ok,1345.0,0.25538282899651676,0.2547730690566823,0.2597128429915756,557.0,29.284963196635122,51ce48b29f9a9b163187fc2605b29963258cc64287d266c559c1e41a6e8a6deb,"[0.2597128429915756, 0.2547730690566823, 0.25538282899651676]","[1345.0, 1345.0, 1345.0]",,ok,1542.0,0.09232165897265077,0.09135959798004478,0.10021766903810203,360.0,18.92744479495268,e302e6f3a0b16f0658d011f031f4beab85a916e0b3df740c7d46196f9ae415b1,"[0.10021766903810203, 0.09232165897265077, 0.09135959798004478]","[1542.0, 1542.0, 1542.0]",,1902.0,SBM,TRF,SBM,ok
w05_100.3,rudy,100,2475,1627,4,2000,1,cuda:6,ok,1627.0,0.20226206199731678,0.2020373159321025,0.20292203198187053,0.0,0.0,78f3efe93625b4549fa46454e040a131f492200b26446b4fdbaa8de6e7a12e0a,"[0.2020373159321025, 0.20226206199731678, 0.20292203198187053]","[1627.0, 1627.0, 1627.0]",,ok,1264.0,0.2620078260079026,0.26157868606969714,0.26240082702133805,363.0,22.31100184388445,81b8abfae54b11b124e773bdb62e3b56e9b1f8d2c24d18f82a44891d0b531567,"[0.26157868606969714, 0.2620078260079026, 0.26240082702133805]","[1264.0, 1264.0, 1264.0]",,ok,1298.0,0.10696086206007749,0.09025362599641085,0.11274334194604307,329.0,20.221266133988937,f66c10b559d302944eb48036a2a3fa66194c6ef38d4e60e6f296580f576bcba3,"[0.11274334194604307, 0.10696086206007749, 0.09025362599641085]","[1298.0, 1298.0, 1298.0]",,1627.0,SBM,TRF,SBM,ok
w05_100.4,rudy,100,2475,1546,4,2000,1,cuda:7,ok,1546.0,0.1929639350855723,0.19243737403303385,0.19362050900235772,0.0,0.0,9e280c9ef339233b258592a09e737b2a18dd2522017bfdb91f8c22fdc917d97a,"[0.1929639350855723, 0.19243737403303385, 0.19362050900235772]","[1546.0, 1546.0, 1546.0]",,ok,1140.0,0.2468232570681721,0.24670036090537906,0.24739098106510937,406.0,26.26131953428202,6efaa298af7ed086a61878719581312f58ac0bc108feb50fec2248e3e5c66dd8,"[0.24739098106510937, 0.24670036090537906, 0.2468232570681721]","[1140.0, 1140.0, 1140.0]",,ok,1249.0,0.08976893499493599,0.08971457206644118,0.0899196220561862,297.0,19.210866752910736,a8c0b97c8d073bafb56495e7c0075a1e2cee26b71d7dc15e8d79a5704fa92d2a,"[0.0899196220561862, 0.08971457206644118, 0.08976893499493599]","[1249.0, 1249.0, 1249.0]",,1546.0,SBM,TRF,SBM,ok
w05_100.5,rudy,100,2475,1581,4,2000,1,cuda:5,ok,1581.0,0.1924033899558708,0.19086833100300282,0.19316102203447372,0.0,0.0,c6720a21e3a8767f69299979bd6c9cfe4c356a623e82b83e10e2de0dabfcbcfa,"[0.19316102203447372, 0.1924033899558708, 0.19086833100300282]","[1581.0, 1581.0, 1581.0]",,ok,1350.0,0.2474822000367567,0.24709442304447293,0.2485637830104679,231.0,14.61100569259962,88593ae12aa197577d0ba005e9d01219a4b01dce71261cddce88061776486810,"[0.2474822000367567, 0.24709442304447293, 0.2485637830104679]","[1350.0, 1350.0, 1350.0]",,ok,1262.0,0.10124263004399836,0.09050625702366233,0.10669659695122391,319.0,20.177103099304237,a9f7222f5e600b367796619e2cff6649f8f4747c630b59cb9b978237cbf83f34,"[0.10669659695122391, 0.10124263004399836, 0.09050625702366233]","[1262.0, 1262.0, 1262.0]",,1581.0,SBM,TRF,SBM,ok
w05_100.6,rudy,100,2475,1479,4,2000,1,cuda:3,ok,1479.0,0.19011764402966946,0.1897282109130174,0.19068493705708534,0.0,0.0,7436b034630e5965f5d3391f9918915f53dcb90a4cc89edd8fba1ec6398ef39c,"[0.1897282109130174, 0.19011764402966946, 0.19068493705708534]","[1479.0, 1479.0, 1479.0]",,ok,1070.0,0.24757601192686707,0.24733822094276547,0.24832450691610575,409.0,27.653820148749155,64f0f4d094cf1127c9e72113903aae4fdd05034af59a2ca31b64db722ab0f4ac,"[0.24733822094276547, 0.24832450691610575, 0.24757601192686707]","[1070.0, 1070.0, 1070.0]",,ok,974.0,0.09095703391358256,0.09041408798657358,0.09113981598056853,505.0,34.1446923597025,1153a19f2bd8808b1dff584d5d25c3edd6aea50bf643c940d93ca47bfac85a2f,"[0.09113981598056853, 0.09041408798657358, 0.09095703391358256]","[974.0, 974.0, 974.0]",,1479.0,SBM,TRF,SBM,ok
w05_100.7,rudy,100,2475,1987,4,2000,1,cuda:4,ok,1987.0,0.19905711896717548,0.198365282965824,0.19946721906308085,0.0,0.0,0f3cf22556c0ea1b5a3bc5733dec1844e1d2c7f77d5fd7517db6450679060315,"[0.19905711896717548, 0.198365282965824, 0.19946721906308085]","[1987.0, 1987.0, 1987.0]",,ok,1553.0,0.25409151695203036,0.25382490595802665,0.25414852995891124,434.0,21.841972823351785,b2b84cf8efa1a15aaf6f7163c2a437a36ebb40b2aa05542c4247ede75b3b78b0,"[0.25409151695203036, 0.25414852995891124, 0.25382490595802665]","[1553.0, 1553.0, 1553.0]",,ok,1729.0,0.08843873697333038,0.08843476499896497,0.08891350007615983,258.0,12.984398590840463,62effc94a50abfb0537222da40ffd3705c27c37cac17bf846259efa44d8ec83a,"[0.08891350007615983, 0.08843476499896497, 0.08843873697333038]","[1729.0, 1729.0, 1729.0]",,1987.0,SBM,TRF,SBM,ok
w05_100.8,rudy,100,2475,1311,4,2000,1,cuda:1,ok,1311.0,0.19864788791164756,0.1984434830956161,0.19899231102317572,0.0,0.0,f0b6585b87308c4bdeca268ea8169812afe5e45ae42f3d9a2325ed8d85430e93,"[0.19899231102317572, 0.1984434830956161, 0.19864788791164756]","[1311.0, 1311.0, 1311.0]",,ok,875.0,0.25613006099592894,0.25568859896156937,0.2564180900808424,436.0,33.25705568268497,8760f1c947390d5dab984348dab35a854e1a614592bee82fe2be2f2653ae8fb6,"[0.25568859896156937, 0.25613006099592894, 0.2564180900808424]","[875.0, 875.0, 875.0]",,ok,991.0,0.09630615299101919,0.09341911296360195,0.10231233795639127,320.0,24.40884820747521,8542eb3232f195212861b7c6df0d5f3b06cdc366a8a5e3a3ade4a6a4d189aa4e,"[0.10231233795639127, 0.09630615299101919, 0.09341911296360195]","[991.0, 991.0, 991.0]",,1311.0,SBM,TRF,SBM,ok
w05_100.9,rudy,100,2475,1752,4,2000,1,cuda:2,ok,1752.0,0.19931305199861526,0.1976089490344748,0.19934814097359776,0.0,0.0,b6dbade38b9b47f860c8cae585e13d25a11ac1f2030198a567673c9899daf68d,"[0.1976089490344748, 0.19934814097359776, 0.19931305199861526]","[1752.0, 1752.0, 1752.0]",,ok,1263.0,0.25464890501461923,0.2539516829419881,0.2547749310033396,489.0,27.910958904109588,99d0d77e52bc0d4c33cde5cc51cc9de4e94c09893e92649bde8a60a713828867,"[0.25464890501461923, 0.2547749310033396, 0.2539516829419881]","[1263.0, 1263.0, 1263.0]",,ok,1367.0,0.08966523397248238,0.08957951504271477,0.09031118592247367,385.0,21.974885844748858,5bfac876d7b0320fa52b45665ee88a86fc586523aae6fc50a3a4273320244b73,"[0.09031118592247367, 0.08966523397248238, 0.08957951504271477]","[1367.0, 1367.0, 1367.0]",,1752.0,SBM,TRF,SBM,ok
w09_100.0,rudy,100,4455,2121,4,2000,1,cuda:0,ok,2121.0,0.30144437099806964,0.29977204999886453,0.3023338810307905,0.0,0.0,1274fb223a8b55101211dca45de66798045365c6b4c3a8b6a9e8de3f076ba9e7,"[0.30144437099806964, 0.29977204999886453, 0.3023338810307905]","[2121.0, 2121.0, 2121.0]",,ok,1297.0,0.3872820329852402,0.3838495969539508,0.3874768839450553,824.0,38.84959924563885,e51454f67ea82968b32f36a3ce4e49a3ae121f14cb8dc2879450c37585c7991d,"[0.3872820329852402, 0.3838495969539508, 0.3874768839450553]","[1046.0, 1140.0, 1297.0]",,ok,1781.0,0.09435188304632902,0.09391794598195702,0.0947059130994603,340.0,16.03017444601603,94c56c4630828f3e0a628e907e8dac0fa4cbf893edeb70fc6aba436d1e01f0e2,"[0.0947059130994603, 0.09435188304632902, 0.09391794598195702]","[1781.0, 1781.0, 1781.0]",,2121.0,SBM,TRF,SBM,ok
w09_100.1,rudy,100,4455,2096,4,2000,1,cuda:7,ok,2096.0,0.19300520699471235,0.19255324604455382,0.19305917690508068,0.0,0.0,4ba3dca1b2dd8107615f29664cb25f9db7b875ce014f4b4aa66b0af689742c3e,"[0.19255324604455382, 0.19305917690508068, 0.19300520699471235]","[2096.0, 2096.0, 2096.0]",,ok,1278.0,0.2485324420267716,0.2485117029864341,0.24880344199482352,818.0,39.02671755725191,96ddc2736aa14d0835bebbbc6074c828189fa0e66ed7156b143dde2c73280d3f,"[0.24880344199482352, 0.2485117029864341, 0.2485324420267716]","[1193.0, 1278.0, 1245.0]",,ok,1637.0,0.09663549391552806,0.0906789799919352,0.10817644698545337,459.0,21.89885496183206,1c3ed060b5fea639709d70bd54e0a7add862b1393b4151db6da5a127ed6ca3d5,"[0.10817644698545337, 0.09663549391552806, 0.0906789799919352]","[1637.0, 1637.0, 1637.0]",,2096.0,SBM,TRF,SBM,ok
w09_100.2,rudy,100,4455,2738,4,2000,1,cuda:6,ok,2738.0,0.20322471403051168,0.20236596302129328,0.20373816206119955,0.0,0.0,b6a9993d9cab3a356248ad63d44eb8c7741b66e7d5a0b9da8b03f59dc9f58e36,"[0.20322471403051168, 0.20373816206119955, 0.20236596302129328]","[2738.0, 2738.0, 2738.0]",,ok,1873.0,0.26246682193595916,0.26161207898985595,0.2633043370442465,865.0,31.592403214024834,e2aa80c3af53dcf6a7fd259daf2fa4924b5e0d561c28fda3f65937a048bcd75e,"[0.26246682193595916, 0.2633043370442465, 0.26161207898985595]","[1873.0, 1847.0, 1717.0]",,ok,2100.0,0.09177834901493043,0.09171830699779093,0.0919745109276846,638.0,23.301680058436816,b964cb435da2af2b9506e14f59db5a9150b8cd87df1cb7db3de60615abd7cc38,"[0.0919745109276846, 0.09171830699779093, 0.09177834901493043]","[2100.0, 2100.0, 2100.0]",,2738.0,SBM,TRF,SBM,ok
w09_100.3,rudy,100,4455,1990,4,2000,1,cuda:5,ok,1990.0,0.1904919930966571,0.19002803997136652,0.19204250304028392,0.0,0.0,33319d79ce58f81abcaeb0d5e51531beb815f9f046a1b2dc237fd0ca6a78efd0,"[0.19204250304028392, 0.1904919930966571, 0.19002803997136652]","[1990.0, 1990.0, 1990.0]",,ok,1226.0,0.24744794401340187,0.24616876803338528,0.24812690704129636,764.0,38.391959798994975,768515dc385bf122efccf2023e9613ad90bff0fe1eb9ebe52438c0182eb7660b,"[0.24616876803338528, 0.24812690704129636, 0.24744794401340187]","[1105.0, 1226.0, 1157.0]",,ok,1594.0,0.09292465902399272,0.09227894700597972,0.09305208490695804,396.0,19.899497487437184,42431e619b7e3bdbb8c16ec281f2dab48db57e145d33a3b5195c9e62a2775a6f,"[0.09227894700597972, 0.09292465902399272, 0.09305208490695804]","[1594.0, 1594.0, 1594.0]",,1990.0,SBM,TRF,SBM,ok
w09_100.4,rudy,100,4455,2033,4,2000,1,cuda:3,ok,2033.0,0.18995354906655848,0.189844353008084,0.1900360130239278,0.0,0.0,9f4196624f950ff8f039cf6f6434bddefc4bd968c5b065c9f973ac6d3e70d7d6,"[0.189844353008084, 0.18995354906655848, 0.1900360130239278]","[2033.0, 2033.0, 2033.0]",,ok,1183.0,0.24901662301272154,0.24900911608710885,0.24966944206971675,850.0,41.81013280865716,97b67e635921e6eb33f05a7f698208ff2b9a627324fccf645c14f27f13cd9965,"[0.24901662301272154, 0.24966944206971675, 0.24900911608710885]","[1183.0, 1093.0, 1164.0]",,ok,1496.0,0.0943453460931778,0.09189670404884964,0.10792554705403745,537.0,26.414166256763405,fe5ec9ded3fc9d7d980b57be88785a8f421f4ae959b0c6623a6e6eb4bcec3231,"[0.10792554705403745, 0.0943453460931778, 0.09189670404884964]","[1496.0, 1496.0, 1496.0]",,2033.0,SBM,TRF,SBM,ok
w09_100.5,rudy,100,4455,2433,4,2000,1,cuda:4,ok,2430.0,0.1994167510420084,0.19936734403017908,0.20003304490819573,3.0,0.12330456226880394,4d2d22a0cddc23e2a2435f3fea2e3633abe68a0eb661e20aad90964dd835c63f,"[0.19936734403017908, 0.20003304490819573, 0.1994167510420084]","[2430.0, 2430.0, 2430.0]",,ok,1312.0,0.2548661349574104,0.2546618109336123,0.2562029389664531,1121.0,46.074804767776406,ba51c351a5cfea24a025259a34dbc947f02719962a1d68bc863903ae6f27e117,"[0.2562029389664531, 0.2546618109336123, 0.2548661349574104]","[1312.0, 1292.0, 1228.0]",,ok,1990.0,0.09831167792435735,0.09334083506837487,0.10366305208299309,443.0,18.207973695026716,17aee229bd95fbd4f796028a5210595f70f83ff8b8e740c2183d127c898e00d3,"[0.10366305208299309, 0.09831167792435735, 0.09334083506837487]","[1990.0, 1990.0, 1990.0]",,2430.0,SBM,TRF,SBM,ok
w09_100.6,rudy,100,4455,2220,4,2000,1,cuda:1,ok,2220.0,0.19925688509829342,0.1992356909904629,0.19933311198838055,0.0,0.0,e2e9134142947dfe2d8fb735706eca577402867ea9e27e11243a4a5f52110ede,"[0.19933311198838055, 0.1992356909904629, 0.19925688509829342]","[2220.0, 2220.0, 2220.0]",,ok,1321.0,0.2558462379965931,0.25558117707259953,0.255922022042796,899.0,40.4954954954955,497ec34a6d6d6905f60764abc6a2d0f650128ceea3a3d7301120895972cc4ec2,"[0.2558462379965931, 0.25558117707259953, 0.255922022042796]","[1321.0, 1251.0, 1267.0]",,ok,1540.0,0.09225135599263012,0.09171508299186826,0.09227109502535313,680.0,30.63063063063063,be7b377abf5d5db638ca5fe0ff7bcd1bab52b564c0940e5cf34632e29d00cb4c,"[0.09171508299186826, 0.09227109502535313, 0.09225135599263012]","[1540.0, 1540.0, 1540.0]",,2220.0,SBM,TRF,SBM,ok
w09_100.7,rudy,100,4455,2252,4,2000,1,cuda:2,ok,2252.0,0.19772951095364988,0.19710386695805937,0.19926995097193867,0.0,0.0,df9f9492a7f3d76e95a03b7f074944113d2f26658119e0ce77ac8c49e28f900f,"[0.19926995097193867, 0.19772951095364988, 0.19710386695805937]","[2252.0, 2252.0, 2252.0]",,ok,1328.0,0.2559536970220506,0.25578572100494057,0.2561032570665702,924.0,41.03019538188277,a4ed3a56efb161cb5a2e8335776f34d01316447064fc62c2e6724e9d2c461a19,"[0.25578572100494057, 0.2559536970220506, 0.2561032570665702]","[1284.0, 1031.0, 1328.0]",,ok,1858.0,0.1041235119337216,0.09117689693812281,0.11081844300497323,394.0,17.4955595026643,e7baa639d69cbf3fc36d5f661f5b121be7e1c8aabdd194b9392bd6d9d04f272c,"[0.11081844300497323, 0.1041235119337216, 0.09117689693812281]","[1858.0, 1858.0, 1858.0]",,2252.0,SBM,TRF,SBM,ok
w09_100.8,rudy,100,4455,1843,4,2000,1,cuda:7,ok,1843.0,0.1933874769601971,0.19288818701170385,0.19374033401254565,0.0,0.0,f970e6a565e4542ccdc9cdaf9c1a2061180e3f551409cacec2f1c2c4bb8b3d70,"[0.19374033401254565, 0.19288818701170385, 0.1933874769601971]","[1843.0, 1843.0, 1843.0]",,ok,936.0,0.2477838380727917,0.24728310003411025,0.2479917040327564,907.0,49.21323928377645,e245d0257e4d7be6c95b23c78989b763de21cbe7636cf9690239291b5709eac2,"[0.24728310003411025, 0.2479917040327564, 0.2477838380727917]","[770.0, 905.0, 936.0]",,ok,1412.0,0.09200532303657383,0.0918014090275392,0.09259731194470078,431.0,23.385784047748235,97f3d3ecd762694106cac08c14b25d18c1b051551a8ae725990a5b9c75647101,"[0.09259731194470078, 0.09200532303657383, 0.0918014090275392]","[1412.0, 1412.0, 1412.0]",,1843.0,SBM,TRF,SBM,ok
w09_100.9,rudy,100,4455,2043,4,2000,1,cuda:6,ok,2043.0,0.20315042801667005,0.20260670699644834,0.20350703306030482,0.0,0.0,22addfd2cb80e4e799d368a8c7b94a69a136a91d97e918ce01e81d42d5c2e3ee,"[0.20350703306030482, 0.20315042801667005, 0.20260670699644834]","[2043.0, 2043.0, 2043.0]",,ok,1222.0,0.26202651008497924,0.261730964994058,0.26263903197832406,821.0,40.18600097895252,b021a737218e9aaffb2e48233e08005f73a95d8bac61dad8cd8d25760eb2a289,"[0.261730964994058, 0.26202651008497924, 0.26263903197832406]","[1222.0, 952.0, 1162.0]",,ok,1702.0,0.09175459400285035,0.09161825594492257,0.09227720298804343,341.0,16.691140479686734,c1796c2c80d78ec47f274fdb8ecd99e246562f835a7af8e6d2a571681b1d0a0d,"[0.09227720298804343, 0.09175459400285035, 0.09161825594492257]","[1702.0, 1702.0, 1702.0]",,2043.0,SBM,TRF,SBM,ok
