instance,family,vertices,edges,reference_cut,runs,steps,seed,device,sbm_status,sbm_best_cut,sbm_median_seconds,sbm_min_seconds,sbm_max_seconds,sbm_gap_to_reference,sbm_gap_percent,sbm_sample_sha256,sbm_trial_seconds,sbm_trial_cuts,sbm_error,svl_status,svl_best_cut,svl_median_seconds,svl_min_seconds,svl_max_seconds,svl_gap_to_reference,svl_gap_percent,svl_sample_sha256,svl_trial_seconds,svl_trial_cuts,svl_error,trf_status,trf_best_cut,trf_median_seconds,trf_min_seconds,trf_max_seconds,trf_gap_to_reference,trf_gap_percent,trf_sample_sha256,trf_trial_seconds,trf_trial_cuts,trf_error,best_cut,quality_winners,fastest_solver,winner,status
g05_100.0,rudy,100,2475,1430,8,5000,1,cuda:5,ok,0.0,0.4740049550309777,0.4700522619532421,0.47590263292659074,1430.0,100.0,cd00e292c5970d3c5e2f0ffa5171e555bc46bfc4faddfb4a418b6840b86e79a3,"[0.47590263292659074, 0.4740049550309777, 0.4700522619532421]","[0.0, 0.0, 0.0]",,ok,1430.0,0.6415646990062669,0.6413532189326361,0.6463054969208315,0.0,0.0,cf492d09ebce62f450a574a63caadf8116922f54476f79c14b6faeb71f99b427,"[0.6413532189326361, 0.6463054969208315, 0.6415646990062669]","[1430.0, 1430.0, 1430.0]",,ok,1387.0,0.2293086510617286,0.22912019200157374,0.22960012196563184,43.0,3.006993006993007,a91f3b914e96a89fd961dade8845d135166f3707a034a4ef00a973dab4927bfb,"[0.2293086510617286, 0.22912019200157374, 0.22960012196563184]","[1387.0, 1387.0, 1387.0]",,1430.0,SVL,TRF,SVL,ok
g05_100.1,rudy,100,2475,1425,8,5000,1,cuda:7,ok,0.0,0.47959474206436425,0.47936889808624983,0.48015018505975604,1425.0,100.0,cd00e292c5970d3c5e2f0ffa5171e555bc46bfc4faddfb4a418b6840b86e79a3,"[0.47936889808624983, 0.48015018505975604, 0.47959474206436425]","[0.0, 0.0, 0.0]",,ok,1425.0,0.6451161500299349,0.6450827870285138,0.645556750940159,0.0,0.0,73eaf4471aa7234d55ca5c32a30b3eff1e7ead4eebcf9ac810f17dcd3daa69ec,"[0.6451161500299349, 0.6450827870285138, 0.645556750940159]","[1425.0, 1425.0, 1425.0]",,ok,1388.0,0.22532669792417437,0.22513131401501596,0.24003327102400362,37.0,2.5964912280701755,51b6ddbd288cd5bbeec1bf8f8b44d156dcefc00852fa986665467de7630d402e,"[0.24003327102400362, 0.22532669792417437, 0.22513131401501596]","[1388.0, 1388.0, 1388.0]",,1425.0,SVL,TRF,SVL,ok
g05_100.2,rudy,100,2475,1432,8,5000,1,cuda:2,ok,0.0,0.4912719519343227,0.4910346430260688,0.4915719199925661,1432.0,100.0,cd00e292c5970d3c5e2f0ffa5171e555bc46bfc4faddfb4a418b6840b86e79a3,"[0.4910346430260688, 0.4912719519343227, 0.4915719199925661]","[0.0, 0.0, 0.0]",,ok,1432.0,0.665635233046487,0.6643174320925027,0.6737281800014898,0.0,0.0,a3c1772b49f4e6f54bee79ad31ca5896b065bfb9cc3c1a1bff6cf189e976ddb6,"[0.6737281800014898, 0.665635233046487, 0.6643174320925027]","[1432.0, 1432.0, 1432.0]",,ok,1380.0,0.22388526401482522,0.22376627300400287,0.24592125904746354,52.0,3.631284916201117,43b9ff4eeb88ec23a615b6a106858b7ba539453a32f8d5b106b9e5900786577c,"[0.24592125904746354, 0.22376627300400287, 0.22388526401482522]","[1380.0, 1380.0, 1380.0]",,1432.0,SVL,TRF,SVL,ok
g05_100.3,rudy,100,2475,1424,8,5000,1,cuda:4,ok,0.0,0.4912162059918046,0.48974520701449364,0.4928538439562544,1424.0,100.0,cd00e292c5970d3c5e2f0ffa5171e555bc46bfc4faddfb4a418b6840b86e79a3,"[0.48974520701449364, 0.4912162059918046, 0.4928538439562544]","[0.0, 0.0, 0.0]",,ok,1423.0,0.664046814898029,0.6614878830732778,0.6690463030245155,1.0,0.0702247191011236,e54e964d00e1054122f6cc08c0098f44e48a5daf46024bf43bd26c94870e0fe7,"[0.6614878830732778, 0.664046814898029, 0.6690463030245155]","[1423.0, 1423.0, 1423.0]",,ok,1405.0,0.2210166739532724,0.22061457601375878,0.222370547009632,19.0,1.3342696629213484,c3d9c8f2e6e2833aabe4de63efdcbcaa00b4f8877614221fad5fa6b9e3d7ed35,"[0.222370547009632, 0.2210166739532724, 0.22061457601375878]","[1405.0, 1405.0, 1405.0]",,1423.0,SVL,TRF,SVL,ok
g05_100.4,rudy,100,2475,1440,8,5000,1,cuda:1,ok,0.0,0.4955328059149906,0.49469918303657323,0.4962416240014136,1440.0,100.0,cd00e292c5970d3c5e2f0ffa5171e555bc46bfc4faddfb4a418b6840b86e79a3,"[0.4962416240014136, 0.49469918303657323, 0.4955328059149906]","[0.0, 0.0, 0.0]",,ok,1440.0,0.6730807420099154,0.6717906929552555,0.6731127680977806,0.0,0.0,b3b11984dc87f15c564afb049335cc177d8df6e006518993086f10fa4071dabc,"[0.6717906929552555, 0.6730807420099154, 0.6731127680977806]","[1440.0, 1440.0, 1440.0]",,ok,1392.0,0.22718973201699555,0.22714644588995725,0.2505443199770525,48.0,3.3333333333333335,6530fa843c3f112e53ed22aec43352afa2dd37ad5b5bed4bff0eb920b43cd96a,"[0.2505443199770525, 0.22718973201699555, 0.22714644588995725]","[1392.0, 1392.0, 1392.0]",,1440.0,SVL,TRF,SVL,ok
g05_100.5,rudy,100,2475,1436,8,5000,1,cuda:3,ok,0.0,0.47237712994683534,0.4707261730218306,0.47291667910758406,1436.0,100.0,cd00e292c5970d3c5e2f0ffa5171e555bc46bfc4faddfb4a418b6840b86e79a3,"[0.47237712994683534, 0.4707261730218306, 0.47291667910758406]","[0.0, 0.0, 0.0]",,ok,1436.0,0.6510200540069491,0.6505154129117727,0.6533688789932057,0.0,0.0,45aedcbe1d8ab9b75a662ee0bb348f2ec62a49ca2f6f713a7518a125d8bd4414,"[0.6505154129117727, 0.6510200540069491, 0.6533688789932057]","[1436.0, 1436.0, 1436.0]",,ok,1393.0,0.22521880001295358,0.22507402405608445,0.2424208059674129,43.0,2.9944289693593316,e662f5dd58e9e3caaf2bfbf3e218815cd45571695172c37ff58c811f78fa1cd9,"[0.2424208059674129, 0.22521880001295358, 0.22507402405608445]","[1393.0, 1393.0, 1393.0]",,1436.0,SVL,TRF,SVL,ok
g05_100.6,rudy,100,2475,1434,8,5000,1,cuda:5,ok,0.0,0.477323594968766,0.4760003020055592,0.4776189379626885,1434.0,100.0,cd00e292c5970d3c5e2f0ffa5171e555bc46bfc4faddfb4a418b6840b86e79a3,"[0.4776189379626885, 0.4760003020055592, 0.477323594968766]","[0.0, 0.0, 0.0]",,ok,1434.0,0.6432878290070221,0.6421242719516158,0.6472653870005161,0.0,0.0,4e2d235f491860b0d7f61358a1bda6315f9db7b986151a6d4d7ea7e263a555b7,"[0.6421242719516158, 0.6472653870005161, 0.6432878290070221]","[1434.0, 1434.0, 1434.0]",,ok,1383.0,0.22713150503113866,0.22704884898848832,0.2547880350612104,51.0,3.5564853556485354,bfc52b35006efaec46def6d3a0f2d7ceb9026f561e39d0341533d4c30fbc29c1,"[0.2547880350612104, 0.22704884898848832, 0.22713150503113866]","[1383.0, 1383.0, 1383.0]",,1434.0,SVL,TRF,SVL,ok
g05_100.7,rudy,100,2475,1431,8,5000,1,cuda:6,ok,0.0,0.50449528102763,0.5036652230191976,0.505482203909196,1431.0,100.0,cd00e292c5970d3c5e2f0ffa5171e555bc46bfc4faddfb4a418b6840b86e79a3,"[0.50449528102763, 0.5036652230191976, 0.505482203909196]","[0.0, 0.0, 0.0]",,ok,1431.0,0.6819875079672784,0.6815310240490362,0.6838730939198285,0.0,0.0,c166064cefde7fd903807ab7241a505160025b7a967593346b449d12e6c10899,"[0.6819875079672784, 0.6815310240490362, 0.6838730939198285]","[1431.0, 1431.0, 1431.0]",,ok,1397.0,0.224983109976165,0.2245825509307906,0.23934047401417047,34.0,2.375960866526904,9fee89f9ba5fb3c064e9b7e996d6cf8b5fdf6f1afa5eba4b8f06180071a63673,"[0.23934047401417047, 0.224983109976165, 0.2245825509307906]","[1397.0, 1397.0, 1397.0]",,1431.0,SVL,TRF,SVL,ok
g05_100.8,rudy,100,2475,1432,8,5000,1,cuda:7,ok,0.0,0.4793763359775767,0.4774036229355261,0.4794208869570866,1432.0,100.0,cd00e292c5970d3c5e2f0ffa5171e555bc46bfc4faddfb4a418b6840b86e79a3,"[0.4774036229355261, 0.4793763359775767, 0.4794208869570866]","[0.0, 0.0, 0.0]",,ok,1431.0,0.6444169870810583,0.6436339649371803,0.6453709750203416,1.0,0.06983240223463687,00cd3cf93e270c43c0c1303e75e40e39eb90f5927497ecbe6feb070ecd24b8b6,"[0.6444169870810583, 0.6453709750203416, 0.6436339649371803]","[1431.0, 1431.0, 1431.0]",,ok,1405.0,0.22535667894408107,0.22534578095655888,0.23604056204203516,27.0,1.8854748603351956,e87e454d0b04a37706626edd06769fb0c1fc204e4ce7c71fea7dedd85dde9c95,"[0.23604056204203516, 0.22535667894408107, 0.22534578095655888]","[1405.0, 1405.0, 1405.0]",,1431.0,SVL,TRF,SVL,ok
g05_100.9,rudy,100,2475,1430,8,5000,1,cuda:2,ok,0.0,0.4898606169736013,0.48982261097989976,0.49068971001543105,1430.0,100.0,cd00e292c5970d3c5e2f0ffa5171e555bc46bfc4faddfb4a418b6840b86e79a3,"[0.49068971001543105, 0.4898606169736013, 0.48982261097989976]","[0.0, 0.0, 0.0]",,ok,1427.0,0.6653909089509398,0.6644665600033477,0.665966109954752,3.0,0.2097902097902098,d284c034356743dad8830dadac935ee5be0ff41c5446f4636ee007a57c7c575c,"[0.6644665600033477, 0.665966109954752, 0.6653909089509398]","[1427.0, 1427.0, 1427.0]",,ok,1402.0,0.22483567497693002,0.2247755159623921,0.22883412102237344,28.0,1.9580419580419581,68d29ed7ff33f2c505770dd75866749a1173be902c3e89662a164d3c3d67d0bc,"[0.22883412102237344, 0.2247755159623921, 0.22483567497693002]","[1402.0, 1402.0, 1402.0]",,1427.0,SVL,TRF,SVL,ok
g05_60.0,rudy,60,885,536,8,5000,1,cuda:3,ok,22.0,0.4711458849487826,0.47105827496852726,0.47166344698052853,514.0,95.8955223880597,b9cd32f7b163ea87ae94545af205834f2e1041335b8c61c6dae7adc31386d0b8,"[0.47166344698052853, 0.4711458849487826, 0.47105827496852726]","[22.0, 22.0, 22.0]",,ok,536.0,0.6499492529546842,0.6494409099686891,0.6548271320061758,0.0,0.0,331c3d15c25f9cede62bb36b9c345dd8430ba97fcb03d0175413a1ff99e42aeb,"[0.6548271320061758, 0.6499492529546842, 0.6494409099686891]","[536.0, 536.0, 536.0]",,ok,526.0,0.21213289501611143,0.21171093999873847,0.25538288697134703,10.0,1.8656716417910448,be762619fddbc6dac127cf8a1a5bbcc411c8987587898bbe96445c57c09c8d47,"[0.25538288697134703, 0.21213289501611143, 0.21171093999873847]","[526.0, 526.0, 526.0]",,536.0,SVL,TRF,SVL,ok
g05_60.1,rudy,60,885,532,8,5000,1,cuda:6,ok,18.0,0.5022711679339409,0.5018486729823053,0.5032143889693543,514.0,96.61654135338345,f8e869d2486e2233c285035cc7d37d1f12167deddc99e7798eafee5d3c05536c,"[0.5018486729823053, 0.5022711679339409, 0.5032143889693543]","[18.0, 18.0, 18.0]",,ok,532.0,0.6811929800314829,0.6807596510043368,0.6824302129680291,0.0,0.0,a1ceff933143a57a7cc66b32dbf5651145719bdc4b90f473ff5f984b4824a34f,"[0.6811929800314829, 0.6807596510043368, 0.6824302129680291]","[532.0, 532.0, 532.0]",,ok,520.0,0.20981755608227104,0.20937278005294502,0.21208828408271074,12.0,2.255639097744361,67d283d3f24349330d807ecf741219dd3ddd428fe3a4e326731273aacd51887c,"[0.21208828408271074, 0.20981755608227104, 0.20937278005294502]","[520.0, 520.0, 520.0]",,532.0,SVL,TRF,SVL,ok
g05_60.2,rudy,60,885,529,8,5000,1,cuda:2,ok,19.0,0.4937134070787579,0.4926352429902181,0.4953179210424423,510.0,96.40831758034027,02628751f9a7cf076251874bf1dbcd30c02e7e071abdd311977e4d81f0d0d30a,"[0.4937134070787579, 0.4953179210424423, 0.4926352429902181]","[19.0, 19.0, 19.0]",,ok,529.0,0.6683448180556297,0.6653827249538153,0.6693524640286341,0.0,0.0,2ab011c5560c0c68d6ccaceac24e0c922a89488da10ddf708fabc84b6f535945,"[0.6683448180556297, 0.6653827249538153, 0.6693524640286341]","[529.0, 529.0, 529.0]",,ok,514.0,0.22423896100372076,0.2101734799798578,0.24289895803667605,15.0,2.835538752362949,0a81183640010866f6d539815ebbe6a9c062c9f7e5262963b9064a81cf8d4d41,"[0.24289895803667605, 0.22423896100372076, 0.2101734799798578]","[514.0, 514.0, 514.0]",,529.0,SVL,TRF,SVL,ok
g05_60.3,rudy,60,885,538,8,5000,1,cuda:5,ok,20.0,0.4726705070352182,0.4722110270522535,0.475251856027171,518.0,96.28252788104089,75d44a6fa247a8b05d35f2e487785a3468a55582a3c5376168b45f02bba267c2,"[0.4726705070352182, 0.475251856027171, 0.4722110270522535]","[20.0, 20.0, 20.0]",,ok,538.0,0.6418070589425042,0.6401676629902795,0.6456834999844432,0.0,0.0,3ace2fdd6231ea75cf75f14dccc8d4edfa38adc59fb15509bf2ef543181bcbd9,"[0.6456834999844432, 0.6418070589425042, 0.6401676629902795]","[538.0, 538.0, 538.0]",,ok,527.0,0.21857768192421645,0.21834017906803638,0.23029692191630602,11.0,2.0446096654275094,20b4bcc4e10694baa1d75e93309c3400504a8e2f703c0c3d79da8c2a695e590e,"[0.23029692191630602, 0.21857768192421645, 0.21834017906803638]","[527.0, 527.0, 527.0]",,538.0,SVL,TRF,SVL,ok
g05_60.4,rudy,60,885,527,8,5000,1,cuda:1,ok,17.0,0.49456654593814164,0.4945045349886641,0.49653727503027767,510.0,96.7741935483871,d95d13dd8c06cc2b9b23aabbfe4391ade36841d51fda12efeed7cdbb5da53428,"[0.4945045349886641, 0.49653727503027767, 0.49456654593814164]","[17.0, 17.0, 17.0]",,ok,527.0,0.6710948279360309,0.6691745480056852,0.6723840860649943,0.0,0.0,dd1b97bfbe4e9e9f72bef56bd577cefcf0181cf34371e2b5b73179ee2c9399a4,"[0.6691745480056852, 0.6723840860649943, 0.6710948279360309]","[527.0, 527.0, 527.0]",,ok,520.0,0.21214652596972883,0.21207906398922205,0.21222116507124156,7.0,1.3282732447817838,4b1a6bf9b35a42f9fec0e75eab1714a348ec3e401ce9ac6651cc9a46a583ff6a,"[0.21207906398922205, 0.21222116507124156, 0.21214652596972883]","[520.0, 520.0, 520.0]",,527.0,SVL,TRF,SVL,ok
g05_60.5,rudy,60,885,533,8,5000,1,cuda:0,ok,20.0,0.7509597419993952,0.7453881960827857,0.7520880539668724,513.0,96.24765478424015,e5858fe876dde10368d00871192d9e12f238b36502cef57678945966b3c24977,"[0.7509597419993952, 0.7453881960827857, 0.7520880539668724]","[20.0, 20.0, 20.0]",,ok,533.0,1.008637712104246,1.0072783690411597,1.011730112018995,0.0,0.0,30890ff38c4b09b5785e3ef3257619ae3ca630453cda39922adb8304a6be36df,"[1.0072783690411597, 1.008637712104246, 1.011730112018995]","[533.0, 533.0, 533.0]",,ok,514.0,0.24096487101633102,0.21760643902234733,0.27679143007844687,19.0,3.5647279549718576,22fc91ac878043457b37be368f41816a9369f4d24b59ffa6b082bea4e91a2c70,"[0.27679143007844687, 0.24096487101633102, 0.21760643902234733]","[514.0, 514.0, 514.0]",,533.0,SVL,TRF,SVL,ok
g05_60.6,rudy,60,885,531,8,5000,1,cuda:4,ok,20.0,0.4938935370882973,0.49168327101506293,0.4961612820625305,511.0,96.23352165725048,81398e7eccebdb9e7f79b38f821020e3819e22ae244df228f17646a292d2e3aa,"[0.4938935370882973, 0.49168327101506293, 0.4961612820625305]","[20.0, 20.0, 20.0]",,ok,531.0,0.6664013200206682,0.6605962190078571,0.6689168269513175,0.0,0.0,5a3bb98a0805d21a7ddc636d96325ae8808e999d1ab26c9bce7c3313cc96cd9d,"[0.6664013200206682, 0.6605962190078571, 0.6689168269513175]","[531.0, 531.0, 531.0]",,ok,519.0,0.206759336986579,0.20648401696234941,0.232557668001391,12.0,2.2598870056497176,a5d1c3fc213e4365310369529d4c04818d8cf0e4a0d87039323b5c5d2104b0fb,"[0.232557668001391, 0.20648401696234941, 0.206759336986579]","[519.0, 519.0, 519.0]",,531.0,SVL,TRF,SVL,ok
g05_60.7,rudy,60,885,535,8,5000,1,cuda:7,ok,22.0,0.4785165200009942,0.47761587193235755,0.47875839297194034,513.0,95.88785046728972,8c5383dcac6f8ce264381777421e9144190e285b1dd252e6653e0bd7ff174fbe,"[0.47761587193235755, 0.47875839297194034, 0.4785165200009942]","[22.0, 22.0, 22.0]",,ok,535.0,0.6456173830665648,0.6448484510183334,0.6467962950700894,0.0,0.0,3409c552b91eedf62ca3faa97f30f80a85391f2d25f83ca8ef2e6324fd530ebc,"[0.6456173830665648, 0.6467962950700894, 0.6448484510183334]","[535.0, 535.0, 535.0]",,ok,529.0,0.21028973197098821,0.21000642189756036,0.21047028189059347,6.0,1.1214953271028036,0b9be78d35d6dbc5817d5bdd2aaba7b5d36ad5c89148b6ffc6512a0aa0cea1cf,"[0.21028973197098821, 0.21047028189059347, 0.21000642189756036]","[529.0, 529.0, 529.0]",,535.0,SVL,TRF,SVL,ok
g05_60.8,rudy,60,885,530,8,5000,1,cuda:3,ok,0.0,0.47308243508450687,0.4703464909689501,0.47498595796059817,530.0,100.0,5dcc1b5872dd9ff1c234501f1fefda01f664164e1583c3e1bb3dbea47588ab31,"[0.4703464909689501, 0.47498595796059817, 0.47308243508450687]","[0.0, 0.0, 0.0]",,ok,530.0,0.6503061449620873,0.6483703170670196,0.6504424740560353,0.0,0.0,968e020819a866f6b1098f3764cb7ca6eefcc80e6b8c9a3c7c37129703822175,"[0.6503061449620873, 0.6504424740560353, 0.6483703170670196]","[530.0, 530.0, 530.0]",,ok,519.0,0.21375690901186317,0.21342098794411868,0.2500195080647245,11.0,2.0754716981132075,7007b3c84de3acc8273fe10134fb5189464684ec51347d80abb35ee09dc1bdeb,"[0.2500195080647245, 0.21375690901186317, 0.21342098794411868]","[519.0, 519.0, 519.0]",,530.0,SVL,TRF,SVL,ok
g05_60.9,rudy,60,885,533,8,5000,1,cuda:6,ok,21.0,0.5030378398951143,0.5010770040098578,0.5042190699605271,512.0,96.06003752345215,4e67d27c33037102b8f8b8a6a35a45de48547d54e72bab0a29264121ddd94985,"[0.5042190699605271, 0.5010770040098578, 0.5030378398951143]","[21.0, 21.0, 21.0]",,ok,533.0,0.683197506936267,0.6818600210826844,0.683744837064296,0.0,0.0,ec5ad60557a6f234c2e032fd91995325d1308904df62fae1997d8e0ae7ce2ee3,"[0.683744837064296, 0.683197506936267, 0.6818600210826844]","[533.0, 533.0, 533.0]",,ok,528.0,0.2098531819647178,0.20963582501281053,0.24493819091003388,5.0,0.9380863039399625,abdc7b2af788cb72f3de5cb9c4fa9ab85bc6d6f86036c09831dd79dcda5c94fa,"[0.24493819091003388, 0.2098531819647178, 0.20963582501281053]","[528.0, 528.0, 528.0]",,533.0,SVL,TRF,SVL,ok
g05_80.0,rudy,80,1580,929,8,5000,1,cuda:5,ok,0.0,0.4724129429087043,0.4720668940572068,0.48525995505042374,929.0,100.0,5b6fb58e61fa475939767d68a446f97f1bff02c0e5935a3ea8bb51e6515783d8,"[0.48525995505042374, 0.4720668940572068, 0.4724129429087043]","[0.0, 0.0, 0.0]",,ok,929.0,0.6457225300837308,0.6428615358890966,0.6474458669545129,0.0,0.0,1e6fe74d4702b3015a46af902d28357c326ff660512289d94d3c63d62478d532,"[0.6457225300837308, 0.6474458669545129, 0.6428615358890966]","[929.0, 929.0, 929.0]",,ok,898.0,0.2204552220646292,0.2203741460107267,0.2206792529905215,31.0,3.3369214208826694,4a195931dabfc0e3bc26c7f181126a217b1ff13d28352708cba5ae5308486d77,"[0.2206792529905215, 0.2203741460107267, 0.2204552220646292]","[898.0, 898.0, 898.0]",,929.0,SVL,TRF,SVL,ok
g05_80.1,rudy,80,1580,941,8,5000,1,cuda:2,ok,0.0,0.4934919000370428,0.48691473703365773,0.5013701459392905,941.0,100.0,5b6fb58e61fa475939767d68a446f97f1bff02c0e5935a3ea8bb51e6515783d8,"[0.4934919000370428, 0.5013701459392905, 0.48691473703365773]","[0.0, 0.0, 0.0]",,ok,941.0,0.6671738240402192,0.6622837840113789,0.6693337790202349,0.0,0.0,bac38517916f0785ab544f4c170dc95e1632db2fe2e78d3f42dc265b0b1ab11d,"[0.6622837840113789, 0.6671738240402192, 0.6693337790202349]","[941.0, 941.0, 941.0]",,ok,905.0,0.21707078895997256,0.2170375268906355,0.2371757139917463,36.0,3.8257173219978746,303be01fe0a84d950137c1452536fe15ae33d91616e231ff96410c02bc756640,"[0.2371757139917463, 0.2170375268906355, 0.21707078895997256]","[905.0, 905.0, 905.0]",,941.0,SVL,TRF,SVL,ok
g05_80.2,rudy,80,1580,934,8,5000,1,cuda:1,ok,0.0,0.49532171397004277,0.4951908440561965,0.49539071891922504,934.0,100.0,5b6fb58e61fa475939767d68a446f97f1bff02c0e5935a3ea8bb51e6515783d8,"[0.49532171397004277, 0.49539071891922504, 0.4951908440561965]","[0.0, 0.0, 0.0]",,ok,934.0,0.6730682349298149,0.6723344560014084,0.6734738619998097,0.0,0.0,a93d3803a82bf9f4a3d0a6bdfe794fb535e0c3565321bcea7f77e6d39812d29b,"[0.6734738619998097, 0.6723344560014084, 0.6730682349298149]","[934.0, 934.0, 934.0]",,ok,906.0,0.21972597390413284,0.2195501560345292,0.24329546291846782,28.0,2.9978586723768736,1e5ac00da5853dc58fd627eb428d4471c565137671836953f34b1d775ba33537,"[0.24329546291846782, 0.21972597390413284, 0.2195501560345292]","[906.0, 906.0, 906.0]",,934.0,SVL,TRF,SVL,ok
g05_80.3,rudy,80,1580,923,8,5000,1,cuda:7,ok,0.0,0.47792078892234713,0.4770229159621522,0.4798921450274065,923.0,100.0,5b6fb58e61fa475939767d68a446f97f1bff02c0e5935a3ea8bb51e6515783d8,"[0.4798921450274065, 0.47792078892234713, 0.4770229159621522]","[0.0, 0.0, 0.0]",,ok,921.0,0.6456163810798898,0.6452477780403569,0.6456656109075993,2.0,0.21668472372697725,8d45cb353df72848f2593c7f221e206db49acb9a736c995fc1b1936878d40040,"[0.6452477780403569, 0.6456163810798898, 0.6456656109075993]","[921.0, 921.0, 921.0]",,ok,898.0,0.217184200999327,0.21710909402463585,0.2333485019626096,25.0,2.7085590465872156,9b02d1bfda529eb995cdac6ea4712c469495faf235ea5b627156660bdc25d712,"[0.2333485019626096, 0.21710909402463585, 0.217184200999327]","[898.0, 898.0, 898.0]",,921.0,SVL,TRF,SVL,ok
g05_80.4,rudy,80,1580,932,8,5000,1,cuda:4,ok,0.0,0.4933723120484501,0.49066668399609625,0.5038774149725214,932.0,100.0,5b6fb58e61fa475939767d68a446f97f1bff02c0e5935a3ea8bb51e6515783d8,"[0.5038774149725214, 0.49066668399609625, 0.4933723120484501]","[0.0, 0.0, 0.0]",,ok,932.0,0.6630332530476153,0.6623257949249819,0.6652617309009656,0.0,0.0,cb640fe79fa5d2436851185aedb58c2610f475017b35e11b76f36990af6560b6,"[0.6652617309009656, 0.6630332530476153, 0.6623257949249819]","[932.0, 932.0, 932.0]",,ok,908.0,0.21482834697235376,0.21464219293557107,0.24058288207743317,24.0,2.575107296137339,60e9dae0afbcff1b64e1694fe0817b97045ff8cbf7497756dcb3bc7144a009fe,"[0.24058288207743317, 0.21464219293557107, 0.21482834697235376]","[908.0, 908.0, 908.0]",,932.0,SVL,TRF,SVL,ok
g05_80.5,rudy,80,1580,926,8,5000,1,cuda:0,ok,0.0,0.7452747579663992,0.7448434330290183,0.7464177360525355,926.0,100.0,5b6fb58e61fa475939767d68a446f97f1bff02c0e5935a3ea8bb51e6515783d8,"[0.7448434330290183, 0.7452747579663992, 0.7464177360525355]","[0.0, 0.0, 0.0]",,ok,926.0,1.0037044830387458,1.002806526958011,1.0067745249252766,0.0,0.0,273eceefe41ff0c57a60e38ff02d13295b1b567f1cae94f07e684e122053acc9,"[1.0037044830387458, 1.002806526958011, 1.0067745249252766]","[926.0, 926.0, 926.0]",,ok,906.0,0.22077691496815532,0.22056872502435,0.2583680080715567,20.0,2.159827213822894,7fe205d5e0da198aee4407f35960ea99bec3d711e5ca8bd29366727a0080ce6f,"[0.2583680080715567, 0.22077691496815532, 0.22056872502435]","[906.0, 906.0, 906.0]",,926.0,SVL,TRF,SVL,ok
g05_80.6,rudy,80,1580,929,8,5000,1,cuda:3,ok,0.0,0.4716275610262528,0.47159246797673404,0.4726310051046312,929.0,100.0,5b6fb58e61fa475939767d68a446f97f1bff02c0e5935a3ea8bb51e6515783d8,"[0.4726310051046312, 0.47159246797673404, 0.4716275610262528]","[0.0, 0.0, 0.0]",,ok,926.0,0.6479891740018502,0.6479147510835901,0.6493122400715947,3.0,0.32292787944025836,f6c23213e5199722dad73624bb13782bb0f06c78a42eb751a6ebb2a399438beb,"[0.6479147510835901, 0.6479891740018502, 0.6493122400715947]","[926.0, 926.0, 926.0]",,ok,910.0,0.21680920897051692,0.21673429396469146,0.2170892880531028,19.0,2.045209903121636,ecfd92fb6c46a550d2c2aecb688d415da1008e815332790106b83dad9ca12de8,"[0.2170892880531028, 0.21680920897051692, 0.21673429396469146]","[910.0, 910.0, 910.0]",,926.0,SVL,TRF,SVL,ok
g05_80.7,rudy,80,1580,929,8,5000,1,cuda:6,ok,0.0,0.5027196690207347,0.5016592110041529,0.5053169559687376,929.0,100.0,5b6fb58e61fa475939767d68a446f97f1bff02c0e5935a3ea8bb51e6515783d8,"[0.5053169559687376, 0.5027196690207347, 0.5016592110041529]","[0.0, 0.0, 0.0]",,ok,929.0,0.6839282580185682,0.6836250469787046,0.6847407990135252,0.0,0.0,8e41088c1dbfdcc0bf9bc02cc544ca6c3e38986cba0c68efb7e09e69fe8bc92f,"[0.6836250469787046, 0.6839282580185682, 0.6847407990135252]","[929.0, 929.0, 929.0]",,ok,904.0,0.2175764039857313,0.21743370895273983,0.2666568389395252,25.0,2.6910656620021527,5b5f6f981d0fb78e5c15ea437b921be1417c8bcd2fb3ca29462202ff2adde8f0,"[0.2666568389395252, 0.2175764039857313, 0.21743370895273983]","[904.0, 904.0, 904.0]",,929.0,SVL,TRF,SVL,ok
g05_80.8,rudy,80,1580,925,8,5000,1,cuda:5,ok,0.0,0.47407158999703825,0.470244012074545,0.47476485406514257,925.0,100.0,5b6fb58e61fa475939767d68a446f97f1bff02c0e5935a3ea8bb51e6515783d8,"[0.47476485406514257, 0.47407158999703825, 0.470244012074545]","[0.0, 0.0, 0.0]",,ok,922.0,0.6465371099766344,0.6436345360707492,0.6504034700337797,3.0,0.32432432432432434,89ae31f0b2b06f4badde43f177b1e4ff6d20337945df25664115c8e35125060b,"[0.6504034700337797, 0.6465371099766344, 0.6436345360707492]","[922.0, 922.0, 922.0]",,ok,899.0,0.22032565507106483,0.22017156204674393,0.2587881189538166,26.0,2.810810810810811,fa8011cc656d2cdcb3ecf9d33c435db8691b0d7de8b8404092a6b4ffaec125e2,"[0.2587881189538166, 0.22032565507106483, 0.22017156204674393]","[899.0, 899.0, 899.0]",,922.0,SVL,TRF,SVL,ok
g05_80.9,rudy,80,1580,923,8,5000,1,cuda:2,ok,0.0,0.489057784085162,0.48847445694264024,0.49036694201640785,923.0,100.0,5b6fb58e61fa475939767d68a446f97f1bff02c0e5935a3ea8bb51e6515783d8,"[0.489057784085162, 0.49036694201640785, 0.48847445694264024]","[0.0, 0.0, 0.0]",,ok,923.0,0.6647100959671661,0.6638516919920221,0.6651162160560489,0.0,0.0,1e51162f7b567da1a3a76fcb7216f483ee87fa3095450ec3320fb0a24de16282,"[0.6638516919920221, 0.6651162160560489, 0.6647100959671661]","[923.0, 923.0, 923.0]",,ok,903.0,0.21792986895889044,0.21782336907926947,0.21794118895195425,20.0,2.1668472372697725,e112e4f784dbeaf9fb82ee570269537cd40db3605a2504445e6034638bc5a992,"[0.21782336907926947, 0.21794118895195425, 0.21792986895889044]","[903.0, 903.0, 903.0]",,923.0,SVL,TRF,SVL,ok
ising2.5-100_5555,ising,100,4950,2460049,8,5000,1,cuda:6,ok,2432794.0,0.5028881760081276,0.5026228650240228,0.5032905499683693,27255.0,1.1079047612466255,9ef3a3cbe0e5c2c59637809575cd25e436e3da2b83e7e33ef42f80307cc18847,"[0.5026228650240228, 0.5032905499683693, 0.5028881760081276]","[2432794.0, 2432794.0, 2432794.0]",,ok,433476.0,0.6824802099727094,0.681742953020148,0.6832722369581461,2026573.0,82.37937537016539,c3debaae07a546a4f6f4a7bc855c6d013924101e6ff7bbcc6d5bdba2b33942c8,"[0.681742953020148, 0.6832722369581461, 0.6824802099727094]","[345544.0, 208593.0, 433476.0]",,ok,2380541.0,0.22517685103230178,0.22502094705123454,0.22564522991888225,79508.0,3.2319681437239667,83bd91de60e934ab08e43d5d44a5335b99929f388901a4a3b2e1a1d16c6794e2,"[0.22502094705123454, 0.22517685103230178, 0.22564522991888225]","[2380541.0, 2380541.0, 2380541.0]",,2432794.0,SBM,TRF,SBM,ok
ising2.5-100_6666,ising,100,4950,2031217,8,5000,1,cuda:5,ok,1990180.0,0.4742958549177274,0.47360813803970814,0.47747884795535356,41037.0,2.0203158992859946,b6553f288884d4302cb08b19e49e47643e1a40b99b75ecb9ce3d3b8e59e5a88d,"[0.4742958549177274, 0.47747884795535356, 0.47360813803970814]","[1990180.0, 1990180.0, 1990180.0]",,ok,-328950.0,0.6422432250110433,0.6415931960800663,0.6439361479133368,2360167.0,116.19472464044955,ce50f2c5378a1d6d9c2458b1d79f4e606bdcdc5b98109b2943426586ae8702bb,"[0.6415931960800663, 0.6422432250110433, 0.6439361479133368]","[-469609.0, -328950.0, -474153.0]",,ok,1873713.0,0.22933080093935132,0.2290564349386841,0.247455480042845,157504.0,7.754169052346451,7eababcd1b0cc4580fcd26f7a5e2b5e0c98f78abffd32975c9a6e4edbfe5c339,"[0.247455480042845, 0.22933080093935132, 0.2290564349386841]","[1873713.0, 1873713.0, 1873713.0]",,1990180.0,SBM,TRF,SBM,ok
ising2.5-100_7777,ising,100,4950,3363230,8,5000,1,cuda:7,ok,3341589.0,0.4790837879991159,0.47860642697196454,0.4807076610159129,21641.0,0.6434588178625904,1a9a680cfb909c16bff8ccac75cc6f0916c5176220aee3f5a6593a1cc7ef25cc,"[0.4790837879991159, 0.47860642697196454, 0.4807076610159129]","[3341589.0, 3341589.0, 3341589.0]",,ok,932943.0,0.6474044299684465,0.647318430012092,0.6497249189997092,2430287.0,72.26050552593786,52068e71788320a8a2ff4d260c0018e89155725e607ffcdbe515b39af603cd06,"[0.647318430012092, 0.6474044299684465, 0.6497249189997092]","[878980.0, 887072.0, 932943.0]",,ok,3172710.0,0.22677687602117658,0.2262532360618934,0.2639832500135526,190520.0,5.664792476280242,1cf44b38511022ec67238be9a42b3e1b1bbc1eb853ad98c7bd068596a35a7349,"[0.2639832500135526, 0.22677687602117658, 0.2262532360618934]","[3172710.0, 3172710.0, 3172710.0]",,3341589.0,SBM,TRF,SBM,ok
ising2.5-150_5555,ising,150,11175,4363532,8,5000,1,cuda:2,ok,4338121.0,0.4923237879993394,0.48927870602346957,0.4942631480516866,25411.0,0.5823493445218232,c9dc66ef719b2e13cfe45c2316de567cc794959244089628389e483e03d833d6,"[0.4942631480516866, 0.48927870602346957, 0.4923237879993394]","[4338121.0, 4338121.0, 4338121.0]",,ok,1065309.0,0.6675892448984087,0.662664219038561,0.6685140129411593,3298223.0,75.58608485052935,4f13bc3c3f6ddcd2fdd4be870c528ec92cdde1faeba2a416399be3f47febd606,"[0.662664219038561, 0.6685140129411593, 0.6675892448984087]","[773271.0, 1065309.0, 622000.0]",,ok,4096171.0,0.22836412501055747,0.22825851198285818,0.2286995390895754,267361.0,6.1271694581362075,37e9be14479a024e9d0f400523c5bbd4a5b7536f11dff51d68191c78e6b4b368,"[0.22825851198285818, 0.2286995390895754, 0.22836412501055747]","[4096171.0, 4096171.0, 4096171.0]",,4338121.0,SBM,TRF,SBM,ok
ising2.5-150_6666,ising,150,11175,4057153,8,5000,1,cuda:4,ok,3964567.0,0.4959572619991377,0.4908190220594406,0.49724292499013245,92586.0,2.2820435906656713,ed3cce5e0b2a0545c06d9580545453a1e86ba9302404f4fdc1ba713addc17015,"[0.49724292499013245, 0.4959572619991377, 0.4908190220594406]","[3964567.0, 3964567.0, 3964567.0]",,ok,875535.0,0.6647340080235153,0.6631621009437367,0.6664540519705042,3181618.0,78.41996592191619,c5c756ad8947487130d3a1a8804f82049ca3ad1661e036f9f18daa80f7a319f1,"[0.6664540519705042, 0.6631621009437367, 0.6647340080235153]","[479310.0, 875535.0, 672652.0]",,ok,3866474.0,0.22582682396750897,0.2254507349571213,0.2538807139499113,190679.0,4.69982275748536,5fcb9192c4deffb8eccb402c4468081a1c5dd108251320fc4f88d0b300845592,"[0.2538807139499113, 0.22582682396750897, 0.2254507349571213]","[3866474.0, 3866474.0, 3866474.0]",,3964567.0,SBM,TRF,SBM,ok
ising2.5-150_7777,ising,150,11175,4243269,8,5000,1,cuda:6,ok,4224562.0,0.5043166599934921,0.503423739108257,0.508548675919883,18707.0,0.44086292902948176,a89d31fd0e3e97a0dc1f85294f183a7e183f4d56bd395e1c4ad787f366bd9648,"[0.503423739108257, 0.5043166599934921, 0.508548675919883]","[4224562.0, 4224562.0, 4224562.0]",,ok,554529.0,0.6861154000507668,0.6836775219999254,0.6862493209773675,3688740.0,86.93156149185923,4a1984bef5a03e7a56ceb0ce0174440b4fe971c5ca793ca4c1b4b31d4635a90d,"[0.6836775219999254, 0.6862493209773675, 0.6861154000507668]","[238879.0, 192242.0, 554529.0]",,ok,3997729.0,0.22939306392800063,0.22849819797556847,0.29351591202430427,245540.0,5.786576340081197,76adb5c4f2760e1948274332ea5004bd58d8d982b94292c2bc7c7de9e9ed85f5,"[0.29351591202430427, 0.22939306392800063, 0.22849819797556847]","[3997729.0, 3997729.0, 3997729.0]",,4224562.0,SBM,TRF,SBM,ok
ising2.5-200_5555,ising,200,19900,6294701,8,5000,1,cuda:7,ok,6232879.0,0.4834831540938467,0.4811858410248533,0.4876416609622538,61822.0,0.982127665793816,a97c9fd1dd4178783e189885a8396f171a766fcdcc18aabbcf17e2dd76af62ae,"[0.4834831540938467, 0.4876416609622538, 0.4811858410248533]","[6232879.0, 6232879.0, 6232879.0]",,ok,1462581.0,0.6529748110333458,0.6529143799562007,0.6534835239872336,4832120.0,76.76488525825134,5a3f5a91ef25ff533c2f42c2202d517e957570d6ad0dca82707f22bbd2a8e2d8,"[0.6529143799562007, 0.6534835239872336, 0.6529748110333458]","[1462581.0, 1181422.0, 1169788.0]",,ok,5809677.0,0.25218658603262156,0.2518465870525688,0.2536014630459249,485024.0,7.705274642909965,e14c39bd64736bf2064127229d72996d0ec19a362319c609009ce14cf235d041,"[0.2536014630459249, 0.25218658603262156, 0.2518465870525688]","[5809677.0, 5809677.0, 5809677.0]",,6232879.0,SBM,TRF,SBM,ok
ising2.5-200_6666,ising,200,19900,6795365,8,5000,1,cuda:0,ok,6731278.0,0.7518093680264428,0.7498111299937591,0.7544524149270728,64087.0,0.9430987150800583,b21b45104ad92ed1b79c08b66c20dc7038e94d901823a326053e818472994044,"[0.7498111299937591, 0.7518093680264428, 0.7544524149270728]","[6731278.0, 6731278.0, 6731278.0]",,ok,1933443.0,1.0080603680107743,0.9991646099369973,1.00873440108262,4861922.0,71.54762106229761,e6609532e85eb6efc872d2d73fae8daed51b5bef4ac29cc51195baa520b2b4da,"[1.0080603680107743, 1.00873440108262, 0.9991646099369973]","[1933443.0, 1666046.0, 1637993.0]",,ok,6394833.0,0.2542144260369241,0.25387268397025764,0.28791090298909694,400532.0,5.894194057272862,94e87b07590c93ae18b499a9efd12d5caa60dae5e1e20e2255877192743cafe8,"[0.28791090298909694, 0.2542144260369241, 0.25387268397025764]","[6394833.0, 6394833.0, 6394833.0]",,6731278.0,SBM,TRF,SBM,ok
ising2.5-200_7777,ising,200,19900,5568272,8,5000,1,cuda:2,ok,5493401.0,0.49035069695673883,0.48979691008571535,0.49095734395086765,74871.0,1.3446002637802177,c025d4cec42a9e728845801bf3fc43a2a2028f0cf3606d98cfe37ab458025d32,"[0.49095734395086765, 0.48979691008571535, 0.49035069695673883]","[5493401.0, 5493401.0, 5493401.0]",,ok,1033934.0,0.674057787982747,0.6720346780493855,0.674528652918525,4534338.0,81.43169011858616,702083418ae734a328235d0af00a6a1ae66a0e50524c826f2c6eed63fc07ae47,"[0.674528652918525, 0.674057787982747, 0.6720346780493855]","[816420.0, 1033934.0, 732948.0]",,ok,5272400.0,0.2515185200609267,0.2503251889720559,0.27882790099829435,295872.0,5.313533534281372,9f19d07622fea75eb0aa4b0187f8d77c2c9cfcb56c96552233f3ecdb72e23629,"[0.27882790099829435, 0.2503251889720559, 0.2515185200609267]","[5272400.0, 5272400.0, 5272400.0]",,5493401.0,SBM,TRF,SBM,ok
ising2.5-250_5555,ising,250,31125,7919449,8,5000,1,cuda:0,ok,7818078.0,0.7503686969866976,0.7469195299781859,0.7504816250875592,101371.0,1.2800259209952611,d152b0fbf1b1a0e9eac01f680d2908f67ab78616b7703ca1039d145cfa0ea7be,"[0.7503686969866976, 0.7504816250875592, 0.7469195299781859]","[7818078.0, 7818078.0, 7818078.0]",,ok,1675411.0,1.0089141320204362,1.0077267329907045,1.0226510800421238,6244038.0,78.84434889346468,abf9b927f077ff0c11e8b81a45fe247cd92555b015c1c274dc0f2fdc11a04533,"[1.0089141320204362, 1.0077267329907045, 1.0226510800421238]","[1133458.0, 1675411.0, 1299981.0]",,ok,7368760.0,0.28787913697306067,0.2876953729428351,0.2883316919906065,550689.0,6.953627708190305,acaa7f18b4ac706d2545b99d9dfa4d1e66679b1402e5451c482ed536af3f08d6,"[0.28787913697306067, 0.2883316919906065, 0.2876953729428351]","[7368760.0, 7368760.0, 7368760.0]",,7818078.0,SBM,TRF,SBM,ok
ising2.5-250_6666,ising,250,31125,6925717,8,5000,1,cuda:6,ok,6777660.0,0.507319109980017,0.5060221470193937,0.5075769779505208,148057.0,2.137785878342993,b67241d30788a8d5bccbb1b2e8f2dbcff4d9ca8a9e26105c0ff7f600c2134fbc,"[0.5075769779505208, 0.507319109980017, 0.5060221470193937]","[6777660.0, 6777660.0, 6777660.0]",,ok,1712718.0,0.6864990119356662,0.6858486699638888,0.6881160089978948,5212999.0,75.2701705830602,fa5bda5ffadd72f5cf4008c526d81980250ce3d7457c99cdf2f5a9dd073c67eb,"[0.6858486699638888, 0.6881160089978948, 0.6864990119356662]","[1712718.0, 700986.0, 659879.0]",,ok,6366006.0,0.28815987799316645,0.28790022095199674,0.3072554760146886,559711.0,8.081632558766117,fee7a28f0516ecbf1946f876e4722560a2c9e0f0c4b316f3f0d9c4b81e6aa3f3,"[0.3072554760146886, 0.28815987799316645, 0.28790022095199674]","[6366006.0, 6366006.0, 6366006.0]",,6777660.0,SBM,TRF,SBM,ok
ising2.5-250_7777,ising,250,31125,6596797,8,5000,1,cuda:1,ok,6500798.0,0.5021476319525391,0.5011469729943201,0.502535826060921,95999.0,1.4552365337299298,570e785f2ca35523d328725318df25e0e88a0db4d38a1383608b7ab03811c26f,"[0.5011469729943201, 0.5021476319525391, 0.502535826060921]","[6500798.0, 6500798.0, 6500798.0]",,ok,764117.0,0.6759954158915207,0.6749257140327245,0.6763910679146647,5832680.0,88.41684835837756,84844fba509fbca5dd503d2842062e9293659be9e200927f7071a8167f184b13,"[0.6763910679146647, 0.6749257140327245, 0.6759954158915207]","[764117.0, 610050.0, 491762.0]",,ok,6246097.0,0.2870841450057924,0.286533851060085,0.303235737956129,350700.0,5.3162163395356865,50a9583cfe7fc7199876805f8654290316a99807ab3e55fd631da1998771462d,"[0.303235737956129, 0.2870841450057924, 0.286533851060085]","[6246097.0, 6246097.0, 6246097.0]",,6500798.0,SBM,TRF,SBM,ok
ising2.5-300_5555,ising,300,44850,8579363,8,5000,1,cuda:4,ok,8465456.0,0.5043794040102512,0.4995507880812511,0.5098801250569522,113907.0,1.3276859832134391,b019f094197a9584a0f2feda8b9999aea7105794147baafebc3f53f9fdcd0e2d,"[0.4995507880812511, 0.5043794040102512, 0.5098801250569522]","[8465456.0, 8465456.0, 8465456.0]",,ok,993684.0,0.6750759659335017,0.6680508980061859,0.6862350309966132,7585679.0,88.41774150365242,fb60217067b48ee0d2e794ad48ba826ef0d541149d7e7b15970cead67d964e4f,"[0.6862350309966132, 0.6750759659335017, 0.6680508980061859]","[697434.0, 993684.0, 642645.0]",,ok,8004431.0,0.2918241990264505,0.29128857399336994,0.29264800203964114,574932.0,6.701336684320269,3d2069dc1a4f0ec60e0dfbed8b238e46f6369b8c6c623bfc5d493d3947a9d467,"[0.29264800203964114, 0.29128857399336994, 0.2918241990264505]","[8004431.0, 8004431.0, 8004431.0]",,8465456.0,SBM,TRF,SBM,ok
ising2.5-300_6666,ising,300,44850,9102033,8,5000,1,cuda:3,ok,9041697.0,0.4790764959761873,0.47778893006034195,0.4807462110184133,60336.0,0.6628848741814054,5560c70c6903f48ce1e688b0c81db9caac0ad6ee4fa5ae0840d8ab885ead4a89,"[0.4807462110184133, 0.4790764959761873, 0.47778893006034195]","[9041697.0, 9041697.0, 9041697.0]",,ok,1872577.0,0.6645161309279501,0.6571618570014834,0.6761967440834269,7229456.0,79.42682695173704,598a0ec9610e6a2988693a0c271b87f2f30897f43598263e36ab35a331f39d86,"[0.6645161309279501, 0.6761967440834269, 0.6571618570014834]","[490123.0, 1872577.0, 950001.0]",,ok,8676545.0,0.2904273710446432,0.29041265905834734,0.3075193469412625,425488.0,4.674647960516074,010ec459ce256266b84cbe914926582400692583685a7454de4e7785296e552d,"[0.3075193469412625, 0.2904273710446432, 0.29041265905834734]","[8676545.0, 8676545.0, 8676545.0]",,9041697.0,SBM,TRF,SBM,ok
ising2.5-300_7777,ising,300,44850,8323804,8,5000,1,cuda:6,ok,8192463.0,0.5101783949648961,0.5096354379784316,0.511708960053511,131341.0,1.5778963560410602,9089fa0f76e0c194c32cf4fb15618b48c301e0cc0e97feadf2739f11d36903f7,"[0.5096354379784316, 0.511708960053511, 0.5101783949648961]","[8192463.0, 8192463.0, 8192463.0]",,ok,1299459.0,0.6985072829993442,0.689577228971757,0.6990699720336124,7024345.0,84.38864009772455,664653027a2e39f3d627caa03f2c4cf5443f671a678ca9d6a69f9cb4d93f399c,"[0.689577228971757, 0.6990699720336124, 0.6985072829993442]","[1299459.0, -1344.0, 756330.0]",,ok,7753034.0,0.2972353419754654,0.291960550006479,0.3186011449433863,570770.0,6.857081209504693,cf80a4edf116df72c2444c0d94b9ff3fe204ec212637ee9bb4dd3fea40bd8dc2,"[0.3186011449433863, 0.2972353419754654, 0.291960550006479]","[7753034.0, 7753034.0, 7753034.0]",,8192463.0,SBM,TRF,SBM,ok
ising3.0-100_5555,ising,100,4950,2448189,8,5000,1,cuda:2,ok,2423755.0,0.4882407580735162,0.488032290013507,0.48889326490461826,24434.0,0.9980438601758279,a673e871276a57ea387388909203518fbca6d18be398bb4ddc5a0e37db4feea2,"[0.4882407580735162, 0.488032290013507, 0.48889326490461826]","[2423755.0, 2423755.0, 2423755.0]",,ok,512098.0,0.664953647996299,0.6646451669512317,0.6739892949117348,1936091.0,79.08257900023241,cf3677c8173f95cf5af6f4c81d54a9930c6315ef87f644df21f2ecd4001cdd22,"[0.6646451669512317, 0.664953647996299, 0.6739892949117348]","[337362.0, 12298.0, 512098.0]",,ok,2345568.0,0.2261754999635741,0.22567757696378976,0.22632065508514643,102621.0,4.191710689003178,3d7aacccd4a30aa4927f5a903384fd4c821bd133415f3ef7fa2347b7fd49d718,"[0.22567757696378976, 0.22632065508514643, 0.2261754999635741]","[2345568.0, 2345568.0, 2345568.0]",,2423755.0,SBM,TRF,SBM,ok
ising3.0-100_6666,ising,100,4950,1984099,8,5000,1,cuda:1,ok,1943611.0,0.4970739749260247,0.49678659497294575,0.49837439006660134,40488.0,2.0406239809606275,8cb12b57f98d0ffb750d60c644c449f5482a19f3b1894d31d6da98730ed326f7,"[0.49837439006660134, 0.49678659497294575, 0.4970739749260247]","[1943611.0, 1943611.0, 1943611.0]",,ok,-332462.0,0.6720209299819544,0.6717468140413985,0.6729967379942536,2316561.0,116.75632113115323,461a12ca76350d249e9f781406ffae8ea3e56e8d90247ca0d3d4c00581a4a08b,"[0.6717468140413985, 0.6729967379942536, 0.6720209299819544]","[-332462.0, -379042.0, -376360.0]",,ok,1836686.0,0.22891947301104665,0.22835202200803906,0.25308850302826613,147413.0,7.429719988770722,d6c11b5584b31202a3c3b2e52a1aabfb7090402d174459f8e33eec374f88cfe5,"[0.25308850302826613, 0.22891947301104665, 0.22835202200803906]","[1836686.0, 1836686.0, 1836686.0]",,1943611.0,SBM,TRF,SBM,ok
ising3.0-100_7777,ising,100,4950,3335814,8,5000,1,cuda:4,ok,3301949.0,0.4949884449597448,0.48964424699079245,0.5023069629678503,33865.0,1.015194492258861,5876e8dccc32232ec7946cb9fcd5623764484a0f5e3594b633d68c2cc29e308e,"[0.48964424699079245, 0.4949884449597448, 0.5023069629678503]","[3301949.0, 3301949.0, 3301949.0]",,ok,1261251.0,0.6616928459843621,0.660474088974297,0.6657163429772481,2074563.0,62.19060774971266,24811cbc0c693f9f5a9eb2a87202a3145d6cd96678825bdd989a42d51906a172,"[0.6657163429772481, 0.660474088974297, 0.6616928459843621]","[767684.0, 1261251.0, 1238802.0]",,ok,3273664.0,0.2227247259579599,0.2224643339868635,0.2543055120622739,62150.0,1.8631134709549153,c61965a21bd8ef0ded2e3ee53540ed46806a7302ebb47451913e86d137ad53c4,"[0.2543055120622739, 0.2227247259579599, 0.2224643339868635]","[3273664.0, 3273664.0, 3273664.0]",,3301949.0,SBM,TRF,SBM,ok
ising3.0-150_5555,ising,150,11175,4279261,8,5000,1,cuda:1,ok,4227409.0,0.4964825720526278,0.49588894203770906,0.5003142360365018,51852.0,1.2117045443126746,a8b7eb3541605d717a6c63abef37309c64f4a1c61e7fea78d6a345919a131303,"[0.4964825720526278, 0.49588894203770906, 0.5003142360365018]","[4227409.0, 4227409.0, 4227409.0]",,ok,944071.0,0.6765038169687614,0.6749537070281804,0.680486680008471,3335190.0,77.93845713079898,4cca09be4a4c6a81978ca46c2c217f1749de619d3de232cdabce8ba4a43a7feb,"[0.6749537070281804, 0.6765038169687614, 0.680486680008471]","[719708.0, 942633.0, 944071.0]",,ok,4065308.0,0.23054376908112317,0.230378833017312,0.23079701489768922,213953.0,4.999765146365225,1d13abbc611ee3b0f5696518c3cbef77d6dcee240a4816ff5ea5849724c00c3b,"[0.230378833017312, 0.23054376908112317, 0.23079701489768922]","[4065308.0, 4065308.0, 4065308.0]",,4227409.0,SBM,TRF,SBM,ok
ising3.0-150_6666,ising,150,11175,3949317,8,5000,1,cuda:3,ok,3908970.0,0.47556201892439276,0.4737259739777073,0.4763859389349818,40347.0,1.0216196876573849,fa9404a823d854b655f4ac7948ff8dc55594342f9d867fc83f3468bd13f5b2ea,"[0.4737259739777073, 0.4763859389349818, 0.47556201892439276]","[3908970.0, 3908970.0, 3908970.0]",,ok,476007.0,0.6562333609908819,0.6559945929329842,0.6567147689638659,3473310.0,87.94710579069748,b70c724fdbfa5e38322c651914a9746abacffc5068b1943e03d27c2602644cc3,"[0.6567147689638659, 0.6562333609908819, 0.6559945929329842]","[474801.0, 306304.0, 476007.0]",,ok,3742623.0,0.23799222405068576,0.22781472001224756,0.25740728597156703,206694.0,5.233664453878987,09832a266c302f66a22a3e72e6aa282b265138a90de17d6e2a42a402181fe920,"[0.25740728597156703, 0.23799222405068576, 0.22781472001224756]","[3742623.0, 3742623.0, 3742623.0]",,3908970.0,SBM,TRF,SBM,ok
ising3.0-150_7777,ising,150,11175,4211158,8,5000,1,cuda:5,ok,4166343.0,0.47418604500126094,0.47222136496566236,0.4755708039738238,44815.0,1.0641965939059992,5021a0a97f4586d312205df7c250d79a9c6dd110d0e3cf97be1672b1767b776f,"[0.47418604500126094, 0.4755708039738238, 0.47222136496566236]","[4166343.0, 4166343.0, 4166343.0]",,ok,764069.0,0.6445704529760405,0.6443980659823865,0.6447098980424926,3447089.0,81.85608329110426,0706af38d744d047975b2ba219d97385e46de8469126719f4bbfd7b0ecbd2c44,"[0.6447098980424926, 0.6445704529760405, 0.6443980659823865]","[-123263.0, 461528.0, 764069.0]",,ok,4071671.0,0.2328190580010414,0.23183561593759805,0.25894065003376454,139487.0,3.3123193192941227,ae9317cb0355b77283d4b84582a793725d0562d6fd72949245410062efdf8b70,"[0.25894065003376454, 0.23183561593759805, 0.2328190580010414]","[4071671.0, 4071671.0, 4071671.0]",,4166343.0,SBM,TRF,SBM,ok
ising3.0-200_5555,ising,200,19900,6215531,8,5000,1,cuda:4,ok,6173555.0,0.4946868430124596,0.49424275010824203,0.498810175107792,41976.0,0.675340530036774,662215e49c3f2c8fbf3a8d3c68b177bff79f02b6e1f8514fddbffbecf709fc49,"[0.498810175107792, 0.4946868430124596, 0.49424275010824203]","[6173555.0, 6173555.0, 6173555.0]",,ok,1211268.0,0.6641006049467251,0.6627471429528669,0.668935923022218,5004263.0,80.51223620314983,ab1aa80bce8046673e81ab2079087dd98ef19e71aaeb38feeff16422eec066a3,"[0.668935923022218, 0.6641006049467251, 0.6627471429528669]","[1208952.0, 1143417.0, 1211268.0]",,ok,5878742.0,0.24132364697288722,0.24126417899969965,0.2589948810636997,336789.0,5.418507284413834,71e316823ac36c8c95acc1999795f9b94aeb5950e421a722a4e478ac408bcddc,"[0.24132364697288722, 0.2589948810636997, 0.24126417899969965]","[5878742.0, 5878742.0, 5878742.0]",,6173555.0,SBM,TRF,SBM,ok
ising3.0-200_6666,ising,200,19900,6756263,8,5000,1,cuda:6,ok,6713312.0,0.5071359000867233,0.5061628009425476,0.5076362279942259,42951.0,0.635721255966501,4beffc22599e0bd51c880509ccc5db509a7b838a641eb6284fbb520186d39878,"[0.5071359000867233, 0.5076362279942259, 0.5061628009425476]","[6713312.0, 6713312.0, 6713312.0]",,ok,1725649.0,0.6851745089516044,0.6841911529190838,0.6896708080312237,5030614.0,74.45852833141635,add22480205224d3e8fa6c206f4909c8987ac1dde92d8f915da9385ed3c3de6e,"[0.6896708080312237, 0.6841911529190838, 0.6851745089516044]","[782642.0, 1404617.0, 1725649.0]",,ok,6588841.0,0.24216749903280288,0.24209705495741218,0.2606496720109135,167422.0,2.4780266842779803,43e14874e79266cebef8e7174c18f98352bfa3ce28c9f2e618ad423df6994103,"[0.2606496720109135, 0.24216749903280288, 0.24209705495741218]","[6588841.0, 6588841.0, 6588841.0]",,6713312.0,SBM,TRF,SBM,ok
ising3.0-200_7777,ising,200,19900,5560824,8,5000,1,cuda:1,ok,5516989.0,0.4971811498980969,0.4966042198939249,0.4977717789588496,43835.0,0.7882824559813437,0ba417c0efb3d12a5bc7447f4c0cabc47ad48fe60410622100843e09776362f6,"[0.4977717789588496, 0.4971811498980969, 0.4966042198939249]","[5516989.0, 5516989.0, 5516989.0]",,ok,1119478.0,0.6798558699665591,0.6776788349961862,0.6817025550408289,4441346.0,79.86848711629787,cd35840338484949e4e8735c5470bac2af4fa2d35b5c8d93b35ff9c5918bef30,"[0.6817025550408289, 0.6776788349961862, 0.6798558699665591]","[858954.0, 1119478.0, 875222.0]",,ok,5168919.0,0.24642739293631166,0.24585944402497262,0.27584474603645504,391905.0,7.047606613696099,06c951e16f137937f0d32ea895eb5be5abc50fc8078d726d7fb1daad3a8bd1c2,"[0.27584474603645504, 0.24585944402497262, 0.24642739293631166]","[5168919.0, 5168919.0, 5168919.0]",,5516989.0,SBM,TRF,SBM,ok
ising3.0-250_5555,ising,250,31125,7823791,8,5000,1,cuda:5,ok,7746229.0,0.4721950239036232,0.4720888790907338,0.47621699899900705,77562.0,0.9913608377319895,3ba57c82e6bd8659f6c6f1d8b43278a585ca0f3ca36c5d273581dad1d56ac800,"[0.47621699899900705, 0.4721950239036232, 0.4720888790907338]","[7746229.0, 7746229.0, 7746229.0]",,ok,1896114.0,0.646938449004665,0.6420063989935443,0.647017048089765,5927677.0,75.76476672242396,69a5067d5be248ce53e06f1a815c8eba1144c6189e288e483767a4898aee63a2,"[0.647017048089765, 0.6420063989935443, 0.646938449004665]","[1342212.0, 1174331.0, 1896114.0]",,ok,7393602.0,0.2701305120717734,0.26998238603118807,0.27110587107017636,430189.0,5.498472543553374,bb258c9a6bae9293e4f0f2448da0b07c2845fddf5d999b182e6486eb4251408f,"[0.2701305120717734, 0.27110587107017636, 0.26998238603118807]","[7393602.0, 7393602.0, 7393602.0]",,7746229.0,SBM,TRF,SBM,ok
ising3.0-250_6666,ising,250,31125,6903351,8,5000,1,cuda:7,ok,6836315.0,0.48251653590705246,0.4818661710014567,0.48419820005074143,67036.0,0.9710646322344033,bb7ff3f59d9408d0b629a9ca33f0a4311c39ad1e064eb9aad5942a428bdcd8e9,"[0.48251653590705246, 0.48419820005074143, 0.4818661710014567]","[6836315.0, 6836315.0, 6836315.0]",,ok,798305.0,0.647820724057965,0.6458196210442111,0.6498274719342589,6105046.0,88.43597841106443,b80f8a40945bf597a22ce55902c4b8ad5866d485f9be1c46b7154bd564e2788f,"[0.6458196210442111, 0.6498274719342589, 0.647820724057965]","[350446.0, 125918.0, 798305.0]",,ok,6515138.0,0.27192055399063975,0.27087376499548554,0.2929082280024886,388213.0,5.623544275816194,33302ac8316deba2505d28b239df527532fc18b3fe6fbb3bb4f96f4e0a38a062,"[0.2929082280024886, 0.27192055399063975, 0.27087376499548554]","[6515138.0, 6515138.0, 6515138.0]",,6836315.0,SBM,TRF,SBM,ok
ising3.0-250_7777,ising,250,31125,6418276,8,5000,1,cuda:2,ok,6328423.0,0.49922027497086674,0.4917423599399626,0.5084429910639301,89853.0,1.3999553774253397,34340bc9b91a8df361882e8daedbf7eeef136bec493404dd1790aef1d6e865f9,"[0.5084429910639301, 0.49922027497086674, 0.4917423599399626]","[6328423.0, 6328423.0, 6328423.0]",,ok,597758.0,0.6689935969188809,0.6667888920055702,0.669633498066105,5820518.0,90.68662675148279,f4e73749724598619de4ab66a1418ab96693d11ed2e023c80c40441432073ba0,"[0.669633498066105, 0.6689935969188809, 0.6667888920055702]","[597758.0, 294906.0, 567332.0]",,ok,5945353.0,0.26710918196476996,0.2658911389298737,0.2954952019499615,472923.0,7.368380543311008,fb8b85b056c59f9f8c6869acd4e73d5111392cfc90e337bf83a40054dfe39cce,"[0.2954952019499615, 0.26710918196476996, 0.2658911389298737]","[5945353.0, 5945353.0, 5945353.0]",,6328423.0,SBM,TRF,SBM,ok
ising3.0-300_5555,ising,300,44850,8493173,8,5000,1,cuda:1,ok,8395117.0,0.512080627027899,0.49856349593028426,0.5210909970337525,98056.0,1.1545272891533,1bdbc5c62b6175eedbf2c2b452e03191590ba9a3c23f01c09b827a834c4d1b1f,"[0.512080627027899, 0.49856349593028426, 0.5210909970337525]","[8395117.0, 8395117.0, 8395117.0]",,ok,563265.0,0.6769480960210785,0.6739375469041988,0.6779169820947573,7929908.0,93.3680262959438,74102dc81485bb8228191cece6bd36af1fe99234221cddbe2a8d8c33bf7e96f5,"[0.6739375469041988, 0.6769480960210785, 0.6779169820947573]","[563265.0, 218749.0, 557174.0]",,ok,8051167.0,0.2703140559606254,0.2684986350359395,0.2707028930308297,442006.0,5.204250519799844,e5411d7425c4bff2c75bf02b65dc664453074aa8c23bc2f8723b25b394ef2dc6,"[0.2703140559606254, 0.2707028930308297, 0.2684986350359395]","[8051167.0, 8051167.0, 8051167.0]",,8395117.0,SBM,TRF,SBM,ok
ising3.0-300_6666,ising,300,44850,8915110,8,5000,1,cuda:5,ok,8817683.0,0.48485904396511614,0.48017024400178343,0.4863340830197558,97427.0,1.0928300379916793,5349ac735e421dff066ef3e0e9337dd1ee4ad77c689240ecf7bd650fd046ace8,"[0.48017024400178343, 0.4863340830197558, 0.48485904396511614]","[8817683.0, 8817683.0, 8817683.0]",,ok,1404293.0,0.6558085400611162,0.6464609659742564,0.6612006969517097,7510817.0,84.24816968046385,c0a1bb59f9421858f9384ed3f2b3008841036b37ea0db48c032076687a3cedf4,"[0.6612006969517097, 0.6464609659742564, 0.6558085400611162]","[1013096.0, 973315.0, 1404293.0]",,ok,8347987.0,0.28779959597159177,0.2715018050512299,0.29849448904860765,567123.0,6.361368508072251,e474805f7f8ca68478e015956c76056bf3bb18b718dad783f6f2296bac7d45af,"[0.29849448904860765, 0.2715018050512299, 0.28779959597159177]","[8347987.0, 8347987.0, 8347987.0]",,8817683.0,SBM,TRF,SBM,ok
ising3.0-300_7777,ising,300,44850,8242904,8,5000,1,cuda:7,ok,8127113.0,0.4832273479551077,0.4830023419344798,0.4842201139545068,115791.0,1.4047355155416101,8b52f1f884d8212f5fe46495f03b2f3017775e09999899b8ee85414381080ee2,"[0.4842201139545068, 0.4832273479551077, 0.4830023419344798]","[8127113.0, 8127113.0, 8127113.0]",,ok,889463.0,0.6584094610298052,0.6490006679669023,0.6596046430058777,7353441.0,89.20934903524292,bbe03f56e096bcb95fdc36d134f8112b824e4ecc9369c0e2354e2ad3ee46697d,"[0.6596046430058777, 0.6584094610298052, 0.6490006679669023]","[889463.0, 835056.0, 565521.0]",,ok,7825145.0,0.26830188801977783,0.2682864429662004,0.3087451570900157,417759.0,5.0681046388505795,e873917f08018430d956e26121eb8de0bcb3400112aae7b885efb78cb00656b8,"[0.3087451570900157, 0.2682864429662004, 0.26830188801977783]","[7825145.0, 7825145.0, 7825145.0]",,8127113.0,SBM,TRF,SBM,ok
pm1d_100.0,rudy,100,4901,340,8,5000,1,cuda:4,ok,340.0,0.49516857601702213,0.4931757119484246,0.495800603996031,0.0,0.0,b2cc742667ee32e89857db86733275a4c66479f5b2e8f9d4b88268092741e536,"[0.495800603996031, 0.4931757119484246, 0.49516857601702213]","[340.0, 340.0, 340.0]",,ok,339.0,0.6623399470699951,0.6612344169989228,0.66600757103879,1.0,0.29411764705882354,0d064b2220e659156bf162fc3c93aaea0f2f65198aa8f48574d43a13dcb2d7e9,"[0.6623399470699951, 0.6612344169989228, 0.66600757103879]","[339.0, 339.0, 339.0]",,ok,289.0,0.22516404592897743,0.22505233308766037,0.26299517101142555,51.0,15.0,e9958eae5130636a5fdd7fd1b8bac0f984b8bbf5b1d2f7d64de24a0d9d1d1950,"[0.26299517101142555, 0.22505233308766037, 0.22516404592897743]","[289.0, 289.0, 289.0]",,340.0,SBM,TRF,SBM,ok
pm1d_100.1,rudy,100,4901,324,8,5000,1,cuda:1,ok,324.0,0.4966245369287208,0.4956888899905607,0.4973470959812403,0.0,0.0,a3e79c709b53652ce21b0a6ee175d49ebe579d4a8eabb6836fbf11352f4141f2,"[0.4973470959812403, 0.4966245369287208, 0.4956888899905607]","[324.0, 324.0, 324.0]",,ok,323.0,0.6694225299870595,0.6685536670265719,0.6707318919943646,1.0,0.30864197530864196,f5cee4aae1103b3978b44d287afeb226ab9e4f7a30e97586abcec23793843039,"[0.6685536670265719, 0.6694225299870595, 0.6707318919943646]","[323.0, 323.0, 323.0]",,ok,300.0,0.23090088902972639,0.2307754720095545,0.268206998007372,24.0,7.407407407407407,69ef3e495f205ccd3962c94a4688d6ad78023b3db4b48fd5c6e0b12d9e33a638,"[0.268206998007372, 0.23090088902972639, 0.2307754720095545]","[300.0, 300.0, 300.0]",,324.0,SBM,TRF,SBM,ok
pm1d_100.2,rudy,100,4901,389,8,5000,1,cuda:0,ok,389.0,0.7436811840161681,0.7428041300736368,0.7465363719966263,0.0,0.0,d23bcdee6b22c93b4f7772d53b788ca6d495d4b50fb683a4864dddac0033e1f3,"[0.7436811840161681, 0.7428041300736368, 0.7465363719966263]","[389.0, 389.0, 389.0]",,ok,386.0,1.006721285986714,1.0066715029533952,1.0284514450468123,3.0,0.7712082262210797,d3802df9c850d93f742898abef784014dedc9c23648f52955ea3b6682c0887b4,"[1.0066715029533952, 1.0284514450468123, 1.006721285986714]","[386.0, 386.0, 386.0]",,ok,332.0,0.2320636089425534,0.23172828601673245,0.23246426100376993,57.0,14.652956298200515,64aeec38d67b5935bd6d948ea90918f18fa13a8ad1189de614f01998e3488ffb,"[0.23172828601673245, 0.23246426100376993, 0.2320636089425534]","[332.0, 332.0, 332.0]",,389.0,SBM,TRF,SBM,ok
pm1d_100.3,rudy,100,4901,400,8,5000,1,cuda:3,ok,400.0,0.4740706089651212,0.4729177139233798,0.4746851429808885,0.0,0.0,72e2b2c06511e99c689afd28e857b52779d7f570b0756615c91b47211cedd0ca,"[0.4729177139233798, 0.4740706089651212, 0.4746851429808885]","[400.0, 400.0, 400.0]",,ok,400.0,0.650980232981965,0.6509464379632846,0.6568555469857529,0.0,0.0,72e2b2c06511e99c689afd28e857b52779d7f570b0756615c91b47211cedd0ca,"[0.650980232981965, 0.6509464379632846, 0.6568555469857529]","[400.0, 400.0, 400.0]",,ok,343.0,0.22849287500139326,0.22787950397469103,0.26245389389805496,57.0,14.25,6b90cc9a71bf405d5708f717f3da0b57f36ef2c0a10af7cc5b57d8de78e39260,"[0.26245389389805496, 0.22849287500139326, 0.22787950397469103]","[343.0, 343.0, 343.0]",,400.0,SBM|SVL,TRF,SBM,ok
pm1d_100.4,rudy,100,4901,363,8,5000,1,cuda:5,ok,363.0,0.4738965689903125,0.4708710629492998,0.4808529909932986,0.0,0.0,b30aef51a0bfb3196f7e1e62a4dd0e4f02a25bb6f379e5ad1ffbbb6fde55ce0e,"[0.4738965689903125, 0.4708710629492998, 0.4808529909932986]","[363.0, 363.0, 363.0]",,ok,363.0,0.6464343030238524,0.6461847530445084,0.6495314640924335,0.0,0.0,96555c81273086292ceb0a1b4b69ecd270a7b86beb46d4f6e6828c2a93c2986a,"[0.6461847530445084, 0.6495314640924335, 0.6464343030238524]","[363.0, 363.0, 363.0]",,ok,284.0,0.2332017549779266,0.23123743501491845,0.2659701369702816,79.0,21.763085399449036,8e4970be22c8bda32fb52b7577f0f98dd366288cb229716d40b63c2322bc11b3,"[0.2659701369702816, 0.2332017549779266, 0.23123743501491845]","[284.0, 284.0, 284.0]",,363.0,SBM|SVL,TRF,SBM,ok
pm1d_100.5,rudy,100,4901,441,8,5000,1,cuda:6,ok,441.0,0.5068539270432666,0.5023205030011013,0.5078808340476826,0.0,0.0,3fbca4dfd1985d0608984a936a88cc5cf338d0feb61e07f3ffdec50b74ed8fbc,"[0.5023205030011013, 0.5068539270432666, 0.5078808340476826]","[441.0, 441.0, 441.0]",,ok,438.0,0.6852509260643274,0.6838604870717973,0.6860283029964194,3.0,0.6802721088435374,f5aaa6f9083e8cc74eff06609d0aad9ab16e6206295a0e4614c5c15882cfbf53,"[0.6838604870717973, 0.6852509260643274, 0.6860283029964194]","[438.0, 438.0, 438.0]",,ok,375.0,0.22915822791401297,0.22840483696199954,0.2310188850387931,66.0,14.965986394557824,c17525298eea175297b67b738a0b7d8b60afd7118e4b4654b3e0b6b22ad2dd6d,"[0.22840483696199954, 0.22915822791401297, 0.2310188850387931]","[375.0, 375.0, 375.0]",,441.0,SBM,TRF,SBM,ok
pm1d_100.6,rudy,100,4901,367,8,5000,1,cuda:7,ok,367.0,0.47870657790917903,0.47870007797610015,0.47981707309372723,0.0,0.0,d678f5846b6c9c3535680b356b9dc742844fcaf8c50e18ad5b24a68d9f4aa424,"[0.47870007797610015, 0.47870657790917903, 0.47981707309372723]","[367.0, 367.0, 367.0]",,ok,366.0,0.6470258949557319,0.6464475289685652,0.6560580809600651,1.0,0.2724795640326976,2f21ef6deab85859ecfd99e67b459a50dc9bdd3739d613fed0d80dde1eeac354,"[0.6560580809600651, 0.6470258949557319, 0.6464475289685652]","[366.0, 366.0, 366.0]",,ok,310.0,0.2293830900453031,0.22850570606533438,0.2561364519642666,57.0,15.53133514986376,066ddfd3506f58804d9fe43dc94d03fa0430c2741b34dc4cf47e954c56ef3b04,"[0.2561364519642666, 0.2293830900453031, 0.22850570606533438]","[310.0, 310.0, 310.0]",,367.0,SBM,TRF,SBM,ok
pm1d_100.7,rudy,100,4901,361,8,5000,1,cuda:2,ok,361.0,0.4924129549181089,0.49154878698755056,0.49729924090206623,0.0,0.0,26b981586056fcf14e5a6d2b12dae6eef456c3c6afe017c3161c7f6e94854d87,"[0.49729924090206623, 0.49154878698755056, 0.4924129549181089]","[361.0, 361.0, 361.0]",,ok,361.0,0.6719682490220293,0.6712475219974294,0.6858468391001225,0.0,0.0,26b981586056fcf14e5a6d2b12dae6eef456c3c6afe017c3161c7f6e94854d87,"[0.6719682490220293, 0.6712475219974294, 0.6858468391001225]","[361.0, 361.0, 361.0]",,ok,309.0,0.23000605509150773,0.22904035192914307,0.2680327669950202,52.0,14.404432132963988,9ff4e781cd3b372043e0992f597448110d9a9f5018dfdf95b0bc42f022c26842,"[0.2680327669950202, 0.22904035192914307, 0.23000605509150773]","[309.0, 309.0, 309.0]",,361.0,SBM|SVL,TRF,SBM,ok
pm1d_100.8,rudy,100,4901,385,8,5000,1,cuda:4,ok,385.0,0.5003872299566865,0.4957937119761482,0.5071468129754066,0.0,0.0,dfa422af8f7ec7ce38dcd16c73c90f9680995474ec549bf9135fcf5f38fdec6f,"[0.5071468129754066, 0.5003872299566865, 0.4957937119761482]","[385.0, 385.0, 385.0]",,ok,385.0,0.6698105359682813,0.6661708160536364,0.6708874399773777,0.0,0.0,aa358e5bf94a58da99e6107eab781382d92ea7030cf2b7ef54d1f8725ba7f902,"[0.6708874399773777, 0.6661708160536364, 0.6698105359682813]","[385.0, 385.0, 385.0]",,ok,277.0,0.22554586897604167,0.2254326529800892,0.2256173490313813,108.0,28.051948051948052,a4d2ed2c9549d6ea3fad7ae1aab021d56aa9461494651664a39ba8447b71581d,"[0.2256173490313813, 0.22554586897604167, 0.2254326529800892]","[277.0, 277.0, 277.0]",,385.0,SBM|SVL,TRF,SBM,ok
pm1d_100.9,rudy,100,4901,405,8,5000,1,cuda:1,ok,405.0,0.502252942067571,0.49650492798537016,0.5027917589759454,0.0,0.0,35f25831cb3b4236173f0b6ea726f73f73cc3e8cb188c640afcb253d5042b12a,"[0.49650492798537016, 0.5027917589759454, 0.502252942067571]","[405.0, 405.0, 405.0]",,ok,399.0,0.6734323810087517,0.6728941010078415,0.6736192270182073,6.0,1.4814814814814814,155dc65e4022aa90fafa6caf4adc3b99a091ff8eae6a2413b27d1a46190299b2,"[0.6734323810087517, 0.6728941010078415, 0.6736192270182073]","[399.0, 399.0, 399.0]",,ok,321.0,0.23262097302358598,0.23115945991594344,0.2485861839959398,84.0,20.74074074074074,718af274ab929e1494044ffee3ed91b0228872d5e1502bf8f3ad378de3f54caf,"[0.2485861839959398, 0.23262097302358598, 0.23115945991594344]","[321.0, 321.0, 321.0]",,405.0,SBM,TRF,SBM,ok
pm1d_80.0,rudy,80,3128,227,8,5000,1,cuda:1,ok,227.0,0.4967638480011374,0.49604093190282583,0.49899494904093444,0.0,0.0,881bb36434b798f307bcaade9eff5d3cd47b7c4bcb41d258b38ec6d2ff922733,"[0.49604093190282583, 0.49899494904093444, 0.4967638480011374]","[227.0, 227.0, 227.0]",,ok,227.0,0.6708160309353843,0.6683833419810981,0.6710162250092253,0.0,0.0,38f8fcc95f97b61ace296c72adc6f132769370eabb10a5a68f054c53a94bd6e2,"[0.6708160309353843, 0.6710162250092253, 0.6683833419810981]","[227.0, 227.0, 227.0]",,ok,193.0,0.22358399396762252,0.22329025797080249,0.24358419107738882,34.0,14.977973568281937,4fcbd52fb17faa1f8e24dfb3232fe81ce44255a9121b18610350de8d8e731173,"[0.24358419107738882, 0.22358399396762252, 0.22329025797080249]","[193.0, 193.0, 193.0]",,227.0,SBM|SVL,TRF,SBM,ok
pm1d_80.1,rudy,80,3128,245,8,5000,1,cuda:7,ok,245.0,0.47802762396167964,0.4774434510618448,0.47909017000347376,0.0,0.0,33cec87bc4ff7d8b51a28766dd83fb2591ae8d655509cf4746c7f1376495b6ec,"[0.47909017000347376, 0.4774434510618448, 0.47802762396167964]","[245.0, 245.0, 245.0]",,ok,245.0,0.6452687049750239,0.6451963550643995,0.6459715269738808,0.0,0.0,25aad4aa377b9d7f1c208749f687b6489a415e7f7688d301d3fbc5fb1108fb07,"[0.6451963550643995, 0.6452687049750239, 0.6459715269738808]","[245.0, 245.0, 245.0]",,ok,194.0,0.22139598603826016,0.2211001010145992,0.24720390001311898,51.0,20.816326530612244,9e908304370c677840e5de2ee84df7bc57ed95fe937fda2d2b9857a317a6d896,"[0.24720390001311898, 0.22139598603826016, 0.2211001010145992]","[194.0, 194.0, 194.0]",,245.0,SBM|SVL,TRF,SBM,ok
pm1d_80.2,rudy,80,3128,284,8,5000,1,cuda:4,ok,284.0,0.49210258305538446,0.49068179493770003,0.492558954982087,0.0,0.0,38582d326251e58f073a09c7901c9d8978e7b9978681307192ba59e94fff916b,"[0.492558954982087, 0.49210258305538446, 0.49068179493770003]","[284.0, 284.0, 284.0]",,ok,284.0,0.6604195059044287,0.6582984749693424,0.6648405640153214,0.0,0.0,6fa15e9a26c97998ce1eb24477519b65c0f31b3651b9e306499006f3f912c29e,"[0.6604195059044287, 0.6582984749693424, 0.6648405640153214]","[284.0, 284.0, 284.0]",,ok,239.0,0.21784334804397076,0.21741217095404863,0.2180016089696437,45.0,15.845070422535212,e126a6eab2cdf0d735fbc404c181f619e863788ba0ca8b5b63b4b27bf19a76f4,"[0.2180016089696437, 0.21784334804397076, 0.21741217095404863]","[239.0, 239.0, 239.0]",,284.0,SBM|SVL,TRF,SBM,ok
pm1d_80.3,rudy,80,3128,291,8,5000,1,cuda:3,ok,291.0,0.47577053494751453,0.4741981829283759,0.476442169980146,0.0,0.0,9a5e8b5e218ad19e650631410f2700f2a4108adcdaf0d5cb029bbed5ed15805f,"[0.47577053494751453, 0.476442169980146, 0.4741981829283759]","[291.0, 291.0, 291.0]",,ok,291.0,0.6478305450873449,0.6468311760108918,0.6490661059506238,0.0,0.0,9a5e8b5e218ad19e650631410f2700f2a4108adcdaf0d5cb029bbed5ed15805f,"[0.6468311760108918, 0.6490661059506238, 0.6478305450873449]","[291.0, 291.0, 291.0]",,ok,240.0,0.22209366201423109,0.22203328809700906,0.2584208180196583,51.0,17.52577319587629,e7fab00663ebaf880d571efe71334b04388681652075b93958d4079e5333234e,"[0.2584208180196583, 0.22203328809700906, 0.22209366201423109]","[240.0, 240.0, 240.0]",,291.0,SBM|SVL,TRF,SBM,ok
pm1d_80.4,rudy,80,3128,251,8,5000,1,cuda:6,ok,251.0,0.5035761839244515,0.5004594089696184,0.5054190520895645,0.0,0.0,92453bad21b9522e5470be7811c38924a51aca6e928a110328c0e74278204b12,"[0.5054190520895645, 0.5004594089696184, 0.5035761839244515]","[251.0, 251.0, 251.0]",,ok,247.0,0.6791963239666075,0.6779935790691525,0.6796041460474953,4.0,1.593625498007968,b4741b94f091e0f849aefc299d2ccc37d2c3933988a976568e3bbcf9b07ae674,"[0.6791963239666075, 0.6779935790691525, 0.6796041460474953]","[247.0, 247.0, 247.0]",,ok,217.0,0.220702436985448,0.22028662206139416,0.2385013169841841,34.0,13.54581673306773,98d1880cb38080e26383801dc6e4e89f53c045cfa3605fbced1d9e8af460608c,"[0.2385013169841841, 0.220702436985448, 0.22028662206139416]","[217.0, 217.0, 217.0]",,251.0,SBM,TRF,SBM,ok
pm1d_80.5,rudy,80,3128,242,8,5000,1,cuda:5,ok,242.0,0.47475662000942975,0.4736134560080245,0.479019840946421,0.0,0.0,056bae0033bb4a78593ec531f4740300a9c706e1c1409f1406ae659964a72765,"[0.47475662000942975, 0.479019840946421, 0.4736134560080245]","[242.0, 242.0, 242.0]",,ok,241.0,0.6433544349856675,0.6400538550224155,0.6437808169284835,1.0,0.4132231404958678,b76c34a148ab51d7ad9fe447d4c7bb7188605c39e1c0320abae3a20f5ad66e1f,"[0.6400538550224155, 0.6437808169284835, 0.6433544349856675]","[241.0, 241.0, 241.0]",,ok,203.0,0.22497613297309726,0.22434337192680687,0.22910779993981123,39.0,16.115702479338843,9eea5ecb31d627236c8be18c6547a27bccd4c2ac58872151126b37930ee160d0,"[0.22497613297309726, 0.22434337192680687, 0.22910779993981123]","[203.0, 203.0, 203.0]",,242.0,SBM,TRF,SBM,ok
pm1d_80.6,rudy,80,3128,205,8,5000,1,cuda:0,ok,205.0,0.7531386610353366,0.7467242510756478,0.7536316609475762,0.0,0.0,f6611223ea86160c7dfd62fc5a10db1c06a4c262baaec57378d9b5294c78cb2a,"[0.7531386610353366, 0.7536316609475762, 0.7467242510756478]","[205.0, 205.0, 205.0]",,ok,205.0,1.0043482029577717,1.0018496910342947,1.0048765569226816,0.0,0.0,f6611223ea86160c7dfd62fc5a10db1c06a4c262baaec57378d9b5294c78cb2a,"[1.0018496910342947, 1.0043482029577717, 1.0048765569226816]","[205.0, 205.0, 205.0]",,ok,166.0,0.2244839499471709,0.22439481201581657,0.270545038045384,39.0,19.024390243902438,579dbac1ceda51ad6b0350736c7ef56e2f6890c8e067e076e7ae987ba474bf28,"[0.270545038045384, 0.22439481201581657, 0.2244839499471709]","[166.0, 166.0, 166.0]",,205.0,SBM|SVL,TRF,SBM,ok
pm1d_80.7,rudy,80,3128,249,8,5000,1,cuda:2,ok,249.0,0.4916964089497924,0.48957562900613993,0.4924292539944872,0.0,0.0,6df14b39a64126801b6986d7f52602160ff5b08e77a92b4009cf0fc82b65f545,"[0.48957562900613993, 0.4916964089497924, 0.4924292539944872]","[249.0, 249.0, 249.0]",,ok,249.0,0.6692548380233347,0.6635307510150596,0.6711943009868264,0.0,0.0,95f2b68dedc0a4a8ad5638e33ef74aa6b63de0b65f2095a0455e906be39ff374,"[0.6692548380233347, 0.6711943009868264, 0.6635307510150596]","[249.0, 249.0, 249.0]",,ok,205.0,0.2208096400136128,0.2207351359538734,0.249943167087622,44.0,17.670682730923694,c1128f76f9a18ba2d5f1b7aa4793e3fe9c7c3973f16868a560e445af6bf5db72,"[0.249943167087622, 0.2208096400136128, 0.2207351359538734]","[205.0, 205.0, 205.0]",,249.0,SBM|SVL,TRF,SBM,ok
pm1d_80.8,rudy,80,3128,293,8,5000,1,cuda:7,ok,293.0,0.47833026899024844,0.4771838119486347,0.4789827479980886,0.0,0.0,6043a2a49829ac99679278d873176960e77ae641dfaee1c267fc3de82f3d67f9,"[0.47833026899024844, 0.4771838119486347, 0.4789827479980886]","[293.0, 293.0, 293.0]",,ok,289.0,0.6448882210534066,0.6434174380265176,0.6449195389868692,4.0,1.3651877133105803,abf2f044ad721e9fd0d7d991ff5359bb5f79b5733fc5cff9d439757ac3a352ec,"[0.6434174380265176, 0.6449195389868692, 0.6448882210534066]","[289.0, 289.0, 289.0]",,ok,273.0,0.22138539899606258,0.22110313992016017,0.22199346800334752,20.0,6.825938566552901,ec4fa0a783268bf2e948c32d04e5b8fea60b086edc1516d8f843cf3438a8f169,"[0.22199346800334752, 0.22138539899606258, 0.22110313992016017]","[273.0, 273.0, 273.0]",,293.0,SBM,TRF,SBM,ok
pm1d_80.9,rudy,80,3128,258,8,5000,1,cuda:1,ok,258.0,0.495310342987068,0.49515973892994225,0.4954239329090342,0.0,0.0,be8882bb93d3be7981feb53018ba711af21e6269bd0c9e262669788b7fd50b8e,"[0.4954239329090342, 0.495310342987068, 0.49515973892994225]","[258.0, 258.0, 258.0]",,ok,258.0,0.6699577409308404,0.667841779999435,0.6706680229399353,0.0,0.0,be8882bb93d3be7981feb53018ba711af21e6269bd0c9e262669788b7fd50b8e,"[0.667841779999435, 0.6699577409308404, 0.6706680229399353]","[258.0, 258.0, 258.0]",,ok,209.0,0.22386058897245675,0.22364378708880395,0.23773378098849207,49.0,18.992248062015506,570a7a5435e36bb46c75f3d03fd8a76c88a2c9f0e12baf8cbe53cc3ae040274f,"[0.23773378098849207, 0.22364378708880395, 0.22386058897245675]","[209.0, 209.0, 209.0]",,258.0,SBM|SVL,TRF,SBM,ok
pm1s_100.0,rudy,100,495,127,8,5000,1,cuda:3,ok,127.0,0.4719339959556237,0.4704171239864081,0.4719757291022688,0.0,0.0,fb2259981dc34451d9256af57d7f820e6a2a5e0ab9109614b1c8fbfb8c3733d7,"[0.4704171239864081, 0.4719339959556237, 0.4719757291022688]","[127.0, 127.0, 127.0]",,ok,124.0,0.6492385210003704,0.6488158849533647,0.6497600970324129,3.0,2.3622047244094486,6279af541297412e05693dfb7cef7ac5135a75b8d1d1981b9704aa97777351c7,"[0.6492385210003704, 0.6497600970324129, 0.6488158849533647]","[124.0, 124.0, 124.0]",,ok,115.0,0.21894781605806202,0.21884858899284154,0.2450634209671989,12.0,9.448818897637794,0cc901c55ad102a8cc49873af07145b5bcca787f2f421d61721447c04a9aecda,"[0.2450634209671989, 0.21894781605806202, 0.21884858899284154]","[115.0, 115.0, 115.0]",,127.0,SBM,TRF,SBM,ok
pm1s_100.1,rudy,100,495,126,8,5000,1,cuda:0,ok,126.0,0.7470360710285604,0.7428995510563254,0.7486286869971082,0.0,0.0,1666965a099e331f6fa9859d97231eb1b6a7042ede55ee383ca0a9f10830a2e1,"[0.7486286869971082, 0.7470360710285604, 0.7428995510563254]","[126.0, 126.0, 126.0]",,ok,123.0,1.0055843900190666,1.0055756489746273,1.0106826949631795,3.0,2.380952380952381,c36d142bfcd9d44a536a3a55778c5e4522109863aeb94a75616070419077802d,"[1.0055843900190666, 1.0055756489746273, 1.0106826949631795]","[123.0, 123.0, 123.0]",,ok,103.0,0.23088494094554335,0.22309352597221732,0.2699394740629941,23.0,18.253968253968253,042a7bf8b114aab6cc6a424bcdb5d71cfb52cbf8db8be577d8a750f7f21625fb,"[0.2699394740629941, 0.23088494094554335, 0.22309352597221732]","[103.0, 103.0, 103.0]",,126.0,SBM,TRF,SBM,ok
pm1s_100.2,rudy,100,495,125,8,5000,1,cuda:5,ok,125.0,0.47381741798017174,0.47174528206232935,0.4745168819790706,0.0,0.0,17ef59cc05359235ae659f7f65aba6445c86a65a9b6036bf13ccb4bbfdc8f2aa,"[0.47174528206232935, 0.4745168819790706, 0.47381741798017174]","[125.0, 125.0, 125.0]",,ok,120.0,0.6440184859093279,0.6426004129461944,0.6458111089887097,5.0,4.0,7d50330074fbe9eeacc9e98622147355b57e4d8ce3fd347d9b5f17cdda1169f7,"[0.6440184859093279, 0.6426004129461944, 0.6458111089887097]","[120.0, 120.0, 120.0]",,ok,105.0,0.22123563394416124,0.2209633169695735,0.23740999691653997,20.0,16.0,d4139066e4ed6ed1ecf1fbfaf22bb1cdf7de9272861092447c11f0f09123022f,"[0.23740999691653997, 0.22123563394416124, 0.2209633169695735]","[105.0, 105.0, 105.0]",,125.0,SBM,TRF,SBM,ok
pm1s_100.3,rudy,100,495,111,8,5000,1,cuda:7,ok,111.0,0.4797327099367976,0.47872118500526994,0.48000216903164983,0.0,0.0,b90fbfc45d3930934fbce3e451319ee53d04d562a306ef1ee9386da3b8797068,"[0.48000216903164983, 0.47872118500526994, 0.4797327099367976]","[111.0, 111.0, 111.0]",,ok,111.0,0.645617017056793,0.6452733350452036,0.6470604640198871,0.0,0.0,650c9e767792c1cefb2c19de65db26ff0af5a7d4af17a564e84db44198cec46a,"[0.6470604640198871, 0.6452733350452036, 0.645617017056793]","[111.0, 111.0, 111.0]",,ok,103.0,0.21921552100684494,0.21911169297527522,0.24003878806252033,8.0,7.207207207207207,513678aeb74a614cb705e2f4b82eaef7586b9f0b56947055854e37fbba623b89,"[0.24003878806252033, 0.21921552100684494, 0.21911169297527522]","[103.0, 103.0, 103.0]",,111.0,SBM|SVL,TRF,SBM,ok
pm1s_100.4,rudy,100,495,128,8,5000,1,cuda:6,ok,128.0,0.501936862943694,0.5015186199452728,0.502215284970589,0.0,0.0,3273b2fa3988950df6f32c9a99ba56aab5616ab71142ad5b069182ab42d0b741,"[0.502215284970589, 0.5015186199452728, 0.501936862943694]","[128.0, 128.0, 128.0]",,ok,126.0,0.6825136189581826,0.6822738480987027,0.6844201530329883,2.0,1.5625,620be7be56bb0d56dfc7e889e64236fc272a27f883909292c71a3b8e4fd205a0,"[0.6822738480987027, 0.6825136189581826, 0.6844201530329883]","[126.0, 126.0, 126.0]",,ok,113.0,0.22550149797461927,0.22542911500204355,0.2531475239666179,15.0,11.71875,118bf297c30afa2c42f6c5108ae461bd0ea1a23037a1e87d745aba666b5290de,"[0.2531475239666179, 0.22550149797461927, 0.22542911500204355]","[113.0, 113.0, 113.0]",,128.0,SBM,TRF,SBM,ok
pm1s_100.5,rudy,100,495,128,8,5000,1,cuda:2,ok,128.0,0.4921242219861597,0.49138416501227766,0.49253049306571484,0.0,0.0,da5971fc17d79ee28dd9a5447f5ae228a73263ef32a7516825ee2505e868651c,"[0.49253049306571484, 0.4921242219861597, 0.49138416501227766]","[128.0, 128.0, 128.0]",,ok,125.0,0.6666749189607799,0.6655469050165266,0.6683315599802881,3.0,2.34375,2f0010488d8c1f3654b46bfb5b5e261b3b3b968b3709b0d8564551fd5a3610e7,"[0.6655469050165266, 0.6666749189607799, 0.6683315599802881]","[125.0, 125.0, 125.0]",,ok,115.0,0.21870058204513043,0.21847975300624967,0.24144244997296482,13.0,10.15625,3f9880dde91243fe214bc5ccf449f5112e1cffe8f4d1b6be3825fdd3dac07ebe,"[0.24144244997296482, 0.21870058204513043, 0.21847975300624967]","[115.0, 115.0, 115.0]",,128.0,SBM,TRF,SBM,ok
pm1s_100.6,rudy,100,495,122,8,5000,1,cuda:4,ok,122.0,0.493570631952025,0.4927416139980778,0.4942912260303274,0.0,0.0,1364a4fffef19f5ef07ac857260da5412ba421280ea7374bff65e1173c5ad3c5,"[0.4927416139980778, 0.493570631952025, 0.4942912260303274]","[122.0, 122.0, 122.0]",,ok,122.0,0.6655667079612613,0.6600644120480865,0.6657201809575781,0.0,0.0,f5926f3c147158fff278670989767c959009259a744c50368558c539eb2d0cf6,"[0.6657201809575781, 0.6600644120480865, 0.6655667079612613]","[122.0, 122.0, 122.0]",,ok,97.0,0.2188838750589639,0.21875307406298816,0.24230097304098308,25.0,20.491803278688526,258bfd165937abb7c2e252ee240b857541f088b254662b1266d5b74305c13872,"[0.24230097304098308, 0.2188838750589639, 0.21875307406298816]","[97.0, 97.0, 97.0]",,122.0,SBM|SVL,TRF,SBM,ok
pm1s_100.7,rudy,100,495,112,8,5000,1,cuda:1,ok,112.0,0.4953348389826715,0.49475613702088594,0.4955751789966598,0.0,0.0,d687bcc9ee331d073db0e6c6ddd085a98cbd5f256dd2bf36f1603d704631af26,"[0.49475613702088594, 0.4953348389826715, 0.4955751789966598]","[112.0, 112.0, 112.0]",,ok,107.0,0.6718388119479641,0.6716783340089023,0.6725777729880065,5.0,4.464285714285714,23c9550acefcebf33aa767145dd2e8187c0a820900184ce587a0439d4ceeccef,"[0.6718388119479641, 0.6716783340089023, 0.6725777729880065]","[107.0, 107.0, 107.0]",,ok,100.0,0.2203754549846053,0.22028033202514052,0.22115030500572175,12.0,10.714285714285714,b832643e40fcecdd3b6545bd625b56e572e4fbe743d29069128241e8594f9631,"[0.22115030500572175, 0.22028033202514052, 0.2203754549846053]","[100.0, 100.0, 100.0]",,112.0,SBM,TRF,SBM,ok
pm1s_100.8,rudy,100,495,120,8,5000,1,cuda:3,ok,120.0,0.47261465701740235,0.47144781600218266,0.4739380010869354,0.0,0.0,d450f1152b732470409cec359f169cced6764f601e06d9b59e25c0f161219a3f,"[0.47144781600218266, 0.47261465701740235, 0.4739380010869354]","[120.0, 120.0, 120.0]",,ok,120.0,0.6492856460390612,0.6483983399812132,0.6504938270663843,0.0,0.0,d239554fcd3792687c4011d624e23ea347eb3e530dbe708463d479f7c0465621,"[0.6483983399812132, 0.6504938270663843, 0.6492856460390612]","[120.0, 120.0, 120.0]",,ok,105.0,0.21913526498246938,0.2188447640510276,0.23488380294293165,15.0,12.5,5b691c215b3bbbec2c2f4c94ca2f45b2dd80cdc2886292e18bf4344b1e161d5d,"[0.23488380294293165, 0.21913526498246938, 0.2188447640510276]","[105.0, 105.0, 105.0]",,120.0,SBM|SVL,TRF,SBM,ok
pm1s_100.9,rudy,100,495,127,8,5000,1,cuda:5,ok,127.0,0.4712488589575514,0.4701098758960143,0.47361714008729905,0.0,0.0,216265eb80816b1fd033c2b3ad59ee4c8130a5aae4d0f7a2e6a45ef83fcfd76c,"[0.47361714008729905, 0.4701098758960143, 0.4712488589575514]","[127.0, 127.0, 127.0]",,ok,127.0,0.6462725750170648,0.646194214001298,0.6487043079687282,0.0,0.0,d344c86f936898e47a74e097c64e7d9f560f86b5c9746a0c884106766aef706f,"[0.646194214001298, 0.6462725750170648, 0.6487043079687282]","[127.0, 127.0, 127.0]",,ok,114.0,0.22923896391876042,0.2214659390738234,0.23565161193255335,13.0,10.236220472440944,11a25a70dc0919f2636a639b77828863c902b8686ff00a833d8229b45b06d597,"[0.23565161193255335, 0.22923896391876042, 0.2214659390738234]","[114.0, 114.0, 114.0]",,127.0,SBM|SVL,TRF,SBM,ok
pm1s_80.0,rudy,80,316,79,8,5000,1,cuda:4,ok,79.0,0.4930180530063808,0.49236950499471277,0.49383506504818797,0.0,0.0,47adb27975cbe616206e5d66d3c53f4174a1927fda6a5cf86badcf3d906de181,"[0.4930180530063808, 0.49383506504818797, 0.49236950499471277]","[79.0, 79.0, 79.0]",,ok,79.0,0.6650407220004126,0.6634550120215863,0.6673071739496663,0.0,0.0,b5c7676853504976c3ef2b63130b103b62f5bbcb5ea6a7ba26595b9be3d942a2,"[0.6650407220004126, 0.6673071739496663, 0.6634550120215863]","[79.0, 79.0, 79.0]",,ok,68.0,0.20989235490560532,0.20962802693247795,0.24742485291790217,11.0,13.924050632911392,9cb1ce45ca27dcf16368efd0cf6dcea1353228f612590d78e09c3940d1b14ec0,"[0.24742485291790217, 0.20962802693247795, 0.20989235490560532]","[68.0, 68.0, 68.0]",,79.0,SBM|SVL,TRF,SBM,ok
pm1s_80.1,rudy,80,316,85,8,5000,1,cuda:3,ok,85.0,0.47129706491250545,0.47101058391854167,0.4723200110020116,0.0,0.0,eb42b1a91159c94a398af473644c2315b11d32f774b36d8422d1b36015f3e864,"[0.47129706491250545, 0.4723200110020116, 0.47101058391854167]","[85.0, 85.0, 85.0]",,ok,85.0,0.6469967829762027,0.6467444519512355,0.6483311570482329,0.0,0.0,84a3ce0309783592e7c3a492c20f68db3177c036a6cfdc3edfabbf1e11da488b,"[0.6467444519512355, 0.6469967829762027, 0.6483311570482329]","[85.0, 85.0, 85.0]",,ok,77.0,0.21521023008972406,0.2150341890519485,0.2152544700074941,8.0,9.411764705882353,1426d6fb3f50a39de53f274d2257aba70a5e335150e2e6ab1324a0e1f7f6327a,"[0.2150341890519485, 0.21521023008972406, 0.2152544700074941]","[77.0, 77.0, 77.0]",,85.0,SBM|SVL,TRF,SBM,ok
pm1s_80.2,rudy,80,316,82,8,5000,1,cuda:6,ok,82.0,0.5049793660873547,0.5029445079853758,0.5051514430670068,0.0,0.0,d5e2e237d33692deda8d466eda5930afca094a3ff265c33999290e77c3f1c226,"[0.5029445079853758, 0.5049793660873547, 0.5051514430670068]","[82.0, 82.0, 82.0]",,ok,81.0,0.6826180319767445,0.6811372740194201,0.6829948269296438,1.0,1.2195121951219512,a12bf3cefbbb97837c11335c5d385225bb5a443e7eb6b95f66ef26881f16adf0,"[0.6826180319767445, 0.6829948269296438, 0.6811372740194201]","[81.0, 81.0, 81.0]",,ok,73.0,0.22118063096422702,0.21232901804614812,0.2499044369906187,9.0,10.975609756097562,ca155bb7e918e73a31b4e3ee4b4a9f7a0cc8adffa53c0ac45e2c7bb338bfa202,"[0.2499044369906187, 0.22118063096422702, 0.21232901804614812]","[73.0, 73.0, 73.0]",,82.0,SBM,TRF,SBM,ok
pm1s_80.3,rudy,80,316,81,8,5000,1,cuda:5,ok,81.0,0.4714374670293182,0.46902368508744985,0.4729381139623001,0.0,0.0,ee55c3a013e20498423843382b9062cb07b56dc7bdc8fa797c0c0824dff7da3b,"[0.4729381139623001, 0.46902368508744985, 0.4714374670293182]","[81.0, 81.0, 81.0]",,ok,81.0,0.6469397190958261,0.6427434580400586,0.6471831279341131,0.0,0.0,f9c879d3dfb9555959cfffea963c02f2db8d5b207668ae337b004a253f5cc8e2,"[0.6471831279341131, 0.6469397190958261, 0.6427434580400586]","[81.0, 81.0, 81.0]",,ok,79.0,0.2168300199555233,0.21559592196717858,0.24787481199018657,2.0,2.4691358024691357,da39be001b43bff8ce33c352d7277d75d5276872239ad86ea043fc9b1b75075e,"[0.24787481199018657, 0.2168300199555233, 0.21559592196717858]","[79.0, 79.0, 79.0]",,81.0,SBM|SVL,TRF,SBM,ok
pm1s_80.4,rudy,80,316,70,8,5000,1,cuda:7,ok,70.0,0.4787943339906633,0.4784123939462006,0.4793872310547158,0.0,0.0,73df076e3f86948a634465755ed3a3cd3803e782dd739c6ba73349949bef371b,"[0.4793872310547158, 0.4784123939462006, 0.4787943339906633]","[70.0, 70.0, 70.0]",,ok,69.0,0.6469297680305317,0.6440217139897868,0.6472827000543475,1.0,1.4285714285714286,31c8880aff31f34af5dec6393d18ba7e78573e8bcaa3b8c8c369c7043a1a57d7,"[0.6440217139897868, 0.6469297680305317, 0.6472827000543475]","[69.0, 69.0, 69.0]",,ok,59.0,0.21654404001310468,0.21624304994475096,0.24989896605256945,11.0,15.714285714285714,abf4f769c05daffe39b835d9e9a0e8b7893744ff58878501f9cb9bdb73261572,"[0.24989896605256945, 0.21654404001310468, 0.21624304994475096]","[59.0, 59.0, 59.0]",,70.0,SBM,TRF,SBM,ok
pm1s_80.5,rudy,80,316,87,8,5000,1,cuda:2,ok,87.0,0.4918833209667355,0.4913500000257045,0.49239110795315355,0.0,0.0,293f91e54762d84dfe141143e94520da0a7d30bc3ddfe3bec6ba6030740d963a,"[0.4918833209667355, 0.49239110795315355, 0.4913500000257045]","[87.0, 87.0, 87.0]",,ok,86.0,0.6680887539405376,0.664975440944545,0.6718213959829882,1.0,1.1494252873563218,99e4f68aa788d7a15ecf5a4b95a75f280b4f33fea57d9807b06d24abfd279cb1,"[0.6718213959829882, 0.6680887539405376, 0.664975440944545]","[86.0, 86.0, 86.0]",,ok,83.0,0.21369562891777605,0.21351973502896726,0.23385074001271278,4.0,4.597701149425287,2f867470ccf1ac76254d0059fe63ca715acef1dd897d760d96c83302b3ffc306,"[0.23385074001271278, 0.21369562891777605, 0.21351973502896726]","[83.0, 83.0, 83.0]",,87.0,SBM,TRF,SBM,ok
pm1s_80.6,rudy,80,316,73,8,5000,1,cuda:1,ok,73.0,0.4960567880189046,0.49583621497731656,0.4966301510576159,0.0,0.0,f1cc0f1157f0e2af6cfadd457f82a467ed697cf251ada9c827c672a3f2eb1011,"[0.4960567880189046, 0.49583621497731656, 0.4966301510576159]","[73.0, 73.0, 73.0]",,ok,73.0,0.6687351440778002,0.6681857570074499,0.6688614849699661,0.0,0.0,6731dd84997a1f0a85ae97af10c0c7e2f6fd5eb24ffe254f091d43f39b808c2f,"[0.6688614849699661, 0.6681857570074499, 0.6687351440778002]","[73.0, 73.0, 73.0]",,ok,66.0,0.2144137320574373,0.21422725799493492,0.2529058459913358,7.0,9.58904109589041,d35be0cd2df7d89c02863e43d4d35f78fd7e10f58f35153895c781b82b9f605a,"[0.2529058459913358, 0.2144137320574373, 0.21422725799493492]","[66.0, 66.0, 66.0]",,73.0,SBM|SVL,TRF,SBM,ok
pm1s_80.7,rudy,80,316,83,8,5000,1,cuda:4,ok,83.0,0.4911565229995176,0.48918879800476134,0.5003535590367392,0.0,0.0,86f8a04e759790ac2d605b7d2d8bfe02f6370c404b4a013348f2d4131e963854,"[0.48918879800476134, 0.5003535590367392, 0.4911565229995176]","[83.0, 83.0, 83.0]",,ok,82.0,0.6638843129621819,0.6617412630002946,0.6666298899799585,1.0,1.2048192771084338,b87da8ea4c27370fcbffa43382deba950446bb3be03b25249fc2923f14f6df8f,"[0.6617412630002946, 0.6638843129621819, 0.6666298899799585]","[82.0, 82.0, 82.0]",,ok,78.0,0.21044071402866393,0.2100328269880265,0.2112236759858206,5.0,6.024096385542169,8ae2944393e1bcb792456e70e208171152a1c3aab6809c2ef8aa1e886068893a,"[0.2112236759858206, 0.21044071402866393, 0.2100328269880265]","[78.0, 78.0, 78.0]",,83.0,SBM,TRF,SBM,ok
pm1s_80.8,rudy,80,316,81,8,5000,1,cuda:0,ok,81.0,0.7485443159239367,0.7450052539352328,0.7526187520707026,0.0,0.0,3f65384f8f63d817c0de01078dfc26974f0c8f5d8e93ff69047d8bbbb2728fb9,"[0.7526187520707026, 0.7450052539352328, 0.7485443159239367]","[81.0, 81.0, 81.0]",,ok,81.0,0.9988998770713806,0.9982288340106606,1.0066042440012097,0.0,0.0,5b14c99ed178c1c0512f049a12d66198d4bd294846c4e0340971698a7cc161a4,"[1.0066042440012097, 0.9982288340106606, 0.9988998770713806]","[81.0, 81.0, 81.0]",,ok,77.0,0.21696715499274433,0.2166857389966026,0.2724371759686619,4.0,4.938271604938271,28244bc97096ec9474e4150065b3392633f6a3480491a5bc624047db0aceaf82,"[0.2724371759686619, 0.21696715499274433, 0.2166857389966026]","[77.0, 77.0, 77.0]",,81.0,SBM|SVL,TRF,SBM,ok
pm1s_80.9,rudy,80,316,70,8,5000,1,cuda:3,ok,70.0,0.4710833199787885,0.4703231459716335,0.4722579070366919,0.0,0.0,1cd3ad72f09a0c423191ff2eeaf966a7206fd989bbbaa1486a306031f3cd2360,"[0.4710833199787885, 0.4703231459716335, 0.4722579070366919]","[70.0, 70.0, 70.0]",,ok,70.0,0.6491171810775995,0.6487566169817001,0.6492986070225015,0.0,0.0,7b6f5b62c8382863278aff298793403fc9c1ef91a28df864a3d3a050fd548bf8,"[0.6487566169817001, 0.6491171810775995, 0.6492986070225015]","[70.0, 70.0, 70.0]",,ok,64.0,0.21298111591022462,0.21288303995970637,0.23541762901004404,6.0,8.571428571428571,1f8d6bd2a95964fa7ee21529f3ebc537f70bd6b8b82f7250feb9441dd5c65a74,"[0.23541762901004404, 0.21298111591022462, 0.21288303995970637]","[64.0, 64.0, 64.0]",,70.0,SBM|SVL,TRF,SBM,ok
pw01_100.0,rudy,100,495,2019,8,5000,1,cuda:7,ok,2019.0,0.47848660801537335,0.47804539394564927,0.4793474079342559,0.0,0.0,c52bbee0ec0164f47e8669190c2749be821f39fea7b332220f2f14dc8927db50,"[0.47804539394564927, 0.47848660801537335, 0.4793474079342559]","[2019.0, 2019.0, 2019.0]",,ok,2004.0,0.6475158309331164,0.6456528309499845,0.6496255109086633,15.0,0.7429420505200595,6a55b666447fae3da48e54f1813ea782b1dbab5b97b26c3e94c89b5b6e8580b4,"[0.6496255109086633, 0.6456528309499845, 0.6475158309331164]","[2004.0, 2004.0, 2004.0]",,ok,1965.0,0.2181594220455736,0.21815357299055904,0.21871261694468558,54.0,2.674591381872214,3e3963437d130f09c65927eb8ec9109943e4ad7c3d7d7d989ab9496a31df9263,"[0.21871261694468558, 0.21815357299055904, 0.2181594220455736]","[1965.0, 1965.0, 1965.0]",,2019.0,SBM,TRF,SBM,ok
pw01_100.1,rudy,100,495,2060,8,5000,1,cuda:6,ok,2060.0,0.5029874569736421,0.5025522150099277,0.5038257450796664,0.0,0.0,930971a9eaec604ce72a366eda19ab74411ed421c17b17f0550e9715d1b1ccfc,"[0.5038257450796664, 0.5025522150099277, 0.5029874569736421]","[2060.0, 2060.0, 2060.0]",,ok,2059.0,0.6824398400494829,0.6821174889337271,0.6883538790279999,1.0,0.04854368932038835,91dc50d71c5cf04665f9670d45e3e4e8a4f6d058268d2af530aafea4b491f15c,"[0.6883538790279999, 0.6821174889337271, 0.6824398400494829]","[2059.0, 2059.0, 2059.0]",,ok,2020.0,0.2190939961001277,0.21861720096785575,0.24764649895951152,40.0,1.941747572815534,cb2f805bd70f627d1eeffc7bbdfac442bf6353cf1c1136222c6a0951f619fa40,"[0.24764649895951152, 0.21861720096785575, 0.2190939961001277]","[2020.0, 2020.0, 2020.0]",,2060.0,SBM,TRF,SBM,ok
pw01_100.2,rudy,100,495,2032,8,5000,1,cuda:2,ok,2032.0,0.491638703038916,0.49127004598267376,0.4938926149625331,0.0,0.0,386a535faefb56fc44286710e69bdeda4ff9cab9a03424735e1f494cb46100a8,"[0.49127004598267376, 0.4938926149625331, 0.491638703038916]","[2032.0, 2032.0, 2032.0]",,ok,2020.0,0.6668939229566604,0.6633648830465972,0.6687819919316098,12.0,0.5905511811023622,23ec649263554398f238dadc5b141f590e51faedde4a0eea031829412e723dcd,"[0.6687819919316098, 0.6633648830465972, 0.6668939229566604]","[2020.0, 2020.0, 2020.0]",,ok,1957.0,0.21813755203038454,0.2179546320112422,0.24223969306331128,75.0,3.690944881889764,a2ccd75d048e01044b7c251082b100d87f5581b79593f9a610b6edc9b3d50e38,"[0.24223969306331128, 0.21813755203038454, 0.2179546320112422]","[1957.0, 1957.0, 1957.0]",,2032.0,SBM,TRF,SBM,ok
pw01_100.3,rudy,100,495,2067,8,5000,1,cuda:4,ok,2061.0,0.49273552105296403,0.4899359929841012,0.4939332320354879,6.0,0.29027576197387517,3450568fa44a91f60513287a0f57acb8d2c54f93a4918899ec818dfd185a1aaf,"[0.49273552105296403, 0.4939332320354879, 0.4899359929841012]","[2061.0, 2061.0, 2061.0]",,ok,2048.0,0.6652488249819726,0.6631923499517143,0.6681150279473513,19.0,0.919206579583938,e0cd40fb6bae2202dc4c73425c13ce90520845a0a79745d0ea03527eab44ab24,"[0.6631923499517143, 0.6652488249819726, 0.6681150279473513]","[2048.0, 2048.0, 2048.0]",,ok,1967.0,0.21557737805414945,0.21545724605675787,0.21622483700048178,100.0,4.837929366231253,a60d1379f066a4d8060e0359a5f20b50fc2863a5a37bbf671525fadd98925c6b,"[0.21622483700048178, 0.21545724605675787, 0.21557737805414945]","[1967.0, 1967.0, 1967.0]",,2061.0,SBM,TRF,SBM,ok
pw01_100.4,rudy,100,495,2039,8,5000,1,cuda:1,ok,2039.0,0.49712327995803207,0.4950667170342058,0.5031422829488292,0.0,0.0,a9580c795a56f75fe0b76354bb3d6af1603f55880bee78f4438a22795d0332fa,"[0.4950667170342058, 0.49712327995803207, 0.5031422829488292]","[2039.0, 2039.0, 2039.0]",,ok,2025.0,0.6725495299324393,0.670668329927139,0.6747100270586088,14.0,0.6866110838646395,649d35c1fa5e62e0c11c694cb3293e6037defb7a9c1e9967bf3e1f1c4edfcbee,"[0.670668329927139, 0.6747100270586088, 0.6725495299324393]","[2025.0, 2025.0, 2025.0]",,ok,1949.0,0.22125712595880032,0.2212036499986425,0.24725066998507828,90.0,4.4139283962726825,7a27af7d46ff5f606e05ade9fa31f9576ec92ad4f04f068c70084ec5adcaea19,"[0.24725066998507828, 0.2212036499986425, 0.22125712595880032]","[1949.0, 1949.0, 1949.0]",,2039.0,SBM,TRF,SBM,ok
pw01_100.5,rudy,100,495,2108,8,5000,1,cuda:0,ok,2105.0,0.7451229239813983,0.744993207976222,0.7503717769868672,3.0,0.14231499051233396,69d295b5959d3fbf93f1d6558c7e46d53e54bad909aaac73b0c7cce7a77c7545,"[0.7503717769868672, 0.744993207976222, 0.7451229239813983]","[2105.0, 2105.0, 2105.0]",,ok,2083.0,1.004856763058342,1.0035329289967194,1.0048662249464542,25.0,1.1859582542694498,1fceaff42f462ea616ea17eca1678b8ce0b3e52f7fa860e6f60cacb42c1dbd89,"[1.0048662249464542, 1.0035329289967194, 1.004856763058342]","[2083.0, 2083.0, 2083.0]",,ok,1983.0,0.22183965798467398,0.2216869699768722,0.27499998605344445,125.0,5.9297912713472485,3d57d4d85c47524887afeb05997f3651dfcdfb560f9828881b655e09cc3cfb94,"[0.27499998605344445, 0.22183965798467398, 0.2216869699768722]","[1983.0, 1983.0, 1983.0]",,2105.0,SBM,TRF,SBM,ok
pw01_100.6,rudy,100,495,2032,8,5000,1,cuda:3,ok,2032.0,0.4719863870413974,0.47056495398283005,0.47218800499103963,0.0,0.0,17f5ebe2e804a8325c75fda625df8afdaeee9fdf9838392eee7cd62cc915858d,"[0.47056495398283005, 0.47218800499103963, 0.4719863870413974]","[2032.0, 2032.0, 2032.0]",,ok,2023.0,0.6508453339338303,0.6501926180208102,0.6518525120336562,9.0,0.44291338582677164,e2020848c61284edc1b8cce9e32f962a020e3244e38ed7120ee32dc2732aacc8,"[0.6518525120336562, 0.6501926180208102, 0.6508453339338303]","[2023.0, 2023.0, 2023.0]",,ok,1953.0,0.22002220095600933,0.2200138740008697,0.22988052491564304,79.0,3.8877952755905514,6b2b81aba85f0514cd5109a49a0fa7b6e84e9d4f98d3f2b75bc0f23ca405b183,"[0.2200138740008697, 0.22002220095600933, 0.22988052491564304]","[1953.0, 1953.0, 1953.0]",,2032.0,SBM,TRF,SBM,ok
pw01_100.7,rudy,100,495,2074,8,5000,1,cuda:5,ok,2073.0,0.47446777194272727,0.47389819100499153,0.4754521460272372,1.0,0.048216007714561235,e318dfa11e2868f9316adf7372afab73f8ed03341563aed22d39b61c9f33af8e,"[0.47389819100499153, 0.47446777194272727, 0.4754521460272372]","[2073.0, 2073.0, 2073.0]",,ok,2044.0,0.6452827790053561,0.6434323159046471,0.6474779209820554,30.0,1.446480231436837,fa3e3b2179b3c9d01998634cdab9031e7610dd35e36fb36bc78294e7ed35f69b,"[0.6474779209820554, 0.6434323159046471, 0.6452827790053561]","[2044.0, 2044.0, 2044.0]",,ok,2009.0,0.22143501497339457,0.22110173606779426,0.244944132049568,65.0,3.13404050144648,b5a4f44abb5205c618fa8b305a98ab9197492e4501f5d98e301f04aa2afddbe5,"[0.244944132049568, 0.22143501497339457, 0.22110173606779426]","[2009.0, 2009.0, 2009.0]",,2073.0,SBM,TRF,SBM,ok
pw01_100.8,rudy,100,495,2022,8,5000,1,cuda:7,ok,2022.0,0.4848692830419168,0.4798855249537155,0.48678441101219505,0.0,0.0,ad5a9b0c0c4d4f790715b538eb5125924d791da577441353d04e0b6e0dbf3595,"[0.4848692830419168, 0.48678441101219505, 0.4798855249537155]","[2022.0, 2022.0, 2022.0]",,ok,1963.0,0.6491749619599432,0.6462955040624365,0.651477804989554,59.0,2.917903066271019,474332154166e4d44eba64c9d5f1ebe8b33d79e0741d9f46186884880dd843f2,"[0.6462955040624365, 0.651477804989554, 0.6491749619599432]","[1963.0, 1963.0, 1963.0]",,ok,1884.0,0.22051988600287586,0.21985535498242825,0.23765287501737475,138.0,6.824925816023739,4fecd6e8152420bbdcb76305aa7daff550bee299b6ee73bf943425f19a3e2c34,"[0.23765287501737475, 0.21985535498242825, 0.22051988600287586]","[1884.0, 1884.0, 1884.0]",,2022.0,SBM,TRF,SBM,ok
pw01_100.9,rudy,100,495,2005,8,5000,1,cuda:6,ok,2005.0,0.5030461959540844,0.5018921260489151,0.5126292409840971,0.0,0.0,241307607978156785a1cf7bbdcfa9cd76fb987e9ef35167260ee4f117f8b83b,"[0.5018921260489151, 0.5030461959540844, 0.5126292409840971]","[2005.0, 2005.0, 2005.0]",,ok,1997.0,0.6869193479651585,0.6839172380277887,0.6901362590724602,8.0,0.39900249376558605,a3295aa0a095d85f4678d3b841e65b188e548fc0b51ffa3b88ab7de6e82acc3e,"[0.6869193479651585, 0.6901362590724602, 0.6839172380277887]","[1997.0, 1997.0, 1997.0]",,ok,1926.0,0.21894377190619707,0.21893814206123352,0.21925341396126896,79.0,3.9401496259351623,eeee18cb683a3b0f2fc867e8423b110ce6f3c939bbaf6882781b49e7b6c338ca,"[0.21894377190619707, 0.21893814206123352, 0.21925341396126896]","[1926.0, 1926.0, 1926.0]",,2005.0,SBM,TRF,SBM,ok
pw05_100.0,rudy,100,2475,8190,8,5000,1,cuda:2,ok,0.0,0.4953738850308582,0.4946833250578493,0.49585879500955343,8190.0,100.0,cd00e292c5970d3c5e2f0ffa5171e555bc46bfc4faddfb4a418b6840b86e79a3,"[0.4946833250578493, 0.49585879500955343, 0.4953738850308582]","[0.0, 0.0, 0.0]",,ok,7752.0,0.6683349730446935,0.6675470049958676,0.669052422977984,438.0,5.347985347985348,bc1e195efdb75629220e938e636749b57d9fd42c63d7a67b1dd1d7c9d93f2d35,"[0.6675470049958676, 0.669052422977984, 0.6683349730446935]","[7643.0, 7716.0, 7752.0]",,ok,7956.0,0.22346327896229923,0.22321275004651397,0.2660692520439625,234.0,2.857142857142857,7461de8d6f5b1daa0ac914df532fe20503bb34d4406ac08f7aa7ed57b999a9f3,"[0.2660692520439625, 0.22346327896229923, 0.22321275004651397]","[7956.0, 7956.0, 7956.0]",,7956.0,TRF,TRF,TRF,ok
pw05_100.1,rudy,100,2475,8045,8,5000,1,cuda:4,ok,0.0,0.49102893006056547,0.4893164950190112,0.4960762520786375,8045.0,100.0,cd00e292c5970d3c5e2f0ffa5171e555bc46bfc4faddfb4a418b6840b86e79a3,"[0.4893164950190112, 0.49102893006056547, 0.4960762520786375]","[0.0, 0.0, 0.0]",,ok,7735.0,0.6657800539396703,0.6648111899849027,0.6660814479691908,310.0,3.853325046612803,861570a0e3a78b85fd4c1b99e33baeb0dfb06bc12bcd25e45ac558d1d7e21642,"[0.6660814479691908, 0.6657800539396703, 0.6648111899849027]","[7735.0, 7640.0, 7508.0]",,ok,7732.0,0.22127668699249625,0.22085714200511575,0.27058420900721103,313.0,3.8906152889993786,50aa306dad0ee816d1cb5d240075c2830426a72e0e6421cd2eff1bb0b9bf817c,"[0.27058420900721103, 0.22127668699249625, 0.22085714200511575]","[7732.0, 7732.0, 7732.0]",,7735.0,SVL,TRF,SVL,ok
pw05_100.2,rudy,100,2475,8039,8,5000,1,cuda:1,ok,0.0,0.4979255099315196,0.49647779599763453,0.5072668460197747,8039.0,100.0,cd00e292c5970d3c5e2f0ffa5171e555bc46bfc4faddfb4a418b6840b86e79a3,"[0.4979255099315196, 0.5072668460197747, 0.49647779599763453]","[0.0, 0.0, 0.0]",,ok,7678.0,0.6728965840302408,0.672253079013899,0.677480382961221,361.0,4.490608284612514,9fb6205dabb2b34d7804eed5bbd3e5800c37ad9cbc2e249e2850a63c2821d513,"[0.677480382961221, 0.672253079013899, 0.6728965840302408]","[7678.0, 7515.0, 7522.0]",,ok,7777.0,0.22600147500634193,0.225774321006611,0.22603620996233076,262.0,3.259111829829581,6ea1e1cdf599b493839913aae23745fc35050792212c0d7d147284cda2284f2d,"[0.22600147500634193, 0.225774321006611, 0.22603620996233076]","[7777.0, 7777.0, 7777.0]",,7777.0,TRF,TRF,TRF,ok
pw05_100.3,rudy,100,2475,8139,8,5000,1,cuda:3,ok,0.0,0.4815829830477014,0.4760701160412282,0.4919653070392087,8139.0,100.0,cd00e292c5970d3c5e2f0ffa5171e555bc46bfc4faddfb4a418b6840b86e79a3,"[0.4919653070392087, 0.4760701160412282, 0.4815829830477014]","[0.0, 0.0, 0.0]",,ok,7911.0,0.6509192700032145,0.6497119839768857,0.6520088099641725,228.0,2.801326944342057,230f08e6b8ce0c3a3eebaba04de216957d3bb6c7a202566d2bfb69f4d8fec909,"[0.6520088099641725, 0.6509192700032145, 0.6497119839768857]","[7794.0, 7911.0, 7861.0]",,ok,7948.0,0.2245775400660932,0.22442455193959177,0.2637845400022343,191.0,2.346725641970758,1e70f02c3e60feac31733b2ffe37482bcb67de4abef7631a59821efa7ca2df8f,"[0.2637845400022343, 0.2245775400660932, 0.22442455193959177]","[7948.0, 7948.0, 7948.0]",,7948.0,TRF,TRF,TRF,ok
pw05_100.4,rudy,100,2475,8125,8,5000,1,cuda:0,ok,0.0,0.7464571930468082,0.7441931439097971,0.747870484017767,8125.0,100.0,cd00e292c5970d3c5e2f0ffa5171e555bc46bfc4faddfb4a418b6840b86e79a3,"[0.7441931439097971, 0.747870484017767, 0.7464571930468082]","[0.0, 0.0, 0.0]",,ok,7723.0,1.0060140709392726,1.0042452469933778,1.0063226569909602,402.0,4.947692307692308,4f437a3fb8484942a82552a9b716143baeb7c11ad4daa550bb6d2344b539f1cc,"[1.0060140709392726, 1.0063226569909602, 1.0042452469933778]","[7709.0, 7723.0, 7643.0]",,ok,7926.0,0.22743735602125525,0.22741581499576569,0.29819014098029584,199.0,2.4492307692307693,e60d9bae3e3df3c2b6f02d853447017bde2cf3873de142dbabe2b1a544e5e19e,"[0.29819014098029584, 0.22741581499576569, 0.22743735602125525]","[7926.0, 7926.0, 7926.0]",,7926.0,TRF,TRF,TRF,ok
pw05_100.5,rudy,100,2475,8169,8,5000,1,cuda:5,ok,0.0,0.47583012701943517,0.4701170199550688,0.47585255408193916,8169.0,100.0,cd00e292c5970d3c5e2f0ffa5171e555bc46bfc4faddfb4a418b6840b86e79a3,"[0.4701170199550688, 0.47583012701943517, 0.47585255408193916]","[0.0, 0.0, 0.0]",,ok,7695.0,0.645450317999348,0.6425968579715118,0.6471837470307946,474.0,5.802423797282409,3b383cb3b3dde8f570c42960cb4d805ce276973bb4159017e54a6fb59c5bdc78,"[0.6425968579715118, 0.6471837470307946, 0.645450317999348]","[7695.0, 7652.0, 7620.0]",,ok,7951.0,0.22675397899001837,0.22664788598194718,0.22694012697320431,218.0,2.6686252907332597,756a0025350ebb8c8400b0b109978d400cd13a159b599f58425960eff289c0a0,"[0.22675397899001837, 0.22694012697320431, 0.22664788598194718]","[7951.0, 7951.0, 7951.0]",,7951.0,TRF,TRF,TRF,ok
pw05_100.6,rudy,100,2475,8217,8,5000,1,cuda:7,ok,0.0,0.4786806219490245,0.47847516101319343,0.47994357999414206,8217.0,100.0,cd00e292c5970d3c5e2f0ffa5171e555bc46bfc4faddfb4a418b6840b86e79a3,"[0.4786806219490245, 0.47994357999414206, 0.47847516101319343]","[0.0, 0.0, 0.0]",,ok,7740.0,0.6478490539593622,0.6456926069222391,0.6478622460272163,477.0,5.805038335158817,f25fa598bd208693e0e54c3d9707bf47454a5bb338e67d3c0b599a29ea92ecac,"[0.6478490539593622, 0.6456926069222391, 0.6478622460272163]","[7668.0, 7700.0, 7740.0]",,ok,7994.0,0.22448712203186005,0.22440502792596817,0.2504563119728118,223.0,2.713885846415967,25ff9b71118660511da15d2e95fb5c19fda23e651c924561a5908b25b4a0dbef,"[0.2504563119728118, 0.22448712203186005, 0.22440502792596817]","[7994.0, 7994.0, 7994.0]",,7994.0,TRF,TRF,TRF,ok
pw05_100.7,rudy,100,2475,8249,8,5000,1,cuda:6,ok,0.0,0.5041697269771248,0.5039843559497967,0.5044451300054789,8249.0,100.0,cd00e292c5970d3c5e2f0ffa5171e555bc46bfc4faddfb4a418b6840b86e79a3,"[0.5039843559497967, 0.5044451300054789, 0.5041697269771248]","[0.0, 0.0, 0.0]",,ok,7753.0,0.6849900409579277,0.684186520986259,0.6855948970187455,496.0,6.012850042429386,8f0863af2943c1dba2f7e01ffd06726b3be4d2e2314ac115cfc46a1f8b4617ba,"[0.6855948970187455, 0.6849900409579277, 0.684186520986259]","[7718.0, 7681.0, 7753.0]",,ok,7935.0,0.22431719093583524,0.22414055303670466,0.2701793930027634,314.0,3.80652200266699,6748c0e94cb651b089dc800cea1e2e0b68fc9c4d9ddc4bcb9913e3ef8e1b2df0,"[0.2701793930027634, 0.22431719093583524, 0.22414055303670466]","[7935.0, 7935.0, 7935.0]",,7935.0,TRF,TRF,TRF,ok
pw05_100.8,rudy,100,2475,8199,8,5000,1,cuda:2,ok,0.0,0.4913960340199992,0.4895918139955029,0.49231886107008904,8199.0,100.0,cd00e292c5970d3c5e2f0ffa5171e555bc46bfc4faddfb4a418b6840b86e79a3,"[0.4895918139955029, 0.49231886107008904, 0.4913960340199992]","[0.0, 0.0, 0.0]",,ok,7738.0,0.6642475869739428,0.6632064590230584,0.6673930920660496,461.0,5.622636906939871,3928a379ef05ebf2443d182d34bfd42cf91af1de3f973e90c4c7b18b54741fe2,"[0.6642475869739428, 0.6673930920660496, 0.6632064590230584]","[7738.0, 7642.0, 7608.0]",,ok,8024.0,0.2247956159990281,0.22474364400841296,0.22479630494490266,175.0,2.134406634955482,bfe3e6e86f6faafa9ed04488206d7d671e6800f46ee3ac95479df245eea566bf,"[0.2247956159990281, 0.22474364400841296, 0.22479630494490266]","[8024.0, 8024.0, 8024.0]",,8024.0,TRF,TRF,TRF,ok
pw05_100.9,rudy,100,2475,8099,8,5000,1,cuda:4,ok,0.0,0.495223723934032,0.4897324430057779,0.4968140359269455,8099.0,100.0,cd00e292c5970d3c5e2f0ffa5171e555bc46bfc4faddfb4a418b6840b86e79a3,"[0.495223723934032, 0.4897324430057779, 0.4968140359269455]","[0.0, 0.0, 0.0]",,ok,7897.0,0.6631839559413493,0.6623157990397885,0.6643300059949979,202.0,2.4941350784047414,d8353c8366e10b8517f84163af1950764e37cac426fb2556f06b9995e097301b,"[0.6623157990397885, 0.6631839559413493, 0.6643300059949979]","[7655.0, 7897.0, 7724.0]",,ok,7895.0,0.22077041596639901,0.22059838101267815,0.26277283392846584,204.0,2.51882948512162,e458644ebdd260be39a78b87f729ccb96db070592afd89848b0438c3e6335aa7,"[0.26277283392846584, 0.22059838101267815, 0.22077041596639901]","[7895.0, 7895.0, 7895.0]",,7897.0,SVL,TRF,SVL,ok
pw09_100.0,rudy,100,4455,13585,8,5000,1,cuda:1,ok,0.0,0.49669378309044987,0.49584037403110415,0.49670956190675497,13585.0,100.0,cd00e292c5970d3c5e2f0ffa5171e555bc46bfc4faddfb4a418b6840b86e79a3,"[0.49670956190675497, 0.49584037403110415, 0.49669378309044987]","[0.0, 0.0, 0.0]",,ok,13166.0,0.6731737370137125,0.6726849229307845,0.6731748019810766,419.0,3.084284136915716,d016a2669d47a18f6a8455ce180293757e4ac7b162805cdc223f6760702c4efe,"[0.6726849229307845, 0.6731737370137125, 0.6731748019810766]","[13134.0, 13166.0, 13051.0]",,ok,13359.0,0.23020852508489043,0.22988617094233632,0.2627680560108274,226.0,1.6635995583364005,bcbd57fcc7074f6a54061638a0f23c3b245733b23b6aae3b6dde5e879569e538,"[0.2627680560108274, 0.23020852508489043, 0.22988617094233632]","[13359.0, 13359.0, 13359.0]",,13359.0,TRF,TRF,TRF,ok
pw09_100.1,rudy,100,4455,13417,8,5000,1,cuda:3,ok,0.0,0.47280563204549253,0.47274409409146756,0.47356199100613594,13417.0,100.0,cd00e292c5970d3c5e2f0ffa5171e555bc46bfc4faddfb4a418b6840b86e79a3,"[0.47274409409146756, 0.47356199100613594, 0.47280563204549253]","[0.0, 0.0, 0.0]",,ok,12978.0,0.6491809980943799,0.6482161449966952,0.6511562820523977,439.0,3.2719683983006633,7b54d075774c7fcacdb6c0a0f63c24b4c6a4d8a0322b812dccd30e6850dee7e7,"[0.6482161449966952, 0.6491809980943799, 0.6511562820523977]","[12942.0, 12978.0, 12887.0]",,ok,13140.0,0.22789321397431195,0.22760118008591235,0.22795974393375218,277.0,2.0645449802489377,c9ad215c3a8989337e973b4ec44706d910a03925cfa0a29f5844c142ad925474,"[0.22760118008591235, 0.22789321397431195, 0.22795974393375218]","[13140.0, 13140.0, 13140.0]",,13140.0,TRF,TRF,TRF,ok
pw09_100.2,rudy,100,4455,13461,8,5000,1,cuda:5,ok,0.0,0.47291916399262846,0.4714373310562223,0.4746970209525898,13461.0,100.0,cd00e292c5970d3c5e2f0ffa5171e555bc46bfc4faddfb4a418b6840b86e79a3,"[0.4746970209525898, 0.47291916399262846, 0.4714373310562223]","[0.0, 0.0, 0.0]",,ok,13006.0,0.6458524049958214,0.6446388029726222,0.6519733119057491,455.0,3.3801352054082163,fcc880b37f3daedaced693eb5f7d004927e5de5ff1811cac4f8ddd94328a1d34,"[0.6519733119057491, 0.6458524049958214, 0.6446388029726222]","[12984.0, 13006.0, 12911.0]",,ok,13105.0,0.23054724594112486,0.22992662608157843,0.2574643329717219,356.0,2.644677215660055,0191db929e720bc1ca6aa68f205037a1a2854cd1c1369e4b17ebc4b1046f8713,"[0.2574643329717219, 0.23054724594112486, 0.22992662608157843]","[13105.0, 13105.0, 13105.0]",,13105.0,TRF,TRF,TRF,ok
pw09_100.3,rudy,100,4455,13656,8,5000,1,cuda:7,ok,0.0,0.4800328309647739,0.47967538610100746,0.48126597597729415,13656.0,100.0,cd00e292c5970d3c5e2f0ffa5171e555bc46bfc4faddfb4a418b6840b86e79a3,"[0.4800328309647739, 0.48126597597729415, 0.47967538610100746]","[0.0, 0.0, 0.0]",,ok,13188.0,0.6450847228989005,0.6440571390558034,0.6460207999916747,468.0,3.4270650263620386,d1f54e0a730b94ab36fbe2a850a462895c068fbf91075bba3645e904b05778be,"[0.6460207999916747, 0.6440571390558034, 0.6450847228989005]","[13090.0, 13188.0, 12993.0]",,ok,13287.0,0.22896447300445288,0.22862378391437232,0.24606062495149672,369.0,2.702108963093146,8ec4fe5b13b22f7494c978bd45f30db9b7c411744059c19b8eec6b2db8ec9593,"[0.24606062495149672, 0.22896447300445288, 0.22862378391437232]","[13287.0, 13287.0, 13287.0]",,13287.0,TRF,TRF,TRF,ok
pw09_100.4,rudy,100,4455,13514,8,5000,1,cuda:6,ok,0.0,0.5027784609701484,0.502139602904208,0.5040451530367136,13514.0,100.0,cd00e292c5970d3c5e2f0ffa5171e555bc46bfc4faddfb4a418b6840b86e79a3,"[0.502139602904208, 0.5040451530367136, 0.5027784609701484]","[0.0, 0.0, 0.0]",,ok,13032.0,0.6842329050414264,0.6841905399924144,0.6843363828957081,482.0,3.5666715998224063,6864a8b080fa26fb30d26f66ed0e76a70433c3cc6870c25b3fc31ad4ecf56200,"[0.6841905399924144, 0.6842329050414264, 0.6843363828957081]","[12991.0, 13032.0, 12971.0]",,ok,13255.0,0.2283216540236026,0.22757712099701166,0.23701283906120807,259.0,1.9165310048838242,f16c63d1ebaf84cd4fe7e018f928c6284b98f5fb9c896d69a107725fb9e9333e,"[0.2283216540236026, 0.23701283906120807, 0.22757712099701166]","[13255.0, 13255.0, 13255.0]",,13255.0,TRF,TRF,TRF,ok
pw09_100.5,rudy,100,4455,13574,8,5000,1,cuda:0,ok,0.0,0.7469427230535075,0.746168073033914,0.7556095418985933,13574.0,100.0,cd00e292c5970d3c5e2f0ffa5171e555bc46bfc4faddfb4a418b6840b86e79a3,"[0.7556095418985933, 0.746168073033914, 0.7469427230535075]","[0.0, 0.0, 0.0]",,ok,13098.0,1.00258821004536,0.9982087910175323,1.006391789065674,476.0,3.506703992927656,eb6e211358621634fe39d02a436726020fe99eed57d41559f1b277d5cc5e81a3,"[1.00258821004536, 0.9982087910175323, 1.006391789065674]","[13051.0, 13098.0, 13056.0]",,ok,13308.0,0.23584332002792507,0.23159744299482554,0.28709340398199856,266.0,1.9596287019301606,343fa16c6ad7723b095f1da7808cd754289007b4e40e66ec57076e4580b8bd83,"[0.28709340398199856, 0.23159744299482554, 0.23584332002792507]","[13308.0, 13308.0, 13308.0]",,13308.0,TRF,TRF,TRF,ok
pw09_100.6,rudy,100,4455,13640,8,5000,1,cuda:2,ok,0.0,0.48829756397753954,0.4866887730313465,0.48930977191776037,13640.0,100.0,cd00e292c5970d3c5e2f0ffa5171e555bc46bfc4faddfb4a418b6840b86e79a3,"[0.48930977191776037, 0.48829756397753954, 0.4866887730313465]","[0.0, 0.0, 0.0]",,ok,13162.0,0.668507966096513,0.6648988899542019,0.6732476099859923,478.0,3.504398826979472,0319a2dd858395c7ac75fa0fdbcd67d2274e1710f54c24a0e10c1064f28c1966,"[0.6732476099859923, 0.668507966096513, 0.6648988899542019]","[13162.0, 13125.0, 13099.0]",,ok,13385.0,0.23937824799213558,0.22772661701310426,0.26439881802070886,255.0,1.8695014662756597,11c93bfdea4b25f7c0d6c78c28125f10a28761b7d2cb18955ed0aecf40d1ade3,"[0.26439881802070886, 0.23937824799213558, 0.22772661701310426]","[13385.0, 13385.0, 13385.0]",,13385.0,TRF,TRF,TRF,ok
pw09_100.7,rudy,100,4455,13501,8,5000,1,cuda:4,ok,0.0,0.491899698972702,0.4916949369944632,0.4943313270341605,13501.0,100.0,cd00e292c5970d3c5e2f0ffa5171e555bc46bfc4faddfb4a418b6840b86e79a3,"[0.4916949369944632, 0.491899698972702, 0.4943313270341605]","[0.0, 0.0, 0.0]",,ok,13127.0,0.6623969170032069,0.6611462840810418,0.6647022609831765,374.0,2.770165172950152,db9deb42b14f5c8867115539b3879d9e56b079a7a5474f9a89f0df2585e7d258,"[0.6647022609831765, 0.6611462840810418, 0.6623969170032069]","[13127.0, 13127.0, 13127.0]",,ok,13222.0,0.2254682619823143,0.22445980506017804,0.2255450349766761,279.0,2.0665135915858084,204b88a747e502271256f9ab71729f235ee2052dc2c0f14545db774514b4a845,"[0.22445980506017804, 0.2255450349766761, 0.2254682619823143]","[13222.0, 13222.0, 13222.0]",,13222.0,TRF,TRF,TRF,ok
pw09_100.8,rudy,100,4455,13593,8,5000,1,cuda:1,ok,0.0,0.49713361298199743,0.4949786440702155,0.49757165706250817,13593.0,100.0,cd00e292c5970d3c5e2f0ffa5171e555bc46bfc4faddfb4a418b6840b86e79a3,"[0.4949786440702155, 0.49757165706250817, 0.49713361298199743]","[0.0, 0.0, 0.0]",,ok,13149.0,0.6729000320192426,0.672511202050373,0.6734678290085867,444.0,3.2663871110130214,e52237b1ba13b166d8d47008a7016d336df27f5ac69f83de0c1b8dbf939485c4,"[0.6729000320192426, 0.6734678290085867, 0.672511202050373]","[13123.0, 13020.0, 13149.0]",,ok,13365.0,0.23144366301130503,0.23057070700451732,0.2564655200112611,228.0,1.6773339218715515,1082eda564439b26d3a9aa30ec5ad47d9aa3875e53f48f984ceb17138ae332ad,"[0.2564655200112611, 0.23144366301130503, 0.23057070700451732]","[13365.0, 13365.0, 13365.0]",,13365.0,TRF,TRF,TRF,ok
pw09_100.9,rudy,100,4455,13658,8,5000,1,cuda:3,ok,0.0,0.4740014369599521,0.4728048969991505,0.4802608380559832,13658.0,100.0,cd00e292c5970d3c5e2f0ffa5171e555bc46bfc4faddfb4a418b6840b86e79a3,"[0.4728048969991505, 0.4740014369599521, 0.4802608380559832]","[0.0, 0.0, 0.0]",,ok,13229.0,0.6515447209822014,0.6513410250190645,0.6519406390143558,429.0,3.141016254209987,e5e97fae060f3404dc7ad5f28b6f83c047f01363ca14c087d18044450dce6cb9,"[0.6513410250190645, 0.6515447209822014, 0.6519406390143558]","[13227.0, 13140.0, 13229.0]",,ok,13386.0,0.22819557401817292,0.22769047296606004,0.24597244698088616,272.0,1.9915068091960755,42bd7d8844865311a65618ac9a44a8d1370a2fdb675a1afbb6c5adc4f3159c89,"[0.24597244698088616, 0.22819557401817292, 0.22769047296606004]","[13386.0, 13386.0, 13386.0]",,13386.0,TRF,TRF,TRF,ok
t2g10_5555,ising,100,200,6049461,8,5000,1,cuda:3,ok,5925958.0,0.47081481001805514,0.47073920792900026,0.4719837479060516,123503.0,2.041553784709084,adbc53c24cccd07aea9c68e63cb0612e26b00be8efa21cb23a430be1edf3a5b8,"[0.4719837479060516, 0.47073920792900026, 0.47081481001805514]","[5925958.0, 5925958.0, 5925958.0]",,ok,320389.0,0.6497994890669361,0.6491820239461958,0.6512720260070637,5729072.0,94.70384221007458,66e9546adff519b244ce21b7d46b4c8088ce75349c569c0b0f63607752f332b6,"[0.6497994890669361, 0.6491820239461958, 0.6512720260070637]","[320389.0, 320389.0, 320389.0]",,ok,5643540.0,0.21736838796641678,0.2169003930175677,0.2173746949993074,405921.0,6.710035819720137,149c059e171f82c4f58596cd30a4b5df0c7b64fc8c464048e5a7c6987aa885aa,"[0.21736838796641678, 0.2169003930175677, 0.2173746949993074]","[5643540.0, 5643540.0, 5643540.0]",,5925958.0,SBM,TRF,SBM,ok
t2g10_6666,ising,100,200,5757868,8,5000,1,cuda:0,ok,5734657.0,0.7499584140023217,0.7448731299955398,0.7564681851072237,23211.0,0.40311795963367,88a35f3ade9678c253dde65c747339fa4bef1237f88df340b69c6b5f36eb623a,"[0.7564681851072237, 0.7499584140023217, 0.7448731299955398]","[5734657.0, 5734657.0, 5734657.0]",,ok,43239.0,1.001046060002409,0.9991090589901432,1.009114381042309,5714629.0,99.24904495900219,046f06dd565081b3c80f3e7815eac899fa8404568b6bafd3a93472d0a700fd98,"[0.9991090589901432, 1.001046060002409, 1.009114381042309]","[43239.0, 43239.0, 43239.0]",,ok,5346643.0,0.22048581100534648,0.22013371798675507,0.2842041270341724,411225.0,7.141966436187839,0d9b18cf7d91a42cee59618ff7b7746ad647a6ef4c53d52e006cf69ef13b75e9,"[0.2842041270341724, 0.22048581100534648, 0.22013371798675507]","[5346643.0, 5346643.0, 5346643.0]",,5734657.0,SBM,TRF,SBM,ok
t2g10_7777,ising,100,200,6509837,8,5000,1,cuda:6,ok,6500247.0,0.5013536440674216,0.5009782629786059,0.5020008359570056,9590.0,0.1473155165021797,242d5dd52abf05d4658f461e10fc6545d7228ba22c7702031dd856cc17cd7919,"[0.5009782629786059, 0.5020008359570056, 0.5013536440674216]","[6500247.0, 6500247.0, 6500247.0]",,ok,1107669.0,0.6815959939267486,0.6812209580093622,0.6830437850439921,5402168.0,82.98468917117279,c4b5b4e869c33eedc7954932dd542efbe49bafb6e758b9940fe05d5a48575af8,"[0.6812209580093622, 0.6830437850439921, 0.6815959939267486]","[1107669.0, 1107669.0, 1107669.0]",,ok,6069397.0,0.21595901204273105,0.2156390609452501,0.26550512097310275,440440.0,6.765760801691348,291c0eb392522de17e25c4ec6e57596a79e47e977f2786224ca473b85ea4d4a1,"[0.26550512097310275, 0.21595901204273105, 0.2156390609452501]","[6069397.0, 6069397.0, 6069397.0]",,6500247.0,SBM,TRF,SBM,ok
t2g15_5555,ising,225,450,15051133,8,5000,1,cuda:2,ok,14944030.0,0.4918615350034088,0.4898831539321691,0.4928645798936486,107103.0,0.7115942700127625,ec4f13652e08b8915f65e84ac3039d49be481b97447341be4d1a1a1782f6e053,"[0.4928645798936486, 0.4918615350034088, 0.4898831539321691]","[14944030.0, 14944030.0, 14944030.0]",,ok,1828096.0,0.6629248599056154,0.6626970429206267,0.663420487078838,13223037.0,87.85409709687636,ed1cfdaba360fb6f3148d519ff41d9e1491aae09eda6fb47b282cec1652d9545,"[0.663420487078838, 0.6626970429206267, 0.6629248599056154]","[1828096.0, 1828096.0, 1828096.0]",,ok,13790672.0,0.2253829169785604,0.22523265099152923,0.22680060798302293,1260461.0,8.374525691853231,59d977e1e4330286cb31666be004e2b3e6d074913cbf4e144c582f55a66ef8d1,"[0.22680060798302293, 0.2253829169785604, 0.22523265099152923]","[13790672.0, 13790672.0, 13790672.0]",,14944030.0,SBM,TRF,SBM,ok
t2g15_6666,ising,225,450,15763716,8,5000,1,cuda:4,ok,15561433.0,0.49456740997266024,0.4933480659965426,0.49620612303260714,202283.0,1.2832190074979783,2138d9401a4198695a2ea120e93ad4efc106efd7055c6d5cc6886f30cf8cc6d4,"[0.4933480659965426, 0.49620612303260714, 0.49456740997266024]","[15561433.0, 15561433.0, 15561433.0]",,ok,2370591.0,0.6659451919840649,0.6604460339294747,0.6671223220182583,13393125.0,84.96172476083684,d61bd70eeb9115b310ed52f2b11b771b96c1b8166a81a27e0df8473209baf2ea,"[0.6671223220182583, 0.6659451919840649, 0.6604460339294747]","[2370591.0, 2370591.0, 2370591.0]",,ok,14792260.0,0.22150801704265177,0.22139954497106373,0.24603214499074966,971456.0,6.162607852107968,d3a7bb5f858b91a71e38b37b53a48ae0626587569266d56a53895138ebb11029,"[0.24603214499074966, 0.22139954497106373, 0.22150801704265177]","[14792260.0, 14792260.0, 14792260.0]",,15561433.0,SBM,TRF,SBM,ok
t2g15_7777,ising,225,450,15269399,8,5000,1,cuda:3,ok,15104765.0,0.47203044791240245,0.470739868003875,0.4738113390048966,164634.0,1.0781956775116035,15f2b2dbb9931b7edd84c592d251093bcb8294092c6cdcb06d8150bb22927f62,"[0.4738113390048966, 0.470739868003875, 0.47203044791240245]","[15104765.0, 15104765.0, 15104765.0]",,ok,2784313.0,0.6528826699359342,0.652022531023249,0.6528860930120572,12485086.0,81.76540543606203,ffc23699a8eae2b98fbf59d9dc4f6f65b3e329c47eee201be6c67545954eb90b,"[0.652022531023249, 0.6528860930120572, 0.6528826699359342]","[2784313.0, 2784313.0, 2784313.0]",,ok,13956382.0,0.22302568890154362,0.22297436103690416,0.2413554780650884,1313017.0,8.59900903761831,f5726e10937aae45f1b917f1dc7dc75b71a7053b3fa599585fadd3d4415cdcb4,"[0.2413554780650884, 0.22302568890154362, 0.22297436103690416]","[13956382.0, 13956382.0, 13956382.0]",,15104765.0,SBM,TRF,SBM,ok
t2g20_5555,ising,400,800,24838942,8,5000,1,cuda:3,ok,24640296.0,0.47034948191139847,0.4702071979409084,0.4724278029752895,198646.0,0.7997361562340296,9866edf316932bfa74d6f1eaae8ab0f21f618beb530e20bbf47b5cebc62496fa,"[0.47034948191139847, 0.4702071979409084, 0.4724278029752895]","[24640296.0, 24640296.0, 24640296.0]",,ok,1372387.0,0.6499799810117111,0.64959279098548,0.6510265149408951,23466555.0,94.47485726243896,7989ea38e879073bf60aa93e3029e07b232119cf83e1a4a4e113f14be062653c,"[0.6499799810117111, 0.6510265149408951, 0.64959279098548]","[1372387.0, 1372387.0, 1372387.0]",,ok,22416288.0,0.2140774349682033,0.2137519649695605,0.21498742303811014,2422654.0,9.753450851489568,7e17e20810d7795b8a488668beefc971c7132b8e7e6c6214800821ef19838e25,"[0.21498742303811014, 0.2140774349682033, 0.2137519649695605]","[22416288.0, 22416288.0, 22416288.0]",,24640296.0,SBM,TRF,SBM,ok
t2g20_6666,ising,400,800,29290570,8,5000,1,cuda:1,ok,29043731.0,0.496605227002874,0.4964236409869045,0.49721686402335763,246839.0,0.8427251501080382,7021c41ffcd75b541099527b1edcc1a9d42ecabf67782681028074c97af34029,"[0.4964236409869045, 0.496605227002874, 0.49721686402335763]","[29043731.0, 29043731.0, 29043731.0]",,ok,4945241.0,0.6708071950124577,0.6694950429955497,0.6734340549446642,24345329.0,83.11661056783805,aeecad4c8b7ce4de5c9f8e4ca657dcda90698b37534d2f14210de630f504d264,"[0.6734340549446642, 0.6708071950124577, 0.6694950429955497]","[4945241.0, 4945241.0, 4945241.0]",,ok,26506926.0,0.21808106906246394,0.2177595830289647,0.26369481498841196,2783644.0,9.503550118690077,5f133ace2f1f546a14d7a9c93179efa70d14bbde157eda7b764c0ae3b1bb4e84,"[0.26369481498841196, 0.21808106906246394, 0.2177595830289647]","[26506926.0, 26506926.0, 26506926.0]",,29043731.0,SBM,TRF,SBM,ok
t2g20_7777,ising,400,800,28349398,8,5000,1,cuda:6,ok,27906141.0,0.5022809210931882,0.50211980601307,0.5037243029801175,443257.0,1.5635499561577992,64c122233ec5798f940603457a2e47dac69abc24ae13b7b3682dc403cb6e0be2,"[0.5037243029801175, 0.50211980601307, 0.5022809210931882]","[27906141.0, 27906141.0, 27906141.0]",,ok,4256186.0,0.681874088011682,0.6814149940619245,0.6822535319952294,24093212.0,84.98667943495661,a943ac940ced6d23bc27c3abf9107a3370f2461850a9ee14c403b9d672cea57d,"[0.681874088011682, 0.6822535319952294, 0.6814149940619245]","[4256186.0, 4256186.0, 4256186.0]",,ok,26031956.0,0.21616016991902143,0.21601590199861676,0.23315365507733077,2317442.0,8.174572172573118,3f050f7500646dc037ae3a9a4382de3f854e528f8c52b7e5f4756ae7c5e2e6ca,"[0.23315365507733077, 0.21616016991902143, 0.21601590199861676]","[26031956.0, 26031956.0, 26031956.0]",,27906141.0,SBM,TRF,SBM,ok
t3g5_5555,ising,125,375,10933215,8,5000,1,cuda:0,ok,10906193.0,0.7447597640566528,0.7440395840676501,0.7454297099029645,27022.0,0.24715511402638657,14e607fc234e56066e58987932592672b8c48d3bc2dd54a46609b11a2473ffb7,"[0.7454297099029645, 0.7447597640566528, 0.7440395840676501]","[10906193.0, 10906193.0, 10906193.0]",,ok,1853768.0,1.0017657859716564,1.0009469229262322,1.0081845059758052,9079447.0,83.04462136709101,7a485e6c4a2c7001ea4aea5842e6ad7129fe95d0b998d43777c84d7559bc9504,"[1.0081845059758052, 1.0017657859716564, 1.0009469229262322]","[1853768.0, 1853768.0, 1853768.0]",,ok,9952311.0,0.22607379907276481,0.22502273903228343,0.26461511000525206,980904.0,8.9717800299363,4563391b168de17d85cdccd13122c928edb4fe8bdb8e2c048958568612e63f0e,"[0.26461511000525206, 0.22607379907276481, 0.22502273903228343]","[9952311.0, 9952311.0, 9952311.0]",,10906193.0,SBM,TRF,SBM,ok
t3g5_6666,ising,125,375,11582216,8,5000,1,cuda:5,ok,11582216.0,0.4715223420644179,0.4697868919465691,0.47156299999915063,0.0,0.0,cc9511d4b44fffb60bad99ef8c687e4656cd0da8517d731916688a360c2b3a93,"[0.4715223420644179, 0.47156299999915063, 0.4697868919465691]","[11582216.0, 11582216.0, 11582216.0]",,ok,2671353.0,0.645557896932587,0.6404944179812446,0.6473914859816432,8910863.0,76.93573492326512,7abedb0bbb0cb61ddddc39fb11227987909c7caa411dd04051d0c6d477409150,"[0.6404944179812446, 0.6473914859816432, 0.645557896932587]","[2671353.0, 2671353.0, 2671353.0]",,ok,10853320.0,0.2249408250208944,0.22474268195219338,0.257954866043292,728896.0,6.2932343862348965,f969835de8c1c3247eef638eaeaddaca07e41602222a3bb20b347a0cc699849a,"[0.257954866043292, 0.2249408250208944, 0.22474268195219338]","[10853320.0, 10853320.0, 10853320.0]",,11582216.0,SBM,TRF,SBM,ok
t3g5_7777,ising,125,375,11552046,8,5000,1,cuda:7,ok,11543850.0,0.4795443080365658,0.4792149839922786,0.4795457220170647,8196.0,0.07094847094618564,12d147af4f6cccb833a2228381b305df6f47bd1a3622e817612465e2b1db0fac,"[0.4792149839922786, 0.4795443080365658, 0.4795457220170647]","[11543850.0, 11543850.0, 11543850.0]",,ok,2477628.0,0.644795570988208,0.6447181670228019,0.6471282340353355,9074418.0,78.55247460060322,83d0ccb64c340b98d7affb7808eaa3a234e8d386eb7b798dbb0fc8db69873ccf,"[0.644795570988208, 0.6447181670228019, 0.6471282340353355]","[2477628.0, 2477628.0, 2477628.0]",,ok,10541954.0,0.22339855204336345,0.2230696869082749,0.2462559249252081,1010092.0,8.743836373227738,4d2b545e84b9eeff659756232508978226aa043e6469004ad7e0598d9cf11e42,"[0.2462559249252081, 0.22339855204336345, 0.2230696869082749]","[10541954.0, 10541954.0, 10541954.0]",,11543850.0,SBM,TRF,SBM,ok
t3g6_5555,ising,216,648,17434469,8,5000,1,cuda:3,ok,17272513.0,0.47379180090501904,0.4736776089994237,0.4753163050627336,161956.0,0.9289413976416488,7afe7853fc976d49cf5ddcd3f6a627110e61ebe671eacb5c4dba9fcc4307bf69,"[0.47379180090501904, 0.4736776089994237, 0.4753163050627336]","[17272513.0, 17272513.0, 17272513.0]",,ok,-446231.0,0.651590266963467,0.6499641831032932,0.6531252020504326,17880700.0,102.55947571445967,fbfb9db5479b4e792d7825ce7faafa6b36a3e59b7af8ac2c023075889f3da95f,"[0.6499641831032932, 0.651590266963467, 0.6531252020504326]","[-446231.0, -446231.0, -446231.0]",,ok,15743326.0,0.21983324096072465,0.2197629800066352,0.22026400989852846,1691143.0,9.699997172268338,62e91b44de3276695167df2474935116c7b3f4762e4f427b26cb2fc8cefa9b52,"[0.22026400989852846, 0.2197629800066352, 0.21983324096072465]","[15743326.0, 15743326.0, 15743326.0]",,17272513.0,SBM,TRF,SBM,ok
t3g6_6666,ising,216,648,20217380,8,5000,1,cuda:5,ok,20195224.0,0.47128962399438024,0.47119657206349075,0.47375529003329575,22156.0,0.10958887847980302,4d43a89dccfecbc36f59919df0edbe48ff965409d702523d9ab9c11a797100ea,"[0.47128962399438024, 0.47375529003329575, 0.47119657206349075]","[20195224.0, 20195224.0, 20195224.0]",,ok,4713977.0,0.6464742270763963,0.6401944749522954,0.6472340510226786,15503403.0,76.68354158649637,a9447b13649fe1b3449319cb04810016b01b8732a90dcafb81326cee120948c8,"[0.6401944749522954, 0.6464742270763963, 0.6472340510226786]","[4713977.0, 4713977.0, 4713977.0]",,ok,17970730.0,0.22474896896164864,0.22454514203127474,0.2389832059852779,2246650.0,11.11246857901469,f32eea614288850218f72c6df1ef41fa04a74771ec0c2f51e68893c1ffda3afc,"[0.2389832059852779, 0.22474896896164864, 0.22454514203127474]","[17970730.0, 17970730.0, 17970730.0]",,20195224.0,SBM,TRF,SBM,ok
t3g6_7777,ising,216,648,19475011,8,5000,1,cuda:7,ok,19475011.0,0.4771676949458197,0.47704593709204346,0.47915384906809777,0.0,0.0,1df548d1d8b9e958f8976b5b777d02361d53a96f2c6484b8821cb2be776b609b,"[0.47915384906809777, 0.47704593709204346, 0.4771676949458197]","[19475011.0, 19475011.0, 19475011.0]",,ok,3153609.0,0.6474491729168221,0.6468098449986428,0.6479935219977051,16321402.0,83.8068948972609,defb84573d2db05af4f20d8aa37f72f92ef74f00e2381d44425e71c8b9fefadc,"[0.6479935219977051, 0.6468098449986428, 0.6474491729168221]","[3153609.0, 3153609.0, 3153609.0]",,ok,17183468.0,0.22243326995521784,0.22184770891908556,0.24105102301109582,2291543.0,11.766581287168464,cc9d5b85a3ae79765024ceaf915d17c375562826bf8b1e51ccf5ff44629c168a,"[0.24105102301109582, 0.22184770891908556, 0.22243326995521784]","[17183468.0, 17183468.0, 17183468.0]",,19475011.0,SBM,TRF,SBM,ok
t3g7_5555,ising,343,1029,28302918,8,5000,1,cuda:0,ok,28255972.0,0.7476986800320446,0.7448930579703301,0.7521147589432076,46946.0,0.1658698230337946,0cce47de781769f3e88225fcc14acd778fd16f881962a812579fc4c7bff7c7fe,"[0.7448930579703301, 0.7521147589432076, 0.7476986800320446]","[28255972.0, 28255972.0, 28255972.0]",,ok,1909693.0,1.0092147520044819,1.0001109049189836,1.0185131350299343,26393225.0,93.25266391260435,0b65231c9b766e7635cdd8fb8813967fcbd9e432690772618a40faf904a65a38,"[1.0185131350299343, 1.0001109049189836, 1.0092147520044819]","[1909693.0, 1909693.0, 1909693.0]",,ok,24469860.0,0.23275364993605763,0.23247985204216093,0.2861372970510274,3833058.0,13.542978148048197,25f02b85b4885ee3fa09a12e64b6bbab5385edac3e822cbe7d27a91dbb769e2b,"[0.2861372970510274, 0.23247985204216093, 0.23275364993605763]","[24469860.0, 24469860.0, 24469860.0]",,28255972.0,SBM,TRF,SBM,ok
t3g7_6666,ising,343,1029,33611981,8,5000,1,cuda:2,ok,33282766.0,0.49806381308007985,0.49681273591704667,0.5065631370525807,329215.0,0.9794572953019341,3b56779e31ab140406595724193c5496eb75aa6df1e84322470cad59c421378a,"[0.49806381308007985, 0.49681273591704667, 0.5065631370525807]","[33282766.0, 33282766.0, 33282766.0]",,ok,8191072.0,0.6713733839569613,0.6690161159494892,0.6715405200375244,25420909.0,75.63049913660251,c03a54e2b6754847c33a49ea8a613786f2291c249e7229bccc64e50cf002b28b,"[0.6715405200375244, 0.6690161159494892, 0.6713733839569613]","[8191072.0, 8191072.0, 8191072.0]",,ok,30261040.0,0.22631371498573571,0.2261294269701466,0.2548430069582537,3350941.0,9.969483798054034,f7b29287dc2f9dc7122f414f2e1e623ef4403326c821de10dadc9e127adee9e2,"[0.2548430069582537, 0.22631371498573571, 0.2261294269701466]","[30261040.0, 30261040.0, 30261040.0]",,33282766.0,SBM,TRF,SBM,ok
t3g7_7777,ising,343,1029,29118445,8,5000,1,cuda:4,ok,29044810.0,0.4930824530310929,0.4905727650038898,0.49587346403859556,73635.0,0.25288094882813966,6826a038a618213f1d4b55eaf3972b0fdd8e5918a363aa75e303d278d64ef55d,"[0.49587346403859556, 0.4905727650038898, 0.4930824530310929]","[29044810.0, 29044810.0, 29044810.0]",,ok,3555695.0,0.6735607309965417,0.6649694399675354,0.6795981590403244,25562750.0,87.78885685688229,bb3db31166c7b52325634ff4e2de4c64128d3e2367b5785bd79b03459739ff6e,"[0.6735607309965417, 0.6795981590403244, 0.6649694399675354]","[3555695.0, 3555695.0, 3555695.0]",,ok,26024384.0,0.2237088760593906,0.22349505499005318,0.2459177910350263,3094061.0,10.625776891588819,7062d36b9b2e456bcbc3dca8425dd4f023cefffe0b6b51a6da73e8a325954c10,"[0.2459177910350263, 0.2237088760593906, 0.22349505499005318]","[26024384.0, 26024384.0, 26024384.0]",,29044810.0,SBM,TRF,SBM,ok
w01_100.0,rudy,100,495,651,8,5000,1,cuda:5,ok,651.0,0.46954753901809454,0.4683136680396274,0.47518304106779397,0.0,0.0,a8f29e855b5b64bcef08fc521f658289ea76c220a30e9131a90376fca6ebe911,"[0.46954753901809454, 0.4683136680396274, 0.47518304106779397]","[651.0, 651.0, 651.0]",,ok,651.0,0.6449139800388366,0.6428584399400279,0.646716365008615,0.0,0.0,a8f29e855b5b64bcef08fc521f658289ea76c220a30e9131a90376fca6ebe911,"[0.6428584399400279, 0.646716365008615, 0.6449139800388366]","[651.0, 651.0, 651.0]",,ok,573.0,0.22102820803411305,0.2206483050249517,0.22134132601786405,78.0,11.981566820276498,5473e1d1a6f9a79bd168f2e90c4b499ea99def1e235520909e06c10b32db05a7,"[0.22134132601786405, 0.22102820803411305, 0.2206483050249517]","[573.0, 573.0, 573.0]",,651.0,SBM|SVL,TRF,SBM,ok
w01_100.1,rudy,100,495,719,8,5000,1,cuda:7,ok,719.0,0.4781628609634936,0.4776016519172117,0.4802766339853406,0.0,0.0,de77e963b7fd21e01fd5be0524f72e794de5d44d2139ea1802b314f2fa0898fa,"[0.4781628609634936, 0.4776016519172117, 0.4802766339853406]","[719.0, 719.0, 719.0]",,ok,711.0,0.6476458479883149,0.6473050119820982,0.6510909839998931,8.0,1.1126564673157162,febe365726ee7c20834eab84d138826132a1ada63cc99cf4f6b7b829067cdccb,"[0.6510909839998931, 0.6476458479883149, 0.6473050119820982]","[711.0, 711.0, 711.0]",,ok,615.0,0.21898155100643635,0.21872820996213704,0.25550138705875725,104.0,14.46453407510431,909f0d0cca7be8460816b100381aedee1dedcf769688b766270a693b07f5177c,"[0.25550138705875725, 0.21898155100643635, 0.21872820996213704]","[615.0, 615.0, 615.0]",,719.0,SBM,TRF,SBM,ok
w01_100.2,rudy,100,495,676,8,5000,1,cuda:2,ok,676.0,0.4892501219874248,0.48922060895711184,0.49011716106906533,0.0,0.0,95946699ebbe43ab2939a600ade59ba1e107e0715c50c4d251ef7e94874fb98a,"[0.49011716106906533, 0.4892501219874248, 0.48922060895711184]","[676.0, 676.0, 676.0]",,ok,676.0,0.6688847099430859,0.6655019229510799,0.6690534119261429,0.0,0.0,5e2e6809693adc6bc47bbec091bc7eb4d367326a2e90873e856f811924035b31,"[0.6690534119261429, 0.6655019229510799, 0.6688847099430859]","[676.0, 676.0, 676.0]",,ok,568.0,0.22545325197279453,0.21844666101969779,0.2537208490539342,108.0,15.976331360946746,feb805c317e4418ceacb8d3c027ba2c00091e2d69227b5956ef322f9678ad044,"[0.2537208490539342, 0.22545325197279453, 0.21844666101969779]","[568.0, 568.0, 568.0]",,676.0,SBM|SVL,TRF,SBM,ok
w01_100.3,rudy,100,495,813,8,5000,1,cuda:6,ok,813.0,0.5031749421032146,0.5018124140333384,0.5071754290256649,0.0,0.0,94e2d8e725154cb58bd0d111b471d6cc2ec172f02d0d67d6fe35959292a1640d,"[0.5071754290256649, 0.5018124140333384, 0.5031749421032146]","[813.0, 813.0, 813.0]",,ok,813.0,0.6829699620138854,0.6819160570157692,0.6835476680425927,0.0,0.0,e41c6db7d59a27aa11ca4a26384442d2e36e14b56645c2387c296944561af109,"[0.6819160570157692, 0.6835476680425927, 0.6829699620138854]","[813.0, 813.0, 813.0]",,ok,764.0,0.21925380697939545,0.21915698295924813,0.2407353250309825,49.0,6.027060270602706,1b0434e667c37c40d4f52e150dcf59109eb6513dfde12c2bdedc7463daa791f4,"[0.2407353250309825, 0.21925380697939545, 0.21915698295924813]","[764.0, 764.0, 764.0]",,813.0,SBM|SVL,TRF,SBM,ok
w01_100.4,rudy,100,495,668,8,5000,1,cuda:4,ok,668.0,0.4931914519984275,0.49217782507184893,0.49642414902336895,0.0,0.0,a9421780515d2294310a2fab7035c197540229e8a6e734f9d7985da130e9c4e4,"[0.49642414902336895, 0.4931914519984275, 0.49217782507184893]","[668.0, 668.0, 668.0]",,ok,662.0,0.6633931009564549,0.6632264709332958,0.6645799610996619,6.0,0.8982035928143712,c3d4c03b7e5ee31afa8596c9160c44ad8e201d5198b8e27e9391d0839bcd68a4,"[0.6645799610996619, 0.6633931009564549, 0.6632264709332958]","[662.0, 662.0, 662.0]",,ok,558.0,0.2147203739732504,0.21471313398797065,0.23967747704591602,110.0,16.46706586826347,359f45d111f0c0e448960cd5f919cc6a798925b2a0f86b4086b2306a243013e0,"[0.23967747704591602, 0.2147203739732504, 0.21471313398797065]","[558.0, 558.0, 558.0]",,668.0,SBM,TRF,SBM,ok
w01_100.5,rudy,100,495,643,8,5000,1,cuda:1,ok,643.0,0.49427461298182607,0.4940719020087272,0.4948666710406542,0.0,0.0,bede7b17497aaa9c1774e8e122db5cf3437c431a7b81b539dda7fad9d0587a0b,"[0.4948666710406542, 0.49427461298182607, 0.4940719020087272]","[643.0, 643.0, 643.0]",,ok,637.0,0.6707048479001969,0.6700533280381933,0.6755852570058778,6.0,0.9331259720062208,02b44fa9eb296a15b52672e2cb2aaf8e93caf16e417a4432c78670071e50081d,"[0.6755852570058778, 0.6707048479001969, 0.6700533280381933]","[637.0, 637.0, 637.0]",,ok,548.0,0.22094582801219076,0.22072337300051004,0.2606832089368254,95.0,14.774494556765163,7806625f013f6d9761dc572c873989b8b09da4965d320f75a9269c856ce578ab,"[0.2606832089368254, 0.22094582801219076, 0.22072337300051004]","[548.0, 548.0, 548.0]",,643.0,SBM,TRF,SBM,ok
w01_100.6,rudy,100,495,654,8,5000,1,cuda:3,ok,653.0,0.47189055394846946,0.4717177900020033,0.4723300840705633,1.0,0.1529051987767584,bc5cac51e07b70d6d281476e7183c1c570cb0e1c06014c5d5a5863ac5d081d58,"[0.4723300840705633, 0.47189055394846946, 0.4717177900020033]","[653.0, 653.0, 653.0]",,ok,593.0,0.6493019149638712,0.6476634599966928,0.650980822974816,61.0,9.327217125382264,1325016eb0f84e8a14e3f7313c2d33f0a9923f04edb9fdc1a22c520f4812bc2d,"[0.6476634599966928, 0.650980822974816, 0.6493019149638712]","[593.0, 593.0, 593.0]",,ok,578.0,0.21886466699652374,0.21858605998568237,0.2205720040947199,76.0,11.62079510703364,aa9d1a51de4d43b1e874474d1ab7224a42c75b00e0a2b77b92ff671c43b6d1e1,"[0.2205720040947199, 0.21886466699652374, 0.21858605998568237]","[578.0, 578.0, 578.0]",,653.0,SBM,TRF,SBM,ok
w01_100.7,rudy,100,495,725,8,5000,1,cuda:0,ok,725.0,0.7459378199419007,0.7435473490040749,0.7475158870220184,0.0,0.0,be58f4cd5777e64bd798b65afe6b1706aa72c54acf2e7f502a1be53b88c31992,"[0.7459378199419007, 0.7475158870220184, 0.7435473490040749]","[725.0, 725.0, 725.0]",,ok,697.0,1.0028205120470375,1.0021028649061918,1.0098345109727234,28.0,3.8620689655172415,6886b1f5b6611f4379701b3bef3ff1c58ef9e9ad8a5d685544a8d4c43bda104c,"[1.0098345109727234, 1.0028205120470375, 1.0021028649061918]","[697.0, 697.0, 697.0]",,ok,696.0,0.22214010101743042,0.22175236395560205,0.2824340939987451,29.0,4.0,7d4cfed13b760552b2801c3845f5a0457a393882cc4e64a674f1c87a22ed0ea4,"[0.2824340939987451, 0.22214010101743042, 0.22175236395560205]","[696.0, 696.0, 696.0]",,725.0,SBM,TRF,SBM,ok
w01_100.8,rudy,100,495,721,8,5000,1,cuda:5,ok,721.0,0.4717650059610605,0.4683075490174815,0.4721347370650619,0.0,0.0,b7124145fd4966b13ccc811b84e8a07d9a86c37708aa552d1f9f576e8a951cf9,"[0.4721347370650619, 0.4717650059610605, 0.4683075490174815]","[721.0, 721.0, 721.0]",,ok,709.0,0.6453164250124246,0.6447418270399794,0.6458860570564866,12.0,1.6643550624133148,8cb0898a41720c86c9494477658e9f7d6df6d3d30b912defb063d175c4c530b8,"[0.6447418270399794, 0.6458860570564866, 0.6453164250124246]","[709.0, 709.0, 709.0]",,ok,650.0,0.22060922102537006,0.22045919101219624,0.2506394339725375,71.0,9.847434119278779,8e89a0c0009473e493406ed00fdcb25e8fe7ef25a38c4e86386e48fb86e3becc,"[0.2506394339725375, 0.22060922102537006, 0.22045919101219624]","[650.0, 650.0, 650.0]",,721.0,SBM,TRF,SBM,ok
w01_100.9,rudy,100,495,729,8,5000,1,cuda:7,ok,729.0,0.47730352403596044,0.4773014470702037,0.47904058906715363,0.0,0.0,02b7f31172fd74583e839bbe5714a22168c87a708acd452db8d92fbe935948ad,"[0.47730352403596044, 0.47904058906715363, 0.4773014470702037]","[729.0, 729.0, 729.0]",,ok,719.0,0.6448644739575684,0.6443593580042943,0.6464303439715877,10.0,1.3717421124828533,d4cbd902ddba5df5397ddcaa21acc9ff8f936f923daa35d0233dd116be8351a6,"[0.6443593580042943, 0.6464303439715877, 0.6448644739575684]","[719.0, 719.0, 719.0]",,ok,629.0,0.21847154491115361,0.2183864660328254,0.2185998959466815,100.0,13.717421124828531,987ab57307c14e1ecd6e368ffb2c831704b2f36fe14ed9bb71e5e4d77e4b6273,"[0.2183864660328254, 0.21847154491115361, 0.2185998959466815]","[629.0, 629.0, 629.0]",,729.0,SBM,TRF,SBM,ok
w05_100.0,rudy,100,2475,1646,8,5000,1,cuda:2,ok,1646.0,0.49434726999606937,0.49286990403197706,0.49649040400981903,0.0,0.0,3da1b94d48a38f4e305c70ebab0587a6b945d27d7df6ff3d83f63229d9bb5659,"[0.49286990403197706, 0.49649040400981903, 0.49434726999606937]","[1646.0, 1646.0, 1646.0]",,ok,1049.0,0.6660398530075327,0.6641655779676512,0.6672499009873718,597.0,36.26974483596598,af0434183573f1a2cdd7cd93366fb3c46ef05860cb55668f62d9cfe9b5d0a330,"[0.6641655779676512, 0.6660398530075327, 0.6672499009873718]","[958.0, 958.0, 1049.0]",,ok,1342.0,0.224844872020185,0.22444322297815233,0.2549752979539335,304.0,18.469015795868774,cb1fc2d33436c7464e7a947a7534d35a2eec4fe01dde3c4b29b4050c74d96a71,"[0.2549752979539335, 0.224844872020185, 0.22444322297815233]","[1342.0, 1342.0, 1342.0]",,1646.0,SBM,TRF,SBM,ok
w05_100.1,rudy,100,2475,1606,8,5000,1,cuda:6,ok,1606.0,0.5015397230163217,0.5013765170006081,0.5026765010552481,0.0,0.0,699f09bd578124a0ee031d863f056ed04547b87bd24fe86432a2a3b5ea820151,"[0.5015397230163217, 0.5026765010552481, 0.5013765170006081]","[1606.0, 1606.0, 1606.0]",,ok,1040.0,0.6835017380071804,0.6825694190338254,0.684974453994073,566.0,35.24283935242839,212c23988a8692322a2d9e44b625e1db96cc85ed2a49c9d89d05f236f65fc114,"[0.684974453994073, 0.6825694190338254, 0.6835017380071804]","[847.0, 944.0, 1040.0]",,ok,1318.0,0.2236156170256436,0.22340740205254406,0.27021167997736484,288.0,17.932752179327522,10df440bce7b6482bda01c8a53d26c5322e4c41aa855a088516c82b59ba8285a,"[0.27021167997736484, 0.2236156170256436, 0.22340740205254406]","[1318.0, 1318.0, 1318.0]",,1606.0,SBM,TRF,SBM,ok
w05_100.2,rudy,100,2475,1902,8,5000,1,cuda:4,ok,1902.0,0.49140578997321427,0.4900076249614358,0.49179071898106486,0.0,0.0,19ffd8048e533df866d19162921302eba8641e33b942f2902f032a16fc997375,"[0.49179071898106486, 0.49140578997321427, 0.4900076249614358]","[1902.0, 1902.0, 1902.0]",,ok,1270.0,0.6644230039091781,0.6628500239457935,0.665877096937038,632.0,33.22818086225026,988bc32ae4adc4046a47e7cdd16b7adefb4171bf2452d5620708e6b4a23c565f,"[0.6628500239457935, 0.6644230039091781, 0.665877096937038]","[1270.0, 1193.0, 1110.0]",,ok,1643.0,0.22056920093018562,0.2204537329962477,0.22063068905845284,259.0,13.617245005257624,6843af4b2a46bd2644f7fd937b2d27c398679c0b7a6d4953b5e6bdf18d67d3be,"[0.2204537329962477, 0.22063068905845284, 0.22056920093018562]","[1643.0, 1643.0, 1643.0]",,1902.0,SBM,TRF,SBM,ok
w05_100.3,rudy,100,2475,1627,8,5000,1,cuda:1,ok,1627.0,0.4963252670131624,0.4962223300244659,0.4970595929771662,0.0,0.0,78f3efe93625b4549fa46454e040a131f492200b26446b4fdbaa8de6e7a12e0a,"[0.4962223300244659, 0.4963252670131624, 0.4970595929771662]","[1627.0, 1627.0, 1627.0]",,ok,1108.0,0.6738968619611114,0.6721950959181413,0.6744723030133173,519.0,31.89920098340504,57d3099836e031e6446739888d68b372aafae0d82356860dc9afffc169631c43,"[0.6738968619611114, 0.6744723030133173, 0.6721950959181413]","[1101.0, 1059.0, 1108.0]",,ok,1403.0,0.2358421829994768,0.22693413903471082,0.25132000097073615,224.0,13.767670559311616,c938d5738bd9a57e249d744ca1c6740ff59f80aedfe57a03a4208b053cd580fe,"[0.25132000097073615, 0.2358421829994768, 0.22693413903471082]","[1403.0, 1403.0, 1403.0]",,1627.0,SBM,TRF,SBM,ok
w05_100.4,rudy,100,2475,1546,8,5000,1,cuda:3,ok,1546.0,0.47150578000582755,0.4713066950207576,0.47193734301254153,0.0,0.0,9e280c9ef339233b258592a09e737b2a18dd2522017bfdb91f8c22fdc917d97a,"[0.4713066950207576, 0.47150578000582755, 0.47193734301254153]","[1546.0, 1546.0, 1546.0]",,ok,1011.0,0.6511742690345272,0.6505390179809183,0.652477117953822,535.0,34.605433376455366,8a7a0f5f0729efde5ed72773d0ba42caad1484ffcca6c7279836797a9b70a382,"[0.6505390179809183, 0.6511742690345272, 0.652477117953822]","[1011.0, 998.0, 848.0]",,ok,1353.0,0.225012275041081,0.224630641983822,0.26709946896880865,193.0,12.483829236739973,fa286c432836082f0065938e43e470641007a9536a73c96a4508f8f4ae801d95,"[0.26709946896880865, 0.225012275041081, 0.224630641983822]","[1353.0, 1353.0, 1353.0]",,1546.0,SBM,TRF,SBM,ok
w05_100.5,rudy,100,2475,1581,8,5000,1,cuda:5,ok,1581.0,0.4728460980113596,0.472607912030071,0.47573786007706076,0.0,0.0,2afd8589cfc95da9b6b4e286969a7804c6f615bfa6b4c91f6d795c248f11e797,"[0.472607912030071, 0.47573786007706076, 0.4728460980113596]","[1581.0, 1581.0, 1581.0]",,ok,992.0,0.6452530139358714,0.6430994359543547,0.6461001549614593,589.0,37.254901960784316,5270a1fd8137ffec91096db6e2cb7140d87e738aa3933cf4b9473ec9698d819a,"[0.6461001549614593, 0.6452530139358714, 0.6430994359543547]","[960.0, 992.0, 943.0]",,ok,1395.0,0.22512060299050063,0.2248378839576617,0.23408454610034823,186.0,11.764705882352942,01967baa84a8e510c79b30bdac705ab176b5779ee581412e974f05896794c1d1,"[0.23408454610034823, 0.22512060299050063, 0.2248378839576617]","[1395.0, 1395.0, 1395.0]",,1581.0,SBM,TRF,SBM,ok
w05_100.6,rudy,100,2475,1479,8,5000,1,cuda:7,ok,1479.0,0.4789776689140126,0.47840145300142467,0.48018024407792836,0.0,0.0,7436b034630e5965f5d3391f9918915f53dcb90a4cc89edd8fba1ec6398ef39c,"[0.47840145300142467, 0.4789776689140126, 0.48018024407792836]","[1479.0, 1479.0, 1479.0]",,ok,836.0,0.6472388410475105,0.6466982819838449,0.652956101926975,643.0,43.475321162947935,88e74b7c0fa43b4cac201a7dadffd58bbb74f7cf6f57c0e6bfb43f85e94490ee,"[0.6466982819838449, 0.6472388410475105, 0.652956101926975]","[686.0, 836.0, 826.0]",,ok,1095.0,0.22519130900036544,0.2250090129673481,0.24692268494982272,384.0,25.963488843813387,ea46ba3ac704d562b9deb0711f77d2e786d828128731814d258acf00d8216797,"[0.24692268494982272, 0.22519130900036544, 0.2250090129673481]","[1095.0, 1095.0, 1095.0]",,1479.0,SBM,TRF,SBM,ok
w05_100.7,rudy,100,2475,1987,8,5000,1,cuda:0,ok,1987.0,0.7489343460183591,0.7428354979492724,0.7492912630550563,0.0,0.0,b85a322a7f0b8f7fde2330afd5d59ffabb048d5c1c9d7fd7d4120b5aed736f88,"[0.7428354979492724, 0.7489343460183591, 0.7492912630550563]","[1987.0, 1987.0, 1987.0]",,ok,1267.0,1.0039928199257702,1.0033022579737008,1.005764083005488,720.0,36.23553095118269,d5d6b5cd19aff256b0a5024f153570bff6531719ef88e6d6c7ab6ae1040717de,"[1.005764083005488, 1.0039928199257702, 1.0033022579737008]","[1267.0, 1176.0, 1254.0]",,ok,1771.0,0.22811243799515069,0.22695612895768136,0.2580401300219819,216.0,10.870659285354806,a089fb36e841ae24c9b4bfccef142dd1d012f2233e7f61a0c2d89ef648389ab7,"[0.2580401300219819, 0.22811243799515069, 0.22695612895768136]","[1771.0, 1771.0, 1771.0]",,1987.0,SBM,TRF,SBM,ok
w05_100.8,rudy,100,2475,1311,8,5000,1,cuda:2,ok,1311.0,0.491590908030048,0.4884797380072996,0.4940782169578597,0.0,0.0,f0b6585b87308c4bdeca268ea8169812afe5e45ae42f3d9a2325ed8d85430e93,"[0.4940782169578597, 0.491590908030048, 0.4884797380072996]","[1311.0, 1311.0, 1311.0]",,ok,747.0,0.6648270280566067,0.6646771340165287,0.6669229060644284,564.0,43.02059496567506,38500932cd8e9ce66b4bb6c6dec3794d78f635e90510465553ab15de24780eba,"[0.6646771340165287, 0.6669229060644284, 0.6648270280566067]","[747.0, 746.0, 718.0]",,ok,1132.0,0.22340259398333728,0.22296093800105155,0.23282803792972118,179.0,13.653699466056445,71ca7774d2cd9ebb3a006d103ac8fc1cdb389ee631376278d852ab305846436f,"[0.22296093800105155, 0.23282803792972118, 0.22340259398333728]","[1132.0, 1132.0, 1132.0]",,1311.0,SBM,TRF,SBM,ok
w05_100.9,rudy,100,2475,1752,8,5000,1,cuda:4,ok,1752.0,0.49504331196658313,0.49243181105703115,0.4952428120886907,0.0,0.0,b6dbade38b9b47f860c8cae585e13d25a11ac1f2030198a567673c9899daf68d,"[0.4952428120886907, 0.49243181105703115, 0.49504331196658313]","[1752.0, 1752.0, 1752.0]",,ok,1001.0,0.6642559609608725,0.6597385420463979,0.6655034050345421,751.0,42.86529680365297,3d691ed42073c49c85f396690eb2f5d18230c4bac6aae2745855ebca66dbe3ec,"[0.6597385420463979, 0.6642559609608725, 0.6655034050345421]","[960.0, 983.0, 1001.0]",,ok,1422.0,0.22061656299047172,0.22007864399347454,0.24039211391936988,330.0,18.835616438356166,efa5416c9b64e07740162ffd39f4fc487cb110073b113402c802c1c7d235c05f,"[0.24039211391936988, 0.22061656299047172, 0.22007864399347454]","[1422.0, 1422.0, 1422.0]",,1752.0,SBM,TRF,SBM,ok
w09_100.0,rudy,100,4455,2121,8,5000,1,cuda:6,ok,2121.0,0.5068023939384148,0.5024450391065329,0.5075482990359887,0.0,0.0,28aac9e5d3cc562d6843f780b7c63a0e2397f9b690e21865760a05b4e31df527,"[0.5024450391065329, 0.5068023939384148, 0.5075482990359887]","[2121.0, 2121.0, 2121.0]",,ok,1104.0,0.6849939660169184,0.6832771530607715,0.6901684360345826,1017.0,47.94908062234795,d30496f96b2307b7cfed1d587922967c97e98dc5541e85905c78cf05b3228b45,"[0.6832771530607715, 0.6849939660169184, 0.6901684360345826]","[926.0, 971.0, 1104.0]",,ok,1741.0,0.22808971104677767,0.22759510204195976,0.2592443668982014,380.0,17.916077322017916,7aa790831d7c73aec1a7aae6afd8336545b431e2722e5d69bdad59419e09f003,"[0.2592443668982014, 0.22759510204195976, 0.22808971104677767]","[1741.0, 1741.0, 1741.0]",,2121.0,SBM,TRF,SBM,ok
w09_100.1,rudy,100,4455,2096,8,5000,1,cuda:1,ok,2092.0,0.4971126759191975,0.49489640700630844,0.5062773679383099,4.0,0.19083969465648856,4e2aa11954722a4580fe567513f721849bbf6b482b73153f3f5375999af57cc4,"[0.5062773679383099, 0.4971126759191975, 0.49489640700630844]","[2092.0, 2092.0, 2092.0]",,ok,1153.0,0.6739496299996972,0.6704630409367383,0.6765776380198076,943.0,44.99045801526717,c12fa8577a7850385cf7e76297b2ce8b8aae8d53efb71a5adc9886a3416189d7,"[0.6704630409367383, 0.6765776380198076, 0.6739496299996972]","[1126.0, 953.0, 1153.0]",,ok,1766.0,0.22981544095091522,0.22889937192667276,0.22991890797857195,330.0,15.744274809160306,ad1d691593288c8a1139c05922235ca599d4c56cc1d18c46820d6d91747fbd1f,"[0.22889937192667276, 0.22981544095091522, 0.22991890797857195]","[1766.0, 1766.0, 1766.0]",,2092.0,SBM,TRF,SBM,ok
w09_100.2,rudy,100,4455,2738,8,5000,1,cuda:3,ok,2738.0,0.4742205609800294,0.4739933260716498,0.48075464204885066,0.0,0.0,0d27e0f60f27e1c2705806a567f27c8e3a40346b1ea66c8a9f294d06370baff8,"[0.4739933260716498, 0.48075464204885066, 0.4742205609800294]","[2738.0, 2738.0, 2738.0]",,ok,1836.0,0.6519386699656025,0.6495681370142847,0.6567039130022749,902.0,32.94375456537619,c03117371d959ac58d9dca9dbd6699364cadd146b43a5349abcee1a08891d7c5,"[0.6495681370142847, 0.6519386699656025, 0.6567039130022749]","[1836.0, 1563.0, 1487.0]",,ok,2323.0,0.22796199098229408,0.2279240929055959,0.25951880402863026,415.0,15.157048940832725,3192951f1d764e854464df5994a3081ac7b48d012986bf984b1ac58bb1e609b4,"[0.25951880402863026, 0.2279240929055959, 0.22796199098229408]","[2323.0, 2323.0, 2323.0]",,2738.0,SBM,TRF,SBM,ok
w09_100.3,rudy,100,4455,1990,8,5000,1,cuda:5,ok,1990.0,0.4749180000508204,0.47192467004060745,0.47562117397319525,0.0,0.0,33319d79ce58f81abcaeb0d5e51531beb815f9f046a1b2dc237fd0ca6a78efd0,"[0.4749180000508204, 0.47562117397319525, 0.47192467004060745]","[1990.0, 1990.0, 1990.0]",,ok,995.0,0.6458420529961586,0.642557137995027,0.6462683199206367,995.0,50.0,04be92ada965fe4c09f4028202a2501ae414c0b76066dbea63039043bedba593,"[0.6462683199206367, 0.6458420529961586, 0.642557137995027]","[995.0, 949.0, 853.0]",,ok,1622.0,0.23103533603716642,0.23061981797218323,0.24200590304099023,368.0,18.492462311557787,441074cddc8bc0addc9368ada8e3ccc3bd5646415ccb80450519c9847dd75903,"[0.24200590304099023, 0.23103533603716642, 0.23061981797218323]","[1622.0, 1622.0, 1622.0]",,1990.0,SBM,TRF,SBM,ok
w09_100.4,rudy,100,4455,2033,8,5000,1,cuda:7,ok,2033.0,0.4799799310276285,0.4791959250578657,0.48383940500207245,0.0,0.0,9f4196624f950ff8f039cf6f6434bddefc4bd968c5b065c9f973ac6d3e70d7d6,"[0.48383940500207245, 0.4799799310276285, 0.4791959250578657]","[2033.0, 2033.0, 2033.0]",,ok,991.0,0.6467495920369402,0.6452131059486419,0.6477260780520737,1042.0,51.254303984259714,71493e1a49da50cce1dded00b51b0e9d2ac2df6bd2c2aba3591980cf3ae63c5c,"[0.6452131059486419, 0.6477260780520737, 0.6467495920369402]","[969.0, 822.0, 991.0]",,ok,1568.0,0.22818032396025956,0.22786149103194475,0.22851437598001212,465.0,22.872602065912446,c20306addd15036034dab5fd23a1a9d09e0fc0faf6fda2c39944e965d50c45d0,"[0.22786149103194475, 0.22818032396025956, 0.22851437598001212]","[1568.0, 1568.0, 1568.0]",,2033.0,SBM,TRF,SBM,ok
w09_100.5,rudy,100,4455,2433,8,5000,1,cuda:2,ok,2433.0,0.49725846003275365,0.49588241789024323,0.4980308199301362,0.0,0.0,64ec2043b3af31893ad801368b55228eca9b8e15731d256a8c09454ba4f3528e,"[0.4980308199301362, 0.49588241789024323, 0.49725846003275365]","[2433.0, 2433.0, 2433.0]",,ok,1219.0,0.6659093670314178,0.6655334261013195,0.6673550279811025,1214.0,49.89724619810933,1f31fc67721b307ac30a3ae8140e82549be68f601219798cfff6f6dd6d856913,"[0.6655334261013195, 0.6673550279811025, 0.6659093670314178]","[1136.0, 1219.0, 1092.0]",,ok,2048.0,0.22712358296848834,0.22700396296568215,0.263653349946253,385.0,15.824085491163173,317ae530eb97a407f293c855b1cf6425d74ffae12d5d401d0b8ed1fcc01a78d9,"[0.263653349946253, 0.22712358296848834, 0.22700396296568215]","[2048.0, 2048.0, 2048.0]",,2433.0,SBM,TRF,SBM,ok
w09_100.6,rudy,100,4455,2220,8,5000,1,cuda:4,ok,2220.0,0.49049991194624454,0.48944787005893886,0.4927651210455224,0.0,0.0,e2e9134142947dfe2d8fb735706eca577402867ea9e27e11243a4a5f52110ede,"[0.4927651210455224, 0.48944787005893886, 0.49049991194624454]","[2220.0, 2220.0, 2220.0]",,ok,1208.0,0.6636567090172321,0.6600847180234268,0.666572057059966,1012.0,45.585585585585584,06358d1d9e28a60663985fe7e7c8d7ff2c918ac83fbc6a46e34e5761d030cd31,"[0.6636567090172321, 0.666572057059966, 0.6600847180234268]","[1208.0, 1111.0, 1116.0]",,ok,1760.0,0.22472435294184834,0.22413628501817584,0.2572070190217346,460.0,20.72072072072072,1939dd928aa9402306bb5da7e37336014014fde936c19dcfd6707dcbb3733bfb,"[0.2572070190217346, 0.22472435294184834, 0.22413628501817584]","[1760.0, 1760.0, 1760.0]",,2220.0,SBM,TRF,SBM,ok
w09_100.7,rudy,100,4455,2252,8,5000,1,cuda:6,ok,2252.0,0.5030257679754868,0.5027961689047515,0.5034163959790021,0.0,0.0,ae394fcf1c9bfb253e6dbef3f713df488e99f3f21ac9caee1030277a6ab3fb7b,"[0.5027961689047515, 0.5034163959790021, 0.5030257679754868]","[2252.0, 2252.0, 2252.0]",,ok,1225.0,0.6819219440221786,0.6810031209606677,0.6828062059357762,1027.0,45.60390763765542,7b5ba0b464f371106374c3cc0a345b4da45c3a474a9a763853d537f8e13c9262,"[0.6810031209606677, 0.6828062059357762, 0.6819219440221786]","[1167.0, 1225.0, 1167.0]",,ok,1956.0,0.22717242897488177,0.2270098179578781,0.24203103594481945,296.0,13.143872113676732,b5e22f7a1e5374844b2406c6c5f311f55ef32d8c8e0e2476aeeeb46083f52bd0,"[0.24203103594481945, 0.22717242897488177, 0.2270098179578781]","[1956.0, 1956.0, 1956.0]",,2252.0,SBM,TRF,SBM,ok
w09_100.8,rudy,100,4455,1843,8,5000,1,cuda:1,ok,1843.0,0.4988837690325454,0.498178864014335,0.5002149939537048,0.0,0.0,f970e6a565e4542ccdc9cdaf9c1a2061180e3f551409cacec2f1c2c4bb8b3d70,"[0.498178864014335, 0.4988837690325454, 0.5002149939537048]","[1843.0, 1843.0, 1843.0]",,ok,967.0,0.6729895260650665,0.671642879024148,0.6734461089363322,876.0,47.531199131850244,8178632bf3b09707bf019bc2673dd6534c51ee65a5f6bca2204642b444af0696,"[0.671642879024148, 0.6734461089363322, 0.6729895260650665]","[801.0, 967.0, 520.0]",,ok,1600.0,0.24383674596901983,0.23040194401983172,0.2522709199693054,243.0,13.185024416711883,d84c0498c18f1f28b1af6cf3b0a0096f335d7150bb7a0d8f60d43fb2099e9173,"[0.2522709199693054, 0.24383674596901983, 0.23040194401983172]","[1600.0, 1600.0, 1600.0]",,1843.0,SBM,TRF,SBM,ok
w09_100.9,rudy,100,4455,2043,8,5000,1,cuda:3,ok,2043.0,0.4726290999678895,0.47258678695652634,0.47348419192712754,0.0,0.0,5cfb0ad244f997f948e1d8b09a0c0d1bd7fbd59b49a8e12413d4b662d74f1e5b,"[0.4726290999678895, 0.47348419192712754, 0.47258678695652634]","[2043.0, 2043.0, 2043.0]",,ok,1017.0,0.6494773980230093,0.6478944650152698,0.6500443619443104,1026.0,50.220264317180614,7f0d50dfdc5223129db2004413ce6396a397da9aa85b19578e5c48b6d364783c,"[0.6500443619443104, 0.6494773980230093, 0.6478944650152698]","[1017.0, 760.0, 991.0]",,ok,1698.0,0.22932699997909367,0.227516459999606,0.23997128196060658,345.0,16.886930983847282,9c9540cb307950fdd518109cb5c6e8e337f4209ae85fe9643dfd08495aa1efb7,"[0.23997128196060658, 0.227516459999606, 0.22932699997909367]","[1698.0, 1698.0, 1698.0]",,2043.0,SBM,TRF,SBM,ok
